coinc_event_id	runtime	distmean	diststd	log_bci	log_bsn	area(50)	area(90)	prob(10)	prob(100)	dist(50)	dist(90)	vol(50)	vol(90)
0	4.286488394020125	553.3558327383969	194.8097585098272	4.889565892754102	5.496516499507297	161.13504080675943	1497.168572156943	0.08424387779029899	0.397362022255481	257.8853779380017	648.8016037470694	7419869.836511145	128446494.92224905
1000	4.549897099961527	1037.74901531056	320.096915512504	9.154362850104981	0.5837669597434934	294.6548506474433	2916.817446420604	0.061966667991158186	0.31461043991423027	436.50394872385436	1054.5253532183374	90472581.64938189	1431242165.4454706
1001	4.29903535998892	1145.605077976374	353.2037199035395	7.178244799033042	-1.542251460915132	1102.5799521408085	16033.40341823822	0.05195694599062312	0.21172298273812654	485.726225278175	1162.939789378559	448776418.97419405	10071336155.053066
1002	4.317487102991436	373.0067487470753	101.231595053682	11.94843842334067	46.08299986917499	16.32449528264634	482.0474432750138	0.3846519501047689	0.7157253296862526	122.09048138794645	332.83111228299515	164603.108075947	9330252.409805432
1003	4.698398209991865	775.5577274185373	270.9745414176248	8.675198592211414	4.633956836788277	155.27788112619012	744.7416560305952	0.04916328899858145	0.37136682771476515	366.46942809610016	889.0904972715737	19606595.70455895	165873136.33107555
1004	4.417425973981153	876.9566224492371	316.5902357313832	8.158082033888313	0.725308072348227	50.249606452390935	2361.6480736000344	0.17989254620777495	0.609545982868007	408.81451806283746	1035.8828900515932	9148554.756796187	901700674.6909119
1005	4.789443271991331	700.6372980375679	174.6055142181769	14.62190341185076	22.56215049608812	8.28511890802483	48.522449341063826	0.5583939945510685	0.969286721346006	234.2891395753653	574.400581284046	685763.4922558556	5393980.372757799
1006	4.68843687302433	45.99831181528769	11.68470566615929	21.54677508371827	1581.204475733078	0.3520818467204073	1.0636055993614038	0.9999999992307612	0.9999999999999917	20.409650266896932	34.810712121759686	4.166246905891481	19.50087392520723
1007	3.484137831022963	433.2996227718895	97.75035097042007	5.594809166411721	36.13760902408453	36.08448701958178	140.98076415439186	0.18512985721494296	0.817224248160406	129.63914110229905	320.00551637875327	635190.0053442646	3201420.793902511
1008	3.336224528029561	2010.998848245691	521.1190524609079	7.240384964122157	-2.930815275775828	4768.968650838726	28134.396229405866	0.018958654793976775	0.0897444903922885	702.0120241425991	1718.2402970402516	9695166986.015303	67022471387.61401
1009	4.056505001964979	866.6823868819304	284.6852061333784	4.639529112515387	1.977558034316381	1618.633172602728	8371.338312169475	0.010739929026353356	0.08061765371667308	387.04123311135754	939.3833701909363	301766609.94796985	2339992686.378653
100	4.469842627993785	1274.527162880713	338.2765076893204	7.053209473264317	-1.733610600007499	818.3744633344238	17133.377580214757	0.029420355270961766	0.1683784332474419	461.8250656122268	1114.1277578969448	463367598.80236524	12082192464.226534
1010	4.696750377013814	843.9332349413639	289.324289135986	11.24940658639909	7.661174255842147	280.3586288149213	1038.8066299731229	0.0368756598851629	0.24746710678315384	394.51749242732456	952.437042609866	43317116.438656926	280528646.0043198
1011	4.186915318015963	891.4590380159109	281.5310985490354	5.639572446627797	2.505397996078079	154.93760465830306	2456.1831308440414	0.06341088162879376	0.4052286051887367	376.1396035166995	924.1195556280891	30485985.247457094	806057628.9497248
1012	4.4043312179856	629.9336050822075	178.1729007416262	9.473779778378322	4.650184407148324	8.823145763554155	42.94395370369259	0.5373277689406468	0.9458866904028085	230.67674105791258	573.7486095081185	528520.807360139	4493005.912114631
1013	4.100394958048128	574.7339762490686	155.8695398587291	11.11497432639926	23.93617589780493	13.68561054567684	165.25384439491947	0.4282943343867252	0.8338781301309782	207.2415252516056	513.037877179359	648573.3363807852	12075523.561378598
1014	4.535361521004234	1111.756075254139	345.6982733735391	7.083247218323619	-2.158384728732673	1946.6880181582467	15169.062093647177	0.0061406873948238305	0.05284362207168979	477.4165697242439	1137.8492938462005	716306760.913665	9105180388.463184
1015	4.570962511003017	1291.354788559672	335.4342033705988	10.03290593022033	0.3485914532878537	638.283408716195	2723.452907999475	0.012635239084244337	0.11616157785067725	454.68511566817506	1104.4883219205392	335768777.07275903	2128550505.3162258
1016	4.129966748005245	896.4686467633542	317.8980888511083	4.857444194224051	0.8763405438905845	360.24316636008655	5385.332343451585	0.03167275907568456	0.2411840861947388	428.07845642301936	1050.7744645605896	75430424.66311248	1929318887.6658952
1017	4.426466813019942	1074.883870720706	341.90875959238	9.88233232761332	2.624919886279637	332.12700231555976	2163.0992081875247	0.0410756637941571	0.2556983377059204	464.34874018354003	1142.9479954794547	113910491.13813409	1197117831.5059795
1018	4.415146921994165	147.5674063094844	25.50496948177128	15.69287437102255	295.5661205077789	2.4932359890541544	9.825498363466478	0.9030000749159296	0.9998555616025941	34.021309618985555	83.83113707358773	1397.4782293473102	7380.123857493047
1019	4.43348247196991	343.7536168941716	77.1273284881232	24.56385848670993	47.03341513227081	1.2867708865083434	4.680433971263357	0.9856945389686359	0.9999999416726548	104.2800565278165	253.87605495837116	11362.074173462985	57630.623705219514
101	3.409903899999335	386.1688231001855	139.9135333051914	3.658906276760328	14.26255430294971	121.61606547563986	791.9789337924127	0.0633953263963372	0.43874227423106066	161.91651107186465	456.35746641694493	1341295.865225338	22877052.343634117
1020	3.692127729009371	358.5558653610881	153.9541709745033	4.313712308251677	10.1254505579884	100.96418232106807	694.4361274575891	0.07703646563059972	0.4971526761840105	161.4600063521995	494.1466401256862	812810.112097587	19196733.130336847
1021	4.573095733008813	1241.3188097617	334.1009543739897	10.60130909132882	1.572824975192717	378.6312955418051	1529.9688117710505	0.03569107981058574	0.20016722427720143	452.78206638061397	1100.2914885230143	181835903.68172774	1054587643.4273833
1022	4.191999520990066	831.835459643831	271.4042405518969	9.310733456662183	9.567958006697415	454.5604336670923	1642.804907186957	0.01927466243098133	0.15638535448387747	376.64746504744676	891.9647890527192	71248304.58307444	305504528.0595071
1023	4.244033884024248	616.6790467678754	180.4756454826558	9.496109620173737	18.72041093615994	241.51619494393654	1036.5103046412448	0.03560281950512247	0.279870295148863	246.32893726368349	593.6008958825378	15248628.314116703	79517021.62393211
1024	4.809589699958451	604.8474546413423	173.4717594093056	9.68437213236517	13.19583425671589	35.95960561578545	195.0246150134783	0.19806230663508573	0.7942650270464492	229.5330210034013	567.3995300296793	2023177.721931286	15622610.452191684
1025	4.581738241016865	976.837419092179	296.7674313040285	11.78702201209131	5.91037825308607	96.6468488053929	826.4101073478917	0.1332618987629282	0.5075304815123091	399.8355708672183	977.711202699501	25840037.897984263	313811933.3395708
1026	3.764282157004345	927.8797316743311	312.0175217730046	6.944377322766087	1.330713683306413	84.28780277574774	3005.3187276085287	0.12684530562401977	0.5277652263913355	422.03779495432195	1027.079896665668	16078063.446134403	1254922594.2973003
1027	4.750238890002947	756.7160631806162	227.7381943999388	12.57165006204402	14.80317101151914	116.06721733888007	498.24960375985194	0.10573285319623338	0.4575077119920201	305.3103725809584	749.8844561103598	13213717.81160239	82889885.6041704
1028	3.933040404983331	477.2851552555709	139.0701888047873	7.057415861847285	5.560363444892899	5.3741476039530784	23.718882358303294	0.7038512556930795	0.9575789557103556	165.76367362903204	421.3134113805088	127642.52946110051	943285.0110732785
1029	3.726008906960487	382.2726061877083	192.5859800606084	5.116343485226448	1.954734323854045	47.37997221290232	263.30662370307624	0.14854513662591554	0.7236986941228964	163.6072857648237	562.8207310903122	498528.84817232256	6908046.009502835
102	3.525916279002558	452.0864116959407	134.6191276100363	3.733910911553757	15.61489489630278	87.03319038704365	429.7325998367587	0.08168066318079621	0.5444170405522579	180.0939615339655	441.165759115441	1742416.7581625213	13921001.456068013
1030	4.015256505983416	894.0341564942996	309.3644153853833	4.372934881727078	1.30388245358006	235.53237802592201	2367.4359248355977	0.04305816413299263	0.300462194896833	417.5438654094887	1017.9921995064058	48909545.92701357	769700057.3108875
1031	4.588552314962726	295.4850982213767	46.34055461719913	25.50255456202108	110.8209063697051	1.4551630473220076	4.925963339011824	0.9897866391157696	0.999999999998036	62.087409133905055	152.1870553091588	5901.851192234027	26996.994663605983
1032	4.14890347304754	1503.097762902692	317.7864058848161	7.965563950522129	-3.603293001122377	10655.116013580697	31342.901448828383	0.0032619342024896216	0.020110591436436426	424.0644535722188	1044.8735328814219	7314272168.974429	25657534301.14867
1033	3.948764047003351	948.0582290012076	301.5688727891524	4.103759978312588	0.9234843833518804	2527.2628015092414	10508.782503623986	0.003830950493561893	0.03424290214314161	409.5482430346992	992.3113640537496	597963673.2159476	3691678984.9694767
1034	4.490969968028367	844.3202682731032	304.2995292324081	9.590684826491989	0.8292931052420465	36.90565592078717	1174.847670192926	0.23167712622686412	0.7115864073255995	378.1833181330445	1006.1658968957905	4770564.5728491675	521572651.48731226
1035	4.299468884011731	531.0054096304683	142.3456094652913	11.70329567548522	40.53164285558181	207.81601419423086	758.9122137774514	0.03563930395531975	0.2913397906870123	193.23972214058006	468.7636789090682	8073907.867734901	34601330.81304612
1036	3.685440107947215	295.8117897663169	82.16950334722469	1.163704598412984	52.97289051830143	1172.0855163790716	5873.857448562844	0.009514135183488653	0.08210572537464408	111.37610718265788	270.60887687108817	7645940.166086783	45057043.37114064
1037	4.74754574598046	833.0058721788038	232.4205567139063	12.33624986817573	11.50872686366278	62.736691385327056	483.8037012677102	0.12487488209573314	0.6390549316883682	312.6351335311052	764.2093483615555	9267709.14548866	102398935.22508529
1038	4.008995170996059	1247.469105069465	326.8768086938392	6.923963587618963	1.465753862777773	650.5982089912953	2809.4704703217294	0.026053442351378506	0.14744547396823254	441.624071328685	1075.951188649938	317489212.7144156	1907609762.5624099
1039	4.289266976004001	929.9609061817122	308.8649101875705	5.218836242558737	1.590826940097013	1547.6309187082416	9676.316709481067	0.0211625690698826	0.1439592137680485	418.55860446726274	1015.9335547099246	349362320.39361984	3344742763.483921
103	4.584073186968453	561.8751153270026	136.7710889887821	15.158454893539	11.5621241881435	14.624165333701795	62.80317642866661	0.38437320856891083	0.9469857926486194	181.13305639573508	445.8665571694566	574370.1904541854	3769429.7718839934
1040	4.625878008955624	1135.655403022625	325.3452135953443	8.487484426405882	-0.9835321040222551	1066.0717416243522	12690.355948375658	0.059576373119868735	0.2159359986912072	445.2773076057805	1071.8082843879185	420994606.92245543	7472034207.192211
1041	4.141740894992836	790.7686903161095	261.2748142769395	5.773202278367382	3.982848730137008	138.0451835680001	1363.7238017172883	0.11623422132777764	0.43163708512156584	343.8396913575216	864.9205148901056	19791650.839812614	295462608.33621
1042	4.670044752012473	572.648106203543	141.9010604996208	16.54480988945947	31.06247577726552	5.091363087428774	27.896883311362295	0.6655843954175832	0.9857316561382585	190.2076621350285	467.9845662100011	234693.02214442674	1489527.8027750675
1043	2.553579247032758	281.9926846171061	80.59185025449737	8.540351657950268	95.10301295396388	188.8808215509536	627.1946131047082	0.04069822184399516	0.3122755562881494	109.34877556630221	265.1942940741149	739132.0809267972	3819464.4289645804
1044	1.939445046009496	468.7846142747998	170.5495732619798	-0.00032554624660363	14.33017936474749	8741.528616968797	25387.746360604433	0.0007517678060256802	0.007496497368351669	237.99702330815984	557.4451547728007	261751447.00230557	723336518.0061424
1045	3.639158417994622	851.531831454318	327.8330037564858	4.497845551238202	-0.4177544015438759	294.4761841076932	2099.4917999480354	0.03642519448889778	0.2615981344647454	436.8469862292785	1075.3845154372425	45326964.58282579	807361688.935028
1046	4.137356958992314	914.8449426237962	291.9144088846808	8.792933144508641	5.627002231899882	582.8440008028319	2133.219390620311	0.018421846902302707	0.13167946342742756	402.09012120041393	961.7788135367517	122329086.80782908	554538473.0664455
1047	4.526251999021042	1230.322827047296	327.3788704940465	11.14157243431269	1.702734448231237	265.2663913890504	1806.672188029074	0.04003865124851732	0.2645072147808393	444.4160453622401	1078.0847263876335	129808569.97522411	1191018267.2919965
1048	3.960770087956917	507.6754226756705	143.5681721199862	7.427261927473017	12.89944057952359	41.76515380493593	190.90343964527455	0.17350951515005114	0.7610056746538324	190.00441770801382	469.62700822462864	1293991.035258551	9380411.962684251
1049	4.177651695034001	649.4679449940497	214.4720751707473	4.954156196673396	7.585403842868847	124.67175112447156	965.4004038500489	0.06331475056877078	0.4451620270212566	286.8667273626193	705.0309717768064	10134210.698573934	101912685.2450127
104	4.431106175994501	810.691430262264	268.3204613908046	10.45478652178394	0.9875180109757431	33.22045397946569	925.58215804343	0.2432558448195487	0.7044330009103885	354.9560441777803	883.0130009516527	4533491.109288709	268576552.3671428
1050	3.861454382014927	117.6509270761038	21.30397281428761	23.85577724900319	337.5016934318485	0.24277152402763286	0.8272178353895656	0.9999999888546846	0.9999999999999922	28.700869346816148	70.06971789922848	71.78473456259684	328.63235532117545
1051	4.494582855026238	1302.74147618391	310.7704046946965	7.81337253217073	-1.476638173170999	2214.247773490596	16644.201353123128	0.0068419359320268935	0.05848359272866244	418.79061664763867	1022.8322403496622	1187059853.0998778	11115059880.157576
1052	3.951195461966563	377.6273793519559	126.5388786455031	2.633639653431548	21.6380432794429	416.93600752719516	7890.544554122626	0.03584059949798533	0.23176806916697962	168.5293967103596	413.2970749681233	4639979.486444066	179975161.51581717
1053	3.912089679972269	607.7631030475784	190.7062491127784	6.833737110575298	4.265742901745553	148.52725616848602	582.4072879595265	0.0497949095907581	0.37933076732155135	249.1995333242819	617.6041720572307	7969292.330539127	55487203.11362534
1054	4.068811518023722	536.8157303742142	107.4803219325419	12.93668445541578	42.47312573251022	2.4291394291806383	9.657844814897704	0.905828375314784	0.9957532102126202	142.9537928445323	351.77689625797285	74126.46100388675	410691.0250288024
1055	4.524841255042702	977.7283045992211	299.8794855661164	10.68017277609794	0.6025891946393318	123.82255850135593	1073.0892798100103	0.06647345758306279	0.4377976570935538	402.95993068552116	987.10231511536	27465777.02960184	481280918.3056799
1056	4.589771985949483	461.5298046982945	203.318799525875	5.185726783516191	5.849437289468583	157.57898103078438	1288.6575014485416	0.05717873208575651	0.39243733404446735	266.929117759001	662.3124840541036	4334192.7734871935	79796984.95849685
1057	4.430747695965692	1268.656442078402	346.9410811931747	6.887840932477808	-0.6834920732477161	201.36405372237624	13826.114945022877	0.12933444447558914	0.4204183278114387	472.1788811876768	1142.0084901650434	120121722.24682559	10078305991.996506
1058	4.448166093032341	472.5630559708389	131.643178633795	4.930997707508357	26.1858821710185	35.73306189920131	637.8483607449839	0.19188006595394153	0.7480064785868723	175.12705576106777	438.28850460547403	1015960.350955564	18696503.501203522
1059	2.737455338006839	2174.041870736969	511.3041745715227	8.662951127745668	-3.634176832045177	4991.60213748181	28064.125346094395	0.003799097473622529	0.03044787321077234	688.6782948818257	1684.3367952114622	12743867248.746431	77963617372.44167
105	3.558288900996558	484.2524362218736	153.0453618889262	3.261420665540456	14.35838644944384	333.4987068275609	5209.655182728841	0.02860409332519495	0.22750934150802332	206.79240716829685	501.7467326855818	10278919.441566048	202998439.7444659
1060	4.101798730029259	564.4189550167988	198.8348511592449	6.673269014112707	4.977417220212624	77.94465901944103	473.97840562030876	0.10358971085831072	0.567071036054715	272.1930428754626	643.386392012116	3633898.912234441	36604284.28997664
1061	4.309409392997622	813.7547766645614	271.4212742092055	6.024271783156994	2.992527779124249	243.18894809590083	1450.4236814212038	0.05543471726651489	0.3218140068997917	364.2895638363535	891.1262607083258	35397139.849295944	357048700.8413947
1062	4.519807998964097	856.4392008526364	310.7208886259814	8.712171453428612	-1.124089176238423	161.4079178063309	4351.552559742663	0.05808218243087559	0.3930899158360986	432.0961306565067	1022.2346703214473	25590901.056496087	1677731841.4093997
1063	4.060030440974515	991.3713589250636	276.596792987989	9.37275609176385	7.788581237535186	71.52886826329889	752.7023500264396	0.19363473272702725	0.5373318784210208	372.9291014004052	910.3708601582679	21805822.85992645	261418101.6857114
1064	4.101793087029364	349.6382034261292	130.2922742193784	5.915152318833169	22.45605394507896	13.340694643165286	299.0849055577774	0.44444385134261344	0.7889960534878119	155.26349637670353	432.5394908135357	94318.91687536747	6958511.917289684
1065	3.942438122001477	428.2644922329692	127.1176484931877	3.059367741780633	13.17675776201504	128.76515730811713	765.710573786088	0.0927954270709723	0.44989864741972097	170.67329012835546	417.4016051297824	2998289.627898021	21939916.74048897
1066	4.737296192033682	1093.172002528314	306.8556233181782	9.691035715313436	2.414830129934704	394.9693446198374	1689.96524308047	0.03000752573345635	0.18847558711561074	416.1243734694142	1011.2331723418869	135324235.63363776	802223755.728599
1067	4.095802463998552	974.7730424226063	341.6136786446193	5.851737909066982	0.3254404325901193	406.26957109461927	7738.356487517816	0.028496029377815455	0.2009396768122617	467.4150648258229	1129.370364292326	96165723.8339548	3864617259.0967293
1068	3.953775031026453	629.2838836115709	199.5431428414684	8.440785039426387	4.375069901384695	29.244931870587195	111.68267050859127	0.207716511025956	0.8809555356295814	257.8571611322295	642.218851071304	1664487.2113914983	11578600.834887195
1069	2.571341091999784	616.9284484912547	177.787399534689	7.443098128644834	24.9981974532117	352.1120100247509	1370.9019166474288	0.024526609394902622	0.19680791282073037	243.11674643001527	585.8056935945237	22896902.08153408	94483420.98403816
106	4.541671425977256	1146.064499949209	324.1126625697119	11.1305065164932	2.168450716151929	263.8666507637411	1525.6599479227025	0.03481671607478274	0.25620481110626375	441.5129371362957	1068.1145656384404	104995775.15118243	816424154.0621749
1070	4.186001744004898	916.8698862616606	306.8128090476308	4.892283176634846	1.139296157114996	1993.7352687701816	11420.114235997129	0.008404793294122505	0.05681748958773563	418.15855045146066	1010.3396721055296	426625480.919668	3782853053.9261694
1071	4.594709283963311	958.7554416771475	322.1396410617473	9.971083241585937	0.6285492781714195	75.04350706614207	2348.6901575207066	0.17491398865741886	0.5469429191824456	422.99601107964963	1060.7491635200938	15610086.258707268	1250805744.163829
1072	2.614777385024354	264.5092953337729	65.85729100949631	10.10233079523345	154.2689601287031	59.05549322563505	266.7833496347085	0.12897030463770498	0.6560263676772361	87.65496816476968	217.3904652902812	282987.9219371053	1307994.9871874612
1073	2.627638133009896	895.5278382254545	293.7005768236736	5.500800395366324	10.1573236648806	534.6199926132421	1824.9462624884638	0.01403553204713078	0.12715127515840496	405.6244181293465	967.7085340015469	107671656.765665	423367333.6489732
1074	3.906286534038372	857.5945379348893	278.8752893938316	5.459836067332418	2.660069359161504	188.18633854418422	1578.3063361034156	0.06008301330649067	0.35474007718930695	365.58485797810533	913.2664459131822	31759789.613777142	459295536.2748262
1075	4.485007487994153	1258.271130621026	284.7831098735877	7.351179594730941	-2.111934293040508	3064.424819655288	25580.113942675915	0.009707259473043172	0.07455487706984712	384.0306643654126	937.5202066806719	1493461034.5575864	13389537776.408133
1076	4.186770172964316	864.9543557179504	286.9458604524475	4.701946598945232	1.266075700652743	1857.7787783451558	9958.244542577357	0.016041136039358174	0.1155123789946099	389.48356610918404	944.5517019360741	339186881.7791842	2659144671.0119658
1077	4.658697276958264	586.847909042776	142.5937620044973	14.6968378147306	26.18222808400989	7.475844060432924	41.64422939224545	0.5766558617231523	0.9820248535591563	184.8580653664133	473.97220471514385	362208.7414582082	2259519.3361580637
1078	4.443287353031337	1362.361574166294	372.3370031722163	9.499402718249076	-1.282944821426306	525.6013950070767	9924.98536468722	0.040447358333747505	0.21650318761865195	507.3524869394548	1227.0591433332977	353134402.17153263	9543673034.387983
1079	4.3280731139821	620.1439614809453	170.6042169067438	11.20223257857755	25.99503990027472	180.78696218197507	695.6328078856959	0.03710919791585448	0.3160994163698955	231.50741849845508	561.6830708652353	10975484.996604657	54823819.54770535
107	3.845037071034312	536.0260371843972	177.3768033002731	6.273994964444331	8.478871709515396	45.94944907178765	221.89845265700777	0.14376694265207884	0.7572960256655027	221.8574942905414	568.5421698263826	1553504.3963576432	14910672.5182039
1080	4.636901676014531	433.9025884581912	94.71717137889767	17.06293038097341	23.07099499715901	7.810157721466351	37.10651628712913	0.5768003103302775	0.9795872937668749	126.79882853580551	310.553356200695	134585.95548544853	927474.3075378124
1081	4.47979309404036	294.5003049471599	53.75395879984064	10.46497514658665	92.80947022756659	4.4000662879207795	18.767307717128176	0.7563734975565672	0.9980318197426895	72.28248151279405	176.70976559957768	21072.413462024044	118895.28498344324
1082	4.369538063008804	667.418859720796	229.582675396996	6.50687886666188	9.037850985157009	206.26940547003258	942.2978912360062	0.07742743554432716	0.33104018310003186	308.2165243212005	752.4313861203774	15629166.503673024	131150455.2833397
1083	3.952981684997212	1195.643228008421	324.330388370378	7.433867693025583	2.876799068615715	144.6411607131556	1491.3940383450756	0.06343800031726154	0.40357746517179904	439.36924170151406	1068.1429653538917	66551414.49658154	922016924.9659096
1084	4.547553620999679	914.5430503889331	261.606464669642	11.76107517476617	9.991598205015341	130.2309865655617	764.0641640669329	0.06142460494828317	0.41957953279268434	353.5190856015631	860.8752900324744	25911124.154066358	229280079.32351017
1085	1.953231014020275	501.9719951990754	183.8068434846116	-0.00033749866316945	13.74812895775188	8781.505104441225	25450.998286159178	0.0007477905671321881	0.00745701829728935	256.3643013345157	600.7511222731584	323370960.37340015	898093507.1687111
1086	4.248540397966281	828.6172052675124	259.543733194206	8.54384573791343	5.302369582438533	584.784425330903	2348.1340299794097	0.025066819956842158	0.18140472421214038	354.561762656203	854.1580122490418	91101467.32638186	488636789.134588
1087	4.34568708302686	924.9232284077736	308.9407760610679	7.731947397333472	-0.2070859185110752	349.4278050749877	5100.367748763303	0.08000659658435338	0.3111977212649114	426.48480582413094	1018.742350257942	72358318.36605015	2207570413.224867
1088	4.130148891999852	837.3700107445662	283.3083552856917	5.722210479720713	1.565497024951001	544.5240955196518	4762.663029363556	0.05681456061892774	0.2331556952998145	380.62134848956475	931.2790412485103	90192607.18390095	1385385752.185791
1089	4.472585833980702	1266.436677462069	349.9375295933323	8.470077861370342	-2.276930457339635	1466.613136208182	15742.55523936806	0.00866985694677711	0.07816059830705985	481.2443422895117	1152.3059661546872	746061200.1520257	11587669048.644897
108	3.302648707001936	1926.419933063543	496.7757275746757	9.417524712666626	-1.801625708127801	1200.7016096204757	19258.657443372624	0.024318816599022724	0.14742355213951083	663.6442219375663	1635.8386124873832	2193430838.84227	42454122382.63098
1090	4.565165498002898	1265.936240266264	339.2054797601967	8.881300040704048	0.4310595543697073	243.23999576132613	3019.1412242976203	0.051743684189612456	0.33638455225945696	460.7948604387793	1117.5079114759885	138793782.68874002	2276949802.288659
1091	4.427072314021643	1458.006476579468	337.4088985790776	8.18421063555487	-2.801543126340499	4261.9744929703575	23617.194445840414	0.004174264036167782	0.03935048524239377	455.6265948051205	1111.2290871193109	3154175891.98928	21092411644.320026
1092	4.616915987979155	311.5578606754573	54.00912937819275	20.04532976907053	81.79005538173675	2.7890731795852517	9.544267523192463	0.9098183074528943	0.9999993401019811	72.68773238672878	177.59549076124813	14607.334690169086	68095.50428853167
1093	4.751798840996344	851.0673624891514	265.3700823829811	11.7924634001189	6.732731949430978	133.96522155382442	855.7163760313008	0.09866594915177476	0.4367157494739432	352.248339538373	872.3816781914471	19901461.55914005	235036341.18680134
1094	4.656382641987875	1268.348040028468	351.6945394265464	10.61439961803034	2.939521258608145	458.53465234063043	1716.4781566539411	0.03288812131175716	0.18318989974164593	476.6769445661712	1158.6679365825307	238822826.9505941	1289298422.556536
1095	3.593110782967415	161.1847334674765	21.97835692253487	23.85553504280688	428.3907152615593	0.31456664129673595	1.0574931502161902	0.9999999900072801	1.0000000000000078	29.583793975324795	72.26708986520262	184.62011507310896	815.8465135277661
1096	3.93993174796924	606.5717653332589	181.5416786870718	6.724915306060678	8.199300624012592	282.8551147257912	1124.596095596124	0.04717022555759084	0.29606098842479034	236.8090775082547	591.0055426222862	15506974.53977046	99213379.76135482
1097	4.537011676991824	207.2158065976677	50.9737640618302	28.9353508905199	151.3850055707059	0.7032983259594843	2.4539186537326203	0.9997246895766282	0.999999999999996	69.0011002348503	167.96349218404328	1459.295888090504	6769.486258826436
1098	4.682959010009654	782.8448361425549	231.4922128378535	10.88067555730388	5.681154782518252	26.78160680295621	488.21530328067354	0.27821835498734987	0.712692200543948	307.3111716613504	759.7875976557252	3528607.173132054	93866385.13379332
1099	3.904893809987698	705.7311346380216	208.8603180440279	9.276954365868553	7.666434607560026	43.70670073713053	404.98625868502904	0.18670116997192823	0.6574830000956357	281.98636484890176	686.0540030754164	4555497.430451795	53588643.250784904
109	4.582503137004096	1047.701906956254	315.3409255602163	11.04791857486683	5.0326921071206	327.968634086739	1616.371563831486	0.03286516085022457	0.24353048672349836	427.9559418088122	1038.6501407483775	106594961.08266144	705143096.8355657
10	4.316647468018346	371.5634091583942	79.92566519274814	15.62169487858793	84.87748062937452	23.005246535132876	87.91471999386638	0.271402875202448	0.9209857222138357	107.71875226429557	262.93965430910316	252487.0530193589	1332103.1108491078
1100	4.529221087985206	1067.430165438751	353.127970374823	6.779028717654863	-1.668390767480731	1659.7191864287229	14484.593832946366	0.011341696299008533	0.08150594984174397	491.823368123955	1166.6748612724568	533476167.50713557	8433574140.04077
1101	4.172768660006113	581.763503176127	152.3149268007129	9.75833862547293	18.15564793963974	37.190972375068526	155.8531199794046	0.194391166276501	0.8095952036899003	205.2279568670972	501.06604808301734	1747901.0669702943	10975678.523287352
1102	3.93765447800979	558.2190222339259	129.6671607179481	12.55115386550596	31.63665503501227	13.587686605195573	45.344521836033316	0.4035434934863112	0.9905476123014133	174.6383645119916	426.40227546163146	523432.58254703507	2427158.7740128944
1103	3.896539459004998	225.8586584531088	46.12608498719373	14.87669922486851	61.82042248695272	7.7409889130488105	27.741645645808774	0.5886242981160879	0.9973120279837768	60.77643330757624	150.72367644062453	16681.233760121908	86611.56969496177
1104	4.485785858996678	188.3885303471592	30.19095078578303	37.02197219955903	197.5954854551626	0.330358399127468	1.1454364916683624	0.9999997592953894	0.9999999999999951	40.585813333882214	99.24264228442212	358.3454217486677	1668.707884834499
1105	3.472653799981344	1948.27370192341	395.2179474720361	7.192959448518618	-3.752039287893953	13523.853270682645	33838.32283405412	0.001166482072784672	0.010457381041454647	529.2464377232473	1299.2756207188215	18892241842.60707	56285758071.53859
1106	4.457320803951006	1268.371440412442	333.393416165967	9.819517235491219	1.109352005753204	620.681315968691	2687.0323938335678	0.02978452881699984	0.15087818026203934	450.31639447039584	1097.7575764501207	311514963.96434027	1959880849.3817964
1107	3.928932382026687	1122.800952699084	320.5029262968699	7.3625949696794	1.876264284258678	307.1636192000531	1655.8096944969432	0.05833697428596847	0.25872272760498166	434.6106412419351	1056.9604340975538	114132711.2346097	912332600.2803253
1108	3.544195352005772	824.8553160691456	284.6879870432991	1.614487611522225	3.746902793033228	1848.2323916853848	8038.099584921926	0.009280625014907125	0.0711563466389628	387.66461088760343	945.7831086158276	299462904.90653896	1897814985.8818183
1109	3.994943786005024	863.3855168146515	360.4122517448437	1.967714614326727	1.386582231504359	318.49149720726894	3584.75929491288	0.04126710091954187	0.2603084960858799	508.04293078073727	1198.2598819913053	46173529.934947535	1536269639.400819
110	4.044943056011107	1123.860749991269	336.9430909425572	5.920512925281268	2.551055069671185	320.6548739907225	2525.503878075299	0.03204943645484888	0.21907595557498616	458.81489815162263	1110.5984492028442	114770850.73951112	1470660279.6497383
1110	4.583983319986146	978.2788665705207	298.3736285836349	10.80392259297495	0.9523081150567889	55.5248976818579	809.6618010787417	0.17478512445597147	0.6190931608880741	402.74306471332136	981.7004132618343	14132050.216000492	326996783.8188327
1111	4.174104700970929	926.1776522649232	284.2025728944111	8.763760071314346	3.900990107063643	375.3082988184254	1416.42062499633	0.024905849763984224	0.19081117450123278	389.242256288642	936.9859794619622	81004383.69336076	386790298.12923914
1112	1.94109722902067	209.2442730671411	66.5162547688632	-0.00025443589058227	99.81648038852205	8397.381986406792	24808.65374195588	0.0007876778043930158	0.007852912927473012	93.97588417616117	217.58923172994622	20004398.370255984	51715059.33349325
1113	4.000421689997893	496.2834304102873	129.5152775662428	7.091816956555043	14.19643290682789	3.854965609959014	47.983267638376056	0.7332904718243377	0.9497783139311896	171.78499989564057	425.5007736958111	117215.24012013305	1952036.829459759
1114	4.572987997031305	875.0856855961879	280.670359969853	8.33686526951143	2.387115542522112	47.833333693065185	741.9253367525831	0.203416280177491	0.6074036965096815	375.4522355276139	921.7499829981026	9946069.63530319	228192367.07244194
1115	4.613100754970219	934.0490980459922	278.6795870103065	9.735397491855702	5.566569941764138	135.04601326767556	465.9431938883986	0.057082105635863176	0.4079616098331776	378.0773925305891	917.5664139331428	28326254.727988712	150463396.14194894
1116	4.468530274985824	404.5273253006843	91.24372270357266	19.72676369718847	30.35306664545241	6.235942179557084	19.56181261971687	0.6825063492296218	0.9995751857786384	123.27942272482431	300.24638209893214	87656.11121231754	388788.51294640795
1117	4.699202399991918	711.4437270361094	225.2791825895226	9.42557722699623	7.975689238499934	144.7796189833039	584.1983790567307	0.08289175107423528	0.40471206144623706	302.53582940229967	739.4980621555715	13558517.510259869	91260123.34240077
1118	2.567443198000547	643.2981908150422	190.2836650933702	7.201427653458421	20.79947068488356	353.3480061507238	1204.9643979542268	0.02104924315307616	0.18380955020811188	260.8911382943679	626.6768743194128	25043756.32333333	97388260.04304846
1119	1.926144141994882	332.2406658943398	113.628168839553	-0.00026499710986982	24.80011146829581	8568.319502652892	25098.941901676582	0.0007694616311238562	0.007672186571661969	159.4685741215043	371.5434853468041	87804903.61254182	233619984.3958825
111	4.09080437902594	327.2192650601433	110.3635687742806	3.746065357336672	34.43797585531762	51.67319745356699	859.8805854751308	0.1845354020043685	0.6344581790645631	161.83896156788856	354.01311618404566	427826.40022576635	10217374.696756352
1120	4.596665977034718	769.1821266387684	217.9806194385834	11.11823539605515	8.000477455634378	13.237571135456738	57.81191489794714	0.4173161503646677	0.9454958212355448	291.2246438937043	714.9844777894377	1428701.3018328145	10863490.740964971
1121	4.715323532000184	1203.264835779143	293.2091219078089	5.370442643149366	-2.484831238885868	5507.7102537013525	28425.342767540464	0.005496082272377746	0.04563892721306596	392.7819688183463	966.0765722286131	2301534512.84659	13749648164.420189
1122	4.536678372009192	925.4629408766704	258.549810863187	10.78308340099563	2.63771373358988	8.335252578085022	72.5807459689409	0.5531168469073439	0.9217370937574123	342.90912829311196	847.5104164082613	1577206.5438101485	24202752.80161905
1123	3.950167202972807	749.3888959042455	241.5293501005608	5.624347344239629	3.805106227762627	145.90499085545918	1925.902118241638	0.11955893056652085	0.43011725829914704	319.61072150715904	791.8615342192395	18498514.068594556	307057839.5685765
1124	4.454865188978147	1137.013932586936	333.4259716682375	8.50714410305877	4.688660490807742	176.13290714784623	1693.4352488422703	0.17063960316340274	0.43282653553332184	446.56232821146716	1100.8376017465948	72138067.44364591	967595132.9495353
1125	3.943460287002381	605.5715024473255	203.2721015017084	4.464948101733942	5.111408523789076	261.4776774864639	1973.5989808733384	0.03759118016727752	0.2744351127592445	268.9645965282486	671.7593797071759	15525175.261462184	183006039.0592123
1126	2.56021675694501	370.3841007467737	93.52958143628713	9.501114375550387	80.67729136599414	195.71737704758712	623.9504013653316	0.037755362375853786	0.2976805902226294	126.82965270922847	307.55951936401925	2317716.827256308	8806733.767995631
1127	4.770404497976415	443.8086905751096	105.8445750915474	16.3647428618977	54.69143289612943	27.355504689849205	98.51895303588695	0.27329550914792716	0.9037917950206172	142.84208226478125	348.42505751657524	554558.2978293403	2653102.3555956073
1128	3.960613508010283	404.0867406284993	104.1377180887183	9.979778172216108	17.97497759144774	5.062103431523231	19.671328927004552	0.7230138797765548	0.9960810238999624	140.05122398497343	341.1565489478885	79918.29545717279	441407.9916845088
1129	3.69439851801144	489.9423796490263	143.3819916077042	1.556610335797782	19.00262945578299	568.24881241143	3370.9655750968086	0.029837082571766566	0.1822024588757166	191.78793886901224	475.20224911091145	18690394.574309606	134550652.83357075
112	4.490485930000432	1427.315947824916	328.6447695824232	7.46682388395399	-1.518744547038543	1722.6697612865735	15304.469002661379	0.013734895747676975	0.09796718516635633	443.43290704144283	1081.3428064940786	1196465110.9634948	13374519895.121326
1130	4.03876027604565	1088.400538622139	317.3271001087792	9.037319707201217	7.530231484446605	196.33953569762258	981.5192967413559	0.07092778741054989	0.356655111101393	427.28167765884893	1045.488013298559	68225720.34825124	476086912.24177295
1131	4.42981115396833	1280.044508924924	307.0230127305741	7.576479162447687	-2.359821120666267	4813.430751822078	25748.85134292794	0.006338794209896111	0.05024520456559629	415.2485676554909	1011.5160259235176	2427381850.214871	15530084434.367865
1132	4.235012943041511	691.6086332807452	210.2661390078135	6.403253858765048	4.707123259383973	158.68423163663334	831.7124539345475	0.056260032894988314	0.3744060222740907	276.6211508650539	688.5245212897473	13136521.117471937	114777107.95735851
1133	4.524302873993292	754.7075547555169	286.9093178960388	6.677440044935675	2.582694256792632	182.20151577856987	1666.7199136434012	0.043659341107780164	0.34117382554393794	374.3523840735004	938.196260931685	21493680.914294653	386885889.35762054
1134	4.660882274969481	658.5151608879431	152.9870624837159	12.49387472866244	14.11737074220845	6.70117293722255	31.879588711073655	0.6195931183800393	0.9906323962017957	204.7456649762894	501.6341656020505	432391.5236677679	2884591.136566805
1135	4.627306077978574	583.3888922286343	134.975953600346	15.36668708138831	23.21135144039812	6.748224265234937	27.60098587095104	0.6356078813989107	0.9958229534370178	177.78697177211842	441.663193919329	281396.0502303382	1723418.2471481098
1136	4.456006496970076	1215.800648564774	352.6401657691778	9.935820779750559	-0.06656108187602983	151.17476237434164	3481.834140470346	0.15580489478899204	0.4539386988462732	479.74216249363315	1165.9292034809646	80206165.2400644	2677504254.698226
1137	4.392508311022539	852.0635794538175	330.3770790201438	6.199266394293501	-0.4888779508111319	470.02693216219393	5137.610607925504	0.04789974948059938	0.22846457217005547	442.57805821363354	1089.157438020916	79118798.74287753	1971640964.3775842
1138	4.574337321042549	279.7971894709543	43.00476625354802	31.32323037070183	132.9396688235101	0.7897098316632223	2.695681888514719	0.99956115583025	1.0000000000000007	57.464891008560556	141.1391522728539	2669.864715357595	12247.62743887792
1139	4.57254051999189	1137.077737487421	298.7974749331648	9.900193259010097	0.5964538487133536	472.9647727242003	2515.6173825159162	0.05305700064860695	0.21149443796572778	403.06865637125895	983.9963710599923	171761231.4096956	1356675693.0087376
113	4.405290269001853	1251.785234353894	387.0252906682487	7.827208087631659	-1.296775473536175	2153.1020605391295	16096.520683506924	0.016455884593452843	0.0944232404663687	530.9542192048807	1275.0733905551838	1096756378.3347852	13477449801.3068
1140	4.700029158033431	614.8211214252411	160.4335736751646	14.95744186267752	20.28413090337753	38.48499800325896	167.93145369972902	0.18016724051068633	0.7987959211451939	211.59161172560619	524.4671739611875	2044944.1501863094	14008912.839173548
1141	3.993265860015526	421.9827969613144	134.9825464436108	4.442101753001815	26.81740529256305	140.4656379679245	1090.8667994846742	0.06893727627569682	0.42236286241535603	168.01346271178483	471.17658206499146	2232251.3431832828	24816920.033403862
1142	4.624825315026101	1087.299816462643	325.4947226772784	9.451643805975865	1.891982965598695	612.4041773898058	3103.675084903242	0.019854163391245443	0.1459152529235057	443.4269256665091	1072.357807970472	212523802.2678415	1528571097.2250566
1143	4.050930527970195	982.9925639504852	294.177336481954	8.813252286094277	6.795865025569155	175.94820240615155	781.6632432986394	0.09727892609911865	0.3654247242739992	396.7358589426518	968.8064076679584	43542429.03596432	297027720.51600045
1144	3.475903142010793	368.7102455798559	80.78799284037622	5.817501948228198	48.15435451505692	36.20349824301601	158.5558026102292	0.18318909370903327	0.8153286297119053	106.19201469739346	264.2000964066853	373104.1748251203	2039541.9194744346
1145	2.588140237028711	133.7719175772281	27.17049299016191	12.95920946187886	664.1771840458706	23.022324205747683	79.11720893527762	0.26163269483758794	0.9437877710737742	35.05885368655157	87.99430324491205	9881.55731894284	43678.68293496601
1146	4.694144544017036	918.9495187886761	269.0138011344684	9.471117384260673	3.51403448150037	80.10061765091918	495.0834193623033	0.13035635298411485	0.562384750584112	363.5281972195402	884.9137520375895	16079763.832446016	160838528.89851978
1147	4.003222828963771	774.4777221296235	295.1403249581728	4.670486872122176	1.261513630702502	315.7927586817119	4770.787994720687	0.07644174789603896	0.33716106148912267	385.54474959092613	981.1020247948013	43561017.374501295	1200381464.3720481
1148	3.702253739000298	846.3523808741618	255.7390097031064	9.106530284781538	6.282172427793163	12.011192146508273	53.880878657698325	0.4446377521436599	0.952826068848976	332.8279851102982	840.3393530489725	1699553.5582615416	13647722.636796096
1149	4.59525446803309	790.8714944184629	223.5046302179605	12.36692145956868	13.90158540225935	75.65125145207257	518.5156812898533	0.20908626645975517	0.5525770950403303	297.9955790130115	736.9767166749236	10111915.842657613	92122988.04037121
114	4.024899940006435	393.6478451816148	78.05714123792379	12.62643620062833	60.64010204603743	2.1196954398680306	7.476759996226918	0.9491956593771946	0.9999769235609072	104.31356872065209	256.1232414215783	25198.437616032574	121363.17035217072
1150	4.744316085998435	181.6356259792192	26.6528249805855	37.07602556353049	251.0498196924744	1.6736459727004267	6.703697527754735	0.9620004845008545	0.9999999999714603	35.50852288097863	87.44076321561863	1491.411885039246	8018.7482656030925
1151	4.128241432015784	395.1957093988347	165.0394059824268	5.200003477311429	2.20390076465896	35.44856346180885	188.5010120678853	0.2060446847356159	0.7862940481567051	175.43407688572717	509.61617137285555	501050.335469083	5688569.816660757
1152	4.08613993000472	1124.127199199983	297.4339663875836	6.652637794178072	2.089994604787619	808.4622951840827	3475.119387944278	0.0136151451025405	0.1046093547329651	402.82444159749366	979.8098090803435	283206040.8137653	1822046163.159168
1153	4.74053787603043	986.2220287902804	291.5474593180538	10.79160889994852	8.789542472093009	139.43404189602427	682.0111715093684	0.09146166709112061	0.41511432421444294	394.3037037163929	960.3100107897504	36325307.17423503	250938037.03661722
1154	3.936794371053111	645.9170658256877	192.9953719990604	6.119902789485309	7.856668605980509	97.51057247046315	554.4782659013937	0.09486204942812104	0.5070621304358501	256.56357069128296	629.2425335794385	6447507.748439472	59198293.16768915
1155	3.308987149968743	1980.303908954718	362.7260279624873	9.190984035423362	-4.542715654086725	12053.674904332569	31929.917806771347	0.0007725288657839357	0.007418915214803757	486.8539612659474	1192.9227285345062	16704908559.036322	52869820667.469246
1156	4.823024299985263	203.5472429153032	24.71495022985671	11.26722586688289	89.18903861629983	8.400467956948395	98.05190764292207	0.5331615623576432	0.9029550183216619	30.624711909930397	83.1424180262994	7447.047886777383	79199.61078732046
1157	4.219587697007228	333.8796644234748	71.22545491234507	5.777640951482759	45.22265947810773	19.16625775593909	67.05403496846	0.30625511562688257	0.9634803568186164	95.44823184507885	234.15355500400443	149861.9187187198	689387.2326310936
1158	4.531074700993486	1063.367086657761	327.8748841860876	8.743081798010682	0.926349631127494	364.83611542592683	4238.227546474726	0.03916879275504491	0.2313335670727009	447.1156675185946	1081.5748660506652	120195475.55392356	2175617062.737257
1159	4.540960137965158	1231.463782696409	314.9941545938837	10.31688344568092	0.5511931498872318	490.1547865234245	3418.666467030892	0.035739728746027356	0.19503470024462755	425.8784859627401	1036.7903975790796	234668530.12171236	2211274603.501125
115	4.270762388012372	300.9554966402832	83.05277102037016	1.757588783886852	31.44007732119529	24.06057965463545	267.65285337121225	0.32701437710262704	0.7823630731489759	108.7013009688446	273.0702381859753	179737.08174395174	2595947.8384098248
1160	4.145050111983437	439.5031471830101	134.2082277962006	3.504131126660955	10.65315159855617	100.7809053221599	1166.1106880957489	0.1321239778141623	0.4983943054198151	175.54483044622697	440.34183037158573	2380815.618450505	38234241.14851915
1161	3.997724417946301	1165.492869593278	335.7670172975016	7.765819884375387	3.681392907207816	618.7238381537195	2937.1107149958148	0.03349781053576258	0.19729143092559062	457.00720613861154	1105.8537874250776	255553447.37736356	1750126947.2775636
1162	4.104485496995039	819.6804372512448	246.3822894825527	8.003672191668562	10.81427971167729	86.56248643594618	680.636381663505	0.08176050602572679	0.544516092592223	336.3521890429704	810.6151535080976	13521678.141379047	128579796.51145543
1163	4.356051906011999	788.3619719283831	329.9863983907895	1.751730379909398	4.066827601337044	731.9236781916414	5619.588693989928	0.014884001382930825	0.12511660880007486	481.22274987627816	1122.5510182908856	101330968.35518564	1195605552.6011121
1164	4.586105987022165	921.5305935849167	303.3209196540419	9.466193008284918	3.024436195351495	266.31601268133136	1611.1105285342048	0.030027085010337785	0.24639631590977895	409.1741917675341	1003.959388375346	58478798.228025995	518492233.59398925
1165	3.060600590019021	159.273504527131	39.98359305491672	6.118717537340537	53.41732360435508	19.965903059990346	76.79836419606565	0.29886703439332113	0.9385554160257797	51.00490676815258	131.15659002237084	17662.975120827694	92710.0721820285
1166	4.405288519978058	291.6704255358711	61.43966574034377	27.75433350241975	62.47956214332739	0.9821642821071697	3.397331178303525	0.9970646318220842	0.9999999999798795	82.7222780101244	202.07895157413577	5039.791898748886	23735.716268830914
1167	4.606694669986609	747.8010249670306	197.5822521870856	13.29256108545135	7.843730557223991	6.210385216243564	39.62827621658403	0.6408382432997959	0.9563175301853563	259.37657881343114	642.6531349705263	608850.7696849523	6085468.703784296
1168	3.757061380019877	848.4079420217067	312.1620206743788	5.778141921118189	-0.1617136479946053	462.2818452760568	10552.714785184113	0.12690233085862124	0.34690189560635804	431.4932301772086	1020.3755835670971	81929455.1804865	3909931957.7424655
1169	2.558556915028021	379.5392085116108	99.30468694192669	9.186737058542406	74.14399922264774	235.8738570969593	687.6193442878266	0.025612134376759767	0.23796639092827598	135.27570753063674	326.4769927637203	2751543.1459347596	10260529.475516228
116	4.307094564021099	858.265218139512	309.4017132920252	6.577136547656933	5.206147494835315	416.90965754308803	2016.8040296336922	0.023530737045710806	0.18258834768270407	436.742424643503	1015.0797013784372	68443734.31724624	528368703.3199125
1170	4.470920706982724	1088.809803976917	324.7452204851978	9.194866398491254	-0.01088952582020841	268.5059653653226	3417.2093648829027	0.04412522618841132	0.2956448978747321	443.52056543767003	1069.489894914916	95671258.67496993	1949945348.4839597
1171	3.993708586960565	846.6647801701059	235.7501351366828	9.892235731391915	9.970925838022028	37.33459561385947	709.0764202719624	0.250634009638125	0.6284277097661114	311.50934836877127	773.9980988837704	5945369.432604221	167204085.43302795
1172	4.592180538980756	1223.860115497793	318.2711779171568	10.11320665466388	0.6181926949861714	680.3949006739441	2893.350072559431	0.016393226516625965	0.1316023890127167	431.62819305695405	1047.9834438308008	308406631.9654604	1871831916.5865598
1173	3.859837636002339	415.8959049169075	95.64413098949066	15.14437552263161	39.71360781118955	11.86945142959405	54.92705524369581	0.44677772867753435	0.9558210129269423	125.04372046183306	312.79491621754056	184217.50874751495	1256659.7476645876
1174	4.684285820054356	258.2563572675764	59.68655552543634	25.66595530941611	117.9319525162053	1.1564279905537962	4.022731095631744	0.9951808148759895	0.9999999999998787	81.11890030230208	196.56756345026238	4350.962698989859	19615.903751289545
1175	4.736167083028704	713.0356801518071	200.9134881464691	10.88875751708073	4.623842159412909	33.336449666541256	184.95831048243528	0.19876548250241122	0.7866050762638677	266.9782157455056	656.3993147006092	3015584.369782915	25862627.36241461
1176	6.628620597999543	335.4507569101355	107.5646424744465	2.450396606287789	35.22896899643431	101.3766965150534	1736.4280087629093	0.16034006747154056	0.49778987669294955	151.64587469193356	351.9524102076392	1191588.2721041427	17756363.845855232
1177	4.122186538006645	614.1397823080976	174.6873772520246	9.870357442558705	9.75323177668985	76.55566137522207	331.1351920733161	0.10407716476557587	0.569853068063365	235.8682844590768	573.8288549392068	4900082.715605373	26607397.905312557
1178	3.529665251029655	407.2756692016067	84.92989990832343	5.819763175534646	50.53443987155472	36.53553107399295	144.79308501963604	0.1805702553864459	0.8146545199253487	111.0794608468953	277.23438512168354	511513.1720065901	2536361.3866534894
1179	3.212944369006436	597.8754393340453	214.5803956619051	3.13935371548842	6.824679437681938	240.9481101184562	1166.2888499100957	0.036976230302448794	0.2692884479486618	292.2832725145119	717.545480727347	12968374.452196106	102136598.68971623
117	4.549945477047004	1016.391880050875	327.9081402658637	8.949561218959621	2.463541408175603	335.355852336825	1863.8197915737198	0.0265549814833555	0.21782746089162297	447.00108346374395	1082.9362200738647	96552566.40679544	858991587.354196
1180	4.126696363964584	943.2059667314506	333.004881805281	5.105669743316351	0.1929986921509153	494.5900288084068	10819.774701240947	0.028814414346791942	0.20861557535336853	453.6430594170457	1094.9748117446743	109761301.2049215	4803685232.958473
1181	4.627519325003959	693.4427147533979	165.1345095334711	14.49744518612351	14.58074796000575	15.215131108267842	59.19534861527614	0.3636160723099569	0.9649837133978014	219.3752612163147	540.7284583334736	1084532.065875374	6439573.784042523
1182	4.096868911001366	131.6984112753477	21.71974483294953	15.52421064943524	343.372941110572	1.9021739200209076	8.396228003688023	0.9297466823134771	0.9999886670729418	28.564269632501748	70.9105639562225	724.9488684517913	4047.057085349936
1183	4.549893715011422	979.9316496894015	304.2754899575694	10.23932029761185	3.919142725566441	280.76515667072215	1319.7122022634076	0.031417801294869346	0.24886532772770292	413.31886880496256	1003.4719921610473	74188776.63077246	502971697.1605031
1184	2.580852870014496	451.1209199707185	136.8239732731894	6.497328254475605	29.74074982443243	275.0931294378378	1259.1006271863143	0.027018602606100204	0.23531688303402476	190.77747756811516	448.7725061401803	6439484.670938049	33565731.397486694
1185	4.633478734991513	1039.819079270473	306.2605077416998	11.50200630089447	5.164273933603996	317.5974636451145	1393.55057380263	0.05440772760080862	0.23711518504626225	413.79184660977137	1010.3667657553252	93868459.35725074	591635409.1623336
1186	4.457050880009774	320.7363188417893	61.07740301428836	11.3810356044329	68.87610547629728	29.332789684323266	92.44295805638572	0.21195831963263212	0.9189260891823329	81.81581521904872	200.5821645691237	171993.05899698252	755279.3992457326
1187	3.748531941964757	465.0368780349774	155.4841114975904	2.222769684591814	9.145355720647306	2074.6763905143525	10414.663935807328	0.006807763830458929	0.06230719756296642	212.15812331475678	510.5670463676927	59570783.80622971	364763408.719494
1188	4.119270436989609	771.4824645143422	236.8136783294566	6.616197243776337	7.716681906557202	120.9463438535429	549.1608315731198	0.07899275296565794	0.44445710026703317	319.79307178222984	780.1324921250593	14837766.647973644	101537903.33081913
1189	4.030720499984454	177.9165044794443	37.19734114956798	17.8308966331825	186.8182726159086	8.378479147396904	29.717676421516803	0.5586088789094604	0.9994280836558331	50.20478489620368	122.38472536410835	9854.007314975435	45779.5243604649
118	4.007692428014707	437.3008939863873	136.2283442974001	5.915694627321695	21.70469545110005	37.45824681018953	228.42569094006816	0.1935245098502886	0.7452402471097562	188.09666919427224	448.0079167032466	829528.7986199585	5427871.52044748
1190	4.496809345961083	346.7945759213782	82.75513805344602	14.69824089030078	14.85921121338326	6.860276305526938	27.470704630146177	0.6232773990141819	0.9944071600512966	108.28123773844948	270.00819853796025	58184.64412038254	370234.22413439176
1191	4.171352132980246	403.0373406604377	116.5630085141316	2.972402597706026	33.86257730740218	79.12578355360512	1864.817967083897	0.2156482295966253	0.5374014305988163	158.1844514769919	386.1689256406752	1551181.8491830984	32284476.034671046
1192	6.443225003953557	406.8497096840133	106.6829167937895	11.86976074776798	49.44245472079552	183.19488364211787	690.1955081749162	0.03946078817588144	0.32180015489643476	144.20793677582793	351.2754641087156	3109876.025206908	14032492.789855294
1193	4.662424945039675	939.4397323166298	276.2063241231598	12.19241938619498	6.580260715258348	230.45440402704259	948.0955221163866	0.04732178140443654	0.30854920069167197	373.8462867975776	909.8861198972689	50816237.25890982	298993717.786993
1194	2.634826724010054	920.0097460910869	306.1709457942513	5.061879207338448	9.525290200351611	698.2825281853121	2603.232667001282	0.012082748472236619	0.10976762913766377	423.4533937507555	1007.2302277688678	153362423.98164105	662207011.0407966
1195	4.604614991054405	984.9298228611948	288.5192696680738	11.62636109018438	5.94972928259928	96.45320967894884	867.0101966536205	0.2049101331094074	0.5046845577407217	386.2018048856926	951.9349471423076	25422081.188962497	318348441.22208625
1196	4.329044045996852	1332.951602711165	265.7825891466437	7.391716194962916	-3.632991942096284	12133.320883108956	33225.60240560577	0.0019184277590627995	0.016892446366736754	354.21477748512666	873.6181326869582	5465299146.764943	17294531232.712036
1197	4.479203905968461	368.5459323368801	72.04297965071609	8.257228032104525	60.87143001494698	4.2414338229889506	20.871973420890818	0.7557237295442809	0.9901808515767886	96.69882190434606	236.72808119434634	42322.59335190039	283662.2012657873
1198	4.232146300957538	278.3250289953988	62.70574283349569	18.93384807224532	125.6787383729171	18.64713719912108	97.14439453395684	0.3476035647332085	0.9052067832360612	84.68782935510978	206.42338533371668	99638.29363072093	571996.1789212377
1199	2.598604721017182	473.3729220820763	130.0839845283886	8.011871806074282	39.31658106841201	184.85964278456137	721.1022242207761	0.04537803703379385	0.33856680451785404	177.3017203435798	428.56710574747063	5032606.51021878	22493656.09560222
119	2.594609122024849	696.6715304284364	230.4690455149859	5.665334949541627	13.49287269864196	565.7227933932685	1864.317426096506	0.014645752749569294	0.12781912084725933	322.3214107647359	753.4620145524634	47627935.89525244	197334601.78174713
11	4.503768200986087	1019.45251322651	312.4811004196781	8.94802673106533	-0.2282626805004702	37.44785165481439	5497.014552444668	0.22325841071906904	0.6494147835967328	421.77631230265285	1029.2462956479703	9719974.94750496	2658200981.777431
1200	3.872840722033288	679.0146097792692	326.4268578126331	6.00705436538856	-0.2144669478673955	44.28396245273324	7830.551762460398	0.22756811918093472	0.6286776376016453	432.94859636228585	1065.2277569804269	2364283.6363864155	2622998650.7640734
1201	2.645499317033682	531.2826274245199	154.5204503502682	6.363686018305096	25.07625040963171	214.28006177989545	841.9644660689955	0.0359088536342817	0.29064793052108906	210.33465584855213	510.5732892848518	8641177.357783189	37930459.93049079
1202	4.453413817973342	938.346601184717	342.9430887259725	6.350598473624951	-0.2974937881660302	861.564491881961	5742.406645399041	0.02482996289141093	0.14891341909971642	465.8553815707521	1130.0132941737747	185535790.74163324	2531076533.485079
1203	4.458082908007782	1170.957256803704	346.8782849297065	7.641438394053242	-1.807965899808853	2391.9668320030946	20916.470422722123	0.025960608653516796	0.1011918140374558	472.7646049242204	1145.1978964271652	987117177.9955516	12374850612.631958
1204	3.869115296984091	583.6740871132157	149.6270799847713	12.02498957901915	20.16198434116391	5.18720642412623	31.306436061026762	0.6992876898638865	0.9880326703890163	192.0033491909145	489.7732654910111	224322.082051669	2128336.9915845534
1205	4.587345712992828	989.1387743153962	283.2565302969619	9.917192190173484	8.074943333401158	139.7452111678697	573.5860793441395	0.059716294144058414	0.40385775901392823	383.33160999544543	932.8591052107719	35588807.93041806	212397985.85184926
1206	4.06670381501317	1009.319938108394	303.9627481872809	7.256398260537201	2.947639148829824	406.1403115640725	2401.1521900442017	0.023121389769886175	0.1950400845038482	413.5917579665178	1002.4063107385487	119639869.37413765	941906017.1498246
1207	4.118555978988297	704.6732762602979	268.6182837527275	5.308548454401141	4.155433122322783	318.47471711830724	4761.930608672307	0.04329661522631606	0.26698770997687654	371.3521731852344	inf	32145413.97514607	1530703828.9650204
1208	4.4233655440039	1279.333846759708	325.0097279909793	6.961582072564367	-0.1843670808608536	1840.9791401922025	11262.696320573452	0.006791484843806357	0.06323762178642924	438.4735938034705	1069.7862591363294	989160835.5429357	7939168018.895429
1209	4.242293830960989	838.4552982853085	294.1047887782741	7.763567682313995	6.094466440067497	762.6552964716499	2787.198836935005	0.01585232952319856	0.1225711792028687	415.91607657013606	966.7791317874692	110870972.2956097	591787869.469229
120	4.357554240967147	246.7123807954952	58.87420236674579	15.14653629515334	210.7979681696985	19.24501089857632	91.61986931295857	0.3308676215680023	0.9121663275124112	79.0114050694319	194.3892846218287	69703.5751209413	406750.76269831957
1210	4.588515817013104	1003.88244071032	313.025175186285	9.220292724170587	0.1613676173294349	24.02962154220683	1127.0116643317554	0.27733633745117225	0.7960242092513716	412.67501495783563	1029.5252095455296	5757700.548400401	595955667.1512263
1211	4.588227159983944	366.6717003710439	76.18173940863998	23.80253444029591	51.65173448979836	0.9397452118152253	3.544084393298394	0.9918714362531457	0.999999999484635	102.6640976648115	250.56570635591083	9544.48521102924	49460.56229970826
1212	4.245272308995482	511.3537748363751	132.7654533616743	11.04896230120585	33.8343135778651	77.58259051123676	506.53318669999175	0.09748558044462839	0.5720366705043707	177.75642383515554	436.6519944889402	2558610.014149716	21795299.85449438
1213	3.977952080022078	853.6719758023683	288.1057382214012	4.534984766593312	2.758143805861374	1557.3488738776693	8003.641835053442	0.027849378673551528	0.15656742403977766	388.74691104728527	952.9628592605012	271974298.50351006	2169611142.9395123
1214	4.214614361000713	724.7487012337285	266.718845246734	5.321068993207985	1.927041846542719	331.84828781729686	3563.2464592004444	0.029076442004289237	0.23114693750746976	359.0934560214972	874.5733713951546	31187766.193695422	808459868.3719766
1215	4.239226080011576	318.7602201510701	71.06151577866406	14.65050215969788	80.06086617836151	6.1456851963610974	26.34278840141224	0.652483810365915	0.9934858070966998	95.46494946505055	233.89952796118376	44179.16905293883	250133.91002076733
1216	3.325897209986579	1443.315109737651	376.9470864425334	9.216731386172157	-0.9758384719155022	2052.65304417795	13644.372077179882	0.009736919876000054	0.06987794344123771	510.2223295929232	1242.7038935038017	1546124024.814435	14650743079.252443
1217	4.186379911960103	898.5665704650212	299.1617493660224	8.663970563522312	6.751969249419887	731.2205927389582	2586.872520050466	0.013417219745012232	0.11384514561595903	413.4139919792585	982.2549782900433	136191369.92619914	676407973.4061372
1218	4.47663210198516	1167.029395060384	329.0551542459344	8.719690911611906	-1.331918424863023	938.0598358174136	17918.019498402566	0.02221519698206581	0.15782208913066126	451.94081300607115	1083.253116122806	385910801.47174644	10546857559.965096
1219	4.493895153980702	557.1176872950394	261.8928883047827	9.37818705757582	1.902806464711008	52.537761736908855	244.8836444286647	0.13241136371696527	0.6926410370186877	343.23195430652487	846.8264319398636	2223430.7749030953	28101534.74369145
121	4.407511790981516	644.8923139325136	212.4329077203271	10.63728962939546	2.575051557530911	8.867718913477983	58.5679176131417	0.5344437924342466	0.9415639050023997	269.21885669588323	680.1534621913671	578462.8398259191	7043954.276202569
1220	4.535179251979571	1075.213014276612	335.2066151093242	8.81987072781011	-0.7574489653508087	53.5544126881325	10369.564717418782	0.1840743213585427	0.5953340180159774	457.530618307317	1104.022959031447	16794631.54394188	5814528044.597216
1221	4.204172755999025	1024.909443694507	348.365651191142	5.208585977484271	1.353007562090303	1603.9966235502254	11091.646699601917	0.019283921071167866	0.11831245650717387	476.0379122134317	1146.523274629158	503354971.4831629	5207185655.237249
1222	4.652246314042713	385.5580877391575	91.92080298992406	17.47956177896587	81.84797914437047	5.2767076623713125	24.2309366424423	0.704420832293267	0.9860057776996148	123.9158986675879	303.2351311193561	71401.88294642897	468361.7959702432
1223	3.930559625034221	544.7432597994459	132.1425761782635	6.118752074262964	14.37762630068838	12.432266166825322	78.16138673735824	0.443978022781523	0.9326831512219269	175.83743037097514	433.86617630006657	501883.3598518161	3985689.009780151
1224	4.041401494992897	503.1418809347406	116.5785279567843	11.67119584098324	35.55905945254406	13.985279489339018	97.36339544081454	0.4101760494950928	0.9031970170727176	156.44348727502216	383.29517609637116	411473.11141859036	3825197.571569337
1225	4.038046616013162	721.5829264680071	279.9049978014033	4.392408300045791	1.657834517887721	703.8015443805717	6209.533253781987	0.02209656637768292	0.17740671381188364	370.0961047653328	933.0306470123292	78716302.66084744	1186970246.4152
1226	4.451304304006044	1314.422123261694	278.8363439795917	7.899171604189073	-2.743196001756326	4511.773445867273	29125.64939378057	0.013402214606091175	0.08363449929172971	375.4847472953361	917.3788585084542	2369712369.6010137	15800010860.519672
1227	4.599985392997041	732.1903500502003	209.150348286678	11.13989960313419	11.85919009027569	47.4307927077539	259.88133546997	0.1460234104731211	0.7239012981272339	281.4455369810279	687.8890395853773	4734386.985207465	39700997.82243667
1228	4.29059818101814	489.9657110238196	120.7367005633686	11.07479693709663	16.58893890296554	164.6637893043544	452.2735947257581	0.0467999077094616	0.34588380302896704	161.86044931905184	396.6903581943825	4188018.6817652723	16776267.281102365
1229	4.490551664959639	389.1419507715611	94.21758596547244	15.66206946916834	14.73567808514502	11.18620587167731	41.01732942410488	0.46324314518580084	0.9896234276611875	123.400534862276	306.87487355260976	133314.08706159407	772448.805899436
122	4.380497378006112	1011.864826012967	307.0706177309587	9.60865805575008	-0.07727893775163208	191.73811437010784	2024.6758611874368	0.04952111046396752	0.32397496728862607	420.1321690980309	1011.1933750706932	47431120.32191434	996265507.8419336
1230	3.865066331985872	1006.032379476894	326.0577580983414	5.906128047927758	0.8023309771508762	212.84616760646753	5295.990562013364	0.057560802132702184	0.32210609503179527	434.0595507332939	1070.8701242522327	54644924.81709005	2701976894.2967997
1231	1.930028147995472	419.8361703346602	145.541204768695	-0.00025040491632921	22.16359809821449	8681.406390030501	25288.832315770112	0.0007578929442728134	0.00755702430280843	204.01779311288777	475.8082984931579	180374485.59109512	483142090.5609087
1232	4.708753771963529	494.9909794625869	121.3845188746722	14.00026812474882	47.77138398823764	46.98284829635004	152.97689006808568	0.16859294577783784	0.7672055658659263	163.8859830529306	400.1092383097106	1328526.148212674	5893825.515020947
1233	3.8467837300268	248.9759133702953	57.05416085893176	12.81859945443497	53.05544399338197	6.854603487408155	23.931574704466772	0.6332048979562495	0.9985871804360877	75.56807333535295	187.12394862300275	20481.35023177697	107903.11377023457
1234	4.068699483003002	1006.508796513229	320.1948363666837	3.729737396531804	1.439143396347252	464.0802818618899	4676.181321579089	0.023319728236789124	0.1933451022283843	436.1766134891376	1060.1414771887414	141040896.35689706	2009999045.0351782
1235	4.024028316955082	654.5041608102159	194.0721004687083	8.045648369324638	7.078327584911157	100.98587571554481	555.8037836126507	0.09237300209734343	0.4974736506921852	257.61826074592557	635.7606776760545	7461895.030065526	60595815.0200553
1236	4.590691782999784	1074.629503022229	307.0575275970605	10.74291342487305	3.142316137686493	322.16923771846814	1466.0794613882765	0.03537295766905471	0.2424812415917014	416.6772761489566	1012.4474672499516	106053513.43635295	688933633.6765507
1237	4.339853095007129	1294.210307482755	360.5754824328585	7.560470102194787	-2.708673366666276	3907.816074584888	25603.01177542775	0.009643742711527441	0.06717999406301606	490.0803867442951	1190.608990759647	2191354218.1066008	18184868995.658237
1238	4.700586924969684	727.8540999527092	208.7448297548927	13.12811728494678	15.5363527186501	33.92074879047258	308.34477197180473	0.3027870886820333	0.7277071282937803	274.93229778326236	688.4828467040784	3432224.7396461144	44126367.13829715
1239	4.809325153997634	364.5768413553207	71.6585585067103	19.47692263274711	109.3423501877867	2.160961524257051	7.285487553830729	0.9551391820075261	0.9999972649933617	95.78637713007339	235.42259689004936	20165.018322700893	91576.95748992205
123	4.109105315001216	429.8860695513511	120.4147465291694	7.202655827091974	16.42154416024833	117.75163286143959	404.2761171126421	0.08238068007039195	0.44899310163674655	162.02412118465446	395.6673001594971	2270807.811396886	11452047.320590211
1240	4.526326822000556	1206.196254817576	327.0078962132689	9.983818354805948	1.665814287226919	373.94865030603785	2014.5107039713384	0.03522010952866697	0.21518116676806717	442.90899851689926	1076.9927842546567	176160194.56314966	1272002016.3977277
1241	4.738220714963973	477.5441638739514	129.562285785916	10.1109130134142	27.67301091486374	8.845542635800875	34.44845745953368	0.5366401574743119	0.9944249659685345	175.77119004016964	427.4394316622606	240210.0565566764	1110368.995690824
1242	4.584340626024641	1012.246369993308	300.1533263126763	10.37848200372511	4.248357869487963	151.53725539970642	1019.707506367594	0.06252018540383829	0.39110291645935635	407.1894785706472	988.2530394329835	41571455.30250659	422124134.0119477
1243	4.531522018020041	1363.135136256609	385.1070190799903	9.908989480761349	-0.4004663592523474	529.9356700535313	3326.6521755795575	0.027646477646467896	0.18195381403881256	524.5741025281447	1268.4630044296578	364164323.7364977	3377220279.667907
1244	4.688976621022448	1460.112742682717	348.6610092053721	5.849222261268197	-2.619084176800994	5581.459321571621	28117.794178625627	0.003642015769297551	0.03063477819237932	468.55846646054874	1147.8010816723863	4197445207.301323	24355441157.99237
1245	4.001782626030035	764.3518951426738	211.0126042397027	9.275865199065239	11.53255880053022	17.81751959663956	75.093716322666	0.33963722565920923	0.9318583541146258	283.3396915199028	693.8200890331232	1926035.4159840818	13439709.600889962
1246	3.774492900003679	760.532979872871	222.2074178825319	9.227441773967424	10.19149401848046	11.65983683621263	68.06783624538562	0.46045782321652234	0.9388627218982126	280.7263596569138	724.7634735866379	1169427.8700390733	12484113.36164707
1247	4.279362145985942	705.4084309944863	234.1759019822633	5.936497179659727	4.513425281116432	370.96674375959157	2654.600540710314	0.024534256915590195	0.1981827362067955	306.34827326429036	763.3273028898375	32201951.845441632	466694626.9076765
1248	2.689399723021779	2505.688733334213	490.8803490711396	8.953808842156771	-4.287325076226647	12237.654801020153	33338.70329994695	0.0013247552205263972	0.012296399761039712	659.3058657140405	1614.947592289061	36791488736.21591	114767219120.40591
1249	4.469426759984344	1199.058598416181	302.7185743347084	9.261982624944183	-0.7905641744899962	507.4238273007887	7225.703361645024	0.054550545725616274	0.24657968892905407	409.1616512885669	996.5798930224873	222668025.93630543	4300619151.801959
124	6.173826940997969	727.7997688790318	235.2612810286822	7.875365895306564	6.298663004209841	156.79655181685504	723.7516784872354	0.06484694008806453	0.3751342148302729	316.9835505120561	776.8627708874844	15857792.980101347	116817604.1470175
1250	4.548277219000738	887.7289238373144	337.1018256253089	6.295234928207734	0.3808904401250581	742.3342355615076	6291.238792991812	0.02381281189019577	0.15910516718121673	459.34900571557694	1141.2492058607818	145888087.41258258	2577026852.322839
1251	4.090477022982668	1058.290126099151	310.383863351915	7.741776699749659	4.771837448102092	333.84837034698637	1573.7431616643446	0.027700446070520163	0.224967587449156	421.896959413403	1022.4422610232034	107123730.86665499	714646178.3778229
1252	4.183924464974552	1010.107754972221	319.0513843710348	8.278462265379822	3.695068319130812	1009.4837063763746	3984.08497700482	0.010126383599896097	0.09027196419775504	438.9706645444977	1052.9271585539072	288191456.096093	1362582330.1095831
1253	4.512699311017059	1280.213598167576	331.593366041236	9.153464960988279	0.8161431691579838	571.6206517347937	2639.9646915411927	0.034459458653871344	0.17853401149623016	449.1258878094434	1091.6899814748056	293277354.4737575	2010129609.33611
1254	3.474052877980284	422.1958697983567	79.01089802805008	13.94744086891176	42.87551269824124	4.560746389267155	17.36174818767272	0.7548615442992134	0.9998898294333032	106.00620541928839	259.6272598572483	64057.54485937214	327664.6347391965
1255	4.629307131981477	246.0504273541939	48.05256758223954	29.10487082990273	84.47142399011246	3.4015668480592653	11.641858327359145	0.8635240906692686	0.9999998935841449	64.46455291741742	157.96513320759763	9863.04335727734	44692.25150586805
1256	4.676608658977784	1118.294824776313	314.0371810425636	8.599000858719545	0.1286196062961311	477.4830875987318	6015.535141975514	0.074089353828345	0.2703375850529942	427.9158415955071	1034.2624120585801	175615623.72727606	3380612948.424592
1257	3.362804784963373	221.1883346521537	45.743554729952	6.349904496490481	98.44792584763726	12.57949795165076	54.4297014346295	0.4271580869325444	0.9718687742333363	59.92831132429589	150.79536837307222	26761.57497558604	136694.6165194516
1258	4.233187841018662	623.2387075227709	190.7347347978213	6.923129046274635	14.45073251838317	219.2541793836148	1471.2571885983577	0.06313792097140368	0.3376230920786787	252.31219179909039	625.5536610939107	12529049.201298414	136492729.48137572
1259	4.263298412959557	730.1572417333629	220.562309282751	10.75260976185059	15.09444196986664	325.4784723535279	1414.8499383861133	0.026359206067996254	0.2202363673569519	302.9676898495446	725.8274816025003	35462473.327489786	175077195.61671892
125	4.823891377949622	467.5369738963296	110.0952717691129	14.3788473701164	48.83542640117624	8.082811079735883	30.4749835438615	0.5689762122058548	0.9849563111483607	147.34390746560314	362.5512297813515	187455.7933166544	997104.3336791954
1260	3.058489166956861	1547.488637615842	366.8691583287948	7.825921222141686	-3.343810135939831	6783.336945858625	28045.84938505542	0.005659158157902363	0.04479710788890365	490.8055687277558	1209.5373472257797	5780262919.556201	28555434397.799088
1261	4.593701122037601	972.8116003080673	302.3794297240377	11.93586767096618	2.910691787299784	129.61707259713177	827.0916060558641	0.09148002366906248	0.44382323687514563	407.89636097522373	995.1977079563231	30920484.07512677	335617208.0431771
1262	4.749127691029571	518.5305553621035	109.1554323472011	18.38825968674034	43.28432649023536	6.866051735132957	34.063324852680964	0.6026492564822741	0.9982361678020215	147.3734168330921	359.156279154575	211021.6048984477	1310242.6037991925
1263	4.071760146005545	1040.153793881108	311.2670277922405	7.877736894338654	3.408029042251649	331.92342866165194	1553.7715459457302	0.043136320281528404	0.24371901611617974	422.6237602945606	1025.6665157710195	103298528.75632195	687009571.6684513
1264	3.146889969008043	648.0607047064041	214.2792733776189	3.719673341785768	4.572181959984352	333.63795990717784	1438.1613576383909	0.02943840506493002	0.2335368093725615	282.4381772591397	699.8528694906695	22953718.08625613	172938210.67920983
1265	4.623844519024715	667.4766824739313	192.5819014032784	12.47973253372103	7.209593606428481	20.734741131436092	198.1856649804862	0.3173325999530583	0.8069701168175759	248.8274796600399	621.2688294933126	1523921.1037134614	22651160.17973886
1266	4.153218763007317	352.4548430185538	70.18969950819817	16.37809294311292	125.1174864918533	4.735954233127276	17.352923372758312	0.7687248677075522	0.9976082692781801	93.1785330632606	229.70891146030561	39876.03885268053	209954.30849559527
1267	3.972596934007015	405.7938935730744	141.9671930640881	3.359503896474454	8.042128518492898	20.974248922737267	107.44026990148063	0.29775374625711337	0.8903254820903641	171.74013187749966	446.46264160713974	306348.382240009	3145013.2809146955
1268	3.977403333003167	1043.793909750661	308.1693668500544	4.515309285071387	0.3860944281024936	705.0570194466522	5062.229050257842	0.017224791706338498	0.14151500119588686	419.1680128949936	1018.5851262699986	233276523.20267704	2114534070.908255
1269	3.242825293040369	1545.245878809299	372.2495305414865	7.880274803768792	-2.590381149636915	6888.5059996283135	28634.72753323078	0.009141474756818178	0.05610451190692878	499.34886213209256	1226.3808761377936	5945440032.664435	29529222479.484226
126	4.636397600988857	400.0739102089128	122.1855194030485	17.02871432536292	26.61785190510548	8.550423940162162	30.542337867008325	0.5527706524322548	0.9984851636272638	173.3947606266259	397.03878588113196	130887.11709533428	672015.9068273113
1270	4.734612309024669	1068.276112059031	314.3996113022114	5.900814499421877	-0.5443150043579408	799.0658071448981	9401.085368770642	0.07093174775837331	0.23839670994353368	426.50190437514664	1039.4825220533357	250002334.05538073	4623500755.90809
1271	3.424985159013886	2130.241955274362	409.6303247848367	7.562621845830606	-4.022764740581962	15019.34014152947	34221.17070636883	0.0005698944744936236	0.005606812743144318	550.5575897695078	1347.3502210392858	25484761566.432163	71383252317.07637
1272	4.133954030985478	539.1406716071401	145.7111904098897	6.021007705169749	11.74775345529767	117.40733108969533	428.4948045156618	0.11110877810976483	0.459056303460332	195.74983581051907	479.1194250064256	4484982.723643645	26486884.84270829
1273	3.024565978033934	263.5770239779657	54.50505115057341	6.438993474978183	101.0539020283368	11.65935842143452	42.272543913225	0.44918946971973783	0.9878679521747321	70.22010971326893	178.9007582074589	41252.33001513835	190858.1450000828
1274	4.565273326006718	1147.457876462894	306.6711882514327	8.847077648591814	3.150526203496184	799.1896769200579	3205.9926296765652	0.014365363767237266	0.11289158240740232	415.02979460603103	1010.0329165631047	307706203.7053552	1689713175.1704078
1275	3.863480931031518	717.1411297920929	244.7495501543036	5.913254901591488	4.636070938318356	189.86334657559158	2392.883525299341	0.09194344346709511	0.3706842217104708	326.4298670802326	805.7756891144713	19175954.406935923	435871626.4351086
1276	4.060715597996023	758.8804886228457	249.0886525072057	4.411905497621173	5.483714780088753	727.5581493801064	4973.931585481093	0.01685898864328568	0.12458059783004038	334.8062361583799	826.9946433448323	90221399.82288381	921254055.3512692
1277	3.990212247008458	822.4424380566711	322.7854469921334	4.015400241958234	0.8486082155906964	1832.2171599135759	8571.101979471505	0.008012504216455931	0.065855360484047	435.97272844881877	1066.425414030002	287657763.67421454	2479953543.603083
1278	4.561097509984393	1074.423425456399	347.5568795011792	9.229697757599453	0.5299752010344005	149.093387335614	2413.613264726763	0.09881015448637621	0.41579430725729216	473.5373699923955	1146.9590217515597	46643692.844556056	1492019425.216093
1279	4.569894522021059	400.5844619591019	102.3432881672674	19.64875141467133	39.24631886633611	2.3321172140316624	8.396618160959754	0.9315305012111601	0.9999921667922463	137.7084766896853	337.4570688045424	34999.07991155496	173010.13415441252
127	4.605271879001521	1003.53770026286	330.8415433334711	7.788659977484586	-0.9808510212830576	388.7149199916554	9156.877918644472	0.07147043492616532	0.31632155574070553	463.32499007903994	1087.5872260616466	109768968.01279458	4527960204.589235
1280	4.657039584999438	1081.311647922898	322.6764496023901	11.60728048091957	4.434275650080409	300.7319829342151	1714.040916636232	0.05358418284583484	0.2775449664282937	438.03017746985233	1062.6376607034701	104862438.54737206	866521136.714719
1281	4.634421679016668	1095.685848934236	309.3320626730434	11.11935672845473	2.688639897757752	490.89619375442567	2404.0542785287707	0.025807007047331607	0.19149756679384528	421.00844584399806	1018.8652226873166	170915619.1697366	1166982677.4461539
1282	4.668476318009198	800.6347183206669	238.082651076438	11.40563815696969	12.99187832275048	162.80080002263614	735.0455479574008	0.08700644897191552	0.3828244137000351	320.98351519757455	785.6176931788704	21988793.179834407	143276886.8259914
1283	3.185733833000995	644.8335772185211	227.6173233081107	3.55790922418862	7.163376267661192	172.69687606118137	1106.7124172410379	0.06248390183198127	0.37893208176522264	308.4322033364461	743.6424333158982	11335909.957655607	115916686.61924459
1284	3.574668920016848	534.9210279058964	240.8572712038125	3.872772633806992	3.505204531141608	239.85864726300167	3890.9844792742388	0.033505340276039665	0.2728961878629699	268.09901480962776	797.905527069359	6295159.335762599	613007667.3164886
1285	3.496658708027098	574.1341933636745	169.8252309009447	5.54277294205567	8.258833573014126	24.256207844355224	140.37330427000765	0.2631673092860268	0.856530110763057	223.9919876666637	554.4550496624188	1141946.702766641	11018162.360370643
1286	4.64847179694334	922.4762253326038	280.5863236400631	9.716293220089003	1.688597363993307	43.40395470349665	1024.3388916701185	0.20766930119013421	0.6738383832460072	379.7065690005395	923.5810997568619	9503612.134538086	348580857.38643646
1287	4.550793122965842	580.6117146485192	138.4576289023392	15.87239715493489	13.99100632929925	9.184666697996123	36.73336149202038	0.527816118700604	0.9829678447675664	185.23263034983523	453.7606280569823	394026.9287463004	2361539.0596039393
1288	3.93047383800149	519.5655518072905	121.7073958436898	7.788164616967261	20.32693968635615	34.92907628889974	151.40004727216734	0.2142057041261659	0.800938394844389	163.5179432775954	399.9822997054798	1118282.1771085728	6695135.870730858
1289	4.206879148026928	956.688776803655	306.9360172163624	7.059114976735107	2.577408057149033	1255.92270120574	4467.540154468621	0.009548156521043745	0.07693094985574533	425.5043098571091	1010.6108557611512	272297392.0951298	1480780114.3634167
128	4.644767449994106	1188.727706766896	318.2523394632385	10.83747872084661	1.740613364115752	388.4698242748164	1857.3120880794256	0.06020428721601333	0.267045308706491	430.1891494616748	1047.9203686766436	161435284.32363674	1132812366.3988836
1290	4.104438651003875	319.057361293439	64.69014228812684	10.22963535473377	66.66050479925023	7.422275791371584	37.799231512917636	0.5910131128153255	0.9830340670542865	85.49795429435909	212.4301197023788	48981.91916095646	325099.27336859267
1291	4.574634189950302	1214.804750893775	317.1129072843131	10.76812539294187	1.495013389386121	479.3310115358624	2131.114176307453	0.026532541815396656	0.1812680668757366	430.06859542372536	1044.1620168142144	213529451.13614038	1360362209.0839806
1292	4.543719048029743	1328.35638219715	293.3614699772753	5.705534901191319	-2.985782867404437	11572.42440238405	32915.78255921448	0.0034820442403883088	0.019592836316479727	388.8774043277392	963.9869066454248	5591515814.431316	18602937745.57259
1293	4.240900990960654	344.0118680969172	79.89912067641195	15.84722306784946	45.47675178652116	8.789412806847944	32.92870927393806	0.5434137958340177	0.9936896705372631	106.43647744037236	262.75532658606414	79954.61176357695	406629.0103564993
1294	4.183635007007979	342.6205755922167	69.37332258824564	15.74768900303807	92.40193152043645	2.713941404621754	10.590015148582204	0.8885284238625824	0.9998092502788004	92.83627099644872	228.41696992138904	22118.43235656011	112846.76140079524
1295	2.856977607996669	1621.836030434059	355.18425008421	8.439464243802956	-3.570458054949892	7650.888555090756	29034.442546322654	0.0027410982520126048	0.02265255182255919	476.30560516550076	1168.729055412884	7232873269.871502	31701722117.238937
1296	4.598352252040058	785.3407552612573	242.5655472244012	10.89771618289324	3.268345422870769	55.83272012700352	292.7482054408068	0.14166941594383275	0.6931552865442181	322.03950281813684	794.024053403144	6492777.391607743	66572097.91468867
1297	4.229316951008514	1022.605978423863	315.9642450534662	8.637146815642586	3.683493041614637	686.4800666616849	2546.5530110368018	0.010867655462758198	0.1009668748274063	432.8352110908984	1041.7838237436922	203028730.66057438	938383370.3926396
1298	4.154517972026952	243.3577831262079	47.71405599755654	21.47799528103589	183.7344857812395	4.124664491382569	13.950158062809779	0.8111872938938012	0.9999982253786709	63.92046679886508	156.8248773392207	11443.946075121992	51972.818337698176
1299	4.481794452993199	1210.20924818291	342.0777683950494	8.885171637931226	-1.236761055289753	609.3236973735335	13189.806263671175	0.056043850665064024	0.24113947896383556	468.766866991641	1126.369396441784	303370869.19945544	9047170812.483212
129	2.719528346962761	631.6013752602018	224.6899499696803	2.270981862536296	6.04321277111675	478.14481130929653	1920.4396881333305	0.014441619333952238	0.13745028208857385	294.8463845963144	731.002564102256	31149536.58419928	199882403.96131888
12	4.72041003004415	991.3277923021333	300.5914705865459	8.2026147651255	0.3069461319577413	173.25366726938591	2059.0564607835295	0.07974802141923894	0.39955271567180517	409.28471051826716	990.2369160047878	47756336.606407516	890265016.8733945
1300	4.722608768031932	820.2946988645655	237.851099618074	11.27234568352239	5.682675283644469	115.45432496851208	473.7999169425984	0.06998613870917444	0.45416472381644857	319.57023798891476	780.387443211893	15891281.141968288	101895431.34296
1301	3.381273813953158	263.0751572552013	85.89518450645024	-0.00028171278438549	49.48413256254112	8474.057940639108	24938.163715305418	0.0007793907207000451	0.007770751956539534	121.07763515341045	280.93861690818744	41256629.33813229	107627037.65507062
1302	4.089801548980176	699.2643438534907	180.0206971580155	11.08944467474348	18.98132805635557	32.96615722754674	140.31510424615942	0.20135966384057263	0.8333615319998595	242.22164438495622	592.4453616742211	2732395.3312703655	16847094.131802917
1303	4.478527337952983	1160.707864469377	313.8406741243648	9.322717768598782	-0.00066977716085458	169.67196328016408	3739.5574813117123	0.09234237320399213	0.40935737018100643	424.2735025787946	1032.8544876765927	71759677.58948079	2256329049.4969864
1304	4.639221306017134	1164.984456745756	290.1404832757303	9.28312844159304	-0.4174317811084216	886.8880430411465	6412.263805583923	0.02571508242837126	0.1603904303529997	393.5022344938552	955.554023363373	351857565.6390055	3490683355.1185703
1305	4.01636738202069	519.6689907501235	167.888735204305	2.457670966571454	15.58137774129645	2174.4153756920277	9501.046989730497	0.009289295768216169	0.07874582714784328	231.5552829293988	551.168688269241	78733672.23206885	467075079.01278746
1306	3.089612910989672	506.7174478580608	159.9451116977025	3.87266709507035	10.26226741231051	112.33551177652416	484.37146864739907	0.07302195646088731	0.4652053424552547	222.22770240040188	525.2496383199127	3756199.1649711137	19532443.305336256
1307	4.566420086019207	702.7944249134591	195.83765308363	13.34390533809352	9.360702660149421	5.5082457700454315	31.07434702743972	0.6692254185182406	0.9788020777789481	264.21515711277175	643.2090415071477	488002.9850579911	4288956.92148454
1308	6.717442620021757	298.2948305014228	105.7244057750926	1.482486989118787	37.19632089911865	400.11006776221853	3534.948850624249	0.032510949634442315	0.22478501021513903	157.13466766566503	337.5150479074521	3548245.580469906	20632127.338805534
1309	2.667591981997248	2431.239488129635	564.2352136404459	8.81764370761948	-3.573164402103858	7007.384918451865	30081.238574634484	0.006932063429183822	0.04335574668459193	760.9950419182383	1858.5768434424142	23812626074.951454	114281246887.58513
130	4.098974312015343	845.5992059997925	245.0744041525723	9.156446436546283	11.8661832271595	118.33700595713616	639.0631541407288	0.06314386221607798	0.44961562601363786	331.45884204731374	806.8092025647195	19174190.36593005	147653463.3780358
1310	3.946340419002809	573.2345887922212	160.4442572408908	5.056489135671278	12.7896211668506	80.39343792222687	1112.8242014046589	0.10673293977087812	0.550335786690694	211.84638352928158	527.1088171004255	3958188.147105301	72626082.86814085
1311	4.698732095013838	880.4626129556518	255.8982337827646	11.75437430615283	7.960327930894866	188.88794744944786	1229.1746216161262	0.04488432199046773	0.3434832213838515	346.2758949063866	842.2805498411755	35732190.13851753	319817848.35521626
1312	3.924867952999193	733.1074326250393	273.147787884945	5.810995422650406	1.1828460147508	75.52695603313332	2154.2957067664847	0.13432485735248603	0.5544642561306595	363.82691194815186	890.505946933353	7812396.751437748	480082929.0091708
1313	2.917246475990396	2452.359623004332	537.4585884415374	8.73532028604132	-3.414157327576563	8828.548006465442	30189.827880657158	0.008097093039073668	0.048776628495647116	718.7939027892421	1768.072388074781	27770345474.482426	112703477172.5984
1314	4.441034307994414	1163.540726661397	343.8642900889919	9.272427217699038	0.651126006637268	424.95576254482575	2288.7462596551413	0.022909179120174	0.17906562454084798	469.6865297982182	1132.5039972882291	168739954.38645244	1508971522.8921833
1315	4.437564341002144	1309.019854935905	362.5691003800442	9.694784256618618	0.1358396395681649	203.720035360506	2474.54257079994	0.06501147103667454	0.3487669050312674	489.9775636902366	1194.6265580490904	119383564.94345927	2252093749.0760765
1316	3.16344058100367	1622.034048656958	413.6145071014492	8.400689657931409	-2.242905451987114	2711.5977768706903	23564.099387474456	0.013054142922400438	0.10248107659828318	561.9428161486708	1362.8707405821392	2972715453.72508	31130106238.8238
1317	2.690925994014833	825.5716287875953	268.8931455359753	4.197545708323769	6.349635823136377	573.4358967036057	2319.3367424733365	0.014129007968683095	0.12404673139922254	369.4680781460602	887.6887690854171	89986976.41218208	458391781.78521395
1318	3.789922497002408	928.7372452802776	373.4989537792172	4.947774759850037	-1.321094433659678	1098.3867768659265	19586.01554162175	0.01810697962558366	0.12348731455672231	550.9288439323691	1223.783511742277	228885894.2491458	9102131089.86888
1319	4.047974020999391	994.1092481791618	337.8902895340012	5.048685004928929	-0.5358130908384012	1045.1119620373552	16560.786282768895	0.037742299668203715	0.16204515614422133	464.38727994372573	1112.028131077496	283858920.9344232	7910592054.795707
131	4.226888439967297	749.6468981364524	223.0805071344061	10.46454375011195	15.11966170955592	435.80610340048713	1790.2865982455592	0.01862342187738414	0.16273951239440762	304.99998562279006	733.9520710880037	51519464.45184473	242940959.1765735
1320	4.076329005009029	361.037791305088	108.5608246175207	1.689695879009985	31.50485034661391	2783.968651125252	9234.267063502859	0.006020865261935613	0.045025792453445825	149.80062630697847	356.37045194292665	31399908.900900986	137746973.58564404
1321	3.969293706002645	751.9215796447925	210.7334842880239	9.457176709693481	10.11970802487924	16.665678452959707	376.08910706872496	0.37666436636235573	0.795186706188351	274.06670325131824	689.8959054464146	1656145.0741783509	69179404.79239243
1322	4.753576099989004	313.7121461930765	58.87332447037701	24.29958521313404	121.1784152583097	1.8606797617028865	6.1556802534584705	0.9706438659825587	0.9999994017666953	79.01196893832207	193.47851022041834	10581.413121917218	48325.27118385991
1323	4.114617653947789	857.7739669066287	308.2938415510923	5.278264781222417	5.688533789213734	411.11511529694894	2628.272041449482	0.020735480601796235	0.17140023676832977	434.7153389066938	1012.041841893807	74098170.40319893	636279757.8376
1324	3.242245536996052	225.6295489336288	43.55168175780542	7.858109923806978	104.8779590735833	22.589420637318653	76.32451233099732	0.26530649096018105	0.9508668760329532	57.2904361350534	141.91323963954525	44521.1326832658	183682.36292036966
1325	4.700462919019628	353.4560635871106	75.97605005615296	21.29307868108445	65.20128027101238	8.101542628835926	38.81095255329978	0.5621498500261802	0.995681882914778	100.5481030398812	250.34661912865874	79285.80303549366	439196.50789048127
1326	4.074375546013471	1174.932981498427	353.3135069649127	7.121972356004316	2.055263217014313	1838.391438496728	7409.190043229435	0.006018450240784915	0.05582431476105111	482.1456712229632	1166.765832411355	808109642.9124576	3990784940.7645082
1327	4.450760769017506	646.26769724783	228.3672969353298	3.510884927797258	7.100148136738179	1651.799564829869	7523.627180635851	0.008063446335375708	0.06857469742987019	309.7365739405609	755.011696961199	136781383.31743804	798283960.7514538
1328	4.207721040991601	869.8169232095363	277.4475262041763	9.14617230414801	6.932191514853494	428.52804708311146	1488.5191682223858	0.01980306548186201	0.16647931951374784	380.4310346924698	912.8048408167986	72004733.51041134	360160012.7142744
1329	4.31773642799817	904.2404316823886	316.9094180702537	4.166600050254763	1.444482115204342	2272.9202124739472	10372.63990859087	0.013708894000796867	0.08242814780589337	434.5431069419983	1046.0539409722112	473654813.5918388	3247971991.4421487
132	4.448437130020466	1226.919352755407	327.7117798244801	9.029912371770099	-1.037042409543183	306.6206223927928	12614.498510034839	0.0833986754153499	0.3382201490033184	446.2964115405364	1078.9875165918374	161836880.32627732	8133619300.012278
1330	4.632400129979942	1077.398680112391	297.3627326473318	9.223437343353558	1.942470114019675	575.956351346616	2653.894312332345	0.027301286108181076	0.15385205971569377	404.2308081900079	979.359749501175	183646667.45714244	1204448959.2604125
1331	3.642870322975796	579.1496565738687	170.0251339437881	2.395848861164973	14.46003777704329	409.294746171767	2941.120967426085	0.023175645990758692	0.17719342930533713	231.2699127282571	558.7703602789578	22120421.491693042	174478390.67209032
1332	4.199220507987775	1128.658857722382	343.6592170849925	8.804199425155748	3.495169337783136	840.1045897101188	3135.1988561794747	0.009720017343284832	0.0888334010055468	470.04698030633324	1133.5683331061355	331289163.81715065	1531824452.6377258
1333	4.764961738022976	720.8530837648078	200.3018346255643	12.7750394733202	12.98899830050227	46.406532617853635	531.5030855536918	0.28142747372528193	0.60105705349125	269.1536951346602	659.7250406143869	5378836.136157275	68002260.19435473
1334	4.271956874988973	399.8835356562871	94.75676862702547	7.418141045627515	24.12765879643049	29.658383470559396	103.30130577141335	0.209649093776517	0.8930222923287461	127.87321275148582	311.7642237363938	427650.6419705031	2074004.580243636
1335	3.86704343900783	793.5019621597122	193.7752303581976	11.070669723273	12.94730993196158	4.922977127509228	24.242664853967096	0.7275547445928742	0.9615989814080592	257.3617850674784	634.9875765445493	550562.334656017	4352867.827926614
1336	4.186336113954894	1023.776148529284	328.7708798184179	8.66446008471086	4.90259217759316	436.48831131868735	1721.0364226880095	0.025737507059022252	0.19119528995125287	453.399152553216	1081.7258867158453	123085648.21897215	656736207.7064987
1337	4.04920273803873	1087.018963168648	319.8433199940743	8.192125986603	6.309262233249854	368.68598725174985	1370.577119055058	0.022531222781495826	0.18728738726053923	434.741665934881	1053.7247410511131	125656692.25725296	665845929.0514514
1338	4.477670682012103	1348.436718511676	290.4814622722042	6.916069751528548	-3.468422558861763	10213.271200154044	31588.204439025623	0.0032935977790720388	0.02390787723007045	386.9265839179668	955.3233239647639	5164628418.407937	18697250414.900703
1339	4.499032316962257	1321.745464718735	301.4096918609992	8.20295614113213	-2.352303649338448	4536.300646918582	26226.081497748204	0.00994992140604461	0.0650588600300683	406.5042869829631	992.2301140738151	2441819236.8234625	16261201111.71205
133	4.734484974003863	574.1258351205722	163.9893301230782	12.52768876039769	30.17904104476905	78.78363987844186	394.71266285278944	0.11945262337788932	0.5695443514656849	223.82543459353434	540.776852129211	4221263.748651899	24266289.37036963
1340	3.848270344024058	873.0743443979817	282.0370966129026	7.263787929386456	2.031047070989292	71.45747172472274	1209.432609156622	0.13091382380152208	0.5763164661477984	378.3851182111234	926.7224481084554	12710878.14011057	373566527.3032542
1341	4.765999205003027	915.0753024344629	276.9307864604839	11.25003035878467	8.282919177154039	353.0328667022872	1226.689260601493	0.025861710966677217	0.19242891612226798	376.6932847707054	912.7582174914143	72743462.43028004	355972383.1494254
1342	4.704703522962518	1166.442236874755	337.7066109364726	9.657321317361756	1.677609994753833	320.53594997970674	1621.9115995697805	0.04698296044081574	0.25987354864089246	458.3907744325634	1112.3853867894104	136150956.13387245	981513566.1556345
1343	4.770081583003048	443.0335295592222	110.9711646187501	17.21565283018587	61.59534974097854	17.52227634369982	80.59877892066845	0.367228215532825	0.9348477453396328	147.73889694251045	364.3087900517955	376271.3900159622	2178980.544469736
1344	3.986576616007369	643.961318945605	190.8776950370819	10.26191197007883	9.055038742607904	74.1404073739398	269.83290261844246	0.09239760889762545	0.6045034083249211	249.0093169663511	620.2312510610642	4610168.694411165	26756139.95885568
1345	4.656509638996795	223.2258837014138	50.95534422647633	29.45532415546906	135.7181461991739	3.4629078273614	12.067808144656727	0.854988530366059	0.9999997672074732	69.43674178168553	167.7466161972934	8005.1259289074505	36089.26518839648
1346	3.988932790001854	1053.479231076871	299.4735993804338	8.738085577899483	4.980880206718768	68.34592970179078	896.1382619157762	0.1575970514543005	0.5777311351719824	401.65876994768155	984.8778353499201	20569235.852257386	405787994.03845114
1347	4.580840441049077	1317.843251214354	350.8370468510831	10.63207488038747	1.19359073984332	244.7820285484385	1313.1000779614162	0.03649514576005776	0.278707664574057	475.933145403626	1155.4007537691778	144479467.3433188	1089720644.4953003
1348	3.87353585899109	789.8714905446728	206.0703651787145	9.241673288102055	9.742856672184805	10.287169218264504	80.09922014843598	0.4922921208614422	0.9179821836247801	275.36310077576024	675.9531487857927	1265422.131166314	14374856.568529958
1349	2.777838053996675	2165.57263511683	550.0737947155654	9.31395413316329	-2.732178510386347	2044.3570619266386	24570.630576197884	0.014894953901723277	0.10530682377458528	747.2390959218067	1812.71090521611	5858750339.3938055	75484507282.43155
134	4.41981161700096	1361.635471610045	365.307534574982	10.20752743279933	0.3099248458643523	529.9916748724156	2868.401147489909	0.024428967251200202	0.1563505195149202	496.0660459986102	1203.242010412591	334387146.9218033	2668772954.773309
1350	4.670797806989867	872.061204216283	247.7350252265455	12.68931262884739	8.795451497501482	32.351947749290716	603.3690681638875	0.269747450178983	0.7019485822995816	327.0224504283053	813.1273380401326	5433322.135445373	149171982.28646028
1351	4.348738013010006	583.8801460145212	151.2636870831116	10.54952216742255	19.07414455428352	131.47813933912687	486.2815718216981	0.07853805952187284	0.42105873051492776	203.516894845261	497.397610753913	6360357.1029505	32106453.00153333
1352	4.281084229005501	568.8369755565701	161.0115243314913	10.01074522101767	19.24755228275067	107.32064111471206	1118.9816318790918	0.10591071783096674	0.48506521037154676	215.81258525885437	529.1298671341208	5470886.37641061	68402734.63529295
1353	4.417493583983742	771.2754529891788	264.7904106558863	4.360076661865461	4.155720007057978	1281.7234472006805	7132.447492876123	0.02379102533861614	0.1186568072967339	356.8747110280657	874.8325886171809	167283680.60449237	1387699129.263468
1354	4.692717542988248	974.3817167367722	275.9623838297581	9.109497869458872	0.04679633713923248	491.4455334087262	4366.095179481885	0.023723197372657847	0.17168273737578	376.44308874345415	908.9964530174325	121415216.5488482	1554546246.631142
1355	4.14671796100447	892.9568465940362	297.1618956300395	6.402211178153979	4.577822376154713	595.9388701771657	2383.8248602670337	0.032148402386147766	0.15775111219125248	404.7863481925848	979.1309957413534	119441716.83491187	685090328.5847367
1356	4.503819529956672	1398.302675221385	317.7002926536239	7.072211559290055	-2.968260259324735	7842.1873084334775	29982.461111229597	0.002398498657473969	0.021358918025179807	423.92313421265385	1045.1032023223277	4733188766.461955	21065550239.295734
1357	4.575693286024034	1238.430092173636	314.5278290572264	7.363080208993031	-2.441759218025725	3430.981947131435	26859.53230620829	0.015255182684695457	0.08515520992120888	424.3465619079893	1037.328898477212	1654162251.861534	14776754728.981106
1358	4.429051293001976	1398.388439535967	397.0798566369866	8.856292312399352	-1.926093746018152	1050.7822331766681	18777.53678781235	0.06424550412665235	0.2269041055959901	544.3318215995384	1310.5426648981695	804709904.3528776	18278793247.27856
1359	4.020075426029507	591.5027173014207	236.3816544911422	6.644192994392334	2.37457516864346	9.453392561184097	859.5467351888639	0.5133546315994902	0.8196949910576024	256.22872406277594	784.1769310946934	387001.11634283664	160734290.77473196
135	4.726451357011683	426.3032607823218	120.1359530946262	13.26915747282009	39.87997189595577	34.541130819991565	202.79445145875596	0.2633101417905325	0.7541049562370797	162.29409760067068	398.2721715698968	664862.6433070746	4592368.566419938
1360	4.045743624970783	679.5472502089178	219.4187031904227	4.797928696771332	4.172997998363257	247.40568010264772	1526.1875568583669	0.04500843349153868	0.2815755249168851	289.09962259299664	721.9097861000787	21029972.53658149	208200207.56481692
1361	4.078384371998254	755.5409487964539	243.3329629816845	3.879125964838007	7.396449830992669	173.5620166592232	1074.858116833065	0.0651471906087791	0.374683559429364	327.21338194710665	799.8575123757412	22644626.672802046	165248543.99098644
1362	4.842883033968974	586.0643772169951	192.34980624092	8.574760450774143	9.377395579867876	84.36842368760543	486.72727457906603	0.11478231912055792	0.5366932916071446	259.05691666575854	631.2360490684327	5081355.537719486	41105499.88870821
1363	4.140729012025986	734.3545242020468	214.9970272961176	9.010497329046983	14.57197363836418	200.3996438864489	767.4903365181807	0.05138930080758936	0.3064167791607136	291.6916064170632	708.6427270543996	21304033.4714785	114299093.1455568
1364	4.574672752991319	1079.052175195483	310.0508483688977	10.41366125995591	3.305214188990555	109.44650890615394	931.4778978865271	0.07613763233142466	0.47261153602150957	421.2153471282563	1021.0272536141525	34894233.16566443	467261529.12215567
1365	4.347274005995132	1302.342614134784	390.0401681842164	7.409030362263828	-2.082647401782491	1050.6745582283252	21411.77084257434	0.052346143210927454	0.20695909683555855	536.680455517672	1287.6394327085923	700245854.5817301	17363104630.96751
1366	4.416671606013551	1126.628618125529	338.3554998283365	7.463599734073042	-1.931636258057986	886.9955957520345	21595.57367409457	0.028849621748195126	0.17608969072500313	472.8058379420779	1113.0685459446001	379908526.2654418	11544011470.853495
1367	4.547698704001959	671.6145051113563	194.2127501555851	13.24892001284297	6.915974862987498	21.102089956989804	156.61281303888018	0.29985550385956433	0.8514638712398034	252.72806754692112	631.5874498688852	1536717.7307112266	19522795.523428462
1368	4.33011985803023	726.0680534549422	218.361490219275	6.181404740958255	7.242321508647771	152.1236986640852	1079.794679688984	0.08414799054860053	0.3917674558701047	291.6818615300864	717.402071196969	16226763.144161385	158129795.27637684
1369	4.343276951054577	918.9996243351782	330.6491971594145	2.475694696057115	2.386968523513499	1862.883940798209	8238.054891458343	0.0056862045362042575	0.050923693430265475	460.90282243737977	1103.229078693117	389010890.9710206	2609922691.492719
136	3.510217453003861	527.786324674806	150.1803833314384	7.67048571612542	7.766832141196885	10.114481859324625	50.5612266490759	0.496509933518051	0.9532003916903712	189.6303239818788	474.46377454416915	345469.5276730497	2839528.5110220737
1370	3.949183218996041	863.5019620216151	333.3903806800014	4.275404955658925	-0.5930983877295679	1685.2310939493823	10902.400622395282	0.032045996217343706	0.12556953058120995	468.22551866597166	1136.306223662371	308466374.90330213	4668062213.0641775
1371	4.28156722796848	398.0372788395734	97.12171831969019	12.68582750903856	41.3392289208303	31.940572168545486	248.4656782311615	0.2784672340264709	0.7280719217373084	130.9776153145815	319.18330222784294	525681.5221305867	4634986.330223781
1372	4.566266372974496	1050.707623050569	310.5111883515643	10.54832720474048	2.350493205129475	108.03381776893806	1764.361098680059	0.2135596058619716	0.4892233203751377	419.56150583261024	1021.2654141340183	37442932.651946455	834757890.5813738
1373	4.147554319002666	959.0117789535162	320.2218065006415	7.440552322252351	2.802258451040039	926.3395444130045	3982.572958567514	0.021271312180103464	0.15224864353850992	444.06502412210205	1051.3457765736969	203018002.29044998	1446052291.7397845
1374	3.873720918025356	1050.294391784449	343.0953596631378	5.318169489223511	0.877527345230337	978.6657523592007	10423.112579998464	0.021381193532485507	0.15844740932154017	463.71976630868767	1129.2868750349808	336395089.5402658	5128937521.38789
1375	3.897838485019747	811.7309595519529	233.3704348399379	6.840622358946617	4.544533484594232	86.78579149080268	337.90444906335347	0.08220200284994048	0.5468894232343203	309.1104758764335	761.1695284827139	11317756.53507588	68459518.25857553
1376	3.535423227003776	617.8384399017773	201.6827183951568	2.450500947970298	8.618445880236816	476.4087942374261	5962.808183177606	0.034736081178994245	0.23807407973043457	270.03046598497156	665.4460425962033	32855394.649314884	528165851.93246937
1377	4.012662821973208	659.9211526302588	317.8359338198325	6.025207083151956	0.02552415573302547	19.931599740050984	7293.226343975897	0.4204155066613876	0.6096485474165858	429.5251439077263	1024.6417252995666	996471.5021033663	2189919212.7659893
1378	3.24416724499315	106.0887850526155	23.14746040108518	9.328732101884583	312.3545008311446	9.574352611257654	35.418849281871196	0.513596398605972	0.992485054858989	32.52951881380015	75.30054421439839	2111.427854364434	9482.555162004272
1379	4.092239411023911	313.2224868762086	59.35095266149167	19.75322406968289	98.78991115785986	4.4011849677309565	15.90524888558256	0.7795929666381032	0.9999261770989801	79.48038795105936	194.95691789262946	25678.097111177427	124618.64165688475
137	4.699550645018462	203.3088584237277	61.72984825347698	16.7634745261202	85.58427736687636	2.0057524112912155	6.3915998081361	0.972675936732602	0.999999916996448	87.80160921944469	190.19847508116277	2718.815432854225	13632.826265395674
1380	4.420481809997	1011.563927182678	349.7254374771195	7.871735905534288	-1.327979626599777	369.5564088853109	10832.441457376828	0.05104495824617741	0.27319410142620687	490.07853086056593	1146.7655177051672	102728948.87721182	6153037950.070891
1381	4.54633763601305	1222.820268012528	329.9317574504204	10.12618083777472	0.7106001698372424	611.7121004084993	2610.4476844781966	0.02335396100445532	0.167498238160149	448.07640693041867	1086.7419100843015	288164803.086804	1714050378.5246706
1382	4.643237756041344	1096.957921264827	314.8932138703557	10.31417387298037	2.243715439336378	322.9682275151787	2675.450704261717	0.0916601377392129	0.31514007006910516	425.9172899789206	1039.0850959073646	112995273.02760337	1379397248.9654622
1383	3.727246961032506	738.5295840052515	192.7372604397927	8.990647174608755	6.945175279582985	7.851462808818828	42.742693548144125	0.5754002937182935	0.9593608292529268	252.0577495236099	626.4228342389031	722901.7248459633	6466168.9576205965
1384	3.97721909894608	1070.104112287494	321.5535746151852	8.775936659764064	2.797533932455633	208.44078925702715	1368.0821021041645	0.047203680433388046	0.3067795809778799	438.03857471968513	1058.9148761956178	63919406.92110708	690328991.8405988
1385	4.132309743959922	1057.316818783074	332.3264730666002	8.44574615129331	4.989926630713794	758.6575912896493	3059.2701237862225	0.011468563144833237	0.1006476146335172	456.6515145190415	1095.4065012940373	250882933.18020374	1288544022.6241229
1386	4.280315832991619	777.233157185651	258.1400189533217	8.744680715427043	8.179411829342163	554.4452670859158	2151.032382418185	0.022086975100514217	0.14924238572820353	354.1217741869863	847.7043446467444	69834522.87448613	373884276.69609797
1387	4.204470217984635	921.633182917656	300.2517276115357	9.378913296931692	7.064166092119997	482.16581859690444	1832.2221373370537	0.018120219432467062	0.1568506990790902	414.0545697079516	989.9370284910551	103097826.65813981	484967432.877038
1388	2.560202525986824	546.6399158467942	155.2111557152023	7.448376326598442	27.81228997707229	276.41877901406326	1036.5436728858504	0.028593157987759684	0.2329813580317705	211.59727447353094	511.31334665672966	12263577.108288411	51074341.95134481
1389	4.747636169951875	663.5484618680066	151.6404074198856	15.2576369920128	19.23974755278132	5.8213101767485025	21.673273880971138	0.6857174307120187	0.9956979100027936	203.65883428458778	498.323877979726	370464.63178734557	1987388.9148300702
138	4.102177986002062	938.4486746542694	303.8841560011028	7.091651287139514	4.998987199660935	606.4162618618813	4044.3694023747926	0.02283082261220896	0.18126332747397098	415.4090681541861	1000.4616604871779	136405622.09324548	1302976051.692185
1390	4.529348282027058	1181.889485686945	354.2904284581894	10.32094645095419	1.032768425101942	159.1497642639334	2326.489992794316	0.09310407833170666	0.4191849270533044	477.57498110028666	1172.7546030585136	75829950.79881173	1575698768.9219105
1391	3.562073206994683	671.8928765121626	243.4871846003389	2.10261623629247	4.799967558611649	5315.0045192442285	15391.145400123249	0.0019454446115974436	0.01756141780222323	334.7865770211516	802.0304370679507	438618912.4642943	1792147472.690806
1392	4.353079974011052	1380.886177438129	328.7871802463189	7.788033195385218	-2.752302597004501	6577.32741201883	27602.529827094888	0.0035800684603353866	0.03050203201518613	443.8509330382676	1082.985796388492	4013542698.3548136	20716302680.933186
1393	4.702327539969701	1154.623378016321	344.2069867080614	5.519199703899828	-1.745621331620979	2360.9288216547593	22245.20066925073	0.012848920249155545	0.10031151402033545	472.94020528121166	1136.5638920693505	979928645.7869701	12440402087.295336
1394	4.705255638982635	609.3864465077882	157.5800179672879	14.85184965697831	29.66153653927919	59.67260226042728	187.16877409692742	0.11574498675274894	0.6873956967139196	213.40416617920607	518.8682110745633	3260704.186257544	13891978.462536978
1395	4.171341167006176	519.0291119373077	149.6478465591653	4.349615128865459	15.5922070264285	339.9687623600677	2064.885100990872	0.03244625704846357	0.22699351888013442	201.18477262316128	493.73941918209164	13192106.262613565	107959552.59779468
1396	4.336939428991172	827.5434628248809	331.4120465676096	8.971766286392088	-1.338814314501777	84.7424950385267	3122.68517586335	0.09092395980736814	0.5455306565648739	430.4257316114198	1112.294380004364	9831966.321711656	1686777618.837126
1397	4.218376582022756	757.588433472712	239.3555811619174	9.939641533841215	13.03633022521589	475.67741789797964	2040.7642591531182	0.0277984418494264	0.1980255520911297	327.00021163275665	786.0726853351437	52389723.53591393	311739443.4771546
1398	4.665240544010885	893.295602265019	253.3909752557645	12.17444395471862	8.377413104709014	67.37058712367855	836.3757227298726	0.21859366815356793	0.5505857483427234	341.0042108077854	834.1352168065096	14704213.43178566	214434077.5012459
1399	4.826413561007939	631.8979443209396	173.9709180271887	12.47146841919299	24.67251819093475	26.992403351923475	200.8769644537095	0.2495533772542484	0.7980825978144451	233.9429925864232	574.1713320498657	1835410.1305784772	17005876.18323175
139	4.101631878002081	596.2877637294116	161.3984954996385	8.410249409532373	22.3272319560498	74.08352773397199	315.2917936535599	0.09208210824430271	0.6018701759952838	217.12678864936152	531.568073553871	3942786.6538332794	24166886.42674169
13	4.591154370980803	1184.570572948439	306.4660436932279	9.496958392049972	-0.04615188007069237	461.8798749184531	4050.7826879209156	0.05593526343848214	0.2592297678322142	413.7593075150004	1009.3793703803335	190799713.6986323	2464196980.7028375
1400	4.707516986003611	1285.639375854873	349.7306795297367	9.73220413461246	1.644635265153748	406.85073678914694	1953.0276691524743	0.04179742604067009	0.1979340980893107	473.7203474362718	1151.893815759603	217794478.36721614	1560211293.4650764
1401	3.486797750985716	2210.336445050791	439.7361233930203	8.23562327588692	-4.365303039839121	10332.53903684564	30582.646079073947	0.0010572908302854422	0.010101885487280953	587.6004782022055	1445.9731815041343	21829925150.507565	76327556202.5754
1402	4.17126750596799	915.2531630727565	290.4683632230513	9.01344384849762	8.75324258412725	748.8913582709818	2531.7504185650855	0.01129235265201628	0.10188886715518065	399.61418143606545	954.6558635382717	155556779.9315303	668512864.5769463
1403	1.939670855004806	211.250043593261	67.24241421470369	-0.00027363057778018	95.07585323999496	8400.022988911342	24811.54457546136	0.0007874042867697277	0.007849844555003647	94.99105118684963	219.96183082447862	20623042.710067064	53336563.382110834
1404	4.743717295001261	852.297830541597	241.3806807653592	11.59693319739903	8.918328758197996	36.01378621775055	780.1468782824094	0.3352796395370573	0.6177330039887585	319.34105220003414	794.1302312413001	6368222.122176944	181345288.52406535
1405	4.118426593951881	1001.173690191275	308.7404131502754	7.235381018138265	2.023773858106003	295.47852681432994	1626.587131355785	0.029333390679271477	0.2432782587606419	419.7397469554779	1019.1400270146763	83533050.22819103	687253975.6725333
1406	3.847311073972378	723.4209422034404	203.0415992800538	9.594625194137858	8.079013542084343	83.95959532662667	276.73630511040494	0.07028883164618706	0.5678673456578038	268.6182356893979	661.4988313304652	7150804.613280665	40322623.97598305
1407	3.687162554007955	781.2937258536286	306.6734649712442	3.859251109212686	1.32935413368272	690.8547918403168	4201.4483628428725	0.020992283216118155	0.1313270557412734	405.4640002908925	1007.3391967807211	85820412.09139194	1143985853.8159585
1408	4.59095907601295	520.2585201452634	129.1823830790562	15.7929376884072	24.90472196019832	9.671755637586225	45.408523228338204	0.5106506915835759	0.9697480686741932	173.73125804284348	424.72299655563654	315083.34392068547	2258431.6785194334
1409	3.808888431987725	705.0287501672885	231.538024086835	6.852575102234223	5.626295930781573	14.812688977484092	222.41391867923124	0.4155233265153486	0.8014261849491873	311.1737895309542	757.495560228959	1597347.9325256094	27705666.560751703
140	3.279615795996506	2113.014152066924	436.8239555907476	8.149424943848313	-3.834082273727706	12251.624449502497	32845.39348151906	0.0018645016885459585	0.015184660934280616	586.2082241289727	1436.8249358604025	22605562693.079693	72167250200.69978
1410	4.806524767016526	403.3822648244232	75.41400480362421	22.57117817440265	77.23839254860381	1.4754969342276425	5.280569505531444	0.982388980724069	0.9999998996286914	101.48256416869106	248.004686137325	18113.129882404046	87531.78865999763
1411	4.396339319995604	873.4272329491591	336.8854396191203	10.37989972040188	-0.3032393149901933	169.61620193783122	1484.729900066453	0.04926091238273604	0.3646934000046086	451.625060773064	1118.8507145806138	24580498.85005972	630625351.5362892
1412	4.107202954997774	754.5333001001205	284.6154273061039	6.495776146602182	1.23681663701479	67.99874391572963	1510.5169236232632	0.10489674662174021	0.6109462207543201	361.61532804916794	933.4363579802903	6492164.659567685	424183911.3376275
1413	4.625736752001103	966.157929785924	264.0683435133246	12.44016796241268	5.258784315602091	10.431086966856801	74.40045998226356	0.4873437008960163	0.9220123521907793	353.2078635558189	866.8574731973221	2369803.337424696	25592355.896144986
1414	4.549423246004153	1021.280328080301	289.5131463294291	11.99521495974438	5.644759686163326	66.16445245949022	755.2532022036191	0.18888805174882176	0.5854426810219173	386.16720356578935	951.6793912353951	18164878.44183983	308145280.4452475
1415	4.192925350973383	365.0315797969299	142.4428344400762	6.582440141186947	32.21272834118589	123.96354824637116	477.09000685560034	0.06012063410213217	0.43427727204128636	199.74484729116176	471.5164281966621	1637284.4726982706	9973116.512081297
1416	4.033255908987485	753.3745858039296	238.34226680222	4.9111153696394	6.362948626057032	516.4698393285713	3562.0455839998804	0.025346212001623947	0.1799211970953348	320.61165047468694	788.1705117864369	63500043.937663116	636318674.2250243
1417	4.211604180978611	741.0376912054255	230.6245180167978	9.284855537779825	12.00242026907569	363.6534181834252	1420.6759820253917	0.03866916557379039	0.23085403329207685	314.5464433855278	757.66143577957	39229885.476402044	199167770.97606662
1418	4.644534071034286	831.8299653521183	251.083680586487	9.967566273451535	5.345224482579429	76.17781580793574	967.6928169580584	0.12280990852073821	0.5629345340684933	335.6566288535373	824.7748457788434	12693048.299233273	203540884.71158814
1419	2.554653173021507	487.0591756333449	153.3198684686054	4.512086810997566	18.10591621224805	784.1439772543656	2723.1156208757466	0.016302742773348217	0.13211364961868388	199.84640595089303	503.2654879854435	19755416.05123884	114115102.07702558
141	3.874768366047647	1080.838406952667	295.1358002220787	7.963535295995919	2.347108796472903	78.72528776768733	956.605044426106	0.13652576110977974	0.549173746510352	399.4587986954949	971.8128818451856	27412593.30595118	446126224.6670467
1420	4.28859230800299	248.1885190929892	43.61303028865615	14.3483426481297	98.3055396579786	1.1966702544565262	3.8621134543329285	0.9950070460670887	0.9999956117081781	58.066538027136204	143.17716422834036	3100.9343783267614	13873.850615818561
1421	2.598915548005607	616.0309067757776	183.6308197580824	6.815360730615087	19.12032345182886	255.75050431981327	1122.3895232393859	0.035781837464958964	0.27649703356701366	250.4418721767999	604.9844299075465	16595100.31534707	81436338.20800033
1422	4.48603973101126	1160.611752494847	312.5408763371031	8.77481910979825	-1.172178914587663	746.0140396893781	11370.558512006704	0.01997197444697828	0.16501774335796446	426.2157316542116	1029.2999299301562	329499524.71014154	6507324284.732935
1423	4.704173136036843	763.3108933495205	282.9813954719946	7.703575220533388	6.04383150049481	12.172111358336327	274.2200368641801	0.458782068450066	0.8000486803572402	392.58449920740213	943.9105997429367	1823852.9590199979	38236794.9552163
1424	4.316870904003736	437.4232149483919	122.3983802806182	11.18125360107781	49.86391922614678	188.66596202201285	749.3869330644432	0.0724194916283807	0.33809708400830135	166.56435503894232	402.8059130100471	3866698.685782958	19760137.400404964
1425	4.194662672991399	1055.95234793614	328.3022715799761	7.927531103131244	2.519905515365978	800.5857431918234	4658.351067779806	0.013489348699386105	0.11424223970345938	450.051337748239	1083.0375103472643	260653177.69375288	1907495170.9368262
1426	4.482753722986672	1125.870342246584	328.1447644747633	3.930257360629541	-1.181521571422286	2931.9886201775535	17284.152252678687	0.00599616324713464	0.052794681960786065	442.5529108331142	1084.8287095448177	1060219381.8517671	9149261874.24094
1427	4.494564623979386	1150.727523720861	307.1279784505192	6.791001271526953	-2.774307301416079	3915.2016747253383	25889.219877810232	0.020815180428776645	0.08978337851379045	417.4891811900451	1012.6371016499966	1577626952.9079163	12546808161.973824
1428	3.915723831974901	613.4094627492585	189.3651325840295	5.658982240930579	7.85033836580242	112.8237826324905	519.1555602268156	0.07611745466232439	0.463536962547206	248.94404857200595	622.2962292417327	6715269.73963802	44877025.54366844
1429	4.45923961000517	1289.804311720725	362.5113646714785	9.303817534517664	-0.6694627167458036	553.6803369334623	5174.5419219114265	0.02157061578039158	0.15547774655365848	494.88026787845865	1194.506942774553	308942718.8528217	4512667338.201208
142	3.920385390985757	767.6947707092561	269.5560784979784	5.224625635101548	2.84968641022222	404.8811524544143	3077.8069411315705	0.02121469096545109	0.1661792888825656	351.93926514771965	888.6989875531049	41496141.89615076	812050821.6556933
1430	1.952542418031953	301.3289210476026	99.23776863725693	-0.00035739920784294	43.44755111584544	8526.985527630712	25026.855076150056	0.0007737736952452694	0.007714990340768517	139.78712455163003	324.5410660647656	62769931.47966551	164273620.38394865
1431	2.67256413801806	2589.981622307592	536.7335074189101	9.214758759683463	-4.282524139594222	11110.523109377242	31949.076388589237	0.0015710842858105915	0.013801013707681154	719.9248247728929	1765.7538319619075	38625176938.430016	130925047376.69987
1432	4.584024941024836	468.717055502381	97.2137263402783	19.84827767120018	23.16367841945569	6.361146694257169	21.835562039442213	0.6651592245916085	0.9970930835365999	130.7236847881337	319.37250945466747	128196.31699953393	636687.2125181353
1433	4.527447156957351	802.180656214153	238.5608974445355	10.99734914795756	2.435749413835315	24.75938174906095	103.27726463769918	0.25628221792734385	0.8949734642431035	313.7607884280345	776.1772759559785	3070605.5481665186	21388627.311406206
1434	5.746341693040449	815.5085757358181	304.0538615535867	4.328992930909553	-0.6147966963309197	444.1571591281409	8750.545434775384	0.04389579403890302	0.24988692787343783	424.03799507855274	1008.2201347216123	64968011.42698006	2881117904.4475884
1435	3.994935455033556	1002.863700814572	337.4340148884768	6.726253977166058	1.682913325580374	858.8627192562647	3911.386346799804	0.020480867237523116	0.10447629166213476	474.38873542833664	1114.2366079877993	232310216.172549	1525462369.4542844
1436	4.262641259003431	727.6489848339351	238.7558680137648	7.936184856268566	6.837282913009988	509.46516564241006	2090.6030456673166	0.03380446639442657	0.1941357983361244	322.7440243432584	783.7555157585314	50493438.69303324	325606310.65459466
1437	4.719889478001278	651.2148061868392	181.784704857077	13.34498754360134	9.506011404574622	36.710560913905944	123.76956312118952	0.17519497446530202	0.8529316019850073	235.4602022985498	588.5513177556049	2163095.6607962	12020751.861296585
1438	3.649769760027993	696.9094725774186	255.604188856877	4.814983906919489	2.084009067221965	96.9859050510055	1197.4794314678315	0.15438169185556153	0.5047303147658185	326.77418688518515	846.2991460500912	9877641.861882122	211236842.7925135
1439	4.078596791950986	876.5133320925537	250.1061456003226	9.553321824141484	10.49075390360071	157.5555920375187	1136.2975106407905	0.18859057524608297	0.430456855331842	334.31657939522324	823.1703112484321	28751961.00715214	284108162.5221455
143	4.175339372013696	851.1527157372749	247.1991062483671	8.381888583343104	12.22993391009163	132.4134316431333	558.7608292416755	0.07132681477807103	0.42280256165388586	334.2154828051156	814.1774160536545	21544096.009714354	129703842.75676423
1440	3.555034233024344	555.488557860536	164.4614050919296	3.280983615810479	13.26378759227205	239.0615856697308	1044.648033039243	0.032370932751677566	0.259541410564958	219.29258608594057	540.8438468648442	9800910.597349579	74485031.66409521
1441	2.551381526980549	2376.378758325078	572.1423182286957	9.741321011222428	-2.784462416216588	3771.7611398136078	25096.665030440054	0.005579780096074636	0.05222536077212318	768.689168881561	1883.578507450278	12417863486.37253	96061403343.78188
1442	4.428525623981841	948.1753242362602	324.8771808526446	9.420911179683182	0.4787331162181281	40.15148971268213	1576.3836520764637	0.23211538610558588	0.6618812658256289	452.22284877117045	1065.38463994275	7722828.772988333	719008812.7645239
1443	3.306055126013234	594.1167868325118	176.7493885584939	4.505640089071679	7.049331025622865	183.67177310267002	984.302454162223	0.04744374123290092	0.34815678649684334	230.56406253979935	574.5024474936156	9776507.214336835	80623807.13433984
1444	4.033148228947539	186.2420918430662	27.22424688617829	13.75677612980399	220.9552755153628	2.5152861765051977	11.23214247554179	0.87826974581755	0.9999701447729114	35.976507108850456	89.01289437377517	2346.006573937304	14173.507314791266
1445	4.668137098022271	911.9018826052866	352.1672184732196	7.730994857334432	1.725931075733583	193.92723778045803	1540.3937074954479	0.08123966303615134	0.3636562544802766	488.2406892484137	1189.11164051807	39874649.6934717	678779733.8278731
1446	4.485036599973682	964.4619157134207	358.8069987954071	6.414921229355381	-0.628832957979915	325.0494513852973	8084.503641677556	0.08948343623663618	0.34199598070468673	499.15699829179243	1204.8148853694706	88521335.01059867	4377794836.119288
1447	3.525617790000979	583.4371866298784	201.7939708155086	2.957782501539501	8.444275975180272	998.4853910046525	10303.40402908093	0.013490130794990906	0.1173832815246978	269.6704572822929	660.4380078750929	54233526.67788228	780308797.2050201
1448	4.396061700012069	984.9459478181877	319.4005073877066	8.006577907498794	-0.6262663689235977	484.670218088992	6893.792008917822	0.02746694828299755	0.17000076497644367	436.4231726776086	1051.396207220393	122045972.15210891	3271390420.6062527
1449	6.17764350597281	209.5169864479019	32.30453557935154	17.97350564178851	136.7726199241772	1.0272809355483126	3.8428376205594406	0.9932771817451451	0.9999999987758446	42.48913078461641	105.46509973201358	1454.5483997385054	7279.534907903218
144	4.574143145000562	199.6458491144138	65.48900093096125	20.54120158824552	67.98652127274039	2.641454104076727	9.843350992297935	0.9030662698607537	0.9999993174000905	90.81997836991548	212.72475824348896	5312.195245134835	27780.393391050784
1450	3.319001831987407	1674.408247828545	369.4227445180661	8.10260674961157	-3.122437791184854	9282.187396564088	31722.234171161916	0.0025387481178892994	0.02107583456717817	496.12837744568424	1216.123754714705	9568060305.964172	36845069423.17026
1451	4.423193908005487	578.5437494457342	171.9620841698858	9.512320454609679	25.84448182839029	146.1873180497392	803.910692466963	0.05722914511191067	0.3965067434043329	234.7354758847158	566.7642910892555	8106915.677886667	48884595.81828884
1452	4.82977537001716	398.4242936136461	84.62693086581503	22.31004429827393	76.70219638897301	2.767533675328417	10.715665551777427	0.8857058879637689	0.9999749245205657	112.34955104829208	278.0240134466176	36481.75880514483	184864.8542936444
1453	3.212363219005056	2027.658389500054	399.7833756903395	8.82982813575994	-3.926429409656426	11257.602653500257	32434.863018642955	0.0015671483611778953	0.013689959173033738	534.6215401131676	1313.7357271627238	18037995760.829807	60287396080.19782
1454	4.669660899031442	546.3399796323034	134.5271585759326	15.02130046605243	28.43944322317098	15.882616299992828	84.45791728214425	0.37111166007024793	0.9217176658532381	179.13640579041316	441.7959185575648	610792.755280179	4515547.381408534
1455	4.640779056004249	981.6344570713934	342.7443618958327	8.508509988394913	-1.472829751191707	200.8584258190529	9151.883814404455	0.044020137406421044	0.32463036026250186	476.02613996916216	1127.329550085481	40258873.01859603	4999033344.604269
1456	4.682329929957632	1079.734739223687	290.8055449300078	10.32683129188926	1.566838334824525	332.61817467520575	2460.874449323479	0.03094452315316034	0.21547706202994113	394.30738244832753	957.756144637873	108830711.53516878	1114998024.003447
1457	4.527192643028684	210.3575780002979	43.59949190642452	28.99560861546969	111.1502120733529	0.7222626500337959	2.797795768223146	0.9991230923559622	0.9999999999994805	58.85418713573165	143.4528008059997	1398.5510341629147	7237.819612410478
1458	3.346130376041401	1826.353558922009	463.2539060637159	8.635779595625012	-2.670330622153427	4664.927495716911	26191.36507792773	0.014854012387486036	0.08502715295732359	627.5614049180406	1527.7099400362138	7107911733.813416	47821177008.75084
1459	4.286808801000006	709.1439678346114	213.5872020407271	9.145375026452095	12.71444603341986	375.45636180573075	1525.1814328698265	0.03667559038702124	0.2031618953532897	290.27036991595264	701.5056372599295	36204296.896242656	184390258.61148188
145	4.105136298981961	410.2236014793793	107.3956376485478	13.85626569734788	61.06453164089724	8.30630172108253	38.997071698788424	0.555133660542621	0.9766674061618058	143.7185634316861	355.4747684956809	132306.53578666132	728545.0665637131
1460	2.731853373988997	2190.088899075071	485.1421965760937	8.172485630731751	-3.274971241281238	7876.802891150233	31410.462088845597	0.0049454521033233875	0.03753052711708049	652.8704870164352	1596.8189600511885	18715300129.521896	81366548877.38591
1461	4.389103744004387	382.2152891054111	106.5451989948983	11.13239326526539	58.38981596943986	109.32542243610703	483.52984324155864	0.09655670157670743	0.4750823810711475	148.2856670618906	347.5494409676386	1164828.849208613	8223583.828963087
1462	4.512052100966685	464.2736409489649	122.698658867622	9.329274977986874	9.76926931087479	11.193624676696809	53.64807006133595	0.4662514578866552	0.9452079047274959	161.35838807312933	398.5049257763749	268132.52642276406	2015735.7132031485
1463	4.087258832994848	757.4420528819826	210.8111803321552	10.00025478784916	14.57430313115337	37.22060615024886	235.8883816807257	0.2198064532892688	0.7247533311745524	283.50334394754157	693.7076131899453	4486401.519110448	37295920.523778036
1464	4.001544513041154	1058.531751331579	366.8319601902089	4.996791615592977	2.250593369513134	1415.6735676361066	8300.444503271587	0.018000923368492728	0.1363116185237821	498.0336812530978	1210.810335811254	491161904.55817294	4502124087.439841
1465	4.457580943999346	1196.999055193342	333.0315568748452	8.28347517433198	-0.3292065007182683	818.1513800273766	11668.53357873001	0.02522426201855919	0.16221808018243405	454.1072191313757	1097.1034074658905	394202996.0674822	7513555725.267083
1466	4.666277207958046	646.0958495402099	168.6163981038559	12.66868201851905	7.333316622166874	14.419620673462399	63.49742982922218	0.39240169766785266	0.9485230616053975	220.16868093982112	545.3839449258098	874861.5905214251	6110989.593657683
1467	4.133764705038629	1076.559546642279	304.3781268202656	8.947463326065161	5.121918629896423	230.21102657160858	904.6764492516967	0.06091452608903306	0.3027968679212945	413.005107862087	1002.4256761047574	74170933.96591844	421336455.74683255
1468	4.084987973037641	366.754006637609	105.5935686072561	1.882060376186832	11.61290955395351	58.37174145124697	212.15713278285236	0.11465034992655256	0.6867519773563668	135.63232141168538	360.7549784203711	689388.1794457913	3872649.6996059217
1469	4.534563372959383	931.7347513239861	307.5842137211555	7.899148684424879	3.128873593790369	209.5185418489323	3429.2765465929615	0.1399521762957473	0.4271345115251467	420.22840424039225	1022.3343205536203	49734392.1648878	1318612972.4093494
146	4.169768108986318	386.6405989006824	112.8460978936638	4.691080454906309	24.34222546367021	39.40092878730738	555.6710052520275	0.2110624540896358	0.7027640106577548	150.5018896397998	371.31343979368614	594894.765097376	13232990.539481392
1470	4.822054259013385	980.3918522345358	284.8035741953602	9.401939604114512	5.812564948632476	422.37244156870776	2054.2086988216147	0.040363608193038775	0.20914415808573053	385.4641786273572	938.4130201621869	109889447.14877401	703748151.4580458
1471	4.640928677981719	871.7022390956531	250.9185939399285	11.94460976616744	6.787041468806564	73.24756203166902	591.8910446176653	0.23127509893145293	0.5540040000960781	335.37788010211784	825.8103245054151	13071170.143444356	149355999.05616298
1472	2.706175400002394	839.9222929260416	286.5353270421355	3.651461244259032	7.917984095180763	657.699223411078	2741.187399747016	0.013669342996082873	0.1237185285032212	396.23417269462425	945.3395697242402	110862456.87779036	553050782.051213
1473	3.385342259018216	1521.627788920757	350.540564307852	8.247180695273105	-2.275051023140133	5358.852226917823	25258.45440279161	0.0033004542149349795	0.02756540523462094	473.2875759147289	1154.117059934523	4429499310.883001	24787336956.181152
1474	3.465170341019984	552.9299153488887	219.2861517790517	2.441054173558143	8.350845354503878	2453.4890002944067	12993.813089205541	0.01634202956048911	0.11559232085986591	311.15713939102125	709.0776021867343	127209711.9658818	957091343.3483742
1475	4.226558188034687	727.2568619421302	208.8917425089383	10.89793773121976	15.53529147442708	114.07567407847363	886.3303525092301	0.07196060904925373	0.4660366760865738	284.4101758371363	687.5279063142575	13085992.433897296	112682438.69021319
1476	4.501922322029714	884.2997398163265	291.0826482171326	9.108685328645167	3.125638128710599	243.0630882676697	1147.3642265733508	0.032430035337649994	0.25271146241977704	396.2585279416686	977.1314568757441	45748148.884111516	363600832.58201456
1477	4.29411778296344	795.5103163215946	292.7792571431233	3.325059031525468	4.430800084359296	2448.0533509699007	8879.829431351323	0.0063646224923153034	0.053648814281829264	398.6830020494757	975.3817438602027	352595271.9300389	1926411234.8548841
1478	4.199161492986605	436.5944146182421	153.927416332558	2.165662772334967	11.46114861960734	435.1539393981112	3150.2252095056187	0.02539097302174321	0.1956308355129122	209.4731135443285	504.95039769030905	11812530.616868956	90945567.28013279
1479	4.499511141970288	1160.209054013933	300.2699049950347	9.635441626635963	0.3087769762581773	182.99218888201244	3453.2590251488723	0.08966135083793322	0.3875504546987435	406.1911087937066	988.4346116629088	74037231.35103045	2041250153.275382
147	4.400760844000615	1375.547629146152	309.3729166928912	7.27261580008599	-3.118659232710183	8102.2294923108475	30334.597316553543	0.00400006985638356	0.029668451872598173	415.00329791572835	1018.372016937841	4710291012.3681965	20228935509.112118
1480	4.626691646000836	631.4552000819449	174.4248507127309	14.70443597659323	15.65750083355202	109.5996805611018	406.9376643627969	0.07952391776093291	0.47474020515494864	230.53499542953142	568.7171820412675	6748841.495061922	34163497.96565084
1481	3.182498290960211	1675.91374320754	365.1067643600047	7.854139505474002	-3.350995998054404	10138.991548786897	31347.53813371481	0.0019806846843704582	0.017413621680736263	487.38550217609304	1200.5856576735264	9889177497.07793	36300024493.698654
1482	4.224327245960012	994.1615164808093	333.5851851142573	4.513115247709678	0.3226861802324591	2709.1419684123084	12197.642852793131	0.007872061449985887	0.06272502449188155	455.7495436972422	1097.5116187645363	763560308.6467061	5267453477.224925
1483	4.390600603015628	462.0762800883632	145.1502632162649	7.504004501034952	8.432667919417902	34.286626694348385	334.62553445958395	0.25430044571549987	0.7220640560896769	191.10067984010556	477.0823914726927	920897.8449003813	13688071.734975668
1484	4.210230192984454	521.7715231066024	151.0113675661688	5.182318321395957	14.09874421246611	26.245132505418866	112.69646982801895	0.2798797091272871	0.8809031521235768	202.99353456214163	498.8161627150033	990986.9822549686	5868990.089670051
1485	4.456488942028955	875.696075264882	267.1829228976217	10.03558577091563	3.55738733590469	40.53373655199161	619.9695753749738	0.20235248023871885	0.6836420841156	359.7202307407417	879.1883754590679	7163077.0403675875	200515016.9251004
1486	4.481307993002702	1187.144906852488	297.3965354404494	8.156151763771424	-1.050873833876876	1189.1797941760628	9445.210246808554	0.014997939440501365	0.10068833740651621	402.6711146290518	979.0739563241176	494040581.7119105	5516446546.733408
1487	4.462947947031353	927.0701897153858	266.9125297101411	10.20653889797655	5.261535173690038	270.3448083898759	1279.5908114815059	0.03739888829519788	0.26498182600071535	362.1007419841453	879.1373858038286	58534574.41602538	383501296.5835494
1488	4.702216881036293	203.6610837787995	32.51128004244661	25.24277683467871	197.6803477653644	5.638854159932111	19.277146656983632	0.7045245596724155	0.9999835265066156	43.192408900378666	106.50496074481984	7474.680449914797	34909.20663553335
1489	4.02480909100268	602.0985083075913	196.124241194241	5.100625808295877	8.283976758594502	146.35965899798683	1756.4454281570288	0.05681532872392776	0.4008338329930841	260.3877163981761	644.6057512979486	8927754.964635508	174964819.18624258
148	4.684244521951769	1246.658644342742	325.9002068147032	6.613438481005703	-1.03067550860044	685.2760931101839	9674.586175090564	0.040747440242127904	0.2309055440060045	437.54936537063236	1074.6348141852095	346662908.37013125	6640423823.041523
1490	4.647131086036097	804.0421673382484	225.8365858076239	12.30393709115447	10.44387987520489	34.595431797886334	235.65796673890148	0.20174507314793155	0.7915486209222576	302.0315115469243	742.2556395838324	4385921.982008211	52422229.70263549
1491	3.16431379399728	537.9150023461964	177.9246111651574	3.988760471708765	6.239684726588898	150.29379063752256	857.9304823046972	0.07721418350512886	0.40832978292092953	229.30512682744734	581.3796884495388	6078324.624191871	58196833.84920109
1492	4.708637104951777	500.0673457053994	122.1220501758002	14.55006082544313	40.9511278110422	27.81147367421083	98.15032270569148	0.22577948246910842	0.9039058912795112	165.2173860534067	402.02446889552505	810791.5974613604	3970590.546677515
1493	4.785550888977014	906.9815792394525	384.2769792933219	6.555375068316543	2.645895400863072	286.1233767262805	3367.823552476675	0.057611590785987016	0.3031216477396342	569.9892095854921	1253.4603621515744	46808653.39065408	1552117349.4719367
1494	3.998365836974699	677.153686477593	189.2564719918311	10.57257205525995	16.23320784541546	9.46257623463922	94.25231124746502	0.5157557096533472	0.9032969004743289	245.8657588740365	626.7946164412053	747173.2921848164	9378960.11586847
1495	4.643005241989158	362.5691993578752	85.68377659866204	18.16170774171958	52.51195485212058	3.0476942998611216	11.328094578621043	0.8754143091307894	0.9998673681840168	110.56738292149487	279.3884243966922	31797.410072214447	161488.4680820578
1496	4.280354657967109	490.0336695674184	166.8276662662628	9.307307637373292	17.80200445037047	168.88700329444012	1226.8163684739473	0.10568562394921567	0.4023869951623085	219.85016767249414	540.6061460128716	3978864.446651748	63322268.04288772
1497	3.656039608002175	688.5766511042527	244.8264766856695	1.777505396908939	6.976652751048679	1497.2150924828325	7535.2557831530885	0.013345726749583607	0.09349660960536808	333.8609196274077	812.1930199436649	135658101.97754133	1007166290.2403346
1498	4.578742874029558	905.7427717575254	281.8060329199667	9.971367808404832	4.712979492419614	223.0451274131393	1041.5572852449873	0.04617368632555653	0.2963657802344834	380.7713684081151	927.5240288934026	42463144.77053651	333867561.6834029
1499	4.467644018004648	892.0680172482464	312.9736335838133	5.684873581545236	0.4742880544546186	214.65090919997465	2437.7873180642837	0.0356998850707636	0.2872518623854382	417.5000125347203	1051.5899631098737	39632344.3984303	1045204437.750838
149	4.516795127012301	1205.579940168991	309.6162506476321	9.044069349196604	-0.1043107387363812	541.649363274712	5946.40838222897	0.05820278228918042	0.2616610265399613	418.5109783972921	1019.65351898239	250353060.45753947	3773810020.2177324
14	4.661600091028959	770.09839907145	211.991031552514	11.90450359523643	14.85195676114763	101.32672396190233	864.9357791302738	0.16964045249715146	0.49772330614847093	282.02493784392107	698.7047042553327	12277195.3372873	134824278.25239092
1500	2.759201100037899	553.5890762046548	175.487177623858	2.240461861022784	10.98200012837984	279.4888687574857	1023.2395881173213	0.025061504231199946	0.2213023121989152	235.08538394481928	575.5912652143575	12228348.773138274	65450855.38120475
1501	4.511831249052193	606.3016945739525	168.7643526047806	13.65974383721625	8.325994783725431	6.1835465935383995	24.334094113521243	0.6607841285220506	0.9936709814620955	227.99677929942527	554.494008926184	335301.2499846566	2113453.1465126537
1502	7.172074828995392	50.96840745918949	6.056586699834388	51.02437485847543	2331.495220143961	0.037659716279892355	0.12664214204185684	0.9999999999999999	0.9999999999999999	8.107306589618425	19.89463163117621	0.6035574830366719	2.6483149488583755
1503	3.854280970990658	386.3625994906588	120.3442675468261	1.460450035438662	17.19361871227938	3058.7333816248874	9713.218284698167	0.006756360450045451	0.05307871975146298	163.03963768297825	394.6944679653779	41135653.915848866	195090907.79398394
1504	4.424912065034732	671.1133345585249	201.2625258033717	10.69609584243449	4.694445155575729	18.372350632238337	66.12893686806152	0.33054661557968534	0.9529017925072594	269.63278749225606	657.4606439141463	1382346.0342753038	8197034.694119683
1505	4.008038508007303	939.4044840896539	326.9280023918246	4.957880409253102	0.141337312306844	1948.5384737026566	15330.490859578817	0.02179341382454585	0.11723397143072269	453.53046123093634	1076.8048367445956	433231105.93981236	6157514645.411622
1506	3.048171161033679	654.322663095724	277.8995746324848	2.853561860545861	3.449564160721736	327.4387247755108	2447.056513395126	0.03170937858211605	0.23378871474978238	372.87960812472966	914.6165771024828	21316595.337265488	435679368.5943076
1507	4.67891282500932	561.5367416156058	149.9681458646582	11.72533033323975	27.6724435450375	55.84200846676126	186.0379438442283	0.11174985241288082	0.7291160183364718	202.822008831118	494.8185823894535	2357578.06549433	11950982.229684763
1508	3.564763764967211	692.4293237945129	249.1153477975121	2.555554213203266	6.803831345046754	3239.8179966565554	14126.839659162895	0.0052634063723820896	0.048402528352813584	341.3268500545357	818.2660191200669	300300903.38841033	1668612032.53833
1509	4.518899868999142	1406.201826601496	334.7707504396071	9.308046929197518	-1.252153501171163	1160.1717756416394	12359.58616413891	0.014118384169959433	0.09566237773563634	452.2970183022751	1102.0356376076	774635894.7546165	11076119919.300339
150	4.549298657977488	1116.831172617397	320.2820017703235	10.70997350982021	1.462504208862041	219.68796580119715	1588.0284801208543	0.0541908589600418	0.3019688873962068	435.3269129033133	1054.941469528284	79261450.30442147	865696305.0289273
1510	4.476059356995393	445.8890786533119	171.9755759329881	7.987959727293731	19.56754384258571	19.075236586453528	177.38603903903015	0.37180204175031517	0.7941701093949629	243.54185433665623	560.7092576468749	433709.6722408958	4559685.4236519905
1511	4.463533360976726	839.3349633536676	304.2701792302041	7.152259682159666	2.360759814110511	81.41582152950242	2146.392127237764	0.16359453547953334	0.5305556918941456	400.1233767261027	1008.9009292584824	14995745.123784652	595461187.6008918
1512	4.767994856985752	790.097133863483	250.5847002533837	10.73977839872251	10.91922874134782	205.38853011451525	1276.4212913395236	0.1263257918337835	0.3978901484770737	337.00406129022326	826.1830248379799	27311793.41687979	231307337.72676328
1513	4.474549675011076	1172.043628029156	312.9676838161405	9.51427841848482	1.909696384741649	569.8283890756546	2276.361370695882	0.013437588500781597	0.12379240284634944	424.0752983073686	1030.422009800157	234901846.67314923	1316150081.9212778
1514	4.759800895990338	405.2712812672157	79.53100308069033	19.76050242524166	55.25634223867649	5.566960814639343	20.154923420800756	0.7023703415729806	0.9998463550955239	106.88286732043662	261.4730963204251	71786.51879716676	357155.72897686885
1515	4.526444308983628	1033.755422272828	326.4350690596532	8.373804127156241	-0.8867566413184987	599.7923616036406	7216.739513497884	0.039535290163553005	0.20408802410884933	453.7041672829098	1073.2418455473571	171598408.8496853	4180901071.30716
1516	3.558470632997341	716.2895972893585	267.3440119932769	1.75104175503689	4.042519473795209	1888.7721922468768	9481.437452810675	0.013735553013461863	0.07703774782585218	366.1401561878431	880.909864742636	193495350.4558233	1509275188.825121
1517	4.123491727979854	963.8163382281568	279.8095695715475	5.455628225932889	4.869743958278855	349.18915756404306	1802.9621089863826	0.027421221616864593	0.2024978294581717	379.1536289074684	922.7605058570607	82221142.39360976	642289909.583069
1518	3.945050644979347	236.6713207280908	82.65484094284149	4.144929223363672	45.06157040826716	75.64647930312836	673.7671004821241	0.0974229494118484	0.5859608867493694	97.3209974053577	275.64245119510383	158652.39826751823	4376248.93718877
1519	4.381037243991159	474.1004532849083	131.2579339278556	12.00250666573878	6.551861746710522	9.284814607326707	44.87288781148509	0.5231765485175952	0.9710895679561408	173.3297833125584	425.9722270125385	238550.82346003313	1835756.9037766051
151	4.491975979006384	1275.603554114155	408.5196013418053	9.455226592741727	0.4568113372112244	667.0879401255442	4882.50373913225	0.030549181199025086	0.19385835566585088	564.0260763530754	1345.8789051395984	377213713.273638	4805808175.824477
1520	4.328291864017956	412.0324050464833	101.9863106410429	12.90012260448233	54.66677597314334	47.84041442268319	308.11316859294334	0.15935777701040668	0.6916820611675251	136.10966089393492	335.2725605392303	788160.5579642539	6593368.29818259
1521	4.670070053951349	1083.35756272812	345.8534028064058	9.755157599346854	1.545010265755517	124.38328373836337	1573.298513938083	0.07587303129652789	0.44843401149975964	472.91990017527746	1138.870014389633	39906729.09315369	940216419.0075389
1522	3.468844051007181	682.0635017828625	260.7626737430839	3.172171177445589	4.039659236800643	378.79957110743993	5074.902228330216	0.036997426093453294	0.23903532033346822	351.7187766481219	855.3960737200068	27429790.923034716	874930290.6224488
1523	4.208092209009919	848.8074352227051	289.5165730685768	4.897948366881401	3.233615557240206	1548.9490596582145	8415.631274685416	0.018401653278716117	0.11859044913187655	391.8607218622931	954.0133357171131	262294762.6041915	2176635691.5090437
1524	4.832564561977051	517.7334928578416	163.6790330696649	12.44492544960995	32.10157137719266	81.04743359942037	328.4465409715007	0.15478508158734489	0.5592710172882731	230.17685520386613	534.1868833396699	3053057.641352953	14858955.44232442
1525	3.481688697997015	1645.065836510548	413.9345074831285	8.987021916198625	-1.51978313543303	599.6293050905181	12106.32391774411	0.04820655260030313	0.2607651915062584	560.5785025658711	1362.8833810069027	701450898.1685348	17930170366.57061
1526	3.333828678994905	1770.936214034215	559.1845115588687	8.050433721581205	-3.277141702638465	1252.7364240269264	21144.873295725043	0.0240201973952201	0.12917914973721342	787.0561829615915	1836.680272468488	2006052953.8449485	45750694633.29426
1527	4.327015697956085	351.1102452975867	69.3440042085297	14.52373908457871	44.94246781299533	12.491672954150394	42.92742660111389	0.42773653701079445	0.9914510613914075	92.74289667319636	227.90763033309588	100646.77131298413	497245.0733076708
1528	4.577424566959962	1247.488250032376	350.7764363200083	10.98096709520538	2.30876537224701	222.88111153205685	1505.9493850649817	0.07943822001628403	0.3419331776732338	473.2364617353794	1155.5456623703244	114317119.9302229	1091635933.5795884
1529	4.520877275033854	693.337269308595	180.2831452606174	14.45999339095491	8.504332105345146	19.28126239634794	71.06204817079066	0.3055434026520946	0.9518865929158024	239.1054834090338	588.0820014379262	1464363.359285383	8173320.283895048
152	4.708620760007761	889.9407057055578	250.9143186882415	12.17158767579807	11.21210355006846	90.28989435373738	787.6846788291497	0.1826857653766794	0.5145302588771603	337.70771899191584	826.1403826362557	18955735.62448201	190769664.45322153
1530	3.982140869018622	574.4764952415567	184.8511697100219	5.393566425583654	8.295778358326562	41.168022791016114	304.54578089800947	0.22290557797994423	0.6998756251363338	248.15828692016646	615.2634152375979	2219914.550662852	19549254.23566901
1531	4.636166844982654	908.5563061440171	271.2880944593772	11.58793878025345	7.598757779597463	144.609552420883	838.619642390116	0.15629602473161366	0.4281097095209551	365.6618677630637	893.5589160329466	29967751.16025531	250157852.42660215
1532	4.612632252974436	515.8461293957887	160.1175643809023	13.27569577831954	15.95451893683263	39.12870354908187	137.7669808175442	0.16351893117792593	0.8224572206961258	213.70727896822922	525.1183064003031	1314016.806957653	6448888.623412245
1533	4.117144307994749	808.8688315917062	272.9737925246348	4.724647410394341	4.241387262793194	985.8720033164236	5647.812962989931	0.01776663686268429	0.1443126394235853	369.0628501605048	907.7779940524849	150159816.44421697	1374628369.1485534
1534	3.825852966983803	459.8007283268855	90.87054384477669	15.67179075966051	51.67120392785407	2.0353157993673303	9.908012812495583	0.9015694763079446	0.9999910214796309	117.97404030459035	295.75155567235475	36745.389301102565	261427.4502219723
1535	4.181997431034688	827.0387675714795	237.8592429181902	9.568570611625582	12.09178341249274	145.2210431054572	697.1375322720545	0.05714486666113525	0.39913815812873904	322.03217662435964	783.2311617897992	22394146.156718537	149368944.4908223
1536	3.993123752996325	1257.999216216766	338.5852360894745	5.660351662880876	1.83507799668804	949.2913888894935	3767.3525820932828	0.015126179835732705	0.11613744509970142	458.51252436052664	1115.2013849365976	483972368.47491175	2677489166.1283126
1537	3.834443413012195	632.6407752890375	189.637724626339	9.238906074580772	7.334266178355492	13.186592091098754	164.3286584230883	0.4275270825744086	0.8564269805586423	238.8530122116585	613.0620141260902	769361.4168286384	18783467.060589775
1538	4.612676728051156	538.8648969893554	135.2215978302813	13.29131885408661	15.43752329449791	15.78265110667533	60.057054558082946	0.359997781170832	0.9546323592582637	180.61275433862062	443.5620753531971	566953.4879831488	3231971.77836459
1539	4.112278921005782	825.6638233333749	247.8516676427895	7.572256976187521	8.06998812408737	92.52070329667649	400.0336994895276	0.09908806945678249	0.5213761086548981	334.5851623206479	815.1715419277459	13903442.526064893	90373291.42655857
153	4.629595289996359	498.5912293690442	175.156850980213	13.46383234243768	14.68655589853975	8.889933082800214	30.729140984236434	0.5409746352446542	0.9967836457619341	270.2084895781265	556.114512606636	243161.09125502978	1202251.228494448
1540	4.164796929981094	816.2581643766509	246.8950277542752	9.71259145876463	9.228470336631728	125.12996036779131	1092.4604826739326	0.074916391068368	0.44534904229304234	337.8082247273329	811.5433883362875	20204123.191819053	201091843.13361967
1541	3.932121646997984	796.3448372850443	322.1254748376748	5.345063314313304	0.5495178488604856	275.66408036427526	2164.3454491320813	0.06339481864498744	0.3449276262487051	434.09815926041995	1061.2886208966863	31715707.02715512	728799123.6315469
1542	3.636505872011185	428.7326992645866	132.11172879955	1.333726775237672	23.28505201391511	3210.0558977222868	10494.147085294306	0.002494651019952219	0.024564503053537686	180.52163128358893	434.5276746325608	65013684.17613384	265434823.2724377
1543	4.80040073802229	338.1880670223246	62.84578558642346	21.20222591811804	137.1025401081578	1.8898273353965835	6.745655851105496	0.9617036477129709	0.9999998658080432	84.03865925569363	206.49033163076948	13529.427497814715	64842.34121626726
1544	4.245806524995714	738.7390824370858	210.7372013219457	10.31088659040233	11.07490030908254	93.67945649786245	546.2984919401305	0.10686711452755131	0.5175330304486119	285.27267863933264	693.1273966103336	10168207.69745982	81558502.33185151
1545	4.205796458991244	772.6896708257682	240.8232075105246	7.351337682084647	4.104638983795198	68.81721338989935	348.6839935757459	0.09757702592323053	0.6268191858860127	311.2570884714818	781.4186403761337	7400402.191419718	74713596.96397837
1546	4.167126141954213	685.6161063502203	181.3319897819568	11.03023016032554	20.92047864097506	45.557911123480565	296.16814079881783	0.17164234231016456	0.7268989854449855	244.61482913638326	597.4208189840368	3709201.0447018067	32955642.572969507
1547	4.480687256029341	1183.098167154859	326.4726805600359	5.391226818501249	-2.424053776616197	3143.067074014345	26787.228497700675	0.0188473166225914	0.10473388664517445	441.1500647885126	1076.180466188383	1415590272.9401166	13884656346.363356
1548	4.175920028006658	910.0650222926517	309.1486335710195	3.480466232775039	1.379271407765059	434.35499889366974	6494.248737423628	0.03625463889283278	0.23877331935335766	426.35521677798056	1024.0933623836202	87350902.38013522	2308192917.5357394
1549	4.584850348008331	757.6164377211509	269.6193185386577	9.941936583905113	2.707032498577123	219.75200427399704	1152.3656943075287	0.03403819984997997	0.2822930098359208	338.8883063979232	881.4169747659295	21795440.303838335	274461970.4889058
154	4.757504128967412	697.4807731556518	187.1455186782595	10.91628775433095	6.424218588324926	27.00109650773964	103.31684910542478	0.23207574078804524	0.8944860522945223	250.5308990430707	613.4239222681175	2145989.3879587185	13176304.550058402
1550	4.368780345015693	492.8477407209614	121.4968869895529	8.979811452074102	23.30168913336312	38.87660668851832	300.86122174299965	0.19544081129908808	0.7180928311005197	164.27507738923367	399.7662914702216	1226535.5741826023	10083550.68896188
1551	4.384418996982276	1389.273995127634	286.0343394435407	7.572926198186133	-3.185852781837107	8858.265309175511	29891.874597200673	0.0029056235756395924	0.024802705079416957	384.85554705531126	941.1858136315833	4841646157.232949	19355647670.031803
1552	4.470695439027622	808.4294537373015	271.1441384494588	10.84738443806589	2.891993980276342	40.934086985195464	293.5742045915062	0.16143060689700664	0.7447439696236431	346.26979636829697	882.9357533525518	4983204.690461796	74290821.20968759
1553	4.365144281007815	1141.188964976477	355.3510047743301	7.18585577667344	-1.984231952575846	2662.141688633529	22669.13740903515	0.04876325653302615	0.20129066323220812	482.664144435716	1182.2052016038879	1139537045.5499356	12322745849.466375
1554	4.275388368987478	951.7180933066766	299.2574709097959	8.044551873092237	3.403220054335029	713.2618332434034	2779.2568137539542	0.011850524044066713	0.10543187126600836	410.6018100859777	985.4495786900015	166340075.9632595	875423001.6152169
1555	3.710404420970008	333.6159231521006	77.95786162909907	13.62788640586345	36.63648258276429	6.78139212800909	25.86264835752829	0.6304072434732825	0.9987293442103993	104.87736128099169	256.45924232964256	56539.26093214864	299243.470619427
1556	4.383864406030625	1124.336251555331	304.7611194101216	9.060285622970799	-1.000889679185947	279.93211404023543	7018.20615846925	0.02919397735971092	0.23454939762772242	414.3536379603877	1003.6605945909017	96996593.05856691	3619412876.4637423
1557	4.506487365986686	922.0394560680999	296.7113795922371	8.88342690922018	-0.6233640507963569	137.1220095927555	4441.282274205466	0.07064203038945459	0.4202366761206422	401.2727590612766	977.2303893067517	24324883.474212285	1900123950.1463568
1558	3.681127629010007	238.7490985841633	63.67177436135858	1.477169182579981	85.67044468581776	482.5946044120862	3225.4027936357534	0.02072049253267236	0.16492428687396077	85.92194328361145	210.1493123534591	1651533.1029771706	12132050.320659509
1559	4.694484649982769	689.4066487391732	194.5512855703826	12.97293299245161	16.94688680548667	36.65806374952358	439.9799229484624	0.2498311209678648	0.6989732218289081	258.60942663615344	641.5903545874764	3163230.2386090243	52009424.657534905
155	4.754631113028154	427.1726624803703	93.93098498368107	19.23628994253111	40.49473565156562	6.685502940687633	24.61412613364452	0.6393708795684697	0.9949403306466105	126.96650922426909	309.1093198508083	111096.92389785676	577042.4818152724
1560	4.018560861004516	259.7788486528181	60.69563889639527	13.15120008042441	55.3938299155759	15.609150339806725	61.623631636975105	0.3653242050230712	0.9648205932745032	79.9611218794333	199.35858898444803	59138.68593982464	315683.2627694918
1561	3.640005250985269	590.6499359342289	198.5519613985469	2.152508817468842	10.92642184128303	3444.529417777143	12028.776075281708	0.003449342358641773	0.03239723419649986	273.1378264508941	651.1711002068122	192582074.88288215	862766498.8330585
1562	3.982445406029001	798.1114593479608	220.2444749088315	9.611863208241061	6.29790405967027	53.63874494027389	247.14898607010832	0.12676788323946603	0.6968780175476011	288.39387177902347	716.4180046553201	6223952.157689656	49527837.51254679
1563	4.57238258299185	1128.513591329084	298.1603837606096	9.778785139361883	1.237992027085595	479.7424618896696	2686.7971757345917	0.0416721964380748	0.21843679018102696	404.306001684163	981.7184101453996	172220212.5962768	1434810509.3612473
1564	4.257199500978459	689.3690753193077	198.1435617599412	10.98824851677346	18.1916958903159	276.70528964544894	995.7430384120856	0.03458357105081932	0.23855441147396464	270.3938898080514	652.4702778228354	24243944.9581722	103389784.88395137
1565	4.357655756000895	1425.123050783861	377.2014606341667	8.42116071495928	-2.643528119128908	4912.755688389018	27886.60002328784	0.014401403084730818	0.05245922736474283	501.0965233135337	1249.1241969697671	3705748501.6895137	23834023751.198566
1566	4.076695555006154	1077.304404843392	307.5398234342168	7.612027537818157	4.161219439037836	266.3771951645137	1169.096513746096	0.03216400678234755	0.2618316576033333	417.4263305668062	1013.0359077664675	87905365.3403153	565482378.7497666
1567	4.27344764303416	539.2911392376877	154.8842393395834	12.69308250525698	5.981708285629471	6.159209417420712	25.480483987191676	0.657899107229508	0.990102482251415	204.27678222396509	502.69619769362157	232098.44104755658	1593900.936221067
1568	2.721986390009988	2460.832371318136	498.9377275760462	8.598522843870132	-4.184488703788639	12252.249599210369	32337.396370876097	0.0013362051319615914	0.012543101683801464	669.9438671526946	1641.4774927755566	34931525443.00756	111479483650.07971
1569	4.203591276949737	598.9762233139217	171.4009533383959	9.632772380020441	20.7292759135463	142.12349179742893	642.2172631589922	0.061496398866381814	0.40117708204577557	232.4671978196178	564.7176122122346	7770901.942311877	45002039.66155033
156	4.565054580976721	529.5552616588369	124.400763495457	15.49172356940583	28.53998388648468	7.974221351149132	35.10712291503178	0.5691272750374645	0.9883754929834901	167.31843866325215	409.00710684451985	270500.0746801971	1667913.3836731473
1570	2.619200240005739	449.6911572343573	144.3384874094286	3.494661250816932	9.570385685093385	384.6190328462547	1395.085080525409	0.018042767485348894	0.16625864003464516	182.9031849705529	465.01517295792223	7424923.054409523	50833854.21478515
1571	4.389300730021205	228.2151438492176	54.41226133023189	29.19278115739858	80.7701955755247	1.0863347023592673	3.6841740676347783	0.9970536859503399	0.9999999999994168	73.62504358337529	179.19667613456687	2906.8075210998086	13575.008882260894
1572	4.614747597021051	913.4977457925564	261.1921167277863	12.32094348130307	10.8150473810602	151.20216509779559	1136.1371103312679	0.0928652978519496	0.4338594265261227	351.5495001127291	859.6242220568023	33776975.92580808	309110826.9177213
1573	3.35314991499763	358.3159195853654	117.8867814172106	4.330987968303996	6.508875952665891	94.7421203317754	369.70528305884426	0.0828853994732219	0.5168162683904178	146.41020180495394	365.0625486155328	1069309.6747442123	6090687.533121735
1574	4.353656985040288	532.5165334896656	150.2947677843732	11.27939051572605	32.8648266618398	239.76683738787102	950.2426749828895	0.038249427108605794	0.282772719811911	205.7993079550402	494.7929287379952	9661257.343318192	42151202.91665818
1575	4.701619521016255	1081.235545342716	297.4838531042361	7.933935249002365	1.529224039012879	1102.6555099134378	3875.5876212456005	0.0108625928398961	0.08029157970064016	402.1497968372821	980.300123028375	348913997.294696	1756996937.2807734
1576	3.147402935021091	1927.484887965586	429.6563703465139	8.779375922278321	-3.799785755553129	7946.443895582833	29497.04632078132	0.009445485310399177	0.0637209981587548	575.5011792513835	1414.827943664666	12448607917.207283	54305843161.90447
1577	4.567221731995232	779.8226126247137	244.7391416649268	13.02667169400896	4.907460533356373	94.25588319439696	452.9858951697303	0.07946258911005348	0.518701267007324	322.7703168051811	800.8848250203484	10498161.90774876	93585738.79006222
1578	4.69601687497925	1303.019664087419	327.2311739222443	7.30176401280619	-1.816043537061817	2084.211003832912	19131.9016308251	0.016273940957240978	0.1149688855717567	441.80347953732803	1078.1783744362388	1166996889.1007078	13344073197.733213
1579	4.559096099983435	587.9303639851811	152.7733319137784	14.684812344939	13.70609623029779	4.011357667961185	16.573194419517012	0.7969219705072625	0.9978320937491415	206.73683342923056	502.6421112762403	191830.65324658618	1202770.3372152622
157	4.308573590999003	747.1427920809047	237.379918866095	9.569111015575372	10.73689502398523	362.12812357658856	1256.793974555085	0.020849066515483655	0.18123275936407549	326.70007973085274	781.0443539113968	40222161.824673526	175633445.449863
1580	1.935885968036018	328.247831001825	108.3043307859415	-0.00033860848975564	43.31290938454751	8563.80681149001	25090.33392234356	0.000769923566054433	0.007676862871587381	152.54723266412176	354.170971585802	81435292.42905627	213266854.83117443
1581	2.653638140996918	648.6854679846331	229.0299091105071	3.702080683909107	5.932493394671959	609.1513501380934	3222.456952308956	0.014670837837615849	0.13284190440003635	294.2882019120919	746.5614062412282	42266142.26741603	382026085.0622122
1582	4.069524409016594	735.8336127607678	240.263786005014	6.478702951449514	6.469932758274024	331.29192937093745	1556.0151652365455	0.023331792529005867	0.20457091402819666	326.88553697883845	790.5670827308566	37593189.19129491	236394791.9339174
1583	4.049662395962514	431.4962572100364	127.1397148649249	1.570556689100677	25.80867164907196	2834.3819485484696	9822.962163315651	0.003985561140902821	0.03529323818073806	173.70598998718918	418.2808930119413	59420520.54812303	246358724.03122327
1584	4.448552460002247	939.3543240655422	302.8260127352401	10.12712320906464	0.4056403706229128	73.54154455338734	1282.4922642844556	0.13817990329407456	0.5572717527161238	407.6248438725663	997.0200564489401	16728829.239121174	504659380.9883357
1585	4.627397125994321	1228.669285817987	325.2931442818874	9.871208901614096	0.5475842274761864	447.90460840214416	3558.7252616006244	0.025872265164131977	0.20542346768889647	441.56185955432466	1071.1776065677786	211943800.10575017	2386316139.8325086
1586	4.101691884978209	765.9820822651408	246.1645435303883	4.661926612696969	6.72391906404535	891.0579178079989	5414.438425553027	0.029143551096450507	0.13620616902958405	331.99566595994406	816.0646274211895	118606269.98694186	979500727.6490293
1587	3.69858295400627	808.1591516550557	276.7959843684328	1.48931155740791	6.62013007374398	1496.3371510991137	6508.593103084854	0.0049979761636096305	0.0486466156702312	377.5007369701141	917.9302235963823	232083974.37688506	1367005015.2162957
1588	4.644542484020349	1065.723787477975	302.4579859136776	9.974129751615308	4.530386642765124	413.6207068468376	2285.9112671990747	0.043786928898698375	0.24535616419117368	409.08172819722347	996.2645355929143	139711992.05817968	987795731.4378315
1589	4.593902477994561	745.8959761424412	218.5855446876065	11.59346925464152	8.268257734115707	14.473916738254827	203.5966770271008	0.40728766440771896	0.844706323200985	293.44834524577686	717.7521406297552	1627441.717978925	36467034.380669616
158	4.435352538013831	1222.148085500932	300.6745130989821	9.060796429437278	-1.014562044163283	1074.829597561303	8895.343718047143	0.022510278950049895	0.12497088881072545	403.9618356332892	989.4839691750304	473600388.5488628	5540312482.680381
1590	3.373318174039014	2085.169901111789	442.3962973327374	8.114220032068955	-3.043459511659	10581.794344661012	30348.64934512289	0.0010697373116354077	0.010345930813184585	595.5183594332113	1455.5329881142814	19362190033.2837	69165503355.03996
1591	4.15018743899418	511.9825546837638	134.645212918518	9.172083472357594	7.384798932326836	34.803742266941015	123.2101972840484	0.18116526202749061	0.8516597442772866	177.83228220325168	438.98350358581166	1042999.1261469334	5686945.739361632
1592	3.56129649002105	487.0344458907941	142.5782657495464	4.168684475214086	19.48355633730698	119.8518013697525	777.4546192353737	0.08106258489556824	0.4586756819912089	195.23361188822292	468.5898018909862	3536664.80431013	29905650.850582346
1593	3.775785928999539	642.2947965090332	218.3245251841326	7.06707310093651	5.13792325764229	25.516340777089997	315.4827712397262	0.2656603793961145	0.7866872300566263	282.93186059865485	715.5277209115552	1575969.9590399684	41058691.75547924
1594	4.570548932999372	753.5635512257198	211.8473586571091	11.90845520707347	10.60661713090755	94.43520069687668	372.20395071673533	0.07507640754418426	0.5186471328504214	284.5662285686784	696.4638099841678	9781982.00489163	64084727.841258705
1595	4.563794629008044	712.3699641519472	203.924273291819	12.07471364648232	5.002559918959204	18.25380781971103	164.39799336915553	0.33925451869458767	0.8534891071561791	265.7773198029811	662.0031624810384	1586492.534592834	24836638.37828626
1596	4.45366808201652	789.6226226338175	291.0426946540962	8.05401613945256	1.938951582707879	50.28882924481849	386.84644687245105	0.13896654026562813	0.7034005774481374	386.81000348917246	955.4821281170156	6279479.870876904	106224186.64735144
1597	4.101980715990067	297.9079738821258	54.01753406303743	19.31738557901426	146.221279991245	1.4397648152066704	4.9463039033062355	0.9882115570991699	0.9999999794348599	72.30961708946722	177.48116922274212	6872.982572212278	31500.636453773222
1598	4.631811224971898	1082.990695354703	304.4292802946017	11.73693311336663	4.721517331496901	240.41053568641175	1117.568072934751	0.06466888424742775	0.30945721392565617	412.2552524028207	1002.9102172178533	80590927.89834619	524753295.15375966
1599	3.90749059204245	1198.570175367837	334.1894631079559	5.221311010167556	-0.1459874096994347	530.4128417517283	5600.330781094057	0.019364623712290478	0.1619564223089747	454.77498546611	1100.5432305665793	243373554.39249483	3871031057.409039
159	4.609384703973774	512.6538611380308	155.1923763310542	9.462394512795465	12.19219938238263	34.45665344860512	201.3813364028867	0.2116245198944941	0.7595499687990538	206.68492167243016	509.6389927513047	1166541.094097918	10552085.67045899
15	4.135028600983787	1089.114419276072	370.0786177825058	5.709289854359084	2.114245597537994	1691.4021492124666	7199.06501634875	0.004849883006700684	0.04401092988325956	516.3225981248742	1221.152909139257	520072840.72747093	3611043121.6655903
1600	4.406682281987742	514.8558134109912	139.7492566340494	8.95198870960153	27.54019044415234	134.33960876076003	684.8892788926685	0.05780292449999548	0.41029008560236274	190.20142458825268	458.6895032283959	4560819.579522421	27277970.328298714
1601	4.513973501045257	261.1869806847632	46.53481756289006	10.1270807323951	134.6322520139903	4.038946126400542	14.882542025889446	0.8072606697805668	0.9996223287247138	61.952041030909015	152.76830038270307	12607.576514915687	62270.40709034417
1602	4.65631290699821	754.7366529897986	226.8061062750525	11.51146395447172	5.025468539343278	85.53319878391365	445.92811385006837	0.08224299528017424	0.5505202882813652	298.5234108290598	740.8155648417114	8798767.284111708	80180076.6063937
1603	4.743163717968855	1062.268059711098	322.6494654236101	7.678406749729933	0.403765755098795	873.2404032633042	5581.05402368918	0.01046011428320294	0.09406142734597206	441.4349579920588	1063.0051398027374	285020851.0930022	2821529127.086846
1604	4.779872252023779	1034.109548498092	308.2455003077197	7.298415985302534	1.689934224199136	282.70884081334947	1723.3276349432094	0.035229995692735425	0.27319552635787697	419.5700834946331	1016.601716972585	86694553.9328153	803982898.258606
1605	4.397683524992317	763.3751257825536	258.5863635949923	8.857897754146654	1.627519582072958	38.575352235560494	511.21605366848723	0.2260279240650984	0.6714174474745125	336.06461422085624	846.0583367964393	4542090.041141962	117051625.05429515
1606	3.904601981979795	542.3724304551315	109.1634191858546	14.49456179462965	35.74934954872691	4.735435577215826	21.502904397848962	0.7388848572168589	0.9986057121691923	145.62590922633393	357.77695097181487	149210.2521609405	952941.8486229869
1607	4.559819261019584	671.4217851757776	182.0556552631822	12.70451256438673	12.47495755723202	10.194571948777194	70.54912924348682	0.49481779137598836	0.9342717932192997	244.4920274385911	597.9245021632162	755065.7723654611	8267761.146507807
1608	4.857099963992368	337.0243910144435	80.59507051059427	17.74849541066416	122.4536472185883	6.332706752595299	26.230812165201577	0.6606260283589659	0.9938345920220188	108.03109199513256	266.4927917004309	55408.540343137174	284135.8535330235
1609	4.0400687000365	1054.272364233388	303.2333516701531	6.96233970040664	3.943535621940391	51.606074162065575	818.4507729769239	0.18643331388567236	0.6410548064561729	408.63432166787595	998.1905861058511	16860597.087720226	356378123.07291037
160	4.179974393045995	233.0594175970704	43.16410988404988	19.77607686311285	98.18930131198476	2.701016694742177	10.008389130604717	0.899838428723165	0.9999938995193357	57.861502812648695	141.82792905195106	6292.098516632145	31615.913639259918
1610	3.351334915030748	751.2705842565905	254.3194354731123	3.390583278812075	6.219890165772663	186.12065787066413	1886.0916420817423	0.05353679803438245	0.3452935106646273	341.79276691100983	834.2860113014366	20774515.517735783	365290415.41035885
1611	4.328050468000583	658.4456415602831	247.4294000722942	2.934637255429891	7.215395617545067	2134.5199031962024	7893.455887254353	0.003861703831332961	0.03761862058709716	333.7181715489497	816.7974003969114	182187808.22975734	968155557.6529629
1612	4.192459086014424	492.3969436578914	145.6047034846892	8.35384712614913	11.79660184414246	18.4004123064711	135.69970034774093	0.32703226220793324	0.8725477238198741	178.6862050756115	476.80007454672074	484334.7427645201	7679197.563123154
1613	2.614989591005724	618.3608068952125	207.7788920839978	5.034045913386473	12.23934824026574	451.5246287389268	1926.0775051577896	0.01922870892132516	0.16970525131252742	287.7260943986863	677.5455768189187	27077655.35160782	150186943.1146996
1614	3.692320561036468	319.1062351654674	72.52133217651745	3.795093646933914	51.51967199390992	110.1072620477869	449.1217737315651	0.08225654744669536	0.47184700635276516	95.50434737937638	239.47365268144	787600.2433463271	4137615.8294605804
1615	4.785002264019568	370.9210147419091	89.3276255222649	16.35712680384254	88.9954176519565	25.39454504595535	77.86086584407933	0.2323396043673154	0.9511533661959974	120.29860976215355	294.201179463597	292681.6310193437	1204442.2928542881
1616	4.703450397995766	922.7219391414695	253.4203566865418	12.84209438442348	8.012929888546537	23.00532974443133	206.92371056162236	0.30506405210226	0.8012495612069402	340.0782391945444	832.795464109919	4586607.116283223	70548066.39986184
1617	4.633369373972528	1011.59513245275	323.3394106321401	8.345451008942504	-0.3804666199198365	55.762823186143635	6943.859324624857	0.13972076571224984	0.6079793517812551	436.3527276130859	1064.7154850442207	13370996.67300142	3682184211.048646
1618	5.024777312995866	64.6783255044853	8.150467538467018	43.36476368111133	2905.012396954206	0.049826689154012574	0.16401033192874515	0.9999999999999994	0.9999999999999994	10.198253920821735	26.664139521251812	1.215499119481802	5.730886931325629
1619	4.227052175032441	313.8638822990096	71.8035322216234	13.78323733367563	127.4918176129033	16.903389836600617	55.020415808840866	0.3386260354903819	0.9793946157759359	97.37197693966334	236.3388019065158	112023.11508075533	512132.55772044323
161	4.449254465987906	1029.049134512463	300.2170640074766	10.19189475501421	0.3922453535617483	119.45197193136198	1224.2692142747344	0.1272798644582938	0.46356168741625775	408.733629456249	988.68965174833	35402933.13125772	552687547.1994311
1620	4.271260449953843	185.8187772942277	32.69484994275761	25.99334681874074	101.7768516450608	1.4933430596019581	5.1425407650496915	0.9861874672515349	0.9999999998489247	43.75577593821984	107.44469935380675	1678.3261448227852	7758.694643418953
1621	4.732363431015983	509.1354387780134	105.0230344102734	17.34452858490695	33.83152194018633	3.430284278782913	15.033074376313927	0.8085695586160322	0.9967219771422319	140.99698308783087	345.1189340420823	95844.99730910052	542677.9255582655
1622	4.190108101000078	527.0475778610155	134.5215076996029	11.0348964266519	39.28303154600584	22.658118760893995	248.219456435305	0.31227568958112667	0.7623226659085861	180.89155671282367	444.3135779906286	926708.664776488	10376375.482773224
1623	4.698268123029266	1157.921633628362	323.2322005223775	10.26981584089206	1.093868777403288	229.51854307235948	1445.811098854887	0.054379017094984175	0.3026926651566688	438.418135938603	1064.7865447065988	95656188.4212279	841174824.4806457
1624	4.65376227296656	1161.647587410919	314.2314934886745	10.24840176919542	2.113964724059332	392.653059092891	2539.6949282237824	0.07020079923056761	0.27248971683443923	424.82314688074564	1034.9616508833913	161316401.39880693	1444342262.584146
1625	3.93994518200634	510.2973993292923	136.1904857979112	6.959119692516184	11.25847031774147	17.134305345360122	118.84889036336618	0.3640188973271825	0.8809948947537842	181.75333922778765	448.47263796017637	586054.4621334092	5825453.133125153
1626	3.997235927963629	350.4383217304262	89.56307791508338	12.44330929520277	18.33825467409357	2.178741537267096	8.307233713206408	0.9296774225512259	0.9998350276160929	121.35274448654002	294.70585748620704	22289.15423219761	126284.07940268063
1627	4.507104959979188	558.7299785210768	144.9726175271698	14.49428346568009	8.662984177273742	10.44118748170022	50.29265052939677	0.48611916748533207	0.9647511355467844	188.18994163938862	468.07896156813155	396366.10942645755	3137937.3594879983
1628	4.779010783997364	255.5656643915247	80.94110880242495	18.87923388067736	61.47702815782443	16.759115262631095	59.227343367715626	0.33814665697852375	0.9778072751008107	93.8321778162271	265.98635602655395	51561.42333140844	351204.11900950066
1629	4.491102185973432	469.734057995126	175.8293435541772	12.22310265316076	7.694869112930332	11.833043573808977	87.49963030217874	0.45474633592848085	0.9154719349464163	223.08821479369237	577.9321970839453	304670.88355636195	4308813.894726441
162	4.346531179966405	577.7615813157918	184.4631497830887	12.3856163093893	6.162901521090696	4.371495892947226	24.54668313622677	0.7272842382085881	0.9929887151775084	247.6813153658863	604.4526425507031	229075.80124090175	1950036.2689576105
1630	4.441851417999715	1268.196579665543	330.7874819507585	8.262963761165299	-0.2574847968109983	312.5269190267843	4656.8182685672455	0.029694978102547582	0.21185422980865423	447.4533149994013	1089.2660144101114	159729015.27710304	3342317907.514286
1631	4.453271109960042	1135.903412566007	349.0957449839359	8.325156969918737	0.3993188217457093	100.76229902369715	2944.841142947447	0.13556222464998485	0.4987671822604175	473.4361109152885	1149.2207019309567	42746546.69618355	1979030719.1618166
1632	4.194630598009098	885.9111152592402	318.4153876348317	6.098920439771805	1.101773183174763	348.43016898409854	4479.764723027941	0.04400655139052447	0.28365087064810346	434.264613742553	1050.9017713890998	63171503.14120125	1837020888.3744924
1633	4.171267492987681	667.5793845306692	240.4636853365071	6.47464330547674	4.003904881763689	98.09093947095731	1260.196482307431	0.10973719956743816	0.5042104877154	314.2766084705228	784.9886939319452	7425020.255360983	183759759.0026258
1634	4.415074395015836	1326.680994531347	323.1557780831435	9.249445419058093	-0.678232188367223	691.8023048009468	4726.4057497705935	0.014851709118896649	0.12290585415159595	436.8441219253443	1063.5750015076871	389051417.41574544	3795608409.9080887
1635	3.594535898999311	570.983080607092	189.7103337704045	1.806052317206248	11.18432531185952	4356.6140447040825	12944.6171551962	0.00212677921507852	0.01936898048464259	259.1841575619285	623.4266779219056	217440034.81749108	834841059.6592364
1636	3.930022654007189	248.8399466070404	36.459623946471	22.02182204224049	241.9257381196197	0.5791235415830751	1.9711753273509345	0.9999545423507177	1.0000000000000082	48.35620182110986	119.33003916656483	1304.6047485517083	5970.378312006909
1637	4.641087668947875	737.1119355280383	219.1072300582018	11.32158343063508	7.384585868694116	22.92038599469052	553.9854253167332	0.32661665603937584	0.7376810524041545	278.5901421848082	715.9189432265963	2174299.161601625	101806158.52376276
1638	3.565422913001385	656.5502083869321	233.3700549350214	1.905324535111006	3.738528205271908	5391.77974200642	14111.139115129505	0.001225769939780612	0.012169479296385555	321.0643384394363	769.2894389413972	395932518.3339255	1614964289.4459884
1639	2.632181616965681	898.6944915723446	303.0018582879441	4.570557591281803	6.48936374082899	1243.3325228680803	4734.227907697001	0.011361135515284995	0.0982922430563394	418.3246925403806	998.4287324676897	244242007.26753885	1195564230.908481
163	4.633310030039866	940.7832744594416	287.3612165694111	10.94779585566075	4.257932145284963	84.23373266599293	816.6258015843521	0.14153701424041046	0.531203432537149	386.7161998037491	946.0885244136759	20358353.35915537	277759598.62640697
1640	4.273102765961085	674.3646738886309	201.6135060519319	10.13531516204748	15.04555111476316	229.1428020128349	991.9452862733466	0.07540650523575192	0.3321356099828268	273.5604366149365	662.8550369914776	18841096.512391966	102238894.97286978
1641	4.751325340999756	493.4790885744774	95.87840066307609	19.25549399846046	45.39435769682207	2.156623969399786	7.238166351871036	0.9560540137996981	0.9999878637734158	129.19972989680394	315.372560031512	49348.00057155651	228974.1338309243
1642	4.097390130977146	185.0703413851346	47.67418954921393	9.959687210831753	52.47679394746834	9.560820779424352	37.363540373106886	0.5149039049741473	0.9933968010970328	65.66727181013857	156.10101389008344	15217.03227602702	72054.30987332796
1643	3.952504988003056	807.1009003380119	305.0413710901595	4.437593324142842	0.6689161379718447	753.4241723845902	5893.915596580307	0.01686709899367369	0.1235178162848743	403.7375160694993	1003.167491161172	106444122.08061688	1715396802.981589
1644	4.460027118038852	1009.333810027321	326.0492223292676	9.086613805153073	-0.4536764233328068	96.28771164025426	7734.3145347435375	0.10345679921679941	0.5081320882645518	441.86853231111957	1074.8217204110979	23453118.34554976	3988726665.290509
1645	4.666205986985005	1002.509429310378	290.8288942720855	11.66885514016331	5.68215954907049	52.3738525458984	567.1200505493551	0.20214259884559563	0.6082537533904789	390.4483005719768	957.3735758797137	14386859.024410948	231376945.9882125
1646	3.781514274014626	850.3230093038944	292.6785501675845	5.959842872559017	0.9449678266545916	49.50479220736931	2874.570520282243	0.20784682825698475	0.5964687824822631	384.45115111335303	968.1532297300141	8089061.23329059	980699171.4558994
1647	4.213206268032081	560.3618472188815	169.2095347036043	7.285972655168422	7.252944017695732	99.21272689867791	368.88583402278783	0.0916258826416205	0.5021967060853548	227.98897088731007	553.7952656080602	4386536.286430954	23557067.680866856
1648	3.605598184978589	453.7741473862441	124.4951220005697	3.506148260474518	22.42683556396639	73.37287863412267	416.6410132011488	0.11284454662318595	0.5963772235209014	168.14387020981036	410.8297418676121	1688854.4650827462	12435038.570836764
1649	4.54401556000812	1309.117334140753	319.9178450455183	8.841307777604664	-0.9255396121048373	1602.4607391548184	10372.965006571218	0.005826414880468735	0.054707254043225836	432.9429997757077	1053.4299746246886	862757498.7051413	8081403810.720894
164	2.784677085990552	2324.796053237218	524.9352139947026	8.495789104069743	-3.81891733226832	10613.217403819528	31460.83072369202	0.005047080452616759	0.035566283112780574	693.9303206809361	1725.4665241535158	27962080196.86389	99845627980.55531
1650	4.215326667996123	879.755026665629	280.8430350456852	8.50584852534527	5.788807436939893	594.3747359326239	2047.4458029100226	0.014124112685248023	0.11883588106868295	387.6613908404089	923.556540351497	105227174.59485051	500456734.8877855
1651	4.334457464981824	747.0400640359478	247.2097578335218	5.145043676914976	5.390688573899914	298.52429646300504	3988.344686870852	0.07017321997737613	0.2934122470299247	330.4696216142139	810.8915115604186	33496201.520722575	728474396.457207
1652	3.97554549400229	631.8573199230756	151.4294535933006	9.665728156575575	21.89760130299079	9.44072659131635	43.50428645358015	0.5178428877635273	0.9626320639916519	203.2443202634429	497.4887806337797	556771.5118260683	3683987.2332365336
1653	4.460236984014045	1299.895026373039	357.1456885267291	9.339591551578046	0.1420774800962115	373.10025555878934	2070.9382486219233	0.025760502435576586	0.21042320109794	484.8606567304762	1176.7605628486108	213039181.1178233	1703925133.1332495
1654	4.125318261969369	834.0283239690735	313.1982510965764	4.258258172440301	1.511668323305586	173.94485920619786	2616.272284269898	0.07077157815661095	0.38149328290928913	426.50685578117725	1066.817577858165	31686172.01518079	787752205.9359714
1655	4.59760939097032	868.0403837652053	240.2519513597394	12.10200096380163	8.21644287078513	25.911545356075035	298.60078906369637	0.2628914798650796	0.7996740179238407	315.94934921190463	786.7930122541327	4006579.3391706874	79131898.05902228
1656	2.60333393199835	867.3948183861507	285.1343671534726	5.327633911180547	7.444478898288063	707.0539432560136	2690.9034785621807	0.012304424179355566	0.11152919617626368	391.9355925244171	938.6850836413889	133685728.22178687	577427608.3669807
1657	4.578030781005509	1202.244651243489	313.7453732419763	9.626153461624357	0.8630379867192155	809.8517728564399	4715.919217873853	0.0335613827689873	0.18339351655672798	422.8913624515542	1033.2186966476788	358054052.09405464	2934810025.842748
1658	4.599317969987169	1081.657297920332	308.1286347217878	10.11702319519214	3.24431747191584	311.4144630859179	1103.7362170022895	0.024685629093265427	0.2087543135292327	419.0099700993525	1014.9449239324936	100151183.08350171	517179869.6487084
1659	4.285760179976933	762.7429539856931	236.5715174174267	7.257992775770238	3.32544531040783	213.62330597610782	872.1082465798281	0.033784732014067564	0.28281303245904715	315.75422141347326	773.8935832502593	24599421.402448535	154156295.98326626
165	3.472793673048727	854.1059375218309	327.2654966662986	4.04044326049328	0.7322197978406391	943.1534114956128	5883.230375895701	0.016008819163715875	0.11552019210736915	441.01818478402936	1084.5433172157245	158824960.24168867	2116534626.145734
1660	4.637156896991655	825.9437662516716	245.8011636188898	11.72965512785732	6.256970180867837	55.19302173139651	906.2523333600124	0.17859565609265557	0.5960753039179864	329.54483883906096	808.5746502747041	8320892.488224109	205275352.20019415
1661	4.572572187986225	537.8118178019972	147.2868492342879	15.2829844412178	16.68807296788298	19.48450456086388	97.22800931691339	0.3079130702854646	0.9036689142454096	195.31130273869792	481.8273813582814	734229.5295973145	5431376.500044224
1662	4.129245956020895	526.5078651123176	141.3051654547019	4.958961828191388	16.19388629428932	65.00526925511996	623.6328290405953	0.1876628273246324	0.5985922771958605	187.54456145853914	464.22805275162693	2428487.5336708566	33615690.78955734
1663	4.40941229701275	1410.439054671806	377.3910432116732	8.673721734612815	-0.4866843178620111	1587.5809926175996	10481.46479814517	0.015168043915912132	0.09828453080071242	505.4021202025431	1244.511579765495	1119498451.9087462	10363628172.474024
1664	4.619147079007234	874.1888739809749	257.8606307071627	11.47673459112575	9.243239314618634	110.33082152127069	441.34604267989357	0.06718716662924407	0.4675715544001134	348.5319680926251	848.4842650199207	18481326.681968853	120636212.3972345
1665	4.616535687004216	1215.374746301111	355.4171320712601	6.173345212700683	-1.952371547532459	1921.9392742605505	22153.601592485484	0.007344206254900307	0.05936291358985284	482.30831623779954	1174.5328661052138	956301759.7829593	13962149606.60844
1666	4.083293797972146	882.9517084075057	271.4044323028647	6.304606722058013	9.077347496929919	197.68954569112492	1049.2716230534409	0.05361756221116651	0.3214048684856745	363.6767207232448	892.9579935431434	36171874.995995454	283467343.04057115
1667	4.616698608035222	783.0721102510861	199.1794491716	13.75977418364357	12.08491493221059	6.959815289503546	36.42622121702813	0.6119552867848445	0.9783482196110695	265.2947163417484	653.7936671927209	791201.4277181834	5979719.928778064
1668	2.678478198999073	266.3356693735828	65.08035163277883	8.16080629354147	85.2481698129977	76.69931661414415	327.83726388657493	0.09806204450522352	0.5807327388497323	87.79366943212784	214.38855666003997	364758.39982458536	1775553.5175672695
1669	4.488080117036588	861.7889232062284	249.4054537395272	10.93879852526272	3.372217832967079	15.713795089387117	104.32382108648123	0.37525906228784384	0.8968234343061076	332.2201381426778	816.8741513759271	2524402.5591903776	30986300.314386915
166	4.433333247026894	1416.869091896981	312.6207057779112	6.373914518764026	-2.891094672849454	11807.528290994702	32565.32213340879	0.003297066176814776	0.023787259282765535	420.02133600720526	1028.7700487986788	6854799388.725238	22921603497.711742
1670	3.221674758009613	1951.439774148485	438.4333604256115	8.773619035290167	-3.854030767263186	8565.59875247278	29791.055196525995	0.003010926687026042	0.02572120045651141	587.565801851802	1443.580389847817	14044448263.173542	57538558790.8955
1671	2.682318325969391	2212.432136614128	491.3271880646785	9.083573346048224	-3.30203251959721	6964.472855044266	29736.967113187166	0.00588245929113675	0.04579151018127941	659.4056584158975	1617.9722601949425	16910139255.788427	81545046916.51622
1672	4.422628552012611	1262.389251046997	331.6363809333311	9.32093630057574	-0.3573203006953081	1268.6151039273282	8302.924415625128	0.023827438506430286	0.13203287291170118	449.12205957834817	1092.4622662284505	652298631.6645504	6098220815.557138
1673	4.001005603000522	250.4260872631423	47.00657061821138	17.42368841118014	84.1857182256022	15.823004596141157	50.78563293942351	0.36461017063277756	0.9896421609408144	62.62076281539129	154.53589317136928	42213.32686177475	194629.95246531276
1674	3.19296683097491	2173.060265841654	388.5754739701328	9.310482843232123	-4.520020101694534	13753.736352192698	33756.565204158476	0.000692276311055596	0.006719082541494971	523.2279677953466	1278.4309135979645	24175902959.111225	70374663504.62514
1675	4.580431142007001	1382.115294470744	341.4948821864327	9.064179580563206	-0.2523335330232223	1326.9310748538194	6022.66540853025	0.010764001095948928	0.08215816567929256	462.24266999789234	1124.4014767714425	859906056.1214609	5380272250.905679
1676	4.179244655999355	335.9226056422391	129.034489491407	6.942228076476162	32.36414258453671	98.39932119505927	408.37649649383155	0.07415232682380046	0.504983435818962	178.22740656806178	418.87958084068464	1036505.3631361427	6182123.339664268
1677	4.439824602974113	760.1125022134918	237.530630823794	11.91738717510722	3.150154551365664	90.49297097737352	336.4229909053829	0.09021205705144111	0.5315190591890089	317.5036721512306	779.0164159723619	9509955.374130892	63584690.36709177
1678	4.588477295008488	1316.878382073043	348.8236701941381	8.565823422472729	-0.8630479071054116	596.1131714265434	12744.438000240803	0.054545642174305936	0.2776673382509125	471.714139928725	1149.6212793646077	364139972.90025645	10113278043.004173
1679	4.842513692041393	458.9890040877962	104.2262756879136	16.50789902120005	53.04202915841692	7.398858342170731	40.34431275682628	0.5804826977229521	0.97809377384306	139.56948164157006	342.69565734436526	167510.0701832158	1174265.2926861553
167	4.682930556009524	607.0018326959774	143.1779990010853	15.35533657892001	33.12061898115655	5.449503326604411	25.281147306203984	0.6917247881470934	0.975592716729142	191.20592389126153	470.0890809111763	279352.22927805607	1867434.9122684123
1680	3.151917301991489	2092.036120128174	414.4055828181022	9.13363368849624	-4.444066138100716	11414.795983982127	31532.479823091562	0.001293533213622504	0.01138600614425298	550.0029939793308	1358.0386562272017	19731359279.521957	65490679182.13155
1681	4.453376156045124	1091.839518215617	316.9911800582094	6.645771052731534	-0.4200035795483493	1263.4317280635044	11733.920170576466	0.01576912444306912	0.1109952876905697	431.80368043636895	1044.4433985300245	425620216.4372927	5816033602.995616
1682	3.969866455008741	590.9240239157625	128.9216621538689	12.85489078371653	24.80536910147307	6.182498971362021	24.77191559123355	0.6532473901641087	0.9974514931750298	173.58254986036735	423.87783419774183	268626.1916485271	1457630.9567477636
1683	4.392300780978985	542.0566984150241	167.3023380112947	3.571925636515493	13.32180277816674	357.31856072218085	3512.8401633593407	0.04035918921627501	0.2612459118749491	224.31574094891522	553.4732732168168	17940649.781317618	182048133.33627898
1684	3.579665970988572	510.4283805903552	168.7630711252171	2.501060252684468	16.23326549496815	1173.1432258412447	8125.7929539755405	0.00873817711355445	0.07660777992712241	237.38791471931359	551.457545935716	42770214.7884196	364599075.1554378
1685	4.074504625983536	383.1546223869898	87.97231067495002	6.199143004883513	23.94821945830111	44.67333905761321	157.39617286152463	0.1465263922830975	0.7784169382255213	117.97767966724285	289.13757645452245	542768.4715303825	2700330.8807591046
1686	4.342710327007808	944.5379782854567	302.7807942271299	8.038470490638435	4.543438278292932	606.2928134682277	2733.4255432624045	0.017498896597814714	0.13998477632491765	416.37760949405424	997.7923278534817	138385992.77493343	832104231.346754
1687	4.449198426969815	1202.717150990447	315.7628456418734	9.334622373424336	0.001465559187524557	931.3103064703702	5632.102449695482	0.02340918108178244	0.11980269046899027	428.24391674283083	1039.8782987889508	426287110.67680204	3445385104.635483
1688	4.334562765958253	1519.175257533862	338.247995010092	8.278165219199948	-3.322520603675662	8220.242693602	30149.96488533175	0.0030615241493151643	0.02691677074819949	451.80538291093285	1113.6877163683232	6369529810.871134	26705039895.835075
1689	3.169572009006515	413.832908797411	102.8436859114045	5.442254362694413	26.07460234685237	31.429798965997225	144.32287922017954	0.20361564417206912	0.8308415927513405	136.7044575579547	337.89245444197195	494061.41240811517	3099542.541172541
168	3.075056632980704	627.0899495122234	207.7633852567633	3.760768986391582	4.694106574351316	143.5206827566481	644.363602714782	0.051649933081197634	0.38813726055768016	272.7678629886208	683.2309166047404	8968597.27976421	75198818.71062832
1690	2.72399414202664	2238.89389000085	506.5090345251538	9.009695201738989	-3.192468936762537	7643.523229852115	29413.16811274379	0.0036876286254499784	0.0316880105324105	681.6281493337881	1667.3540349408997	19111846720.55677	86874827240.37038
1691	4.461962457979098	487.1725243774814	140.8640104904324	4.136501387404259	19.62707628616512	67.31018452404194	1061.967609545437	0.11696505246675022	0.6042391435981237	188.72034550804483	464.89175427177406	2242127.92578217	41621269.21688884
1692	4.591907205001917	1125.472613718345	317.9331996498671	9.313869372911075	2.335361542900478	244.76049181132674	1761.849000393111	0.04588037274805678	0.2832606603680142	430.1508684611889	1048.249306611341	96286869.50556283	927366672.881245
1693	4.177963991009165	599.5826038321854	157.6478271078215	10.78157146377586	24.96597971059058	20.84201295208426	298.86070896771605	0.33180360001759346	0.7435178463645629	210.84497320486798	519.0923658335032	1197650.2037117016	21677058.520337667
1694	4.108742511016317	703.4574915978178	189.8594933189259	11.07789183493805	15.67811899101167	33.76215777840631	296.9641130856952	0.23974447692620324	0.7328207818675134	255.18912405844435	624.2179331471498	3014681.312627668	38191877.22688638
1695	3.563094667973928	721.8472323220562	258.9566195653741	2.390402179560438	6.497844940252306	3681.0282423970466	14955.619512265315	0.0036992955623796416	0.03428059901924267	357.2392910161318	851.0578681621155	409947122.0863882	1967668025.7840548
1696	4.222291644953657	1018.836477215486	321.9376738525514	8.721799890080877	4.81353330994408	785.7497795276122	2670.550466279403	0.010600925461543904	0.09480459784511093	444.035242600085	1059.895147390177	220325697.22474203	965606669.7512122
1697	4.553837969026063	694.4802697931932	202.3840580064544	11.24331844537275	8.157212628505002	19.80816569583126	252.44264533402537	0.3114430212464421	0.8134461705318772	270.10718306419085	664.1684741046108	1685352.1110866861	36572247.78223723
1698	4.22005792503478	1098.346907723847	308.4150184131246	2.27103056265061	-2.092919207803954	8987.926084148337	29638.471909991116	0.001515590288498949	0.012632720526476708	415.27838248101307	1018.1026723657162	2869199615.8021355	12545660811.255184
1699	4.596776686958037	996.5186006565276	294.072992045835	10.21406749203697	2.063343208945609	78.38682304619941	1241.7107839741354	0.13172624968171118	0.5550612891473984	398.9442331710467	968.3566925314518	21316529.409989998	505042618.57469785
169	4.404562151001301	636.6943674631207	217.9483985614404	3.581734560268849	7.255047594466696	940.4790872197335	5294.725305452681	0.01706574872440953	0.1193709320622049	287.4637128425572	716.2919475573094	66863960.20434667	606330856.2907114
16	4.373171277984511	646.7498490561115	225.6244289631473	4.271932358261228	7.163403963199567	580.7436994752569	4944.283857868384	0.02325525744208645	0.16512428226644246	307.0605415720178	740.7777427095599	45335245.37022395	558938323.7054807
1700	4.19633366499329	745.2916718339407	226.8041050011267	8.445805801326038	7.610226676731105	142.96154456030038	846.7661617320957	0.06559821566196412	0.4122576155189886	303.26782995605686	743.0266650587448	16224500.013317207	145799912.1164846
1701	4.058540711004753	72.81278153234871	4.264417175620264	16.94798729433433	612.9236993779521	0.8620931909665335	2.9510142256171648	0.9987247159668484	0.9999999999999093	3.788404414634769	10.843347701899532	12.08692557169181	64.80338848230514
1702	4.538285519985948	580.6266506578128	178.2466675315775	12.47767678216779	5.724867028274486	13.990297046155666	55.98608102256925	0.3977104416404989	0.9535263034257868	226.38312626242293	567.9261297822648	619381.8949359835	4383189.60801599
1703	4.489055635000113	1150.632801920863	369.5676074843635	7.873471774583297	-2.146215528086408	1022.5936422782335	20657.363694496882	0.015691200292517252	0.13049125379964466	517.9110756178356	1217.2537638902324	446098868.51224697	12398631853.419641
1704	4.647824548999779	1018.776508222806	297.4718498814703	9.578703262755816	-0.03336955980223211	255.59469489007083	1968.8459530059006	0.15298475441388576	0.3565017428636115	410.2187561412245	978.857737553712	71464930.05197982	906740038.184464
1705	5.439187693991698	505.6834755166869	160.2460723340058	2.173477919453914	11.44602941359737	570.2065212405337	4251.738598879381	0.024100073825502277	0.1867866257623862	218.6339292139483	524.942143225004	19592512.979889683	179111358.94429937
1706	4.385110389965121	1464.734743963129	318.1243453899847	8.408911326246011	-3.799502456850439	8507.163331806747	29699.39069718768	0.002416904531213787	0.019225897869135148	425.3466393613969	1047.1777711443426	5783282613.588729	23454996051.067715
1707	4.245550433988683	920.3315049625396	298.8485421600705	4.696469148502437	2.736503201248908	921.5701521058977	7318.738109328437	0.028415201400361335	0.1957011121947041	402.0726838489584	983.685413984458	220153684.72749907	2326199913.662689
1708	4.138561486033723	858.0957410556762	253.928910651667	7.77972426447691	8.691351173609855	130.57929555957176	514.9567071375983	0.0503726848619741	0.4110889760381617	343.2953688863189	835.4926549458369	20616047.385935668	136425248.60621616
1709	3.938070882984903	423.117557835661	112.8688427699615	11.40717883306054	17.23510441529204	16.384742615827342	71.96055744454738	0.36110721590801553	0.9447117576355278	151.07178369608152	370.39263397500457	288233.07428394014	2008009.9481676968
170	4.287681710964534	1538.286863554837	352.1925782049119	7.731183637536171	-3.249866747123709	8323.939167431297	29187.69140655758	0.00753979873404564	0.03851130359657707	473.3572767148846	1159.694117432013	6702546941.167317	28498412112.12899
1710	3.900063642009627	796.1834514089347	271.7466945558179	5.896469220244672	2.506525851138268	59.27591614292397	1374.1148728712726	0.2157880664897549	0.5905579276891927	348.0429462829575	890.4705598940964	7793598.47769331	337102366.86450016
1711	3.992716441047378	275.9863288366196	79.01567942200947	9.099340715769113	49.48433869823597	2.119264581980329	22.396381656190748	0.8236894926058921	0.9846487413621703	111.80714104109444	255.73586340915102	12960.048126198251	122940.68918727332
1712	3.051968100015074	2158.055774602125	370.1471249339397	9.600299988099216	-4.906317802718934	12776.847700398	32565.957286731504	0.0007691679307490552	0.007509489912475565	497.39109139052334	1217.5737146933036	21400639787.30892	65022502396.45687
1713	3.908039381960407	1039.14202015311	305.5670771880505	8.44454961934452	4.677049420349312	145.52284360002278	989.8962040109911	0.08498519831828952	0.40989378334161597	412.7459420704944	1006.6166419612642	44585181.04697967	455660166.707081
1714	3.977087098988704	770.1852127452918	256.5251613051405	7.805700873870517	7.588653166692499	78.30033807827103	1054.0381657686528	0.1466164055182853	0.5434934245288012	341.7131562865733	844.6390161740374	10804970.667374589	194897519.59778392
1715	4.627571370976511	1143.341455810844	318.7758828186446	10.30319764183721	1.964547486243268	242.05300852458672	1683.4650095129684	0.07391422503468238	0.3502326701502189	431.5853256779121	1049.6455370168787	95073026.03718986	963898987.628911
1716	3.274599705007859	1961.546526433507	527.5248771849183	3.307787032174831	-2.983361228121604	13020.691458150406	33323.41161146138	0.003339748246809835	0.022434784681173284	706.2050205898736	1740.5659941379104	22210204947.97678	73080803537.03865
1717	7.227567798981909	136.4260642530927	16.96934055001695	40.35614098946605	624.9320795459522	0.23293772639641713	0.7779468348356405	0.999999999984357	1.0	22.864987637410124	55.81954437301012	76.00222002881193	333.3483042966434
1718	2.649113680992741	365.9491818194278	95.30411585297821	5.903384569722771	31.95603454935056	254.64485775159375	867.5177471624628	0.026858245174663523	0.2378663236875743	127.40771344261907	313.2314703921987	3009929.101155967	13425085.526006263
1719	4.505160057975445	829.9665358897411	317.4173226706892	7.84274991318324	1.607248550314256	224.54237441564658	1774.1540417812673	0.05587825284304152	0.31845405633264084	423.3750579017261	1069.0289937212483	33575090.3764834	563678990.5616518
171	4.540147087012883	748.8463328042517	235.891379040694	10.4292476137111	2.16447734829947	30.442166072081367	313.53689005835855	0.28656377511675307	0.7324874344021893	304.6333575551356	768.3716432457265	3445020.30477156	55711840.19312631
1720	4.840613859996665	436.5705168065805	85.63834252935467	19.79741132311038	71.14636945779026	4.385482807440642	17.10874748606316	0.7604805469461242	0.9990649104626597	115.21846712729507	281.5967448410833	73319.9803592113	379556.05737842206
1721	4.431698152970057	501.7319620950413	146.1820640004515	10.73864556672241	35.71804630901696	214.59750260397342	888.1260280519444	0.039382885476632025	0.29069174595565944	201.29789090222835	480.72920072279226	6974435.975239371	35487871.96232697
1722	4.595498774026055	374.2535649354288	88.8983187925634	18.39314346890944	49.28801482825423	1.6993987678832574	7.590530984270066	0.9479069096567581	0.9999999380607056	119.54905711895287	292.80928533156936	21071.610716249554	117495.46333867025
1723	3.762251726002432	515.5866144995691	181.6104802269886	1.981718467592666	6.256868095689475	3460.961387368021	12547.666709753965	0.004312034507601497	0.038653198023965794	246.9609356146761	597.4304581080894	124299602.60733576	668027617.5844897
1724	4.697902712039649	403.7119957790397	70.32145266198813	21.83759531393439	80.01267308582423	3.3589637481667642	11.946881007238456	0.8569802674833552	0.9999990279411417	94.08470666756028	230.92159332411853	38551.0866013447	182142.73606163642
1725	4.650776404014323	1140.735371087699	334.2869593930519	8.837780762465215	-1.355744031351466	607.3124000127557	5704.834908305633	0.028160434341326614	0.17089842398439364	460.1959213626268	1100.6376068078666	234538392.00535455	3783533537.700629
1726	3.93834530498134	943.3524459231561	324.0662364267028	5.251961746942484	1.543794212491768	819.7335619633294	7135.08609019373	0.028233140125155678	0.18181129298740448	435.594411281014	1066.328895036337	192516527.2883379	3010481325.749323
1727	4.752868730050977	540.5136573187194	134.4778764893443	14.33321852454836	24.19002643633427	31.84801921022597	108.04720241299076	0.18890224000277592	0.8836520321096405	178.3890689015371	439.93301595746834	1107463.3491345327	5499131.667519103
1728	3.726154753996525	787.2666024410481	305.4568758743863	3.687951595811107	0.8848679850886256	614.8375718685369	4340.5820771898225	0.014356644900795744	0.12609247549152156	407.79831511033376	1010.6279271785006	78635137.02019356	1259448515.6783416
1729	2.592377184017096	424.6433370179396	111.365369150535	4.362455013972092	16.40186863997411	246.0890806737589	812.2186798274256	0.028059583834890486	0.24599004293407137	148.97987949331736	365.36292706777544	4424500.690581254	21125444.41370718
172	4.63126033503795	1035.969798525785	299.8047733669546	10.78402672904872	1.933305329101395	255.0138693642308	1478.4005248176677	0.04425504654476795	0.3093380265074099	407.21233780259536	987.1863195618181	77411814.8363984	641424763.4412693
1730	4.767531250952743	748.3603858191312	201.1802319551614	12.69386166392384	10.03273819410241	23.138193026926835	159.69955512246761	0.2831023553679994	0.837219086283187	271.2522426390841	661.3710158411479	2443303.5029402855	24555093.04527738
1731	4.790471231972333	351.0867228496163	61.13279304935314	20.68563574200488	115.084723099421	1.5537726877937499	5.416172061375435	0.9813881811439792	0.9999973476307996	81.99371828656666	200.87547196759414	11718.277189402797	55169.077200717686
1732	3.315607531985734	1821.944366353303	367.753327099007	8.149197709909615	-3.81452772518433	12638.469842575963	33281.652024901174	0.0034817608578720798	0.018321025528582696	493.1976819135798	1209.4324617062537	14629537795.264372	45488893080.80401
1733	4.563819600036368	688.2021185251662	178.5361703637458	13.83380802898586	11.18503886476491	7.837485624411258	45.78163860756119	0.5687718130360393	0.9759901922638615	228.69065321931976	578.8420005103335	552866.8970209146	5433813.46505949
1734	4.099313583981711	725.8025275371022	209.8674822757439	10.02255188320039	13.50816096339025	47.417202051823494	447.02798505550635	0.1684753426959915	0.6715593375227672	277.3930881170203	686.8919378303174	4616470.205578407	70357634.14747672
1735	3.336623904004227	1573.372360967424	506.9402315676382	9.890818885691644	-0.9355320186271113	376.0099896933068	9621.372678197464	0.06326497013987284	0.29458440308312905	713.5878062556646	1662.6709121434778	400308901.8288369	18200895716.84759
1736	4.530502879002597	833.9333254440653	236.1641718775637	11.96819453813749	9.873708162135582	60.25687793153571	337.9831135866432	0.17603412992783313	0.6223050430633396	317.6973290016492	776.2188677427985	9225025.70078251	79435138.87276153
1737	3.403748158016242	381.563903904014	113.9895743483719	6.047496882368705	17.68279610004519	96.4431624797676	492.81654925738826	0.07806775637252318	0.5115033160947046	148.07536112315785	371.44014542125234	1228149.6726065655	10212147.29292109
1738	4.40294849302154	627.7688627333517	174.3829268113271	4.648444780513643	12.09552149052374	123.32792854870846	1515.2475328290552	0.06130312919373272	0.43922348563428976	233.05944543921015	573.5023304170389	8328532.5010284055	125986318.01788974
1739	4.718726446968503	662.2408204683716	194.0510154970096	12.03828397267708	11.00102696205071	56.83952494850127	461.4388202003014	0.14204484937002498	0.6604765958765694	247.96468684223828	632.9800365510741	3605373.840407118	61274506.53749627
173	4.036243573995307	605.2618459669973	156.9700830688548	11.72323881997753	20.65027946948176	10.841885223211865	47.41874309370343	0.4746219347645033	0.9660300623061779	212.60060969124197	516.7293774705588	588829.7435364701	3810894.4659702894
1740	4.322834060993046	399.2059198781417	102.0262576998728	9.025051576937248	24.74567071371118	93.31124577493237	381.1814313727114	0.08312194550357963	0.5219908866300448	137.83912962264077	335.80392764010867	1433146.0361881675	7972170.776247214
1741	3.626573144982103	136.8695190651067	34.38063008761802	4.387689220843299	56.63635221014507	13.844732845954377	44.877149868054985	0.3882603684166585	0.9875540897340251	45.76526257877185	112.8485961645692	7901.159837612681	38072.17933639187
1742	4.483436902984977	215.7055383496739	32.33674706776677	16.88350210738676	196.7615014917295	1.9391066878891672	6.82363466112819	0.9607749555299747	0.9999982422526597	43.24805282701797	106.11559928954188	2955.180624976734	14002.869686408641
1743	4.265322506020311	521.8549681194748	145.9076975513221	5.926575064437067	13.31305469287361	37.268008968000316	189.23569353418065	0.17798944385875	0.7943759590652949	192.4310934438268	480.8093724715008	1358699.523544893	8572756.596826114
1744	5.96990156499669	150.3686285272172	21.79514585047703	38.16878075518883	709.6572190339552	0.44658853079834165	1.5210463444418891	0.9999961889073451	0.9999999999999956	29.212252849105056	71.61074165242647	223.11032675601467	1011.7747820085847
1745	4.128980744979344	755.8213455521616	339.0375496747525	9.79623315119527	-0.3646999242939026	25.704978432564104	565.3137816057439	0.29528509745071657	0.7772354975359878	390.24125130670075	1207.6659999289095	2297007.383793105	413195448.81218
1746	4.210111068037804	332.6112311490794	73.70134841534126	13.81606897170387	113.4916391528043	5.992281279639663	29.933754786618138	0.6387849458290119	0.9936066258412319	98.13748948893544	243.89534085647674	50185.02810010571	305136.12903843494
1747	4.243359860032797	925.6259456592969	336.2081355334703	8.849792045403747	-1.317360901137833	51.19164742598847	9172.086945982981	0.22608121265755401	0.5997078025925763	459.4023994798923	1107.3167472506932	9680531.000248289	4416290163.849422
1748	4.055661842052359	1001.885198715048	294.3769484027493	8.40130337413521	3.757432214392377	281.4464350282222	1703.4081170671166	0.047412106828171055	0.2993167439807415	399.4566413165235	969.3535868861103	77137829.11382285	674392282.5714194
1749	3.739876244042534	306.8708388398107	72.67283671580611	17.65839600260382	55.56111918088688	11.115909510976472	60.549189861337894	0.4678877268101258	0.946482353520733	96.76586281009344	238.94205980712556	72542.61491266916	540960.2839372698
174	3.503452700970229	586.8407055251964	224.5986771397747	2.652466415522865	6.761705551477176	2340.5779746802787	12842.860609550044	0.008437530941635697	0.07467054596618786	299.17341421209494	735.2430489418557	116833096.51054445	1176934653.7429392
1750	4.721588955027983	660.5246780216725	192.4534017285681	11.64200417142972	9.935143666861316	4.867367172311265	35.42603387580977	0.6956068428272084	0.9768937597390885	241.82930497113296	624.2499401007194	330016.4654753223	4093721.142125982
1751	4.645633556006942	1467.776903445509	376.8555629288196	7.176003076389538	-2.192462054011671	4353.026344459013	26049.484554368595	0.009708430487063163	0.06715758987306557	510.5383426344463	1242.470582217927	3510905875.5328445	25188865057.276207
1752	3.759208261966705	706.5580878324305	272.2579933276397	7.334986622803844	2.055141608942553	37.073034214658286	523.3381984801961	0.2640497018900777	0.6844367594876581	323.7336144322604	880.4421416681519	3011179.6477921726	119320277.32739317
1753	4.629241148009896	1041.542464081177	303.7991016077693	10.49202646347996	2.008478514144624	176.94061464065632	1771.1497447552647	0.057466172494261	0.3664393599972318	412.7754351645026	1000.3304585869927	54992273.289974555	797497067.3923413
1754	2.653651483997237	2389.433659775446	520.7235735111188	9.066487125507068	-3.699243646336073	8621.936130220647	30013.25261040756	0.005118478092751009	0.04104336684155451	699.0745933552519	1714.1698377287682	25145840728.964115	102995923294.31444
1755	4.316724303003866	461.0160961065679	128.0706237466805	11.31407618194869	38.15777698518446	220.12884610892317	773.0066147598228	0.041290258172634604	0.28769746585872413	174.84797073235364	420.32647167790094	4985022.622848465	23298097.290046256
1756	4.309897380997427	467.1050153113142	130.0815598101051	10.84393173318583	39.60788990089697	245.99439484070666	1115.9409654614333	0.054246522615119246	0.3091629773733177	176.14878918657905	428.74319144381604	6659534.050065811	32850228.349928815
1757	4.707174776995089	835.8942839591889	245.2253460476699	11.13395735550951	5.903325377902502	63.83184987915544	509.6908639598316	0.11751571615376515	0.62214996170404	328.41556531868673	805.4559930758169	9890965.935424415	118191810.67285004
1758	3.973179685010109	526.1226297398719	169.7943726598052	2.190905353439749	12.68748753025338	2567.8867102173103	11026.00774959914	0.011135301245036618	0.07390749251954325	229.64863044574622	557.9160174705625	99712752.44463997	582386150.8403653
1759	4.632830301008653	1165.304507682928	321.549057026663	9.423223005782411	0.2077814026802187	349.08450949591384	3704.920594606907	0.05392566585903326	0.28337430147923903	437.2535062281253	1058.9701131862828	149598364.46226355	2190741512.752303
175	4.346435807994567	983.2455287658045	345.3976551478553	7.092991303284082	-1.694544807282077	1242.5276062099795	13000.004384472097	0.015213199739050646	0.10857696900401127	482.6955258737262	1137.4688277401997	315312862.07378346	6503233077.064203
1760	4.548419939994346	735.2439761451868	287.9059119198215	6.783933178662163	1.611826920345652	285.98264144915925	2917.1600438796445	0.047423624524395656	0.2727970719279099	378.3113368998319	993.4718221866785	29978550.08763025	755197592.9861311
1761	3.992553661984857	781.2209598462606	260.7933474326215	3.864352701541121	7.066042366500265	799.5480659448561	4966.3371416104155	0.025680449026764807	0.1927433312885091	352.2840182268985	861.8903844951134	116874048.01805198	969839645.0854523
1762	4.660967607051134	796.9712590442016	218.2099788719195	10.89010858426862	15.44700295322902	61.533314164401524	429.6209358726103	0.17950205951198756	0.6058138630332508	293.14598087478714	719.75606527763	8636296.240782944	74010710.35070105
1763	2.768841901968699	2394.295784017527	591.4942221052108	8.575242897657839	-3.054999550448128	7369.029881764341	28206.528486027368	0.0023191073261232503	0.02173067589455578	799.9719972358193	1948.9521467369402	24096295593.681667	113702564057.12999
1764	4.50482994801132	736.8246364109463	238.6822665172956	11.73100332855227	5.506969649704363	91.93621560912611	784.3596180250369	0.12378302193026053	0.5178099685815422	306.23077362789707	777.7224140267837	9038570.114367263	144315549.35064042
1765	4.159184956981335	262.6025651377902	72.52469415478991	14.97170685474009	87.74855512400202	11.78409731605209	57.69985111378025	0.44926245816024984	0.9627273620032206	98.07511637373537	242.04839238442392	52939.71635282272	292510.0046075694
1766	4.079378221998923	820.2814384276135	260.2709558714276	8.862474419024208	3.793490794201242	80.53422503446865	760.5033662862929	0.09613551591159077	0.5630611091563056	351.2007165786795	856.0681025677858	12010903.958512915	176631534.30679563
1767	3.688764096004888	458.2063954850818	179.296930351801	7.413276243125477	10.18731326339742	33.57599992915404	157.17546533512686	0.2054350411281188	0.8160320037469061	252.7210455200963	589.0010336277309	799126.0441836368	7531713.342109626
1768	4.007828341040295	522.575142949798	132.6963289355265	5.655138425364758	19.74221102843563	67.72185407848467	300.95024999943774	0.12599732537636965	0.6178543159457242	174.56462589719018	436.3098691830994	2327197.4139233218	13811428.440534592
1769	3.480693196994253	484.1666916978973	141.627280069429	3.833693516201814	13.41258771866788	81.37015155999029	364.86438722599013	0.08212884022451458	0.5704251205810438	184.15554542000552	463.594707823308	2016683.236259386	16332526.808835242
176	4.200513374002185	1001.291871482123	311.9026950759623	8.471757679031619	4.362823649762711	534.3595923920062	2237.3556508975416	0.015462870203476179	0.13194044278670689	427.34248438578936	1027.9702222065434	146524344.4979945	803191517.4709833
1770	4.674866989022121	290.9329495590592	66.17450700145882	24.52632125599835	64.26148415138528	5.1063397548728275	17.18527089293976	0.7450242916026609	0.9998174158981669	89.44387790668247	217.77587005948362	26971.449819599547	128870.32835254769
1771	4.171109732997138	567.6194373233367	151.6223818517958	9.489533920361755	17.96963488033701	54.75808699551061	237.9541179545717	0.19021322842965968	0.6771430133444751	205.18014589763396	499.146678628116	2517011.0796538955	15491512.652147023
1772	1.945116954972036	223.6498439383801	71.44245888887752	-0.00035006883896926	85.85433415194606	8418.413521813793	24841.903405421388	0.0007853707707654435	0.007830244992323897	100.89535987284134	233.69173153769898	24604210.49593221	63704501.92242641
1773	3.072368622000795	594.4686940279956	160.8725695842112	4.057023857046769	10.11408967407823	54.20227122455896	280.3544319349676	0.1381055676029592	0.6622430925472854	212.67578926824956	529.8416794012288	2851832.2973017544	21099323.721834682
1774	4.505947541969363	1105.471317498206	366.7722202301067	7.978304643629681	-1.156801197672995	595.2429175311787	12112.070149718462	0.03221367853274752	0.20569638353675287	514.998764588609	1204.5642089065814	193677610.63401067	8200042207.701702
1775	4.616115849989001	399.725603719815	88.31396611944467	18.42028864706136	40.18457961932211	14.862756282345364	52.31585797401507	0.37492460074141665	0.9795380947657286	118.75868522278853	290.12253396775986	200156.26458111106	990731.8212792141
1776	4.426897754019592	549.9776525866955	173.6291100850238	3.740957228138889	13.97616985633892	514.5241318608399	4710.071480994095	0.03275823168657537	0.21790544517847094	232.60968512973875	573.2593198576353	26563593.569181215	267554647.89471304
1777	4.512501835008152	795.4518178163769	242.1079199033252	9.953373361255606	8.348885878220239	47.17577612451926	453.56080431115436	0.18680869982519968	0.6445182137526364	325.71755672247207	798.6452042055571	7503061.810673156	82978180.48535812
1778	3.782121071999427	795.3888233949259	258.6662344404583	9.194747827537004	10.58301574573411	6.84880307142082	40.11052277032604	0.6139920835045201	0.9642596029025243	345.8313042102594	866.4667297284166	977137.0384094677	8815151.264416866
1779	4.567757249984425	904.7835539406874	290.9247304418434	9.970448272999496	2.312080492014223	23.989618789690354	637.032142167184	0.32106159696347586	0.7352313254238312	394.75510497912614	956.1045592108611	5105647.537240954	203786341.13166323
177	4.660210008034483	1109.200090194322	315.9831125552615	10.86434694195259	3.39962879162283	277.91357371305185	1212.9587656816016	0.05124827837145007	0.25777988902532206	428.2651450210243	1041.1760285259918	100468859.45889485	598651341.7131226
1780	4.6800405329559	1124.103683341209	287.358522395725	9.51582403762903	0.5234138665983505	520.9586309171233	2592.992844044426	0.030287733312576864	0.17579516210795287	389.3776379035904	946.1233460108812	180630438.0612032	1324245875.9153392
1781	4.155472577025648	775.0703134813135	217.3279171667699	9.742191072436302	13.50964696684442	122.90191777614676	689.4662221970888	0.09038304896571753	0.44357252464380414	292.0634453654867	715.9854880099626	14729949.382203687	116203618.01071656
1782	4.639639890985563	720.2626028140037	198.4738818825021	12.91933493568751	9.2934382899297	54.148949352854785	207.9010425033137	0.11789003715958238	0.718615946248109	256.41505763145767	641.7382905567398	4467656.818693521	29093156.27938769
1783	4.321173568954691	243.7061938976951	48.65859110389309	18.40731587690811	114.16946715806	1.95050928969143	6.825574252691783	0.9610537294506082	0.9999990973484364	65.4450581777609	160.0297047309184	5529.361314856252	26176.107300371248
1784	2.983858787978534	1870.278273516544	440.6977046059896	8.910635466119217	-3.987684998134076	7691.03305784102	28224.227870529765	0.005674174657793039	0.0338496170947617	583.3159448223187	1450.714747123481	11430592969.204773	50573276810.6332
1785	3.613305576960556	560.5213328779793	143.5780261644328	5.558958439248139	10.94682572015752	13.86032155483629	82.92718837668136	0.4110698761969808	0.9232882070453342	191.08493257733517	470.71118234932334	618504.69156175	5037399.112595875
1786	4.414023973047733	420.1678038219086	110.9211410974928	6.460491190898207	25.51524568837416	57.191118786086065	341.581877486037	0.14488428876925138	0.6596555456129595	148.5053873832225	364.8276426644654	976997.6228082768	9668737.683431989
1787	4.414167640032247	1226.729428114484	359.0314778685544	7.460213475981579	-2.501007876238948	2390.8525800577363	25856.525659580002	0.010313068555097778	0.08894913804279705	489.795378976904	1187.0877131482628	1307942154.343568	15827516094.142517
1788	4.501714253041428	1156.086696717622	301.5419639642396	9.918198814300842	0.5488489361013271	256.7079800797126	2096.8278449582735	0.05623863777688714	0.3070940307687984	407.3919747187026	992.706305686292	102609507.8956488	1144494386.4623158
1789	4.487626090005506	804.2742104037849	253.3383430796447	10.96130597426449	1.612548181293321	20.244883253744046	183.11336857548199	0.31900753714989577	0.8263488192681613	339.78332342608314	831.1656247835034	2781405.6033769967	45653551.84615481
178	4.721856023010332	944.051327402999	281.8048046214387	11.45155819381189	5.349690879411626	141.75728014089322	684.3819105744947	0.07093968062003723	0.40266439375459717	381.5702403167978	927.0569178381147	29244702.852299828	248953602.13751906
1790	4.296218092029449	439.0206097041729	105.1551985096789	15.52849638635602	62.02968635730782	35.046022192049946	127.44996377474119	0.20092608177858354	0.8394998480295954	141.02151911848551	345.90474694610754	670318.9817699175	3555735.5554265636
1791	6.876875816029496	731.636160840869	315.6853425769719	7.102613301888482	-0.6743705514994471	515.5253687780148	4462.5263647683305	0.034730304521927574	0.19048499222986656	447.99464790643765	1031.483598501335	53905113.08177333	1237084977.4121332
1792	4.710559753992129	1000.470888009392	304.7507934411432	8.88188715738953	1.654032052152873	181.1312621788891	1708.6707546219686	0.09182955609334471	0.37217324848336614	413.27160698044736	1003.4879276739224	53305507.892984904	680786381.825196
1793	4.532680258969776	1149.241194435847	325.6119015370725	11.42934818065001	4.468997258608846	226.54897795492565	1251.1695351127476	0.10773891054098984	0.33898278821619016	439.7403586906413	1072.3256661859864	92465169.87987113	685566700.4477177
1794	3.61425165500259	163.8779586549404	37.91552272127853	10.11070151774914	199.5048379462646	30.45133585996235	117.38143461427507	0.2257521050283622	0.865622426730155	50.78223915494749	125.62484595806899	30866.938075557715	142514.24637799495
1795	4.775793839013204	596.5364775766616	140.0650637800202	13.13115412626088	18.15302544515238	7.104262145051952	50.992739734743324	0.5976217019424966	0.963362873779978	187.37441657072458	459.5917329829645	343579.04996670433	3467578.495014678
1796	6.217440131993499	355.9414845605596	84.48237314608423	6.329096542982391	29.05077960836024	20.162848863221885	108.85103086547596	0.3351999010269397	0.8833338157102307	112.8958647553585	277.6883437648778	220124.4401887419	1404091.6651964574
1797	3.224916342005599	2038.518651215415	464.2105074937248	8.54487910802844	-3.798790923292199	9060.81822428758	30113.036963074257	0.0036002809102497813	0.027530903434541374	606.8285900091334	1526.8311598090354	16414655939.04454	64610572768.774124
1798	4.612777848029509	664.7247307633413	179.3245882521268	12.45038762874336	11.99983189107601	8.34790107471763	33.751621872064874	0.5560361130807681	0.9825772618624449	241.83002144487023	589.2637447378443	594982.2240232552	3688488.6681572446
1799	3.838431637035683	277.4501283199641	74.28489650712353	1.926421311970586	33.57727819604082	288.4187070773889	4515.063149886868	0.03124504582724991	0.25503342068933715	100.11029955922831	244.23589230992832	1667732.761513688	25358601.36948441
179	4.587057680997532	419.0961921075295	101.3018089628191	19.89363028262206	38.57734790367882	3.1275893274293685	14.612456791765064	0.8296649401789782	0.9999897931479929	137.29238902931138	333.5466742010875	54175.555363523774	348957.2477640596
17	4.450730898999609	1215.921777990392	309.1726346975888	9.77825818126803	-0.1307358419716431	464.7722232683583	4023.069992065954	0.0499399213929808	0.23064153473549034	418.8788490106118	1017.8586895055236	209833736.0664079	2676053477.2665005
1800	4.723040490003768	1115.235365829821	307.0209432999808	9.143568262254831	1.049325791478545	574.350209398262	2739.5264376951072	0.05507010735778922	0.18927817751368414	416.11209079360765	1011.4590013170624	209862503.80133063	1382534565.2945547
1801	4.09796639700653	936.4992685753467	330.5400627885604	5.511819238845106	-0.136751512476895	659.3257104935575	9084.680001059052	0.020058506214410347	0.13663445522561496	453.33976744623214	1086.837115517903	131232340.3532596	4218744562.047941
1802	4.354586213012226	617.8135678258886	169.4065052262198	11.69785344114553	25.88218331024029	157.54840299416497	801.8776381340198	0.05977115546996632	0.36945496984527926	230.59531218289118	557.9272625720919	10041050.442774614	57645027.21712542
1803	4.546973161981441	1403.315681638956	308.2172834124175	7.304690696162132	-2.730633699551633	9689.2401558162	31500.004775204055	0.003315586988671868	0.023529975258979288	415.359126867085	1014.554941819303	5818461527.653358	21838262563.09957
1804	4.746013488038443	876.2569179598768	258.5128294547944	11.35929832375167	8.206210893668837	131.1875554552572	869.3072334210581	0.052306623358108914	0.4204987451111858	349.1403648633245	850.5283272250126	23946731.223449975	228740433.60763472
1805	4.415448093030136	549.8975829391723	129.7448339625389	7.148256925952555	16.61625302120577	36.97248950715904	136.65489934927285	0.22075376619640183	0.8153232389674676	174.14274798510746	426.1513590137929	1418320.4859215328	7282887.921107759
1806	4.273698339995462	678.8881426631474	197.7398711838236	10.22192082049053	14.49779446958201	189.83087850318208	1012.841867098226	0.04234783280163953	0.3327449512987425	269.1180028752075	650.9534626268567	17099841.078967635	99984950.95722659
1807	4.619231323013082	543.5500336263187	124.4809257043492	12.31397987337991	22.43973722994485	6.479330367269725	26.008135220232962	0.6471932744074246	0.9954364465399336	167.48159463255388	409.3802446956004	228757.84913364434	1333931.8795142167
1808	3.978125791007187	389.5821536025675	83.05403439151549	9.345429702214119	27.01189060566304	4.559916412308051	18.998047103464284	0.7596668887999247	0.9868949641825406	110.39483352344678	271.7638428843562	54817.527883829665	335299.2549775581
1809	4.397122964961454	1207.750300525336	348.0093342174271	7.351324071852375	-2.603201589251689	3602.5388716173898	23687.39137446147	0.008016779172775542	0.054001185941696	476.3230497888958	1148.2350423904122	1718032434.301146	14699840608.23011
180	4.423315797990654	538.4140213123541	141.4567227645136	5.724138734237467	19.39405056251923	75.46864072483662	672.7792662885761	0.15593627387933245	0.5579215623643085	188.0356490975259	465.96008445680644	3091932.655591008	33271538.00374416
1810	4.81616321700858	333.8841815805795	64.5020199287122	23.9310408067427	84.66655921916161	2.7593202221486215	9.721230306213839	0.9058903608840781	0.999994510562707	86.39124937723437	211.9107434849214	19731.39452120563	93336.80878313837
1811	3.695016082026996	333.8037306904819	113.2109965854449	8.75480435877142	12.7437004973833	12.98820765348582	99.66336469379215	0.4248629737966264	0.9003112773516907	114.81636011222002	339.90138727735257	84759.08203459739	1406134.3880874438
1812	4.635452307004016	1096.772943544108	318.9026556908468	8.401254498889168	-0.509809766937869	544.3992396660801	7684.774504090379	0.09327948142393046	0.2825976041820129	439.0174816028964	1049.683924870728	191238791.38037536	4297101008.881014
1813	4.165892952994909	697.3540012975812	211.5719837010397	4.347873327887006	9.482589129719704	381.90914094024845	2711.694046861716	0.031710476742316814	0.20262020752965673	284.8261485994676	697.0255660157641	35430475.90977356	370442646.0949186
1814	3.935945314005949	694.9842680334496	217.6729289240408	6.127400168332449	5.542083652672164	53.80859361185226	1287.0540554518238	0.15484352547592087	0.6275267397797522	277.12521139378987	710.7616178371111	4423855.852060548	207223747.70485315
1815	4.452855173032731	1263.757710537127	358.9971094587161	6.332610762567393	-2.203071709719742	4150.210494891643	24644.45277613246	0.012370039118527163	0.07476375424843794	477.3146130378441	1195.232294460982	2191621093.4586434	16917483160.859985
1816	5.239563253009692	538.9027779081338	188.928145894136	2.879052510382781	6.846794529275243	327.41964358507977	1975.0711492008788	0.02739119239333193	0.22122895660924624	245.76383052390526	626.103414282827	12380662.12418853	143963752.27164927
1817	4.347391651012003	548.6533607894098	191.479561723598	5.823372738370436	11.65337283894391	120.14619305173261	840.9403086613125	0.10295402163375261	0.45380948616596917	263.8964652558031	629.7371685963027	5043019.329252301	60603968.89271916
1818	2.476976931036916	2629.617817228705	597.7386033432058	9.103657200680157	-4.535985081018279	12162.488793322702	32651.38015562906	0.0033409793149322244	0.027987591442628787	743.7459337955179	1938.3417476825057	44175003110.561	142328883505.35086
1819	4.045695049047936	950.4872872366875	297.4713353726146	7.48255670433685	4.761087439126434	308.5013327511218	1142.1551063517538	0.02591297805903448	0.2104087552510414	404.6179735619311	980.784116996322	71910517.4379992	394920290.99884236
181	4.782162440998945	704.0239208529624	213.4044305029429	10.95285272821995	17.35944253800692	55.27920683264474	283.40596829231663	0.1373532659402541	0.6608414854493765	288.54276336978444	704.1653859072362	5210896.624003375	40980169.5168214
1820	4.646036212041508	902.4874981545962	273.95301047125	10.92108181963478	3.321771995192497	27.80370025583025	765.6866916876119	0.3351439245924885	0.6343192170130993	364.26705330772313	901.3265408786519	5678485.357312098	256463369.03354558
1821	4.824734048976097	340.1500922769309	60.08572728572796	25.43596240043448	104.4807773611102	1.7207797423109943	6.019107672372219	0.9740217458987189	0.9999996786689641	81.04357835613041	197.6773731931723	12055.740820638981	56918.36754513698
1822	4.573110041965265	810.3490388660633	288.62977117533	9.675870369135625	0.6214379540806849	44.40729818209745	1328.990413418407	0.20716887640389148	0.6544976465030775	372.1086726707234	951.2640293156858	5568568.645096871	428355821.49462885
1823	4.307235663000029	782.7487799735026	269.1684448418826	5.627929081546057	2.137196428481293	411.3365231084654	4173.710546691469	0.043707898911128314	0.25627462291622866	360.18992712852753	884.3882493932448	48483688.73267656	1083174121.899825
1824	3.84538466099184	622.0609235291647	334.3899285974571	5.923214344721217	0.5020999187747458	81.36279411718807	4909.407825023639	0.14296099361009434	0.5476108471212422	364.28627311697517	1124.632347301913	2958695.823761783	1657100154.190839
1825	4.648213994980324	424.6644286028081	121.5795052360697	6.049983646801088	13.51729292553039	35.93021229691484	320.0857091926504	0.20522213981899026	0.7328694359947138	157.15624050937663	398.3836466023837	703497.5784071109	8983207.762003364
1826	4.681772637006361	1201.1817678064	320.489785475627	9.979770802840559	1.812397427737808	264.406941332262	2298.159601101504	0.048283181033699815	0.2896798573565769	433.9333863169036	1055.4517460714183	121823294.04297788	1406876808.4623249
1827	4.312716512009501	454.9439470333228	125.0640543228979	10.9154621606732	45.7985813309061	237.19750664573047	763.7967873847002	0.04373277515992582	0.27376222497282726	170.8607747605568	410.55914099844324	5007604.755136104	21832415.0567191
1828	4.398221983981784	1361.681620376187	336.1178349430408	9.463674721563136	0.06598678078027709	1051.6438882622338	4108.210036559593	0.008158045722753467	0.07581653780655312	454.0174169885672	1106.0910881153322	626621479.1049588	3502393247.096154
1829	4.521283451991621	1149.098098618415	351.1020958962226	7.972498276692217	-1.113478755192023	183.85373317680398	14340.980407439081	0.056606213942973466	0.36420489782633597	482.4053463333179	1155.658144486109	70330652.96156023	9230765309.552685
182	4.384105408971664	1341.952797857132	367.9434426093532	7.615393209668255	-2.804897705325733	4335.956645951473	22915.305843908096	0.0037029028588455616	0.029623890107135047	499.45044994238583	1212.8841378060083	2704146907.5086403	18949425248.93359
1830	4.743334294005763	787.2393907273403	243.1500312094381	11.67467377605318	8.70557659183366	219.31516434560558	946.7784788195639	0.04626839029869271	0.3124047834206225	324.7766460691678	800.0747389773671	27628390.212258846	188042781.1618709
1831	4.553754319960717	1220.775371268997	314.9035491508794	7.184441446902865	-2.13414442785434	3228.1489047435784	25382.17423423994	0.006493074041531918	0.05570389286699797	425.9187974876794	1038.1581035483691	1509783861.775985	13902307017.603264
1832	4.731159807008225	1282.059981580698	383.2877388604997	6.571209854007028	-2.282337720558788	1312.3009369285314	23501.723200565466	0.023344198482703946	0.15265731930281223	525.7835430075219	1265.8397483610306	860494881.1794609	17298743762.004406
1833	4.189139852009248	542.9703022576911	160.0283779023314	3.299962334077197	19.92411902035921	439.225383936971	2692.4832168827807	0.0858973553239072	0.2340397860321317	216.29042396615654	529.4676731801558	20200146.666710433	149943757.49324778
1834	4.61748873104807	1134.555317399303	324.053275216449	9.76207674233248	0.5491071918666697	263.14759420818376	2527.7842964851707	0.0640109806740454	0.37328750053723236	440.78817039910587	1067.0987143923344	109067506.82450928	1473442918.710029
1835	3.732544623024296	556.8144115929206	191.5883222798128	3.540501745891259	5.777561435439662	290.6454698666785	5879.742682208181	0.027834960035156717	0.22915089543043557	241.47651587142752	633.1947769462736	10751336.048951086	568521874.4661653
1836	4.646419506985694	291.7997684885894	77.84295148045646	16.06194295540576	60.48781762792923	2.4302377351840074	9.383543282011544	0.9115925663963528	0.9999945781488248	105.7817582415604	256.31656386872237	15434.509208027022	82220.41197526659
1837	4.748735020984896	633.508514859908	153.3027103889605	13.20570146168097	23.97544419853049	11.50660553650454	185.7133025651281	0.45929896284223	0.8538540365169089	205.85800240992967	504.1402953127565	694421.4920113647	15564060.528421173
1838	4.059007988020312	613.4201803000619	174.9257203811009	7.030535774243072	9.603529600959883	13.759493330995074	100.59306481985905	0.41789627110844396	0.8993917821344214	233.00807129241082	571.8341178510109	827711.9602675716	9711239.176391814
1839	3.650895991013385	687.9629847469542	199.5516752272102	8.77380402245861	5.830201059501913	36.843698846125044	170.78404320429317	0.1701603496558327	0.8116625251963953	262.58300948978	650.8246105162488	2921979.0194767374	21352817.918886248
183	4.48954328999389	1068.486840673491	324.4875972427106	9.641698809727309	-0.7043799410307297	213.04072694115314	5644.13425589716	0.07469193551829324	0.3899422595233836	444.9462790671573	1068.1520374063998	68787208.20506607	3270830819.723917
1840	4.679619052039925	722.5588814684713	203.815176712442	11.86497504343459	13.24424120914486	22.854833428045385	132.2158448110835	0.27926383113743286	0.855568833415906	272.524282318622	670.1854171120793	2183250.832511723	19087731.802641287
1841	4.816053805989213	341.6850937799402	66.71269569173266	21.41414015475255	73.22892573435485	8.340560913706087	29.55745317401486	0.561481224554212	0.9989034692073279	90.0170403422344	219.49302896105496	64274.02772766467	307079.35167274246
1842	4.132373826985713	454.3966349450108	135.1933596226555	5.152556356693761	9.90339821968815	12.550048208908873	444.17133106322547	0.43833060093295584	0.7898787245812927	165.51947339063588	440.84915958543934	252211.7259976181	19332163.34768976
1843	3.524475091951899	1564.645371299977	382.4536859328043	6.798699642177812	-2.900123675044263	7118.786830796133	29124.740378462717	0.0041898310587590495	0.030096611933691945	508.1724914993499	1258.576962677842	6396035115.173621	31096665669.52951
1844	4.667099948041141	1403.229908982977	331.6411000764242	7.460726800375726	-1.562052517746318	2189.964551274324	15126.722182840404	0.007355112435932043	0.05243986185645534	447.54620810972074	1091.6646122566324	1466389253.229503	13055065893.844053
1845	2.645438125997316	734.3027192675734	251.5487253743892	5.140201926359751	14.07274052064587	630.792690366793	2163.47169280632	0.011853803054722837	0.11428241611591851	352.00938318201395	820.3591997398922	57191865.58794299	301004753.530377
1846	4.278093389002606	443.2207848806023	108.0048636076485	12.4410062642903	49.17223640649807	53.32348401428956	196.2903271493929	0.1518475415682833	0.7096814891736936	145.86217898567327	355.3564805660447	1106990.0731229002	5034790.532319458
1847	4.684944477980025	1099.738286130695	310.1068653330447	11.3493648026416	2.796436081684352	319.85206287939036	1409.788386743943	0.029331529122526984	0.2136425638323788	421.41673875607603	1021.3397255564983	104147070.99373291	708329055.5365481
1848	4.558105017000344	462.6594143615233	123.8905433425505	12.97493976852762	21.52174838407899	21.15515886973249	76.23629116086165	0.29981340660728106	0.9457529998561041	167.79809560761475	407.7907094446597	496317.01468788204	2755568.0314501273
1849	4.232514514005743	1436.207740531869	304.681239878123	7.735447405434289	-3.652671161564879	10947.379488257444	31888.66610215204	0.0045411622246068	0.030558333850911838	401.1594799150653	999.6706958439056	6496484958.065972	22195523393.990677
184	3.973989779013209	501.5579467698877	148.067153464627	6.021230308769979	9.914059163264351	95.03841319650354	698.9912227852408	0.07943197447978191	0.5138738899579334	195.67679401684273	483.98371802956905	2997412.9670375087	37137304.492018074
1850	4.499572389991954	1212.456432954519	333.0381804017222	7.861576243978784	1.461059819895214	412.25309733720496	3517.250992541439	0.01894858296294723	0.17086266010387058	451.3461302180938	1096.71601480024	191796925.17443585	2309877180.6190333
1851	3.482600576011464	629.6727064929105	200.1157691144819	3.739630297364418	9.01776653699579	511.8725842423491	2074.48416311443	0.016623023877067506	0.14002303885016174	267.45952225295366	655.8682100274574	32676699.77976858	225911537.89733934
1852	3.623653975024354	318.3995541799443	105.4064161301886	4.574960147978139	21.3543873084027	434.695163148994	1640.8028034404122	0.028584889648761495	0.19251731920808354	138.6821701656669	345.18549580999763	3039618.225007692	21609821.246215165
1853	4.829670519044157	658.621839264873	201.2867548010201	11.57663942767195	21.55308531390362	44.91571806290506	430.01650336358733	0.2421986305822754	0.6469442266012826	274.10511724892604	664.1124968268969	4025799.3510536463	42018430.05969275
1854	4.145186465000734	589.2021978144605	184.3526180276847	3.483051858286638	13.03428233610425	728.5908673371679	3848.87336814379	0.017021703156904305	0.1287634771792357	248.31146593203857	608.9247226384683	43173128.038419686	303552501.8753183
1855	4.672136246983428	640.1484011628764	165.6977930686139	10.26743591147802	8.005120630223319	9.15913751039352	37.878095949385205	0.5284868765496771	0.9830538381057261	221.56852756570584	543.1282205101719	566288.8962659546	3550306.8470935174
1856	3.635198324976955	196.0822267805926	51.28780319656786	5.178457809091338	87.23837831712568	70.15974251719406	368.8372803554372	0.12415587768357889	0.6008624555676058	66.51513486533253	167.76583440464668	105150.78456548054	755085.7642284102
1857	4.512131813040469	587.89920800814	172.1133974315852	10.68459764545735	6.270408731711507	11.98926546463845	63.87479403298147	0.4534198430069696	0.9415890353455421	222.30211748990342	555.3641271128447	582485.4153243856	5335321.957367491
1858	3.502488431986421	411.2805339331288	91.18985546240268	6.087944255903174	33.79576128069218	78.55558612747689	269.0750247031541	0.08390183246344886	0.5862243166936143	121.70804296066137	299.39345903836664	1098885.449733209	5402848.713177256
1859	4.607306538964622	1019.162161873235	317.9692243388635	9.761161922889816	1.38505756904216	96.07807994583699	1919.6347011010816	0.10339804332499557	0.510134774514901	433.6057173442424	1046.2964626175751	24989280.509507354	975580867.1588657
185	3.890588868991472	1192.355736503669	356.1120516274373	4.307927235659829	-1.866429994749101	2899.569092893951	24026.836957583655	0.008605891216465426	0.07136352545062256	490.4648375669698	1173.8547366052148	1299492454.6081958	14996393745.852564
1860	4.131782115029637	612.108818708693	184.4051611165972	7.859976372157171	7.069500387267046	46.158274490235435	384.04687149002876	0.15683417565114557	0.6926878123177899	239.2328394479423	606.2237635681201	2847267.501024772	29619976.06449691
1861	4.25574587698793	714.715268033447	200.5577810636852	10.96975257455244	16.12042116884648	131.03977279675996	775.9605943846766	0.062892466431238	0.4249422562121541	272.1856613657567	660.4370682274307	13170308.952827258	95593498.93199156
1862	4.025614020996727	1136.423829051871	322.6767409467466	9.152151998805081	5.290229542694633	230.1700822667142	1151.3568528823705	0.1264073609691924	0.34482911421628554	435.1843627792273	1063.1132674232394	85643562.42389935	635363244.3886817
1863	4.24654342001304	356.8602778973926	124.9595034727115	1.65167065826008	15.90131585783936	561.9927508803411	2547.292511788731	0.02142841027188914	0.14911926479794219	172.04414159897402	408.65761739196785	8055782.122504579	42629867.07835527
1864	4.497842682001647	829.7758422457845	290.5980408486639	8.69091037939092	1.824753629779535	52.21867108909262	1445.7801082291205	0.19917859831627424	0.5976894731562433	390.079654010177	1016.395716820856	8211972.571999854	518188162.4553769
1865	6.249922694987617	234.9338605880601	56.78839219357868	13.88813297285341	70.63445763060557	6.993065251045129	29.591893677861663	0.6167152067407641	0.9901816754956643	71.75234664737906	185.65783976093368	19399.522422731778	100904.61549408438
1866	2.753003957041074	2485.982990161227	551.5943203776419	8.623888300605117	-3.642708236915592	10900.36695081357	32865.13825719733	0.006103711571239304	0.030329222964325213	738.2921443796322	1815.62874911152	34950248558.46063	122913784086.98897
1867	3.625794741034042	447.2833353974805	131.4709348582001	2.876764128410418	19.39630363658278	436.5267246386522	7268.225592153245	0.03155099722258802	0.2218698072107452	177.1525882586675	431.65758317380164	11278242.286948113	196494900.27103698
1868	4.650020083005074	628.8089444139382	174.67639140827	15.76375842482687	13.77901755839578	93.62754291233128	255.85894188187905	0.069694044005658	0.5253150949105656	233.17364329097705	571.893109149198	5260121.593153454	21922967.11275893
1869	7.100205606024247	315.3676821759812	65.94454967417882	24.14406574296899	54.36569692653021	1.2096549817473146	4.769561679912522	0.9812730310936388	0.9999998524114653	89.12080574916837	217.02320965815355	7889.741594157069	42960.52455478831
186	4.373911319999024	1353.35265251098	343.380363719324	8.436745840092431	-1.150543778525918	2175.4672656334233	16910.047592206156	0.014528345973701652	0.08555951185380144	465.6359838583189	1131.0057555915591	1344622250.5177414	13734811929.530457
1870	2.830566471035127	1697.806503117058	404.3784718015443	5.080290690070478	-3.48089577928048	13168.038908888328	32864.216117183125	0.0027523544575455043	0.02083858482421475	526.2183430843504	1327.532837584874	13117098246.150324	41254908643.16226
1871	4.481107126979623	571.0426012985431	159.8435750267704	12.41187456635842	4.156711002134323	6.4798470450241865	28.125255428758738	0.6373219167526407	0.9753887556299147	201.10828125555656	503.3194060163268	272246.07585649117	1915921.3667979802
1872	4.79181934701046	404.5693921244218	78.90607921621805	17.5964878667529	80.52709242564481	2.495722244901029	8.27145608997075	0.9367443539865722	0.9998302580915339	105.76349611479498	259.42472062546955	31485.72824033727	142309.51135705964
1873	4.447283355984837	865.6154247745228	313.3987561850184	9.768066864934436	-0.3850786239608186	12.550772169542336	1393.5797051440911	0.4410648031777262	0.7991364827595104	385.4693516981945	1041.467429720235	1692871.8841780592	667079713.0201385
1874	4.713703226996586	713.4399113815939	242.7626064126458	10.04669747588198	3.721063413177029	47.96799228683917	1104.6455451572579	0.20721818202961426	0.6215688456241478	306.66863110321526	798.6857518233217	3951656.4048454952	215808870.68390882
1875	4.159038150042761	746.2926121190062	224.1292223111004	7.9796312790195	8.171649223408146	131.12751486072435	774.1636481171905	0.08198755419080328	0.43185306255403244	302.0125251111866	737.0570424878476	14942461.307350835	126369914.66169241
1876	3.679538948985282	823.7003737160205	318.9307780543543	4.34533051034545	0.3992546873412742	608.3504292058599	4007.0291501290203	0.02263233761208144	0.15661848736986483	425.499826010735	1045.793253536798	86179086.15788531	1359742673.0289497
1877	4.058727547992021	198.4189840472711	54.79502138583867	16.18420631797382	138.59957912212	2.0603599943385573	7.374835737526976	0.9541877122050751	0.9999999647864435	44.00770448509837	173.91625233602545	1126.3560901312208	13489.366404900024
1878	4.469544349005446	510.9286704431489	113.1482101169716	14.75637936299321	20.62923307644942	2.6275681922326877	10.060019059797842	0.8988609176363818	0.9999609777539995	151.60159029002057	371.77864554799146	74564.89649129432	399463.6434128283
1879	2.574270163022447	872.6412267958289	285.1912241477949	5.596295350001688	9.104135926570022	598.7529140015172	2207.969595541663	0.012827431502331326	0.11563453207662655	394.2823998687892	937.4165730552236	109036634.63630977	488785314.36092776
187	4.125116267998237	612.838510329724	195.9090266119319	7.452338720043636	5.652246333179851	209.3044992391492	744.1206163902086	0.036299179566880224	0.27905820944625054	256.6766184218484	634.6024434192166	11395247.525454365	69487983.74875893
1880	2.882099075999577	2561.696290205307	689.841929428271	7.536940313510902	-2.716841788866601	3365.1953552594887	23565.734193645123	0.009644000260922565	0.06517505439075677	927.4399184088329	2272.3129533899846	14427934518.67595	128834113515.45987
1881	4.718423566955607	209.8803501775265	62.47115255204699	20.64879280868994	125.5921098264451	0.9158074161527769	3.2407426330130575	0.9983047118458149	0.9999999999997314	83.63033679993123	205.22644316425985	2147.776941325686	10878.742995579121
1882	3.427657836989965	1583.322892904039	333.4535910058013	7.607982637365361	-3.168216319348992	6466.624765675818	29728.51726274608	0.004705976721130644	0.03771626386230397	448.7810985736103	1097.369403966976	5566960923.5171585	28356486952.533726
1883	3.904217715957202	1125.392599959192	315.455948363516	7.815937875543681	2.273196329545747	372.87431756937684	1615.6614735003711	0.02328738947711593	0.19528357014799722	428.4674605437466	1039.108449495474	136709468.44120178	871989383.3869647
1884	4.70431743201334	1016.05541299217	333.4049343654507	8.395516325570197	0.3537378979348014	224.28943514527268	1371.946390250761	0.03595778542035936	0.29596112584761697	450.5276081606495	1097.1341450108168	61827481.32303474	688917214.5086505
1885	4.642950718000066	814.7230073943792	245.4930098105131	13.93073196507851	7.740138579911337	109.25050306878444	490.61859235676894	0.07762327800577945	0.47343404084646146	326.4484100521097	803.4240937327297	15270397.85702817	100383583.72050335
1886	3.633613992948085	825.3620766910902	342.2305288344528	3.307595915548051	0.5228619028733608	797.2906634546556	5324.331477410812	0.012297273321859665	0.10268624126722653	459.70521802441795	1158.1357877160249	119127410.05501585	1944867193.941916
1887	4.790478300012182	515.330413133039	124.3409743168239	13.69801932822356	23.0704329882245	35.21105461844516	181.19275198715206	0.24088964561689996	0.7740545518857355	167.35649329137146	408.9598984720687	1135973.319389387	7616557.869601033
1888	4.450218169018626	953.7545343078662	330.6903152793339	7.01816737999173	-2.439050718439543	451.1369634248988	15901.903919825321	0.023432708757632807	0.18918958064842573	474.31517309952415	1081.1176552133625	104203401.13013336	6567632850.702499
1889	3.677332477003802	415.4542524317341	103.8071223064674	2.901778287816107	35.4051086829281	88.49433866972271	534.951962307734	0.10392731150155432	0.5329551973146253	139.93696033935385	341.48638567819165	1549943.2210091127	10755780.6481742
188	4.088398759951815	795.413153082088	276.4856046286499	5.788588622034693	2.297387916051802	153.72363857472305	1011.7018905661832	0.04539171313965043	0.3686310744727865	361.9791638242841	901.2285897834629	19420054.94896651	252907960.14824656
1890	4.009147903008852	464.5729014319967	110.0832017465702	7.86671055342039	18.46963573500736	2.921576227814604	12.388462916853744	0.8638965826990892	0.9920639641002843	148.03889802738757	361.9000792230099	65911.9662426353	419521.42808267754
1891	3.360993093985599	2118.153210374949	456.7029566576209	8.485447415525813	-3.685059115558511	11225.829623572754	31568.283521551453	0.0016125979029267988	0.012556204364774831	611.2838286164317	1501.8253509411384	21666371582.375725	74160501856.86595
1892	4.069058288994711	946.6581195846504	278.8750679175709	7.912099716747356	5.523608671099488	196.64850020926315	892.4454928444466	0.05696072644088283	0.32475776745045537	378.525692074517	918.8344208474662	44880330.49737191	294681236.44194514
1893	3.550784263003152	128.4904813320399	7.427922959591828	15.23176641475251	137.1611987790556	1.821508930468504	6.813315520722146	0.9537428102126986	0.9999999980703536	9.875331497581655	24.170677697405523	231.30127925410235	1167.7255235322295
1894	4.655396346992347	809.0694506259506	232.1376435159318	12.51255160746715	12.43369136167548	68.78223872293552	489.4610619280754	0.12334154631936767	0.6060566368573485	313.2219952373101	764.8573243242138	10070187.66462391	93564415.28286776
1895	4.362280989997089	785.5407862089752	249.9819681380176	5.068189556566299	3.593914077387392	226.707714087625	5562.247178942856	0.049354575575663036	0.3230664180177074	330.25662440832923	821.1269674905793	31185031.722207885	1135459704.069996
1896	4.243461574951652	508.8788176284756	148.5156141938725	10.44944193281451	25.88091004683322	126.04532484814474	814.6802306561701	0.10791132488053992	0.4483885091742171	196.706358916169	486.3913644420187	3668441.7894418663	37339994.88142021
1897	4.147482728003524	673.0099279878588	247.821356754689	5.244010958882207	2.895581903171206	391.0665975354449	2407.418209692734	0.0524373348004645	0.20766769824013503	322.9221322278323	806.2500360191011	30669319.5577106	392382676.8263871
1898	4.334169109002687	692.7839942585126	201.0510698251104	10.34580570962598	14.9764952228071	232.96268932858092	1410.2146697932196	0.034663628372319656	0.2872076966505049	274.11006637779565	661.1433166048271	21868399.79894341	152301699.19415873
1899	2.68721938400995	526.2572365882132	156.7880147083028	6.223983543770625	26.09548878988015	201.03249361252816	803.6153085389954	0.03773154707982554	0.30354741282168163	212.6942461851187	518.5793246307157	7788501.04180724	35303045.08022959
189	4.726638152031228	587.036870413762	158.5777938013901	12.66852916484754	29.04333698371589	58.37557883279027	264.5917642098833	0.13295728265761847	0.6670276539078541	214.4855284337301	522.9870028980285	3042622.2705235016	18252945.088092063
18	4.470011884055566	874.5428956832807	307.527455709521	8.409407069253131	0.9820572165719921	47.69789998028038	1574.1259341748362	0.17208753137362065	0.6681719676329437	387.42739271797586	1003.5945487234279	7931775.265346926	595593003.1988431
1900	2.725999999034684	828.8277221250844	299.4609027248882	2.57271688424648	5.430208997967268	1065.485363939836	6522.839479669241	0.011795128075508999	0.10222270690762224	416.80616690355635	988.8357058395052	164722774.15220907	1325724780.001916
1901	4.644256149011198	822.3351417623317	219.5430016504011	12.83882319786029	12.20462985152336	43.72085609235594	412.47645464740316	0.19557409137844808	0.6803600235910516	295.10104554844145	722.3127620327755	6513553.1361672245	80768522.87515505
1902	3.152371242002118	1540.113214645848	387.2233114938593	7.536362298125272	-2.730531538056884	5779.473656188183	28009.55826722984	0.0040459562841824795	0.03050286311981903	520.9261685044946	1275.968303336609	5144586644.980676	29749109530.399303
1903	4.592729013995267	497.9765911214178	120.8378040532117	16.70781607823619	17.44934234445804	2.428335062000213	9.707980193887913	0.9052325378691141	0.999850504403235	162.54308723797527	397.20526907833863	69207.35343412746	394158.8869605606
1904	1.945964282960631	584.6169730053514	216.9731464804099	-0.00027860741278651	12.72660823478149	8877.170921223402	25608.217799120936	0.0007383746745505454	0.007363534620269796	302.3070873102397	709.0996507842694	517520538.7789554	1453567787.9605796
1905	3.20866871799808	1714.877684878183	345.5170166088731	7.924861900850624	-3.808118349705351	11926.938105047368	32969.788611575175	0.0038167706341922882	0.029723100373322098	460.9840101602913	1135.868030574005	11431337102.609776	37070699597.41322
1906	3.998463944997638	623.3461516361542	257.8738086762621	6.13347669760967	2.709794533285202	18.605583180170083	1706.385774458385	0.38081267817767567	0.7207362571524223	300.7128096370378	853.0779304805924	822631.0826381034	363406836.00633544
1907	4.302946794021409	800.0102805867161	250.7460890571542	9.691900451432048	12.10940654418444	428.72395458841515	1478.329050577262	0.018482294300718065	0.15534727096337136	345.0224289929703	825.0080337577463	58018977.07697582	250461199.00908536
1908	4.580856068001594	971.2803324617507	329.4907353103118	9.179643590691596	-0.2640054413318093	376.34811514243717	3109.1258591777882	0.03700099233028582	0.2332160575045398	453.27175704253204	1084.4795222268529	79619194.90770125	1642030791.6755025
1909	4.034779171983246	483.915296965848	124.8126370289524	11.95077041889547	21.84612259948539	39.5523600486791	171.63128609364114	0.18932320876115852	0.7766363332552502	167.42016566434575	410.1848066173991	1136824.4144498839	5723148.365588904
190	4.382252280018292	1116.118514765596	343.935992792348	8.069285454297233	-1.620420872739786	1735.50494540934	14862.001602401899	0.008330849176819897	0.061788258797359275	477.28651307771634	1132.7005054623978	597586938.340235	8911558551.444538
1910	4.251265695027541	744.0116156653463	247.9182028870651	8.959462400074173	7.248217535688966	394.0917262293355	1558.6495106927375	0.022040297037133807	0.1852867499491241	344.7668481737867	812.0582358164371	44410148.742980294	227061968.91497076
1911	4.177471247967333	959.0787813206257	301.6562693892565	8.774447423848596	4.726798054292208	671.1672485904967	2054.6687304862444	0.012156420562776249	0.10335099191012408	415.24418155997637	992.9169380274053	153289868.3924965	644657342.8507285
1912	3.999918323010206	673.8019682686387	242.3603770595001	4.456871305605665	4.252213848555686	385.3661487964088	2534.4684921742696	0.039407320090325194	0.2265235161743504	322.3580926542489	808.8425426368901	34159695.74749268	357889089.56069195
1913	4.378926960984245	1270.021535601894	308.6404456384738	8.212990464945502	-2.276961579573999	2421.1852117368053	21156.57499610343	0.007104447123265217	0.0648737665763878	417.7848348630282	1016.0552335042812	1247966219.131729	13099562484.5847
1914	2.566686063015368	998.0008585098849	324.4934940908328	5.365248467722107	6.862720341393074	569.0659937919205	2114.4466264532475	0.012610220796463083	0.11828429217135993	446.4731662334947	1070.3977460620956	153249370.1899233	720713766.0550915
1915	4.495767268992495	1150.49372601297	302.0033184111113	9.631022718860933	0.4755390348503745	368.31100523506217	2979.009683352697	0.053431341180075184	0.2713718017726378	409.726186266991	994.5087336334907	144819207.2786083	1767461752.5396113
1916	3.671378430968616	479.3865553879862	151.0194534385514	9.634321230969986	5.459810490096048	11.430524420589489	59.411629005986995	0.4606250616961601	0.9475385875151868	183.17620341680663	457.7337606995824	303134.2570727941	2565153.9811057127
1917	4.284120552008972	665.2724691446649	207.4162027338419	10.05854845707828	16.63115444126745	259.2369403802243	926.4505787476204	0.039379280795841645	0.25457267121055466	286.7420850308001	681.7561502882572	19036307.198082317	88644439.4690957
1918	4.658210007008165	1223.433585611196	321.771446477163	8.34539255868986	-1.240209616119991	951.7981276888422	13945.949444304277	0.013390995856829294	0.11165458367235	438.5152346090514	1059.7077567386286	443664441.9916328	8867100316.860138
1919	3.987744222977199	941.7441628252587	320.6329302251308	5.200789561976972	-0.4035258476570507	1217.6498100514793	13146.177462175789	0.013810000283195626	0.10081242049299763	444.51079866571854	1054.6736001381582	281422621.77777755	5238014732.209106
191	4.794899710046593	595.8906316046036	158.6858823486219	14.29515979180436	22.50373717611748	26.261715996203495	105.3853512458286	0.24356924248613962	0.8911582039114143	211.73130910241503	522.5790953908952	1312743.4601611788	7833691.204486809
1920	4.467074118962046	956.277337477302	278.9983835536589	9.852500962786081	2.327322124334363	412.14334405397966	2099.8151354763813	0.02565128458833815	0.1848477908106771	379.52880866379246	918.4178301720235	91748472.4422115	735645786.4243951
1921	4.724365191010293	1170.717592294405	336.2428946505773	10.53877354657271	3.606581212049245	427.48472494599815	1874.2828643759226	0.021593589473645924	0.1761547048591087	456.94276804439505	1107.7765291665705	180757696.17244443	1151802842.0436594
1922	4.435827528999653	829.8654130819245	262.3114162680909	6.478366304223034	2.076590276064806	22.861235058261347	297.09316731747947	0.3044184355362225	0.8081118157104806	338.12196729048776	856.2577923589233	3252947.3366124234	75589196.86348894
1923	4.299368918989785	374.7721252429866	103.7190856769409	11.24158253680163	62.67710177452825	187.95815026194182	633.7227872873929	0.04826473534748816	0.32482144639157595	141.86025394714346	340.8971256117336	2373658.6222987957	10128639.647391867
1924	4.642178171023261	969.155237325725	302.2663939521572	10.18616129178316	2.657465703287811	232.97360123057578	2020.8678384113728	0.046803534377681394	0.30171735653206394	409.6481948775007	993.7002095179232	53280527.68185283	812807459.5497012
1925	4.12167339399457	895.5587678637978	300.3965517551213	4.098658607236124	2.818912190832445	1936.6056589875186	7615.333022831719	0.006801759690537799	0.059210384910629056	408.611710109774	992.7380984346842	391439676.85265017	2341106548.0441117
1926	4.532160806993488	1118.709549801321	327.6877586176821	7.153483260196067	-2.37552302677309	1168.8644371827727	24989.745901927487	0.06220733401747764	0.2550470444864625	455.41574285036006	1078.9898290455826	476553003.4305263	11978368186.407578
1927	4.768501332961023	305.68905986024	64.8700831338424	28.74013268838451	114.8102305161337	2.5403607615031243	9.042509783594646	0.9198164401348159	0.9999996875614835	87.29012935316155	213.3669557784632	15158.311239539318	72461.91320600559
1928	4.605559185962193	1240.375328144512	326.2595268308202	9.147400236659115	-0.726435570737115	621.6706463391381	4061.5156120713027	0.019809327254214474	0.13303475299865727	443.25511476243196	1074.381124688468	298768027.6354221	2947953723.5349264
1929	4.399536465993151	448.4569418237465	97.02336008080314	8.585135354184821	29.61135707668637	29.82269444884387	136.76030032817883	0.23121051790353	0.8372828008914454	129.59563374119813	318.4299824952261	572169.4966826288	3435413.77365946
192	4.022876721981447	1037.004235139875	323.3590381325644	7.084691568451713	2.090130572192481	166.78686828233765	1453.1866646626638	0.06028468205576922	0.39143266475668215	441.48655734427507	1064.1896809911664	46707761.917280614	759903264.6053073
1930	4.346855812997092	1604.126140484081	355.1596324253649	7.690275769054912	-3.199088180386878	7497.2243207188385	29170.014448127273	0.005226670406864096	0.03812056433654502	474.6379985113879	1168.8164811370575	6846129646.494197	30793273633.61161
1931	4.272070851002354	445.0783192857001	121.2194904139573	13.00319690092389	58.4202214637435	102.34626965811721	407.88665488573446	0.09518884829923452	0.49299299526206924	163.4647951858709	399.7702221385844	2080368.0943459931	11888674.565142384
1932	3.817291157029103	827.8802543512866	289.2348528406132	7.40707044183752	0.8780336620024558	24.84191849921087	1322.3908398762264	0.3119332632855433	0.6782776582451664	384.18759624848315	952.0517335683717	3411053.217394172	444506817.582094
1933	3.858973306021653	1040.088384738247	290.9205948634802	7.34793423557576	2.111511023841967	63.245360993385695	1592.4031917399268	0.23423693922752387	0.5535764077806825	394.33271165325107	958.5642380505601	22228817.7667416	646841414.3039292
1934	1.941777831001673	561.429485748714	213.0556287921955	-0.00026839973595471	10.62785385086715	8856.405374043428	25572.455450574682	0.0007400144881520717	0.007379777199436161	296.52638099098726	696.4861030684401	463265690.81420434	1333773767.0849414
1935	4.545767473988235	803.7118029021691	221.6016183443868	14.12831054484955	7.81683746361044	10.246000698380023	35.661649197758024	0.49227168280412165	0.983861675770881	298.96233154875745	727.8353837423061	1287560.3495206619	6936851.139162929
1936	4.284768372017425	601.0912388824205	165.5040074922212	11.50498806713973	27.96269688405791	279.18104535879297	1039.1078121928992	0.027634271029587154	0.22990936740803253	225.47409959753088	544.8198602148386	16206367.723231807	68462918.14092974
1937	4.5633751580026	1263.490636515236	325.0399207196298	6.760692080909807	-2.984475545269094	7684.398549891627	30937.94715713619	0.03517622844964763	0.14301973915520155	433.4299446534417	1076.3332549836764	3642630981.9417415	17208729338.435684
1938	3.730002608033828	654.4668346878912	200.0225685435479	7.78653733065147	5.21273169547699	10.615299473168868	58.06766397791403	0.4820813932672116	0.9518275453902325	262.97130770276385	646.6359625355561	744286.6834045126	6943527.463996967
1939	4.253228775982279	981.3786991557056	306.633334950882	9.552166228939809	6.819766560984233	708.0133314664666	2239.5031974513604	0.009355227518644305	0.08953304777021714	421.08220305897873	1009.7072066815246	183302673.72182536	720272859.477337
193	4.643967703043018	961.3086098668814	280.7190673032501	10.81158802018909	5.277106139480204	213.49883350868373	1438.7807454524675	0.060767817276522376	0.33075020813180245	380.6494575192694	925.9326865041185	53946768.764186226	492673183.0393008
1940	4.268501101993024	839.9946973435173	259.7131667089953	9.353969728721806	9.838460645171358	455.1792022235937	1930.4047801753666	0.020772926751381066	0.17692387483470928	354.47008348814586	854.0217390534885	77841988.62959917	396116285.3028464
1941	4.507552060007583	813.900766446538	256.478492595991	10.08175506282312	3.857843612947478	42.38117917992381	404.97381236548716	0.30566410405456834	0.6443919416965468	344.90974744117943	846.1753962307395	6573849.212984491	87706697.7433886
1942	4.457017155946232	796.4476151601531	295.0718394948651	6.841396816597067	1.22119692655197	102.29668639454566	1665.2057048554482	0.14847377392232836	0.4955490074525297	386.42473219725196	982.8230490073644	12242889.856449291	538404905.0859882
1943	4.699292336008511	420.1752380012014	80.31189945161047	20.33462881841733	44.67535831023042	2.915587083880088	9.988559344288559	0.9002451099482496	0.9999991355202831	108.17936302591755	264.1397795830593	40723.70600154916	191144.34318727156
1944	4.523318997002207	311.7280326375198	68.09788054111173	24.39920236631754	64.05607515805258	1.1807375534593658	4.010859373690207	0.9952464375667371	0.9999999980746589	91.62882113435916	224.0886807328966	7543.264608911083	34928.28107253695
1945	4.311345761991106	391.8481096453837	95.07471760350103	10.21453554530207	28.99608566260329	64.47807720857577	253.7045007258903	0.11079387166398005	0.6447707342091027	127.78854471456475	312.6790610513897	898610.6037167963	4740581.269844278
1946	4.697078361990862	592.6704515485551	146.2071598083913	15.22797329394589	11.85255082272387	9.66923455043616	40.30040800411986	0.5108803637871537	0.9818917098485604	195.0780349873478	478.556690358797	456747.8433994746	2823053.89337104
1947	4.138366727973334	528.47062088908	165.6867937952474	2.5268550690949	16.34061151157228	734.9993054864726	3545.511479520992	0.02158004845818016	0.15205615626842373	226.17691330525662	547.3107286278901	32445239.06615982	184468451.67096084
1948	4.374041617964394	493.3417372437741	127.2239348491965	8.520184727391072	14.63509588250766	60.713466716118994	378.56733869128993	0.14616159102329251	0.6343211110575461	170.01816539525805	417.20574255708385	1813773.8942706212	15093798.120319588
1949	4.380488619033713	1011.260196719586	338.6476009277418	7.300667204265645	-0.768008706736024	872.1173170621548	9917.824603272176	0.036533421952545574	0.22974822777154777	465.9133131628072	1118.8526341099448	257550832.3628755	5043465250.444588
194	4.299983977980446	708.9565541445745	235.8405773220869	5.224408061322562	5.849300842387835	271.3382340055247	2229.716639304374	0.03708180902613575	0.2731356212101857	316.6774782790752	775.5266123113627	26309320.63949362	364603772.00565034
1950	4.136876264004968	812.0862141293618	227.7244978057591	9.920038716480814	13.54690552003799	153.62083027698452	699.6203576141033	0.12753507671235315	0.39924695959142936	307.02911700728566	749.9727126870617	21784686.25900227	132278644.09101641
1951	1.94657518301392	562.3694304910822	213.0674367007909	-0.00031438806245986	10.75305889696974	8857.397489497569	25573.96957336681	0.0007399701187485368	0.007379414317339627	296.5581074013871	696.5029656947506	465282990.00028986	1336869372.3779614
1952	4.63991826097481	759.1596060194704	256.6956053792183	10.40487836585612	3.61197323251173	103.439472350303	593.4292705802322	0.08842228277647132	0.49172432603549865	344.59118890560285	843.5953287004763	10619295.58902643	129011021.07412882
1953	4.618250536965206	426.2425819676263	82.27358971344216	17.24023828927422	34.62550731446962	5.885565771877686	21.751997004607876	0.681550573000435	0.9993801258128663	110.845246879017	270.5801126442966	87566.94808610834	441802.74758038094
1954	3.928582544031087	805.3985699995001	271.2040333714577	5.876599793147108	2.48869515093017	229.98230968330128	2439.6251453549476	0.03065533803199022	0.26925615267494724	348.67121814279017	886.312268716981	27141366.15497675	712722928.5408844
1955	3.971806932007894	371.0257889618302	91.33182299812225	12.42176455512611	25.09967370764399	2.7824148482590254	17.460309556547198	0.8122204452222008	0.9982754775234336	123.54896974602411	300.5428988893427	34702.37022658029	302833.96511132637
1956	4.374742735002656	1147.075886152867	335.8065299301311	7.931377351620704	-2.612882839303019	1565.7862596516168	23977.634003023468	0.016653078895339617	0.12129426857682742	466.160411071672	1106.805315117881	661893171.8084501	12292686490.050974
1957	3.476480096986052	447.2638515269431	178.7379952394736	3.702445905480252	13.58655387824559	336.65736262843507	3374.2230292778568	0.03596946507136912	0.25248947697731944	236.0528014416888	585.3507626674177	6506207.985316729	137955364.24922732
1958	4.63218696101103	1304.106521992037	337.7959284297761	10.52451198823496	1.270561171426479	463.9371365919214	2732.9826040378853	0.03285533119647463	0.2110243006768053	457.294163702624	1112.0714131847767	262529947.20265457	2064694963.9584634
1959	4.550177342956886	1134.828277434422	318.6502370653047	9.896338669717412	4.014456036949007	321.56933074986426	1562.9619507278649	0.026919120294473527	0.22193212471343798	432.67616866904564	1049.5725140165514	126942072.5794077	835350876.9586899
195	4.178796830005012	465.1285426734543	127.9378267952402	6.970452898055417	12.52497499748519	89.28725829988095	311.35326479933053	0.07934399280099763	0.5378186926345049	173.16471081440363	421.13254042833955	2263680.450577019	11057610.626214132
1960	4.376978767977562	776.5511600357638	261.4209374410751	8.144290972371934	7.436046591839156	476.4544057241115	1846.028703329018	0.021082309284411786	0.16588044543982744	361.7424968548097	863.8825519964067	60615853.17037854	282452928.86334926
1961	3.712850277952384	302.3572816586039	68.62198940237424	15.24105065326564	52.07597939584556	2.8294376451342433	10.01137949771781	0.899762497285358	0.9999996546055511	92.8387285388572	225.8931603197342	17196.669972094198	83613.31421280299
1962	4.413253014034126	1074.397132335762	308.8861155496702	8.980824501396118	-0.8358291765149748	615.3155576111118	8046.6973852044375	0.03444155301202838	0.18188104224527935	424.8323850758593	1017.3862478652961	200601365.28149247	4128203169.8863645
1963	4.624641752976459	1114.80122954617	314.7638930366521	10.52833719554255	0.8836935819214774	299.9734523509182	2134.7448024285054	0.11344918304069616	0.34082571579238213	428.11571709951045	1037.5209537217468	103704675.3912184	1165187008.8443935
1964	4.226687677029986	549.2384151655699	150.1935299583448	5.817084022293299	9.809126125555052	62.07734236970495	268.1439653985961	0.11292436820797992	0.6558741426887645	200.90381775851017	492.8182164979458	2593331.911695147	15811884.171600232
1965	2.756322372006252	488.6568437756331	165.9439612089983	2.357684938892362	13.2220070134854	418.5002876637763	1764.0878711134776	0.020232329528071902	0.17558462363923066	214.76536624403155	534.07902039464	12217941.767192723	72911101.93759209
1966	4.813439037010539	641.4138776619038	161.8660414086547	11.51220289831021	25.68578794374607	4.9369891272479105	91.46255754362325	0.6518570244912032	0.9063654228670791	212.8259569117521	533.2372805571079	336617.76333012426	7426155.8739289725
1967	4.211434761993587	975.4529543547793	308.7055459545172	8.013178821966443	4.168251564174609	756.4993332377874	2643.0768448906915	0.010582527690066379	0.0965025505849782	424.99376639644686	1016.4649955996467	185329374.0528614	874104618.1205195
1968	4.730521294986829	494.5493488183611	99.60285221934883	18.78805034975948	41.90383055872561	2.6854347796300995	9.334921526887124	0.9139004695265874	0.999956351067775	133.8588977770674	327.42685732196287	63978.60965808226	306764.1499809545
1969	4.249391614983324	1054.353625612242	319.2949817325222	9.55067338836842	5.127048255862538	448.3254991842908	1999.6790454640407	0.023858360163720806	0.1993611744375287	436.3303987103484	1052.6181415316	152967252.948031	790007519.7094297
196	2.476599826011807	2424.623749279694	554.1256613174577	9.44416969904773	-4.234372103821944	6395.970147817905	29301.87758887177	0.004018327909522662	0.03284476521149295	735.097654989891	1825.8903948936586	21226365482.08215	105798057362.59921
1970	2.681309190986212	2591.859605477479	463.2466796094103	9.738000591188587	-4.909708056162169	12628.643495485294	32811.722950372605	0.0007552382192080081	0.007419526640335707	622.1456782999144	1523.8064926887985	38440865420.169304	116946986782.45831
1971	4.375330212002154	1516.069682998404	317.9781079060959	6.909592057901844	-3.384722153337136	11657.193933679266	32482.951073863136	0.0019592856068548254	0.01523477801517807	426.63834170278415	1045.9972108738766	8105589459.864189	26796530660.798714
1972	4.51469445094699	971.3197875596363	337.7109797344488	7.733293860795439	-1.177459615497578	859.3037564903497	11419.786296495302	0.040589391133186895	0.20829799366837295	470.46277850808906	1108.8586222982967	203989769.25812623	5594534190.004799
1973	4.063484686019365	246.8170212782582	46.79290162800783	19.14086465767559	67.03151497833625	11.869125550768679	40.97321695293741	0.44423913312721325	0.9967001449415094	62.80917837497526	153.75177571858922	34142.73496906727	148559.501139791
1974	4.033262740005739	445.6305179252582	94.84539979731387	6.051430014109705	25.99864015349073	25.4407312030367	90.40362664163509	0.24090137240643608	0.9191334944769523	127.54499285107829	311.72563062336593	472014.07810538507	2255832.7791799647
1975	4.214009576011449	447.0244917361336	118.1917878417748	4.449452545502748	26.94285828291348	224.20423481172773	973.9266883326997	0.04097418473063647	0.2994261140800385	159.32065639752113	389.4699105325293	5165898.562500739	29721508.36621254
1976	3.635339940025005	1701.503505088614	444.2514969397673	7.251640361628061	-1.414393017603002	1504.8560379972757	12901.718442709705	0.01592751538325401	0.09454354347112341	599.5156716966717	1463.3068130856727	1959569664.648384	21495118499.942696
1977	4.699636239965912	907.8000156338275	263.5009297529754	12.12201239497769	9.643027832376031	107.40416250214432	797.8682028246184	0.1479552530151486	0.48853661387116487	355.79983215995264	868.3921723453423	24506107.370725065	219128955.02819142
1978	3.644521099980921	503.6398003249735	170.3652141822594	1.739612714069557	12.54687348534813	1160.8923864750855	5754.851812261112	0.0207365828151262	0.12102891548005436	230.77950331144416	558.3143288768999	39849301.02110148	280268653.6845353
1979	4.781659659987781	701.7491684410779	193.5909560515691	11.71658963639818	14.93498448191528	43.96419373973693	579.4719723277079	0.24174947658615226	0.6160611377797499	258.41220374359966	636.8016163048342	4581050.953410868	70957578.77161494
197	4.50038730003871	435.6779338229715	187.8435612030803	11.13127022006064	10.43357829628822	40.2079366450267	231.90882991451022	0.17640876947298745	0.7493362552840218	257.3803470223834	610.3557263901938	704832.5412306384	10703480.955861531
1980	4.036976332019549	690.6787119879382	215.980570603323	10.06074386777531	9.242787290565271	67.64234621669429	477.9613100270547	0.11950146709575166	0.6048751216566751	285.04628029557784	708.0098631457672	5203085.248454705	69648540.95863226
1981	4.536467320052907	912.4640510241802	284.623513027744	8.28071113170985	6.852069551487414	176.28671948790972	720.6459356124559	0.05307152541471297	0.3319622275507458	386.7756948351812	939.3478973116289	33768546.18471163	238785248.86455664
1982	3.946001095988322	554.7042720657568	171.047318216407	6.472977270309505	10.19345461621496	34.404977802705616	444.78668116700743	0.22744056974839916	0.7401325623923194	226.74034111942314	560.6064585514841	1536185.5045537143	28707436.297257744
1983	4.106538127991371	826.1231653463321	282.7661117437762	5.324075595846875	8.876190202618805	440.05475027788486	2089.609048909618	0.02707336978826258	0.18580517886171935	385.1123573432186	932.8309112180381	69196950.43413405	503408279.9701813
1984	4.371918247954454	1217.192204817524	300.212222350586	8.499015277999405	-1.604323017745526	3604.6862311700606	19882.314587153534	0.012049029386352847	0.06995967136412662	404.6563233520943	989.664463786453	1579425295.1951187	11502170740.48572
1985	4.245221538993064	629.6463065249332	188.6565974103061	9.203361037379288	19.62817157167097	238.9949720957521	1382.9239180093202	0.0483440798406067	0.29247490248192093	257.4914263709572	621.0152534840238	16403375.48557979	110409632.68008837
1986	4.045854680007324	206.8085680815932	45.99118523613333	8.81290290078357	85.06496271443876	6.119542238364272	27.95568308946881	0.656154790786924	0.9897306900108737	62.08422748451849	151.2896860902387	12015.051162022251	76947.74912289409
1987	4.575796267949045	471.8536169386657	110.1783548375278	14.96974240118922	13.82822598716934	13.590787274061094	44.7044430455536	0.3926769401611209	0.9779449406556044	147.9999606422479	361.82004237881927	300356.21136804787	1520894.0052811836
1988	4.492923795012757	1076.178081372605	288.0810080692951	10.16376288350635	1.072698488609778	237.13523203188052	1792.6270646379594	0.05762999041548873	0.32093799669651757	390.73928774763226	948.561776382443	79855950.92463249	796374901.2642584
1989	2.680626525019761	612.6368348293142	190.0386283809601	5.753881522082924	23.29816079056269	260.7590310485837	1455.20395146154	0.032684139137260364	0.2629018049784025	259.93406170210835	627.826336921068	17010213.480706874	97774498.38436368
198	4.34538659005193	998.7974714880598	338.2738125271264	7.264144056359623	1.503136725450048	620.338566953973	6777.275947247339	0.06713306736606732	0.2217273693406609	470.3161508415079	1111.0826630432312	178168920.62981513	3321663068.633296
1990	4.338565967045724	775.5324336667406	262.5766515033578	5.422017936749551	4.233909910584387	707.7660078892883	6218.821878319526	0.05006493962775866	0.21304874187304054	356.7743626288983	863.0662912391072	89000720.39339064	1219442540.0338178
1991	4.193427819001954	660.849720331809	218.9673969909377	8.23621687809053	6.20533266401229	160.45446107081523	1507.6006995894027	0.16106346781800837	0.43405178217276347	284.7254670289054	717.9923860181075	10859954.195255186	196126981.02793452
1992	4.595076813013293	1065.468978890537	315.9696272015026	11.58836284214596	6.185447936154547	262.71822073750866	1477.9129662452049	0.12556159931144775	0.336694738330318	427.02701614079365	1041.2520860294062	83220530.51437467	698961046.8186594
1993	3.473799002007581	612.8582944371404	173.4656591168705	9.10363069529268	10.46847863315457	41.785391280452195	257.2556286989554	0.20988097798960234	0.697690203237648	232.17233071088754	569.7389204667562	2686840.0065144645	21533064.905163404
1994	2.939105844008736	1663.662255579617	338.6235574497679	7.805594851702723	-3.752739515990252	12334.133056823308	32707.951955151068	0.0033102148836512014	0.01946761696053402	452.67787993162005	1113.107087889084	10853022418.84256	34529427186.66635
1995	3.133874993014615	329.679706740488	107.3276009141425	5.13054233877849	9.141102486354761	186.27182198483803	831.7887285693641	0.04650676410709996	0.3439178955393064	136.3157384903348	344.03584739407324	1611722.0341537555	11475812.14492797
1996	4.809058926010039	409.7330429682403	89.38497380939098	18.93300805204573	88.68586051695483	5.581663097566107	22.141935621994932	0.6866716015775414	0.9963237841540576	118.88586561829754	294.28633205373546	82763.93923398292	424949.7118986644
1997	4.607645496027544	1103.103732872304	283.4575667651807	9.67439024506804	0.5229996576704887	323.58109020614864	3305.2425424926864	0.08637152194870047	0.34936626573007407	384.0725168636252	933.1678824241602	113537168.03387046	1621508294.5777628
1998	4.553693522990216	1243.546071850089	303.3667054242445	7.256198612468004	-2.80565938711861	6874.55509093268	27652.361833691117	0.0020973923435122894	0.02016213908287637	408.91623334460337	999.50061054414	3120090571.9608107	15444683239.972862
1999	4.838584221026395	525.5558286426563	117.6777148125024	16.16533954019851	30.80380845663736	6.868639610369194	26.006466720256913	0.6187590848042133	0.9975057046207237	157.990881690445	386.9057719083923	219959.09852420853	1119023.0518837878
199	4.221710816025734	794.9671488754288	250.0764852206086	10.15509986149493	13.83917676041128	352.3338814825453	1439.533775710749	0.030175353172525402	0.22577472208535404	345.9672814057516	820.8068325908837	45134663.64614495	250726321.4233934
19	4.598986259021331	1155.15194822483	270.0652012230915	7.714838219590146	-2.086349915749426	4178.0225605500755	23973.78628786509	0.003961219065991536	0.033506536936232935	365.06854875293016	889.2958407721111	1502535238.2170353	10646858224.560707
1	4.238311574968975	847.2778127393364	285.5993372506399	9.88653122804675	10.39723826049093	688.7508140506642	2291.488531623165	0.01761357071032752	0.12336830055841443	402.98477746817	931.3000574804356	106884318.65692778	495210098.6627397
2000	2.813546620018315	1723.650986692368	625.3551944382311	9.31205879273292	-1.594593609226224	338.40060655346724	12028.18155690443	0.05799745050810631	0.2850976082921133	865.8871550646243	2052.2734560182626	468385286.71934664	35036089730.89907
2001	4.14840574702248	690.9829032501234	191.8065441144852	9.94404475570538	20.57806348712278	57.06037117275826	402.56938461516563	0.19279790818303943	0.6134377511283946	259.37524973633185	632.8832873291565	5472632.620178415	45244848.51282611
2002	3.424996518995613	525.1876672683942	160.3892056015862	2.11252980675309	9.404694680750103	190.37032834519368	1516.0270163640828	0.06452030555918166	0.3671980610968499	214.20210464865812	529.7238042671711	7685241.349360367	77680885.12714157
2003	3.779238681949209	1129.309701872137	327.4414489572894	6.737664099093167	0.9671360471141357	222.3366647143975	5233.464118443127	0.1258494926784064	0.3886922056386547	443.114275004065	1079.3786469618185	88064777.13283333	2926553103.911821
2004	4.491873984981794	710.0668171559445	265.6101562988272	8.895816379274535	3.048676690052229	67.05473676567303	1980.3602030221016	0.170108604348764	0.5677690036669478	360.1627824611951	861.1438738976215	6042613.126686902	375487794.5412736
2005	4.138748161029071	434.5039679585079	104.9806073016128	15.89938961752911	24.40310428027641	26.585916053744015	131.52080420131682	0.25298216391399414	0.8366233327325502	140.71681678112532	345.11094892338434	545366.2715883936	3130633.7478757384
2006	3.979193067993037	471.3123013885522	134.8452373534016	8.607534386116905	8.406545003958806	7.996598367648456	25.198991332043228	0.5856703147981999	0.9902320283992267	179.7183453493305	440.17061661055664	192689.72506171127	996437.8348910125
2007	3.444065353018232	629.1722077041929	189.8002103331787	3.7971644126776	6.556220573610436	290.6921742578125	1379.7638682304346	0.02982350148644591	0.24237941393205772	246.52388849657586	617.165993375263	18229754.041955333	136628219.35064209
2008	3.998154772969428	777.8499091150971	290.9665123668915	5.619865870893131	0.2898107877084166	431.6652400832518	2252.0586606282714	0.019216111867598716	0.1685462506492131	393.6482216374311	958.7752168161034	48463863.2522051	575372700.3902662
2009	3.640927679953165	147.9457536477669	29.68253705333633	7.756578420211028	162.7221617295243	83.55669633749687	268.46859518009506	0.09158886802830528	0.5634662788080987	38.47598426047841	96.62338451421844	48341.66133738021	211500.44779972863
200	4.074188795988448	668.2420598045316	158.8981259725632	11.16206088012526	27.66698742746274	8.785467355981131	156.47823994015985	0.5365736729872707	0.8567785755625603	209.60688619090638	521.2200409367529	614384.4332953183	13785307.350614833
2010	4.719868761021644	328.4119314116461	79.55885931696024	18.12202574349379	115.5151761902863	23.57151269915632	75.18078811265838	0.2573258701065538	0.9510371712135265	107.29241236263186	262.0035088330074	187459.83338805675	827777.7286843786
2011	3.959793969988823	673.5096579754002	290.9805764395586	3.845911593580891	3.39912684197233	337.52958793726816	5143.306715902182	0.04503975235350265	0.2680121269952419	400.98283091762164	inf	31397322.329558194	1927751413.1158395
2012	4.683215335011482	512.1160293268497	113.0660479505182	17.6864368906344	32.45097575083332	2.4325829017074416	11.478222712025264	0.8729558420314778	0.9996211264392014	152.41942674949792	372.00543449149694	75977.23260070586	435861.67999495263
2013	2.566421013965737	775.6958954995197	280.5163543352519	3.404462044535132	5.886150641349397	829.290207136325	2750.8819709277595	0.009007822493584493	0.08302015560750516	381.73312701786404	918.027071112438	87482602.6956862	586289472.9971498
2014	4.571398112049792	1127.924317266336	328.0118120320952	10.7069876937952	3.175080513853212	217.8806721754263	1423.2282216959873	0.07012094658504311	0.3421334463185187	443.83916441688405	1080.1259150854066	86111943.8229564	809146007.3363221
2015	3.95750029804185	1078.538398968714	302.8211143792307	6.116172750467834	2.344033565532984	1217.3407324017146	5399.420608224574	0.00972438622746693	0.07190266761179684	411.76030090881625	998.0995950614655	387531866.4166425	2455184891.525485
2016	4.613535720971413	971.4238971107478	283.4828296919623	9.507307399913262	7.158858942262462	243.77574788501357	1311.6275342344127	0.037863171644761245	0.28140427697109704	383.3366411695689	933.8735466017027	59439731.66559797	464790227.4039247
2017	4.811911455006339	520.6426444491483	119.8523332478926	13.43120566164333	17.28228494608068	51.24785077181131	154.41454275674735	0.14491049891147165	0.761368253787043	161.12419793758022	393.6983434630971	1480166.6752926416	6759796.945560052
2018	4.220640601997729	265.5056576381165	79.74608233283769	4.073698829167217	70.83574709794128	21.418487447995805	208.46911797089925	0.3113122092717149	0.8118761494862353	109.63826388149155	262.7028477241048	112382.20217719808	1199550.7991492765
2019	4.018472696014214	548.1065455197789	172.41043139072	5.967490077023964	7.793149386739184	151.9608286736343	1002.8641452960255	0.0757974117988334	0.40271066596188965	228.73422329874995	565.4233631847937	6378333.778565954	73456094.98330963
201	4.524759361986071	671.1789893202414	228.7644140205088	11.03097766264748	2.894849850530238	39.15260075269217	224.62475303396465	0.16210481918280453	0.7816968922898383	274.38403978003237	728.8030544045149	2545682.190568737	32126602.21053415
2020	4.676258951949421	1163.302520235482	312.4544087143879	10.45684981040541	1.065357509567473	453.8079028550823	1838.8775642816645	0.019987501295891906	0.1638570378265195	424.20047265619917	1029.097154251668	178763801.72392228	1050322763.7428992
2021	3.481385532999411	345.8252853373643	87.70876506149348	5.185212301492918	20.15913943850897	132.33727444290318	442.77317279714345	0.048270029077820256	0.40145150785963574	111.74552595785678	280.921122465224	1083026.910133237	5931527.5908692265
2022	3.979489050048869	604.5840482375662	217.4986541023037	2.349579918996961	6.769621018098976	4031.4745521267773	14257.515345454718	0.004151334142327512	0.03528570948091091	297.31778276609043	714.7930678361702	252641398.87654346	1214294969.4045348
2023	3.243971579999197	544.7040781306107	223.496857719915	2.765203217948547	7.134021403839498	150.15701740764953	763.4770378683515	0.07555676296552183	0.3812302952356353	300.58228379872423	766.7900478980534	5376339.700497092	77839588.07060076
2024	4.371051030000672	714.6940990981307	211.5440814667112	10.24957518821609	17.5961773823022	279.48372290319844	1109.4654438357586	0.03993332314505518	0.26474860747094814	288.19595729623916	696.692406140704	27837179.916435212	135497414.22169384
2025	4.617885365965776	956.3683176108804	305.1575986205499	8.176988658100983	1.602761971590192	72.71240350960218	1274.893905286118	0.14604300457211794	0.5685494962931699	407.44233009797983	1004.1152735736573	16258195.86066937	544148684.1352711
2026	4.20293164200848	983.0198151795825	345.4609896716736	5.624249263543033	1.510645242966357	648.1934043732219	8274.832137188772	0.06603525128727374	0.23161070380644572	470.04478111085723	1136.226158094572	180545709.5401448	3866772292.8725777
2027	4.644979438045993	679.808751002543	195.7371656045852	10.50262081102945	12.9489351658647	93.46653720281172	382.844644469613	0.07651219926833706	0.5218556615102832	264.74664980201123	644.4442225009482	7635236.107117244	46332121.79381514
2028	4.100142855022568	991.7347247253877	309.4353359150995	8.764736877926232	3.418614179358003	193.31627962314414	1374.084909788969	0.06560038462400204	0.3779505486257906	420.35531082038085	1018.4051871772414	48622303.84622875	604203582.3845391
2029	4.366208634048235	368.1976389047945	85.41964269147996	14.18460008272632	78.8814747516588	44.99456228181768	169.665420761553	0.17616698467140404	0.7661570553735669	115.28352300367715	281.14173995155727	505646.40258453006	2520838.152820071
202	4.584902952017728	1197.713031059325	306.0967384617732	7.533633874305903	-2.381391955982859	5232.7255128447805	27651.86278978596	0.018396932946898377	0.10159140016540565	405.94833954681394	1010.6391245223474	2188806513.47061	13687619278.678532
2030	4.809931788011454	50.72566916294227	5.642603899207516	50.00876398020459	2622.624331753101	0.06399205414073333	0.2148863779088855	1.0	1.0	7.547568486040923	18.54723288829794	0.946214861327682	4.181527285416469
2031	4.128638809954282	997.2309081479448	283.7612496912898	8.340279254835455	5.388697991332421	310.8072215176468	1225.7181107728875	0.03573544691640912	0.23533503751526227	385.16916340042644	934.594492976418	80178775.54422456	451296461.0938802
2032	4.55574603297282	906.0709218627046	267.6298303497812	12.73842948824754	9.32947799611666	36.56345856335558	404.7691534203646	0.19637128371246776	0.7473354379719723	359.0115664817664	878.8610581075683	6823814.777740419	128623816.95562741
2033	4.506752654968295	1577.575897947911	356.0468888664572	7.449079431570624	-3.385780005915386	7434.835024688807	30036.99860893496	0.0024447835636807647	0.020965890713676563	477.1826152975584	1172.4487813862602	6659931376.53748	30125436199.1248
2034	4.210413130989764	290.337677875598	76.94908925770021	10.34520713440708	79.37663079651506	21.311855565109738	102.04417291800516	0.3062608604350594	0.8966458393695789	101.29104074383562	254.79681766409317	109899.45750116253	782569.4396219151
2035	4.149235810036771	551.8547492864149	201.4105909926344	2.938284982634428	5.840609572431116	651.6831143346387	2983.8093127184675	0.013503050431269153	0.11764979782854222	268.97282923319943	668.5684301110065	30696079.47038903	235604531.2212061
2036	2.681117278989404	2321.547561542779	452.9929643724559	8.642599359073824	-4.29522371205492	13357.307082982843	33404.99307923451	0.001381530109209785	0.010970637580715798	608.2809350358591	1489.7878583564104	30789307302.10345	91996346322.86977
2037	4.642900982988067	1172.172886400002	327.4686148441332	8.215130015631981	-1.710175999094148	592.4335885990279	17813.18227740219	0.09212062344275114	0.31272048676794106	449.75832507470955	1079.102039645542	264845515.64330226	9952183896.719114
2038	4.565410763025284	892.352257851496	286.074405038736	9.268975302845329	0.6890467258030335	63.947393904594485	1875.4927143454954	0.16559958252676243	0.5893108410817305	377.3963946337684	941.6878131496567	11254765.018623099	742623270.828486
2039	3.824826096999459	471.2422890021372	111.425278808403	11.78394795211369	23.08824996654474	34.68097428676648	114.21248228705458	0.18076783992188583	0.8665669225492805	150.28718417080108	366.4718901502193	784834.2088348324	3754728.9767756793
203	4.288673236034811	378.7974883664549	99.83599407304105	7.816425662445603	35.80983072583899	4.33825667999962	25.169632057593223	0.7474470243408705	0.9630841960180743	134.8943396393131	330.7123252518327	58714.21547535388	415024.45015216287
2040	4.397948963975068	647.8401323541798	198.6934155295598	4.890537115322487	7.89613546164142	310.4573933962041	4232.14954590983	0.0454487048179394	0.2696112443452388	263.42757542691504	654.6873148194826	24511043.976190113	406900986.6413361
2041	4.627067526977044	1257.004231052706	337.1024454652349	10.39449150563286	1.081810253362495	478.15040478274204	2215.5761503021326	0.03417573527592039	0.19688902802346334	458.2424167379181	1110.4817451820477	242315597.30543348	1572949522.8393278
2042	4.324006779002957	391.4662406391909	115.4970803259298	10.59682848351538	51.13597955560936	198.54299978278536	739.9094174372498	0.04503476798076872	0.31992187344646733	161.51712037689867	376.66529735012443	2177736.732275041	14107946.47568269
2043	4.71418814099161	461.8158501105695	120.0172970607304	11.83411250988393	31.88937505410511	67.42922682383495	254.74893167712275	0.10692684207704849	0.6271236062789652	159.26569012391923	395.56089643978123	1581949.1933033785	7903523.72499727
2044	4.135817876027431	994.6901643589308	311.0599273864385	8.08099373087503	3.768574285902659	949.5423602170558	3355.0052949859196	0.010210530994962977	0.08664041002641408	425.80164745321315	1026.3978446061537	248518178.06137285	1196468551.742637
2045	4.26191654196009	407.4146441174415	117.8844044729979	5.479989339847094	21.12673495431587	30.060869304299896	142.68718135648143	0.22145161507162212	0.8374391400828926	158.37991822761944	389.3787606424181	518984.9786687518	3738203.832332763
2046	4.49689984502038	1103.431023221323	391.7963682500402	4.933451382520609	-0.378492447302953	644.1967111415204	7497.153196876994	0.058861274767293685	0.2366643212245369	549.3819402344935	1322.021535353478	256365181.03116953	5696626389.166992
2047	3.486764073953964	290.789615272797	115.8708227036327	3.787338878676346	10.27243540367249	139.1919185925837	1090.4993113212354	0.06437700416182507	0.4088513110013763	125.24178938669829	363.8712174739649	651046.1113188142	13747265.459516898
2048	4.612090517010074	589.7816399034839	133.8529535598752	14.54410592741781	16.91257086262715	7.108365378338765	24.317153946690684	0.6224923810328432	0.9977417274750464	180.0982069842069	440.10216206562575	311757.08940778597	1535355.5049661254
2049	4.52484202204505	263.6071546241164	49.9471865470634	26.54091681780836	78.60361391119672	1.5499908279883483	5.490991634952092	0.9805912161840141	0.9999997486135876	67.06285247950427	164.23201137629098	5354.062188096504	25569.15183645984
204	4.652408235997427	675.4228114193556	209.7990629849617	11.91746574571423	6.563468825514818	22.92096455316034	144.96204662571964	0.3177867484361694	0.8323154820203365	259.473907995761	678.3626358472134	1509686.9930046396	18810231.245565984
2050	4.580974709009752	593.814627511807	157.9130436568769	11.95231180321995	10.00313075060526	6.88171868907273	25.791456738823342	0.6290380634913345	0.98832051901358	210.71649359226348	515.998810577393	339777.88440973166	1925987.0118904249
2051	4.277135239972267	454.8645070110068	118.9309491730286	12.28595642494788	42.40095794887681	102.57825338895304	453.97839820172464	0.07901159800972038	0.4920909583009129	159.85591086670428	391.211117622781	2321939.1547964304	13457626.020469196
2052	5.787695091974456	140.7265507370308	50.67794922043792	6.871061303621424	44.32197357329186	19.936392444076002	83.83618383730908	0.3096224085719761	0.9326027955786086	27.01692160328585	158.28560906734384	4586.837086805372	76075.19315209922
2053	3.969814534997568	618.0294820317972	180.1358605698731	4.657181603411082	9.973927577614877	98.96092171455817	1429.7402140048982	0.08500127182152467	0.5026133673997953	237.57028113615456	592.7054475204915	6001708.700214837	140879506.83083546
2054	4.6114643010078	1201.630186591873	323.6223645054239	8.661436969220308	0.6315469118636046	990.6006232980061	5945.78961065141	0.027278264971813095	0.14204753621140834	436.56648456069865	1066.0966112323526	445092360.72747386	3800716866.483375
2055	3.925481420010328	882.5023078479979	298.6950518280614	5.229853239748497	1.717925628738442	373.0939260368467	3940.9457744663364	0.03041268050815153	0.23957722602209194	395.875998860736	988.6599110646014	74127358.35042968	1279000558.656714
2056	4.648096231976524	1167.354626928671	301.3091158568829	9.830183136255917	0.3586000394476776	374.92870569104196	2380.398898495698	0.06742663516827005	0.2428214101971637	407.8914963596343	992.4345209603168	148697301.40015164	1378363499.8867607
2057	4.519739755021874	604.5683513447315	161.3048764303212	14.32886526028603	13.71674348553192	15.298213120069038	103.03301381887059	0.4022506093497798	0.896025460161812	213.20501603801097	529.2184746870342	816144.2002935922	8667463.912649048
2058	4.623342689999845	993.6960352805189	279.0952322120691	9.997688065302324	2.297146661400788	284.47184306158084	3608.0215547268654	0.07966476983850355	0.34575926347435515	379.8566179596738	920.0388848486261	77036658.0359393	1346124552.1761196
2059	3.858332166040782	330.8175246114839	99.49376152164135	5.454149230395291	20.42989283474989	12.277327002327157	47.44953497261981	0.43333351094629424	0.9747346784260034	131.9104370409152	324.77836098778243	100007.2608992717	616890.7898802691
205	4.391448341018986	1153.523749883482	277.2737606147332	8.34526628858815	-0.7224905114227493	1286.1157632479049	7039.075606263334	0.01013740620588351	0.08456670573614752	374.6518293842847	912.5690397903738	469722361.5150607	3668671959.480059
2060	4.759861831029411	669.4477973152653	185.3919280938103	12.16288557917036	15.89399902308515	12.167090479717507	202.34408397303548	0.4602087945737218	0.8214463858770757	246.6757881927242	610.6556068737557	1091342.4608980396	21175437.9494108
2061	4.058725176029839	1042.602584625987	375.226149485013	2.862126968206972	-1.301029482399116	1709.628584362959	20057.45623288905	0.017772058200877964	0.12106583443010349	528.6354806702226	1252.3400761437524	531669237.09871745	11285191406.515083
2062	4.223072382970713	631.8881152843784	210.8307350433119	5.623947898480682	3.979444918973367	157.3625635333407	752.4124123720824	0.05169329225528851	0.36085716621792113	279.47292080492747	688.2914528652632	10277435.87343316	90580412.89414963
2063	2.665699934994336	274.5406703778027	70.33951463423537	3.219332436407765	30.39732341121434	47.03384457096565	221.28758707654325	0.14412885157856362	0.73967476148898	85.11686876686048	223.82384550697367	194105.76571246167	1449664.6362162544
2064	4.585868884983938	1310.148696594618	338.9770806861804	8.455018826822911	-1.447178639217099	1039.0214423178845	18521.779067183033	0.08106268755568358	0.25609903070176016	461.17691390726964	1115.9808984116994	636483718.5740837	13642078646.365738
2065	4.636454774998128	761.766754719712	224.4156324790322	12.33214075853082	12.54424066777199	59.52559371924519	465.3859296852537	0.14526445385649328	0.6070763841132035	300.57704255729027	737.4760305520939	6750743.065767183	87990426.87769523
2066	3.790719088981859	447.8969338881226	148.6201688650389	1.398306771664082	11.53363005941322	4091.5416733348447	10830.581159674713	0.0019126579233968814	0.018826555236061804	201.1898354395925	487.99728761804033	89527990.78925624	361423584.52034265
2067	4.162800065008923	584.3361569280409	194.7788694582378	5.435483790475644	11.45166420096397	266.0324422423994	1036.6182311301368	0.03609903421152343	0.24534387861302492	264.5152812217981	644.249479115276	14028830.401944565	77316582.95330393
2068	4.556107772979885	1038.69552186177	295.9811341917838	9.228504983523035	1.83574414802711	264.26268968958084	1596.3134783965634	0.03359419862656774	0.2410661795403659	401.76548442412434	975.5306701617516	78099606.75827572	683266048.6674448
2069	4.021046202979051	670.737385996772	253.3962801096154	4.618251555611035	2.373981675335198	655.4212293476104	4183.3186843438325	0.026425943511770987	0.16329227520690162	337.6101641559416	832.7585411335676	56396923.40537002	653410130.3462613
206	4.190861548006069	227.1648102430938	52.02023366953356	15.84681870014241	59.47029365299868	1.9106815569410804	6.7378856321121345	0.9631408278515409	0.9999944245219087	70.02218521534499	171.23602907643098	4940.92499217914	23353.344200709143
2070	4.559435639996082	1032.486921734188	355.6405384758638	8.851621852712094	-0.5654966042975345	198.20720810071793	3635.8805169159996	0.08784293793713317	0.37728244364197516	487.92219089630635	1170.5404629529116	55687949.162927836	2422139535.6388245
2071	4.866025231021922	507.3045884713923	109.1687783130805	14.99326226849339	29.5489625027319	8.165099214942249	34.31597945569714	0.5631223301732523	0.9895551984843323	147.16436931182238	359.04515714083243	229145.36266578463	1320458.066633143
2072	3.747449735994451	294.6099872009266	69.57297409684547	13.54140594777285	23.87036971470885	4.425382795829233	19.1067102747083	0.7535902015313363	0.9995216630814427	93.89088154992561	228.8550651391428	25757.43071140667	153762.03223344823
2073	3.592607445025351	678.8111941621036	232.7041589834491	1.926334182488009	8.967848837146498	4658.727765045584	13434.595710573558	0.0015566918010669001	0.015429396931267622	319.01310276910635	764.8788828044981	397153375.86653626	1501654403.3660295
2074	4.64948059496237	981.1488360995725	273.615233423713	11.80936162159468	9.305651863156918	45.72043853470428	732.0715280668911	0.2557236373044282	0.6249563960322092	368.24879878552224	900.5512871318922	12618901.052496595	237428468.22004113
2075	2.615808464004658	2545.057038586644	467.3499690754851	9.544814830586969	-4.597582837822642	13885.044900010456	32401.485673522737	0.00055948544446928	0.005529520848102391	629.5919972445272	1537.605750630986	39272321042.07657	114918726443.41507
2076	4.579768045980018	1288.57909828135	326.897753483997	6.230836622019972	-2.413078393042479	5503.116795486396	28472.13691480873	0.012547418804210762	0.08360543836668367	441.80281412072304	1077.8769384570876	2898669400.1260967	17702692206.9715
2077	4.613311434979551	873.0024145852514	256.0414238144467	11.36825090434756	7.821514495662445	88.65720534027622	350.817148325432	0.07898299777905077	0.5401901613604498	347.68634352988124	842.7909777098762	15062960.151967162	94722768.33925848
2078	3.689765641000122	156.8761928749142	34.97517644211385	3.645862401194201	235.9297982269749	85.15167525915689	348.6572971955446	0.08621665465288997	0.5522778562758107	46.645073241692415	114.24035223134725	67326.01325006258	375873.5068506054
2079	3.958917576004751	801.5340551912606	289.8159948348306	7.580907628179813	1.435905672338564	134.2948040863995	2003.0296488266285	0.08399641147355781	0.43709102077301126	380.33510987294403	954.0486428420984	18119188.716242697	566433829.523112
207	4.381561297050212	243.1417934987526	40.52085451664103	17.28966489432381	139.6202720783877	2.0910994930612525	7.784666585794748	0.9421415131126987	0.9999936678255089	54.26350066138167	133.0868274855773	5079.480764897917	25330.55987051761
2080	3.503819830017164	1806.582812113251	392.0606042602728	6.472817160011662	-3.02921837105119	9928.670348445734	30944.80270053324	0.0013819763816777938	0.013057777665545127	526.4708805497887	1289.5794071796424	12345741478.196898	45810623342.774155
2081	4.516211169015151	1066.647355256578	328.0962287788275	6.630752644267943	2.907117636091915	106.57234302472264	543.193631639436	0.06605812851039039	0.4789955798879022	442.91497108673695	1097.9227821949253	33817105.537653364	288589508.8155909
2082	4.507966093020514	1043.359810849371	329.9195504296775	9.172875244373518	0.3597034892327775	71.16018678323401	700.3296316761594	0.11829985925132122	0.5947783446967666	437.7056889493491	1089.4833030589725	19779146.174436715	393543978.9635215
2083	4.700965970987454	335.1155154605573	72.06758969388855	15.19131334915915	65.64151147876254	3.5842854930628607	13.17148297028468	0.8335499116001417	0.9998894954802977	96.87036843714753	237.26957074886744	28209.023040529242	139878.8244751766
2084	4.556323643017095	560.167601586295	160.7007276799021	12.66283797446301	6.082544967731223	7.116067963044861	34.61841883123576	0.6068183806184151	0.9716409546170889	207.62048153654632	514.6936770754261	298235.8485127303	2366188.915641636
2085	4.279027135984506	1028.556608353648	335.069996930534	7.633703636904347	4.568859443975775	986.0621455329166	3116.979087377724	0.008980519461603007	0.08216341007112626	463.9625688177772	1104.4586501659678	272454770.5037662	1188668860.8180313
2086	3.707428843015805	488.4854229841595	140.1936015835225	6.413750103563906	11.42964181807974	54.465575380346024	239.9487488061305	0.15825208949181038	0.6697182408484434	185.47873149090657	459.5777220504504	1627780.859211574	10202411.010820892
2087	4.024509262992069	779.3517682538527	253.3190300056727	7.607723158094057	3.451084064333223	56.19563854594056	266.03810289241613	0.12271775411710294	0.686151312970773	337.5772718794781	828.2026959901323	6758705.500587147	57342570.48785792
2088	4.275224764016457	975.8085782814238	314.6537943560775	6.681490190969591	3.071028466951838	757.6274696898759	3549.4189695165496	0.011250202578312307	0.09944370568141032	434.0548077852859	1038.8689997710596	178341003.7676971	1216787297.325055
2089	4.642701948003378	610.201942480507	134.4563562227655	14.71941150792661	15.7540046556921	3.8725848861796948	16.0108703447943	0.7975823177759451	0.9980913282398062	180.4918982984616	441.2579450443729	185389.2649281212	1115180.9316076518
208	4.239335814025253	926.6471472904001	301.8505144021119	8.058774791076448	4.131089395531731	639.3369041700217	2481.9016100137533	0.015568313682281183	0.12771849546192174	415.05271578555596	992.7709526380377	139950439.83825505	741226340.5979375
2090	3.779930425982457	176.044841709749	40.35427895894216	7.400409492689754	64.15264614361796	26.985630026071515	103.14588515869907	0.23446432029495617	0.8930198987916134	54.47485052987486	132.3388619212647	32103.001274707276	143495.29283026446
2091	4.034105739032384	1021.008755407601	295.7079089662255	8.861792142900148	5.381208512198866	175.2062561606498	1148.1870174212459	0.08292564108217955	0.3869344039147215	398.9823277145391	975.2954346552606	52568480.23509673	452087376.3287351
2092	4.422850447997916	314.5378810301267	77.17211952492256	11.58546013474047	92.24795488321587	42.88843481462539	191.77575606165954	0.16993349234171584	0.7350496773117997	101.56272863677776	252.9955537566498	289304.7215924195	1853493.3054912877
2093	4.332378833030816	1331.479008699344	310.3310219720294	7.927701885153846	-2.443430812041756	4042.746066769385	27929.460075058545	0.006931417253955408	0.05276599159797339	417.5105526662901	1022.3950809973268	2407815625.721207	17555268283.18474
2094	4.508115701028146	1138.260846595018	298.9704312735493	9.359861304624616	0.06057134184377577	133.9911738104344	3952.229809248176	0.0708037482221408	0.4344790751622542	404.5216849379741	984.3330049708904	51755861.430785686	2219992919.0482697
2095	3.792276756954379	782.0422015179245	216.0570731140907	8.698378472298987	8.383010627618464	12.586299758050288	92.25668223089679	0.44027294069861	0.9071801659457038	287.1802844731344	707.9488234552575	1561213.4165563462	15240295.019610722
2096	4.607057137007359	667.5653410252548	203.3063645343081	9.328991538092499	13.29300016899056	33.48275426972527	212.63748156245012	0.2437600098058727	0.7564720007697362	275.2779200358884	670.2512216587395	2939868.8094205735	23905256.933383733
2097	3.335689360974357	1478.819417959106	360.7235404689483	8.654201842293556	-1.101476313994755	645.0864777030326	5362.746072963918	0.02182830876288941	0.1474755052892913	487.68979191288076	1187.4022478106374	500295865.0450831	6157962689.1916065
2098	4.662511717993766	830.1728875125928	295.7764833745512	6.61804972548346	1.37509657688186	435.0529957593387	1757.6653713294813	0.021009204104201772	0.17412208265563178	400.0844500355439	978.9114187425064	51451452.37725815	576226767.6778097
2099	4.185273912968114	770.6981303041237	286.9478400493643	3.06948040914809	2.784510568329863	390.7362163818802	1446.72452384492	0.01612247106124464	0.15509843884453228	379.88709863169333	941.4550410799525	43501993.38983182	324786992.3631327
209	4.685379186994396	425.5767191241439	101.3192742113901	17.25813933903636	56.27769440098544	11.565406008676888	83.03759642505129	0.46336833525414256	0.9259164366668671	136.30571306110238	333.50061582118957	225703.94314925311	1872778.46151879
20	4.042142757971305	613.0865824365276	224.2255292446519	3.514235471522092	5.080533052068393	369.8662438484048	4110.4154010239035	0.03723647683198253	0.26395407509323626	299.23141815888465	776.7055811833136	28791495.3297111	401217569.6894181
2100	4.074331149982754	652.9067918197527	194.1054261845646	5.061204335146499	8.796881225951914	125.34516261269437	1983.6121225889538	0.0631880338027279	0.43666233479337985	256.8436618933466	639.9528330301791	9311874.70694611	214196540.92391092
2101	4.669690460024867	764.1221842628277	231.6785780308358	12.23700038212218	8.998362941944624	50.18533469151896	885.954092683574	0.1933456286839106	0.6176167737147474	304.84870457512363	762.4433683873413	5923512.139994584	163955421.61241382
2102	4.736062074021902	1078.497284699059	311.3934917602517	10.40849364763961	4.032848108611466	434.9092434974256	1666.2519530201023	0.037177560876315824	0.18942526190368383	423.5567177049621	1025.7246063256312	135613775.4659428	806677384.9928834
2103	4.604268541035708	1306.304096145997	325.1401193670069	8.358480635561339	-0.1300989531138129	1313.9874410884074	8957.932533213372	0.019714349216294266	0.09635349081982389	439.01204479897933	1070.3897948706517	744075090.3595437	6868183556.327696
2104	4.587567875976674	1236.300717587486	345.0041253775665	8.44604404050424	4.456581885350896	806.2455702910221	3010.038556409074	0.018823661956046768	0.11277204145152547	465.5667132702695	1137.003579809413	390746455.26878524	2037110887.7346096
2105	4.504564438015223	906.0403608614354	283.9276487388324	12.43326156542022	2.833892653196979	98.51071568272394	432.05991502656786	0.07516967632117029	0.5050518663261412	378.6662254462493	932.2383857531703	17072476.182181235	139758595.96909434
2106	4.051039061043411	492.8616892593797	112.4537154176196	14.09820825640389	45.18685474978867	4.418682985501379	16.58821651514766	0.7833535421527714	0.9940947537225524	144.82090730302667	370.7012109881526	109795.0141399531	549857.3715749522
2107	3.091519680980127	646.0746984947532	231.4643037324457	3.427110607883874	4.564007362130964	204.88678397428407	1078.2750911380906	0.03903677773720637	0.30742312393877425	301.17561006885404	751.7480195788655	13890131.6999696	134523854.8731605
2108	4.446298344992101	870.775487248621	328.1872689398317	6.624947341056477	0.6240523316325064	710.7293797389653	4795.906328430896	0.0196018897592191	0.15445351054505554	445.69717982439875	1089.495999810008	124865998.55958645	1801754579.240051
2109	4.207478902011644	169.6264928448312	34.97280403760725	24.47493223933773	247.5370159776924	6.738447877767062	21.74297063190433	0.6432662781184965	0.9999382163404972	46.964902478823205	115.06611576194524	6674.33337017403	27967.98530212436
210	4.648937640013173	1209.336975273505	321.4767395031485	10.59336150704769	2.550214270076275	457.6008760308637	1935.1146583991838	0.03391615487776989	0.2285234364345104	435.11088749619626	1058.811525971294	206239576.05489695	1208252550.334204
2110	4.591016409976874	657.9674054715142	242.027838271225	5.600744739360113	3.807960610795693	224.63002465319016	1643.0017114631032	0.07870960604545835	0.3347951432492331	316.2581060072787	823.5080032675505	16907812.05677834	223526256.86059162
2111	4.512310357997194	1380.454757321927	299.7647578816146	7.406117066918583	-2.761790479821724	6253.588003543391	29414.161990760582	0.011831132971066189	0.06919234637975698	403.29045834484555	986.5055298700648	3749238440.649	19272687037.061234
2112	3.926599327009171	544.1189768959507	161.8340150776355	8.408479066715923	9.059478164952576	52.33658308339372	178.72084564691372	0.1318027398729359	0.7440655410193695	211.71599403214105	527.45860261521	1920558.5185369183	11405803.666922936
2113	3.585549876035657	650.5127539538557	219.2565927107097	2.563927564490708	7.009150322608033	408.1583985449649	4319.616538966612	0.02596194851949135	0.19969975864669143	294.90793500612443	725.6983885540456	30234818.87074288	551032568.6052493
2114	2.624374389008153	807.2130876746076	268.6475802442461	5.257666990928499	8.340928656936555	518.3376490303657	2418.617156400243	0.01863359822752819	0.16109269571081428	368.56331899625263	885.1991988225006	79470846.17897561	422779011.45395154
2115	4.819346620992292	596.3932861473115	155.540517193722	11.54815863891122	30.25919178009442	47.33354074805535	259.6217588134602	0.18834410135935797	0.7138075282825408	209.40728991176059	512.9044589392342	2544088.5142988884	19684897.809907764
2116	2.665850087010767	2362.441606058946	555.1951680636114	8.645812616657107	-3.891280541431535	9068.786132933401	30721.50056057443	0.004292944394268622	0.03494899240862786	724.5777783000267	1829.0078420243117	25990176293.597023	103817634201.44391
2117	4.718158401024994	739.4578505644757	210.4510526905879	11.26712478143206	6.192650323506722	106.23807976471842	395.7082143710082	0.06829914796424232	0.4807513552905983	277.22737898364085	685.4351541040642	10278552.866007121	60451112.073182456
2118	4.264900327951182	672.6480694216514	241.2650037770135	6.338472695519902	4.764161994329639	144.7541567842489	1076.3611033875238	0.10665515911445338	0.4295201681756211	324.18491168841933	790.4020136048482	11742208.070731468	175160688.9248517
2119	4.180315711011644	410.240088171032	93.45527945320093	5.825720753100125	28.3738954700584	7.957177727991929	44.16501131566513	0.5702215938199653	0.9388713508983314	123.83278724647607	306.1006849152587	120244.63743749379	1034550.9571451193
211	4.239813448977657	219.2534209310224	112.4228015048363	13.55502307695939	72.19068716342143	12.94412609536445	49.56197258452282	0.4181885717390571	0.9766990161311043	201.22618603758767	inf	48381.717886017184	inf
2120	3.6073992549791	714.5604377449563	248.7241655162761	2.347408886120029	6.537720050463328	1487.528006079229	7011.82918311213	0.014671571740853493	0.09784013934120513	343.2961829893354	827.327768910176	151658143.84067622	1033255291.1302617
2121	4.65833072696114	1165.996900001334	330.09544488338	8.569076621683823	1.033137176883346	156.34383532668738	2734.976836581823	0.15144252368768446	0.4376657151671093	446.4134953862391	1086.2131410598831	68517173.0354697	1758817708.6443963
2122	4.346358462003991	465.3612197103537	99.11137171261605	8.652735432792706	28.88551852111554	26.130062732196173	118.64370599725936	0.27223123729401544	0.8627611118500284	131.70333068937947	323.89658616170044	574968.0763891322	3253736.676738409
2123	4.402813408989459	975.87107415573	325.0297163625458	8.188677992498233	-1.244520069954733	225.18455775467467	12250.173036705404	0.058645535299835946	0.3164816985440009	452.5491191570743	1068.232409078084	50304150.72837708	5680994005.852985
2124	3.886004025989678	560.8263704490729	158.5549634394108	12.58733689039002	15.82076914529944	47.23607161185408	141.76188655140533	0.14359722140894654	0.7933254090113919	208.2412611667499	519.5860372476977	1695640.815217766	8615125.035797404
2125	4.181177712976933	890.2983402681978	281.8948326485302	9.081069853455652	5.73741399651562	314.94811791486006	1667.0625293952126	0.03225801995328116	0.23487704322514819	387.46657770808565	927.6567959243553	64237252.73869991	421590319.96186537
2126	4.497709774994291	955.6325533045236	318.284491738595	8.64806889166855	0.7942815004109036	279.7909373287356	5592.11011852065	0.0844557638382533	0.3542896061452711	444.57509776584675	1045.020717102043	67581542.53130987	2452831441.393387
2127	4.261602420010604	599.3261499199109	153.5943352384078	11.96065561180936	33.93117575635827	100.16451130833342	502.77514892357203	0.07687008290703934	0.4995119229534208	208.36567100379926	506.008963787401	5733378.319119503	33965760.03548329
2128	4.593550692021381	682.9836937809965	225.0306739895538	10.9031745402561	10.55974924434607	124.66188266828891	627.2784656372587	0.08144523769891845	0.4395752314249729	303.9771468529826	744.8953956647299	10697121.45233554	75306545.35349156
2129	4.015861182007939	871.011712107233	301.7656504521893	5.001665586425494	2.523995173431816	942.1824495131845	6226.200013890851	0.012477951201602985	0.10931433149790097	403.5742499029228	994.3647062246347	158704739.64067897	2067906854.8063884
212	4.461938994005322	275.785295430905	50.48277083024612	26.02965697219598	68.11469629531447	3.15571132648479	11.271642591454734	0.8733336064376906	0.9999993062013962	67.04913069220649	165.56150621099948	11907.355562052257	57741.10240691966
2130	4.730389352014754	858.4122430280506	230.434731452151	10.95915100814108	6.241099628395218	10.97353932078695	56.622410089882095	0.4699636089673706	0.9332975333550046	304.0167997602738	751.5202569331323	1594565.1266071924	14244173.827427052
2131	4.398812644009013	767.8442639144146	356.5027975534898	1.639447256813866	1.179542058752868	1010.0967335564568	7819.800811975169	0.013438772339161771	0.10639400202821041	495.3395475994355	1253.1132193736719	97572528.99602824	3063588321.268304
2132	3.936772482004017	1023.750119192335	311.0874204625726	7.793727013674975	2.369939215985682	68.25924481876973	1176.5537673583883	0.22861251799265417	0.5468592352537953	416.60683045017106	1023.5678330339625	21485640.494302694	564372468.6695876
2133	4.622927171993069	1141.469108381001	307.2741940167367	9.644433656083983	2.827387893496954	206.54013755280147	1627.7763006924833	0.0646975242449489	0.3439488666723302	416.9814221760755	1011.947015614123	82214311.7141054	868000294.6027604
2134	4.574795688036829	902.7117561866895	286.13967133756	9.989845030714957	0.4422708623363958	252.73753631028933	1733.7075691081525	0.06723722609372454	0.300127086917444	385.36311150323627	941.7845519258071	45019523.40241508	587907656.5414524
2135	3.421405266039073	590.748547141882	205.872595479131	2.276880595415722	4.281727320563331	283.10521757774563	2932.1250886845555	0.03505849226141765	0.2603713626421643	270.2051046320958	680.6694660318873	16463254.039005825	271671961.0234945
2136	4.321511966001708	594.4767257179465	200.6557053179425	8.551803723768558	18.1737332990094	231.99013090241849	1227.5099712852812	0.05335073987891642	0.31012319760648566	271.6095873217104	656.7163062017344	10649942.417553375	98422437.04742885
2137	4.252271039993502	1663.989158492928	305.8867999953787	8.856622321623636	-4.344400167229089	12498.115221765585	31857.04083571815	0.00088287049558006	0.00856160603446539	411.47608227874525	1006.0947432007126	10084953044.015741	31696785179.090763
2138	4.181750111980364	685.3164123981624	214.5332451965328	9.258664107547329	12.44205406723558	605.1941047862506	1873.5397029090934	0.01211843632342545	0.11311135241129527	296.3873722873144	703.0139743268535	48965678.13879015	198529009.54861122
2139	4.057357816025615	297.9643450233808	62.1999424385624	8.80378194909887	80.84172832761114	14.465471934964926	46.69318323642081	0.39487429793224077	0.994479962146856	81.70598435337678	204.114056862285	76953.30114313976	319673.45904247166
213	2.500503798015416	2467.22918875869	544.5741215971155	9.503290696278887	-4.569154907694044	8292.163337969594	29240.043596351854	0.00416046673901016	0.032613670079463204	712.7371482258504	1789.5291096510146	26340817135.766968	109272362596.65443
2140	4.547668183979113	405.9934650693008	95.29146920320069	14.70036367998513	31.06051916248317	2.869028181696042	10.56077221453135	0.889481724659807	0.9997664063505763	125.86003589690353	313.53494128099015	42518.251431343444	210437.30211877878
2141	2.584941031993367	2223.149585658702	490.7207894654176	8.675947653219225	-3.996074257846452	8721.272610115491	29783.57424550918	0.002095019698037032	0.01776189712856332	655.698271676187	1615.0223937137923	20612885765.479485	83036768036.94438
2142	4.060597746982239	856.8471971516444	266.6731301942222	7.54882040691967	7.905375527097245	167.1073468553442	985.496555611135	0.07256701494366329	0.37399569538551397	359.7882557335571	879.7525983820865	28546581.962159365	246229691.64391902
2143	4.135396555007901	911.0436282584863	265.9921242281948	9.018045414849482	9.253556770530686	253.50228468058873	1036.4057474881934	0.06958758417977401	0.2870368476763249	359.09526400600953	875.8801268555574	49701734.7748576	297765497.5230011
2144	4.523123373044655	1106.946699397629	312.796603684116	9.274554482737118	0.1094942736584827	112.84756075272466	4203.74647136073	0.09443293611022698	0.47625267991702586	425.6168721964799	1029.7324074155188	41123500.69092134	2369200242.9664507
2145	2.66278776503168	888.3832358043392	307.0995078681574	3.970364337876476	6.707098862472461	847.4674149710687	4180.573322136057	0.012437691912288499	0.11219167804820329	425.04274762158457	1008.7501000416989	160446762.40284476	1065955086.3411199
2146	4.625848239986226	593.8336907108371	151.7660494877708	14.41984981582987	11.9104941268519	23.040305695762736	184.83834935504066	0.2793874704803944	0.8149534339676002	199.5279381914291	495.3809445658863	1091825.2432833174	14301526.880889546
2147	4.663459180970676	963.2758096240613	289.5869907394376	11.21049576155783	8.70106667710534	197.9425288058173	865.2202848002607	0.05988654707710413	0.3319422376402456	392.2231597077505	953.5481322999648	47505460.952762276	302412797.1811
2148	4.691852157004178	923.9823360064958	313.7031703885576	8.969212380143935	0.6182506720488328	86.35203523451709	3166.155387218787	0.1301972162139705	0.5244890314520754	427.34713746931345	1032.9663113346223	17523616.90282956	1343202913.9728787
2149	3.493263430020306	979.0215371490262	356.4966703590386	4.589498957293054	-0.3037086955537895	971.0144775994663	7177.581664449257	0.023077190915152063	0.1591459931012271	487.39226247945146	1171.8626936782534	231789261.13137177	3726709082.6310563
214	4.136883371975273	851.5121498575807	256.7970610420297	9.04634084147748	9.452388717516186	289.31212217696464	1283.9564967580654	0.04058420977223164	0.2506080897882489	347.19851080829574	845.4897029828987	47692021.80765188	309763232.66084385
2150	4.178967060986906	687.1546168294619	178.1520204914654	10.99811993598423	24.73800094880886	94.716911540442	480.89394945666976	0.12124825655452191	0.5142565664664174	239.71244454180794	586.8737375119426	7898866.65430938	52722545.00340449
2151	4.415613855002448	705.2623634857317	230.6925673613546	11.35725999109026	2.619503795455051	13.669209982289816	144.63158567789787	0.4198962109701037	0.862484042877249	294.9786823687874	746.3391987370737	1218757.7659193028	23923365.352524858
2152	4.275748642976396	570.4392767741941	162.5843844908266	10.17933732190354	30.84220355206866	305.4387300186412	1111.1449384715463	0.030786454467525447	0.23670694670059625	221.42705413940445	535.432081449397	15068536.101398138	62097778.62624685
2153	4.365083345968742	633.3172070365938	228.0622788265424	10.86495366256787	2.058506206309276	14.342461657216596	211.02802539759807	0.42476276291677023	0.8367586803470487	285.68410543622514	732.7556904511059	991604.6522383929	25224643.37835232
2154	3.503670342033729	1928.458770051747	524.7647259598606	8.2061650124739	-1.730347237589764	3142.543937064672	15959.747901995308	0.0068961262407044865	0.052528787099676275	714.1499834793983	1728.8484530570292	5637262526.0106	41838760981.074356
2155	4.51052890002029	689.018356194249	178.7210614028147	13.08291470012054	7.1946766796424	3.602804151509221	14.299028011693276	0.8223152916073067	0.993173811222616	238.07297037053524	584.1211269705448	273596.76713480864	1626717.347128281
2156	4.650294284976553	1048.243924260503	290.3778477537891	11.02603280038419	3.804353208372714	407.2744889071554	1643.8024024066895	0.02867082170666216	0.19003907553593347	393.9719217721124	956.3638132539802	121246412.62079266	679090142.4366232
2157	4.602722867042758	842.4229477409377	246.7231377517396	11.54492930787372	3.46530520361886	34.80982011653561	171.09170104498668	0.19567999660580018	0.8022592695575138	328.3154901809721	807.1255174031371	5121571.212454388	42224406.539554164
2158	3.941519603016786	684.2880283013604	217.1501115476205	9.649102464448035	8.317660102460852	146.8605914980783	656.311398160186	0.04924943299375747	0.3819283336454123	287.708086722449	710.6313429277382	11834845.390101535	82278810.60415722
2159	4.649380464979913	985.084454069704	294.7755723283594	9.587448816200567	7.381696380282754	378.63779567293926	1887.7918999277965	0.04451867361335345	0.25399714467390283	397.66506556321826	974.033839616438	103630504.62734777	689153795.5482653
215	4.657617346034385	1099.848477498091	333.1033721732985	8.520937890905987	0.03135543120797768	275.63513628153663	4239.054866650468	0.027963536811525715	0.23730246914217404	458.8818337985432	1096.9639092626235	87895065.5568746	2621787497.7950826
2160	4.498257433006074	971.4260443301313	340.4247795900881	7.772108170337366	-1.383429654109967	307.2494055466528	6953.227852533262	0.04096490068779497	0.2530741210711739	468.27084863395044	1119.4043750487922	69412902.12049673	3711116602.518304
2161	4.826338384009432	497.3272627315159	109.915108934005	15.74778288018046	29.89730475924927	8.143470519069593	29.855852658652587	0.5688757091751738	0.9957954335685189	147.68086841968432	361.0639488556976	212569.71623622204	1102050.818255598
2162	3.116601634013932	601.8763302817048	233.6131305789994	2.870765582202957	5.621272929272657	167.8308782725201	897.9991418844312	0.053754188846867966	0.35425854872352786	326.53932058455877	763.9062987997272	9202065.276711706	87749001.07096489
2163	2.605875400011428	376.3368472633326	99.30271326785507	8.951147668145815	79.44797690855522	131.20260861896531	561.9519075764133	0.053961642159680336	0.4145375274566998	134.7103591865989	327.0546763971031	1679851.49523218	8303675.779812367
2164	4.150968415953685	701.361806625895	202.6747623213148	6.917095062195205	11.77754717270669	114.79934627798254	458.12990955008786	0.06632367699071602	0.4565937841842979	274.07475493052095	667.18698907882	10020368.358163558	61240086.62735195
2165	4.569064437993802	1147.704446935321	302.9087076742633	7.739791061954517	-1.28814823670132	782.5863361984611	14264.385527371029	0.034722433178811504	0.20382838281851365	410.80928677946156	997.9504894954018	313889490.3086732	7363541906.689784
2166	4.272503615007736	526.4819836574709	119.7688151008812	8.754082699403014	16.59667649644667	19.020462831620662	127.67076830854168	0.37306252988646116	0.8558387013215223	160.78879704539446	393.5561842817366	663805.1601610855	5781663.686780122
2167	4.007970092003234	223.2756112296398	41.38880634625549	15.84035395799378	137.282965680391	4.555347669913269	16.338356868833877	0.7686704653314189	0.9995988058662045	54.5448759980566	135.61439682612288	9237.828490564223	44163.80140131467
2168	4.130117426044308	666.5831826614323	220.3903830487343	4.15649236582078	7.215172157419145	892.0973862298505	5090.749467846736	0.02529415228688189	0.14854563524391684	297.7884837844432	731.2324252669882	76462702.97464848	618779551.9621407
2169	4.763633971975651	483.4984365429715	101.2537050320279	20.69653846645917	39.01838537638243	9.328854360251086	30.44347160221849	0.5237141725779801	0.9988584581759827	136.41193770848014	333.0270385618496	210988.49465732634	972265.135287055
216	4.537797131983098	1149.003249978319	319.0944147991712	9.664092012269366	1.787925264748595	480.2253795689699	2036.655377923749	0.020789140624656758	0.15640938208416427	433.57297566565705	1051.3845529066962	184154072.6652454	1185334462.39155
2170	4.636389476014301	809.1440012601716	250.7385145625126	11.31953027487535	9.834602979719016	115.2225072901678	741.0362626204796	0.1331228357840384	0.47238254155609793	337.22069569328437	829.4817122463884	16253688.844806131	150873025.7284408
2171	4.591596790996846	1144.554756017226	324.8190194053668	10.55820537950063	3.060234951129387	297.92290358391205	2269.174254225621	0.05364630480722778	0.27295746934087656	440.28282259611103	1070.0892609050038	123200966.5924477	1286557590.6290102
2172	4.081634027999826	226.7437119244036	41.03094159974983	16.89768671013431	92.98030194441249	4.014569107342221	14.334374259915315	0.8095554482520562	0.9991973144807721	54.95445047103891	134.74691530602726	8310.00782299389	40923.78558069521
2173	3.973057609982789	386.3701473826921	94.07222827395123	9.286323680188367	22.5162362240297	21.938579552971753	84.67489478613676	0.2916087026143331	0.9364606927116123	124.22484719889593	308.2226177079474	276086.94976581924	1573715.9248819337
2174	4.135830826999154	413.2593663513334	99.43459870444929	9.889598372223453	16.57785569739005	2.1630609190488332	12.030102590072856	0.8758012983684313	0.9985944403626413	133.47229893825886	326.7169381200698	35217.88796685266	279270.2526151969
2175	4.589289458002895	901.3224842126506	293.3694687615154	8.3095400052143	4.327577499910939	180.46521196900102	732.7746274604389	0.04912456633422734	0.3419453811998349	397.73671497571877	967.7922331901707	34480657.78232145	231055428.08288023
2176	4.380443028989248	448.3788808227081	112.8972979151215	7.034314470934248	30.05332301876854	30.69604092629618	109.30891617970121	0.21337145282443054	0.8797880476741736	152.00123672027615	371.2822216507893	656198.88389393	3119603.7304717987
2177	3.777336774975993	823.0098452669638	219.5829922926278	10.92208322104307	9.680228856424463	10.896234118957674	46.02591326377943	0.4732368396724829	0.9732216889539411	291.47540149932513	720.3932728337634	1402921.9609734525	9287885.737312388
2178	4.315121010004077	532.4234876899774	132.7141705006346	13.12163055805312	43.59775550403244	140.49382297939502	548.1618605764785	0.06072659820657059	0.39853277485738486	179.6890170351898	436.87541589595253	5351005.679900426	25144158.88745406
2179	3.699621771986131	432.1290111142466	114.1369652759487	2.923117203257995	28.06124660653133	174.69017768093266	1379.3692882968155	0.08379457276448121	0.38774863952054145	152.98027055378265	375.9202140531966	3730990.668734273	36653676.8620194
217	3.908010275976267	1012.496158947015	388.0727265474412	5.267972878463408	-0.5276207071892458	2608.4363249978232	15806.081997081616	0.014778943522156227	0.10679317849265325	558.9008690589623	1270.0360409086222	795766489.119851	8652040660.750849
2180	3.937671335006598	825.0420469095964	266.8534059505026	6.162990875815211	2.701643683171021	249.56366802390622	2079.010076676249	0.08590165376463882	0.32826946606123386	354.5428463871125	875.3203152488776	37173661.03538039	587792163.1040947
2181	3.964145141013432	939.504465022347	293.5006047177324	8.723613793007218	4.452847342184626	261.51546603130316	1132.5230558258593	0.030054711109969764	0.23665438380502893	395.1834262820362	964.8546296678633	49230130.87444949	412512674.52555484
2182	4.450213748961687	547.1646585963415	164.799369558791	3.718102729587592	14.43959677374057	202.39944698396238	3463.762335697495	0.08573050902407175	0.3591722542382534	217.9853371579489	544.5100479805544	10567490.453025844	182464105.9893679
2183	4.628025801037438	960.223581474892	317.7435082808945	10.63712765551162	3.014934413659286	308.137701961845	2097.6682606186164	0.07643206195299208	0.33209606550781146	441.4812257746696	1042.8519705784684	75177889.81214963	874145691.7321119
2184	3.874455886951182	957.020080245366	318.0831404441874	4.993058689116215	2.015397019359328	509.9689141573723	6713.687340288581	0.027442869668233658	0.19674381880792918	429.57469821432596	1052.2274134736604	129184726.54070859	2656792442.152744
2185	4.491396969999187	1158.534496175697	332.301311672866	10.68467949524445	3.113161423447656	242.51705766176272	1269.8735800807701	0.032282347903312726	0.2636616267171876	451.31496650867837	1095.3657743806436	98346742.18034583	787933364.2638626
2186	3.974022128037177	536.1223356019469	172.2386017402416	1.816099075419141	12.34130073413427	3589.9048126192097	11955.131579811996	0.003008260877938986	0.028261431380216126	236.93079570103276	566.14210868027	157809679.60235077	610589193.2203931
2187	4.286723258031998	575.3138716150186	184.2427637276401	7.969241314542975	8.273922592606732	108.4172478663582	1091.9501959237673	0.09225802046141314	0.47947629781302886	231.54999886301937	597.6680986724127	5058219.745235641	91863249.66397916
2188	4.359894044988323	711.7113774245605	236.6982490407697	4.658369668628199	5.575486528316803	777.7813460094569	6599.368714630578	0.01696268670834243	0.12226327880072972	316.5582182960387	781.2861760773192	83374432.74115787	998253388.6852326
2189	4.100192075013183	1047.254126160114	289.8247096337445	6.814689164760896	2.559193144221617	246.64793184009727	1044.3335353782184	0.045325667858262926	0.27029574319180294	392.8605537155961	954.6364905820449	73162591.91358554	445658814.9623693
218	4.545992468018085	1215.367223152567	321.3728673791786	7.978545640347449	-2.086794572621218	2382.182676056706	24191.37783967406	0.03830486780545454	0.15285138058038977	435.9626983262508	1059.1950218989641	1135784459.8145528	13678066778.402641
2190	4.155658462957945	581.0019650930146	150.4842289350487	10.9072534684037	28.26727213566308	53.104927623794126	288.94260985686856	0.21624026208608887	0.6592032388037141	202.23723332380058	495.81938653285323	2666349.1821825653	18506757.743272897
2191	4.52356930100359	514.5168022642285	118.3841223650691	18.70325448378454	23.35105495639874	4.032281951787558	15.683939323082791	0.7918052188859821	0.9997314127959249	159.9143077623266	389.50143740624634	122061.6286652116	669186.9917026749
2192	4.229203633032739	469.8764421739967	115.1059883821752	12.96479325448708	26.79469601497839	39.83297910250691	214.82114858686356	0.20542362452010737	0.7543375549664891	154.42965047898508	378.32187200158756	980737.2237598182	7454520.596546752
2193	4.171346349001396	161.0549083630133	31.87653392094357	14.86456955319152	67.49477217999424	2.3968747338443004	8.97391507797159	0.9193755587360313	0.9996356601899439	42.071986062597915	103.82468890026684	1893.597793934186	9519.71481378889
2194	4.569199839024805	1152.037964888067	368.6130043471089	8.632551673263041	-0.5299376214582772	407.4381550270635	3880.4717601182924	0.02343925629937765	0.1964940343670764	506.3624620936241	1213.8105487415373	168998830.35645446	2765705018.2983828
2195	4.439088370010722	990.2388897332951	341.0821433628988	7.320365436415907	-1.054458956361403	1242.8887248596357	8746.384504785456	0.016627215811472185	0.11341880224815154	471.3578804992352	1121.1435679579547	317637816.09391564	4386973285.039188
2196	4.493405197979882	628.4746791522714	250.0822823237845	8.956583199221718	1.293799123923068	19.073795848455124	251.77837533620348	0.32706716342277586	0.8444412611610387	277.21457622309646	810.9345278363005	940952.6248482772	38941613.53028285
2197	4.477337958989665	1302.114329644625	305.3917068809865	6.720010281579466	-2.830388256163971	8129.172442698787	29809.012096863047	0.004933822901863423	0.03838168099248131	407.473186614254	1005.6092015539219	3959044202.5128517	17492063398.307663
2198	4.238102720002644	728.3943160623988	250.8546259735577	7.663917872117627	7.679629371840297	387.62208230350797	1713.9681883475662	0.04235824801420684	0.206623935686347	345.21115956828146	823.2624989549115	43147251.80957272	267160635.61897936
2199	4.445142515993211	302.8949487955975	94.49612892499893	8.49061767731554	39.9543959365973	9.475458671104601	110.37880911893781	0.5092798668357009	0.8884844866303095	125.10282870445263	308.06555452797056	38438.097575565494	1331213.846653279
219	4.284288216033019	1116.957478001807	315.831116798794	7.605435301750815	-2.55405014643429	2614.6587076687515	20176.48269104056	0.006991110629339309	0.05094308378878112	433.116996892752	1040.849258041761	921353065.2792041	10156548718.56951
21	4.625590433017351	1029.40835128448	337.2985341394804	9.678075487075594	0.9231091524571104	198.85716976647606	1406.3853506329488	0.10081858065467268	0.3620274180776415	459.3441395475203	1110.5730776422258	60444140.93990857	710178572.7241085
2200	4.57480536197545	971.1301216040247	298.1562572455839	9.649155008743351	0.5467944199016029	212.74923246374763	1900.6795910004082	0.06030057703310085	0.3533190880789485	403.0768029240252	981.3708420500748	48954433.304420896	922753483.1554931
2201	4.757841062033549	578.4083372959971	139.9521629113462	14.44695537324135	28.87803348472971	23.721840769617792	120.44664586177254	0.2775804250627256	0.8763215981626037	188.00047499729453	460.56661913800235	1063570.7767302897	7489820.423003107
2202	3.391158376995008	340.6041672147729	86.82151749272928	6.143400925000986	31.89479000726306	159.51164834156324	560.3477324614537	0.04657800709722518	0.360910425294734	115.48845867424495	286.5244295432967	1485804.8030761455	6598377.531897032
2203	3.701006613962818	338.1505096473342	79.8187770512944	3.628617360799716	48.83268354053281	34.6315206430602	206.2021647591751	0.19995647775144335	0.7653226802272615	102.42156883575575	261.55310634197883	284860.5632641308	2410666.2456363775
2204	4.380941900948528	1438.611148935066	309.5935847844596	7.37405959502026	-3.442068530055966	10167.00927299911	32407.86653142614	0.0032795639855504473	0.02888770561098139	410.0290228521176	1017.8252611318849	6301048725.006652	22598124828.420403
2205	3.621353598020505	511.2548717497194	167.0403031005041	2.106613604365144	12.93780248690317	3176.9441794521385	11699.53310851957	0.0048153265402524	0.041533911055531274	228.10853026774203	548.1964029382607	110746078.3674317	530584838.0628746
2206	4.749735938967206	773.8974743009803	214.6234030083561	12.59053727737789	14.51248280397511	71.81682279608609	342.5577563171335	0.1231647881268735	0.5960937826388718	290.49118465374113	706.8750214266169	8835963.85654141	57108675.01354407
2207	4.626709733973257	1129.713071651611	313.3851112247604	9.884575649384399	1.496313928110321	287.937816508482	1867.9492622002028	0.028624015336666003	0.24116613962132907	425.7151246677971	1032.0217262841823	111947725.50230801	1005976812.4565537
2208	4.538304827990942	493.7402166641235	122.1141393051685	14.03420254641549	13.77048783015876	4.639745630652845	17.236339983885763	0.7677502626858612	0.9971152653315252	164.23207808223384	400.86341004695873	125883.19424633557	709299.8537748725
2209	4.501573072047904	970.2767252902404	310.2446929247822	9.345323160080895	0.6562079978164812	61.13288139062981	2180.741975795794	0.14957392795769603	0.6077110048807473	422.04206893708965	1021.1578569669949	14708039.912919957	939641391.7140552
220	4.171635087986942	712.0754038516134	204.1617260092016	10.6929484879033	15.35746096245443	183.99334813817111	1006.7605631832249	0.03670713796239866	0.31384016960449973	277.8618424794149	672.5126439769992	18308956.910710495	122016247.002796
2210	3.624325836950447	199.2023827289959	47.59957279608108	9.21290588601319	153.2641972119274	37.287115117276734	191.21277724818077	0.20187393558369304	0.7629054987307615	63.73987709002441	157.78983430177527	75438.24491668218	407192.3688714771
2211	4.301847540948074	681.9541180880682	191.318266233697	6.164468445285184	9.611081774473117	76.56991459651927	844.7839160241547	0.13564698479064327	0.5646626059200625	257.2161484095976	629.7173201084381	6562127.266439239	93271456.34265718
2212	4.450574604037683	305.1463524879809	66.96125406123348	15.29800816490086	126.2300442108628	23.603559429585022	96.60939604794955	0.27494053586021094	0.9068301687129358	89.70149344747023	220.27812030869703	153590.96585804757	724853.6191122881
2213	4.044988680980168	903.2577040348995	273.5958688690047	7.863574188048242	6.256957245292201	238.71027805947585	1610.5486018454214	0.06014985364923701	0.3377007163529439	370.3824297878548	900.628958809149	48423824.95403409	470538188.4331463
2214	4.633417283010203	969.1420257980196	309.4673799803432	8.189343656451749	-0.5044937521372552	69.52273847167005	7118.558554077432	0.1419244330078597	0.5528849448586883	421.6643302445591	1018.9113459237353	16287435.354785847	3312338888.079681
2215	4.177783200982958	530.6686238904466	159.2162255893678	9.259282326110771	34.46199533672402	112.76261017946842	554.3708222049295	0.1026416314979805	0.4688880081398945	220.47372123255923	524.2695475736941	4455780.3475852655	26463332.503695197
2216	6.32045645697508	252.6418953407493	57.06607861319318	14.60622680601369	39.75787357310782	1.9842346074170696	6.995656427300508	0.9554488680387605	0.9999085615358504	76.84806079562162	187.80662481860796	6919.396130428945	34131.160689136275
2217	4.249025393975899	911.9710309050706	282.390363945873	8.765819232933357	6.360748382149157	447.9951427666659	1801.1992596741502	0.02784743686277479	0.18412329319740298	385.3597005445581	929.7214023882716	95612546.97307847	500434970.4470005
2218	3.23942147300113	229.3047838868877	70.59338003909909	3.364837993827372	14.17253526297168	16.575367767894765	69.28817053865704	0.3507457622302189	0.946322991769399	79.23442599630945	206.80071917313376	40767.01006467231	284882.20908255375
2219	4.270180690044072	734.091488417545	272.3583252372479	9.261193693244737	0.2327294041880474	32.86132350020358	347.76888187011474	0.21827006103450858	0.7706145596912016	331.7493937993628	904.6973278498924	2856858.0708929054	93284105.06559095
221	3.640692373039201	937.4288567056717	303.8489132877942	6.760519899797526	0.6752856082156922	40.65269341235915	1464.9904099198563	0.1858304551397129	0.6989067931467796	400.59870574372655	999.759820303221	7956398.652658297	652929636.1424634
2220	4.089110254019033	699.4231261451412	224.5128076595312	4.238017016286847	6.518346502630813	470.13692941461534	4789.933177410105	0.027183773640034974	0.2121632373044091	301.07140986117577	747.2602519322182	51903411.645549975	667847073.7742236
2221	4.611567492014728	762.9911467688455	223.466967804668	11.19210700424997	5.956005626028578	11.782308610987128	97.66202189490154	0.4544249029712813	0.901613012543429	300.3716999596869	733.7413611315947	1348407.3352162805	20029288.35654659
2222	4.07591026002774	476.7427972923203	160.6268146624161	3.949658670252912	17.44540671172212	95.40490060513	1430.8053809186338	0.10982694366871106	0.5102770653868537	222.0176761192734	528.7136870054912	3216270.978444696	58671176.23655158
2223	3.634549651003908	713.0484502091175	249.6215664336974	1.664846811347212	6.876600849188479	1432.0650023165729	7512.351784031394	0.009395657257685224	0.08542655112179477	337.74229735875804	821.2166107265855	143127589.88491666	1054733361.784118
2224	4.633787204977125	739.763583817848	253.5331489435642	9.697178170174446	1.479623882934548	12.081064590178464	520.198141752011	0.45851475781223044	0.8162137061141523	313.8551222097195	827.256885839532	1180092.86507047	125394016.57340755
2225	3.214439585979562	685.7255361642284	246.6863459908155	3.942112871083536	4.362045051926705	263.6627387066031	1300.9492585946346	0.03619131677976758	0.2630406070561772	326.1108537276924	808.4639057705893	20930689.540083557	197876534.31307074
2226	2.747163722990081	659.9836210970943	355.5125940640813	-1.518773047112897	1.609900849144023	1457.0646587722788	13445.517608266106	0.010549943418369524	0.09080187748066056	580.0724861163245	inf	99066560.59601212	4642540468.148933
2227	4.055006187991239	1065.978077555518	333.2695123682862	4.6727831833292	0.5554798366496083	900.5715290580993	5516.651279263458	0.009133528219596546	0.08629970952862563	455.1553526033632	1099.9770538740745	299087152.9839947	2594695737.4252195
2228	4.567329648998566	1264.222038320392	327.1553812113593	10.51707206649945	0.3528933198629968	496.2023282712507	1941.6529064856218	0.01755112639238052	0.1474892815138808	443.4735602464591	1077.211466433378	245511414.6115983	1360348815.8644757
2229	4.669923253008164	1027.576242743878	309.1144146832195	8.244825418324723	4.331689297644296	469.13457060502583	1710.33886833828	0.03194811545929705	0.17117503237123702	420.54798012381514	1019.0921747211916	135897447.28190067	714323775.9904372
222	4.083129561971873	536.8829676739851	192.5937939369372	4.991702578029305	4.882099205876494	55.89558500349165	1398.7837472997696	0.26981894912356297	0.5790811290067857	239.11089548337839	652.0867637338463	2244722.747801476	132214965.12623967
2230	4.202520367980469	1369.861749750129	324.2950890469369	7.121652163099879	-2.760937040616548	5391.942875268228	28104.587492620703	0.0033017538411204738	0.030868251432690653	435.9861547242251	1067.5490249093511	3426817943.3105235	19759898678.08147
2231	4.133937484002672	662.6420069265814	159.6259819859402	10.84184178102923	25.37154120952844	8.367845586940138	68.51287038021589	0.540100200608845	0.928397948682403	212.42158198872198	524.3949111460258	612874.53937421	6800961.690968167
2232	4.347024091985077	1115.918213380372	337.1290363022737	7.930595571590056	-2.88569975066475	1344.0498526272136	22940.385160009173	0.025853176236895037	0.18037659594773595	473.87515761385407	1108.9615980961112	555391751.270632	11168910615.86178
2233	4.741759917000309	243.2278230866008	41.51201112643879	23.39510392525445	123.9857707516515	5.137628971669272	17.76240846588455	0.7387932087317324	0.9999798808353426	55.53120229667542	136.33224593793904	12354.109284992554	59221.19516906406
2234	4.250183862983249	331.6348763159867	65.27335754322127	12.35950157672828	53.04706014144413	4.441266070222983	15.632595006193498	0.7829863189287632	0.9997493812979271	87.88545299300472	214.6553796231865	31362.59742642543	153164.6493504646
2235	4.388155423977878	1109.712659858315	391.8161967629122	6.597185050435541	-1.454898845581742	711.7637177696071	15093.568780381027	0.017884679374783594	0.14453988126905257	557.540459890437	1430.6157977452565	264230266.65472665	14333914030.916521
2236	4.646469277970027	409.9200899391817	83.73690596702886	18.19822429669066	38.61147556412982	13.298514527218153	70.74649941659581	0.4220032422283325	0.9461564558435872	112.21519423436297	274.98999350132647	191147.0209557027	1363622.9203122344
2237	4.195113225025125	863.7174430676547	251.0482211280721	8.507046683875473	8.057688441181476	257.9391006281036	961.0047013576842	0.04215519879015148	0.2592000106779168	340.30592216559694	826.9276942094158	43710111.52067543	232122502.81258067
2238	3.260578158020508	2023.012798116491	384.797909850391	8.714238010232961	-4.023359291166528	13161.443759552283	32739.66769787601	0.0012522881487065643	0.011302767374339117	518.2484209638087	1266.0822710625005	19458840378.155144	59385211520.25601
2239	3.905109669023659	400.0990663492296	82.35226645076327	14.83105468337585	39.34110619386634	28.019342760499544	86.06462560823523	0.21354384688684558	0.9346710078277166	110.2407383817278	270.53374102931446	347270.7894876964	1489961.766752271
223	4.430261109955609	1276.171017877316	290.1887905413118	7.545697030540609	-3.182879454919927	7436.97219193182	30022.68581285336	0.005960233388157968	0.0399270402143835	389.79042189061715	955.7402982203222	3525663570.9751945	16121270200.42736
2240	4.383929832023568	1231.914889205531	322.7196397361374	8.670905749628158	-1.10074274835041	956.5552882420884	12371.492373353905	0.014879285759945262	0.11780656572217024	437.29154121385716	1063.0245053938597	462867948.982872	8022974962.789976
2241	4.329459995962679	825.9485754244467	272.1394977251888	5.145378544668255	4.619861295987672	850.12641060645	5164.794678931886	0.01762691484073909	0.11966151003048063	368.60282813464266	897.9369317114146	138493019.76388165	1233104949.0700402
2242	4.539144109003246	1239.436227640084	326.7889729090058	9.30257723637423	-0.5244583557455339	1478.1791534192942	10350.24944241824	0.03118091652300441	0.12464114255814887	442.26916788350195	1076.4555516890068	705656126.0102891	7339556386.236967
2243	4.393946811032947	1137.232668208377	344.9414710963794	7.299196620933936	-0.8607519543031987	106.74887698434884	8256.476965053665	0.08889095956381571	0.48648962656129385	473.4253562699374	1137.5960432689722	43360863.188665636	5311556276.915629
2244	4.928862640983425	267.0378264943362	83.4004165439116	9.78093876387278	45.22845615473079	65.08347923610236	227.8700870472142	0.11279949150748161	0.648033085884386	103.88820347619858	270.97725523310123	272017.15483086254	1524705.713877835
2245	4.588472139963415	1028.268649888625	282.3838831476298	10.98047094880971	3.890120204377479	230.28921148100534	1546.1597450924644	0.12501915046715298	0.3620164810764767	381.5394200872531	930.0221319564033	66837517.57942182	631076194.3831427
2246	4.655663327022921	552.3233571167495	110.7699398100154	17.78792292595411	35.43404526161981	6.451345784456297	22.139467812455756	0.6566231627799886	0.9994797793511329	148.88885087095287	364.16192933416556	210696.33628508562	1004062.7512181123
2247	4.802194839983713	470.9306570048582	108.6284571467244	15.32464586102003	30.00139404799032	12.504890762694234	68.4386332426002	0.4321976148658096	0.9368901921255989	144.8824913575333	356.4197223355833	289753.50694200146	2306505.054711903
2248	4.398521034047008	648.8718682036761	210.6951233961142	8.592943691552243	16.35831438560852	391.67424320092374	1480.690517287989	0.023100267733344712	0.18459986712479554	292.9575795174301	692.8098158168266	28811095.939076386	130192079.57190843
2249	3.889138758007903	895.1486186051256	268.4653777314002	6.950749641513308	4.009800701807162	25.070273944836703	357.28367174204436	0.2912997061655905	0.8103227725537171	351.818285511431	883.4287704521132	4131790.6976854485	124629320.5071187
224	4.183243334002327	842.8338276050937	275.0422715368661	7.796120508395775	5.156478751808075	563.3261518216306	2828.607837734278	0.025375203015097353	0.1772202816213391	372.8993258682491	904.841039760968	96994857.96395874	675005565.3027936
2250	3.978581793024205	796.4774249620091	286.7566133077389	5.287741059298073	2.673716263205046	514.182738813081	4946.715737726419	0.023291158884005667	0.1577647659633704	384.2547011771203	941.3884679527775	65477258.84159392	1385824511.9961987
2251	3.392074592004064	1396.521145556854	486.4738785013336	7.38204995269683	-1.144246221453686	1828.372459292296	10655.366176021982	0.014176985723476596	0.08562296473442046	668.4626986166472	1599.4792021418652	1317453310.1060123	14611401178.984982
2252	4.124403588997666	1004.448556644217	339.6557581091956	4.432954960175088	-0.05644035056944174	3659.9353061095853	12780.26157106865	0.0053474214722464995	0.04194654104439898	465.95574368763107	1120.8940573381958	979896788.2526474	5810308198.384374
2253	4.419675140001345	590.3353811065824	202.7493706835183	3.451731604490698	8.883549199860704	1383.9407462993204	6950.837785418666	0.009253582197190717	0.07889585642571778	273.65118551355766	668.0287253952906	87663605.03703569	542353340.3695967
2254	3.218116084986832	1629.448679879643	316.7553362963103	7.797962205931501	-3.88963827952135	13104.019859090984	33353.804647732635	0.001135802985474614	0.009337525466226829	424.99707531574904	1041.7298810560644	10427306471.97809	31571173531.011906
2255	4.320659356017131	304.7516587422495	87.09329463631846	5.38912371183379	34.265075206555	11.415793427475862	121.46340040519124	0.4675352815160808	0.8813869620276964	108.35942723408715	276.57749117339523	75652.75587672714	1237448.0905629261
2256	4.148167639039457	867.1591054376896	286.0364132050597	4.727359937783544	3.42226339325459	586.1642115478695	4911.172846767145	0.023414841137308334	0.16341187224749476	386.35972200905405	944.1388104079363	109880238.63553424	1422648312.5245774
2257	4.863515769015066	131.3536725383046	26.7683398178542	30.79772559649719	671.4739563984307	0.3786477393289609	1.3213518562377382	0.9999938167620898	1.0	36.24597847958918	87.65178448933784	167.43413361322155	729.4273019830638
2258	4.627952881040983	853.3018239360531	275.6167388322843	9.358177269462141	1.193417363286807	35.405939843642386	372.2072350595384	0.19679876822961745	0.7542634229178309	358.7815810209946	902.2033509033878	5320663.056185519	113781599.70747113
2259	4.623639175028075	773.4836390768878	221.2612279875453	10.25772891134476	11.48778713182265	84.95985072764506	313.2675261294918	0.07785529211934401	0.5578782573319251	299.3920132494419	727.968519925718	9716504.489489775	56723261.42420976
225	3.112893146986607	697.74368613032	239.8478986420712	3.453339156798492	5.187968083689817	350.2336056736634	1614.0754996743551	0.028108535705924614	0.21573193656777698	322.8623091653561	789.7936012407099	32602448.33334661	197553834.462018
2260	4.030124315991998	995.3814555563242	334.0465134559427	4.312215764220573	2.153954767233676	1802.7383056682168	8397.91888527609	0.007458779487519787	0.06419975393030873	454.32449192852687	1105.1711227416354	523195537.6296381	3518118522.1762996
2261	3.304496702970937	1907.413259377236	372.6504397048296	9.133013544043937	-4.192348167491001	10562.227754383091	31081.183049603133	0.001189597750249749	0.010941405022535662	500.77937830926726	1225.909243956134	14210597485.604883	49213221589.679375
2262	4.218210112012457	896.6730969545148	299.8234416121575	9.528483681677898	8.581252425672083	548.2091571005134	2034.4829791784937	0.014947840741953225	0.13166245307270913	418.28535536381844	983.7744906787532	104427015.7388215	495175753.37553835
2263	3.68622839305317	267.1524874678699	69.4551337623241	5.582208634619185	30.68112624159452	141.64341160657125	451.20760034201305	0.04907486671535581	0.3883221513922046	93.89100301801523	228.52657720738532	633318.3861816181	2706112.4734235443
2264	4.679746078967582	735.0756258871562	189.7813898671269	13.622605626504	10.1148787431689	27.248271197904714	92.56081473338551	0.21701713969785205	0.9160861411013421	254.65811098836173	622.9711700891346	2447353.639078946	12709327.193347126
2265	4.54180314700352	1149.141397405655	320.0102021243803	9.238897269989698	0.1988868644298365	328.0860779336282	3388.6451857375523	0.04413409743995983	0.26740143357759316	434.0287126889791	1054.21160843679	136705639.6196518	1857852275.6809812
2266	3.700095331994817	274.4216137745665	76.22721377667716	6.169453296545562	23.40329586361445	35.5584958482896	163.77554537516693	0.20012019125132946	0.7968077889436728	99.6649941155845	247.2589677536194	176172.44793360707	1123981.9394542556
2267	4.527017278014682	1036.46990196175	309.27725270397	8.415480937409404	-1.495438895707358	979.6196523505106	19677.17905015542	0.020204438728718348	0.16044223822175208	429.4652285680236	1018.8732426372536	296774776.6963912	8115089344.668442
2268	2.600094687950332	2584.447140553412	483.7578328732601	9.8788194212547	-4.565888339788954	13546.230086872403	32958.73688020346	0.0006988182892380537	0.006680074109876698	651.9328651474852	1591.5531886470792	41320798245.368515	123064002064.96263
2269	4.514768067980185	689.1314487851871	234.9701893745894	10.38130182945095	1.974484734826688	9.343256032431048	220.75782659232826	0.5161299430557825	0.8459640061535451	283.90541074597945	757.2024492753378	706270.3707436146	38993185.43046361
226	4.556925541954115	855.7062736077219	235.754632054077	11.71103442175479	8.073090936465595	20.348572511962452	424.21047479315166	0.3621963017091054	0.6915151215880958	313.44847404965503	774.3132214042259	3614514.1261791093	101002298.39702263
2270	4.182180586038157	782.0058263793437	247.8203833548815	9.282058153210754	10.85132600540575	331.97657296291544	1299.4166628811392	0.024664940255417055	0.20085067181866417	340.39896160984154	815.557295279945	42964377.25703831	208835920.627437
2271	4.536812860984355	1123.68280221641	267.1788638030453	8.013112183108412	-1.516672757457549	1034.7865563431658	12889.253248972384	0.013526806917318987	0.11370842677123592	361.47861634715605	879.4743649838392	351319768.59106356	5722217142.265507
2272	3.505662581999786	319.4986761833082	123.9526449063159	3.792094839318137	13.82311451930839	128.00991130334972	831.019131997434	0.07185716142114243	0.44119653543357734	145.6145635509385	410.2404390345254	815746.9276078057	13739863.975242436
2273	4.065925756993238	722.9132693941904	230.2687417607607	4.928421513104633	5.889823970144027	212.08508810636047	3762.982778950548	0.09766005869966506	0.3831993994652377	306.6412577981738	760.8686505564061	23348711.915939555	626337019.8428985
2274	3.669106075016316	621.4477502880619	199.3385909773923	2.432352371732952	9.15817307037941	792.748286496488	4765.739910567881	0.019396914909511422	0.15470844388226435	266.0458587280121	658.8580471023943	51493405.56896911	472399646.8973286
2275	4.529246087011416	860.607474012052	236.4650362702037	10.70832140325091	4.573680490435424	14.25071526131439	143.4977518957334	0.40862089027793275	0.8705842622307637	313.6233653747803	776.6265725271608	2217533.7278043395	38740497.71899583
2276	4.581228760012891	1039.36145274087	300.3666799650563	8.674030233528192	5.083349162636005	318.54197537377587	2397.2646688535647	0.031694476863368196	0.2573244725219174	407.50995587966736	989.766999226552	104960533.19203663	1021130971.8820754
2277	4.104471878963523	787.6589898064891	368.3498543509938	4.046303046040673	-0.8946027941415879	767.0575801727425	15396.500357719719	0.04604526244725219	0.2785638975059518	585.5111905335463	1180.957472311982	114918843.54539251	5961444031.604088
2278	4.561975164979231	1328.939468559288	344.9796902590269	7.682883357910273	1.099004003936112	796.5541139456035	5626.370689957579	0.022999900426928212	0.14019387380743945	465.3213699299861	1135.7431751547542	483670457.6278295	4437706004.605754
2279	2.825310938991606	2518.852004941235	624.4662786482533	8.179834352635723	-3.597244219278859	7312.94975632372	30331.18388350845	0.003676303710410009	0.028533411482369084	823.2303484032868	2059.9643752458414	28020020746.21501	131184234695.86891
227	4.613336671958677	511.9840762086548	133.963872796307	10.92612540755234	25.04081732383779	10.031167711771106	90.8819963055288	0.4991878338411267	0.909268032186771	181.13622142787403	442.0413101390846	350783.50447339966	4333293.033391217
2280	4.716018222039565	394.9199176679133	68.60157300528029	21.60449637753812	64.99931986093823	1.9382895865732137	6.717208641661552	0.9632828080392452	0.9999999375012746	92.08346945933727	225.45717307604502	20637.40123307656	97721.22354625654
2281	2.623732145002577	239.9867767840888	60.84825225251046	10.00298044073742	163.1225588743419	81.95048082632908	266.6117118046287	0.07881537088765436	0.5727195350972625	80.84951229754171	201.1070454058065	247468.87330377844	961773.716456371
2282	4.568902744969819	1027.791182693814	318.0120641661759	9.800129564658453	0.247096773604119	226.0590301716832	3028.163762835167	0.05910937675198433	0.31382559521732345	432.2165720662582	1047.0597364933774	56868732.634926565	1602131487.7336748
2283	3.269064874970354	1677.927006261933	328.4429782675638	7.827821516433554	-3.979155429049415	12990.414071776675	33005.30204559493	0.0010590004498920301	0.009187204975111878	440.2830655244388	1080.0230664605306	11340968449.85058	34546157959.26907
2284	4.442027589015197	1388.096841279752	372.0584396164497	9.591945280663943	-0.4769220189024703	140.85216126528235	7135.536246358995	0.10544066962702776	0.4506247323643249	506.2916493967234	1224.7795376830304	111983162.77282366	7175193718.30825
2285	3.962906527973246	752.9794957901742	261.2235607153862	5.922226708865631	3.72383809749701	409.2269854059372	2821.9455629398094	0.03006932231721451	0.21303192774295263	345.7099000888261	854.3571600237651	44873602.171446934	627977387.1762087
2286	4.394841337983962	682.2018011254241	222.3951993479208	4.751510869787871	6.945977115884332	378.3205798713875	3559.321660339049	0.06160779426442403	0.30332697289096217	291.39399976328593	729.4301032433141	31254000.774656482	490249249.91890067
2287	4.603314947977196	1264.886800797834	338.5928970599646	9.081325187842019	-0.9080646518135259	727.7327172417139	10049.652119630437	0.03131897220157684	0.18795442296598938	452.6113237811155	1116.2538624498877	388056722.6603893	7099764783.772042
2288	3.93930117902346	610.8525576389023	246.0477245131248	7.52519030486755	1.285392228455102	30.77663660953005	337.1514995274566	0.23021366377327415	0.7662811501568181	284.98875485898463	801.0085536547942	1419723.851983587	48911886.18445573
2289	4.351846111007035	794.9563899813837	250.3562609783695	5.409107527854888	4.281523445853227	151.6721237296802	4098.838084348527	0.05901048612967975	0.4096700761471276	330.70270161972735	821.7060203931862	22710288.97925641	828984782.2983693
228	4.61806632700609	846.4436647793403	248.1507464790384	11.03822767116614	7.070665211743863	130.4662865472532	516.7991386468076	0.07535407740213687	0.42041768072822616	334.71485055868584	816.9824256841978	19941895.344198138	127440286.07150169
2290	4.134955462010112	1073.315466466617	334.8689762296393	7.083225941941959	3.458888472480177	833.3468030533443	4575.648740448931	0.012233158271787663	0.10678053030737683	458.78365850404066	1104.8269713656878	292631551.0267932	1964767521.896568
2291	5.432826691016089	217.1570422263591	55.343842460451	4.403856099838379	89.49883074594648	76.65198770492428	549.9849930825203	0.10263268375793651	0.5715204930994493	74.24360681120513	183.27202902918552	209856.67508493242	1525253.726121062
2292	3.991379767016042	707.8057691725149	192.8242497590691	10.14603235494385	12.42165640924837	25.57513194399857	164.82208723308113	0.290953704890328	0.818886947374385	258.7262971705385	633.9671131184847	2360671.770897712	22388696.64351687
2293	3.906251534004696	694.7961404787654	228.7471676311925	8.889880206487181	3.307782938788054	52.98498229513185	239.35697365941624	0.13645313875094056	0.6953729568468724	304.84878647220603	746.6846340751864	4665924.49112967	35179976.301962934
2294	4.524472682038322	1163.389692527435	295.396516102773	5.605917509427204	-2.362047244778218	4384.435466111473	27844.412163834306	0.011380144133668302	0.07249650852070574	396.67531530373515	973.1433301013265	1745968106.4642274	12600169476.761963
2295	3.912522857950535	794.9062983388297	259.0891673186514	5.661508141059818	1.861240117522348	237.72573637517587	4099.538069421216	0.0558348801826996	0.30901674411751967	343.00895917842183	850.1741816879322	30366067.719728965	1019958442.2689892
2296	4.567048929980956	1029.952221702634	289.0681020134369	11.59715985528618	8.163203005716852	155.71332356307346	903.0824607318042	0.0739719658822295	0.39041234945256403	388.8451785469698	952.068904120623	45631808.527735285	365344410.528567
2297	3.956827176036313	722.0053453814991	253.6067279207358	4.651147135335215	5.48053707569715	443.586489256928	4512.340717576665	0.04969908045793593	0.26645953287226753	337.9563289175593	843.7431095400132	44484631.70013795	861485435.6828401
2298	4.504046751011629	373.875363436669	94.14719862359345	9.613831399093218	16.49955735751491	10.55232816998021	39.44555412845175	0.4817027660717158	0.9810185733567034	124.37208806023108	307.58533887363853	124769.7533110986	696311.1941695977
2299	4.261910145985894	897.9072546513145	280.2283209158135	9.43264792843131	8.311299545820455	696.9992471858417	3202.672417826116	0.016300713600380802	0.13592431165005175	384.5488341878979	923.2064269798045	151407411.14339194	761616186.6664866
229	3.963530128996354	906.3540596329407	304.1504049264727	4.245913913034507	2.39001831515364	2074.052497775042	8805.440204788127	0.0057662133381843565	0.051723887734728	413.4310731820033	1007.709840911959	433286465.76979405	2798265659.0368533
22	3.249752136995085	196.1726577258382	40.27879711150408	7.796341843885081	152.9766844989364	9.049910205464442	45.37814108158438	0.5315346993414727	0.9847401754608974	53.02742229642726	132.06855656810674	13454.016542057521	84254.84814563286
2300	3.959876979992259	681.8334634419709	245.1118436364002	6.752319572748384	2.492419595681852	186.08870506612345	1001.2367438461986	0.04401798070971564	0.32891141082218933	320.64514901261856	803.3099700150692	13463786.025500238	164712576.2972132
2301	3.941446715965867	425.4938634694541	111.9463978469113	11.48666842404881	20.91530246542514	33.20866625037659	113.36108927927421	0.19909902899391876	0.8736624737566762	147.07093166161877	364.38182767613284	550012.5474238597	2691118.8581537115
2302	4.275804781005718	983.3967320910451	357.8504536185032	5.976923059397534	2.179623522767353	1058.801910353752	5999.789510948641	0.014873516810797155	0.10040047860621991	503.8017220837803	1182.3392015655772	283149778.672843	2286225967.568144
2303	4.674145943019539	719.7740743370247	186.1855109161876	13.83899605396102	11.72320089858669	13.587973811615395	87.97024571064023	0.4363448547860106	0.9131134512234593	243.32799395234952	608.2219575396526	1175009.9059452312	12398386.500974217
2304	3.465378313034307	383.7205171514146	116.3971609543329	5.469926055790765	22.41133147100942	65.11759471911368	391.4161759956804	0.13748389918457876	0.6052654509284802	159.70605195239625	382.1225977149145	930920.3736018328	6806150.006291812
2305	3.936837564979214	276.9914794202151	69.96657726393428	9.925121542591643	13.42096251708021	10.589739030482239	74.38848298645213	0.4861577931481978	0.941303912093863	93.46260609371973	229.45003439533724	55012.1410344306	532610.6891386239
2306	4.516756216995418	267.8639699272442	50.00724340236027	10.56539529643471	103.21748057541	3.6305817376709224	15.986584114109874	0.8052621311724422	0.9982579898043706	67.02001977819404	164.43224709325298	13197.86374554904	77188.13160180498
230	4.339837896986865	521.0520054314507	146.7430160498823	9.157981312891813	13.86174354244997	76.06324312919327	514.6019957298993	0.1076924092497518	0.5750763897881269	194.41846133670282	481.1572502605169	2854190.165112124	25599913.21511956
231	2.658122858963907	815.5593097595915	272.865922467388	4.572482848955387	8.09804843551264	776.5721364221513	3433.1106913958974	0.014666860942310003	0.12563310203317984	375.53762921978387	898.6432419173173	120907439.52975424	639719765.8008189
232	3.886436092026997	599.6089588999195	190.7189735311913	7.290781412680357	6.280173405142783	96.58687716159224	634.0086925891039	0.08970501369511569	0.5098788254223605	252.12279145993028	622.0708390041091	5356324.348732536	60779697.81680592
233	4.194994368997868	310.0946146899116	67.66752440344314	6.154638657137745	78.98592845938325	5.980299976678251	23.91255238251712	0.6758119241575615	0.9900434325447588	90.40722781944794	222.20027720703692	37978.82580273121	213887.48643606465
234	4.20892773498781	489.8115246458899	138.5234104735237	6.486912001590145	9.694258746995832	120.74305215212662	517.0322926760108	0.07005088389724275	0.44972858185556347	183.68774015987253	452.40078771618323	3574371.099604163	22458920.98827906
235	4.037719435989857	453.3664882429135	120.9500754208655	8.045884224067386	21.67246184975034	7.481428994605902	59.99986023563016	0.5782834556279967	0.9517579570285876	163.49917143152254	398.2591187569162	184806.29008410263	1940797.596224956
236	4.672369069012348	886.6886415120649	255.3704068433853	12.25677877054114	6.887352846997866	46.21931938880235	711.9966727050189	0.23398955822352566	0.6264647473204917	340.8805218349404	840.573555470829	8845639.83998841	191635851.1287548
237	3.968330748029985	623.0613457624326	177.7826726209485	6.221968273069871	8.470658628655071	85.36511390685203	382.4131067094417	0.09796917737467395	0.5467732039501539	234.70112995450603	583.780728330848	5074452.729242828	34615858.220052995
238	2.565415475983173	573.1629722290852	187.1946016686875	5.573482767047164	15.43360173708137	691.0099066960377	2227.185433909151	0.011104726194634061	0.1032046508294879	258.2748939340978	611.3508053186829	28958490.255169816	145993719.02685368
239	4.661735611967742	953.0471311068541	283.5608501742601	9.313422180818709	1.8953550706131	76.36085483221262	1062.3909252203337	0.1252207942989527	0.5497522146306536	381.98657467842963	932.2566982775272	19075438.337741964	376755132.5358096
23	4.402238138020039	1332.790445765507	309.6787237489224	6.153780775501829	-2.326585766131878	6277.929170346188	28961.05911488356	0.019411519624339464	0.0738148593670846	417.76741187873563	1019.5384935531423	3466245710.442285	18433086866.769093
240	4.452713584993035	1259.013625432612	332.4777945488441	10.07362119517133	0.6127468317823734	265.00102537068506	3282.4470621003215	0.09101615749778941	0.3437709651953791	448.61989252285025	1094.2306761226932	141508001.80613154	2461055208.573174
241	3.952418042987119	627.5419073559046	181.0133491475722	5.98208926155711	7.049518634827822	11.96635947150835	150.7645476534961	0.45913629545639784	0.865734282359054	238.89520528306878	593.1212224061118	780507.8014301667	15773942.115851097
242	4.268592679989524	425.2889195496347	128.7592795261183	9.536475511083985	23.34037411162468	96.69651470342174	746.5474144284269	0.16457670773586675	0.5070740979125299	160.61278033027696	422.40150434787336	1620709.4129323007	22678587.361067522
243	3.448893193039112	349.9295883235608	101.1605128468082	5.894767423054965	34.58135929868538	87.99902210543347	308.51877811404614	0.08756828384815199	0.5428922423002293	141.88708809444068	330.7468074226356	811243.7423792703	3961301.2335237856
244	4.819079092005268	470.0529079142115	133.0778190644054	12.92576910321581	41.71372348265862	15.791391284319898	106.49793249576713	0.3978160483526728	0.8908921752271035	179.85369791144836	440.5075167533389	487667.9038467215	3623536.4068232873
245	4.167401567043271	831.298179216597	265.7281208774867	9.292687649239816	6.556582882550159	493.0166523406567	2359.3198045380245	0.03778458364040829	0.21376757497189464	364.7753662402463	874.5412290706081	79135151.24122992	470925355.7302381
246	4.276838044985197	965.9726017229918	326.0719906104102	4.271998794151743	0.5917586131528538	3422.2618895188443	12138.430561406738	0.006394536917531887	0.04836002856763935	446.0139221896168	1072.830986634895	854030788.5721529	4737856831.605785
247	3.591236091975588	538.7919562398188	133.4506401267196	9.95873881250506	12.30964405084817	9.297147699900673	41.507584879759456	0.5234168768657543	0.9739390054627927	178.2336856813635	437.37827852275296	334591.123367854	2153204.2033641785
248	3.9818111959612	750.2004794682659	208.5242004924084	10.67884357820327	15.32564924500485	53.68270251180477	385.0540149102794	0.13681003011019538	0.7030540000097465	279.90364161877903	685.9140029048665	5371297.275829365	63119666.37412585
249	4.171079060994089	374.7505353922493	111.2425594462849	10.93767682090969	68.45745850006017	7.506826291872787	39.7323498304711	0.5908201135086532	0.9625876448063561	154.72395871047405	363.6143486436282	112046.28393772511	640053.8788854642
24	4.057167651015334	237.3759867572619	37.17692726604945	11.28791485084226	160.5491631811121	2.552997389215116	9.091314404289463	0.9170376081287058	0.9998497637648878	49.5839323839061	121.80452107183763	5324.296388740851	26134.536293699268
250	4.522817301971372	1129.532906819857	312.0339512426627	10.984922878422	3.150888109409183	241.75593698832836	2105.851738835592	0.08032498799351934	0.3452717134468082	421.95030883944014	1027.1452764014634	90718479.79623523	1131428384.2243917
251	4.23954868700821	582.292003900621	188.4537716037287	10.24813863551193	21.64163943338415	435.46948352518314	1535.8419254070834	0.0262839734636253	0.18867877770630537	255.32375746507358	618.960810454166	19236400.630397096	104370144.86618656
252	3.969125197967514	905.5536105048516	271.8273756646644	7.179573982010103	8.025353874505308	38.70019587116414	653.8277700358823	0.22965845186631156	0.6521081214809026	362.57422010104824	895.0593415318658	7595673.130096337	197829497.43676928
253	4.643859245989006	157.3701056407957	23.92055505872161	37.9787202350799	260.9078443706347	0.33208266417534354	1.1486474626199006	0.9999980095259368	1.0000000000000044	31.929356221341976	78.54194853433661	198.05204799259553	914.0421351001264
254	4.009508273971733	231.0312558487738	36.45806117687536	23.0482469012603	164.5016862057082	6.428399602407156	21.120970975744626	0.6605123783227067	0.9999900200455648	48.183239365001015	119.17255734752862	12225.160944793002	54555.818265583526
255	4.707230723986868	1073.178738536909	310.1300685932022	11.32132397862089	4.265001430986899	196.76240738963503	1120.9737818320364	0.09031542062770978	0.3713943999298681	419.5443289354823	1021.8570691668863	66416038.278249405	508308245.94099545
256	4.537087015982252	1040.005151728679	317.0622758600933	7.910391022917122	-2.041132405006983	1303.048576999097	18764.64454794042	0.01560359622702418	0.1269027178303997	444.59324595504495	1042.757305838295	370001633.38450104	8260996366.172675
257	4.476731226022821	286.2970581682386	59.5201657293799	17.71898648878654	29.03195072638365	6.929352108210671	24.221906420775408	0.627925022149547	0.9996735255766266	79.4394408978072	195.23691038800345	30962.91126054771	156821.01212692852
258	4.100342499034014	649.9691684632551	262.5894104387837	3.635630806859672	1.940246573391849	979.4714023192622	5603.869150486898	0.014483128195515135	0.1073988783361947	353.2131873193654	914.3816283335874	76144779.12028207	851789954.8951358
259	3.888672944973223	528.0511776274881	121.975937008353	13.56500626243757	30.67377993736381	5.429686570799134	19.77655675668741	0.6997136126386126	0.9985970448576141	161.9312464648853	400.0914000857605	179235.09112756074	857284.2277373924
25	4.442323872994166	1139.027818181613	314.964568719209	6.665709200323731	0.1119630248681971	1314.1652678394319	9038.552095946448	0.007829852743226463	0.0714017755513071	426.0495517258265	1037.718323156832	511554702.8327757	4844954693.942786
260	4.625034262018744	767.9664724998122	200.8724343879948	14.44665494706941	16.53004416202933	7.195409357130826	64.75356161299206	0.5893747954912247	0.9189011094694503	266.6497663484439	660.1206368276312	829350.390524942	10321031.428562766
261	3.669675458979327	692.2525806835444	192.5696017497725	11.55456486878043	8.893613753981633	63.6172542720793	233.47132518030827	0.11490647039111043	0.6485818893220788	256.85676261747005	630.9763570848088	4964982.15116475	28976364.652801335
262	4.568211404024623	625.1528738496238	172.8309315414749	13.17524783188528	9.862807436399075	85.18395073960934	279.79570743659036	0.07475387967498741	0.5604073719205022	230.476598251754	565.3786019258503	4711262.835544601	24504955.384078577
263	4.035057084052823	760.9627777708247	236.9743748896946	8.264187564776535	5.640839602097923	258.51099184621165	1132.735620731436	0.053154685833513036	0.2877532192863387	317.5959926700201	777.5929965333034	30208998.048460603	191591294.0673369
264	4.390727930993307	1151.696508722183	328.5989497356754	10.13157164321713	0.6310884109211461	293.42841473531456	1403.9024715045643	0.03003615075811513	0.2306661304464459	446.7872991447225	1082.119881407686	109060535.13619092	912093267.3245951
265	4.675427047011908	1045.620395092758	290.7787274087856	10.91130582971208	3.782818768861272	322.6021221668431	1684.3628606389163	0.04025660351958607	0.2685373319771699	394.96821460291426	957.69307510164	101199137.8666363	708449646.5031321
266	4.561564796953462	1199.038663326198	347.3437226314032	7.696443493912765	-2.557694298101977	2247.8339756761	24775.549265757323	0.019540128901136808	0.1346160515139269	471.4024367135487	1149.2677893681544	1094227168.513604	14239949432.703724
267	4.714284370013047	1043.281961213624	306.9295988654799	9.799760798062167	1.802052268207923	20.362143487545037	964.0902190793973	0.3382518925738213	0.7303389057294207	410.48445356930165	1012.8838420337537	6198169.59557247	456901281.57345426
268	3.987015671969857	603.464744568248	157.348043855943	11.44135501047537	20.68851916613196	27.254881424856336	97.34721471179087	0.23805844174164997	0.904848206036681	211.31868864159838	518.36745515782	1369332.0477840644	7529388.52401047
269	4.713884803000838	598.1136240275706	168.5413843534676	12.42950568737512	13.3087737496383	32.61713508207446	243.4518018863161	0.23058384420228062	0.7533429574532469	223.77449105853373	553.0314708050687	1784837.8641782154	19827763.01372827
26	3.360400566016324	471.566566903518	215.9241366320905	3.77426953229455	7.257135456476956	223.43198161440853	4044.5759698705206	0.043452569531315995	0.31077268233804933	242.8431313623459	709.9622248689031	3483049.575484947	357621457.95703435
270	4.301728624035604	327.5077597091232	78.66789369488666	13.23470586311349	102.8314707902538	82.99184872937634	340.7147359533433	0.12188702213621365	0.5538213098166556	105.92141870027416	259.039084502601	692063.9438730789	3447132.1318810186
271	4.272569226974156	1377.099982675213	285.0505180130955	8.100670484399119	-3.755212231139004	9288.639714043802	31363.209859771523	0.002609715774076835	0.021956793808301	381.44553733673706	937.9843580338862	5017087296.978898	19101649473.027103
272	4.703574522980489	838.8110797668055	253.2172703771111	11.84477434198918	9.56791369290227	340.11422237458095	1428.5584091534356	0.038737115821658064	0.24358217343875152	342.1468873102792	833.5213549309332	54116371.698761515	324698842.5572432
273	4.588601409981493	640.3677300285269	179.4243304727613	14.31140158439673	9.53848323911285	42.84433733414222	135.0054764269581	0.1427329467230376	0.8155832397635013	236.065767126281	585.2927919202618	2482669.9976246017	12184675.731664473
274	4.170050522021484	245.4638616937394	85.77514892448328	3.045640498256596	39.10531014182897	91.11234160186453	613.572552363458	0.14426180699284538	0.5201808181743827	97.5141445545836	279.0449082725128	237057.67006127376	3480238.2633259622
275	4.107905937999021	843.7655470710134	263.5569193864299	8.748640193638991	8.019152599951166	123.06396650582802	1417.9672487556697	0.07115002343209424	0.4483321860009555	360.81340359751937	866.048945099667	22560203.630083177	283992777.7350857
276	4.541208909009583	404.0987978814244	83.89090910776582	13.01613858948411	36.94583289239571	7.811128371285454	26.918320469205412	0.587285691941491	0.9984467414110341	112.64177523708906	275.8266414606167	104164.16256717604	493362.58322031284
277	4.221866079024039	431.3270119492565	110.7281895430727	9.213598429364517	18.24470047706204	21.27181620158644	109.87379063685027	0.29882357475569965	0.8870984419759859	147.71267406169756	363.24467802455786	396286.32289264695	3070604.198227732
278	3.158114470017608	1854.311663742094	404.5914511530954	9.188858262771767	-4.213340064475876	9213.659016321923	30408.16013031447	0.009063781262549314	0.058354006055958176	527.7362383935049	1328.7568812836082	12097674245.642317	47011631850.39336
279	7.001922092051245	597.8335473565846	208.7579111850833	8.782479955524432	3.797214401398248	33.60274966337456	190.07205382507243	0.24269216619127917	0.7710499834389941	270.5158945115288	680.793726345899	1748922.3907465513	19758979.930326447
27	2.700613958004396	902.0916408468496	319.186889812642	2.910527606917217	6.417671637460088	746.6181831192812	3817.911951015461	0.013533066472083424	0.11993687614000421	442.4502887109903	1051.7356236558262	146030958.36427665	1043705737.94841
280	4.301388042978942	803.636887645683	254.7935368893822	8.98343925094346	7.166350014555727	395.06672758199653	2034.8910649212403	0.027655213093578906	0.20283476057259933	346.1091964083082	837.2540232185229	56983818.753269866	406234491.2654582
281	2.561293593025766	135.141760143977	29.6294954118482	9.52252782984172	281.2523435607141	42.59628794405394	143.29686996024208	0.15699984570006026	0.7932480621780346	37.57661540856438	95.58682668569345	15498.677465928244	79462.14186106647
282	4.370935778017156	1153.541108094758	376.1380656537555	7.373051285935281	-1.648782806319363	1348.3960043415875	13720.599436362672	0.01559360805846204	0.1150414891269402	520.8826927496982	1237.550718183991	544497631.5058762	9836219921.43472
283	4.155912708025426	547.1704543097909	145.6648002176734	10.28815325014723	27.02614524876163	23.88150381079049	177.72810347859425	0.34197050299331666	0.8173974515945104	194.44193038843133	481.4262590324216	1045075.9453797576	9532700.881472882
284	4.486798448022455	515.7006819236752	135.3995024166038	14.87821192524241	20.31768364227214	10.405701812637735	41.60041268932525	0.48898756279626865	0.9928667726381364	183.43856376940818	445.7524753466726	354124.67470548314	2011538.3225449675
285	4.626672393002082	905.362299753343	270.2410583124709	10.14902013641291	1.690231449587034	91.41306424463049	585.5540419474404	0.07922215266378305	0.5281640985225042	360.7332106898252	887.4062870194848	16070205.92633676	200220806.6360236
286	4.245110909978393	529.0324893517023	162.0191112898671	7.610482506024219	8.7660116869212	36.240710945423785	183.15652069616573	0.1883087872024659	0.7896359381968864	214.43883161602406	527.8289546262461	1386805.3530328402	12345260.70652648
287	3.869220236025285	669.2388791913179	261.5697693452504	2.335798781641731	5.167700958227027	4623.616072045659	14683.681931620116	0.007255101594127284	0.054251479299468414	367.94754775490486	854.5888860909715	385786358.0628678	1874230773.942883
288	2.734059830021579	619.0268728482208	211.6898942165569	2.904277707435263	16.22701999527199	239.9616236824366	966.007810678169	0.03131513977106716	0.26276462075464013	291.855970435839	701.271073574799	15924369.286994316	77107393.51097551
289	4.150071303010918	1475.55223317436	384.306197935479	8.24425699728819	-2.804694007073788	4260.7713809357665	25509.17010640763	0.006033228821137571	0.05138079787361621	510.027223468491	1270.1077107786805	3453260133.167786	24587130774.600605
28	4.556857649004087	77.11111768191047	9.203746569722293	28.41658955609776	1207.796029022453	0.07040366948603785	0.23423187024201164	1.000000000000009	1.000000000000009	12.364168001027764	30.24592279999326	3.9622677782162325	17.352508225015256
290	3.972410665010102	953.6447912473906	317.6710141264082	4.953177504547501	1.428001552320836	1941.0158554297846	10453.180950702601	0.00802374044234128	0.06694589523852967	431.6315184057489	1044.4642379346928	484056597.07973444	3982654137.0927153
291	3.662109515978955	409.0119577061465	88.7165272158736	14.1257866343826	35.33283236673564	8.043621505257164	27.876622504759727	0.5760624337579753	0.9984915315203193	119.61609676366248	291.8713478142127	115435.68160160746	556755.7345778245
292	4.512483939994127	1297.16444154536	341.4324892535358	10.72595929185339	2.478915851624917	666.4506266965503	2954.4560632755	0.043490622865446235	0.195661391875083	461.40600127159973	1124.101894182253	362351154.2633827	2296000067.2358203
293	4.549862039042637	292.984033631681	60.49371186110065	25.82140409166304	53.7664956085116	2.0442602758428374	6.766101010332285	0.9640449287575047	0.999999791570288	81.4917577517709	199.02320477304448	10287.882330739405	47101.19392538167
294	4.36464717896888	319.3157502650844	68.29684369120237	15.99078753885338	146.0973199599466	24.969117158059554	73.53277202457109	0.23688409013088013	0.9537940118181787	91.9408259172547	224.5785692443962	162778.54406037115	682706.6532479491
295	4.687077723036055	1120.57910922892	303.6329397211382	11.24297004252253	4.044845534767545	68.47424457403524	621.2744000810821	0.16701568734708958	0.5924448853155473	409.55700980421886	999.2528381537229	24988847.261627834	320085532.9164522
296	4.001215260010213	540.5884347693301	131.4983871775732	11.99604262648974	19.89376341267492	47.046613191816625	180.3885340695174	0.1665263770676594	0.7199559940561119	175.74598528197936	431.3027978779276	1796366.5430124258	8680660.453877646
297	4.320963207981549	968.2627048814353	339.0225534335799	5.080241946678831	2.628984436504939	1136.3861576811698	8914.723996346549	0.03119456541181028	0.1415568318922915	456.7389302192954	1118.3489003696186	301884612.229845	3608734048.169488
298	4.583175285020843	935.1796352893889	293.7868100447395	8.56397744432013	0.02342504986669969	128.74015346574217	1249.0914765038322	0.07415546742505387	0.4394672383509385	398.1559139893611	967.4262841496775	27501893.167161893	509227856.37747675
299	4.385016158979852	628.1767135690175	196.9614523400195	5.955028276272811	12.58494775264799	139.096288077169	588.4188144033033	0.07764218759924517	0.42942905982992735	259.51122755630166	647.2673344878772	8277991.723901464	61218596.282026805
29	3.846624850004446	466.6732321408269	116.9831884537787	9.949028708051127	20.41798834140172	8.252684924548259	33.88702454865914	0.5625388225883109	0.989112226913454	157.55065672851032	384.47916487151485	197223.3073191312	1158848.0038960704
2	4.530711870989762	1089.464085983918	313.0453939540471	9.640697221752148	-0.6699503721485565	29.06703776754368	2624.4589653971225	0.31628144947712017	0.6191266386439331	423.72221900422835	1030.8708060772096	10713170.666174045	1556101300.9607196
300	3.983241221052594	583.3980841981979	192.947162933793	5.796212924355228	5.354173885142696	44.749658790843384	493.3486748510258	0.2042137317838922	0.6307507866020238	250.0875253482967	624.0559837493652	2458917.0108507914	41134135.30201634
301	4.27740734902909	843.8994160156026	250.8280316180488	8.34332249871287	5.699258636691537	144.49038260831907	999.1430138819027	0.04912897086617141	0.3842675485668818	338.60754665754666	824.2431074634276	23700702.53614041	224747815.80730638
302	4.263511883968022	693.0678955727865	247.1664939862665	4.321728332461171	4.122943497979418	1490.1311025804946	8498.75596754975	0.017316575966487363	0.09469920793151768	337.44336439113795	817.1662831773139	144614339.39114907	1203084539.5402389
303	4.541798284044489	595.9897316188985	171.5073078323793	12.31061044861259	12.85815465370415	6.980333403412349	28.43113906813113	0.6203445354917747	0.9883622760442629	232.12543808669074	565.6401834149972	379591.0219082785	2265761.1600995245
304	4.778009743022267	524.1887622118489	120.4364376583987	15.8016302567936	27.87972543837193	8.029099809662679	44.38407787913629	0.5663493260606194	0.9601425594824956	162.2804834161655	396.21477227871145	261300.92518408	2096307.0114920672
305	4.313758508011233	834.0974195505444	283.872903930036	4.90897510796905	2.166470965783916	1081.3367926617518	10229.617756865166	0.07816729242998076	0.24067658577573947	382.3468589992814	935.722929824647	184313150.41009623	2598002686.6557355
306	3.803672390000429	776.4747653883196	226.7315984589448	6.914996725196485	6.38203582696573	16.64643050101754	335.0578389621049	0.3967140650008775	0.8012309255570833	290.68954837086676	745.8730392775756	1893413.977812499	66335520.91798333
307	3.732163307024166	598.4062935509004	186.982637025797	1.886232215496037	11.44288832511389	1263.9990675060728	4965.2092479101775	0.008555044350960302	0.07218119645448519	252.94408329296738	618.9363707560166	74095055.50350174	402473718.7267128
308	4.014550728024915	851.9013274036753	239.2408770371341	7.971322612494401	11.3526916246836	38.9409287375535	475.8188208862525	0.24812839274562942	0.6439026328206628	318.05756279704815	787.0327236296416	6669022.746763232	108516193.37913902
309	2.64180420699995	2527.206974139667	516.9881428124675	9.600608275776386	-3.694761661500293	5326.623836308364	28738.330870218706	0.0024494360728246223	0.022598188756418155	696.3648095810227	1700.822054943191	19846939684.118088	110659350744.18054
30	4.159030061040539	378.6680107924618	96.41035261127259	9.157726964065322	14.86635683498666	4.861840232733816	18.95930117062389	0.7439409419804118	0.9892114146172171	123.91119432589767	306.0100844327659	58597.50093124384	340272.9319430825
310	3.848689912003465	482.7492600825674	122.8434505082401	10.49678499665544	20.76751072313983	4.901745690545073	21.942060187378836	0.7321651590163702	0.9965202522708161	166.42037449531819	404.2676893897112	131404.08373703583	853366.831901148
311	4.053308875998482	1073.102387055423	309.0286001952504	8.154546470990311	6.06379835577723	203.2166134786429	929.5726626544647	0.05184326068270535	0.31619373324031813	418.79465808637883	1017.7642179173283	68009535.96607147	436641507.22724473
312	4.524560611986089	879.3543447856284	250.8422391869411	10.94026551804001	5.278805199676695	68.43853473501593	537.1204694237437	0.18638579507221856	0.5833270714228492	337.3407719745393	826.1260126698655	12320768.727524402	151651909.5191379
313	4.684432658017613	719.1369546803994	188.8147602824213	14.51482923707257	18.45006940789616	28.646111078537025	143.05812289954096	0.22559968992359375	0.8450413431682453	254.02777285216018	621.6817372953785	2572594.434135087	19429951.771325815
314	3.78174982703058	582.424262029137	159.2344287512747	9.368821156296999	12.5233815945399	8.97337532578156	42.0691812631341	0.528396349279016	0.9691212469852954	214.37322717575756	522.9661966892061	445966.0334582256	3082751.005967137
315	4.486423799011391	681.6207450668273	179.2519852971997	12.6350587402157	6.317624209566246	13.900160129916987	70.70199603872169	0.40722718950753783	0.9357413015065766	239.34298845981027	586.5693814603064	1058108.6877190757	8155878.068761702
316	3.781651916971896	581.8694876170161	157.83237787449	9.534861066177378	9.656984728500198	20.479268932981263	81.79948736408319	0.31228874886341	0.9325122068751224	212.211004384827	517.7719398210043	989105.748460382	5827238.127711213
317	4.334630433004349	843.2941414917218	271.6589551609773	10.20826122603406	1.626080466826095	18.970871881402644	291.61152686928324	0.34122910080083935	0.8022579600353179	360.0815091458478	891.9084405516485	2812409.1888459055	91378744.13794142
318	4.181648770987522	532.6452879434187	175.0470399057424	2.910032235219669	7.580405961914446	210.63952692127327	1519.8501193565432	0.07958212905346371	0.36037295518860407	233.68451468379374	575.439723510137	9316703.91532841	91093388.65938902
319	4.557353082986083	1235.35887456235	348.336138076888	9.366784464103763	0.02586816765649713	1054.897603592407	5054.029343834651	0.016154246945219063	0.11238927903771127	475.07865241642014	1147.5342868075975	512467166.9709988	3703735744.0730157
31	3.861837142030708	1784.307387912052	325.207031254431	8.841187796887368	-4.533189351775846	11761.059938056482	31783.45545782995	0.0011284188882795146	0.009436004835447077	435.696423104662	1069.4797425634656	11832354038.726154	38030701706.848145
320	4.663002596003935	1126.893329645377	322.3295558039684	10.07266307323452	1.81516919600404	424.1590174640806	2915.7903759366595	0.07811385346598967	0.3013579592329321	437.7366451641632	1061.4149328448116	165683845.81163657	1645217282.2666795
321	2.581690916034859	350.0220408101188	86.65836147261763	10.01412278944759	97.14113533840808	155.31123388425596	592.5514142379683	0.05494643231204253	0.3728455779491097	116.90930530141497	285.1821692798118	1681393.0328184483	7172680.823965419
322	4.694090251985472	1305.719838711528	352.4883424039081	7.245680151944159	-0.907752370314386	508.7592620000827	7682.056209761674	0.03656906036100843	0.22428680174969504	477.38071836657105	1161.4591065036407	311007000.0892363	6420513387.157642
323	4.44266207102919	1442.639396777786	381.5022860657184	5.34732581401803	-2.45247695436053	5157.878589131977	26754.96490845601	0.006519808491823944	0.043678559335192366	508.97562616752816	1257.6064438023386	3760519263.546051	24430061620.169605
324	2.879331669013482	2221.449282909639	519.6976938026104	8.739973591834417	-3.918932816171026	6174.50781576198	28975.350505868566	0.006173826064378879	0.0419987821267124	696.858908314118	1712.3556587087717	16033095884.549656	84008371784.46878
325	4.434291768004186	408.3835862005693	129.4792088070799	2.944888939103826	20.80948435729406	370.11616994516214	3720.2018121899446	0.06842179085480798	0.27659606725406716	170.30626382376687	426.15998920317594	7818417.326028535	91968163.97165936
326	4.1463702909532	924.2603021916615	290.1086400674664	7.923895859337419	5.172381198726113	484.9674146517367	2046.1078539519933	0.019095599158200735	0.16472047264247314	396.97987539880023	955.7777745034225	107138811.77774903	575130089.0930451
327	3.701612909033429	662.9114028515705	214.7285218655207	8.941411195591929	7.284958708454321	119.5380370877955	650.1952961041408	0.07936546253939739	0.45836131169226657	283.15320967843115	701.3199849025789	9386382.358917566	78596828.85189612
328	4.197798738023266	644.8825744229168	246.5097816001182	3.65315681018634	3.156246783533076	477.99177717151395	4221.288400139804	0.035785130721572966	0.2486571192614598	315.61019700830093	822.197057253571	35480765.05958292	626261756.2835029
329	4.715506401960738	1032.662592737022	315.5103112679149	8.983845739476603	5.551544516445453	478.5003119603996	1596.4964808624127	0.01848033668142877	0.15670024491818904	429.1837206205371	1040.3391123865904	139498308.20273194	704321037.48968
32	4.673145344015211	1120.034971234655	315.137071380562	10.77136830694329	3.611322521478099	77.66073772729308	1469.3678179512049	0.11804895574086618	0.5598288776147573	424.94325688776166	1038.8232397771399	28989247.375192545	776556796.1103338
330	2.850323840975761	1922.299715268094	652.0026160880377	9.119822882731732	-2.256817165571875	916.4828702761826	8021.699420950572	0.03794064367070046	0.17588948469206148	904.7221225540331	2145.7695643732386	1626613347.4235098	31695609473.967056
331	3.903358698997181	523.0438165439745	181.9525319609114	2.36981087263565	10.52520420881179	2879.2044701349155	11714.086046507686	0.008810811092069812	0.0713743003988013	246.86361677029163	596.2157349880065	109874401.10876027	645114550.53831
332	2.58785379800247	399.8946816583623	101.3073944803995	4.163095015757595	20.21829360972279	144.97893627132336	520.7490548914395	0.0477961625864552	0.38233497044232423	135.99573285448923	332.8671403015452	2187237.6203313954	10523076.649350073
333	3.039375021995511	2076.723699425025	461.271827778663	8.535817451952859	-3.958071771159119	8352.150650542448	29888.193642944243	0.0022226724105080535	0.01993284314861962	617.9904456296338	1518.3951167006007	16588347136.318686	68494518437.09345
334	4.269378232012969	466.9934403061699	110.4643231393526	9.415451047813931	22.84885640054358	11.551307543203096	63.412800638054506	0.45744644695412295	0.9481768814921192	147.63331431079524	362.73091541565867	274318.0167449043	2074917.8090677874
335	4.457562151015736	916.7660375360217	340.1044548561368	6.724568671567752	-0.5413905016250524	913.2802314277537	5994.74134948118	0.017326335426523027	0.14035267077155442	463.25462332286463	1119.3592186594688	179009704.1245195	2589655118.747334
336	3.449265623989049	176.0264010486028	34.27406334083192	19.13333034464877	187.283748700516	0.9150961921916225	3.188736531430309	0.9969808055863921	0.999999999999996	45.85645332664717	112.62989144233562	955.9018595358143	4452.5621098706
337	3.105045263015199	1673.575662561277	321.9452897592969	8.333267983090504	-4.051602870798184	11089.952026347686	31133.366380920503	0.0012042478517845067	0.011279624513143792	433.28793083957	1059.176080385229	9830859771.306389	33036830145.282368
338	4.171632568992209	858.8694382418329	270.4899119448436	9.233941965096315	10.36458461117037	580.2985517626961	3027.3534958904083	0.01628117290345606	0.127276104368231	371.81283585455367	889.0727826047643	105461042.52539486	623084589.0740721
339	4.64480953203747	794.8362104334354	268.2257398922171	11.72614616700866	7.270640596294434	102.47202251870588	518.7022516479022	0.16057781553177322	0.49463142237017615	360.1011358115836	881.852345914272	13978026.647185577	121759701.32414718
33	4.413991014997009	1238.870040653072	362.2048308726388	8.668993655503622	-0.9311482384917347	311.03931192605137	10076.71466207941	0.08628905527467572	0.36233636251617934	495.98674820793235	1194.80852311173	171145985.5377207	7362802332.304758
340	4.158141068997793	584.5404689884681	159.664575359364	9.141556848349598	17.68353344539929	49.13426320168139	304.63618988414703	0.1402380581334567	0.6906428402991113	215.6853189629938	525.7142954709823	2599196.7637469964	21642413.96866465
341	4.796632054029033	863.1351890263172	272.8725931975333	8.72575946595548	4.347964234089319	194.10171276185304	1353.5068998405434	0.09376191056291368	0.38618292572765023	363.97792579889153	897.18642405572	33181034.505457073	397918157.1520055
342	4.539051981002558	1256.086480367716	365.7359747455049	4.903082540310203	-1.366886238497079	2613.470191055523	18589.283653757833	0.007907156036018425	0.07126509503268018	494.6047892466254	1207.2917240364154	1363261872.7874684	13558874818.92908
343	4.557422526995651	703.064890129447	169.1028217670797	14.9225274642073	12.13401989712037	9.729335974313305	54.962956070746365	0.5069817712359777	0.9657114088428441	224.54978641333093	553.7572066395284	755259.9029875855	6509795.038194825
344	6.339452271990012	303.1874544206399	81.42635121025722	7.403426258515157	31.69927986763847	103.29916239104749	376.1787196938477	0.11781763803187997	0.4914692516441285	108.9831757815098	267.8176657892983	697176.5562958464	3285672.861911336
345	4.447677648975514	989.0165137200898	323.3642694824619	7.06690069499787	-1.027417613710862	243.70442266647487	12699.975931062232	0.06082485553039029	0.31392096862051183	448.88528218264537	1063.3510630807311	60589979.859228045	5849957705.232885
346	4.547247015987523	963.7164911369562	308.9371509006079	11.93582233457796	3.798454909031577	84.30729715001539	1083.6250732905792	0.09700374095867606	0.5454722871099501	410.6839502676004	1015.3627483856268	17986136.600232508	476014342.0099009
347	4.630166276008822	997.9899389070847	274.9727285977403	11.05738035330729	4.538686834646583	309.38748607749574	1261.505791190432	0.05119032549477609	0.25800816612226596	371.6634349372273	905.9124673191407	78742377.84451921	455311465.56399214
348	3.969881873985287	658.3814035415628	179.3595044445711	6.980128329407194	10.39602348030548	92.02501443842124	389.7510059685738	0.08532798578424354	0.5264700437080622	238.63628665371346	589.204762093089	6558373.689659493	38774326.824796334
349	4.346319128002506	850.1592949778252	275.6874538894833	8.454691936621717	1.387270626669789	32.84632524958765	463.20076891664456	0.22753112075282195	0.7752585363689384	358.6780853419989	902.6686902970393	4955931.354407699	135578051.08447343
34	4.464591044001281	529.5289994695987	152.5168333086501	3.786036756369604	17.94275965942739	116.26636107753242	2062.447492442642	0.0910067595262949	0.47020437693933387	204.1207661676886	503.8212112692876	5402013.326745026	93619366.7747824
350	3.886294847994577	610.257889617103	221.7784820488553	8.789268751146132	5.293789421107397	11.349695993326808	223.97236023154755	0.467504228388527	0.8391356643549086	267.0069937247154	732.4449575238716	516947.29190183745	34297183.49985748
351	4.282517958024982	447.5491899971917	113.3968148632415	11.94954941123681	42.98350861690637	28.924791230442114	160.11966596995978	0.24785764895150303	0.815605022336183	152.9193579701922	372.12453508337967	665473.0960823531	4266548.680199597
352	3.573789052024949	522.323130740482	155.644558587219	3.175694272439667	15.58168468841913	118.5247524231317	1698.206707751393	0.07257195464508051	0.4598881761287876	208.45545383587364	511.51219907165506	4224719.4569694195	99136260.79071927
353	4.572507533011958	1131.990569001153	378.9247289363766	6.889075515206139	-2.084388103683606	865.7050102142944	24221.379040965116	0.026765850596344367	0.2093754251040874	544.6674507688584	1241.3392237207051	381841387.0294999	14043290545.841171
354	4.052683974034153	566.0757059627728	195.0399322872327	3.708109331650828	6.967713486187738	161.17380448690872	2168.0470681235183	0.1582984877298737	0.4397256261538734	251.09857997207052	646.2203132019149	8812354.463161737	179265661.8258684
355	4.863599303003866	424.6541763200303	121.5386593880258	7.473891157439724	15.24708992308609	41.88691068424912	140.70464279162198	0.1516272261375415	0.8106813120411044	161.0848416712206	401.60764515914514	778419.1818300195	3641861.19395274
356	3.924565646972042	1277.713434276885	376.7547759574018	2.146263701070356	-1.911494188155335	7042.045088625356	29089.335420575757	0.0031643568461988828	0.027448313570000084	509.8457830370269	1246.0952047912983	3793069237.6328397	20369807422.972996
357	4.131371317023877	667.3281412558265	172.8280188835289	11.15286465426982	21.09012538085362	43.26109157976276	233.8629402847793	0.17746314319537027	0.7454231517623048	233.4154718212003	569.0884347017507	3135729.480724578	24542172.45008986
358	4.23718439496588	1084.860803571539	342.5229282245879	5.695717007301459	1.603891349846302	206.92497333070165	6344.519247071469	0.051534390878322886	0.3293689199422189	452.27507785460205	1122.9850027577102	69266146.68387845	3467743823.0954866
359	4.614158899988979	1204.482751310184	328.9551642295372	9.950622446490492	0.2943712836206867	462.8360818458575	2890.4871164080373	0.033340817261068696	0.202645495273623	448.54273831012654	1083.7799066070238	204272062.58601958	1888871164.5105846
35	4.399907067010645	513.9792010391354	169.6797810892729	11.64562517595314	5.835904775898567	24.852934379948596	92.01961289033228	0.2797279402525997	0.915122400338751	226.11683390349384	554.2806244494516	863512.0405765598	5367111.70015199
360	4.378837397962343	599.5619234998896	198.6752396730344	10.67720433836542	2.353111868271898	20.640685062222556	85.31676274349778	0.30047589927046636	0.922370694022191	251.47274177172585	631.7606065826271	1073805.701574212	7824632.492326678
361	4.052945696050301	1110.425311901034	331.1853657676857	4.41459463893447	1.141452503974249	863.5579283216234	4896.779126015112	0.007917711572854648	0.07500212203951051	450.4797004816305	1092.935502989449	298338271.80952036	2699828805.576735
362	4.543590403045528	873.5008628960728	281.9938002792461	10.39624902451783	1.306859096315604	18.11141872716095	1185.433367147668	0.3744690853022775	0.7690851768026279	374.39202466265556	927.1372609399067	3130107.306693164	399496143.6339284
363	4.451404079969507	1257.385742279978	304.0420216464689	9.094763283780969	-1.280669351860401	402.75634532460305	12110.038574777194	0.0762937663696337	0.3179352233590206	411.94216575033215	1000.8432300058518	204395322.68256307	7500429930.696745
364	4.251030781015288	381.0939810863141	98.06054432364824	9.265980960150404	36.11973952534333	62.77498234249124	282.2812295331044	0.16010672063872183	0.6307222656168245	131.22667353013662	323.4939411783127	875535.4827320332	4926625.143931129
365	4.56636536703445	1057.849922104377	406.3530958366568	6.148661448916726	-1.040011526244474	1752.78128159749	11763.660323309798	0.009285897595883203	0.07374208043081931	578.7978145802206	1854.8789367880413	640483365.5836102	13416023960.267525
366	4.794555520988069	743.9573093348713	217.575085735329	12.17658528328995	11.70092857077078	93.61355512320382	536.9997421575949	0.08390797384196719	0.5188630114102304	283.8969270972318	710.7971798811448	8849149.999909876	89729927.14249592
367	4.142895958037116	831.7728984047953	242.2362090790811	9.342218924989314	10.1743114625233	169.96259576866558	793.0141114557787	0.08148356109893279	0.37103261690820216	327.54005795110766	797.7276162474697	26120111.813077725	170338784.27435917
368	4.098278880002908	1065.681202784792	350.1205735704303	6.894101930516993	3.02788350920179	1058.5222240459382	4207.188410506753	0.013513506556370413	0.10542570463721891	480.9785085906627	1153.6842524755207	336954637.2505259	1923715624.4805007
369	3.079329627042171	658.7090868083606	234.4627218121595	3.205163465754826	5.001206390097736	185.33312974490593	1015.4575328310822	0.04182930257535673	0.3194031353963714	314.57315977581277	765.0269888519261	12979577.08683666	138468400.34692705
36	4.535274686990306	260.5419765789048	49.12446861900862	26.51251508232711	78.95741055512781	0.6461425347044739	2.3703778164454747	0.9989474939978852	0.9999999999664775	66.07569562518339	161.51758475021282	2156.915279274565	10795.565138187489
370	4.092554869013838	679.9218885552118	227.4606183165974	7.656901380577583	10.75545020588811	105.718885686268	608.1586095181777	0.09740330592439427	0.48667143830634013	302.9237265400151	748.4597335400891	8520550.67803678	86084485.47069769
371	2.749853294983041	2607.228468864265	589.4222084844889	8.256946715540556	-3.665322685997624	8088.599037362139	30727.29530417567	0.0024389877304985584	0.020433226396711753	784.6074884409827	1938.4171568531008	32135449232.353508	138039409337.17892
372	4.128187740978319	741.1360078122937	213.8356168437589	10.90122431856649	12.45816612866732	129.19315847773365	754.7554549739859	0.07041947180303589	0.4193794446331115	290.55418353349785	703.9895019768167	13845511.650442896	108708607.43320891
373	4.096715756983031	826.4087937079646	242.4050525122231	8.753026554659414	7.09328808398541	172.17672524557977	795.9219298407077	0.0711951213239809	0.3719452843319813	326.62093882444606	797.4708597815795	25465359.402451888	179447896.80966973
374	4.440870168036781	1075.435752130773	314.9706887955415	8.923488046339546	1.543479155192824	230.5281820953135	1520.5919811601816	0.04378563766636981	0.27992466913996855	429.030134620637	1040.5571856922397	73145523.2546133	765623756.6661131
375	4.523631429998204	1005.7863132575	325.6980431978984	8.99081107636017	0.3099375592435964	476.84488789759354	4603.579405057609	0.027553620695437573	0.1935605095305512	446.03029845029107	1071.843529713689	129269087.06837805	2170725577.2578197
376	4.426602038030978	678.3962519431655	222.9608598443211	4.08342746870489	6.73528669556833	718.3823785074096	5442.409401901551	0.03433051906466379	0.19962425595257252	300.5422310437523	736.0035434979638	69350218.4629448	628267589.475826
377	4.170957413967699	687.5578942452075	207.092871406905	8.306576549499686	10.46389328592664	294.5423770024191	1602.9793597066034	0.027668537124082543	0.22023807826429023	280.3897831411683	680.1676439428221	25604890.64943028	177392342.6402066
378	4.326950961025432	824.2644348005798	279.3657375412951	4.81135406225663	3.30900288307387	1702.8411607558007	7761.813946148195	0.012405728539315146	0.08754813813245503	377.41090864312923	924.0989516798511	265879756.30935633	1893759903.705473
379	4.552983338013291	1346.31418700762	323.889044355399	9.176904024422592	-0.3779145861440777	1189.053995361378	6162.383527677312	0.007189998610246664	0.06310343901739278	438.11192559091774	1066.1089118734121	668531529.2662541	4970340766.613036
37	4.230103183013853	688.0075458289332	202.87931288452	9.242642918995676	9.543701672893777	153.0117006442796	1005.6748366893736	0.06644530825899275	0.38182085979972213	275.19617528558217	667.0601041637431	13141507.856692493	117957980.53496826
380	2.67253401002381	803.4804169914892	276.9588765432222	3.660133394425303	7.817220806431967	652.7939938299913	3325.394668592497	0.015039373098850966	0.13138642497799788	381.20002906672823	910.9429615700706	94222902.77929059	592869506.5445333
381	4.59452563803643	1009.330134162396	295.8104781895083	11.55920743110724	4.99676992139485	56.608557753817905	924.8651602401495	0.18403646912790023	0.587137053288857	401.7618958983612	974.2122262965667	16147269.162056224	371113862.8021725
382	1.935015100985765	522.4268473330703	193.0064792766353	-0.00027972472831194	13.32559524453036	8805.689472647811	25491.849147436773	0.0007453435689498972	0.007432727717131028	269.0161380694362	630.8044305154859	367010276.9563498	1027054506.71977
383	4.327308724983595	1254.948019828041	367.9909018762439	7.061876937218125	-1.928438318522451	2389.685780041895	19281.879845605847	0.009978334455428582	0.06439938243244737	504.189559673978	1212.5203472365026	1224412586.1051962	14684262770.24342
384	4.632140934001654	1032.3374641076	311.8241398096872	9.354367469581781	-0.2089098739272712	118.42171158931689	2679.5812177543235	0.09513959623806792	0.46285885979775354	425.7962551406731	1026.6662193942589	32364262.97342403	1371220129.689179
385	4.062185622984543	637.8376939503858	258.3585232447852	2.89233455635645	3.497182520501522	543.5063792159812	3392.4730387205577	0.029124429073388584	0.20736720208016554	354.7076459120143	921.9427152880705	41492197.110189036	534520683.6942628
386	4.041281264042482	1121.788954779282	344.6564602264502	6.960685647323246	2.270197446076289	820.3609418010376	4614.547155908963	0.012229482283767629	0.10974805897198502	471.43931680977505	1137.0816190262815	314755651.81984013	2372048555.2894735
387	4.281479898025282	580.0861890892777	171.4253272965324	6.051328797336547	12.56729468423096	300.568472797617	1424.4753398499038	0.04518074724986315	0.26864088463438107	230.71403823206748	563.2001327311913	14748024.658388402	102384545.84873368
388	4.727246943977661	795.9883825517902	231.2742583563933	12.32481008546862	13.46893967190746	79.87614398404754	655.3482234227741	0.12392094416830042	0.543835087645967	311.15744384198695	760.2985545270448	11079875.234850328	133429876.3495445
389	3.311750563036185	1702.820371249088	462.2983386648536	7.551758264277678	-2.686691053773378	3780.4300732695847	26404.299391987795	0.008633098256553791	0.06984885622996603	629.4347805322755	1523.4134236688037	5000526280.536837	41980437016.93472
38	4.664590013970155	942.6138553128135	268.1155657304679	12.86257953531905	5.791142721279932	28.367723822816806	163.06888533701152	0.24031496523720564	0.8308288041700007	362.4020690095583	881.9796722244741	6144242.8017422855	56036219.93933846
390	4.032196231011767	634.1129698531197	169.8028124718803	10.29842959719544	14.4321482752869	9.235052239947565	41.22504068260283	0.5265361049858927	0.9469198549320061	228.1769579546543	557.5634081088282	558019.9889395596	4252069.262939214
391	4.385196148999967	1181.161925766872	322.6071384693852	10.02809552741511	0.05778143065392927	248.86944096897673	1800.7329158581329	0.039389347673293676	0.2844495602286157	438.6914166469878	1062.6876204404275	108095056.6231583	1135519926.6552494
392	4.498124943987932	1244.586934344075	302.6772886560444	5.08986442945584	-2.449469299396213	6825.948219597255	27693.00002949051	0.004913331741100681	0.037979242602042176	399.62933291833906	996.2853263703029	2964118885.228513	14897982848.595009
393	4.792583353992086	557.4970883021075	138.0311158320185	12.9711033594177	15.94281569408565	58.47057535439412	191.7970052038641	0.14011952532195557	0.6873134284333836	185.0890014472297	453.2779768980326	2282802.3489909843	10871945.09407396
394	4.258859053952619	225.6598080942063	48.89216494837225	6.266675900535972	62.35652359334	7.95546406355926	50.58209982588299	0.5703693526016218	0.9657399021059019	65.29828166083459	160.48141052122412	19687.116192994203	169175.15136302085
395	4.033318770991173	608.5396962721067	265.6180199568608	5.143985923326306	3.736388222689478	150.0812747539468	1529.2176401856455	0.06525119416587485	0.39324163103393533	352.7744120509329	857.1610266763635	6520777.732247853	205709560.4300663
396	4.200436086975969	614.1953973173977	193.775254921156	10.38867191006119	20.11120117256457	251.21002382254565	1249.8430840122237	0.034865200196545355	0.2593541675220594	267.71641658845243	635.2436343271827	15108294.925956486	94377688.57948756
397	4.603100078005809	455.6788388494791	126.8181953303768	13.3332952559546	43.90589981236916	22.51311102179062	86.0462801132552	0.2714520102223142	0.9261858211798537	170.55637328992367	418.0764797034324	535716.0983549576	2902622.961765458
398	2.556040869967546	615.144426572194	178.0377548536559	7.199148777000271	23.7215628014443	382.34530177004467	1572.9186566983626	0.020177084873333685	0.17823848635513917	243.8274431715634	585.8859426118983	24851615.693105433	110632672.31002933
399	3.918752722034696	660.5093773061319	212.314974148378	6.522569036612603	6.296523822353345	62.34277042439766	742.4582930578287	0.1972057575493647	0.5835904237243762	279.20599377549627	694.3546089857135	4979574.850261301	96301194.51528376
39	4.559979395009577	903.8310974894787	262.0511866503114	10.63900682746827	3.33313357635397	36.392260602379665	1051.2966141186025	0.23810411382832075	0.6620978442515868	350.2277464971779	861.1697796235517	7200612.965105371	316871749.86178654
3	4.123244303045794	1009.236530009102	316.5523700098705	7.750078338798815	3.044212006816807	676.6183999910941	2643.2548773465514	0.015012789876767234	0.12155757940208035	435.9281015390004	1043.2642219382537	186483406.7903954	972863758.9384068
400	4.452824509004131	666.608096735096	180.8357298067195	10.56318417089717	8.809913795034706	12.34303933341893	51.041367815827904	0.4434662209792358	0.9637601360754867	241.10808571533903	597.8547269445505	891000.4430697544	5633611.057397295
401	3.653614240000024	399.3271824842553	122.5131054208779	2.991274379323794	10.7991461676947	352.99100492401203	5414.27164497132	0.022250033237944555	0.1934599274887592	160.44935528633516	399.44525412638234	5509784.554398841	135567493.45752084
402	3.822790596983396	742.9489134275927	251.4579685663655	6.768113465389432	1.39056041700839	167.13025409525204	1198.3865864815114	0.0561615138813436	0.37366758535466194	325.32571382135507	819.7692772132322	17553704.584545456	249706992.1988066
403	4.604738251015078	528.2575982613	130.892534212102	17.88448545367927	30.22955366615919	10.100323915558118	42.07372066898718	0.49693715614788947	0.9855850780264845	177.48295404178953	430.96352601585147	366562.38839897595	2067032.5162414764
404	4.012533205037471	717.4987723371323	203.4036503267119	7.065625466490921	10.09331023560992	25.25624229587146	271.7366349866212	0.3320122033208036	0.7711609222607397	265.2761026948855	664.0350919690106	2501878.722943841	35826658.212610565
405	4.308952240040526	1333.060077632112	302.1457034464929	8.559769703599084	-2.607464381888942	2199.5317094891616	22914.379123674444	0.012403744633104074	0.07057467497799112	408.21374726638396	994.7154178521859	1252885819.1195505	14799933824.691748
406	3.687449213990476	558.1257816250292	196.7689676686707	1.703942881152752	6.708505226857348	4773.526820507868	12371.670998255626	0.001482310868866044	0.014669917442225709	268.7847781496433	647.6523377016283	211435718.53970212	847503214.9604685
407	3.394656465970911	1400.08391882493	365.5106723408967	9.910216209126357	-0.1578944931168986	372.54244354665434	2181.938594493344	0.026520893532972014	0.21690031617344105	495.94560652955056	1203.4840197138105	259815989.25621355	2198074507.6079545
408	4.626986089977436	1134.218447424615	324.633975418493	10.60320789231293	1.329756597149398	272.7445762258606	2359.550722011496	0.05687356447770273	0.3210755807375933	440.66349106360474	1069.5962607439556	112207971.37122494	1324158651.5555828
409	4.426598074031062	314.9357927007169	58.11470279835061	9.017759734878119	75.92513761210503	11.80834591697586	41.355508975976505	0.45157815928174316	0.9937789179220166	77.34257296067545	190.5169197877171	68428.90777694724	311949.3459135315
40	3.805051893985365	784.2457898425354	283.8307435101871	5.856593670722259	2.693215450591375	210.28043890111522	2114.4259842014976	0.10010029994021517	0.3637195393303866	376.8463675671387	935.3560447804412	25049446.66567624	568184377.6207384
410	3.161360027967021	2013.228902807312	398.3938116773463	8.232414030009755	-3.903307383131542	13934.324341111931	33023.560121209906	0.00069059882926475	0.006642355739687967	536.1341687400416	1310.5734390305136	20755593106.352585	61199251205.41415
411	3.825305675039999	307.4623891972254	71.79611602653215	14.04520360508238	17.83005595851833	10.04789170784448	37.30140188864043	0.4983543317831265	0.9878888322331494	94.0722239105994	233.19842739698043	59169.35783566642	340999.5454068418
412	4.400571955018677	1041.197563566834	315.6294853257507	9.184110100495605	-0.6368173672345063	220.2799303035419	6909.224254221129	0.05691225165056915	0.3449032081388786	433.6191153276907	1038.6246924813124	64228199.99384048	3620362502.1070094
413	4.836341298010666	508.7980039183063	123.9393919655681	13.81215521730418	27.9021544129173	13.080800545622873	52.59408506818632	0.41862690901049804	0.9773334439845975	166.50654328715206	407.87496845804117	407735.57684616954	2180651.8088993304
414	4.004714337992482	457.2841909502861	135.0112853200607	2.332530208033834	17.81377030073714	1903.059433266177	10069.458310191283	0.008931732809978804	0.078891591007252	182.2905331415904	444.10922740863396	50381527.4648192	304004027.6481816
415	4.582278693036642	1137.049547662259	327.6341946998558	8.938674723484253	0.2872653050486148	744.9011890323246	6212.736029182116	0.04663607276421344	0.17579408676082794	446.37877750598454	1079.6731418603679	291072274.0085954	3563710875.143036
416	4.602704976976383	561.3539185800066	153.8978888035687	12.68936005492652	9.775868595316755	3.727511247684759	22.684906515826725	0.7588879346422411	0.9753244032536694	203.73721971926352	501.38400843116807	161964.60191753638	1521495.0348585683
417	1.926050081034191	334.4928958862645	111.0659987411498	-0.00026874810225052	38.412679187252	8571.85593797237	25104.5254609951	0.0007691028259909978	0.007668581485529776	156.3399867770813	363.1977458505331	86834652.59706742	227980523.16330233
418	4.428739281953312	1279.559677852561	339.794889754354	7.313403268813511	-1.852280058422335	3054.5027407934954	21309.566608435685	0.008454904660328243	0.05519210237271194	462.035938820492	1119.6347719260561	1561104947.0935202	15125722048.27696
419	4.446768881985918	1192.017501774134	272.765238287843	7.891644263922053	-1.683931120724233	2558.705519795352	18933.654228358228	0.007945881193767592	0.06080025703390578	368.1627299353868	897.7273274574873	1049496367.2539066	9225786519.908295
41	6.40698137995787	44.315195642588	4.566707161068508	31.99903447589227	2786.369608328109	0.04251117075351914	0.14293464307990117	1.0	1.0	6.0618315567772925	14.983476457283174	0.38383173553950717	1.7323149054910598
420	2.744904480990954	1951.377224890621	555.56359939467	9.738944629989405	-1.655169292472415	262.1695421018664	14786.571789212787	0.08633337297352779	0.3609896467238273	761.6022818362301	1828.2284101502444	572289796.7812732	43289215260.37036
421	4.009797798004001	765.4217191630398	250.5873761102734	5.303359013010354	5.013807370537702	184.85647709366327	974.0907120500325	0.053136079598818234	0.3539404326071675	338.513816170975	825.1341771031963	23017287.0621213	185189024.47644386
422	4.674430685001425	121.6492083134388	9.813165772745467	18.49617026544232	157.2368937386084	3.3326742081840384	16.2884779613351	0.8077304447107028	0.9982758293090727	11.271333137603634	30.14369382712343	396.66047700305074	2927.9150385145203
423	3.8773938419763	976.956521807196	338.3092360198776	5.168237078615589	1.177857215758897	171.54613017462503	4229.156393545101	0.07157239401895787	0.40319312433940235	445.8002323615992	1127.0010103474783	46319851.61872076	2309250059.040472
424	4.005013471003622	588.0551054368386	258.6713989836318	3.562016429595497	1.285519347712887	98.29159970496877	1194.1513152040166	0.08164194707857945	0.504802353442258	323.1263967492773	848.8775660567235	4171784.3511203774	174503265.7069184
425	4.192121517029591	872.0505614167898	273.5013673297586	6.109591550683414	1.164999477883137	138.93415700183394	3717.699774395655	0.09052533958923463	0.4307849586932185	362.69361508298414	898.4636868300684	24537222.029314827	1154678897.2457502
426	4.360579408006743	428.1560669960359	112.8307528890945	11.85215651209192	56.80988827135474	138.657526504778	573.7797796479991	0.05672302181632275	0.4065267913634358	151.65241108241628	371.90321568324015	2783679.965316817	13982338.863189397
427	3.155695685010869	1537.168657725221	483.6228186072878	8.547921539851986	-2.883767155334072	3809.097634218938	23411.307789035232	0.03233349062646677	0.1466408836931737	664.965714552452	1603.5297630214318	3840843438.957074	32162773927.769775
428	4.435307460953481	530.22803891745	117.6955481343837	16.58595880810236	19.58944572088444	17.71478644784857	62.05698543043817	0.3211733161342524	0.9703976476054571	158.43633959065596	387.01858186569103	559218.4274818645	2766490.6784896865
429	4.6511387929786	283.5120106915714	47.52066042159687	26.92672341696466	74.61987189836144	1.6637019589557693	5.989122948573325	0.9721897129196684	0.9999992168372527	63.87796766981805	156.236069348161	6394.20803851476	31269.469817962254
42	3.779214784968644	620.9533896263524	264.9673508896325	2.529336434783598	4.822792834954758	3052.158482113961	14157.54109720719	0.01806303852251522	0.1270093480549653	374.3473798072679	859.1340997705936	211164583.6415619	1740116301.5560467
430	4.69578166102292	760.6873903354782	213.4454934390348	11.16318601741996	5.987976404001556	23.055265414002772	87.15259884443566	0.2671307389888511	0.9220564147107277	282.5657883451322	695.8837900931348	2407068.7954862616	14151768.538239287
431	4.529970823030453	928.4208949240233	338.6690983563752	9.588145967181086	0.4299530020851119	198.0012464111299	1518.778747057121	0.03813671293462532	0.31155239761577924	463.5629809810396	1115.1117950624644	39990613.08642662	723320907.8780025
432	4.002370236034039	396.3001133107326	90.30389525190907	16.47210655400256	84.92034015638689	2.827231276160597	9.679333952197476	0.9065851469396939	0.9999539882947113	118.20424242287282	299.1723744968872	37133.71584638418	168985.82296889112
433	4.538158788986038	987.1843888990774	362.2605868106006	7.156767582205047	-0.6305172081853755	521.9592425796665	6954.33552097418	0.04867665454480869	0.23846338184855578	493.0015706958968	1189.7457465419716	141470697.61930642	3906047004.5274086
434	4.538984877988696	1155.259485793484	338.8852969880802	9.447808377602312	1.711115083310331	257.0288539492234	1539.9058650816462	0.04376704564025477	0.25941361758208664	460.10189681987356	1116.312625355074	103091999.08006442	955000159.6093991
435	3.193430076993536	2124.602797016183	494.5851163373219	9.081577128631045	-3.447636036761574	6211.112391149146	27616.005183530055	0.003665892234759066	0.029211702757228723	663.7451583130066	1628.6148933255438	14091471286.927967	72582763269.7157
436	4.442025940981694	1019.663042464059	315.434412522021	10.11219350869993	1.96243495159271	212.10014034759945	1214.0497498002403	0.04406382327790737	0.3215039925436296	424.8231087807784	1036.9206996780617	56884836.68071209	566033789.6598712
437	4.574643290950917	846.6765025008627	284.9178838433664	9.608191563466562	1.092546584942476	91.610126196305	543.7016387386022	0.08064895634266192	0.527738619461857	373.6938969373317	934.5449656883319	12913517.521525083	168917600.69332454
438	4.555423529993277	606.9292661156459	196.6894661056659	7.944744470229853	5.514142568543743	34.23100583893204	373.5533349080593	0.253441811650699	0.6909403177001768	254.92601722852606	643.6058482849583	2245601.09996738	37464639.06530483
439	4.44213378301356	1049.973515147085	324.7906436924868	9.819800162562899	1.785108773610252	97.98117740177797	2372.230300562383	0.22018481225129208	0.5023798749796862	440.55313815910915	1068.8026321047055	34750865.836650915	1219295748.3360946
43	3.69288589496864	777.7881386380834	287.2778354207744	7.000415254307701	3.949740915622411	153.3746068295137	883.6858541824798	0.058939426311442784	0.38068533404048777	379.3351398902222	943.6654175727675	17009503.458485223	215386232.38144115
440	4.314426021010149	882.9558921032581	286.1456957175253	7.56134788073886	5.603272940674528	615.1091643580158	3167.996511304778	0.015040237074305829	0.131181541700374	392.37000103093476	943.0892035288675	122354024.71679464	768230721.525239
441	4.357897696958389	1009.663528798008	310.9382790376551	8.77377716954582	-0.6298165901671591	301.08814596375277	4645.423328502487	0.046456563851929616	0.25857179609281605	426.58215264431976	1023.4823199345095	72963316.00343286	2427996154.0468693
442	3.751928679994307	775.3265458066248	214.0362404458705	8.589333354758875	6.573068145415736	20.094272249813525	97.6005763650051	0.2956987328811428	0.9028927960665156	282.10743121234805	699.3248683771187	2213475.2990729	17606618.06786675
443	3.561236905981787	630.8287163666294	203.3610287201342	2.836934287094254	9.377867096985083	185.10975717276142	2925.3156722080707	0.049924216420041766	0.3528454582277455	275.9836189854375	671.0312115549996	12764131.91381505	292114336.4648529
444	3.894798551977146	896.8850922175849	280.2245922844616	8.532219743566376	5.129037954654592	125.76019208497706	431.8002383820483	0.07146767791482961	0.4288079858579088	375.7287909621044	920.8465899971823	20221972.835454274	123020190.55377293
445	4.037602548021823	912.0387396236489	295.8002682115104	4.830128189833114	3.320440662672506	929.6493695010978	6374.720443676345	0.022920734833834142	0.1435409560506942	400.33638298645417	977.8632214185465	214511189.78045994	2004487413.5748832
446	4.455900770029984	422.8055436581698	178.7661425189165	9.834784686304438	5.945417308662422	29.61671185952962	104.82710830424612	0.21115939446087595	0.8905486999124459	235.61864651699165	575.8707864796818	564842.545268023	4451159.692529756
447	4.404845562996343	1106.83508762224	330.4966229432951	8.02058095463829	-1.240515374202632	296.378867081616	8832.552698920275	0.05038821913674129	0.3194796031590393	454.4093748599903	1087.9188860434062	122838311.6946915	5198695027.444127
448	2.666820891026873	742.1632337820982	246.4428614055787	4.990793432177815	9.0026642140112	440.91002424087225	2136.581839210641	0.01945839851176183	0.17007449998491658	338.5291592717872	810.9077930872958	50973992.70655106	293044205.0605931
449	4.618675320001785	1080.046584350486	307.0638767028423	10.56532491776768	2.887942904246333	423.59195007430776	2128.5813832698486	0.043913035847673594	0.19089479737102538	416.3296339897298	1012.1506198781547	143139351.39970064	1002307303.3651074
44	4.76158933097031	963.0054801973531	358.6178983646643	6.275896447244254	-0.7200180601835626	650.5321687640044	8272.809933271354	0.014349656503371264	0.1291919038165335	510.8574741968764	1181.9925468747851	148548144.57966003	4199076547.736868
450	4.653847656038124	758.7273838396712	211.4509835112199	11.50133919503422	18.58566949284418	109.52188684183947	629.9627239058622	0.12437379703016745	0.4756825944810614	283.21169054599045	698.9759579983925	12438028.025150847	96203414.24622098
451	4.393969119002577	206.4708679575367	51.3732337253351	14.44478145018054	256.8204377499698	30.94950724542078	126.56680097975973	0.23636725865970099	0.8465244435912807	68.39212002917972	170.61194975541179	64470.17391372569	318766.0053990298
452	3.110434104979504	1805.360748895259	334.6028967529779	9.012823547824459	-4.468984233217304	10508.218414944366	31658.10592521136	0.0014323364747523058	0.013751833540170356	447.1027768899926	1100.0141248508166	11413886516.662645	39302941483.38487
453	4.180438507988583	474.2132353503088	128.4853479763546	5.630022097543774	15.15656171204172	36.349480509217955	152.16187211995828	0.1795123674515058	0.8170091110478179	170.59848242605113	422.4386844646008	958779.9682301825	5549455.957567509
454	4.136502592999022	693.3178007116929	187.3282725314089	10.51133859179729	25.1789898373527	56.06336016115454	396.9854733165574	0.1796749707671975	0.6299491355379413	252.79130877359182	620.1261468550442	5181046.354541309	41491642.14127098
455	4.584723079984542	731.654686051184	230.6478272920577	9.89182035116603	3.076970041954473	69.52347897909571	269.36573142616453	0.09681557711997638	0.6247536809558362	306.37631487286296	753.0776281145672	6774439.788867387	44626587.85530609
456	4.533328900055494	1127.786842179446	350.3520202647401	3.509621481866781	-0.4136614869745751	2866.8255967023456	14345.29886433748	0.005604631356892006	0.048800468898622024	474.0131909717286	1172.3504512437178	1062042315.5184835	8310342188.472043
457	3.740720737027004	229.1865898815694	61.58296425520628	0.369855812177633	61.24738391477995	113.1447350904912	756.0949842673974	0.08247160681753526	0.4677587122489726	86.37515709114888	201.1694354133595	370620.52550433466	2372287.324234816
458	4.319114376034122	1286.161232417486	319.4647956213644	7.303733649964137	-3.062002635381564	6290.962417558769	29011.0664363906	0.010023714081974867	0.061515660415713484	419.478091610079	1052.3379584883382	3186685322.7397656	16779670972.003271
459	4.509068351995666	1077.177108346719	294.6680432167211	10.2175591750308	0.9235595533838802	393.4558338257647	2374.9030811915286	0.05650923730609799	0.25556502157067784	399.88229710747737	970.7004964336917	120472087.82726163	1141229798.345503
45	4.542010824021418	1068.843290308944	301.9259706052205	10.46797182253472	3.317738579916629	199.24021034415813	1310.688011202303	0.08270820902038481	0.3850447550326779	408.63543609643125	994.0693479839101	68215141.40735929	618720691.8195585
460	4.008513137989212	410.1089124379268	131.6574727223626	2.02032953601281	23.36277285772213	3027.903014005495	11078.601537144392	0.013069670610654973	0.08802760686882724	180.21552309908816	431.42885404133074	52003617.29241163	259390516.70235857
461	4.356586631969549	1365.653999301788	281.0398302774261	7.655836704315726	-3.642271849516396	9072.302588015804	31313.26418414508	0.00434639097843006	0.03556174640031531	376.34942407543576	924.9121968066144	4815612364.238868	18404674912.40493
462	2.746221475012135	2318.641687067281	532.8981661808593	9.13885690593575	-3.736185443914849	7783.550115428356	27591.34250934879	0.0018084384392742315	0.016413015929211662	717.0283323442245	1754.5269227769427	21656013540.090164	95430705437.94302
463	4.220263320021331	1045.432115118601	318.1108740666185	9.281266915318916	5.981030855499533	407.0493731940008	1943.0929545026006	0.027110759286288057	0.21789162389082659	434.5480358634943	1048.5880831492304	137492461.02373305	756659004.6491349
464	4.625066886015702	556.6952467174382	156.5290380058081	13.75619553602021	7.370905821897322	24.460274384883512	103.17981116104602	0.2731336081982193	0.8942681627096284	204.4486834158775	509.5655232119576	1027779.3799234019	6443077.668457156
465	3.985350162023678	1019.72317029163	350.003197290654	3.984536004971559	0.4174165129943426	1473.2548191040812	7446.236726460771	0.00778098486393326	0.0685462151719252	483.1438155008283	1157.394115290501	423021599.3787392	3748768578.3971963
466	4.374340542010032	1562.424616880963	283.5521668739095	8.193111936583527	-4.238539292452451	13012.198734520434	33756.647324938654	0.000979266159074719	0.009273042825604375	379.9186151842348	932.3270822915551	8761218657.908966	26064027773.019817
467	4.196780797035899	443.2199272213489	111.5924678808132	12.5523258280717	69.78336792049387	14.452648888794224	81.92926575711965	0.4035679944678503	0.9243071827240067	150.83948907169395	367.6926444682223	321407.27307800396	2322792.25870865
468	4.705142076010816	884.2892344607259	257.3587013697131	12.13643429945813	8.972494317420159	167.6542306886607	841.4901113202511	0.11328412259937667	0.3736921776926659	347.17697489040927	847.4038519417772	30935331.052248567	219733275.93934676
469	4.462347952998243	1270.406525979872	312.8707004540948	7.216333800013351	-3.225948621658781	6715.521449565241	29993.949055788053	0.027127588455402012	0.13035843541085526	418.04377639514064	1033.495147048442	3256084055.7826905	16597683725.52307
46	4.088410951022524	1047.810912643399	306.6734360385825	8.167158322242756	4.512724508005952	421.62855904254684	2168.3589583457965	0.03826723499773528	0.2006102823223725	415.9405113653286	1010.7038882615295	132536501.65036847	920716760.3239017
470	4.444985138019547	379.4003325744525	76.74457998746088	8.684053250785613	53.90531811249421	4.910885017570068	26.520283175431622	0.7138451291348237	0.9891008097514057	103.41345321399058	252.4479277110338	55095.31119397217	412082.2445665906
471	4.674543856992386	921.7845931561033	264.2193250713645	11.95963674674222	7.93200027213391	121.17318162463506	728.2377114812804	0.08254580034003597	0.4518637313809436	356.5820450110922	870.025180191695	25946401.945627846	216554629.3171065
472	4.19071051402716	216.6651821167355	56.41753150532098	6.908867479658166	80.44464424881032	5.851722308093474	26.29773047526978	0.6743486840911135	0.9869525242511391	77.03327870944534	184.75898138134409	14851.736273294582	86886.54392980936
473	4.008921295986511	474.2386456328762	126.9584193394317	5.603089357289413	22.88380095527923	39.429983108314865	293.3823142420705	0.18029494773277221	0.7267529261540163	166.60970414943864	422.22660171048955	1118087.32049815	8944432.806149881
474	4.76971477700863	1125.662375667803	316.6334177347554	9.582409273596799	1.825821610320289	295.132244392344	1279.7387131900389	0.038586420668971076	0.24393516485083758	430.92466774877573	1043.1686389390552	109896594.77565308	683447618.9724278
475	4.430421465949621	1285.156564705357	365.2280437429111	8.773054703694116	-1.67745736142785	1303.0784886973518	19179.237598418735	0.035382966833467935	0.16709797955311922	502.34927424035504	1203.423770193203	741286606.0144727	14708342938.292212
476	3.935196422971785	350.9920235596659	101.3261089272402	9.042841070912598	25.67362624665834	8.271738949096742	46.63322421393064	0.5583981852256761	0.9778738394324775	131.88105575013833	331.8110823038319	79789.11584385613	746007.8416278105
477	4.370390562980901	99.32139645231611	17.98966109229442	21.74559283591424	647.2385185736696	1.4261567851684513	5.371372546108863	0.9736203721130214	0.9999999116413321	23.863475402342857	59.12771025745357	248.50047483805528	1226.830156499805
478	3.568754333013203	233.4440478990817	35.20935494393724	20.44249554701369	158.8223361802174	1.0859163314572349	3.7565075662591143	0.9964796778102738	0.9999999999997738	47.260211689891804	115.69121726026387	2112.805632590286	9803.575198748704
479	4.053689224005211	652.0469923709346	194.9233209987305	4.376771043394985	12.23403039296429	361.55840487466133	2755.2827190632524	0.02981814586810831	0.22598822983753844	262.27269883573217	642.7999518135243	28194511.00437577	302826152.1389925
47	3.860227286990266	515.5474664577144	172.7490533804424	5.775603793380579	5.872557544991387	7.577601608601473	439.341489173968	0.5667690627078854	0.8326566838011638	197.41416564093987	555.098216217606	225289.1328524881	35542773.8884978
480	4.407497510954272	543.5478840247995	129.8458078525786	7.034616101478321	20.00372658148304	34.832610611337685	258.28908073773067	0.2173644501239993	0.7215967010855152	174.37851727188206	426.21560058981333	1442583.7865275887	11887760.19932
481	3.934556609019637	540.5488704422919	173.1785420084494	6.183798813505117	5.324005507662974	133.5245408598791	560.9976576009785	0.06860021264650064	0.4143432604321292	227.24601545784964	562.6762354350815	5109146.644870877	39365260.32858706
482	4.546365921967663	614.7082793700249	300.299190605875	8.001782559898693	2.274060781860158	62.20933949670941	349.00710300951386	0.107821132907064	0.6735146588907931	398.159547898428	972.7604106963404	3196089.0185707603	71858968.8974343
483	4.081743034999818	276.0101305134563	76.86093027790984	1.62568934919382	64.69434417252288	1113.0611570483707	5205.812580871894	0.01790063900216295	0.11505187080589992	104.97516804958178	252.99338730592459	5958764.736741462	32476984.89319932
484	3.366732525988482	423.5599267431812	122.9041920417158	2.188386895621807	18.53831290260115	65.4382514941098	419.91831760844815	0.12387425833098192	0.6086248596112103	161.61542486130452	409.3451306410867	1384388.365453161	10285268.55842707
485	4.751401212008204	849.4720542126591	271.2147946892595	8.038201000695206	3.308484241347034	34.041598501505604	614.328304491844	0.19795705716815779	0.7275973072409077	363.42655351959013	890.4400961532042	5596576.705092228	163567088.96835813
486	4.674779391963966	1042.257256710639	338.2835802428102	10.14560695668294	2.304168078597854	98.01343766947801	1418.5642724067368	0.09943243620703023	0.503767112536837	458.0980720052105	1112.4065570396995	31094206.071380824	776167338.1731051
487	2.696629985992331	2543.506025295716	471.3776174705108	9.195581288097843	-4.451297934272494	14050.179752810795	34033.534097043346	0.0006229656998219574	0.006087675794373073	633.581969448036	1550.7082060807993	40621936614.13191	116522086638.76727
488	4.19862311903853	572.8154648222936	180.6523417439664	6.302086587158644	7.589429333984532	80.16226474474789	796.3380796419442	0.0842456947266386	0.5722210980408814	223.7282790601423	583.1914843918123	3153910.25370499	72542611.5580808
489	4.536030233022757	1152.318866265065	322.7702755253491	9.372894150890414	1.354179821373798	503.9035265817784	3378.332680962735	0.03824774445388348	0.21902943261929003	438.8978591007923	1062.8199360704134	202781897.44622526	1985305355.2021966
48	4.478381867986172	1148.314465664841	315.7770928618299	9.48364754606675	-0.3714625663906705	186.78057065852724	6567.7761476829455	0.05487422525444301	0.35945373173394857	430.0663111668391	1039.6771282954692	72901007.98096558	3859528114.041258
490	4.487921004998498	1479.79532655167	347.0656716732364	8.177746371187435	-2.097500707636254	3041.7569677841875	19238.145008063726	0.005191250079060592	0.03880900310459085	468.90375952483896	1142.4486067530843	2393654383.222236	18938078219.958466
491	4.197162292955909	538.4317673794475	135.4059133034905	11.08821549158201	39.48632514510197	29.254278948138417	148.64050731228048	0.2762088736493674	0.8238717929518236	182.56813736165674	446.49672305676916	1140940.796345082	7691101.684648763
492	4.710088877996895	479.3357787981508	118.8941409398016	17.97320337430932	52.78148893351221	7.170351261493038	28.66906400565771	0.6115148297881212	0.991374379760411	159.93350997116175	391.52183041718496	185873.21666645858	1049524.8033895248
493	3.778412931016646	497.8189237703125	166.7131320275707	1.924086062975078	9.587680400567553	3336.197774095486	11566.182291486075	0.007778445077808241	0.07065095886350685	226.60644805514	547.2302369795922	100133881.18902712	512757738.7903898
494	4.717982906033285	366.8113542646736	72.96397421903458	22.19758967836697	41.86046261655409	6.8165583911822125	22.53026042125142	0.6421815702080426	0.99940321749073	98.44160127362892	240.06706308059816	64782.114799608	299098.05210080347
495	4.142160768969916	863.7298007859974	253.4748171639176	7.509790942701496	8.282953673358392	153.43967705986827	724.2416161166757	0.1007797356582535	0.3942123465875793	341.11061443972415	834.0344329704914	26274102.10533574	182012503.87063396
496	4.616327190014999	764.3609474566856	221.8732251718445	11.5274263134482	4.23547551377297	20.553672041534334	99.23964317298403	0.2954624231853414	0.9008550965333192	289.8043940684081	719.7030475960332	2186844.093172167	18205469.462145064
497	4.013812541030347	669.1016781339399	194.4911044669458	7.974887917746257	8.583977053537664	88.81497836135097	408.55770238677286	0.08220871935153	0.5375713999661116	255.90798463707665	637.2613276978107	6411824.454401477	46968142.013973966
498	4.665222838986665	469.1548396139273	97.26871015565023	20.21655254012162	52.37272597292883	1.933197975160953	9.025094261607824	0.9177306072688501	0.9999977591407355	130.5089057111848	320.00647214057955	43836.86987855166	250073.66046638644
499	4.155007865047082	321.3446861310157	89.68338080710417	12.65125656740197	75.51209447806859	11.298328805782559	58.852879251477574	0.4644747304061982	0.9475073389790121	118.49235528162052	300.3552564405152	91452.67209843779	611105.7412883383
49	3.542160409037024	515.4569825403039	173.8513673642905	0.9912114392539131	9.146707146285816	470.16147255422214	2469.65834919442	0.02352363422092634	0.1743775130121828	233.65315718096872	572.1764054180973	17818075.65555754	133438240.29713489
4	4.236857203999534	340.8880047404629	81.30350238594822	8.921394016841646	34.27391991437756	26.964802893176522	89.53247613851701	0.23220221078821748	0.9206724914350976	109.67095432212648	267.52726226770164	234657.59644948805	1160074.7311914545
500	4.294513801985886	846.0584459847668	264.6896397507686	9.783688941596669	9.318172583816342	444.8442675055681	2078.7038288807403	0.021640357930962688	0.18139832896513525	363.2753183308713	870.2593121219109	76297960.42319563	429879648.10528374
501	4.599901456036605	1126.031020143125	317.9741648732418	10.67760174891243	4.204946504366378	328.6229113962179	2329.421555684201	0.05624238272482113	0.3010266009797737	430.5648858076311	1047.8103726040185	130189200.55367818	1234370157.5082827
502	4.496725570003036	1237.676574960481	343.5037481013122	9.522820634385235	2.040793350945838	486.89120272908457	2718.625192048553	0.023956489967787018	0.16839980879245867	465.8817911033964	1131.5440230200657	249193894.77597532	1891215109.4011784
503	4.680562926980201	530.0408702232216	103.2132276199812	18.65098192323302	35.98398782409048	3.6452488069616944	13.614685579691598	0.8264187709763142	0.9994870846566482	138.84537989387934	339.37895288725514	104915.79709532777	538056.6442551896
504	4.235421667050105	932.8812025542474	330.4581399833892	4.393520460497918	2.016649267967075	1733.8439327049261	10152.0311168986	0.025188735454668487	0.12521475934474985	450.6656121255145	1102.031201313733	411744995.5296893	3563655770.8860803
505	4.582720984995831	1142.145015472012	313.954489971144	10.51253747831366	0.1001610482060434	379.7549634948416	2431.8106215660514	0.04195204463590235	0.2663930830463857	428.63273419430186	1034.3853779551127	146035017.0254506	1395783114.5432928
506	3.042710783949587	199.0510966428068	48.42009693476593	8.636337374603023	111.2137787847622	24.520830806784833	111.48192431382014	0.25489446937472987	0.8845480135352758	65.32107422196415	160.92808119095787	45890.925679205015	222738.85361616928
507	4.503272281959653	457.5493413400318	142.7097144595875	11.00765880258017	11.01841342140733	22.95524134872005	91.38300636259694	0.2762384433376924	0.9168527344157182	190.79734979768057	470.13943199355697	568115.0199557581	3433125.405237253
508	4.452076351968572	917.0690332535271	275.4403014817085	10.37673052097282	4.780738376963702	32.53718415584329	679.4784615324328	0.2640619706127872	0.6760484341704749	369.27318311302474	905.470329192983	6961491.087147219	228153441.1531873
509	3.623986477032304	592.8779290571595	165.9401151515504	7.141221877257884	13.34941384976367	5.95324030739878	28.37803763899005	0.6640409757877628	0.9674681466532461	221.88592986306492	546.2556977708182	323725.42147546867	2298382.081086791
50	4.747458461963106	1222.631775049194	326.6251289503971	7.194910858273902	0.04576633748825087	278.9573652223838	4606.406323915716	0.11830697820855168	0.33713888343290377	441.37064205312856	1075.2554242415595	141541604.13536283	3035414630.772834
510	4.216379099001642	825.7735300640092	259.6333149911943	8.899199156010841	8.65570117975495	594.200392957188	2685.6499646285106	0.014981035803698854	0.13094758845370358	354.75396181853864	853.4914338554362	90260788.92326424	544982394.5795537
511	4.61775337398285	601.2081849747697	147.9359944417415	13.8143854799134	22.43894545718595	8.79179259642494	99.03995453445295	0.5305632490703156	0.9012195820249282	197.7332483818978	486.563813153038	487308.1824562286	6663855.470607676
512	3.93750346195884	342.5980887768967	70.23861951816694	14.85355222784216	33.25399578579621	7.060175648246637	34.84426189050634	0.6094220290895371	0.9819080083457826	94.1066038237928	230.48042855673228	56854.11820891645	404303.66287111054
513	4.499579076014925	622.7002626517967	177.5030701311956	8.588069393368045	6.126648992086466	8.207763471828088	165.87418454748985	0.5477124745206987	0.8699305780080224	230.01491781252105	577.0200043768637	493902.75176078535	16952564.582168464
514	4.359884377045091	755.5877903470821	256.4532541982608	4.298488128195971	6.159763000956773	1194.4900501183774	6602.314586380314	0.016061220832797766	0.11838407398005224	346.9746271825427	849.8753797924315	155734521.7287436	1153399674.3669193
515	3.989629986986984	886.93675359546	293.7554842460054	7.287724937222006	2.180994217323321	142.6914519015989	1649.8233502704543	0.07311753027817951	0.4165458140614857	393.22022426904005	965.7179201101632	25458966.532102246	550737728.0065627
516	4.177195134980138	511.9046608675404	140.2655471469682	7.83242168140924	12.53917661572388	81.07297474118725	268.21622169550955	0.09100399533896077	0.5772209141520658	190.15576618782444	461.71188267014804	2604429.3735905136	13340668.95301086
517	3.141842584998813	2025.074253005605	397.4003192439001	8.078453067468747	-3.932234008002809	12058.45070346582	32848.4687035269	0.0009838578319536298	0.008930080197872838	533.3590651532688	1306.8792241760127	19238150581.340836	60697474567.82162
518	3.168622812023386	2077.302516640568	500.3748433219795	9.207853636690327	-3.223768996862031	5886.741838359129	28654.488245997756	0.0056103667615103325	0.04579560604504437	666.9110189866158	1650.4405659077954	12698256282.506649	69964171386.91273
519	4.144025610003155	573.4780924764725	177.4783889700818	6.82340944033731	7.412469020232054	226.86551620333296	805.6280482526596	0.039226791200242826	0.29368021105798764	237.66035756170675	579.9016648568108	11293116.633620618	59773130.71406877
51	3.689438348985277	545.1774150257804	129.2146145630129	7.674151741809858	14.92170331512762	8.778866857731288	35.04403924541118	0.5434906053065777	0.983599477319811	172.67212696788226	424.1055515737173	320854.24646443053	1869240.1166329721
520	3.640366633015219	352.910445866194	73.1661990279222	15.20459100040087	42.44100660090398	6.8958005020723245	28.120018392336604	0.6194588199229782	0.9980821811000171	98.37415902493632	240.4918007985474	62229.324882126646	344334.65018969716
521	4.571165267028846	1125.390989010309	307.229311602026	11.23208741174171	3.474696943836229	498.8495744426172	2270.757319331709	0.02084383857536514	0.161359155638673	416.0027098515544	1011.7852819495233	186565156.00639027	1152621878.1799023
522	4.713192263967358	669.2730706334798	246.9208064367843	10.72058756648579	6.914367176560445	34.84954520533761	321.38263843649855	0.2128818620448337	0.7760108615506328	335.55307617736975	808.843529119181	2949732.0954909385	44033037.451940104
523	4.414858729986008	1265.560901256638	349.4674050630816	7.157345945797194	-2.550631344360435	4068.50981414561	23540.33724707811	0.0043231390357782945	0.03581224231659422	475.1712674660762	1151.4367499045013	2079195386.850843	16392630263.763884
524	4.393514835042879	443.6160561396411	122.8518768718687	5.256676802719888	18.70294541076388	59.75785052959144	734.01400015993	0.13988545360485116	0.6050490301336687	157.10673770290197	401.5083127315199	1166257.4708435836	23989290.91896782
525	4.403342564997729	988.5719129771555	374.0426249256728	8.457693272368646	-0.7219396203153416	249.12793187766889	10290.471763761288	0.11367762507575475	0.4157396523459073	524.7889763578814	1222.000076048979	62287238.72935918	6228509327.085161
526	4.709179174038582	713.7042838578511	185.153129765115	12.07241014219949	9.199079835235374	24.602813134449956	103.61241623562162	0.2687890388791252	0.8931194602687796	248.21538534094702	607.488673069759	2102564.8740088455	13355479.650654327
527	4.500728321960196	1060.718704687917	361.420996071279	7.86984240511438	-1.895550569007384	711.3333830391034	16525.772796151254	0.05737759963729905	0.30225936563198325	525.2604162918865	1178.7917549431525	232918011.42530036	9400701432.714188
528	4.552265470963903	977.7462746975045	286.3187083161808	10.06080187841729	6.673879959360002	126.3782803941096	795.0679960976557	0.07221397289296748	0.43813306923438733	387.31485543023723	943.2129591338224	32812706.455125198	277722190.36807525
529	4.594388847996015	926.5368124360197	311.3745178981049	10.82341702226884	3.455721307314331	189.02622762166948	1678.7263840745609	0.08870898904047589	0.37905328272991223	409.71949045943006	1025.463680920975	36903804.21174808	641369280.6117507
52	4.580863778013736	1246.194696556436	330.2614240126948	10.3211175896107	0.9134263867628255	408.0132757984901	3960.1678176839514	0.03049404548773362	0.20386939953770936	448.05552489712943	1087.8633799530357	218512325.73282185	2734027564.8270907
530	4.722285934025422	765.0505426370537	194.9605003220182	13.07201884298023	15.10740341909339	7.453103951161015	56.09057945636357	0.5900547046616618	0.9269720297287557	259.33889195100437	640.2159068820281	802608.3690317043	9040085.161898598
531	2.696219459990971	206.0444274146035	49.43399353785797	8.616714241949452	136.575466898182	47.34703183418579	213.21718168210393	0.15262855121744293	0.7241759691295929	66.28324729458305	162.89029820585236	99825.74703971636	553923.4683650468
532	4.812875068048015	578.5876955375651	145.296670327521	12.54363941388851	35.43942025803165	8.11446095581391	233.19229114936425	0.5502397404312118	0.8087792964019213	193.4661991927884	479.2732204294166	409274.62154005625	12471542.346250106
533	2.674607402004767	952.0973785023461	314.7042019466357	4.466847028359854	6.824524392045046	692.0001195927272	2658.4578359784236	0.012897584617903728	0.11663259243419687	434.1241742482724	1037.630423140353	168597159.06885046	771526906.8635575
534	3.965600238007028	423.3775942194914	85.55588907748424	16.22784913023518	67.38082781890944	3.1698946142466955	15.473522058695258	0.8306254323824216	0.9998279117286194	113.77289066949498	280.66777997522166	48191.018451579985	310888.1544333368
535	5.548080354987178	158.2612361098524	19.35096120087666	41.50201276618753	701.9571773620102	0.23943423583171602	0.803081397207651	0.9999999998752743	1.0000000000000027	26.076753335698157	63.64595908288403	120.23879572929485	530.5222925502076
536	3.708666517981328	496.9276425311734	131.1140482917025	12.13239001830505	18.25207637234324	33.786487013387514	164.35442938348012	0.19424242124395916	0.8173616372825866	174.52046317189354	429.57074115948353	991022.2341398582	7199973.844652983
537	3.618758620053995	624.6634195776073	156.8401671727476	9.57435928665203	8.654806362738	6.732498152900825	26.86032575013397	0.6307459837043317	0.9906464902876356	210.2649262521071	514.2461291748767	375860.67639543663	2264132.492513453
538	4.480701391992625	1162.999449197583	326.6838967555427	10.34941046636494	0.4023762058911572	327.31744224305754	1932.3229713499156	0.02342614615680049	0.20002003984819333	445.28194428783036	1075.9590596637074	127168348.74331757	1206962525.9853163
539	4.492307110980619	1581.071733179009	347.4391257138846	8.187187899869091	-2.703017344691481	5777.41588153342	28597.82889005075	0.011922112970720171	0.0607020899449153	467.9868818178197	1143.5124830403288	5200761499.207488	28825717021.759773
53	3.600177820015233	1313.324648820414	399.555157614039	9.402018537439837	0.8410373323080375	813.3132236236612	3690.527428664322	0.022255623944310042	0.14395183790393293	546.0224242580048	1316.218213826149	500421740.09151256	3350738685.309788
540	4.52584473596653	886.0635096841843	288.7977276291389	8.59406522836483	3.228154596229527	113.51467399151484	1460.0801202962862	0.07468821183948858	0.46995833315648533	389.06517249418016	965.4477857585306	23019083.664411116	422441689.38191175
541	3.842614157998469	606.1105544161636	196.5317109463854	6.725334693085204	6.218782500013765	72.28738249817582	495.2900978135554	0.13214060415885034	0.5874168056334568	260.12780513107316	642.5132335986636	4362322.813803205	47177553.92331681
542	4.322060252015945	1032.970486358816	322.095404946542	8.738874982942507	-1.675264385141909	227.31263679027438	15523.275935967315	0.20461608452560082	0.4256247830118141	451.0418375830112	1057.8640048127377	67257584.01518236	7320188642.516788
543	3.651556465949398	424.8775333577633	134.0571232374074	5.33845969938092	8.550477669211919	21.262051047767894	107.17108939981782	0.291393667787821	0.8913594956451131	173.69348199868608	437.83632770630186	429871.8093032296	3000743.0331000155
544	4.088745173998177	617.2978149055232	171.2611883872939	8.871504821282041	15.13034235495088	52.23910475645886	263.88580180070295	0.1680656334259929	0.6674632971970988	230.6935601569969	563.5977732649571	3350070.9158525197	20610462.615064178
545	3.972526967001613	199.8204563442684	43.66778403280847	4.598958106770702	75.91676298894808	9.520716857245336	29.700119149055958	0.518029050782094	0.9972144128511046	56.4118572198505	143.69427218294385	15231.501568981466	63312.875022223205
546	4.672191106015816	610.0313384857998	194.5538875139281	9.471046440091984	8.397557044452457	96.76717189974472	397.9894002489011	0.1023663744946906	0.509496308556189	259.8361915628465	637.8805994567379	5738435.734944205	38936423.38836414
547	3.860783156007528	830.4209636032566	282.5233229563783	5.652368441753461	1.829520558098531	401.526435477042	6262.648263617858	0.13148584256047002	0.3414605982313853	379.9626895172786	930.4330553098603	69220002.95741834	1702847679.9679239
548	4.606156444991939	210.5986377820687	33.92005741773124	30.26888207811671	182.8984593158532	1.5847901608822692	5.34879780738744	0.9852746318187593	0.9999999999999826	45.26868104828645	111.37337158249119	2394.4407330703175	10768.340158670964
549	3.111411358055193	386.9651427531451	112.7376869140061	4.307612890193688	21.14560858579199	72.27441262351353	267.01385451231516	0.09288078973541955	0.6152204154448274	154.09784170435353	369.7429480923321	987936.9733527574	4649437.650168738
54	4.446654325001873	231.5675384963257	36.98789199131509	16.70603044467881	165.5025020837207	3.5981995246130127	13.71953966251572	0.8265698803089437	0.9999503231442648	49.521963474945835	121.48115785736661	7274.189598671466	36806.19473953616
550	4.32848894194467	279.3239590365172	87.0984531495408	10.07126463665233	97.11978211048715	97.80628845849307	396.4230610897464	0.07887219181188998	0.5068375196600146	121.16113147748496	289.01008700062744	533477.3355106527	2430376.2954247333
551	4.362666686996818	441.9525830528921	107.8691224092836	6.667313555742801	25.20287677458343	35.311799563525945	171.2023662870895	0.21779409046868695	0.7969543562218219	143.8439212709357	353.9038794250476	693868.5837575302	5091621.008068866
552	3.978673603967763	977.8035222083781	293.3429512064144	8.82690723567573	6.965417020371191	331.6066890748343	1347.6753394528146	0.049142175294321154	0.2379339559412196	399.26031206936364	966.2329199713821	79281998.0870284	480722561.466597
553	4.357010539970361	931.4374945683236	308.3474501608337	9.460685146989139	0.07136377018745221	137.30956245562032	1409.4787801344364	0.07507325188895635	0.42232672671459626	419.2048185712507	1014.8840950045211	27891102.04964956	609622612.2940066
554	3.961345739022363	581.9967738603182	187.5970159799531	2.017868111561855	11.95467972329222	3319.8558731620697	11582.596675139646	0.004155882035425112	0.03571569761390276	257.29727725642675	616.4911079845394	184177676.26666468	781537557.3073388
555	3.978616586013231	414.0016165776601	85.46247988987871	17.89147842556414	57.25354076604754	14.23340180632879	51.872230341992825	0.3884412992085275	0.9805999999173406	114.6023066650838	280.7979174060676	207746.19044965183	999894.548098342
556	4.563018142012879	1010.325356592238	292.3522323248612	8.259558784750375	0.9666171169199376	112.4659506274173	3812.5874019525427	0.12564688115145586	0.4808983583565165	395.3962700771858	962.2359846457134	31416083.53028387	1580213121.5044708
557	4.131686970009468	154.4275473358749	25.08428666265932	23.70391028853472	164.2052567998939	2.7054350024969427	9.144227089100395	0.9182005419739541	0.9999999996518302	33.124006162330005	82.15418766859788	1554.6838490330035	7375.790274783829
558	4.183420766028576	890.2976140981035	304.8656936652337	4.902587464769292	1.735436845856422	784.4669023775357	7819.480904722872	0.01948189455441658	0.12175603372567861	409.29203771985476	999.7609157584856	144424424.14034188	2639630150.173697
559	4.542076620040461	902.4055210507534	276.6915180219048	10.51843373401505	4.966950209374276	18.800994071036985	131.41691880323663	0.32825318053916136	0.8627056763678582	359.60529165299386	905.1373640812703	3353067.4978461415	40913135.92161347
55	4.445356712967623	1055.727717599425	345.3354372883926	7.077020078066516	-1.876767841137644	1583.3702349062312	18235.254950872888	0.02633340930815729	0.13479612324380613	483.5150633456883	1134.7386189097324	505733478.7974532	9560875266.49852
560	4.197275065002032	1015.48508677351	318.2686928481696	8.523363797629091	4.442231621518914	486.34739422563945	2493.4820312545216	0.03043293831222206	0.20791537575278937	436.5638008316199	1050.5562846728496	147646596.83128443	841112709.4600718
561	4.658547819009982	588.284745540326	132.8244722576736	12.63970913286244	26.05646792229307	5.888986626259671	56.012422893785406	0.6447905371080924	0.9282228109036154	176.39561265801757	435.6158330839328	269296.3606411693	3577003.815082998
562	4.355652361002285	1268.435101851311	354.3554013836959	8.419638834841386	-1.577354146933804	1591.320146978108	18939.360555556905	0.04598444867918616	0.20426406441260733	484.8800529223479	1167.8596454493659	911112337.157864	13923149635.970993
563	4.731538110994734	554.117900825823	157.9802153902247	10.48771657634583	30.83738718741947	81.39195175768816	428.4380219562251	0.0908832741179564	0.5600431567591594	214.11639185177262	521.2466104706106	3949053.529844636	23874751.245286755
564	4.508573740022257	200.1846137807692	73.97315728479347	13.06858300967744	17.62379943747023	5.502427136309144	24.266863478839927	0.7018704629861995	0.979665668876876	34.62929496594785	93.78940196384221	4645.711318324079	31867.60629829701
565	4.050297791021876	1140.168394981328	319.8592045726753	7.858401876614936	4.37335319368948	475.4850450873736	1893.217475270825	0.023264991209731405	0.16335448461984273	434.3021420514664	1053.9144569451043	187106081.69682243	1046850850.934849
566	2.649189981049858	2347.61389680587	646.1932325223695	9.596791279281746	-2.722770491603669	823.4317681449238	17273.507848932986	0.01949810723755342	0.15153176590221426	887.0211363130568	2127.7447858240353	2771802785.412627	79828510939.79572
567	4.177893948974088	930.2313686268571	314.0084401778988	4.300933401312282	1.385822480031887	2165.059879086035	10296.60420144761	0.016874124123694267	0.09624711664824202	426.98770019195456	1046.3670353591422	496998630.6710166	3503855260.7657804
568	4.124082805996295	604.3207699029322	174.437126752525	7.738574478198696	9.56776129421133	92.60095418082696	696.3711843612506	0.08965069112960149	0.518216916822684	230.88749961604861	570.3465473550874	5487615.036908638	55598463.63567176
569	2.598967425001319	626.2302887683239	181.5294990750146	7.199517116659191	23.82821568591082	267.3022025937487	1106.6119901912186	0.03390821479256012	0.2633140990102511	248.04760176987162	598.1218877175927	17839545.039663937	83778100.94475162
56	4.288536847976502	617.6683814700824	186.5317877750374	7.488668157494335	20.94004971552566	177.21822597853577	724.7924776645244	0.04240996483552252	0.33509675334806166	254.1646870646017	614.3080837972889	11729764.18848949	59058097.900729366
570	4.575617281952873	873.4453651671839	332.168273539857	6.84548278996603	0.1078825592802375	654.6719905649841	4580.616535998277	0.03980174483298472	0.21058144319254854	445.99035075212794	1108.1981827023883	117052100.22620012	1821096917.2330058
571	3.657145222998224	593.9814180389922	183.561166656125	2.51925395966545	12.96532896332877	699.9645020529254	3747.9577789025698	0.015038593232244263	0.12648994498034932	247.94773922238284	602.7466027918249	42298629.09201718	277820737.69796085
572	2.979134857014287	2045.183617857217	561.8228238198864	8.292951982731267	-1.1143664110891	926.6580782994316	10617.272994837409	0.02187017263498898	0.12131817489729162	763.5690438914992	1851.127565841431	2027631806.8312821	32577098470.464256
573	4.221842727973126	748.5815107210378	267.698148502773	8.119550949288513	4.194162640692991	368.67183488825276	1769.2582562502723	0.039042943956290925	0.22911985226043435	367.96762847475225	876.12407991328	39622940.27068507	324518676.86798286
574	4.050928182026837	379.2505952440653	92.03650635436921	12.04679365975389	15.47029817503078	3.9932708017716467	16.834931167522495	0.7783086749888036	0.9996659448160539	123.78733073565428	302.61719981177515	50226.07647415454	296292.3951221089
575	3.545772638986818	665.4593147109678	209.502472405264	2.834090852499166	7.056018254735996	379.92124995058015	3190.1018288012924	0.02511248759684651	0.2047171092790211	269.7111358994065	688.6397541996785	27258075.81870551	441289516.6523858
576	4.203071055992041	620.0482261222131	179.913351058267	8.462474950387419	11.65978882362066	107.65188472344708	433.2538825641892	0.0746284102637644	0.4766768524429058	243.9666349802298	591.8908876793412	6869802.724619612	36797359.39068424
577	4.611269543995149	536.5495941334684	122.8624920263791	15.01450174823179	42.2286138917611	5.163310246582428	21.198317958012485	0.720477862973024	0.9971229749945817	163.85922122336729	403.6175886980065	177942.8799189843	982953.6489622188
578	4.525950199051294	700.4457556817108	294.2810540278925	6.311604794281486	1.206583946925762	232.82020853148097	2630.932814650584	0.1021556093172141	0.36539188118226185	397.76382758907994	1054.0478729707627	22485835.077526648	674067752.9412698
579	4.530338526994456	1018.415022099231	305.8905838832699	8.303770564809316	2.09551683344888	268.75298751561155	1765.9061129697182	0.030556594632085377	0.24328548516909743	415.54904311283883	1008.5099498790184	74137187.52194461	778337278.0521661
57	4.718189651030116	769.4011744221082	214.9561040384085	11.94742205606253	6.429809715772394	84.66006569196121	478.05250508087283	0.10259411699783434	0.539969061705043	286.7348877735485	704.4391991158213	9876877.849288642	83214355.26255557
580	4.392895271012094	204.2927935279871	33.03782480253141	18.70219269888448	148.9300828904434	9.91330692959944	31.309905116594	0.5028155627325898	0.999782513696157	43.74620730417416	108.39393587964514	12854.32815913657	57848.16628458414
581	3.233837356034201	2076.888397041579	500.1588625486972	8.749270928752651	-3.085608238803295	3295.0978289956006	24160.35711166699	0.008649454338501176	0.07630342024096828	677.4713622740003	1647.5690207770242	7242098368.803186	63379190696.85173
582	4.663991171983071	814.7651144916874	223.8662668519202	12.14835188709616	10.29102454174693	36.67256279405318	404.7670683890335	0.22584846966717095	0.7155731240902072	295.64862882353714	734.0879130561393	4940180.442107191	83718173.32433216
583	4.671748930006288	826.9086687901778	252.1547820426175	11.02560166932983	7.454569240369929	100.44378630165731	764.7203494588225	0.10014152718137094	0.4988004719325174	337.7609490293672	831.0391498168436	15251753.482130598	172464797.94925067
584	4.540101496968418	1468.326908310712	333.8711452282887	6.212597809475789	-2.89141092819187	8501.218618703995	30704.510214295944	0.0040242322491769135	0.026821375439430136	447.57416517317415	1098.8074587540393	6013142040.346002	25099697974.252354
585	4.350285356980748	794.0335849551352	264.4999039110952	4.544772009174586	4.600782171480609	1210.6400396218999	6285.1427997290375	0.00952441569124708	0.07610297803882703	358.71565839931566	874.4725584410523	180138409.3617222	1249243682.0600665
586	4.426704524026718	1232.514754880712	321.1892578239365	8.045374093490977	-2.060438841330602	1764.0379749927242	17722.301732760916	0.008465829309409685	0.07438925133949109	436.5011238759356	1057.709074041326	839975178.1019686	11007503904.861824
587	4.123277397011407	642.8645988229877	168.8927286391555	11.05085400243144	28.00535968665039	70.75706029454	265.7882384238362	0.141965466736613	0.6110015232757153	227.71325230706145	556.642675813608	4559024.037146906	24260884.487125568
588	4.026790749980137	442.4714902428913	116.7622295212708	5.66998096002462	22.61336282770211	10.205680131777838	345.7378534429695	0.4953330116119613	0.8103390831292839	153.88014746005808	388.0967059100757	239307.99821573694	7929468.035509854
589	3.916909172025044	757.4714800793695	262.9584142964495	5.317123507977731	1.238891808736075	159.67639274569734	3646.9172352830287	0.08349620317017643	0.39902390329546866	345.21097147535886	860.578073442723	17919798.51079239	872621082.7894802
58	3.640286358015146	478.8327281895022	132.3067956998248	2.447484696046182	22.22572294298858	159.1344445865055	1690.1475483209633	0.05352057271650209	0.38818507240648814	179.49060897184916	435.0487863320397	5028810.012760426	54569765.74797098
590	4.583232682023663	1256.28626933706	337.8736219447859	9.887733196203662	0.2973487620695262	425.3627027729082	3285.9005290443274	0.06499421963935044	0.28011115307969664	458.74893354479786	1112.5637433026036	218244544.44009084	2447271783.395849
591	3.918900126009248	953.3807979784858	323.2363324092634	5.372996591013585	1.173897764571198	767.5991920337726	11472.706306394091	0.032177314747828825	0.1651710228341411	437.86999295777514	1070.9568432522992	173232059.77242994	4992882824.741418
592	6.449083838961087	678.8474987159606	238.3291751244242	7.027835997450318	6.130442855591216	473.67668222245527	2134.7434895742704	0.020178089875718484	0.15844187861265815	332.23508521129366	777.8290864174065	37882952.13080002	261899719.2041687
593	3.757548118999694	747.5304971687965	320.3705291416452	6.087992124010857	1.553475100856635	145.53993437348058	3258.863465851256	0.19086272961084422	0.45491129647061396	444.4597637652464	1031.6660685622903	16436134.42559973	987785133.5750359
594	4.153295282041654	1006.420157921119	347.796945306676	8.501107468981138	4.529120955031866	1010.4672376239195	3399.2061912939052	0.0244615906398213	0.11657374220161176	491.7683505611752	1137.5964745808706	267726611.76788577	1308948870.7017822
595	3.31993945495924	1732.741798932937	398.5526516782099	8.828714285465699	-2.680344813561364	4638.849245358958	25372.28559539624	0.006609039349844443	0.04490179893426246	538.4437340219145	1312.248954346038	5834998934.498871	36540784059.22735
596	3.956855181022547	925.4572245411925	268.1440843243909	8.875731690948317	5.444849380508067	74.25416532629087	1010.2228384098723	0.18570035671516502	0.5543146521609781	362.82913408772583	882.7210628320618	17512429.659067288	298332727.5253619
597	3.021587641036604	2121.931674603336	458.3585625878153	8.932990328543164	-3.990916839925775	9645.896221264453	29904.291618159685	0.0043044991246311585	0.02842115744577108	611.5408184745295	1506.8937422654212	18932189995.584583	71855054983.63359
598	4.46598543896107	1035.473027053862	284.1449859279068	11.35129570419502	3.597666819164686	65.04335393253386	1089.4222362416594	0.21412816369509377	0.5773547886743654	380.9435011195342	934.4072341090038	18389306.946689773	470152409.54087853
599	4.346116478962358	890.5952741523338	295.8480897212567	4.650548422718092	2.970934188585829	988.4228156955556	7418.768610226637	0.027411023656397714	0.1720479967615189	399.9619013045117	975.1714002137492	202594579.51120734	2103844551.44148
59	4.430513381026685	789.3857978753128	260.8716126657225	10.81647103566925	1.20737948579465	24.163912395642928	207.48175175564168	0.2990493740499313	0.8230345873625495	338.69605582955626	851.250077197722	2969024.002950535	53048930.07982195
5	4.619721029011998	1101.125674872862	336.7545799300283	8.799372106940577	3.310244019767445	373.44979292181466	2401.685166264624	0.0591430453782301	0.27026669144790655	458.4586929627354	1110.2111102836438	137826471.334128	1294232661.4907
600	3.896199658047408	731.1987676234525	225.4695050374497	6.608048606449428	7.401411618420086	30.016296267302085	214.0071939916056	0.23965615032096668	0.7929311621701619	300.29164441004434	737.6655667529004	3038109.987492824	34631447.91856802
601	4.498190977959894	1085.396600224814	367.4561132444334	6.749145494708387	-0.4010279747564841	1363.4624150087593	11352.376473127575	0.04826723217178888	0.17250648086814088	514.924043598876	1213.7259016531707	513207125.96996844	6190426766.169852
602	2.74057109298883	2764.407013625173	571.8791586316003	9.635672209344383	-4.208095430294483	10513.557902485338	32193.34537321032	0.001625372248270417	0.014090084580373785	767.204447361406	1881.884154851757	45041178576.10707	157893031213.83548
603	4.579705787997227	859.7927423628225	278.7607021190589	9.062556507628864	2.623040947029518	172.37263387143778	1169.0138873491562	0.06626848544325753	0.38238216699839556	378.26427027955594	917.1096606922313	29219593.51358652	356318882.0201905
604	4.068968128005508	927.2751781626994	280.0144789506255	8.010055167614343	6.555688676250643	251.76381762068334	982.7888070949041	0.03367407841749887	0.2566773181390804	380.63516918517655	922.6776308415792	53992929.87870911	306501299.3344879
605	3.025189588952344	1682.611769983876	408.7491042480693	8.756213596657119	-2.888321046090219	4579.7326979524105	25279.646059034512	0.00855129822134081	0.05426928507295494	549.933563633338	1347.6124637184798	5386039232.371127	34557824853.66897
606	4.395454765006434	529.5412410843874	123.4300980673442	6.509995697410965	21.00453709384905	41.41878132431129	199.78149785773277	0.18492952396412943	0.7631878144345183	165.3185711250943	405.53400806636597	1421786.2099196303	9450440.76968542
607	4.391241776989773	1017.142932460545	354.2375621309894	6.873149457553847	-0.4738067797648033	213.42314787047738	7720.108147530909	0.08866699088707808	0.3667879984744288	486.05600466318856	1174.9502015621074	58659748.7126401	4427804490.062612
608	3.965894426975865	929.09666588903	303.6153478869441	4.830977151745966	3.242901232010585	976.0748232497177	6359.271808245665	0.02012316236059275	0.14246712364711367	409.908168240299	1004.1879543210113	230838582.65000495	2232967263.1740365
609	7.241337243001908	412.7716400561662	87.01317583523799	21.67236699259962	56.88085461334936	4.920845185980072	16.019129143860727	0.7643342087591304	0.999273644625187	117.54439302592323	286.3378910226837	70159.76740593712	321593.204753575
60	4.127032831020188	913.3252440813121	305.4781931413133	5.828489599693799	1.233520568491669	162.24306178939858	5230.334019648508	0.1210244456434376	0.42101146125022715	408.10355628781053	1004.7029616148423	34508439.31043004	2025749644.5471754
610	7.12176631699549	494.0852103760359	116.7095125116472	19.02460985752458	26.73437189264137	8.264232538472202	28.569961291514655	0.5677916621057704	0.9972825858786601	157.87880397650957	384.13280858602747	220577.92506098753	1107443.756524834
611	4.554251948022284	912.7250961779168	264.3604052248708	11.93090343288034	8.654126121265508	183.164671293321	983.8593033523116	0.07501888970810304	0.3497805977788006	357.52463695637925	870.2366429007691	36578007.24354394	274529392.8772677
612	4.499168587964959	592.2414592272338	135.1922379633911	14.73281691834431	16.49678480725692	4.802745448891462	17.041985477571604	0.7567543611500834	0.9995058927599033	182.30802489595845	444.59128656748334	214123.86725167054	1106388.2105207476
613	4.500319616054185	686.7211074478378	272.4988330570683	6.21255338271234	1.154315998137907	242.4861884568251	2836.394765611626	0.12574603759718575	0.3632278732890698	355.9373761131273	947.3970141810103	21944682.129644673	638148824.3099849
614	4.691455542983022	641.4811582644656	164.6230258799499	14.35948700211998	17.83457612751006	37.75383724699569	210.2830663124936	0.18808775280558795	0.7619710446140399	221.39217040980418	540.654804122785	2521764.5995801263	18856871.42198045
615	4.602113560016733	632.0515987406238	173.3343318632616	15.75763939491419	14.72806904328931	54.67308236211958	233.80259053160975	0.14781552969391848	0.6760471175981233	233.00532164692027	568.2974706453615	3601674.827423717	19119225.133145183
616	3.484629188023973	676.5997062150959	159.9929498840161	9.118129162166163	13.30375813916957	8.912102588315328	39.749193385138405	0.5339722443284076	0.9918083187110823	215.01989493325232	525.7873473793829	639806.3424760249	3905683.1476144097
617	4.309765367943328	357.4276742612134	83.24772596294419	10.98950081813662	37.4321404249295	64.3186508262016	309.49013467986686	0.1430859998666127	0.6154446091698685	112.06360338111858	273.94256161187343	706269.1912905098	4069959.081586245
618	3.429072260973044	556.133975424294	174.8695144727254	3.259374150915328	9.609112222101444	271.33315040890443	1763.606766086819	0.037503820114227225	0.26443627328394304	237.79951666730324	575.0803529959535	12345080.55337552	98369981.07847543
619	3.492983810021542	495.0483635243838	193.7984621339757	2.142819624808848	10.38308377295449	270.64751664782096	4258.07508654397	0.07260399672081863	0.3232625558226659	259.6668135187026	648.7261853652071	8948250.426466905	270066615.7597255
61	3.539292172994465	604.320419540692	204.5053022478587	1.760046261554521	10.29442300339272	4480.50518574412	13120.011456002672	0.0016774359359749665	0.016470148882833793	279.9727580278031	671.9173056010479	264934873.64003488	1021498121.4210358
620	4.586422422027681	914.8149574224356	293.2239843688551	8.18063381026071	1.273128801734275	26.866474186330603	1595.3600719730775	0.31905493798396606	0.6527496766085706	377.8644460090138	968.524636694462	5841214.529809551	575129371.9102997
621	2.507928450999316	2418.655884338465	442.8663170074456	9.664363302323443	-4.636712540422893	13195.678879737512	33491.03175153384	0.0009010392844975653	0.008764953316330603	593.8189866062376	1456.2449456142338	32661717431.431217	97599466518.72134
622	3.605614850996062	812.0853642971282	315.2075808676854	5.896803287144973	3.372178417595102	54.595758119754834	835.2854959722328	0.18378106744355374	0.6458979434251726	423.53056053959506	1041.0204260507576	6983453.375673747	279341803.9441664
623	4.227653612033464	591.4284089438939	183.3616406025762	7.976000540273027	6.897455490430385	150.26258964303713	908.3485981806882	0.05310409209032219	0.387817475538231	243.77269696265552	598.9275575647612	7989708.18046734	75964436.65888266
624	4.808682180009782	563.2717969305753	150.0320223082391	13.26390335417172	30.04749700087392	43.814093036749796	212.79902717272685	0.15317553084314214	0.7363749136742195	202.14965932866505	494.5672409215735	2071998.7629375039	12920804.354619095
625	4.679570914013311	1161.339418917767	315.7124715049091	5.727975947980578	-2.132568527808228	3672.4422645073478	26494.609193935168	0.009914395759901995	0.06738385555213333	427.20427720584587	1042.5442106348412	1491466949.3675866	12958022624.864267
626	3.893170363036916	640.9163785884195	181.6045888572025	12.91959605082084	11.26877790053199	65.20624544463762	193.20085808343669	0.0983678241907594	0.6712500603075556	242.57823491102477	593.6273592457121	3918288.217707017	18644473.33249517
627	4.538429671025369	924.8006371282524	254.4452083918827	11.82019951473703	4.932921312898203	21.722457951270517	363.84535885284834	0.3128372499053016	0.7916388988258991	339.4732022812234	835.4991059850848	4116304.6473969226	118451178.78414139
628	4.311784450022969	662.9537387143788	188.7879320167039	13.08896249952247	5.123774303709918	8.417386955627162	33.87663223438312	0.5610763724076498	0.9749478058398569	248.2865060154802	611.2993036973147	572730.8759108455	3958595.893861158
629	4.083829747978598	996.9862484730875	304.9602606996563	8.366243477642945	3.543375861216932	801.1116482939003	3358.9937596326386	0.009238708641296835	0.08782647043924707	417.57946911869044	1006.1550414534679	213116508.31508973	1161762487.1085207
62	5.447435985028278	444.5378898256536	152.1062982348372	0.6457483362180358	13.21680139271371	1672.2989635150375	7005.607307060499	0.006026404100893959	0.054239049274225175	201.39685144548912	497.43198084672247	37417143.50964872	241708428.92781582
630	3.670740439963993	437.1960851966129	100.1313776224148	11.92957076975362	20.5219209892663	7.362878166631647	30.17323847529613	0.6009966180300506	0.9942700612887889	133.98931614778525	328.73360407116564	137034.52087623393	755751.944194795
631	4.504300429020077	1327.960948103172	354.9468003858665	9.777823673599354	0.004908693797712638	369.30376317187483	3420.1859346918936	0.04113176614488139	0.2228804296172413	481.40670357124895	1169.2846061024484	232083168.1700307	2845305368.8612742
632	3.83490802696906	665.8238104526131	219.0836088741472	7.193172225324588	5.437172007104266	274.7840086724798	956.641918680867	0.03797251567425027	0.2716164552563772	287.7211967433824	710.7694118807883	20166736.603010993	119757156.74318615
633	4.612640906998422	1063.003020910641	299.0121637544595	11.10417257322919	4.188213111232363	184.79495541369008	1183.3190764921358	0.09219773382272638	0.37747055995825635	405.27588869674776	984.7386018269281	62822088.94871151	526158085.413063
634	3.755749271018431	247.597141074087	60.91155713249994	5.673261781087461	56.09605012566333	218.87895838325656	652.4479342636238	0.036765249152399544	0.26872771334369533	81.7997328442232	200.36879965297427	709779.1852704814	2922186.301998274
635	3.791614887013566	1097.373177148026	350.270546495954	4.933871955364872	0.332493641906968	2993.6947809323515	16031.209910065163	0.0060155846946061825	0.05149444441423172	478.2746830726087	1156.6608693526641	1097554856.2103808	8871698750.637539
636	4.215601758973207	1448.916296221441	366.1996297599386	7.533425887313648	-2.866986050807697	6239.796600283049	27534.52770439332	0.007633344027363646	0.04665513776357588	491.86866776707234	1206.7405300142505	4637698378.256012	25007030014.731045
637	1.941807261027861	382.553130793976	129.8184859341958	-0.0002863504371291	28.47348829061179	8634.070968548122	25208.5195517355	0.0007626582076821238	0.007604703499850028	182.3610665329146	424.44888345313166	133354332.13850895	353425558.1205871
638	2.614440639968961	416.6666979376594	119.8923527722266	5.777109531413867	28.74742261608541	331.9095828007533	1279.4308641971343	0.02173637247053263	0.19405936583053338	161.69082156543408	393.3302095292489	5364946.5686024325	29117974.19002483
639	4.37506522599142	1292.959077976042	278.2470543368092	7.603189928592091	-3.48245415853636	8627.306055207091	30723.645993835697	0.003977578649889355	0.03493721982808969	372.01648629668057	916.1652468525964	3927959966.1631846	16069759772.507915
63	4.355188978021033	637.947874996727	157.0130358323588	6.890471875151402	15.18071446439711	73.28154760012775	302.5274439080449	0.10784734284473048	0.6014480430583758	209.68106445626813	515.3333063966639	4402510.333893655	26158325.1295351
640	4.437283444975037	286.9157122475386	55.77434507104205	13.11652123068687	82.79241180829864	30.213049922293006	92.16186675532352	0.20236483762347615	0.9195574944089785	74.21129555315812	182.93035260663342	126369.58985170798	534064.0475807777
641	4.549364870996214	843.1087715782124	259.3495641101608	9.763396047651817	4.167271150686868	41.99904158657069	1128.8657427052094	0.28138013394392497	0.6103408740361611	348.9489123360021	854.334258308803	7832194.605424208	274172433.16878533
642	4.385182647965848	251.40979935597	63.53400937050674	9.608043681180831	119.5360431080614	69.02465400615316	239.3970683253793	0.09780058072706392	0.6320919764782112	84.36202382147448	209.39610939537852	258517.3602623806	1026948.8749990087
643	3.851629355980549	893.920714817956	308.7630282326005	5.433787538260804	1.347463025683127	556.664430072213	6851.234919914747	0.06522443770619883	0.23204656394069204	417.941584762964	1020.1421995361309	106027886.24917059	2461525708.87811
644	3.491003793955315	440.2491648711273	161.7231447780138	3.0574811868658	13.57546483576412	246.51082550349813	1681.1641524197973	0.04535646762113628	0.28925114173303873	205.3508630455841	529.7181535902657	3987608.1831216	75352967.9980066
645	3.195545339025557	1874.097248675913	485.6580400284531	8.9408971192309	-2.409605371648087	2447.985653900855	20558.0243755672	0.011034911959536296	0.07022749554801208	658.1987088511769	1600.3738979709728	4193244877.5924673	44227815236.45187
646	4.533251829037908	286.0716351725083	50.8122544137555	25.1188995146242	86.93779420005994	2.373841693858569	8.301174313534233	0.934928729908128	0.9999999403209634	67.65051954439912	166.638977505756	9758.343071003968	46279.83776175487
647	4.715360229020007	824.9961915299134	271.4701379492382	9.557495114874435	2.361969913465497	258.4325456708397	1162.6170586087237	0.041281453940220536	0.2846077987305452	363.27957852792406	891.5937914986422	36529470.172505096	289340139.2606227
648	3.945055436983239	358.377451423317	88.62086439228372	13.15573964929867	15.4341621061785	19.045163428297727	62.698512610640684	0.3047546161451356	0.9746744859669513	117.67777028480299	290.3784576451048	183545.36726647845	897980.0383099077
649	4.451810243015643	1078.541326973372	306.8223373551626	7.729642220078281	-1.855397744629167	1749.5286031873925	22164.872612091676	0.09690487232456078	0.23174345079664047	421.6542200507731	1010.4702595753645	607175851.8475342	9787327483.76891
64	4.380617982998956	1294.803582464523	307.4592477190134	6.791845115585266	-2.584786236769721	5814.19977805024	28994.996771326605	0.0059464126122100785	0.045572193608355314	413.0757609293221	1012.5692127770203	3005715205.9185414	16924478170.398928
650	4.033257465984207	529.4961870217983	176.2787914603008	4.569521917966673	6.43623372291283	91.30682661885733	1010.276087646682	0.13086537642473958	0.5197797725674096	227.780788367348	581.8894097417026	3692851.274164432	64142419.418243915
651	4.348782093031332	750.973521008193	236.5477728528714	5.781164594323094	5.418655694638105	142.9378464937128	2106.75180953784	0.05821011746311213	0.39745969543079146	310.3604565662024	772.9193162271486	14791819.203362409	405782789.40565014
652	3.441668814048171	178.791233432785	34.62179653819228	19.84909069863663	186.4492795811632	0.9558572548748546	3.3475266152413385	0.9969879248369594	0.9999999999999981	46.69021836672263	113.90352358194757	1053.8994069491255	4998.874398836257
653	4.288329713046551	565.5590175541515	177.8761907549066	7.693367727105503	8.738301246331478	41.70971238498091	820.7535872658343	0.2194263073577071	0.6330369839686548	221.34683345792524	582.0543111663915	1692507.9068209913	70472853.31462081
654	4.345422288984992	654.7016389722249	198.7622617435271	4.797803892107261	11.61376972855854	234.46680809821058	2364.303534188677	0.061978579503766666	0.3461242098071755	267.98727848034423	654.131133719352	19023454.633633763	240109210.4201466
655	4.673888153978623	1100.986222315714	301.8680664134704	10.41848495261202	0.9783643222779741	259.84005197435044	1535.5949132354308	0.05934044425846656	0.280039541876335	409.6450019796714	994.0294372828216	88360195.09437017	779473151.0267669
656	4.367224353016354	1099.766414499223	338.0560133365727	8.666303272089664	-0.07860861457217816	463.35079811245873	4641.967575436619	0.03209325823243738	0.21562754877247867	461.9418762052853	1113.8819782001056	171803191.86305502	2708600423.1876206
657	3.614637385006063	531.8789965708579	172.6723825541847	2.447970971749898	13.4315244153492	954.4761803818808	4815.812664783794	0.017582053557120475	0.1297955739339067	236.77732814175306	565.6462637372822	37207695.75735389	251080604.27453977
658	3.243604207003955	1633.627426705222	390.3284275631393	8.119096145523311	-3.648390105552593	5514.184230706006	28333.9621728024	0.005876214788721828	0.045659208340521305	523.7189011904661	1287.060707694182	5792493888.971633	33388213701.039833
659	4.585845997964498	1264.202016082485	319.4794380870981	8.85510121704476	-0.487242195396855	827.7632183226149	6913.914954913612	0.022293065310732187	0.14010810156932904	432.9923192603221	1051.9830330084114	428609686.7050356	5015142600.320542
65	3.846704024006613	187.441669876409	41.96634600437915	4.68278866842433	108.3224403197149	102.6308524234566	378.03816632043	0.07338600338646648	0.4913806730598896	56.41270083124732	138.22111707938328	145005.39206939336	661734.8421915462
660	4.751344796037301	1101.706995043705	308.4622874469666	7.186249424165601	-0.2982148726907545	711.560350248232	6455.1113912882	0.028842771436794094	0.20765677924215015	420.16463366740345	1015.9674571813962	254791571.12517673	3415301318.080997
661	3.942278932023328	734.0155761366512	263.7636532270038	4.59085252085023	3.046667497399976	211.33960838322406	1453.1518740895206	0.035834698586355455	0.2998836951766464	339.731377827473	868.9596223150374	19934320.48121789	298564511.3086221
662	4.382293088012375	1211.417339139055	342.90183366091	9.460125160957197	0.3253529993835924	60.24173468372569	2869.992642879193	0.15847858770998677	0.6042311949474619	464.61677851374145	1128.4683286358581	26972199.85970667	2184663725.6952066
663	4.54675653995946	422.958581565074	92.77665953441516	15.98781689819549	24.53562126666138	4.718274913314253	22.632153654932218	0.7081675623768818	0.996554766771041	124.94175011587924	305.13188604495633	80547.54351686609	520877.30031600385
664	4.762529539992101	749.0073971762034	222.7786337041827	8.721385427034278	3.722009406400038	85.84652710607327	457.6310888982898	0.10505215765719696	0.5408795500932476	295.03799227696425	729.6189560939565	9105387.074953055	77048442.55533384
665	3.870368408970535	1133.693081633289	338.0566255931229	6.785938787850585	1.875467912447723	395.1812707397926	1901.7394479586078	0.020751203116399806	0.17498356200292067	459.8924822195636	1114.387031636543	154074748.10409668	1125849981.2941484
666	3.671678254962899	386.3062429981243	109.2117715696717	1.937532460282789	36.67692190994602	415.6764715605742	2344.4714508106877	0.051691108570000005	0.24197527121701165	147.71034634820347	358.5255011367177	5804397.288921412	41562289.36536999
667	4.57199220196344	837.537320857656	313.6376762885954	6.310080263741314	-0.8199880851105784	971.0664130608563	7431.061950768705	0.013040308006599083	0.09185945761675934	428.2982283268318	1032.088666713917	146356627.77161354	2478519807.9360685
668	3.85136212100042	261.4999323732441	53.25534567970401	16.01845434600028	67.33105412271199	4.646384732009892	15.593541150891976	0.7740380336553282	0.9999871281683885	71.67877369343637	175.04465062091617	16569.095641522334	75907.16403559025
669	2.849633046949748	2412.438842970119	540.5995922527993	8.411375990668146	-3.435175954541909	9295.405451334618	31360.29250078921	0.006988555943891094	0.041186097363871	727.8630658030302	1779.5486968131784	28548605747.609154	111977162834.11157
66	3.979801690031309	985.6717109798485	277.2034255583829	9.131060381969887	7.304703442693272	154.9468924966759	1409.8342844625588	0.10998410636264404	0.43798070903098746	370.3375277685408	911.9784632558752	39370044.106058486	525782077.73819697
670	3.760275729990099	767.9983084074074	264.2652238083332	6.127258256945534	2.225355004464286	448.16497921397587	1612.8930600061776	0.018120328754325506	0.15203236961908367	347.5687856219149	862.0630439076565	47513030.02136545	361981525.83467996
671	4.744897637981921	645.9386729386886	234.5666113279701	9.597245289142293	7.479618469240066	50.52251923576651	278.700904540475	0.15668947648777473	0.7126245932343043	311.5191271301253	769.2774121432589	3217479.647295055	39877533.33731196
672	4.285317597968969	773.2487289996554	273.7879890138744	4.349817550297155	4.110529455396803	1186.6012656645214	7642.594388110597	0.021691728654459414	0.12641240714768112	370.04205908240067	904.9387183616875	157493815.12411162	1569879886.6105816
673	4.442055887018796	586.2223981494997	193.1883219522284	3.863163298595037	10.69195453325478	1054.8820526524162	5357.044496539618	0.015017132600841848	0.11134943774745168	262.24287152209814	636.6242949878365	61316195.83632815	387019991.00836146
674	4.495305238000583	682.8736561638511	206.3566016229303	9.69030242277346	2.83436353652633	5.578091302522251	42.16166918047568	0.6589874289307148	0.9598835593536295	264.5605264412775	663.2068419198201	424658.9750146067	5709044.606422355
675	4.202988740988076	623.9152617094933	189.7033251879314	8.026215163036767	14.98986218664052	271.29848299517386	1191.0032428096827	0.028016023479922297	0.23811134759747427	257.96776241403893	625.028791474607	18202573.148954056	99421885.1653297
676	4.588218580989633	1313.683090571352	304.1113403714699	7.210803335227494	-2.711978851105583	7450.175605765345	29449.203444764153	0.008320670957965475	0.049553379313158424	406.22261583510317	1001.898826278939	3741363488.8755307	17631076178.44773
677	4.635589486977551	631.936320740091	159.2339783815494	13.95006341955702	20.98294265581799	14.320559995072896	69.03087290006057	0.3906451123407944	0.9324993770964674	214.07279434159352	523.3644637614086	844336.6738392626	6449516.60732476
678	2.676373270049226	2520.086649983476	549.1016733593643	9.033480698543446	-3.661237996140628	10342.117260937603	30933.234660839295	0.0021982589273757806	0.016872037237517064	737.264250758582	1806.5051596783233	34354468117.920216	125111510306.02342
679	4.54236475401558	1080.731209068742	301.3491881499852	9.780214606593592	3.865191331616923	427.41897380884814	1626.635195377088	0.023636454576639147	0.1719759577127025	408.4972837081191	992.6939320289163	139874245.12380403	748162848.3982824
67	4.655674886016641	989.5878786271305	334.299162119539	8.32681063916416	-0.4178483897121996	80.47911472145994	3774.4176723854803	0.14215777165331533	0.5348213007694893	450.01404339410635	1101.6785748225543	20037156.69749277	2075060077.232412
680	4.827906644030008	362.561792701633	67.08447943734882	23.78193184798391	64.55133761155574	7.3333438099715575	25.134839799833813	0.6064515632954814	0.9997913129376043	90.4313617226577	220.67680205379418	64729.03389204293	297493.0290478964
681	4.108073721989058	1070.069534333746	301.8643480745647	7.799443341639808	5.388743853811352	250.21364256654118	1258.7541093752518	0.05648548436026458	0.3003256691644378	408.2315213291487	994.4128013930753	82310491.07496187	574984117.8661637
682	3.97837971401168	228.4533824254942	42.47270608847742	18.05970762999748	75.3993870798597	8.104472270899103	28.624171797632215	0.573423705836166	0.9985578704334629	56.943036606958856	139.58025078588574	17251.370407487528	82136.90359050532
683	4.592014449997805	971.0357320649312	278.1421254990121	11.55287201382887	3.934453184653158	103.30830570944146	655.3391831880148	0.08478785103284854	0.49080261027623706	377.72415491735705	916.7769064557103	24713961.41152153	235659823.0293273
684	2.601330412959214	678.6041205358389	234.1780435648755	4.791406471138842	10.79022683390282	648.1717878365793	2046.1783554459503	0.01121267909607051	0.10634870574522527	322.19402315323697	763.9253735578443	46290319.09353001	233707878.89493844
685	4.49616248300299	1058.945275052371	321.4388921281247	9.082702642148499	-0.4414322278672691	258.9265394996104	2836.2404215407755	0.05967017703140277	0.31116995347428916	439.13009188636124	1058.6341436244563	78991046.17024946	1512347142.4433236
686	4.744217642000876	488.4147579707598	157.3216842737513	12.63710640976432	39.7701847565057	98.36513776374375	397.30906159995465	0.08713297899774058	0.5049277955048197	223.15935894628376	509.5395051573213	3183124.5905957343	15897011.713288348
687	3.926210496982094	694.140413920806	219.4043383148362	6.520520454689901	3.739608561238753	130.56938756357135	811.3902111234528	0.058048314840780914	0.4218347795879035	278.8977112791541	705.7631697515649	10381311.487571618	114592031.9977231
688	4.669516381982248	876.3948433489361	263.5482191460811	12.14110921488155	11.32152789335026	187.127254489952	877.6939312526122	0.061091457753310235	0.33560232270929613	357.478625265584	868.3661634707278	35769612.09230553	218538401.36527893
689	4.532968047016766	650.2870503774836	179.6862089655741	11.62877009623075	10.73300246770252	12.961138127230639	63.37220230011675	0.43634159846217846	0.9597950893306378	240.66645771044057	589.1318686225123	886491.8901176272	6406415.911390241
68	4.618362014007289	754.6964925893974	282.5942476716332	8.481260044773123	1.412438948979671	40.3524050132139	975.0870246216303	0.2595798027004837	0.6573339097142443	355.2727241842498	944.5027025627373	4380119.0560709415	236543476.2562928
690	4.587928878027014	1066.958008104323	299.5127077007408	11.70922212670628	3.97041797968415	158.43511299923844	838.8682971454939	0.07784560400916894	0.389375825317443	405.07285407794757	986.4020226756086	51077166.44214035	378937569.27783877
691	4.431237448996399	956.26082759791	306.1239755612208	7.988186450219679	2.100311002015748	159.12681380436774	1313.8546535418182	0.08361614937964898	0.39618955160284564	414.4476340954975	1024.0406236353774	38525863.85351367	484415893.04796696
692	4.602461353002582	851.6795244732277	267.1187751862984	11.90258347400727	4.740658042567363	167.6430397486965	1272.379414935015	0.0560484858050412	0.36963640358692407	358.9472292851673	878.9428072435746	24299302.476827063	354975315.4252585
693	2.612264766008593	621.8348793740417	197.3256391282176	5.522390697248946	15.40690880477093	460.49909950852384	2017.482831014168	0.016241189847198644	0.14628548560770935	270.72087645256767	648.4804198497202	28783889.228380267	154143144.79206958
694	3.967104743001983	805.1985385662858	275.6466153115053	3.424447439366907	5.395448393180465	1586.4301791318323	6165.662356545475	0.004606532738827056	0.044978991547339885	375.4994356198479	914.2161463407685	243427284.20823815	1328871443.2379496
695	4.592245500010904	635.6984283317822	152.243249842858	14.07921173890904	14.0660863212144	4.056018066146021	27.533703409193393	0.7392368680356435	0.9922710595995959	199.68491346459314	496.99522546846885	222795.29426037584	2451807.330812292
696	4.045912472996861	615.0048887144015	208.4227378564268	6.967439161933558	5.791312246395992	94.82768407432975	571.2118197791739	0.12188458244967901	0.5116338877215797	272.2289476594447	682.0062146066825	5239264.186404547	61267023.43273419
697	4.47644398198463	1354.73980172238	372.5470932844571	8.548722906389834	-1.485107594852032	1258.155838694351	17762.34215495015	0.046296501832988335	0.20589383964662505	508.49893285471353	1226.9047546732968	833878037.4039807	15969523138.671425
698	3.597028343996499	742.0534574507195	258.1447091992282	2.532844752745975	5.23650648211512	1486.576208754127	7279.4206619807355	0.00996772290081926	0.07728798714946211	352.8589435244371	858.0647472517451	163150457.46592817	1244653708.205985
699	4.630183660949115	767.6990429471427	221.5987227732467	12.46270167614261	10.81981429296976	84.60141084368308	334.64278040174156	0.08098488182419057	0.5560484131437355	299.55465654821455	728.8480399958444	9860822.226764418	57959145.26924141
69	4.539656260982156	1134.709837077839	332.2082442108622	7.809019166123431	-2.473552913541291	874.3723246570679	19867.596148538225	0.015267950275998395	0.13086024778603772	461.9587873972315	1093.4253859787648	350964780.5502898	10478402243.63695
6	3.639460205973592	613.5378306750999	207.6096169175938	1.835301739290729	9.234366062553464	987.1714489610791	5905.949302144504	0.012124215197204366	0.10498236330799154	282.61596372919917	681.5541483504519	64548907.123961	499784790.07939756
700	3.904045341012534	593.7331418721168	166.316097202529	10.23793881330184	10.15427194604662	42.09728996996638	174.14241567460968	0.15091794321533605	0.7851411516719276	221.43572801896016	542.9758128052484	2074587.851224749	13585670.466375325
701	4.424889554036781	929.2488420232767	316.339322233838	8.416705308781907	0.7846423269295153	19.04381795970608	3536.779878546551	0.38265987201667	0.6584164568599673	427.45037830569186	1041.982393113826	3875547.89461313	1641789154.8150685
702	3.979257561033592	788.8261926597784	220.9221921646483	9.938729853837744	10.82584510433069	13.288122441516878	288.4227370911896	0.43340393052345766	0.8071009454716984	295.67561593816106	725.6405521800305	1750117.2098785345	51812829.405101635
703	1.935431847989094	351.615422673696	117.2150125240965	-0.00033922445629741	36.56570397317033	8594.433215797864	25141.042430045152	0.0007667386300639174	0.007645221302781675	164.93732661690774	383.2854239984596	101406973.44610503	266668781.9465954
704	4.673112724034581	1087.180788350023	304.6984703100525	8.753824698034835	0.05950217108966649	154.2668382168973	3643.023540135327	0.08390126022121963	0.4157812154119965	415.1354679755809	1003.5457098888014	54962981.036286615	1848501047.1076221
705	3.314852039038669	1742.582754474356	348.5231503489794	7.353984554847601	-3.64849424508205	14242.425218273738	33714.7699294445	0.001018109382166452	0.00881303350128986	468.7200411303518	1146.5797750651896	13798846944.813896	40238686095.12897
706	4.233135660993867	484.4860820650791	131.8816341654097	7.7460373879792	10.76710267503264	120.8644196639609	470.8725066015184	0.05897706404236984	0.43908811320987745	176.9536458885769	432.6654012510064	3282774.6600306886	18943395.323847897
707	3.423522356024478	672.5740041587078	215.5283692222393	4.02536384266592	7.107351569475265	383.1034440051356	1604.162880492304	0.019654577319062304	0.16736240152901677	286.780472586634	705.6994899275146	29197431.000293072	222061653.82515156
708	4.096305466024205	815.6019279741254	315.7102547288608	4.04650797882415	0.5783043210423646	735.3565438033523	5229.432618345703	0.03085702687926583	0.17379623812969175	417.892786965886	1045.56683715069	107018159.44917765	1669883913.4840055
709	3.351579557987861	188.360263784509	59.6942747741807	-0.00033710257153529	106.3546202793615	8366.626145027862	24753.495680826807	0.000791045440328088	0.00788644822045261	84.34766285006737	195.28615294693518	14516813.837624406	37494879.595937744
70	4.539276462979615	1130.366325585388	319.3079070418614	10.56782183696635	3.096072406671184	259.9955861131039	2087.5877322884485	0.047262217340036224	0.2909507895411926	430.03780421891474	1052.1580478744006	102457990.51457231	1096426238.335781
710	4.113517583988141	832.3021815207725	295.7829508146554	4.686868002366816	1.702775453243569	520.2645719828341	4187.422836675116	0.10119329671709901	0.29735584004707216	386.7461788330546	975.6609083884823	81747577.35511714	1180816949.8355355
711	4.12310053902911	738.8895485901612	213.2725081824709	9.596368067596584	12.02592831203117	89.19739670785412	541.7042478800562	0.12842890274096666	0.5226303503702449	286.9999413564218	701.5378415110407	9901397.836767923	82867878.98910469
712	3.810019130003639	975.3379221251976	314.6091305973523	8.282073850583696	3.039034792633391	145.28567481312334	1607.25112876038	0.060138874782283205	0.4056072275612915	412.7861497375835	1032.881781170041	32292065.092985205	780695698.7741488
713	4.573684384988155	788.429897154182	242.2589070310588	12.18754732306722	5.754381937234987	59.34605798733726	352.51252340884156	0.14668394619051578	0.6237060939924557	322.1257275261396	793.3982562045081	7433192.0239523	72017514.57602045
714	3.623758829024155	1171.310503682767	359.1608450229572	4.087137351790988	-1.880506319046196	1693.1568365520175	19693.890388697193	0.01618618888332417	0.11668673076301053	493.51287918701337	1184.49878607143	744766899.4467267	12557664469.529728
715	4.78146441897843	887.9285181050257	305.0643571308226	8.446680205367716	0.9637505580995047	145.26247816127784	885.5660556490102	0.058399991481107805	0.40374865725110776	406.5409965054466	1002.3650809019316	24380927.925988663	321969167.90420675
716	4.081061734992545	1012.240080962113	295.4734990811801	6.537143868647409	6.037081783113113	165.5465482739788	1096.698253807927	0.08025027084441383	0.3971262771381096	398.9465267779216	974.7177980407258	49530328.62162559	439592253.3363219
717	4.250475103966892	769.6649090766847	284.5718494631992	10.74954220864656	0.941863310943388	11.080077797040472	138.48956705946318	0.47311350112636413	0.8806005616053455	329.27786441824264	928.4891665232112	1083745.7524068174	37051220.40788575
718	4.56674545299029	566.8336715729198	279.8391693185002	6.058444844600549	3.267959395276778	73.56781770250451	414.82393151550514	0.09581431251276444	0.6024185166473625	361.8481194205474	953.4816385755652	3104917.4355042423	67682781.13419543
719	3.965661165013444	398.4407308897331	172.5504755631585	5.435329939101081	9.374891875566348	31.43120481596391	158.5110419059538	0.21254661368130737	0.8330973934564613	233.98960432462218	564.2060558297976	533305.0920480934	6341315.144757194
71	3.978683576046024	865.7790456979903	230.8231000988919	10.76450505015935	13.57868943156373	13.427233846513221	149.5216094217508	0.4183322563623463	0.8731002690781121	310.81979592315986	759.248152967749	2220578.023138986	38851865.73273436
720	4.410990767995827	546.527043274458	173.8781098423501	4.009370181986249	14.50651428351619	851.2105283925936	4665.114225998931	0.029350535135924834	0.13712533782748926	233.53185207108976	572.6118020544232	40420831.6830971	286345783.38277173
721	6.119859933969565	457.7138346907337	132.6901271479855	6.074988323290695	11.51874475154833	70.96370465594842	619.0022253824504	0.12496631464323478	0.5954618123903125	171.19803010836654	436.0424128263817	1639698.2848601886	24225482.202545755
722	4.158820856013335	570.8529833708977	169.9085810327068	5.56648069746787	7.19630970841392	17.407781318533168	163.84703781367278	0.3574621696575447	0.835541420661845	225.8331751073519	559.0663128534748	902317.5524974935	12287606.353709577
723	4.550056687032338	576.661741728605	170.9152067748844	14.19348132337237	12.7769569542444	66.93387683913244	192.33864933251596	0.09997309980231789	0.6620088871672891	230.46240240656186	561.4361700917996	2952301.8985961885	14487119.206473099
724	4.604646214982495	664.2156028083514	187.594863347842	11.1560160754314	14.17757421586959	46.436058376657044	374.94304097920883	0.3047357610336682	0.6060120238873546	251.8235593824212	617.6600672140446	4027025.855888035	37118252.60974829
725	4.721103629039135	888.7423519755507	287.0755131523746	9.389855543322778	3.708705390722571	123.24489365551264	963.5132299015455	0.08503461358922035	0.45340111831064717	388.9735235666021	944.6779405447726	25998948.0970092	296790915.8534399
726	4.771584656031337	929.9586609991252	327.1824942673604	5.767437144065576	-0.653486550080454	473.4611647124629	8645.082274179233	0.020700367570584757	0.15930949158067378	454.27801744548333	1083.552225329513	82159149.29151542	3992888576.5830884
727	4.575579794996884	1242.145409851642	394.1219184373313	9.009318929248224	-0.6390201166100812	419.35315314351374	5551.899216087403	0.0430559599569445	0.24087460194142582	550.0283411965786	1296.9012111631712	206775217.61586285	4862187302.614634
728	3.939537630008999	649.1264401247599	195.8229282481709	6.623588795445448	7.152392945230174	88.69673724733227	475.92758043850955	0.13751560442463792	0.5305161981717169	260.3603926106963	643.2468996955982	6475292.908374745	50098442.93482619
729	4.179373328050133	473.5201611369792	143.7550274048693	2.45020880699979	22.5873018794734	365.15975623918916	2572.603246623091	0.03594312837324883	0.2374830628632501	197.75171919398218	473.2835141263708	12332205.756107988	93555083.191991
72	4.428816781961359	1164.765092536711	339.4236839186288	8.517544522381234	-1.312098696685878	806.6302890616839	18260.36997794855	0.05913508325903634	0.22870133552083974	468.25252954771395	1118.0136553153925	337946620.1046141	10636836229.367258
730	4.103691281983629	917.2598555796251	293.2736373052213	7.352714436376578	5.296819997386999	598.3776362869232	2590.5201802789356	0.015353799286629981	0.13535858621608834	401.81684676836824	966.0925108040274	128522774.30395278	715269481.2751315
731	3.529785482969601	522.3079468211694	196.4192028057542	6.659335831744505	9.632087646169134	15.92108449275968	194.8696600426638	0.3966817611775317	0.8196275997424288	287.426771121168	643.0907450502767	710421.1427111315	8694603.517700905
732	3.107041765993927	589.3858919715581	213.1938511094347	3.595655567025723	6.301236755058618	124.30909032283189	753.5596087696034	0.08162825207938841	0.45024290599716266	283.0763391373728	695.2508201095175	6324468.882928887	75265567.94197597
733	4.081552124989685	205.5988741181813	54.21826618403188	1.539787315200684	116.8788199933829	728.609474592203	3163.1761175181377	0.014715977914771328	0.12308250463616581	73.66305521249137	178.94765485642614	1473230.9607231761	7845967.839532246
734	3.619842708983924	429.9954505210314	126.4631010249606	2.175983074737488	27.35054717692908	1001.8615361043368	6924.258013050107	0.012068103706146418	0.1028254340271872	173.43360526927557	416.57255750277113	22124333.048699535	156287076.26520228
735	3.926225045986939	946.2675713743447	310.990228687161	5.067223859753261	1.131759923338491	776.0915405005613	7953.557547735463	0.05358803926587057	0.21810706728995308	421.12700206682814	1023.832488708799	190753658.8597293	3019564817.7677135
736	4.68849255295936	309.7925785254781	54.82899510725129	26.06528236067438	61.51795995015097	2.769927415123768	10.69412358829794	0.8871844120850332	0.9999959711173837	73.85187983230168	180.33482734292593	14678.998002366288	77655.95572494902
737	4.6316066160216	1164.842635647591	320.1171250321424	10.29163365233914	1.270291734888629	278.0263456868651	1466.8791734847314	0.06722756522852447	0.3109146002570294	433.1884365566998	1054.2699489672464	113611464.55809298	867440664.2143781
738	4.096612475987058	547.1802572293747	150.5091975444678	4.996372873513636	16.36320630532988	143.25373844212461	1582.0799578138085	0.12116117318609455	0.4380727859790562	201.17761787766665	495.3701446269908	6207742.443917753	94010163.23753424
739	4.739346801012289	640.0419840862554	179.3693839693436	13.00067084064806	15.14069288787644	76.83307228478353	425.207463231233	0.1340850666118707	0.5642917186823379	239.60629974979634	589.3076293822011	5145271.833003605	42979311.30237307
73	4.538944614003412	599.5134275002022	158.2597691602285	14.4426323915179	15.90060115960684	8.554009225020478	40.22102926908924	0.5478972725986073	0.9726501213433998	214.47293622504037	520.9506174542638	456397.1174853064	3316018.0626499816
740	4.612066834000871	650.3098314741057	160.1584095152992	12.56678942452379	24.15006344579534	30.844260358504098	275.1965732077733	0.28392787244510703	0.7030725929052507	215.06441947651797	526.8489603544278	2447412.049273696	23666804.06068385
741	4.010947950999252	976.9601738334845	320.3494005382324	5.17388271532122	2.542724477616346	769.1225495116314	6723.4264196380545	0.030853753507520273	0.18277652705147088	433.0250586751491	1054.838773829275	211970234.03534168	2756716441.6683297
742	4.338349764002487	910.0832915214171	305.9453128287843	4.23643996566703	1.840416867270014	646.3953724454573	4759.937996713229	0.012021534584006946	0.11186175550052134	417.5145262070321	1007.8466035228093	134497417.3424757	1575790618.645775
743	3.706569656962529	494.2453813370038	116.4550017577555	12.31501752656158	25.68818678552118	3.3399630228263995	12.474125187954082	0.8507068517667729	0.9995477169010215	155.61093822387795	382.3586067719668	89836.51142264537	467205.44567532936
744	4.448341779992916	581.8809309693451	162.4679339006919	12.33671313605493	7.494211358727838	7.3038397395888355	36.9002844505383	0.5804071433553699	0.9875002856111744	217.24193740594802	531.9691772034347	365930.19640999346	2831773.231769527
745	3.758415888994932	695.5675576878369	193.0831688505772	11.00355172073683	17.3393084856202	5.307280930976961	27.95554174135635	0.6938251220760178	0.9916122756641056	259.6832275975519	634.4443325330415	477120.7297567017	3111649.0541444975
746	4.286561654997058	673.4462891978637	187.5302900813741	9.092580395501146	12.66676224653285	137.0685427850404	732.668690401525	0.052402812900838425	0.405192402254891	252.6236171947312	617.5412174980931	11334769.305786965	74635614.23760913
747	3.84536548901815	265.2843389219977	53.18585412682155	16.35893189902186	87.94113045374043	2.3139599458495677	8.276623644590817	0.9341008018875551	0.999999745867407	71.81564032530494	174.99478988409896	8617.311762808433	42084.7936484438
748	4.503277782991063	978.1308658555928	319.2259671096725	7.4681226247662	-0.356726083358626	105.87214315880026	4842.279432768634	0.12080403362488147	0.4894823684245614	425.836085249804	1049.336868808774	28228429.24192407	2179267801.4979944
749	3.926631828013342	602.4840365090628	157.1414762986039	6.5677653250057	10.08562013620499	39.67271800599687	276.5582620328027	0.17745490068682704	0.7337499777230184	207.30377751458224	514.4264881508063	2057900.3936976888	21347641.770832784
74	3.392798112996388	1647.167831975721	356.984801953361	7.379541680416665	-3.19320544522883	7987.797058119765	30907.134756896226	0.005861985403214592	0.04013961263982447	478.7539029472871	1174.1600261535905	7703730196.066161	33712155886.775692
750	1.923941001994535	253.3077873751751	81.85665045559735	-0.00027739001038895	63.51133389670088	8460.516801963833	24916.06110035078	0.0007808491327795937	0.007785023015099822	115.49568948286148	267.7353081444592	36342007.93739428	94456611.18643746
751	3.857024332042783	205.945343699584	47.62924092604965	13.13740130232831	38.87279312043805	2.5797614694646884	14.343999495567191	0.8504595524064548	0.9997061303500492	63.317032020416605	156.73353010374052	5052.695520489544	36279.37418982324
752	3.383032276993617	1515.925394416892	369.2851792977763	9.57887795681938	-0.884281140824352	1074.4679160415926	6873.668167750254	0.008632126479736303	0.07550512760687664	499.47639541694457	1215.794559240881	885482606.9394289	8173568220.704421
753	4.630840814963449	876.3143765759656	276.0344307511019	11.88728232400891	7.180177693090144	223.95096914073528	873.1333210414095	0.0583955757821927	0.28294725095512513	374.6548449955485	908.9712937609183	36394352.286062606	245951849.66727006
754	4.052204602980055	1142.287615775503	349.2712228526385	6.841836711365071	3.286888890447825	440.0691527815021	1706.4652437879959	0.017480076618003677	0.15266258080196773	475.2570407456234	1151.93423896434	175404697.58332685	1028879517.114503
755	4.592790332972072	1120.881784627832	306.9022910047349	10.09476396893785	0.5761936767352154	128.43415356101838	2296.0716665875143	0.09550203808958427	0.4504340964574739	415.7598394218352	1010.3663938847412	47998974.59071741	1276386023.1333632
756	3.992911725013983	689.6527230438234	238.5913979044163	2.058248495950567	7.050805499881255	4513.985991022459	13837.751962721797	0.002281831502181734	0.020546345184928958	328.23693323284965	785.6212374310035	425093179.2204259	1657294698.8812408
757	4.466577148006763	897.0457118801096	271.1832307237096	8.926472529061588	0.8890779646942901	28.593281167330545	590.5488024753745	0.2596537234284065	0.7531253629068467	356.2378622485063	887.3141486037937	5253007.24577737	192037727.29795888
758	4.015588698035572	594.0277450540696	182.5545509537648	4.581589169470305	11.00655643648901	205.73575749894633	3164.324126353464	0.07237366302049089	0.3687299595003654	242.30430230921013	604.1658377469878	12633487.428295152	243729501.11057574
759	3.781978222948965	971.3646948976768	308.1544813011677	8.54870173929083	3.060127840761509	88.7324705273166	337.9394881896777	0.07036717431222189	0.5432741819086467	404.8112282473792	1007.5719732884161	17995626.784572113	134220711.27018264
75	4.08470008400036	483.4727754585443	139.5901818374222	7.733827691399986	13.43079697416502	110.1907572704613	536.8312199193003	0.0879949429906245	0.4724738159348236	183.33423359452894	454.7355683096042	3102533.702987723	21580527.48529133
760	3.618484619946685	469.5134574814205	139.8838079874392	2.307040321203445	18.17805315211569	517.3205405176375	2557.8421816556947	0.021913676710882544	0.17220258520943338	191.14937479250534	459.9359115683767	14094068.498848459	86309149.8927777
761	4.503197594021913	143.3045546919026	22.61221038841474	38.4915106014842	348.3438228799612	0.17641915378511067	0.604400098216092	0.9999999999357941	1.0	30.25161892677815	74.24381349655803	82.34037947733394	379.1859522972031
762	4.30116218602052	798.9152909579059	267.8757580731016	9.068289519477467	8.48412749912616	514.2024235021221	1620.6117055647192	0.02115319580909298	0.14055666731858904	372.7698068556946	879.0214640459367	64196575.55219607	291718790.4830387
763	4.613556424970739	842.968400517545	260.2388345497792	11.97016355607971	4.284462127922655	145.1543623496028	999.4161309634784	0.052325323433561666	0.3926004956791519	345.9159887912276	854.7475716585382	19701372.80211516	265578954.54544118
764	3.610702212026808	553.3872420198481	187.7279153421772	2.295446521833771	11.4891871868009	3040.2178989381605	12456.823476165226	0.008476283773987583	0.07263364647869643	259.313817067721	615.9161972765835	135740053.33847803	693652102.9811527
765	4.142752218001988	1208.542109615934	367.2816830462026	2.741881275882713	-1.636379176905079	6416.776539807687	24732.844648632254	0.001618885883602112	0.01509824245887024	498.8808363613605	1212.789363017032	2874348630.706372	16107718579.20876
766	4.248741969000548	831.2250557919398	281.6703484406471	6.06598313136621	3.017548086564215	479.61159223602147	4147.51821770431	0.028704011647990267	0.21329505716596545	376.13925844616983	924.2883567858648	71535740.8934219	1204871372.1342177
767	3.935224048036616	510.3770792613292	146.5842535886739	9.225975398417912	7.703299017109418	29.589530806630727	134.509978047344	0.21535174298073712	0.851221437839894	195.31569844135197	479.0154364155732	982027.2156930405	6783956.385249455
768	4.469063376018312	1073.9870829757	283.8398969123295	9.971260388206183	1.044149367392321	338.00968236270745	1855.1447768315784	0.026667136896230487	0.21597815884888297	384.5803876395869	934.5670199752454	106572110.52900843	832914757.3927361
769	4.283764787018299	920.9850014706492	340.943651339897	7.345790523192196	-0.6836475901791206	247.09983129810487	3782.605095488567	0.0662643744111164	0.3392805439641749	466.1357763819635	1120.3850635805275	49237242.66438482	1745231612.51585
76	4.00992518896237	345.4605360971739	118.0669418214903	6.322038109890414	9.202064207717456	65.05772029126132	228.3184522920902	0.1478609265945112	0.6464260061371623	155.92358806001465	386.35080486949306	659341.6614765187	3718583.924849796
770	3.462851579999551	333.6307795448067	78.37883815353476	6.877526276620685	43.17028572479998	82.59612295780809	285.6661754606893	0.08680761984774944	0.5644869955421087	105.12965870027716	258.1071739265376	686660.347170549	3048699.0421454734
771	4.392380729957949	497.5841817773701	133.9361301316638	13.85993382868353	8.935655219411931	31.94746797087075	105.96395092316776	0.18401954034550935	0.8868524104656402	176.84848988396766	437.45185085414533	846731.1335762799	4405743.508460845
772	4.058072343003005	300.4546938292633	60.42525813707681	16.72196981813093	108.4329852365832	2.3493195107969136	8.038837291260128	0.9407139164386203	0.9999994625169096	81.43861566180527	198.7781979128502	12661.718847415494	58921.41488746514
773	4.508421259990428	1047.034050523778	271.9575933671323	7.972030645933698	1.604000808092541	475.16250154410534	2271.8269960379844	0.021739652059284676	0.1793448340973023	368.3309116258288	895.4888219003749	139593534.72436622	929408759.8784423
774	2.76086389599368	2455.483049793811	466.78723429755	9.356402039591165	-4.378525227778665	13854.386204255617	33843.07502800898	0.0008592432049105768	0.008086225510473423	627.3484266042024	1535.3184441698206	36897906180.10859	107199698766.09264
775	3.363993368984666	1272.547913481219	412.4436788731477	8.687304865182263	-0.9172813962037987	546.9564201304753	4688.122208138892	0.015105816959691532	0.13208843239785364	571.0074375018559	1357.8815720739176	288857178.4323465	4890663774.96585
776	3.217198035970796	1665.162354762944	354.9921923129133	8.931027349733121	-4.082337485755519	6750.838165134206	30184.785053798227	0.006659994241635505	0.05175673923954704	470.9349393400596	1168.6978178530348	6797889914.320016	32466529656.576294
777	4.575281193014234	1135.707851750071	295.8146921944209	10.19395857711428	0.7793979416835128	500.6299130304288	2347.954897532278	0.02212961429011507	0.15731577928806786	400.8247073367198	974.052663222101	184054634.66118193	1208446682.265124
778	4.439749200013466	1278.636041411851	276.4293388757298	7.177920476825484	-3.316757302884934	9937.578686257373	31474.18008752071	0.00396470616357603	0.022989751560296513	369.23787388697224	909.5593998182828	4341272692.252977	15964373015.375847
779	4.620410899980925	898.1489765959276	267.6724445019864	11.62239049193288	7.150169249683978	293.86257836336046	1074.5150403227367	0.0312922299991785	0.23115073995637825	362.7078583809266	880.9923542101312	53711454.11132463	319584031.3728429
77	3.602365600003395	307.5735375400615	56.48629914229639	17.34113572923244	82.37901313748496	2.5778375202156023	9.153522537551243	0.9173657592392773	0.9999995577927265	75.10462135577785	185.5414454134798	13646.72603100835	64303.08289562105
780	3.181742613960523	275.5612039767342	69.83105899327612	6.088634348070656	54.90406613968382	30.164678910103838	99.72868714098632	0.2032481085977508	0.9006039859140245	95.79300242437225	229.4089441346523	125430.59251229094	598508.4494436757
781	4.463619299989659	1311.404543158779	319.5781438892099	8.066466808880893	-2.457835345284334	2504.427673324865	26246.680064386866	0.05585691626894852	0.21254048241238288	431.0745023109391	1052.527825901624	1469400410.007997	16657853143.196896
782	4.139105872018263	521.7270668627468	172.7637613018345	7.260267569640049	5.425209964192788	15.09303012072085	87.2806318325893	0.37534184207574683	0.9070630350152848	191.64359320722622	525.2852923830796	438120.00800246774	5275230.684195031
783	4.171944046043791	724.6004144731486	219.4974997305511	6.370717716999593	5.748038837199783	267.2420803127174	915.2176254818985	0.03509899384899333	0.2421411570797728	292.05894529229465	723.7600534625649	25496546.98070145	137030744.23670423
784	4.502815884014126	1277.290359454538	339.3444269453396	10.51956614556284	1.018469083264636	526.8901018727561	1987.4380887454042	0.016459018901528233	0.13539748438770682	460.1606256071268	1117.4361254621754	267960439.58959627	1500347051.2876084
785	4.728734211996198	284.2256277730695	64.75875459811692	22.2917544452829	117.5878636176814	1.0743655895376816	3.8672440332536606	0.9896656458636829	0.9999971344008748	87.99874883117445	214.59963529088006	5455.992600470843	24809.4069756925
786	4.486899018054828	662.0063448422944	184.0558359568289	9.699025772419745	5.198066250002004	6.77359497835937	32.96375219820458	0.6176459115892676	0.9636982595565212	240.1507609898499	604.8864523581137	470167.96151169506	3732607.266780783
787	2.596277414995711	752.4346529777375	234.2026942625558	6.412621669195566	14.08867919840233	415.23366350782237	1531.407602738019	0.020243736037253976	0.16929657483736507	321.6407453074854	771.0494516759056	48122069.46196883	211969756.81274575
788	4.375905715976842	372.2735432631932	97.71458767795937	12.58441684035694	82.75623613788936	103.39394381511676	474.22035420709835	0.0821069718799978	0.49075101219788775	131.62932241653272	322.22858666450696	1380307.0226593136	7174154.095429913
789	3.979243668029085	618.0867032712122	192.0618163004398	5.256603751150802	9.030295325129682	96.70993317073744	1257.951875170979	0.10341337766468588	0.508478281522252	256.40121914472525	627.9240436311666	5504300.586066022	139223388.34062493
78	4.812952661013696	418.3133690476794	76.30228873003496	20.92238704215524	93.41581447633179	2.0337163561628513	8.33753878669047	0.9305204348369699	0.9998805057482222	102.16844399302244	250.6545947057935	27687.073914363744	151266.0596265149
790	4.1344883099664	291.997172109973	61.34790288514057	14.91929042689473	34.38538068688753	3.9261346247880744	15.724544931839723	0.7984779455566084	0.9980343961205799	82.39770275406607	201.53639115313126	19889.365189755837	112207.87644364184
791	3.582782646990381	417.4409705018183	87.94341200452163	15.26830180824371	35.515938866285	9.912599346248706	36.44748398883379	0.502934484340763	0.9921483951354249	117.93920227980891	289.0445241976603	148309.40317121815	756823.599968101
792	4.611472539021634	1070.891321121781	308.1579756805091	11.54122629871865	4.294594163841351	242.12565719134267	1430.8615631033053	0.05100347763317617	0.31682760842571706	417.95174817513725	1014.8141119676508	79795027.50628336	697836676.7055506
793	3.146585037000477	2138.317465369488	412.6580921708749	8.830461954933005	-4.147437936755436	12951.098795652011	33304.514945322226	0.002345053186434128	0.01601263718891448	552.2377565793875	1356.0092843868608	23377952628.784187	70607168878.11436
794	4.600653890985996	1000.827718177033	283.8076562665564	10.79208284637131	5.330602654014177	89.65712575003093	932.6389922608448	0.10448324426697454	0.527874238633804	383.84503923657735	934.1087201539267	24502497.442580476	344612682.1971021
795	3.905222774017602	478.1429156682028	132.3882090536545	10.31558193795263	8.119915071973912	5.102174018797667	29.13929572976214	0.6827044590788764	0.9951090772283598	175.35918165840036	432.39562550839815	141314.90231664744	1175936.8957289872
796	4.128509286965709	759.8171809932874	254.235876644306	7.855607585317504	11.60219898955871	707.4236600893605	2021.9315350847046	0.009321219347427539	0.08782829461293855	354.7556302698316	832.3697155223063	73395608.38485095	302715453.5558467
797	4.514103194000199	722.6748941076154	186.5667926697841	12.90537704672452	12.59683013587591	6.2483526741633435	36.08640786092989	0.6200808693206195	0.9866337073154928	244.74912984949594	611.9652876564247	584776.5694618195	4642689.246420111
798	2.977499612024985	2103.155608399212	549.0847909368085	7.429879168679822	-2.927614919710972	5986.646861762003	27969.73732485598	0.004121333421859416	0.029991137870987162	734.5901296191598	1812.810600055448	13824552141.710894	78096288347.94044
799	4.053481740993448	891.2284107654535	288.9531654164838	6.22834601822109	4.329408754444416	331.3865877100156	1908.896598638491	0.025164296874925298	0.21457945687201768	394.74851494222776	951.6006008190316	67448766.17180522	513543381.850269
79	1.947702280012891	406.0900657205896	151.6055104938607	-0.00027599787984833	11.79693174749024	8667.152916063582	25261.671046994372	0.0007589650001917324	0.007568184902602884	211.2256954284183	495.61615276194675	172161444.2353678	487558451.5147581
7	4.531252246000804	640.240710721778	173.213419142244	14.16101402216825	17.90924548363924	8.543959934349635	40.987739806128694	0.5440723046496189	0.9891021543335746	226.1398142243878	570.4430815592515	536638.865703831	3641847.410106867
800	4.068931844027247	249.760586748937	69.56111449413987	0.6233221845219781	82.74645691099033	1047.4267407350114	4746.6210776084745	0.010563835114720376	0.08305358859833088	94.9001639247083	229.11975824429476	4140244.6136616254	22590195.513505515
801	4.347960929968394	655.7685998488677	225.6503059000257	9.014693746721584	13.95898063229513	351.22520766300903	1164.0233791495518	0.03346794975771889	0.22203120053785896	317.9355699732455	742.0546838015525	22212500.778997675	111025017.54646878
802	3.54129651299445	1053.612636709829	371.0070497363639	5.067099705232271	-1.139233007558696	327.7149777900157	8093.736069148414	0.0856737384439511	0.3315493587302169	508.95948395618416	1221.1952283075218	100711718.37459156	5359424995.226684
803	3.417110487993341	443.9223973725859	135.3853287292539	3.04754183371708	14.61624059106755	165.842704018011	699.4602600803951	0.052955420988385384	0.36944431076864165	189.17927080282573	441.90484111546607	3547147.085278954	18322203.438414585
804	3.934225791017525	1133.396622015796	309.4749943892468	8.197755244969397	2.451111470139082	124.74579573764927	1138.5289579876126	0.13889536438705757	0.4600433625500512	417.8498462401915	1018.7643677883233	48661650.225953475	648399507.1840633
805	4.467040727031417	1248.57425565413	295.6443412372944	7.733635328804171	-1.248680387388843	2234.086543017621	14176.44976999002	0.005897680773241321	0.05446924057032887	398.0631630849484	972.7080796896047	1042517231.4074341	8806189031.186697
806	4.630002024001442	140.7583037140868	29.17211740117374	38.50960112650586	558.5345786966056	0.16563124680350177	0.5704936811328909	0.9999999999999885	1.0	38.534116385088964	96.01755273411365	92.16817246803363	409.3452782158478
807	4.381474310997874	1313.749656242902	333.5213330450558	9.174544518469126	-1.420618325795485	654.4633958803338	13920.090668408193	0.07423630934372089	0.3067379194748823	452.4191329580633	1098.6412784100544	386407695.07761246	10364394322.738628
808	4.634803580003791	1168.13050207898	331.8767828560314	9.370180611212215	0.8073606878179951	61.64679105542	1560.3766488442864	0.2362053480808001	0.5684128272663602	447.41174635306504	1094.2440734017223	27123596.441848632	955452806.1612241
809	6.018389903008938	703.3984839607382	226.8011317412904	5.770083213613709	2.971815921976709	228.34004617205917	3598.4141471165226	0.057738928601138245	0.3202040363022937	299.9258703102022	744.0579903714861	21378064.574076142	573042715.909758
80	4.687043157988228	963.9378134496708	375.9820887147172	8.387177316487339	0.8277848784075499	208.78919190142054	2347.4103775497356	0.07395915399633274	0.3584201520848837	549.9281426390972	1226.2356700539553	46086867.907302454	1239067873.8791971
810	3.845737326017115	286.9773611625419	65.774275540686	13.56813121471771	47.75931287864303	4.939640639345675	18.379771454094822	0.7378697440844786	0.9998287484316072	87.72423878810099	216.4435580636295	25314.446757626432	121924.7180345763
811	2.565022586029954	380.2012670410955	98.56271291016839	9.17897991851374	77.24540559630621	192.15060945088354	670.6141935633009	0.04127651262619601	0.32316051390318384	133.8853495546445	324.24231241888424	2484567.786626456	10244049.099615468
812	4.187866455991752	163.2593742943099	30.3805315770419	30.17770632235207	140.9536686133179	0.7998344543310196	2.7361214524039936	0.9996288812363685	1.0	40.98521221394887	99.95093611936511	649.6436716553633	2982.5505889782626
813	4.136259994003922	898.0469138712792	282.9356660475376	7.287424273196239	6.191147786366644	711.9744702945825	4025.8918762485305	0.017099712882126444	0.14255902214562471	387.0698594410744	932.8268903255116	151867596.8002524	987298706.6146082
814	4.615131597965956	1078.858214305444	312.1621959991148	9.28906726611907	1.239789931906379	60.90655003836571	1782.0382659389506	0.19919259036248305	0.5672498653555901	420.78573358870915	1030.7691196168025	21920043.407664277	938221038.6606312
815	4.579546149994712	1224.106540167208	285.9300370477201	7.36819446848366	-1.88369269863969	5605.029381630176	26595.286608349565	0.010468436875862706	0.06165334299220958	385.0142366560999	941.2149432972195	2394789568.5928574	13642555903.616701
816	4.488117870001588	1302.699860297466	288.2312889927696	7.287620641588162	-3.286821429741118	7881.448928594093	29568.535168482882	0.002758413185981972	0.021532515443359098	385.503741592245	949.3965395987968	3793118221.7319984	16453187911.979437
817	4.407168583013117	632.9227005694469	183.575106684589	5.00823605947533	10.81942747892886	157.3647372375669	1278.9335321911553	0.0899165544663534	0.4004881660693432	245.7793545415406	605.0272807919316	11802577.523160307	122773475.06096202
818	3.857823568978347	1091.536656930658	358.1286091484623	5.365748137951639	1.235194618814746	1721.086250631248	9495.84025833687	0.012344965497447864	0.07905328288154786	495.61255179129955	1180.9715976128618	567191926.5048614	5271447664.445877
819	3.496372890018392	498.1946968978948	171.197529118426	1.31069111358739	7.68874704948732	358.95549097785363	2247.2281430305184	0.033577829213253245	0.22444361092721873	230.52412550709266	572.1610213533643	13586548.441177461	103681380.09586993
81	3.592836959986016	542.7575897298749	189.8497423629977	2.077347450027482	9.449360160809803	4029.256801309055	13659.211309057386	0.004092149509562954	0.03702339991666361	257.57769700479395	622.9419428178337	180619842.95418093	811333190.7470182
820	4.497541974997148	934.0171998360256	307.4280701254729	8.911565472617417	0.2385222205590209	68.50677706881473	2760.03875162945	0.1133303452230001	0.588259178962055	422.206716573681	1013.6159026165003	12920044.074142894	1216090521.8932295
821	3.675393599958625	811.7674622610361	228.7561632883444	8.12636357550769	5.337341016944601	13.714992135176132	83.49574794334961	0.4095393021919611	0.9201537813708927	294.0854874470399	740.5051575197768	1683562.4421634246	18307271.44219347
822	4.164368264027871	949.85498005683	292.1242171251168	9.016558490562772	4.934597173484285	503.7440081573722	1983.875633219387	0.024807740782978704	0.1678261955392796	399.27089388186835	962.7082977621037	118916281.44429639	606287014.6547649
823	4.299591643968597	1441.057752823306	290.0758138509715	7.952443664428789	-3.023177276864785	8871.748668227594	28814.887232471356	0.0014956017604460883	0.01394408851277114	390.4392755466149	954.2697339017633	5384495552.660941	20948308860.499855
824	4.684148974949494	599.7582170804261	153.1076500051951	15.88876605548071	19.17045812602937	42.794642809625	132.08325893812227	0.15184436573121507	0.821372198070246	205.03613193089075	502.23348389644616	2046617.5233343008	9290945.216418706
825	4.654151026974432	798.3187873646923	241.3144570782543	10.32342253149845	2.667214027208875	18.558361343470263	91.55346924875057	0.3270578719658208	0.9087068258780182	320.32088467769813	789.4597410624214	2429533.4643477686	20152345.812369157
826	4.74406233598711	882.3256578401648	253.6493349206645	11.55380260010036	5.492894631155909	16.681742127063778	350.54006229165566	0.3613681933357618	0.8069633350304268	334.9188920013612	831.731710643849	2846684.220013317	103021707.41296409
827	3.75312407797901	805.928154962796	224.8890028770201	8.618569757225167	7.755193105788575	37.53119734358565	161.97575093736705	0.1721976856743403	0.7949912683846064	295.171415802463	737.1614263355866	4509707.3672306305	32866882.471859977
828	4.514679391984828	794.9731072435185	204.3836612959116	12.48014368748157	10.14978373213207	7.97940939225069	66.43388160456435	0.5600027359571068	0.9373903351109147	265.74656711365105	665.4752030551845	927165.4766392102	11960726.80312686
829	3.827015583985485	871.6222698681324	292.7833878274986	8.0487418739002	2.159088775762859	116.09383617226914	476.1611607089269	0.059850339374295666	0.45086248777639676	395.2036528115566	967.8084353372769	17392948.580665193	161429813.00737187
82	4.6123802770162	651.7219486015431	168.0169750996794	12.48594906464734	12.98874223609312	6.299994652809216	31.232003302452867	0.6465926111442966	0.9909572527315983	219.81463539527863	547.5114408845718	396979.7205351254	3013587.28575955
830	4.232676874031313	937.5968686211936	308.4009582258649	5.068773249912502	1.808241994707538	931.2413810832711	9234.672466580623	0.011613863904454428	0.09898057451941397	418.4904106747522	1020.2326198281506	221727093.8746622	3158748446.8716903
831	4.13214468001388	765.0299769075011	277.4520507753146	5.656314556238065	4.958079255340525	593.7104420675522	2809.798325261802	0.03971468041414417	0.17011817438175955	383.937295754317	909.0199517359649	67625274.50688532	550808461.462737
832	4.434201615047641	1058.042018368627	295.5250280771376	7.161310471079089	-1.168458908147409	1699.805890070135	14135.353599935592	0.009102994583496801	0.0655295220047679	402.1196147477551	973.7957589621728	517266455.8122414	6262423920.178385
833	2.62730165704852	583.4217434089118	182.3883769621614	5.0638734354715	11.44498286789115	317.2636171432633	1392.4827653678694	0.024232179049139546	0.21133460274500818	248.44741859863183	597.9674943972423	17303090.581080694	92520368.09684108
834	3.909014823031612	865.5387796030961	299.479380230365	5.708628930773973	2.069101788270722	271.63992176934653	2152.801874308359	0.040765513589596306	0.27252462158712526	402.5675409753535	998.6892629908298	47874097.48532847	736530799.3935584
835	4.446305667981505	780.1998056055791	233.2026810885814	9.630321322123528	4.072775152230911	13.722138837259054	62.717836563374014	0.40450425600490025	0.9498007481435075	308.64367701241804	762.4336554699242	1622519.5548171415	12286157.528169353
836	4.488566478015855	1113.8163055663	345.0262877707556	10.58116746499229	0.4391282940244343	131.29532144595748	1140.6061662058953	0.05449551652156974	0.4133857557592211	470.201811556807	1136.2307384034245	41610748.60919485	770163533.3786172
837	3.492070426989812	855.7684807015091	280.1124182217818	5.621186845235673	2.70722468380107	63.40845293670843	1715.7654821621354	0.14323815095995318	0.5749566754460106	361.13248503219666	917.80598426895	10494195.803899087	512972569.1415759
838	3.910409893956967	486.4928070553485	129.0227377669772	8.890256681081993	18.39195802792415	17.377364061608287	121.69223240151268	0.38158593824970677	0.8761578636983339	171.68214427299216	424.1012795987094	469623.5868986266	5289351.017591198
839	4.785794920055196	366.6028251529015	64.68951866510454	19.49507930789132	104.3631381017337	1.49987803277029	5.3412055990703395	0.9821984687942412	0.9999577282363371	87.01814529117615	212.69315068870407	13135.158325147158	63008.06342384493
83	4.030759025947191	1171.203175561207	330.9424036427117	8.81991243265394	4.01173840466019	278.40333358170943	1425.9118963256958	0.09027116292521004	0.30607352729587356	447.42790071194247	1090.686336676768	119598972.87535678	832930626.6625361
840	4.17598546697991	1040.775109021542	329.2226647958636	6.950380090074132	2.551858077926725	707.3576804945612	4645.210095344736	0.011027976709533208	0.10412735368854116	449.6997550801507	1084.7897784193465	227990759.95359078	2069731762.0554955
841	3.565019724017475	431.2820606967227	118.4518622733522	4.036842931197654	26.71745371883999	36.95669728573734	414.14942909341715	0.19395533814792082	0.7285285960899818	158.62901757959025	393.6431327129803	753599.3076644575	8450320.421906542
842	3.528797261998989	558.1986276636119	158.4079857662072	3.596079223574925	14.96010579674699	206.58922936378977	943.5096499950679	0.03247532189593618	0.2778633244060532	214.8038697686282	519.0618924716122	8432499.778198466	55582932.98449105
843	3.942079409025609	374.2447590247277	84.64702221548487	9.511614763720416	22.38108401967205	6.193242045424016	49.7970150418235	0.6376336616881755	0.9522256702293144	110.88417127963413	276.23505474297565	66287.79085775201	805320.8136008376
844	3.597627669980284	1474.031060902813	355.4676759473718	4.765054821434598	-3.660522434121431	11064.87743428953	31442.518719805503	0.002804078396660158	0.024660221738236017	456.4564624413249	1169.492903181244	7563799271.650625	26370399299.35803
845	4.552253858011682	1215.48213916513	322.4039742063168	8.928308734662586	-0.632456907385464	715.5446558412879	7239.362881681715	0.0147716732888924	0.12054466464592885	437.4395728131724	1061.6967346875226	343551724.37243015	4731667463.685323
846	2.560309166030493	2322.91076735659	467.7445572672203	9.348934411140366	-4.435829739497489	9152.122639145215	30982.19757049978	0.0020265345612564436	0.018513492019764294	624.2047933681974	1538.5839670182231	23256979991.00347	88215448282.23712
847	3.637734480027575	496.3421550750206	100.7073570183066	13.78105268056039	29.58046879719338	4.185630800505287	15.449480423508618	0.7912411219311619	0.9998039026575142	135.70884537278238	331.23836386898415	101604.00250024236	520748.1181742897
848	4.288460068986751	123.7799352817407	17.18251768543117	21.82780847577376	324.5215366845683	1.0531285155867018	3.665008141592095	0.996555143369907	0.9999999999949908	22.833925252733707	56.27203193145134	279.50864347092903	1301.7640784309676
849	4.367210584983695	1576.739143772311	320.0078824426452	7.961769640423232	-3.731197427131703	10878.007363723353	31886.810918138606	0.001780790331579923	0.013044107898779961	428.2931964624613	1052.611613088303	8434888134.263486	28757726218.031235
84	4.484308769984636	1142.048556160894	363.0643284556722	7.149775584553314	-1.513068186497438	1778.9644868237435	14847.620200578805	0.018483385631738663	0.10432875512674296	500.0425211444684	1195.4758446452852	708380037.0513616	9727280653.887936
850	4.062782325025182	954.3480610438122	302.2309749128054	6.350386297360282	2.344081510407686	250.0031403042029	1453.6376337954414	0.11155503154241889	0.33593003182293885	409.8091943762247	996.4110041790036	61102816.195735164	555915451.0705459
851	3.605840144969989	326.5274360746329	100.9265105604036	2.119699973897688	45.14921727857762	1049.920434634297	7285.786842384039	0.011489240153689729	0.0985478965257632	141.25712443559155	331.1926115124995	9340098.485393222	71313546.70039624
852	2.55374149500858	773.7840243094216	254.7376541768203	5.7431060056267	11.98979440805979	715.1677891773875	2521.7391423206	0.009594046266782322	0.09188533467268238	352.49798062709374	838.5098761452526	86561508.13477774	385986825.75825924
853	4.224633731995709	1000.320415339215	318.1658595090859	8.48300725659548	4.222806434222383	634.1188084958455	2875.520270990606	0.021462427217667977	0.1598395264709409	435.2184991441618	1047.7184225703536	176029497.8270476	1052368542.5171142
854	4.580881771980785	606.199949619448	129.2735076623668	16.63149562736043	25.1734630243218	7.466273160017382	29.42955944703105	0.5883433900600189	0.9953994135415154	173.53184894099616	424.78023569825194	351672.6758266725	1903711.7565317613
855	4.259222240012605	916.8424961425588	292.5475424900173	8.384799986420875	4.329130329187537	548.5643024082675	2719.1597677231034	0.01900073838384389	0.1555246495836401	399.9816559403695	965.2749435092934	119596356.09280336	744949858.4183667
856	4.466225234034937	1409.211143257321	342.7401787328899	9.931979295268448	-0.4146589461018708	834.7153945098098	5138.105463691874	0.01336619479858558	0.11428191562174607	464.01323140397153	1128.2944984543083	561730950.0321779	4768380953.96525
857	3.888757202017587	505.1106640706266	147.8427460043261	8.777121774473652	11.54370545551104	41.895842310620836	174.01151609903425	0.16539345633128502	0.7766637509698987	183.92828734310189	477.0246162256462	1160523.1822344654	8040558.51185272
858	4.64402876800159	1155.750215841492	313.6801709544852	9.112688759056242	2.215069060759221	394.63139515742034	1924.7736170889173	0.04033659201595473	0.23000081481015222	424.94386508686694	1033.2278370708343	153481384.69241866	1119077858.6398246
859	4.082982454041485	857.7579275754758	248.3662438109292	9.805323365278724	9.690923140082766	173.78248137462532	955.8485675475995	0.06435108544251769	0.36160354500995473	334.8833791809443	817.0518448227826	28750245.0683234	235646823.45955184
85	4.544991893984843	937.1031007356584	270.0702063802038	11.94129724534048	5.144889353721874	100.38763379889275	964.7994681931385	0.07546423014311844	0.49873012525660443	365.9289377235483	888.983529217916	20337886.088833388	310537889.21633947
860	4.650415673968382	513.5506219484646	124.7040010679385	17.09506611441034	42.81980684593016	31.07251903455574	100.12975014438842	0.19489769916787025	0.8997043051283955	168.6042887281282	410.4583647861384	959197.1529248038	4417210.663061345
861	3.478584727039561	528.8797722428378	149.2209139108159	9.644689641951345	11.9292340182468	41.059511815608964	175.45089690251308	0.18138596579876087	0.7538542492397549	199.66980493909483	488.36627542278814	1610307.0322794358	9159891.963305427
862	4.237465894024353	1104.85843148178	366.6464758100163	7.131984387210502	4.005659542685817	1450.5479968120815	5593.703988601228	0.00824703203049248	0.07226209490609051	511.0394940626452	1207.0255649845512	483973582.0421629	2792846040.4607496
863	4.63854164298391	520.6082365503443	129.1329741033326	15.33331816170146	14.39040953576266	26.068515613005836	115.05690212671799	0.2470016428620498	0.8760891237069749	171.87159667783294	422.3271391840505	839600.1052355488	5566994.0617908435
864	4.818905998021364	366.2927483424278	83.7396814717536	15.86683058718139	99.3599857327086	4.923322652589443	27.987229138050186	0.676332117901284	0.9851643455161937	112.350714517151	275.95389287378543	58234.42400928257	412403.1551500965
865	4.602417335961945	957.8778077617019	374.0945381191136	7.613351326962697	0.1452754261253407	349.26050487606415	8257.997741149806	0.0545278775294553	0.3103015521065602	543.7999222116238	1218.342023890664	72977018.43540649	4277975996.462327
866	4.709962722030468	599.6408712624957	124.2724042612451	17.13481780846212	38.81601743373973	2.8799317230502437	10.142769079935455	0.8971668345577697	0.9959219166424199	166.9587937736843	408.29477010586663	125014.80414869913	616151.8376697997
867	4.183239939971827	571.0705122173651	147.6300757590928	10.8715974802117	31.5301761258654	42.1923804488944	169.1638474114911	0.15393938063004062	0.7891887877266357	199.4235115191347	486.50013676866456	1910572.6767545983	11274706.432883037
868	4.655891459959093	913.5185018259612	272.1175372161746	11.70881263196354	8.501415683997122	189.50508077951778	826.0724029259992	0.047787499796848674	0.3331771762821115	368.659990486379	896.4378974448728	39697003.42673673	233958120.76875213
869	4.712130047963001	551.058899023555	133.667888742545	15.36682983616021	33.57802221317817	21.33945724536563	85.96252182090892	0.28788748007750004	0.9262575165541144	179.33512936274423	439.91573762062296	823039.3523892359	4539994.266389068
86	4.576179614989087	1216.532153016693	327.5176642552576	9.476283610163982	0.674487669775495	477.8986615982054	2167.2697364162455	0.026685644878409475	0.17044230339740646	444.7485072152299	1078.6453137144852	213753884.6662913	1474591334.6571903
870	3.964560962980613	422.9475809405109	86.46336940061937	14.58211932839731	51.59186127530133	2.337098011958896	8.092757042405466	0.9389959382569428	0.9999882351697273	115.47187396658052	284.25121970095057	34910.03235531486	162815.2195088583
871	4.185459522006568	816.015633833843	281.1866430672019	7.002349297193405	3.75925278321559	764.1253938204762	3227.9742971391433	0.019537326748335793	0.14136705155011547	383.97849450630565	923.8550936004891	112211978.44949937	723927457.5482476
872	3.96455157303717	855.4568394994607	282.691882616933	4.734707270378386	3.83785769869064	1014.0128176700757	6448.818456875456	0.0226931809962696	0.14159811931353028	381.90028042852066	937.5862150286447	185438907.6403085	1725568074.1288671
873	4.660178627993446	367.166753348816	65.94231552737932	22.71040392916002	99.17900545808877	1.2149720716838806	5.720388395469392	0.972173577952351	0.999999995459183	87.01558615896715	216.35603908457767	10959.706163485303	65332.73599898043
874	4.711805772036314	603.8384467135369	142.6672744375516	16.03874455786389	18.2897830231053	29.468327512375282	127.02922464072525	0.22603350771839884	0.8576874530823878	191.24124799880974	468.5202306205076	1418108.4922763754	8984342.89567898
875	4.128758192993701	169.7863794036795	24.54884492780233	26.34582072315587	600.6581483415767	0.38617957645053497	1.3156834202535128	0.9999992439657392	1.0	32.843224250626974	80.57549914899934	276.170521106452	1261.8854016676987
876	4.559035445039626	726.4060895033891	213.3119805015556	13.8601128304645	8.457726813475814	71.96700938812064	347.2841219165314	0.1012063737886276	0.6068620108870151	279.6507197907839	695.8242807338028	6350555.820130892	54252878.73746787
877	4.624327604018617	406.7308626439226	178.2256706925409	10.9187819667242	13.69377445579901	15.084148619161324	56.396408786102164	0.37714561823180043	0.97798561743739	247.46469552319758	581.8957498831012	277298.37805782014	2331694.447485268
878	4.181880269024987	718.7151288564835	266.34365107637	4.926488380906955	2.147753577518879	559.7714055054387	4797.484691325738	0.021905577024912932	0.16343042114437595	349.81740812982423	869.9581639365377	54598630.023724325	950689316.1784539
879	4.637567693018354	1243.700076371131	338.09420320725	10.21581668764959	1.411897030820066	433.7158534245704	3082.1617827219393	0.03699703677044674	0.23331480953778463	457.9580741987264	1113.4565942262216	221156626.62649614	2204463365.5065985
87	4.62715166201815	373.8613064900086	80.66068994820131	18.11382115455378	26.0753147099784	5.940875697337146	21.239732144562613	0.682026759245499	0.9995107107817071	108.5659132358881	265.16933002104133	63207.97484420573	317892.4820015958
880	4.414700966968667	1053.824326717316	323.7353844073138	10.93360686903981	0.4553511605848932	216.07963446445558	936.6991712348241	0.046558295767632894	0.3063501890571614	440.04442245268876	1066.1992135966739	61244238.728177115	516082131.9337121
881	4.430820684006903	998.492197946924	308.9139827921049	6.659641597164028	-1.28798189845232	939.7895280928132	14812.785836876143	0.03619289051735014	0.1695110902102179	425.14206932727313	1018.6398942153215	246011213.9976795	6320048473.394523
882	4.70494329900248	1063.865469207892	290.0724782303484	9.93043927095695	1.861205137700672	195.0473962331254	1803.6057507839048	0.11629699690768526	0.3909751174315832	392.68639328344875	954.9104106106622	63527753.65836481	833993895.0216293
883	4.665628955001011	827.1233090904836	224.0863303691043	12.60547385510214	9.769326796784867	22.022689040091503	415.82527450283055	0.30315472147624234	0.8018054846151353	292.9851346098412	732.840719104184	2858797.734905851	91182380.82789837
884	3.881612386030611	881.3628312704634	381.6316058330367	5.765321252134779	-0.07152748156535393	334.17414522303204	9562.486003799391	0.04720294865149947	0.3025814234329606	535.139483527592	1272.6353730811356	48061034.35621202	5307145856.409404
885	1.930301736982074	177.9824499787188	55.97881738466405	-0.00026115395377246	151.4229326721777	8350.992392581173	24728.535614852262	0.0007927844438833053	0.007903351196011425	79.15064415483994	183.13687695935255	12113479.497145055	31215149.000840347
886	4.236762457003351	572.0845219862556	178.4905375371254	6.277034170398536	7.653805328051958	194.52662336522454	1230.5651425641545	0.06983435527127191	0.34102703991153255	226.88813646192256	578.763220599613	7953162.132358785	98030218.26178408
887	3.631996404961683	451.9826863097697	115.3534036332211	10.15800965951156	19.08047190514674	16.297600938021514	65.87696771656535	0.36915999183790577	0.9521811443691034	154.44964828200233	380.22361207195854	361754.6851747682	2032881.1336948809
888	4.407065759995021	1399.211542926671	366.8364793023757	9.262628035596304	0.8676645150153782	576.4424241084405	4152.714840148711	0.01946471683637705	0.15842633467714612	497.2127022749912	1207.9138764994393	408317561.26637775	3987928820.927273
889	4.663088350964244	1083.497457900597	304.6491687697709	11.56597532326917	4.811894020109731	359.8454745441918	1440.255428264644	0.034831820491709874	0.21055405592483245	412.1819510581215	1003.4398542291613	119006544.24917273	671800548.4804299
88	3.970565291994717	982.8592012967556	330.6448504449741	5.132007024726272	0.2413603314183155	628.586825916557	11103.306066315303	0.016766459352579692	0.1363483083097079	449.90897146563964	1096.312921435892	156460722.64287683	5211474578.526304
890	4.017560640000738	560.9454032317956	165.1899920799556	5.658055474899264	8.70782970509697	17.150012124521343	413.12346188442035	0.37722745479447256	0.797205670129779	209.71319154990113	537.0251740276451	756174.9332094351	32645081.09609814
891	3.923264698998537	135.6664594834238	23.76411066272147	24.46688587207204	381.7086263048409	0.2269315554364259	0.7746571074063989	0.9999992645056137	1.0	31.793644380028937	78.08205923515692	99.02709124767924	451.4312191494604
892	3.835541790002026	670.1366171860376	155.5687671391274	12.57434662039254	18.55300495675672	8.0489320773594	36.26257400085391	0.5592843544316906	0.9941344119539607	205.16706939214896	509.60131785789	519019.43939266476	3507980.003998215
893	3.33524986798875	320.8000979987124	113.0955594661097	-0.0002541326981138	18.35144231385895	8552.956021231512	25073.30979276696	0.0007710615726100521	0.007688111358644582	158.2527002270838	369.7615098493199	81171689.1814986	219649787.76756957
894	4.564277019992005	833.4889113254244	266.6407315980136	9.229683632353526	2.893460921161816	102.77230597472574	1180.4857368487726	0.07987929040602638	0.4920632774936977	359.2074752077003	878.147442108346	15995611.17187493	298374554.0569685
895	4.317725014989264	666.9606275098922	197.2976064539483	8.034324609416643	7.081891536813885	142.69753844178777	820.68747878623	0.07338434927905378	0.40707757750608364	264.2247586567298	646.7186916874098	11485919.262005765	92463455.62058291
896	4.598386538971681	1009.577133030974	304.7979736894781	10.13078466889566	3.369712575659829	291.70143482980455	1579.3451645201756	0.04163633595808267	0.288904868828864	413.84128715811755	1004.8262013675871	84372732.34111643	637616023.2646115
897	4.295921729994006	1274.673315762447	317.7048948474913	7.699231737268859	-2.53301659254984	3948.0102915838856	24973.156476430097	0.027549529412575855	0.14350684394824648	429.4958807552716	1046.2355279125845	1939014100.3492665	15464426474.568584
898	4.697614356002305	889.0693642566748	266.55093272531	11.35034057961707	8.230297351813416	199.9416939083838	1126.126158735389	0.07505702617585128	0.33408469488091386	360.305486729902	877.8253839253612	38343564.50349118	308287930.62087417
899	4.517729429004248	1153.311841061074	316.5352142491622	9.320878830675065	1.058242545815217	311.8011315855433	1908.3216233391681	0.047722186913060405	0.24428911367616002	429.1309077422736	1042.270810850333	125813152.73050737	1132666332.149396
89	3.208045965002384	697.8446595920099	274.2462657955423	2.909599069342131	2.64978296262922	249.0204841847823	1569.9754432331506	0.04131460897336574	0.2864092861958075	364.02854727054284	899.6216322074156	19375287.89860073	311834012.59312576
8	4.618536137975752	679.0681744900572	191.7396890394961	11.56360537433124	22.18193911294744	118.46682534454887	508.2632289483301	0.09926101233618767	0.45727225613152966	259.97224590129576	632.3495085857302	9843807.562694436	55617604.44024099
900	3.83631212299224	835.3152871414277	306.46975342028	4.764840496891789	1.3928525951431	727.3202486550684	5436.862150721444	0.02652261708631487	0.1445838465661705	414.03827221867505	1016.6528130405194	108817816.38946834	1833621926.749156
901	4.386031094007194	1202.694202158068	319.3714431406672	8.407775097705805	-1.569145264195407	1631.6781846917395	18396.842538254718	0.03548662051899593	0.1530737090761493	434.4864014133933	1052.417942706794	768802643.147747	10971510531.727835
902	3.466322123014834	511.3781871624871	112.6032525606429	12.33044722813349	23.32358587517728	13.197321147569918	42.13045243912352	0.40294414570591	0.9896587890122953	151.40427048385578	370.22346885639803	358638.6701284299	1672376.779361076
903	4.690502021985594	781.6811943734899	213.510744771545	12.24542373156932	14.82933172500296	17.830293808681954	412.231377242151	0.3946597256189157	0.7705469769900783	278.3977672306271	699.791446465742	2139653.6295171035	74789258.76918282
904	4.796162754006218	613.5332882419106	186.0452387759782	11.26639442530143	17.03675095287378	37.37876071320608	184.75314769248936	0.1868078115968405	0.7783888013077783	252.14611110265548	620.4985256811492	2305718.4689805736	17375061.557763092
905	4.146736405033153	796.6627085463426	266.3579510651361	4.327638722362864	5.623294306012299	915.6019009050017	5507.9632261916595	0.016816119955501255	0.12031788664801014	359.69317694925587	884.0508467371633	141069587.05796522	1196690240.0068161
906	4.177439216000494	782.881335312467	256.585179895837	7.10482881727417	4.398042088865784	105.0147985928094	998.6877444428001	0.12716000057162474	0.49080756233620726	340.7896866051112	842.9732306667145	14119373.23685134	208683259.27197254
907	4.561098308011424	681.6232987208236	164.1558024249176	15.75470815169941	16.34371499867932	4.351689979455582	16.04078438318518	0.7830289831864414	0.9980884273151781	221.48908219465181	539.8581212829205	308510.5307785955	1669448.4779169539
908	4.423584157018922	840.91827287614	303.3312086622519	9.722139890776331	-0.09127698572782172	17.00592548764561	980.2038916287665	0.3959245952262903	0.8282735355394123	380.3031413442934	1002.8259938800473	2292142.0222272333	405834869.9914805
909	4.118673090008087	341.5626493337654	78.79992099924465	13.02809209253564	36.1856814955854	11.92517531158371	37.78598913098972	0.4470006553169608	0.9984309542635483	106.52610779457439	259.1156877033623	100932.82369724817	418665.5029827676
90	4.509539616992697	622.1156563341661	146.6164677481444	14.1534027006884	16.77379896596022	4.436656619822572	18.31921520344369	0.7663825410151586	0.9962029921421106	196.25528581379035	481.3149690413028	236195.9308616345	1435136.608889008
910	4.165072730043903	950.7332972958361	315.9454134650015	7.696235299643658	2.290496764390849	801.564587830281	3911.7249346486255	0.025569886817200543	0.1346636392285913	434.8630508003066	1039.328290881313	182466676.80765927	1339287738.9291477
911	4.111035428999458	898.4673949086789	283.3465384093763	3.432080397104254	4.707401422211571	110.61663602117368	1106.0470504682517	0.11709074273632371	0.4777659697723778	381.96843429948206	936.5134563411987	24279078.71086876	313477889.39260477
912	4.404233808047138	305.4499774140045	54.22801576382064	15.65182469920231	82.06712976733705	15.233725403999129	45.42579775087009	0.35873691669609326	0.9956246339639395	72.97205112126233	178.28172276506908	73631.59331148466	295014.24472023797
913	3.979063667007722	843.950114914577	365.0543459239106	5.816640167745503	0.8540091588649821	186.52712601405068	6913.40827089386	0.17061018212770193	0.4260922991053393	516.8673882869591	1178.9583972348419	29249158.874742802	3153693127.3427033
914	4.170775726030115	700.390442759538	231.1787998759028	6.806194857262566	4.914368978586259	65.2357098608641	483.86898960706134	0.11006488651922701	0.6210580352337512	301.7450137961831	754.9009263997903	5231665.581804011	78864322.20984788
915	4.571273157023825	1316.925770639123	326.6375201100387	8.375144452078343	-1.117573483982985	1027.7541766212062	13972.970080050998	0.030075089667856394	0.16116089639988246	441.87244238245125	1075.4311372738853	601438065.6625783	10258531201.367868
916	4.212163528020028	277.2599741571818	105.8604981882106	0.4193014878486245	50.60232115548017	677.7412865849803	2998.924298878438	0.015716870351574607	0.12634362631525226	157.17547950953033	342.46073080642424	3447997.251056535	19349191.658681218
917	4.592993049998768	1090.643489929708	358.0789117396228	10.11954412588953	-0.4944059202613831	176.94464176203618	2749.2512783748552	0.09200091995330899	0.39711899353768426	490.38634167048804	1179.7420965324686	54536261.06689907	1956947871.4893985
918	4.302223498001695	822.6969547332374	265.6781313885527	7.114147245960668	3.190820273373719	370.9542811991361	1351.2606428271115	0.025688952510665837	0.1988016484692425	354.2979966813763	868.9883535479205	53272230.985487476	312877450.081472
919	4.172817101993132	656.124088579787	230.9071184180042	6.285689381373011	4.243167520774726	125.72491523099133	614.2520505489754	0.08711813901052594	0.43025628203164296	299.05785327842824	748.3774077432611	8636137.113234133	85295475.94646852
91	3.90988577704411	452.7174717883805	119.6055547525637	5.142425146399962	17.85902612775824	75.75113543838704	258.9690733212467	0.08606505884533955	0.6002365321583812	155.97516760776745	394.4571741094036	1611748.644582106	7631125.335620995
920	4.672571083006915	704.2879200941081	197.7566034979214	14.14966320668206	14.08620618388562	23.16448736061298	121.21881255379793	0.30039032840643504	0.8767406297521034	266.47071010549644	650.4570641766088	1994518.442383719	16596757.17800121
921	4.306620081013534	941.0262759041159	324.3561372649189	4.296378897240611	1.892004435891572	2969.7690304197704	10360.326234425927	0.003920854621634694	0.03512198346954737	441.9042145332629	1068.8716122592284	688789844.5332239	3640404341.983851
922	4.616789777006488	722.1463143761273	218.2762349570093	10.26970696407035	7.269724316196857	23.691900484700454	141.80708324576122	0.3054533331088642	0.8510494658099651	269.4994726736385	716.1166473939224	2043043.0452054183	23709837.153819323
923	3.842943466966972	430.423614708533	198.3258710491406	7.224269942487463	1.51903294743613	16.28777338676832	213.30672324744015	0.41403351148814665	0.8297676932404251	196.21279768244898	593.5872845973602	294072.31704556465	8436033.541623203
924	3.997622594004497	944.5510040758654	289.9201689575038	8.835590997107303	3.464721242326465	219.21942085730123	1246.3223668037604	0.04727719582068833	0.32080679804697904	394.70469428251386	954.8151078952224	45252585.79339105	438400180.706733
925	4.537398725980893	1250.444475902062	376.5022192013083	8.43578584710998	-1.302073634899682	290.90349214421525	13022.288394215324	0.10170972631857637	0.36546205353606254	512.1691011921428	1245.3405778036172	151994808.8048947	9841187552.239311
926	4.54880641301861	688.1414029073266	180.9056540004783	12.27336296353272	8.343850450731521	19.009979607842684	121.9575532178517	0.32355334252139023	0.8764639148926314	237.42557774644717	588.4844898158101	1453790.218497377	14547453.244465174
927	3.500504047027789	727.5598488065561	263.7365523185151	2.0760355900732	5.372821921336318	5490.350453508948	15348.157880257688	0.001338319360927216	0.012660720516554558	362.20442330903234	868.2633998778631	576327451.9496733	2286166818.7847347
928	4.654286880046129	520.6505896426596	131.1721573740659	13.17590017364878	35.43618404084117	41.71504492517562	162.9886765703485	0.20320576078331504	0.7851399957120581	177.64783420222153	432.14349450582375	1398674.607030084	7797126.093959576
929	4.052913968043867	975.8538065894427	273.3956951198954	7.528981217379755	3.213961415625488	264.30306143305796	1330.4530533616157	0.03499816810247335	0.27067006081168254	371.06771258733056	900.4846797505473	64266175.84924965	483029812.9127633
92	4.703270322992466	1121.217322125727	308.8256352015777	11.22681121150115	2.681957503492281	180.8417720852619	1123.452903640267	0.07575451197635467	0.3854872768013412	419.28713555515606	1016.9423771102321	70710619.637787	589636862.8199005
930	4.558441895002034	1098.479212503671	317.972319961335	11.14344584823546	2.658841852733622	282.5282986904745	2283.8462631052284	0.037548664183410956	0.27381016027139976	432.16045754539743	1046.7897917180921	97231994.56941032	1197477206.6414437
931	3.885229539009742	823.4701999206707	288.7166985812254	5.038004405609552	2.939838817472613	214.52453943969564	4211.396893791368	0.0691377374731018	0.3694781602751307	386.0001880803784	966.2010954622358	34766174.128895275	1285721565.2765377
932	4.468733874964528	431.8674192098958	90.43696481621086	17.90753739346197	31.20367347076214	1.934909978659547	7.4285055382378165	0.950768682070749	0.9999964186142912	121.97666808012735	297.5047999798131	32531.62865296297	169044.52295371323
933	7.328815250017215	231.2993730325561	45.95506451806398	25.17374197697289	224.0939136099902	1.4624710606023916	4.8686112266666735	0.9897358502751208	0.9999999245765953	61.83358538459569	151.17066131822406	3557.2959019028017	15851.553229821864
934	4.250585427973419	739.4966388696672	250.1555679484385	6.452989548863711	3.702006643847566	427.4898094130345	1856.9236827189952	0.0322702815504398	0.20655499404848082	332.333685388342	817.0737414004811	44386028.12274303	374336764.9108083
935	4.594760945008602	1227.4235144616	332.5163108795812	9.957369941609608	0.9996260140442725	87.91714375784547	1240.3693739657801	0.17005753841288546	0.5248893497341025	448.216498582363	1094.4226725423155	43825769.95742029	860396037.9219342
936	4.327960661961697	553.300082708372	149.6609870089407	14.76889258074918	10.38595129131918	7.79458975607839	37.77194042871269	0.5663518935780573	0.9934347885971887	200.90572593799124	491.13845468885205	333029.7506815597	2308226.547410054
937	4.216039370978251	718.3328568166935	231.5556512180926	6.618222604201042	4.77144364107316	92.33998199497444	640.3789256479148	0.13833182302960095	0.5177699123020221	304.0505416957368	758.7538123445976	9301349.961061314	101532950.03458251
938	4.695783374016173	919.2555952155475	261.8287824181443	12.61791600698776	11.16958249654623	62.0818851158669	720.999287650614	0.19986646609775757	0.5807958918318531	353.3241599590441	862.5486233500762	14319726.223764705	199403491.3755771
939	3.898817552020773	581.2102223957772	156.6425160747185	7.428918015976473	8.833167471946696	28.827404108161478	212.6133713577081	0.26127813663398486	0.780847919554286	202.5828844251962	507.49317157480675	1314037.1638052277	16214172.023617769
93	4.011230066011194	779.4292372273283	232.1852519375247	8.240431055066882	7.508213851745161	79.32018106445997	345.69325708847055	0.08102148902240366	0.5820352945113909	301.4209002622655	756.69911674712	8268904.817632943	67179402.89848824
940	4.562055155984126	933.691988768004	298.9219770301015	11.11268280714737	4.585176509942611	205.30509004511222	1015.3334283908022	0.05753182312048488	0.3457844815504219	402.99290489896134	985.341805867486	41932616.19465936	372284266.3630684
941	3.234047748032026	2238.630836189664	451.6621797272065	8.66852310779206	-3.920980081703823	14034.340238684676	33785.079011166905	0.0012650253838399344	0.011362147417355993	605.1695468312425	1485.081380637428	28928855319.842007	85166932563.56584
942	4.30665622005472	1192.622743656174	307.9231136034176	7.63103964290307	-1.718623789922019	1497.4921967697567	16696.465628645314	0.011061364026649846	0.08292841115996023	416.82090918962035	1014.4045974658851	639277056.8315442	9315511942.898348
943	4.590463414031547	969.2563234504839	281.5174991769156	11.23470263310374	4.31673559985539	95.81899055760336	860.7849977574598	0.14485216872904255	0.5068100133876061	380.9472863092856	927.812121359814	24323959.256223455	297643232.380147
944	4.643554659036454	1120.372278705233	320.9658232126724	9.768429194129764	2.305074096961549	483.6656743588829	1828.7982138677316	0.01880450092562629	0.1567752871834019	436.4818449656947	1057.6956847168337	174701026.9630978	965150559.5942677
945	3.091547346964944	373.5011915974078	208.4258186379429	2.839330930363272	4.915599298404485	205.69716899643953	1111.763609899882	0.054881886263014566	0.32107327305102223	184.77513463987353	627.4995546241526	1481329.1705689642	31263216.584958144
946	4.054223892977461	786.4488168626447	222.1340958133364	9.773736948458094	12.79909485506058	153.7666384702124	698.4141588297507	0.06689001138174576	0.3981363928000228	298.4622583016045	730.8424757823395	19270985.488905944	128787538.85197401
947	3.971955778019037	662.5676555001584	261.7967163732865	4.076264543396495	3.156147109334204	959.6264149221261	4811.5201859317085	0.02953395392235603	0.13765770863115517	355.36362835968515	894.5677228348824	79490447.93699399	715093837.667992
948	4.491814595996402	737.0201703088928	238.4120040845183	10.46710355460331	2.490499998737767	12.586106913071538	88.04803119679993	0.4358798730764638	0.9105409940947317	305.86394228079575	774.0429448120769	1195441.3299409777	17298915.974953946
949	4.480757811048534	805.7105519808155	282.975337365044	9.3070198165776	2.11882551497679	27.558836577018734	2751.278711775905	0.3717045102850539	0.5822899454475555	388.05424584309696	926.9259924776436	3354473.215440345	838899090.8896762
94	4.474918176012579	486.9552119017293	141.5427555905718	11.20069697409497	11.02424508111594	22.102288003463496	85.25233475850507	0.3041351562269373	0.9279927537642031	189.81059235544507	465.23387242013564	614375.6122322427	3629930.0122801824
950	4.297508666990325	714.869648513635	218.6579550800577	9.584425971686954	15.84897142249056	489.2485220242491	1865.2276793956503	0.01800285308845589	0.1549696405728719	299.88195156110453	719.9733837596093	49254100.60966962	219283619.09016857
951	3.421848099969793	243.2191457209069	57.6217561661739	6.26677858100566	29.34566324563079	23.86011348557031	86.44801238569552	0.2648624786563809	0.9299108122520968	76.96859589329225	189.33396671851054	72481.2401697877	373542.8650683022
952	3.974638465966564	652.841890943141	222.9370742935912	2.147748001785946	7.269242446606353	4328.407454970216	13775.323603343948	0.0037746497608147057	0.03356433209301615	305.69920104499795	734.1916772765409	349299015.72552246	1379158894.6943345
953	4.118062420981005	1050.25653779427	332.9056521631455	4.918089778969168	-0.07405997420284649	3560.095627537542	16703.726693775337	0.007894344011846037	0.058884956438700425	455.04397752501734	1097.310322757813	1082617297.0846403	7892996999.411965
954	4.107022921030875	407.4841210588266	117.5237215879652	8.880754397197927	15.90734152659996	96.98787843467281	330.2673246219719	0.0916965270364806	0.5095319749647242	159.52434742592908	387.0885315521962	1561519.4903527473	8172629.4139753785
955	4.240015453018714	956.754233236884	316.3634751749784	5.210005670049768	1.397874764504683	577.077826031645	7487.684035243798	0.025997862397358563	0.17482619319854328	427.55194325527316	1045.962033416	143342911.4923159	2915232386.8346157
956	3.232148586015683	1723.488849196058	342.4256425126427	8.799248439491876	-4.249502120410931	9845.696561352966	30816.261528773262	0.0017788537952826255	0.01601329355360827	457.2588178317794	1126.2504882815801	9805930486.549294	35867731144.61962
957	4.209185415005777	267.9340163934145	64.43744085263603	5.240785929832967	47.90324110071418	4.760593112266083	69.5539562323312	0.6766121227515024	0.9223877755715639	86.34016287611547	212.8486696092311	23083.947787623947	326912.0905166715
958	4.433888319006655	908.8199644834193	281.5804739915033	9.566598930117335	2.286888894445413	48.423796851229454	925.1040035950297	0.14938708911137788	0.6667683655312591	369.9036602976047	926.4191604785544	9098000.366386235	335178972.4092391
959	4.705264584044926	637.7848008419166	145.4568322841077	16.3231647360379	34.7439770465753	16.6615952364521	92.5348995969781	0.3841049396912874	0.9120598192480432	195.25541134898947	478.14524813001793	1021734.909058673	7125073.625237556
95	3.041470373980701	1654.910316173118	492.2887567972442	8.775192787568749	-2.869383731356169	3180.3037388891944	26937.068925404663	0.025859464794888702	0.15615774566037582	672.363179413723	1631.7206909191207	4117566742.6528244	40479106832.72609
960	4.507889457978308	902.4379632645578	307.0412952607264	11.85285478255946	4.18847410860551	59.92646759984279	645.7259995091122	0.14975927295378152	0.6017641362265397	384.7058000760545	1010.8990644722439	9770780.680653458	259988760.75422803
961	3.350258618011139	283.5111147685114	82.48423910324723	5.327556394149262	16.10331856816025	65.6612722639276	239.5859342172678	0.09486904265388889	0.6542811186628251	108.83137169141412	265.3742494079734	336881.6601210439	1848898.3149568792
962	4.671501222997904	668.9109592111696	151.4393155953373	14.60340127506192	19.93453087355249	4.844875633983376	20.055922607192965	0.7378445071513651	0.9785434551797922	202.92013678325145	497.09526126625315	313360.57934089884	1928636.8649827973
963	4.223912018002011	949.5243888924713	316.6279524729854	7.33201499880057	2.441082585655699	499.7107554842695	2497.1431988784443	0.03299475951259064	0.2013759036387983	429.86435280073806	1040.6739044225897	111897232.24567966	945633953.1593148
964	6.09832649998134	873.287685522368	288.5307638905854	4.665157014543449	-0.5729146241784708	515.1771279934903	12516.240656470665	0.02877517285950173	0.20982075630419153	393.56675810532965	949.371605831296	96913894.16872905	4216003367.9919996
965	4.580647454014979	1289.933041898951	325.3216012267612	9.845771504420657	0.4313619163774469	622.2583137503042	4745.560928802959	0.030984561403625144	0.2050077100454355	440.2501043948366	1070.9524888192939	332195116.51978403	3433551560.39864
966	4.611745322996285	715.2068009397708	184.7986564296984	15.2421742586951	19.6588683427985	52.166464246059604	166.68495395199938	0.14182597454665982	0.7489371363051053	249.7464412594834	608.150238103848	4411948.623827808	21470296.057484355
967	3.415082507999614	805.5758340978037	293.3174306659084	2.452305217408352	3.555994492027815	665.3301207006069	7602.726182183513	0.025282618236514513	0.183016421558263	386.976061938106	981.4635046842156	88234071.82587859	2099227359.060441
968	3.995352048019413	759.2647401035994	257.1672654206745	3.319825071461438	6.296150068880817	1532.121278825017	5862.408857195119	0.005236867999865958	0.046880038129393176	350.16872593704477	852.8786580992703	195767457.7055426	1056394865.5877298
969	4.569430742994882	951.6991702393965	270.7425153231041	12.29260651572697	10.54614818609611	131.37939156192658	628.987277446679	0.10152673378933978	0.42339715948088913	366.07005991186145	891.6042066906822	29338762.96735004	201434211.65103808
96	3.609743835986592	181.0220174440728	27.03791451418631	18.82516197625056	289.6967161060682	0.4365009471359725	1.5112492040537029	0.9999959034072742	1.000000000000003	35.318764505560154	88.31229880073909	377.7684603980721	1721.8673114491494
970	3.70906892803032	701.5912241537402	239.7837389818442	1.474278323406374	6.366065663504678	1570.0278442492368	6603.443948918526	0.006060347047777192	0.05136747481824926	325.73206778727626	795.9293498720692	155165871.88576278	932463464.8011413
971	4.541285666986369	931.7306620469278	310.893290281171	8.861248082554887	-0.4718516132403323	498.51455133222674	6350.964426353149	0.07117255916607215	0.26917688781632476	438.3667049117396	1020.3333925846127	105067612.47411688	2592021049.071384
972	3.9140074760071	717.0946794894636	224.3424636838044	5.743865610038295	5.781617566993347	169.8735675861445	2423.2885378835276	0.09174486125073232	0.3801753649557716	296.1801917165076	735.5089880950825	16499287.30025942	394939509.5448922
973	3.971764232032001	852.5440045556277	297.8151141370997	5.026272820934045	1.205143944281707	105.55881867890817	2603.6603968645254	0.144761664417146	0.49419047691979084	400.4579345806221	980.259483922984	19401282.32619895	875439977.5579802
974	4.283559574978426	549.327288362562	140.5124265003722	8.34786733064161	17.24706182479236	28.002642084702185	196.3537507847666	0.29167120631098703	0.7656323871698298	187.64108548680883	462.97072403706363	1239852.68280037	10395801.045326477
975	3.44285451900214	571.7011864795836	159.2905514054682	4.318157468669028	16.66335251290111	223.1609247043709	1646.3734152525044	0.03868540268401795	0.3038786979788751	212.56270373858013	522.94792216985	10221727.46028875	105269895.62456088
976	4.553808139986359	1211.249076545683	304.217644333931	4.769734889015902	-2.424321465611337	4372.271161083985	25188.316359598895	0.006265114910723463	0.041275950784376875	403.62820047907917	1001.3674702454479	1852125441.256028	13154326005.40245
977	4.204831454029772	909.6675715415854	298.1727268063993	5.116799485303873	1.011809918237934	1826.278998237355	10972.031358990014	0.013913588521702895	0.1052016202822434	405.5922160020383	981.2388461698597	373567119.72860545	3592002450.9038773
978	2.575220249011181	272.2769513593225	69.04112324251265	9.433717102376747	125.7264921069821	78.94655947082119	272.62978746023896	0.08301843961940879	0.5892237856639218	92.07848311670355	227.74804416679243	349344.53883775516	1525942.5054289259
979	3.811745785002131	972.0283932906982	262.2981877041726	8.510223785306055	2.755659001060822	23.020586592063246	223.36865812302062	0.2840419420957448	0.8384237868185094	351.4340619682938	861.6096112533581	5045263.709092414	90363555.58082743
97	4.5162083680043	1186.084221071016	308.9105347787202	9.012721532185031	-0.9801173506867912	758.446681863949	6095.355953823471	0.01212963263038533	0.1054633226003804	418.52545963747434	1017.1654401187166	310795918.7734307	3946739712.6955814
980	4.235081169987097	592.7564807386234	259.1727361183857	9.880007722429186	0.8104625902513818	55.25614497485491	322.29418374448966	0.17262471760116363	0.6570759181573069	311.51409356067603	835.7810659338654	2433825.0417875675	42181284.57116732
981	3.818634491006378	647.2365449441156	263.7989808575037	2.576201336484684	4.547929111736249	3218.474134232619	14240.73161799593	0.011048022180174867	0.09363947559044834	366.848445863705	860.6503813258003	256066342.5702166	1849475132.9874542
982	4.157673669978976	516.6018981714246	156.3738729941844	2.699615202849774	19.58004828438829	452.99435981077437	3285.3709292676285	0.0340991595920724	0.20725223398773027	212.93051866950447	516.4727638296267	19588430.071246773	149194248.12588543
983	3.382445392024238	2122.259217831823	500.9588745612315	8.043512902023839	-3.013175043965021	7926.020745734792	30977.294899975932	0.008410733578421377	0.05382251777642238	672.5880243809943	1649.9712283446754	17382224992.424187	77995458345.19075
984	4.63096753298305	433.2511765764265	101.8087118809112	11.51254434181137	15.9623326901561	11.08041164587452	56.371611168191784	0.4722391642132296	0.965528307097262	134.00177872288822	331.7825371520577	197746.92188243486	1482023.0825066494
985	3.574498245026916	646.8913067335542	230.1130323520034	2.117257612280556	6.734474072346549	4023.715465395846	14307.901870377085	0.003945135956271369	0.035960049092709036	316.804477285303	756.3229821045179	308755242.67501146	1421078354.814526
986	4.00891228299588	638.3205818733593	232.6316328145249	8.576280072929807	4.606538700106158	50.40159368312574	194.23365670547898	0.14427089202001683	0.7423758695399116	300.9810474579402	749.2926265051328	2920437.0001550484	22851529.2109097
987	4.579112675972283	1131.650978846722	325.2878055863009	9.108335826530041	1.048932996628975	484.47370846855273	3147.9310214950574	0.028523113820109105	0.19112920319055285	442.1555568376913	1071.1441208732213	179871977.8224561	1811598366.6830628
988	4.020299072028138	780.189957146644	201.8938254494633	10.81961603242582	14.73113600516065	14.302522692244512	363.65390681136904	0.41739184265772195	0.7863893688777246	265.971506249089	661.8730209963805	1753716.4778334645	55903832.707731016
989	3.055494096013717	576.7387672912847	257.4667903198626	1.957674409772912	2.76741750613479	81.42842625904994	2734.442924828702	0.1168630696044479	0.5432600256250354	291.2523659705027	896.5589465454365	3136257.1839886336	488970603.14672625
98	4.563831180974375	785.012723595632	259.9963608175606	6.988764081895434	2.249057513816977	41.87665902238448	2247.5546325260752	0.25083240494801406	0.6096876805759475	338.41297816017686	855.2267491593783	6570805.399279413	435420540.3312323
990	4.580753991031088	1087.587832320327	290.7318259372636	9.676705800577851	0.9922821390893036	778.2463039902391	3754.163688049951	0.027511655677894695	0.16090362876477343	392.5543970929325	957.6704222457678	244325003.28227308	1792132634.3012586
991	4.836023098963778	163.14247367069	20.76521361280306	33.19294803523684	514.2395854548959	0.304541381905365	1.024683442239929	0.999999996627575	1.0	27.8650893565177	68.2164340112659	172.4951166963984	769.3077157574696
992	3.636998876987491	443.0203131886092	145.6192028464858	0.3879699988496554	17.83730222972488	1380.164263506534	6274.303504603919	0.006962003979386638	0.06339328049790324	193.95890062677103	476.2524498866352	30970028.339621622	203147029.4954218
993	3.221319423988461	2169.890007115376	437.3077601294592	8.171289589675572	-4.325033231030487	10188.459958814556	30502.70226456096	0.002172792799088931	0.017913904539860363	583.8131858943223	1437.8100691551858	20567611227.510757	72722094476.71532
994	4.193099830998108	586.8216853582794	177.2558150371859	9.111904173723612	24.38728777605611	343.8229093797957	1257.726911202036	0.02453662429268884	0.19918816331034203	244.35506338619825	582.7564562880997	18883948.234339625	81900623.14202723
995	4.556791982031427	592.949919458837	194.2144827093671	11.48525014404597	3.653618484955014	9.711886069030673	63.615136648251166	0.5085657976786744	0.92584974295105	219.98609828270378	591.270246340274	440124.961285735	5361487.658062152
996	4.642094456008635	1133.703151411532	304.7208886969111	10.16443645523703	1.403103798578484	438.47441683880896	2087.21611150017	0.05332066086730702	0.20670546455540997	413.12149243156534	1003.3321683553909	164384307.35246044	1102330979.8522623
997	4.510628491989337	1162.390585479589	353.1648649714925	10.06990854556156	0.4680178532631318	111.20715287444955	1897.0791927416303	0.07579336840083999	0.47488428935930516	480.63078236443505	1162.8947694774843	43429818.06268463	1425492349.8075948
998	4.238333261979278	870.9299257714891	268.9770126052073	9.406322866555836	6.58892911073098	449.64086370036676	2065.597446629249	0.025787307090081757	0.18923581105881163	368.82826895051426	886.0320188465796	86378833.4618266	462824472.61325145
999	4.191216934996191	507.6194141327195	125.0944252813867	10.90603916888581	38.45713665582425	33.558262656611724	142.71158824175717	0.24774759675575725	0.8037679293864076	168.80394767923434	411.7355003072869	1083844.6587196384	5828730.736916305
99	4.058774664008524	946.0488451078612	313.3210706574426	4.70123172165184	2.122847788494993	1452.2542032800598	8602.739710140135	0.017762489467959663	0.1143726649329153	424.4330455183574	1033.0997763416153	363605168.42192584	3087465371.2541156
9	4.69311343296431	786.2406535216486	241.1643310245228	10.21857773392858	9.71009146472541	178.9316527729304	870.3900905876102	0.048336301915161625	0.35258583746803224	325.8357319831788	794.2259246937464	25130086.08777802	164697484.71096435
