coinc_event_id	simulation_id	far	snr	searched_area	searched_prob	searched_prob_dist	searched_vol	searched_prob_vol	offset	runtime	distmean	diststd	log_bci	log_bsn	area(20)	area(50)	area(90)	dist(20)	dist(50)	dist(90)	vol(20)	vol(50)	vol(90)
0	0	0.0	9.222875339138675	7.042198241849896	0.06539020202270157	0.05118599402200958	439768.1322752568	0.14923179964774685	22.596825009511523	4.286488394020125	553.3558327383969	194.8097585098272	4.889565892754102	5.496516499507297	33.29010296748698	161.13504080675943	1497.168572156943	96.4957594369435	257.88537793800174	648.8016037470693	736369.567145407	4996358.226463579	79956251.44754088
1	1	0.0	9.466324510481629	49.833060184413604	0.0700820175399314	0.9268270071496952	76316330.33937185	0.5641694539432872	49.767440870532724	4.238311574968975	847.2778127393364	285.5993372506399	9.88653122804675	10.39723826049093	187.00466749819677	688.7508140506642	2291.488531623165	153.62754420506656	402.98477746817	931.3000574804356	12826676.22097172	60537689.96046262	260938207.9090594
2	2	0.0	8.356897415445532	4.688241846296859	0.187579377031571	0.29107888498802353	233895.22393306918	0.09888803909332425	0.9381009287884636	4.530711870989762	1089.464085983918	313.0453939540471	9.640697221752148	-0.6699503721485565	5.0982395711065935	29.06703776754368	2624.4589653971225	159.14635805151624	423.72221900422835	1030.8708060772096	618276.9542848073	5202800.273239029	679499902.6137153
3	3	0.0	8.368182785884722	9.284685950148564	0.013962993798634395	0.8104596120268457	20983065.944625422	0.18718362792595644	5.132798983882963	4.123244303045794	1009.236530009102	316.5523700098705	7.750078338798815	3.044212006816807	184.72899465306625	676.6183999910941	2643.2548773465514	164.20028686254886	435.9281015390004	1043.2642219382537	22984791.30555087	96862134.03024223	467701943.7914915
4	4	0.0	13.15155149442758	11.27145137592109	0.2563648275619874	0.5445375370772562	36567.54464251698	0.16117314892932727	1.451152281870469	4.236857203999534	340.8880047404629	81.30350238594822	8.921394016841646	34.27391991437756	8.38211190894532	26.964802893176522	89.53247613851701	41.19089402912971	109.67095432212648	267.52726226770164	48216.611128073695	180807.6896346711	868790.4738013648
5	5	0.0	9.411112044495034	73.64801736727999	0.22510899859675115	0.4479582003436703	7076170.704116883	0.16173267254773435	4.376808015803976	4.619721029011998	1101.125674872862	336.7545799300283	8.799372106940577	3.310244019767445	60.801261923421606	373.44979292181466	2401.685166264624	172.36140388173487	458.4586929627354	1110.2111102836438	10086200.139155997	68541369.39988217	583105437.8876148
6	6	0.0	8.924484272538017	99.77103207447966	0.10477342518671977	0.06369750266425578	19715865.160642345	0.34986672564102483	4.829468971772079	3.639460205973592	613.5378306750999	207.6096169175938	1.835301739290729	9.234366062553464	215.9549251695758	987.1714489610791	5905.949302144504	106.50551209731304	282.61596372919917	681.5541483504519	8070549.11350491	41760842.477886885	309229813.06765825
7	7	0.0	11.70485601820724	0.30408002184896626	0.03369794680909761	0.8826732274118911	284490.5096954155	0.45814103730474004	0.17515271573105226	4.531252246000804	640.240710721778	173.213419142244	14.16101402216825	17.90924548363924	2.151532187470494	8.543959934349635	40.987739806128694	84.48170806685948	226.1398142243878	570.4430815592515	69671.84624597276	341156.82669627934	2201067.341210886
8	8	0.0	12.54240856902373	711.930834550276	0.9538317478631279	0.6468525426833671	63778190.09969967	0.9738489162253373	38.71710421915971	4.618536137975752	679.0681744900572	191.7396890394961	11.56360537433124	22.18193911294744	25.400201227274984	118.46682534454887	508.2632289483301	97.62378576809976	259.97224590129576	632.3495085857302	1196862.0302418112	6114804.628801652	32939634.095368207
9	9	0.0	10.52452508154532	253.36176914808902	0.589081122621282	0.045422001290173326	12647250.468886195	0.46599919624488867	138.79249849973183	4.69311343296431	786.2406535216486	241.1643310245228	10.21857773392858	9.71009146472541	47.52636692480821	178.9316527729304	870.3900905876102	122.36842709886957	325.8357319831788	794.2259246937464	3155614.9114002343	14666170.075238924	90693479.04825488
10	10	0.0	17.95922291554206	27.381955175012898	0.5574700580939868	0.07306825915634434	248916.94730329883	0.577162635727534	10.659099185905859	4.316647468018346	371.5634091583942	79.92566519274814	15.62169487858793	84.87748062937452	6.946199825595004	23.005246535132876	87.91471999386638	40.45335180045993	107.71875226429557	262.93965430910316	48111.006229993814	189147.03044734668	978118.6875180954
11	11	0.0	8.370195123863661	31.55219547465474	0.4632628326340318	0.26285005785860743	2456209.2929089437	0.37199859678216896	4.350849364843694	4.503768200986087	1019.45251322651	312.4811004196781	8.94802673106533	-0.2282626805004702	8.68799690912189	37.44785165481439	5497.014552444668	158.25742770860518	421.77631230265285	1029.2462956479703	863985.342528023	5065840.175295914	1210662552.278544
12	12	0.0	8.24765196246439	48.54789179017978	0.2635819545500684	0.05566645543257229	5074458.184085026	0.23971522132956327	5.310834488436697	4.72041003004415	991.3277923021333	300.5914705865459	8.2026147651255	0.3069461319577413	32.51360933904891	173.25366726938591	2059.0564607835295	153.9064122410722	409.28471051826716	990.2369160047878	3784453.336644782	25023147.448173653	418930260.87660044
13	13	0.0	8.105799102860669	158.62649894490025	0.31908808313594095	0.5897445268797292	21673594.69011033	0.28114542729857434	160.78523924875566	4.591154370980803	1184.570572948439	306.4660436932279	9.496958392049972	-0.04615188007069237	59.72673694762866	461.8798749184531	4050.7826879209156	155.39839080159913	413.7593075150004	1009.3793703803335	10448469.974896377	88992642.95965332	1056123297.7983814
14	14	0.0	10.9640158332944	12.707430347025378	0.19640250979850832	0.5879619610796621	561153.2335950931	0.16343735122933858	7.681054055000893	4.661600091028959	770.09839907145	211.991031552514	11.90450359523643	14.85195676114763	13.099799461045329	101.32672396190233	864.9357791302738	105.63309795638213	282.02493784392107	698.7047042553327	801874.0848123857	7162058.85789042	75767363.64081858
15	15	0.0	8.745307071681921	1510.9383847912095	0.4603111843844388	0.9416116597179515	597923210.2138319	0.7201991809514109	159.37989219713833	4.135028600983787	1089.114419276072	370.0786177825058	5.709289854359084	2.114245597537994	544.5229014932193	1691.4021492124666	7199.06501634875	194.74397459143563	516.3225981248742	1221.152909139257	66448300.77227321	262049997.21412694	1619708032.433074
16	16	0.0	9.291033688467722	81.201660174182	0.14026150675370425	0.11437380150392981	1080406.0854691376	0.07973377044411468	95.99254835832234	4.373171277984511	646.7498490561115	225.6244289631473	4.271932358261228	7.163403963199567	129.19885724887192	580.7436994752569	4944.283857868384	115.85322096017649	307.0605415720178	740.7777427095599	4679993.021039978	28491168.141321853	337255431.40420055
17	17	0.0	8.12954478869308	239.35605644363693	0.3599541632349382	0.19051595400175866	30945915.36092281	0.29750282153033814	129.92906035384144	4.450730898999609	1215.921777990392	309.1726346975888	9.77825818126803	-0.1307358419716431	77.02851597222046	464.7722232683583	4023.069992065954	157.43308543085095	418.8788490106118	1017.8586895055236	13948553.290006828	96099015.55224618	1124343556.8764849
18	18	0.0	8.765474467860567	70.01544955909169	0.5911757335780292	0.44498832291141643	4300796.478702823	0.4901634293052652	6.268073522753356	4.470011884055566	874.5428956832807	307.527455709521	8.409407069253131	0.9820572165719921	12.139453552781807	47.69789998028038	1574.1259341748362	144.2760243825877	387.42739271797586	1003.5945487234279	882122.5247420864	4513061.209077142	294411788.61285543
19	19	0.0	8.10596889956083	2109.1449304154776	0.3297537528323044	0.06659103554399315	508031959.7386114	0.4244576986868528	55.53060635240187	4.598986259021331	1155.15194822483	270.0652012230915	7.714838219590146	-2.086349915749426	978.4916317963684	4178.0225605500755	23973.78628786509	137.13773583297552	365.06854875293016	889.2958407721111	146448573.6045326	712278722.9341233	4754687883.042004
20	20	0.0	9.18964335518112	101.02997254229253	0.26572082957113347	0.2271986499555713	2131566.1274658614	0.1800361296731369	5.954433422454359	4.042142757971305	613.0865824365276	224.2255292446519	3.514235471522092	5.080533052068393	67.40582522440354	369.8662438484048	4110.4154010239035	111.68594804804366	299.23141815888465	776.7055811833136	2511606.515029085	18521713.210447673	245679831.8417449
21	21	0.0	8.623337223724839	378.6263456958454	0.6467477656529953	0.4491428195775676	37520336.27547127	0.5365628436436349	58.76909699921206	4.625590433017351	1029.40835128448	337.2985341394804	9.678075487075594	0.9231091524571104	33.398184270175506	198.85716976647606	1406.3853506329488	172.73809064991224	459.3441395475203	1110.5730776422258	4206969.326048144	31153663.980425958	325761171.61008626
22	22	0.0	22.96383172264301	2.471982064411051	0.1825907824629507	0.6952641341118686	2809.566106590879	0.1969481204390644	3.18542954286714	3.249752136995085	196.1726577258382	40.27879711150408	7.796341843885081	152.9766844989364	2.742381323064863	9.049910205464442	45.37814108158438	19.846668451905913	53.02742229642726	132.06855656810674	2865.5244799016687	11399.606917849545	71493.58376175059
23	23	0.0	9.0216011806149	567.9919743966378	0.17281752209226806	0.0502879369730642	303884637.08055985	0.26757665866664987	17.7163422617627	4.402238138020039	1332.790445765507	309.6787237489224	6.153780775501829	-2.326585766131878	746.4783665327049	6277.929170346188	28961.05911488356	156.87391805463517	417.76741187873563	1019.5384935531423	163214994.56826	1496021893.0354595	7569273142.782231
24	24	0.0	23.53304924725726	4.675127883090266	0.7178029911229211	0.7772295133300636	8039.539229538599	0.6785603148774427	0.5064720189148049	4.057167651015334	237.3759867572619	37.17692726604945	11.28791485084226	160.5491631811121	0.8276627792237305	2.552997389215116	9.091314404289463	18.605163577960695	49.5839323839061	121.80452107183763	1198.9509969912249	4375.4796066380195	21370.798266263693
25	25	0.0	8.64761638366154	1784.5481131300667	0.5776304515331596	0.06396741542571485	361976855.633382	0.585242627591672	30.067975323507984	4.442323872994166	1139.027818181613	314.964568719209	6.665709200323731	0.1119630248681971	332.6886716678568	1314.1652678394319	9038.552095946448	160.04331580422195	426.0495517258265	1037.718323156832	51054902.35896814	244967146.10695666	2154872589.7958612
26	26	0.0	8.976533393670747	194.97840495309714	0.46577718384570244	0.17100715727021948	360248.8453747749	0.14442617708271963	39.265055675905195	3.360400566016324	471.566566903518	215.9241366320905	3.77426953229455	7.257135456476956	54.985749248147016	223.43198161440853	4044.5759698705206	86.66451553525894	242.8431313623459	709.9622248689031	547061.7098312756	2598626.4937865753	221736260.46420678
27	27	0.0	8.205919734659117	116.71427253717759	0.13706609925854965	0.5178707225228565	5720488.85473066	0.06957382943466212	23.38809743135235	2.700613958004396	902.0916408468496	319.186889812642	2.910527606917217	6.417671637460088	184.79852223204162	746.6181831192812	3817.911951015461	167.01326629034781	442.4502887109903	1051.7356236558262	20305369.86180262	81369930.1539878	526985112.77692235
28	28	0.0	60.21333340414006	0.10245283755019151	0.6357858434304667	0.46539744066994687	2.94101242369374	0.433795346177377	0.13287462973755457	4.556857649004087	77.11111768191047	9.203746569722293	28.41658955609776	1207.796029022453	0.02276620462337855	0.07040366948603785	0.23423187024201164	4.642390038136583	12.364168001027764	30.24592279999326	1.0223450981716036	3.704333244094896	16.20627569292456
29	29	0.0	11.45369447429476	3.4719217589009537	0.2624263609622969	0.3868226557246487	18285.018454175148	0.1160515841688044	1.2458152825629494	3.846624850004446	466.6732321408269	116.9831884537787	9.949028708051127	20.41798834140172	2.5238483339981355	8.252684924548259	33.88702454865914	59.17434040879141	157.55065672851032	384.47916487151485	35525.13956742598	139341.29745781067	790858.3364634669
30	30	0.0	11.02483453637895	9.366648220188198	0.7231828786058494	0.14888146436353492	67182.8883412207	0.6181793291379404	2.7362855246957363	4.159030061040539	378.6680107924618	96.41035261127259	9.157726964065322	14.86635683498666	1.5256528181387157	4.861840232733816	18.95930117062389	46.48451041545337	123.91119432589767	306.0100844327659	11509.030070870334	44037.75113977451	247666.17885803088
31	31	0.0	8.27900559024314	25245.952847948833	0.8032970757808294	0.9999999999999502	78786300205.16206	1.0000033731469897	122.07286401056116	3.861837142030708	1784.307387912052	325.207031254431	8.841187796887368	-4.533189351775846	3279.152331469991	11761.059938056482	31783.45545782995	163.46038922743173	435.696423104662	1069.4797425634656	1112245206.1948817	4113091083.968124	12720687111.38976
32	32	0.0	8.917375915212412	5.445573221467878	0.07100240712893983	0.5440446952229097	919147.5922910494	0.08752908699790701	1.7129744448287803	4.673145344015211	1120.034971234655	315.137071380562	10.77136830694329	3.611322521478099	19.359192658631557	77.66073772729308	1469.3678179512049	159.55429716155686	424.94325688776166	1038.8232397771399	2743331.043928288	14003059.134220038	348426444.3831087
33	33	0.0	8.604237141835693	26.75248494110636	0.18428215062645661	0.4091298593903046	4315426.867036112	0.1789229835176786	116.71353454321705	4.413991014997009	1238.870040653072	362.2048308726388	8.668993655503622	-0.9311482384917347	30.25537170360402	311.03931192605137	10076.71466207941	186.57899065778315	495.98674820793235	1194.80852311173	5260242.737058696	76100559.89625357	3018424118.4745865
34	34	0.0	10.95897970957511	292.96593803148556	0.6623278763211279	0.7013256736082727	8363431.25115388	0.6392928844363516	16.56265753211205	4.464591044001281	529.5289994695987	152.5168333086501	3.786036756369604	17.94275965942739	25.019784648885295	116.26636107753242	2062.447492442642	76.48517723107693	204.1207661676886	503.8212112692876	604698.3328884724	3570068.5898499894	62852488.386749685
35	35	0.0	10.03384659874597	24.04445153897855	0.48966474489950956	0.4078720093419574	303019.9805722833	0.33767339413532693	3.3874352812659683	4.399907067010645	513.9792010391354	169.6797810892729	11.64562517595314	5.835904775898567	6.1865480164327815	24.852934379948596	92.01961289033228	84.857306306245	226.11683390349384	554.2806244494516	129892.90090087836	604847.7989083322	3479571.195198041
36	36	0.0	18.05958262765516	0.24178869661845132	0.23318144590589776	0.6140241491623627	349.0918585337296	0.1592069607154393	0.2758351643687247	4.535274686990306	260.5419765789048	49.12446861900862	26.51251508232711	78.95741055512781	0.20274589965130882	0.6461425347044739	2.3703778164454747	24.809971968866762	66.07569562518339	161.51758475021282	462.6070972427723	1746.8247321087908	8653.050007421016
37	37	0.0	9.321967131338303	54.98684772453303	0.259392553518727	0.33407133593830496	1202923.0989404735	0.14281970750831324	7.923563143678511	4.230103183013853	688.0075458289332	202.87931288452	9.242642918995676	9.543701672893777	38.028770530194194	153.0117006442796	1005.6748366893736	103.47945895028079	275.19617528558217	667.0601041637431	1918442.818066288	8118354.918354946	69342456.14110462
38	38	0.0	9.028444581753432	27.867171813650657	0.49488896364705687	0.6485140479788684	2451904.5525534917	0.42795784870000814	2.1943142023047475	4.664590013970155	942.6138553128135	268.1155657304679	12.86257953531905	5.791142721279932	8.013325806532464	28.367723822816806	163.06888533701152	136.17130750674005	362.4020690095583	881.9796722244741	764580.8057156355	3297862.4186995565	27488403.66666803
39	39	0.0	9.164244905453874	31.735790959544758	0.47026688558379887	0.08245818908019609	2363776.1165978704	0.41047430129105866	4.418348941670351	4.559979395009577	903.8310974894787	262.0511866503114	10.63900682746827	3.33313357635397	7.925654864147104	36.392260602379665	1051.2966141186025	131.34591452917584	350.2277464971779	861.1697796235517	645883.6919751297	3900450.60548421	160766602.35761255
40	40	0.0	8.829812244962547	164.6064661670264	0.45228516763731963	0.5778067462179592	8744653.562036382	0.4176303433347621	11.697416239364598	3.805051893985365	784.2457898425354	283.8307435101871	5.856593670722259	2.693215450591375	31.295457702734907	210.28043890111522	2114.4259842014976	141.38654494426282	376.8463675671387	935.3560447804412	1775400.3607659207	14883332.01180128	295803442.7323058
41	41	0.0	90.62545183015467	0.08032302463935008	0.7285432107252974	0.5690711288556719	0.4132543775152744	0.5329144834786743	0.16433354405532152	6.40698137995787	44.315195642588	4.566707161068508	31.99903447589227	2786.369608328109	0.013623211725099412	0.04251117075351914	0.14293464307990117	2.271885531355885	6.0618315567772925	14.983476457283174	0.10007964296347333	0.3690299000538321	1.6651868741695548
42	42	0.0	8.503696362473885	1942.9647886637797	0.4262667797521935	0.13608168935133674	33306586.37266721	0.35691216807676035	68.72405111561066	3.779214784968644	620.9533896263524	264.9673508896325	2.529336434783598	4.822792834954758	227.3698520887979	3052.158482113961	14157.54109720719	143.3457528003696	374.3473798072679	859.1340997705936	4423921.380737224	138022556.30987865	1019127473.2404631
43	43	0.0	8.891223539035872	2.622792641284906	0.017145109938015192	0.08615735967919873	44530.14376947307	0.010003940624154505	1.1533368905706232	3.69288589496864	777.7881386380834	287.2778354207744	7.000415254307701	3.949740915622411	42.549579446286586	153.3746068295137	883.6858541824798	141.29344588953643	379.3351398902222	943.6654175727675	1827944.3418014615	10245892.431843605	112445642.66530335
44	44	0.0	8.326410032706393	441.3110898225538	0.40639411311596785	0.43344138427497	30543053.464676227	0.3321152970155831	16.021047745889522	4.76158933097031	963.0054801973531	358.6178983646643	6.275896447244254	-0.7200180601835626	166.2689374839538	650.5321687640044	8272.809933271354	193.9902238858905	510.8574741968764	1181.9925468747851	12838800.74302768	80597376.23435877	1890250060.9603107
45	45	0.0	8.986447754206457	1228.5160731776928	0.8900873256201989	0.7730552694953071	216840522.8377865	0.8634734306376457	19.01246104716786	4.542010824021418	1068.843290308944	301.9259706052205	10.46797182253472	3.317738579916629	31.13968736837945	199.24021034415813	1310.688011202303	153.542144882681	408.63543609643125	994.0693479839101	4254465.060025253	33693117.700053945	285713139.83888406
46	46	0.0	8.443950419552968	20.982341130279217	0.06728965645976517	0.5624387750352465	2325695.4896372575	0.06364668162281889	1.691140709607785	4.088410951022524	1047.810912643399	306.6734360385825	8.167158322242756	4.512724508005952	99.57324235627169	421.62855904254684	2168.3589583457965	156.31580878621742	415.9405113653286	1010.7038882615295	13017709.318691537	66948044.07158276	434470612.4113182
47	47	0.0	9.512082947910093	6.147170253011523	0.44795693434266254	0.5920718533583603	99164.72896922499	0.4072120133545856	1.8167872804184633	3.860227286990266	515.5474664577144	172.7490533804424	5.775603793380579	5.872557544991387	1.9426212197623156	7.577601608601473	439.341489173968	73.04958785070761	197.41416564093987	555.098216217606	30902.24896455365	156763.82912014355	22435006.541917082
48	48	0.0	8.230891323184975	53.12466494922109	0.2317259485031733	0.2577037217370755	2266588.2656233823	0.0943508594335566	12.419848873855702	4.478381867986172	1148.314465664841	315.7770928618299	9.48364754606675	-0.3714625663906705	43.891309224955585	186.78057065852724	6567.7761476829455	161.79212634092664	430.0663111668391	1039.6771282954692	6164894.199743298	34896242.14149491	1666833084.1358232
49	49	0.0	9.197026749024758	199.43715244328797	0.2944693246219386	0.9120721994225431	16674587.918967674	0.5734035051682369	26.015790461416575	3.542160409037024	515.4569825403039	173.8513673642905	0.9912114392539131	9.146707146285816	119.13492860940494	470.16147255422214	2469.65834919442	87.81621667623045	233.65315718096872	572.1764054180973	2578151.9480108935	12293392.292832548	87523520.11790869
50	50	0.0	8.320115317828494	10.491170565139797	0.12191711527380907	0.6749281650805389	1955573.853331044	0.1215978844682623	2.0519637587512585	4.747458461963106	1222.631775049194	326.6251289503971	7.194910858273902	0.04576633748825087	28.42271170282517	278.9573652223838	4606.406323915716	165.80625129014152	441.37064205312856	1075.2554242415595	5850298.060992098	64397416.86965494	1289678381.893224
51	51	0.0	10.53405113880507	1.4589284067147221	0.11281685002230202	0.5095457694122855	11572.388828971852	0.051855501267402876	1.202828517400007	3.689438348985277	545.1774150257804	129.2146145630129	7.674151741809858	14.92170331512762	2.737437912485313	8.778866857731288	35.04403924541118	64.79326139522203	172.67212696788226	424.1055515737173	55389.43804708237	214090.89881763334	1209323.525860882
52	52	0.0	8.0789047520461	2.085120149821499	0.007862498737690949	0.6176796536296574	395774.3067246592	0.008940303462392505	0.5569577636013857	4.580863778013736	1246.194696556436	330.2614240126948	10.3211175896107	0.9134263867628255	97.56359275455493	408.0132757984901	3960.1678176839514	168.40428705946988	448.05552489712943	1087.8633799530357	18115566.770678025	97742808.9660135	1151416095.681099
53	53	0.0	8.09367747764676	2188.8778267105554	0.7703381442350492	0.9999746267999571	21931889864.874916	0.999721327906283	19.872469638318414	3.600177820015233	1313.324648820414	399.555157614039	9.402018537439837	0.8410373323080375	166.58526015891144	813.3132236236612	3690.527428664322	205.47741506059015	546.0224242580048	1316.218213826149	39840784.79111814	222754576.9143674	1349331681.955999
54	54	0.0	23.9260733818126	0.008196227004015302	0.0016543967292683161	0.20927227462027725	328.94939409512926	0.05163416368679959	0.11393719774273733	4.446654325001873	231.5675384963257	36.98789199131509	16.70603044467881	165.5025020837207	1.118209658679065	3.5981995246130127	13.71953966251572	18.58464869519966	49.521963474945835	121.48115785736661	1569.1264404796636	6004.060585220175	30246.489013146358
55	55	0.0	8.27334654615293	152.22688490016853	0.17525220462890817	0.11623493170320641	12301528.53520319	0.1527127791497031	26.810959575127235	4.445356712967623	1055.727717599425	345.3354372883926	7.077020078066516	-1.876767841137644	191.4848493825924	1583.3702349062312	18235.254950872888	183.1649732429828	483.5150633456883	1134.7386189097324	21671112.774050966	257278823.67672983	4224793649.138685
56	56	0.0	11.98826000797094	65.35999262081448	0.2384802007301024	0.927224600508454	11883137.716281898	0.6320395951944191	11.306077613169194	4.288536847976502	617.6683814700824	186.5317877750374	7.488668157494335	20.94004971552566	53.07556622371528	177.21822597853577	724.7924776645244	95.602786906603	254.1646870646017	614.3080837972889	1935846.3982680182	7530349.78280141	36423707.39543735
57	57	0.0	9.141270477622774	127.20544310230385	0.6009770172188595	0.12102565497653378	7491383.787496019	0.5550564604935979	9.516834872808587	4.718189651030116	769.4011744221082	214.9561040384085	11.94742205606253	6.429809715772394	21.377567125440542	84.66006569196121	478.05250508087283	107.5801711720984	286.7348877735485	704.4391991158213	1152966.972535848	5803468.252178815	45951844.58135148
58	58	0.0	11.24939507656704	5.1800154665376414	0.02810402522211716	0.05103103900729993	2820471.379697205	0.45870524830887516	2.6676023529210346	3.640286358015146	478.8327281895022	132.3067956998248	2.447484696046182	22.22572294298858	41.50036954667	159.1344445865055	1690.1475483209633	67.50437575002235	179.49060897184916	435.0487863320397	725529.0667091743	3456987.6782070873	37488403.143368244
59	59	0.0	8.387020812256425	1.02944611170432	0.04301605187494739	0.5283271960683997	92965.35736062922	0.07433368011896069	0.6160744736877314	4.430513381026685	789.3857978753128	260.8716126657225	10.81647103566925	1.20737948579465	5.866595884848481	24.163912395642928	207.48175175564168	126.67656463769902	338.69605582955626	851.250077197722	332253.5552650646	1765262.1757725845	27687941.966491006
60	60	0.0	8.431365289149436	163.71471666898884	0.501491722505933	0.26769991402065374	9809149.688646061	0.40808508644168034	9.066660840048712	4.127032831020188	913.3252440813121	305.4781931413133	5.828489599693799	1.233520568491669	20.464157146477817	162.24306178939858	5230.334019648508	152.90175569889254	408.10355628781053	1004.7029616148423	1676499.0629984105	18913389.112367053	982897453.9329886
61	61	0.0	9.366411410069231	3758.356943255185	0.4424895403094682	0.2775617479807404	39765367.80908759	0.1762826733348131	158.45305517571046	3.539292172994465	604.320419540692	204.5053022478587	1.760046261554521	10.29442300339272	1396.918982714961	4480.50518574412	13120.011456002672	105.44908395331413	279.9727580278031	671.9173056010479	46829601.6274513	175372496.36161786	634543398.7414912
62	62	0.0	9.913807319624931	164.9212012839955	0.08571126190104093	0.08690292191544932	9263417.457715748	0.2717359873243679	3.105429475734552	5.447435985028278	444.5378898256536	152.1062982348372	0.6457483362180358	13.21680139271371	447.97829250106696	1672.2989635150375	7005.607307060499	75.50809630573042	201.39685144548912	497.43198084672247	5940669.554814488	27060587.52525387	167542982.55360958
63	63	0.0	10.66665045130581	89.35854528856525	0.5644845431115795	0.5851475410622494	2217169.1729834033	0.44036945040534164	2.1968309499512686	4.355188978021033	637.947874996727	157.0130358323588	6.890471875151402	15.18071446439711	20.864098593974752	73.28154760012775	302.5274439080449	78.67593342399311	209.68106445626813	515.3333063966639	701982.0400423787	2769106.2125177593	15907435.219458262
64	64	0.0	8.229825726005954	82.6704240532995	0.03864938419788839	0.05094165678923043	24521742.829181816	0.06316730956841621	148.32409191785982	4.380617982998956	1294.803582464523	307.4592477190134	6.791845115585266	-2.584786236769721	657.2673669028801	5814.19977805024	28994.996771326605	154.9582061643025	413.0757609293221	1012.5692127770203	138336147.70498678	1313357103.1198063	7039489964.349759
65	65	0.0	19.66070147812017	42.200733598271505	0.2636972885523173	0.15913816207666753	54271.38812197816	0.2850915413720988	14.070826724639858	3.846704024006613	187.441669876409	41.96634600437915	4.68278866842433	108.3224403197149	30.164254176408114	102.6308524234566	378.03816632043	21.175129958139877	56.41270083124732	138.22111707938328	34180.55453876741	124073.06754206956	563808.2648167834
66	66	0.0	8.906921049079788	1.1212438541492895	0.015405335531154767	0.8317025100182971	3237126.945052777	0.2609342671765245	0.6386990048220017	3.979801690031309	985.6717109798485	277.2034255583829	9.131060381969887	7.304703442693272	21.339977852323724	154.9468924966759	1409.8342844625588	138.8215168462284	370.3375277685408	911.9784632558752	2042813.6702475192	20374378.488552287	255081914.30899465
67	67	0.0	8.158293498017663	612.4745375927928	0.762697049964177	0.4600867780867981	68874754.43271498	0.7232705774123631	164.16947812596393	4.655674886016641	989.5878786271305	334.299162119539	8.32681063916416	-0.4178483897121996	15.590796867648601	80.47911472145994	3774.4176723854803	168.5116472758749	450.01404339410635	1101.6785748225543	1521016.642265284	10702079.191181617	924978919.0072207
68	68	0.0	8.77400774137772	1.0261676209027142	0.04346352961385534	0.43282836981980344	40196.38335850943	0.044240761434100384	0.4886088862457405	4.618362014007289	754.6964925893974	282.5942476716332	8.481260044773123	1.412438948979671	6.5392813377351935	40.3524050132139	975.0870246216303	131.7096351356979	355.2727241842498	944.5027025627373	327922.31543101964	2678639.300136135	124888990.642328
69	69	0.0	8.126340594595023	622.5460613352988	0.4377792300849919	0.05271831746742453	133126440.81857656	0.4659125982158505	14.057213365468492	4.539656260982156	1134.709837077839	332.2082442108622	7.809019166123431	-2.473552913541291	169.8266747788593	874.3723246570679	19867.596148538225	174.56238452938442	461.9587873972315	1093.4253859787648	22399658.48187394	168726981.31388548	4461759530.916857
70	70	0.0	9.293235163908024	20.365984859577623	0.08905404527955478	0.6782934385060918	4266710.280664901	0.11775390450292356	162.61934327675553	4.539276462979615	1130.366325585388	319.3079070418614	10.56782183696635	3.096072406671184	57.957171308560405	259.9955861131039	2087.5877322884485	161.43009128677636	430.03780421891474	1052.1580478744006	9143995.541734101	49230377.71606097	492743715.6483797
71	71	0.0	10.31815138540245	26.9360804259939	0.6833004570360405	0.721967270860454	2359530.3572121705	0.644713402364891	2.8643239451344784	3.978683576046024	865.7790456979903	230.8231000988919	10.76450505015935	13.57868943156373	3.760602583645731	13.427233846513221	149.5216094217508	116.71154547496144	310.81979592315986	759.248152967749	278074.68782157137	1227367.8081772816	20155054.487369396
72	72	0.0	8.284050850860465	0.052455852825697924	0.0003765241592940115	0.2898505365695251	49089.20430506849	0.0032447056028816353	0.13660460088309773	4.428816781961359	1164.765092536711	339.4236839186288	8.517544522381234	-1.312098696685878	73.21788174237324	806.6302890616839	18260.36997794855	176.59493635668377	468.25252954771395	1118.0136553153925	12321133.823588109	160935688.84958118	4510960954.520067
73	73	0.0	10.98504986795542	26.083672817577114	0.831290827956477	0.6696703613091816	889718.4140855119	0.7754505599578254	3.5538830976995635	4.538944614003412	599.5134275002022	158.2597691602285	14.4426323915179	15.90060115960684	2.2530423212147284	8.554009225020478	40.22102926908924	80.61067393671578	214.47293622504037	520.9506174542638	69532.29179692277	297294.31805259484	2043464.226137802
74	74	0.0	8.025578079630947	439.58004667935245	0.11815036919947208	0.9999999884163951	51568781251.31138	1.0000036049398031	27.02217360887878	3.392798112996388	1647.167831975721	356.984801953361	7.379541680416665	-3.19320544522883	1119.2709645266843	7987.797058119765	30907.134756896226	179.64273567630516	478.7539029472871	1174.1600261535905	399176190.25461113	2868950450.7388206	11939541575.25753
75	75	0.0	10.31707708060032	44.154714116028394	0.2766146747761528	0.6312089971980935	801263.1981958293	0.2865162962533306	2.5617803426475985	4.08470008400036	483.4727754585443	139.5901818374222	7.733827691399986	13.43079697416502	28.379630093115413	110.1907572704613	536.8312199193003	68.68224437502045	183.33423359452894	454.7355683096042	469312.3460239347	2174432.087297305	14494265.054936787
76	76	0.0	10.3973723771824	2.4523111196013923	0.04327782342655228	0.7644284998595305	92249.1937386774	0.15745643325769423	0.5766099256698594	4.00992518896237	345.4605360971739	118.0669418214903	6.322038109890414	9.202064207717456	15.026978291373808	65.05772029126132	228.3184522920902	58.35187297958964	155.92358806001465	386.35080486949306	128713.85653683076	515205.24463686766	2750346.953893409
77	77	0.0	17.97569363366428	0.22703548801122408	0.060773601996777	0.8583224917856913	6917.016944259352	0.3824334210328191	0.4894931996668173	3.602365600003395	307.5735375400615	56.48629914229639	17.34113572923244	82.37901313748496	0.8130518776975837	2.5778375202156023	9.153522537551243	28.15034979923928	75.10462135577785	185.5414454134798	2862.93376420835	10664.85656890288	49763.3592036328
78	78	0.0	18.91341007340581	7.078261640667486	0.8660398309450609	0.7013850839386119	68100.54416008326	0.8156371209969495	1.6538928516587375	4.812952661013696	418.3133690476794	76.30228873003496	20.92238704215524	93.41581447633179	0.6193281145321936	2.0337163561628513	8.33753878669047	38.343311897438525	102.16844399302244	250.6545947057935	5089.2986693989205	19948.04788630622	107764.15519138401
79	79	0.0	8.365702745121931	20216.905325846597	0.8255978402200044	0.01356122539719491	188863935.0661143	0.6584340308793561	118.11791205886347	1.947702280012891	406.0900657205896	151.6055104938607	-0.00027599787984833	11.79693174749024	2888.502027261704	8667.152916063582	25261.671046994372	80.07107987989934	211.2256954284183	495.61615276194675	48641917.69013283	131574120.63202709	349684387.6797196
80	80	0.0	8.799110028629025	93.94843241081963	0.3473195339999947	0.49203523480702965	6258453.959594322	0.3154959208604513	21.63860776541928	4.687043157988228	963.9378134496708	375.9820887147172	8.387177316487339	0.8277848784075499	36.72296618802716	208.78919190142054	2347.4103775497356	212.98503448562622	549.9281426390972	1226.2356700539553	2202010.0654097944	24707396.57440165	556607024.1024914
81	81	0.0	8.920653249925754	3783.5357526115044	0.4819796058658054	0.04310918732327544	82573115.31193669	0.40550442257727615	70.10085819448989	3.592836959986016	542.7575897298749	189.8497423629977	2.077347450027482	9.449360160809803	864.1924917283503	4029.256801309055	13659.211309057386	96.81353776574377	257.57769700479395	622.9419428178337	20027924.68753768	124060616.75098473	521813101.5769869
82	82	0.0	10.97934299096896	0.8597842127212166	0.0950562991703327	0.49971214561216376	17080.317187915985	0.06596902987862392	0.9900158570609564	4.6123802770162	651.7219486015431	168.0169750996794	12.48594906464734	12.98874223609312	1.942100722762845	6.299994652809216	31.232003302452867	82.34378377698113	219.81463539527863	547.5114408845718	62857.008422105224	249677.8083056678	1814746.343605754
83	83	0.0	8.323524826711827	2.530994898839921	0.02927351392929147	0.49156897031485236	197596.8527717918	0.01761754882781212	0.8845887932092267	4.030759025947191	1171.203175561207	330.9424036427117	8.81991243265394	4.01173840466019	42.69189852604355	278.40333358170943	1425.9118963256958	168.05582095591376	447.42790071194224	1090.6863366767677	8082012.794151721	56770033.76290468	367946808.364394
84	84	0.0	8.064473529763154	123.53353340451706	0.11965168967042791	0.87699591952843	195002570.534538	0.39774246094533716	6.093470309420297	4.484308769984636	1142.048556160894	363.0643284556722	7.149775584553314	-1.513068186497438	295.49381859279066	1778.9644868237435	14847.620200578805	188.52218752217436	500.0425211444684	1195.4758446452852	47779765.74618015	345767072.60017025	4175205962.6494493
85	85	0.0	9.27929360930722	152.06951734167657	0.6371650744518093	0.05764856110117682	18636029.095212076	0.6294732714046806	16.430666083337954	4.544991893984843	937.1031007356584	270.0702063802038	11.94129724534048	5.144889353721874	31.172048966847445	100.38763379889275	964.7994681931385	137.51635002176977	365.9289377235483	888.983529217916	2744149.5824662247	11034931.245002504	154073032.47999725
86	86	0.0	8.536009712952342	262.4890875397653	0.33798735591897994	0.7376090050232491	60595964.33851341	0.3787509051345646	143.19754884292539	4.576179614989087	1216.532153016693	327.5176642552576	9.476283610163982	0.674487669775495	124.1163231354491	477.8986615982054	2167.2697364162455	167.2067127652988	444.7485072152299	1078.6453137144852	22653664.20227803	99090273.39478743	626990196.6427501
87	87	0.0	12.42667174836127	10.51739849155184	0.6994517985857869	0.04013701577100093	91781.4596991678	0.6894727697783947	1.8298527385435002	4.62715166201815	373.8613064900086	80.66068994820131	18.11382115455378	26.0753147099784	1.8816114229836323	5.940875697337146	21.239732144562613	40.767912211720954	108.5659132358881	265.16933002104133	12607.347028319513	47394.05276297049	233104.90023346644
88	88	0.0	8.773546751004494	21.979002333967287	0.03498583226003803	0.2811274502657789	843096.6074658468	0.018203955496324243	8.019937229339808	3.970565291994717	982.8592012967556	330.6448504449741	5.132007024726272	0.2413603314183155	159.38998555434193	628.586825916557	11103.306066315303	169.01322905777374	449.90897146563964	1096.312921435892	16408519.903318426	83718584.06819774	2429391526.232711
89	89	0.0	8.030149323218758	45.21694513574875	0.15747829863394852	0.25077486059568116	2927613.028424706	0.22844013081252923	1.8623075760001684	3.208045965002384	697.8446595920099	274.2462657955423	2.909599069342131	2.64978296262922	61.056556250539316	249.0204841847823	1569.9754432331506	137.0037441769233	364.02854727054284	899.6216322074156	2398107.087862849	12252509.498749554	166848239.26022553
90	90	0.0	11.30473318222145	1.3007412255372544	0.18640801319698233	0.10400861874809657	37924.697524617935	0.1934003468687356	0.8186043092530433	4.509539616992697	622.1156563341661	146.6164677481444	14.1534027006884	16.77379896596022	1.4071017798454417	4.436656619822572	18.31921520344369	73.65940926817086	196.25528581379035	481.3149690413028	39550.59229304508	150407.05506955867	881540.8992622179
91	91	0.0	11.92126086377159	550.3668078471636	0.9855456134969143	0.030099583913047942	14981169.885823842	0.9847973388404964	27.289594655034307	3.90988577704411	452.7174717883805	119.6055547525637	5.142425146399962	17.85902612775824	24.666531107664962	75.75113543838704	258.9690733212467	58.299676503878175	155.97516760776745	394.4571741094036	314341.42951176513	1151875.10213513	5276322.179734444
92	92	0.0	8.199639939400033	101.13488424794087	0.3876095526367978	0.5964593747232924	13272887.42199235	0.34052054483136407	4.584058854380734	4.703270322992466	1121.217322125727	308.8256352015777	11.22681121150115	2.681957503492281	33.46350630868238	180.8417720852619	1123.452903640267	157.62837790285698	419.28713555515606	1016.9423771102321	4989606.750326586	33840514.31693996	265621369.2329364
93	93	0.0	8.987842412508313	38.751761274982506	0.2842535199339266	0.8300673650145461	8179607.900962906	0.639484479750244	6.973281970910044	4.011230066011194	779.4292372273283	232.1852519375247	8.240431055066882	7.508213851745161	26.070933363850244	79.32018106445997	345.69325708847055	112.69677527391286	301.4209002622655	756.69911674712	1311464.7452665227	4913218.755188577	36339826.14343073
94	94	0.0	10.37419681228548	17.65139447584621	0.43747925182668	0.2585982503083416	166983.53031602383	0.2808559008769336	5.020509611906533	4.474918176012579	486.9552119017293	141.5427555905718	11.20069697409497	11.02424508111594	5.528294226847634	22.102288003463496	85.25233475850507	71.21457426390629	189.81059235544507	465.23387242013564	101751.70750725055	433918.3873864037	2424100.999161694
95	95	0.0	8.047585631907522	26662.68052106462	0.8974134423041352	0.9999999999897906	145764823443.23322	1.000005043324313	78.73227700630758	3.041470373980701	1654.910316173118	492.2887567972442	8.775192787568749	-2.869383731356169	158.91673312021524	3180.3037388891944	26937.068925404663	251.26842823267384	672.363179413723	1631.7206909191207	48881074.203569576	1472545768.8120239	13327633006.407991
96	96	0.0	30.80420521143852	2.3588741317555004	0.9692022325225859	0.017140789108359495	1819.529722847245	0.9327600901928772	0.9890125373157755	3.609743835986592	181.0220174440728	27.03791451418631	18.82516197625056	289.6967161060682	0.13918900689376032	0.4365009471359725	1.5112492040537029	13.221800891380695	35.318764505560154	88.31229880073909	88.0245035481875	324.1940523783491	1474.5647657152429
97	97	0.0	8.316043615213617	368.6072778061361	0.3116719492602846	0.19368418309544844	22752117.228533693	0.1463984033852791	118.30324228568988	4.5162083680043	1186.084221071016	308.9105347787202	9.012721532185031	-0.9801173506867912	209.87213277226155	758.446681863949	6095.355953823471	157.311841118006	418.52545963747434	1017.1654401187166	34033300.22924983	146700829.51822525	1665691074.375748
98	98	0.0	9.18459176451332	2.7178688745314967	0.08968554126654266	0.4528128491780688	76657.44972314061	0.052546678255586544	1.5314250824709095	4.563831180974375	785.012723595632	259.9963608175606	6.988764081895434	2.249057513816977	7.247222779501705	41.87665902238448	2247.5546325260752	126.45822018088188	338.41297816017686	855.2267491593783	450118.0154538995	3734317.745307775	242485064.8210997
99	99	0.0	8.012650467276295	190.62456916857417	0.17519239390182495	0.24966308117604957	9991853.912084851	0.11173869580352064	146.0420615087003	4.058774664008524	946.0488451078612	313.3210706574426	4.70123172165184	2.122847788494993	237.34929898861273	1452.2542032800598	8602.739710140135	159.45520978033596	424.4330455183574	1033.0997763416153	27050651.758213878	195364885.61427683	1529049302.6564636
100	100	0.0	8.422905443275363	1388.1916891791377	0.570066494925856	0.45907839186045124	241562854.34769648	0.5202095328199743	10.998227240529287	4.469842627993785	1274.527162880713	338.2765076893204	7.053209473264317	-1.733610600007499	127.80377558206098	818.3744633344238	17133.377580214757	173.8134311204169	461.8250656122268	1114.1277578969448	25933921.774055924	206567407.70033762	4928083621.839924
101	101	0.0	10.30472728459064	43.30230650761096	0.2266875563635734	0.5620130275690289	334477.3079935309	0.25905089860401265	8.302523423668962	3.409903899999335	386.1688231001855	139.9135333051914	3.658906276760328	14.26255430294971	37.375628292114484	121.61606547563986	791.9789337924127	59.49019018622846	161.91651107186465	456.35746641694493	232768.75147439548	1024913.4568169886	15784179.07715486
102	102	0.0	10.34563375327648	325.016464107988	0.8561298175725731	0.08533516392570197	3627571.2897045226	0.7540783356830648	10.148823525590753	3.525916279002558	452.0864116959407	134.6191276100363	3.733910911553757	15.61489489630278	26.576550862950235	87.03319038704365	429.7325998367587	67.69505107420133	180.0939615339655	441.165759115441	323130.71810110623	1249352.6589817037	9522062.384040317
103	103	0.0	10.3018468773918	10.412486785900445	0.3959281795209246	0.10924781731878871	189424.5309345651	0.3265834953390597	4.239559429398872	4.584073186968453	561.8751153270026	136.7710889887821	15.158454893539	11.5621241881435	4.471859054470757	14.624165333701795	62.80317642866661	67.95426954857362	181.13305639573508	445.8665571694566	96713.05651004355	381843.4170118901	2399706.834293891
104	104	0.0	8.463725126533832	3.921074998720982	0.11283358455841258	0.150082217062108	72009.97455908927	0.04506314738779072	2.1173854926637	4.431106175994501	810.691430262264	268.3204613908046	10.45478652178394	0.9875180109757431	7.745272217005273	33.22045397946569	925.58215804343	132.7616415177265	354.9560441777803	883.0130009516527	465279.2565504496	2652680.4443518985	135911368.05636483
105	105	0.0	9.986592937166884	107.06239561724955	0.23980695553675743	0.19114618181466786	131612.93268628253	0.032031324314903145	141.23985448462764	3.558288900996558	484.2524362218736	153.0453618889262	3.261420665540456	14.35838644944384	84.89364648527271	333.4987068275609	5209.655182728841	77.71824304828857	206.79240716829685	501.7467326855818	1444590.4022402968	7165477.311826711	137162698.81902406
106	106	0.0	8.587759473238908	37.17808569021343	0.10999378856446303	0.9160561108999258	54731067.22150369	0.5199240444896509	3.982369429488108	4.541671425977256	1146.064499949209	324.1126625697119	11.1305065164932	2.168450716151929	74.18560917159353	263.8666507637411	1525.6599479227025	166.04134841531777	441.5129371362957	1068.1145656384404	11709847.41377286	50350220.63009296	363181714.5135077
107	107	0.0	9.647708810035937	5.383281896237359	0.08424348361940699	0.8733945058060182	1374179.9511690133	0.5688729964200921	1.9566088595693327	3.845037071034312	536.0260371843972	177.3768033002731	6.273994964444331	8.478871709515396	14.797526393459849	45.94944907178765	221.89845265700777	82.79124439506614	221.8574942905414	568.5421698263826	295845.6035554749	1076635.1562347969	9420985.055697523
108	108	0.0	8.065975477742102	6150.343832106886	0.7413631037789841	1.0000000000000016	287289078388.0325	1.0000042188989196	143.88009857790655	3.302648707001936	1926.419933063543	496.7757275746757	9.417524712666626	-1.801625708127801	171.40157904926957	1200.7016096204757	19258.657443372624	248.85825089395007	663.6442219375663	1635.8386124873832	91839391.85908292	726619970.839617	12912771308.187574
109	109	0.0	9.225542477976088	115.6126996278388	0.2703983212380758	0.8715175145476095	39545231.04976231	0.43069273171932015	2.53276037442271	4.582503137004096	1047.701906956254	315.3409255602163	11.04791857486683	5.0326921071206	77.3971640915032	327.968634086739	1616.371563831486	160.86595065059623	427.9559418088122	1038.6501407483775	10864800.672484443	53858959.17347785	333369633.30066526
110	110	0.0	8.300470977443752	353.3426246338578	0.5302183079474381	0.8511657456865714	79248282.56774105	0.579477924919361	10.7305516955995	4.044943056011107	1123.860749991269	336.9430909425572	5.920512925281268	2.551055069671185	89.30485532632643	320.6548739907225	2525.503878075299	172.57463478465638	458.81489815162263	1110.5984492028442	12351202.520545043	56145528.945313334	652691296.7969618
111	111	0.0	13.64901159845196	214.38707049860807	0.7520920065014429	0.13975687227775382	396618.5547423093	0.5358285922613699	1.824294740485895	4.09080437902594	327.2192650601433	110.3635687742806	3.746065357336672	34.43797585531762	11.121640263463252	51.67319745356699	859.8805854751308	59.94351190345924	161.83896156788856	354.01311618404566	68119.04441151526	334246.014463769	7620612.7224553125
112	112	0.0	8.26574297818343	2131.805858836102	0.5441410033325565	0.6295717867181682	465892747.6356108	0.4909927238441774	27.877998180830883	4.490485930000432	1427.315947824916	328.6447695824232	7.46682388395399	-1.518744547038543	266.97886694421385	1722.6697612865735	15304.469002661379	166.55374828619347	443.43290704144283	1081.3428064940786	67423480.32531501	488267817.68255746	5219194754.796165
113	113	0.0	8.01118409141123	15.422020730755188	0.024134388900116953	0.5174665505642443	1604742.5422253434	0.014757318336231784	5.0432130861163325	4.405290269001853	1251.785234353894	387.0252906682487	7.827208087631659	-1.296775473536175	351.22548310707765	2153.1020605391295	16096.520683506924	199.99169211692174	530.9542192048807	1275.0733905551838	69550611.09581876	509736877.1661346	5447022699.969469
114	114	0.0	16.2347218692164	0.995841580987875	0.2803293017702947	0.891232395850836	24652.53230932413	0.5830766250937295	0.41236164621957344	4.024899940006435	393.6478451816148	78.05714123792379	12.62643620062833	60.64010204603743	0.6737919660231285	2.1196954398680306	7.476759996226918	39.147756392751376	104.31356872065209	256.1232414215783	4978.61698889551	18535.5521492424	87966.49020791416
115	115	0.0	13.19563693988867	4.38334220174746	0.18157490723599315	0.3306923973764248	6966.934624652575	0.08711748167459761	1.1480815682903374	4.270762388012372	300.9554966402832	83.05277102037016	1.757588783886852	31.44007732119529	4.959777405412446	24.06057965463545	267.65285337121225	40.46435606919334	108.7013009688446	273.0702381859753	20981.307375174307	140641.24643267502	2012940.5822253353
116	116	0.0	8.742963878222822	193.56209692681088	0.3007766115525281	0.02145689936746322	905364.1418489543	0.04919842670040796	63.367346027092466	4.307094564021099	858.265218139512	309.4017132920252	6.577136547656933	5.206147494835315	112.25834103311793	416.90965754308803	2016.8040296336922	165.50821020523063	436.742424643503	1015.0797013784372	7786121.397459246	38447350.30360283	268822990.1103664
117	117	0.0	9.184758219532384	34.20121604235533	0.08586794501986798	0.21089363685671766	352799.2255354077	0.009723451162534145	96.29139617540321	4.549945477047004	1016.391880050875	327.9081402658637	8.949561218959621	2.463541408175603	89.93309246771724	335.355852336825	1863.8197915737198	168.07174531651708	447.00108346374395	1082.9362200738647	11091195.607145123	50403457.87793767	399541048.7272215
118	118	0.0	11.89897174639528	15.802325663740564	0.2825080343413086	0.5657250548161777	143766.1260399506	0.1974138350473497	1.5194202236793692	4.007692428014707	437.3008939863873	136.2283442974001	5.915694627321695	21.70469545110005	10.388037949229687	37.45824681018953	228.42569094006816	69.3462742569078	188.09666919427224	448.0079167032466	146231.19348448046	597858.9628260938	3785525.7251143046
119	119	0.0	9.433092738025612	450.5957757726937	0.4266394395553604	0.6880717824361694	28725312.356199935	0.48836011632450516	139.85291528876212	2.594609122024849	696.6715304284364	230.4690455149859	5.665334949541627	13.49287269864196	170.41567382199554	565.7227933932685	1864.317426096506	122.20237231009105	322.3214107647359	753.4620145524634	8731960.957698883	29792507.210065298	115015724.28862986
120	120	0.0	26.41360202312472	0.09179774244497134	0.004272296289051622	0.575441211548701	619.4051994146208	0.013311389772649262	0.4909826689887081	4.357554240967147	246.7123807954952	58.87420236674579	15.14653629515334	210.7979681696985	5.190304937550401	19.24501089857632	91.61986931295857	29.62714042309247	79.0114050694319	194.3892846218287	13560.383686219713	57075.580204111524	329622.3993408424
121	121	0.0	8.742665369389707	9.740396171571359	0.526886685925197	0.15768170802782494	224914.80951411577	0.3862803391285188	1.416530421420144	4.407511790981516	644.8923139325136	212.4329077203271	10.63728962939546	2.575051557530911	2.479683724900621	8.867718913477983	58.5679176131417	100.71637726822507	269.21885669588323	680.1534621913671	81589.93027237289	373410.5758889458	4135586.189373917
122	122	0.0	8.722682816232542	205.7843106351885	0.5222264213289769	0.11133495186536135	22239958.334378287	0.4706593061502852	5.572577195402802	4.380497378006112	1011.864826012967	307.0706177309587	9.60865805575008	-0.07727893775163208	52.23938098082623	191.73811437010784	2024.6758611874368	158.14987843330744	420.1321690980309	1011.1933750706932	6136478.5572907915	25026530.316564396	450589242.48606074
123	123	0.0	10.96039495757754	47.15781169029905	0.27152507774428664	0.6643869038085284	924554.5283004632	0.3522265772984155	8.22921635936342	4.109105315001216	429.8860695513511	120.4147465291694	7.202655827091974	16.42154416024833	30.441867701040945	117.75163286143959	404.2761171126421	60.83666832046953	162.02412118465446	395.6673001594971	393478.61795506	1660882.104115439	8002263.269617267
124	124	0.0	8.96424732517619	450.7006874783402	0.8034991550539635	0.030519384782164177	6934577.826326771	0.41620898104986925	17.87904310174844	6.173826940997969	727.7997688790318	235.2612810286822	7.875365895306564	6.298663004209841	42.86377383945377	156.79655181685504	723.7516784872354	118.909632667962	316.9835505120561	776.8627708874844	2170443.412357474	9733607.41293974	65114479.31410685
125	125	0.0	15.07827241649615	11.615692910089694	0.6202840073643534	0.05690686744714455	178669.99697113433	0.5876579258302764	3.724299437928517	4.823891377949622	467.5369738963296	110.0952717691129	14.3788473701164	48.83542640117624	2.240745287375901	8.082811079735883	30.4749835438615	55.264751601990554	147.34390746560314	362.5512297813515	32414.623160668074	131395.15577760065	682920.8914760022
126	126	0.0	12.96753307858582	0.5220996601557751	0.0444373816015539	0.23570255747132257	10781.552027545531	0.10266519383563344	0.8388118574051283	4.636397600988857	400.0739102089128	122.1855194030485	17.02871432536292	26.61785190510548	2.631056623731217	8.550423940162162	30.542337867008325	66.40198644731498	173.3947606266259	397.03878588113196	24684.796254388144	97745.44390165254	475937.8632287466
127	127	0.0	8.162083042785468	28.195020893812742	0.15636674223729805	0.053435416026540554	1088935.3530676453	0.0924845537103686	6.012919631321256	4.605271879001521	1003.53770026286	330.8415433334711	7.788659977484586	-0.9808510212830576	41.04738531371679	388.7149199916554	9156.877918644472	175.45118900944726	463.32499007903994	1087.5872260616466	3997801.410556472	56843300.61468399	2042825183.0052583
128	128	0.0	8.136848826279353	175.98938623020385	0.34654760229903897	0.447966100282273	20773394.712906834	0.27968690351831	31.576696687876456	4.644767449994106	1188.727706766896	318.2523394632385	10.83747872084661	1.740613364115752	55.54135292068057	388.4698242748164	1857.3120880794256	161.60436411855403	430.1891494616748	1047.9203686766436	10270941.743155964	75895604.34196131	490785042.47844857
129	129	0.0	8.310593811484553	86.34233375110055	0.11967338300540747	0.3496944676193458	3195963.3999075065	0.13618122735160643	7.363450730388038	2.719528346962761	631.6013752602018	224.6899499696803	2.270981862536296	6.04321277111675	150.4016787660469	478.14481130929653	1920.4396881333305	110.50867483346451	294.8463845963144	731.002564102256	5180630.18295216	20387235.19993073	119375110.4442674
130	130	0.0	9.994128211142554	185.22161632751377	0.6347036935917324	0.2610479609433445	8318422.902100335	0.4351441789371563	18.681268393197865	4.098974312015343	845.5992059997925	245.0744041525723	9.156446436546283	11.8661832271595	35.016922217269794	118.33700595713616	639.0631541407288	124.52170629348427	331.45884204731374	806.8092025647195	2623369.9516107873	10796495.529283293	78573618.12919684
131	131	0.0	10.40506726095446	365.77466175354544	0.4483991684381862	0.5516987218955055	15132350.462490542	0.3221608351020226	140.7641752736391	4.226888439967297	749.6468981364524	223.0805071344061	10.46454375011195	15.11966170955592	126.73600237037502	435.80610340048713	1790.2865982455592	114.81589160242595	304.99998562279006	733.9520710880037	7887530.884594665	30631505.822719283	138450852.67613178
132	132	0.0	8.31355180075419	157.78720529968467	0.40538930794858696	0.11720380377610094	19974638.455618	0.33628297287427555	7.990925299465556	4.448437130020466	1226.919352755407	327.7117798244801	9.029912371770099	-1.037042409543183	34.52416546836882	306.6206223927928	12614.498510034839	167.89876066941497	446.2964115405364	1078.9875165918374	6415618.360698143	73186285.89932068	3418953861.1754556
133	133	0.0	12.92172861709586	69.5958027364872	0.4646385687241084	0.5093942922701825	1327436.842692979	0.33169591416968197	9.933956742512912	4.734484974003863	574.1258351205722	163.9893301230782	12.52768876039769	30.17904104476905	20.329357259524127	78.78363987844186	394.71266285278944	84.0138123499828	223.82543459353434	540.776852129211	615797.2898413984	2758303.8280804367	15542569.677447323
134	134	0.0	8.420883516170445	460.1427409869647	0.4606743025656548	0.8802107755807504	210315248.98782906	0.5934146353044384	141.9969190434374	4.41981161700096	1361.635471610045	365.307534574982	10.20752743279933	0.3099248458643523	137.93383233226328	529.9916748724156	2868.401147489909	186.4933465790309	496.0660459986102	1203.242010412591	30483307.60396539	143327332.78142226	1050622431.6140705
135	135	0.0	14.2636026831113	19.723400662461998	0.3843519763078741	0.8662656131522933	1076764.9108304896	0.6760168466014437	4.378810101583183	4.726451357011683	426.3032607823218	120.1359530946262	13.26915747282009	39.87997189595577	6.635557385672082	34.541130819991565	202.79445145875596	60.46329599001763	162.29409760067068	398.2721715698968	85761.5433676609	484276.2324800932	3236913.5475984863
136	136	0.0	9.709951183373546	6.556981603212365	0.3737046954631026	0.5088285111807237	82308.69197586046	0.26319074463882913	1.0364147181830383	3.510217453003861	527.786324674806	150.1803833314384	7.67048571612542	7.766832141196885	3.004625543920859	10.114481859324625	50.5612266490759	71.02794932552337	189.6303239818788	474.46377454416915	56634.25066260414	236245.34930682048	1840122.8896996868
137	137	0.0	18.8209322236332	2.92441379503254	0.6406099303491705	0.3138214126379352	164.3425308226726	0.09000788378920545	1.2697706506061366	4.699550645018462	203.3088584237277	61.72984825347698	16.7634745261202	85.58427736687636	0.6201383373681262	2.0057524112912155	6.3915998081361	37.68280700778817	87.80160921944469	190.19847508116277	524.6106337749206	2325.3287740575843	11339.745544376712
138	138	0.0	8.931974383222864	3032.3679401474596	0.851620944029064	0.781913043517368	652457708.10309	0.9005359530378524	108.65058405237134	4.102177986002062	938.4486746542694	303.8841560011028	7.091651287139514	4.998987199660935	115.11402879407363	606.4162618618813	4044.3694023747926	156.37648346266542	415.4090681541861	1000.4616604871779	12612130.740718823	73494820.304155	649831893.5716354
139	139	0.0	12.02445788025805	28.968744722991644	0.2422023082977032	0.40060657510492326	363829.235339791	0.12060847534987856	7.161805002593284	4.101631878002081	596.2877637294116	161.3984954996385	8.410249409532373	22.3272319560498	23.247071553925124	74.08352773397199	315.2917936535599	81.48853152618403	217.12678864936152	531.568073553871	670941.2790624347	2561829.943335468	15156441.77525489
140	140	0.0	8.14177204505239	27360.972833881013	0.8146899252518619	0.9999999999999961	342995107820.39514	1.0000035214647867	15.34981505625954	3.279615795996506	2113.014152066924	436.8239555907476	8.149424943848313	-3.834082273727706	3099.824952627546	12251.624449502497	32845.39348151906	219.985066096114	586.2082241289727	1436.8249358604025	1712855086.2422752	6902440701.970919	20972737129.511875
141	141	0.0	8.13569675768143	14.700752754401869	0.18246182961457538	0.04653494365607562	3299442.122733447	0.2504412302091573	1.7444382444140958	3.874768366047647	1080.838406952667	295.1358002220787	7.963535295995919	2.347108796472903	16.734724376384676	78.72528776768733	956.605044426106	150.10094598806143	399.4587986954949	971.8128818451856	2326172.731088702	13461601.30490279	205783468.16929132
142	142	0.0	8.65280768765723	47.577458512908514	0.08817590855543207	0.17897912971838417	928921.289858675	0.046152515428156925	66.35744777616739	3.920385390985757	767.6947707092561	269.5560784979784	5.224625635101548	2.84968641022222	124.79644567547321	404.8811524544143	3077.8069411315705	131.427801622909	351.93926514771965	888.6989875531049	6079190.3306322545	25435594.78344123	423066313.99137944
143	143	0.0	9.952189347724152	69.62203066290004	0.33242640999118894	0.25561324901582866	2808926.8405793556	0.2084042123513487	12.521932869727939	4.175339372013696	851.1527157372749	247.1991062483671	8.381888583343104	12.22993391009163	34.69778222567508	132.4134316431333	558.7608292416755	125.53816297320986	334.2154828051156	814.1774160536545	2646465.5599809205	12117283.556174627	68619596.4759871
144	144	0.0	17.24297985582207	4.219417661667	0.6584199956453881	0.2395330380370814	5838.384907764996	0.5693368761201584	1.1383597005396244	4.574143145000562	199.6458491144138	65.48900093096125	20.54120158824552	67.98652127274039	0.8159646279928637	2.641454104076727	9.843350992297935	34.87279392979829	90.81997836991548	212.72475824348896	1210.0003173129724	4571.523895556542	23140.00401016809
145	145	0.0	16.10958072622903	12.966431120351183	0.6328532990845656	0.05283099100049365	45187.59937334866	0.31643879879082654	1.2050797191630995	4.105136298981961	410.2236014793793	107.3956376485478	13.85626569734788	61.06453164089724	2.3664083217485143	8.30630172108253	38.997071698788424	53.334106925758704	143.7185634316861	355.4747684956809	24027.451732392798	96621.31070047554	517815.7287742798
146	146	0.0	12.06022329696581	5.311155098602023	0.13082891013988385	0.260341079038555	19082.862250060134	0.06405879860343273	2.1042946297519665	4.169768108986318	386.6405989006824	112.8460978936638	4.691080454906309	24.34222546367021	9.274367780611431	39.40092878730738	555.6710052520275	56.38884235515491	150.5018896397998	371.31343979368614	88504.6742773685	445156.820188694	9415143.672153493
147	147	0.0	8.07579965207523	4477.6315972010925	0.36706772530428305	0.5794812554699937	893095234.2985713	0.33456489826805297	22.596302565989447	4.400760844000615	1375.547629146152	309.3729166928912	7.27261580008599	-3.118659232710183	1542.042941466299	8102.2294923108475	30334.597316553543	155.69047174062098	415.00329791572835	1018.372016937841	350502322.7308136	1991766617.1959436	8119420290.359287
148	148	0.0	8.432106060145518	97.04332772754056	0.22706900439930902	0.7284368766977498	22830314.67349547	0.23961736863603234	8.051389432667001	4.684244521951769	1246.658644342742	325.9002068147032	6.613438481005703	-1.03067550860044	78.25042251500118	685.2760931101839	9674.586175090564	164.21212749447545	437.54936537063236	1074.6348141852095	16006961.211434187	155946294.2308789	2801777018.9292564
149	149	0.0	8.392261113724805	181.49725077689965	0.3390021675065532	0.7552482117504234	62268099.99956236	0.41225155417027437	142.63442934342345	4.516795127012301	1205.579940168991	309.6162506476321	9.044069349196604	-0.1043107387363812	57.660583522623355	541.649363274712	5946.40838222897	157.2106630116907	418.5109783972921	1019.65351898239	11014294.820400203	115027399.58321771	1613845358.6034195
150	150	0.0	8.475435658503892	108.89835046614564	0.31927410732389705	0.5032405759245043	11501783.238550114	0.24274263228768242	16.587792675970206	4.549298657977488	1116.831172617397	320.2820017703235	10.70997350982021	1.462504208862041	53.8916814101805	219.68796580119715	1588.0284801208543	163.67435628584326	435.3269129033133	1054.941469528284	8612088.032915397	38716712.44162509	387847232.2145547
151	151	0.0	8.803277761286873	1034.0097709000227	0.6048505280297772	0.9770228931188853	1178697928.530159	0.8538901047383181	91.51647980490561	4.491975979006384	1275.603554114155	408.5196013418053	9.455226592741727	0.4568113372112244	105.66601990237861	667.0879401255442	4882.50373913225	212.71006952222274	564.0260763530754	1345.8789051395984	19418299.63623028	170212098.3018057	1880863600.8521378
152	152	0.0	10.29112234157185	11.330464210350044	0.19987715278536025	0.31277517190404913	479726.45856242586	0.11925012460925372	1.9857522291229002	4.708620760007761	889.9407057055578	250.9143186882415	12.17158767579807	11.21210355006846	11.340337421581545	90.28989435373738	787.6846788291497	126.76117436719755	337.70771899191584	826.1403826362557	1038665.8398026383	10211746.307634307	100486730.52530876
153	153	0.0	11.32486157332344	12.110745021132109	0.6108231472427551	0.08524982207540677	281.7048473228185	0.0032705192496535786	3.5236440117182695	4.629595289996359	498.5912293690442	175.156850980213	13.46383234243768	14.68655589853975	2.5759220608615006	8.889933082800214	30.729140984236434	104.16198548978838	270.2084895781265	556.114512606636	42544.00566721693	170532.73148367574	791470.0500851833
154	154	0.0	9.321834444553696	51.11822857863707	0.7193309097299105	0.09503052732521355	2456584.293216846	0.672976690244703	3.796788331860138	4.757504128967412	697.4807731556518	187.1455186782595	10.91628775433095	6.424218588324926	8.42349413603258	27.00109650773964	103.31684910542478	94.05476316561078	250.5308990430707	613.4239222681175	347059.6040481361	1324674.0260205606	7592696.541026254
155	155	0.0	13.96144217233356	0.47374192083208333	0.04936252802141712	0.4190409923343079	1003.5758482097536	0.012482487927676329	0.5534738088110018	4.754631113028154	427.1726624803703	93.93098498368107	19.23628994253111	40.49473565156562	2.1055801373750893	6.685502940687633	24.61412613364452	47.70157725541759	126.96650922426909	309.1093198508083	21293.47854340794	80360.5752569411	406156.3921711294
156	156	0.0	12.9399236304279	6.507804241188317	0.4409960990317128	0.7184734670121941	140294.37066200058	0.43328492596334756	2.520957676121516	4.565054580976721	529.5552616588369	124.400763495457	15.49172356940583	28.53998388648468	2.2034260641793058	7.974221351149132	35.10712291503178	62.82503490267811	167.31843866325215	409.00710684451985	43402.62667174135	182588.99028811854	1091819.9571430318
157	157	0.0	9.615124081458733	282.3698557607011	0.4209225916897468	0.6090048845454654	15663202.729619995	0.374518519284421	163.812578891082	4.308573590999003	747.1427920809047	237.379918866095	9.569111015575372	10.73689502398523	111.95635120928107	362.12812357658856	1256.793974555085	123.08531850848965	326.70007973085274	781.0443539113968	6782308.7088587135	24312739.199271135	99382872.29688442
158	158	0.0	8.151820665455277	156.58072068470065	0.16770541210340423	0.025489536537445703	81627339.90172756	0.3124271085170269	39.63810897036267	4.435352538013831	1222.148085500932	300.6745130989821	9.060796429437278	-1.014562044163283	204.98388507079116	1074.829597561303	8895.343718047143	151.6229716938858	403.9618356332892	989.4839691750304	36970117.39658414	215485810.70206907	2343880333.6503377
159	159	0.0	11.30702261552463	5.05215432527513	0.117192508058299	0.5877535554532703	95595.47995397096	0.12439865614020579	0.5686048000529055	4.609384703973774	512.6538611380308	155.1923763310542	9.462394512795465	12.19219938238263	9.338973855958246	34.45665344860512	201.3813364028867	77.46325823123607	206.68492167243016	509.6389927513047	176237.7570856654	808753.5900651687	6865424.533683947
160	160	0.0	19.20914750054991	1.2441872592095469	0.2785239548890806	0.204995944367265	1607.1340563818967	0.22639635769004735	1.3042138821369669	4.179974393045995	233.0594175970704	43.16410988404988	19.77607686311285	98.18930131198476	0.8457466872623922	2.701016694742177	10.008389130604717	21.716815987216194	57.861502812648695	141.82792905195106	1371.7846785997253	5200.051360558991	25908.9897457815
161	161	0.0	8.219798756659095	7.868377923854704	0.10473923407309521	0.25686382378612743	331407.7443687296	0.04629474198502307	1.0835072915465624	4.449254465987906	1029.049134512463	300.2170640074766	10.19189475501421	0.3922453535617483	18.598666898413484	119.45197193136198	1224.2692142747344	153.71669466316177	408.733629456249	988.68965174833	2445899.9360158504	18117354.74935616	256592799.85305893
162	162	0.0	9.854085133723602	0.45980833492525686	0.08017433406652089	0.6103587335885836	22813.42022942935	0.14181396362655513	0.3702855963585581	4.346531179966405	577.7615813157918	184.4631497830887	12.3856163093893	6.162901521090696	1.2611897471934777	4.371495892947226	24.54668313622677	93.0152912205491	247.6813153658863	604.4526425507031	35402.65506997822	152801.5761971297	1216949.9539520952
163	163	0.0	9.300784794474508	61.50448743812486	0.43674464121947126	0.06251251743373516	6552617.102418532	0.41845793646902185	3.443145586992986	4.633310030039866	940.7832744594416	287.3612165694111	10.94779585566075	4.257932145284963	16.128109325097387	84.23373266599293	816.6258015843521	145.14459507725496	386.7161998037491	946.0885244136759	1561430.662171002	10781762.486297773	137861708.50206572
164	164	0.0	8.002292331039131	12528.975535710611	0.5508420317169405	0.9999999999999928	319467960203.71063	1.000003795414482	60.87114800262952	2.784677085990552	2324.796053237218	524.9352139947026	8.495789104069743	-3.81891733226832	2278.701885259515	10613.217403819528	31460.83072369202	259.84714782534	693.9303206809361	1725.4665241535158	1612057726.3418677	7812385735.18381	26257432584.85044
165	165	0.0	8.339486718116182	265.89871797343636	0.23003860289559572	0.332438833984674	15074234.42870452	0.19654116505581343	26.562290164667058	3.472793673048727	854.1059375218309	327.2654966662986	4.04044326049328	0.7322197978406391	217.05148884288744	943.1534114956128	5883.230375895701	165.37126065088125	441.01818478402936	1084.5433172157245	15515400.239413094	92348501.0102814	1046448549.7512276
166	166	0.0	8.138075768741418	9933.040291072872	0.45097431725843184	0.994617969906808	15928314629.324938	0.9941317064269601	57.315773492235046	4.433333247026894	1416.869091896981	312.6207057779112	6.373914518764026	-2.891094672849454	2372.13355347065	11807.528290994702	32565.32213340879	157.6322835260405	420.02133600720526	1028.7700487986788	582873201.8769797	2856894919.9588213	9095452770.973232
167	167	0.0	13.43190262058192	8.779798366700833	0.6517807992834113	0.5876768784723934	193391.57124482116	0.5204137447869706	1.5169362781450895	4.682930556009524	607.0018326959774	143.1779990010853	15.35533657892001	33.12061898115655	1.6448875438244341	5.449503326604411	25.281147306203984	71.74482399982014	191.20592389126153	470.0890809111763	45078.25028399421	179087.24400204085	1155014.4873678025
168	168	0.0	8.333706010493868	126.26123775144254	0.4584702988256078	0.47678072688999407	3188138.826490889	0.3457948798248198	2.9813728181099544	3.075056632980704	627.0899495122234	207.7633852567633	3.760768986391582	4.694106574351316	43.53024419621431	143.5206827566481	644.363602714782	102.18859862885404	272.7678629886208	683.2309166047404	1482739.6188618888	5864809.943633188	44229448.35196361
169	169	0.0	9.445991035918752	5768.46522353565	0.913374166360909	0.014158844269608322	191384707.52074942	0.7964652086760419	75.41866484562597	4.404562151001301	636.6943674631207	217.9483985614404	3.581734560268849	7.255047594466696	202.03309412048745	940.4790872197335	5294.725305452681	107.5618602565778	287.4637128425572	716.2919475573094	7126802.278624893	42792634.06959812	365510258.9631962
170	170	0.0	8.13436749118062	30285.071893798824	0.9123788918273238	0.9999989485356111	41735820583.06468	1.0000036700046706	113.17002327153467	4.287681710964534	1538.286863554837	352.1925782049119	7.731183637536171	-3.249866747123709	1596.0748336816407	8323.939167431297	29187.69140655758	177.61879590372564	473.3572767148846	1159.694117432013	475040289.3309406	2635504298.2046037	10536403804.277298
171	171	0.0	8.658688267205617	4.747254680725751	0.16885352314463145	0.38703892544273877	101567.45468948105	0.08770920044111154	1.5687877565937367	4.540147087012883	748.8463328042517	235.891379040694	10.4292476137111	2.16447734829947	5.928823734457903	30.442166072081367	313.53689005835855	113.89258745478276	304.6333575551356	768.3716432457265	317234.40909196984	2068595.7231615654	30540864.52326884
172	172	0.0	8.215394684322154	1970.661478955605	0.9389594197656631	0.008790877770888965	131701142.23948479	0.7601537613650374	113.11785376579546	4.63126033503795	1035.969798525785	299.8047733669546	10.78402672904872	1.933305329101395	54.21548716273043	255.0138693642308	1478.4005248176677	153.09355280873933	407.21233780259536	987.1863195618181	7001419.4663366685	39342951.458713144	301176011.948773
173	173	0.0	11.31794363424408	1.3343457562536805	0.08811423832045266	0.8682617491578636	338076.7065948734	0.46796171959883714	0.9268359931257217	4.036243573995307	605.2618459669973	156.9700830688548	11.72323881997753	20.65027946948176	3.2820708601827624	10.841885223211865	47.41874309370343	79.8964303779237	212.60060969124197	516.7293774705588	95938.52752521972	381943.6446867227	2342104.5488976045
174	174	0.0	8.590137953800916	179.81866348648953	0.12182818623508501	0.07826048950914899	413572.631718793	0.022656913321882223	13.176280275739044	3.503452700970229	586.8407055251964	224.5986771397747	2.652466415522865	6.761705551477176	356.34487086462684	2340.5779746802787	12842.860609550044	111.91877106695051	299.17341421209494	735.2430489418557	8521336.330282072	77861043.62412077	720122641.7480297
175	175	0.0	8.384987344331174	4986.243546198732	0.7688014930178579	0.015793658752232598	162307694.2505839	0.4935895361176569	62.96779917115523	4.346435807994567	983.2455287658045	345.3976551478553	7.092991303284082	-1.694544807282077	228.68637521115014	1242.5276062099795	13000.004384472097	182.5912488678066	482.6955258737262	1137.4688277401997	21025344.771120172	168966198.6791613	2940568920.1031575
176	176	0.0	8.23186919141243	409.8900339799493	0.41361508618536347	0.4485105478379674	28444555.004137564	0.25576400320178005	144.24203630579282	4.200513374002185	1001.291871482123	311.9026950759623	8.471757679031619	4.362823649762711	164.98076350466783	534.3595923920062	2237.3556508975416	160.86140534878257	427.34248438578936	1027.9702222065434	20756096.638419528	76657920.6783089	387955209.23010826
177	177	0.0	8.825664018067837	2062.9837799288102	0.970335598172258	0.147226555209707	407307465.6564154	0.9485399425937386	150.00728564357055	4.660210008034483	1109.200090194322	315.9831125552615	10.86434694195259	3.39962879162283	68.10179253122672	277.91357371305185	1212.9587656816016	160.92736380138012	428.2651450210243	1041.1760285259918	10877060.890524127	49253929.512582384	273776440.77152
178	178	0.0	8.916515900770845	119.17969761997496	0.4503890572970753	0.6262510465178363	11873728.107960787	0.4292219320566714	14.971647984150145	4.721856023010332	944.051327402999	281.8048046214387	11.45155819381189	5.349690879411626	37.77881659828005	141.75728014089322	684.3819105744947	143.40445290171522	381.5702403167978	927.0569178381147	3561368.9047456193	15905013.215982493	120288514.83926935
179	179	0.0	13.83332393114367	1.216320087395894	0.25632404265653075	0.7114877152762202	16119.441591017923	0.2925124614453321	0.7565883597580139	4.587057680997532	419.0961921075295	101.3018089628191	19.89363028262206	38.57734790367882	0.9005755955014852	3.1275893274293685	14.612456791765064	51.598969503993715	137.29238902931138	333.5466742010875	9442.888026526502	39504.403288489746	246715.9030738717
180	180	0.0	11.31930629676172	33.558631845239084	0.34117252884869353	0.6503411130812774	747951.9898333374	0.3140993063729974	8.307989211610645	4.423315797990654	538.4140213123541	141.4567227645136	5.724138734237467	19.39405056251923	14.141082302570872	75.46864072483662	672.7792662885761	70.4450284926121	188.0356490975259	465.96008445680644	350358.08869399084	2060303.498689275	21752128.06487576
181	181	0.0	11.58096599168318	547.6391035002371	0.9571472848139081	0.7900560134379295	62518039.993057	0.9726768960091737	127.9427109347193	4.782162440998945	704.0239208529624	213.4044305029429	10.95285272821995	17.35944253800692	15.44738505264776	55.27920683264474	283.40596829231663	108.33879745554475	288.54276336978444	704.1653859072362	694911.773825678	3180680.177863386	23585005.513566952
182	182	0.0	8.079171588901616	1131.3678337445292	0.2275050107707422	0.20938855121843253	134890791.08331433	0.15171526438709135	19.660403508818177	4.384105408971664	1341.952797857132	367.9434426093532	7.615393209668255	-2.804897705325733	941.9604014774744	4335.956645951473	22915.305843908096	187.65277943099204	499.45044994238583	1212.8841378060083	205365063.78005356	1181967436.5041509	7481319216.061219
183	183	0.0	8.085080571520978	14.740094644021333	0.1058493371530664	0.3444509927191746	841607.421752057	0.06835874839332323	3.2979343656204962	4.48954328999389	1068.486840673491	324.4875972427106	9.641698809727309	-0.7043799410307297	32.01725900719453	213.04072694115314	5644.13425589716	167.52956904569976	444.9462790671573	1068.1520374063998	3571444.6273761536	34566105.101576835	1405995818.5084565
184	184	0.0	10.13847559475401	263.9053955660473	0.7359471359841631	0.5495058102647592	4995726.207741685	0.6711493599814795	8.520832403692763	3.973989779013209	501.5579467698877	148.067153464627	6.021230308769979	9.914059163264351	27.85826201854623	95.03841319650354	698.9912227852408	73.34635888688962	195.67679401684273	483.98371802956905	457681.3569918263	2084373.9903823044	24448935.476792965
185	185	0.0	8.444268649558605	32.942275574538314	0.02676683347079748	0.2763276195985008	3434848.130973932	0.0247996215827802	4.595467852285429	3.890588868991472	1192.355736503669	356.1120516274373	4.307927235659829	-1.866429994749101	423.1736569965585	2899.569092893951	24026.836957583655	184.8218583030341	490.4648375669698	1173.8547366052148	71340047.8487819	614795509.7722183	6325837259.320769
186	186	0.0	8.230262517679053	342.01216042355253	0.19554739711225919	0.5677899305328211	57352241.19987433	0.1560147533460573	14.989001699430007	4.373911319999024	1353.35265251098	343.380363719324	8.436745840092431	-1.150543778525918	355.43789091356774	2175.4672656334233	16910.047592206156	175.00911284850395	465.6359838583189	1131.0057555915591	88886695.30784993	576094422.0956924	5519926835.041275
187	187	0.0	8.765464427407633	336.1895607598554	0.679650140033172	0.7063203893496869	12598469.022898298	0.6440304765817916	8.20831530369344	4.125116267998237	612.838510329724	195.9090266119319	7.452338720043636	5.652246333179851	67.21317343827828	209.3044992391492	744.1206163902086	96.24317775584905	256.6766184218484	634.6024434192166	2052037.8270420248	7524690.348594523	42313539.70739948
188	188	0.0	8.763603327998469	186.06090997272636	0.5608671681515565	0.9070776511571463	32039831.464458216	0.7298519646657022	7.980341739924815	4.088398759951815	795.413153082088	276.4856046286499	5.788588622034693	2.297387916051802	48.385795680253196	153.72363857472305	1011.7018905661832	135.6192309171969	361.9791638242841	901.2285897834629	2940746.7284388863	11614211.868753152	132397275.8126428
189	189	0.0	12.6547910805804	19.880768220939967	0.2375017943745535	0.08208835157377502	588238.8892836076	0.23756469688828294	4.06696868271434	4.726638152031228	587.036870413762	158.5777938013901	12.66852916484754	29.04333698371589	16.139248162502962	58.37557883279027	264.5917642098833	80.50118035310516	214.4855284337301	522.9870028980285	464138.8891848704	1980493.38821855	11568117.714974547
190	190	0.0	8.260304654406234	1078.072687273632	0.3796095957029301	0.2977111820161147	79422443.47550477	0.25227139541784027	80.24744663831324	4.382252280018292	1116.118514765596	343.935992792348	8.069285454297233	-1.620420872739786	435.87261548261597	1735.50494540934	14862.001602401899	180.21490874263804	477.28651307771634	1132.7005054623978	54835504.117179215	297616355.42988956	3798328527.567145
191	191	0.0	12.02923681818864	2.363791867958024	0.06939625825495879	0.3252431836481034	10031.302260262944	0.01403751481340477	1.745788476801488	4.794899710046593	595.8906316046036	158.6858823486219	14.29515979180436	22.50373717611748	7.86126448135322	26.261715996203495	105.3853512458286	79.40458910937957	211.73130910241503	522.5790953908952	213632.92043143912	856635.7720569725	4865227.186105675
192	192	0.0	8.074159772272013	258.50244272500333	0.5806644835203203	0.49467282456386985	23958876.656750455	0.49950707359749014	5.864009443442064	4.022876721981447	1037.004235139875	323.3590381325644	7.084691568451713	2.090130572192481	38.62654500509587	166.78686828233765	1453.1866646626638	166.10193037119063	441.48655734427507	1064.1896809911664	3908886.7984440797	24037325.140883062	341713335.3981997
193	193	0.0	9.03276612325478	25.165695393129138	0.13230863171556326	0.11558245125149265	1515177.9447312376	0.08737378086691798	4.715360145238256	4.643967703043018	961.3086098668814	280.7190673032501	10.81158802018909	5.277106139480204	45.11457498320864	213.49883350868373	1438.7807454524675	143.04936213177632	380.6494575192694	925.9326865041185	5138896.919806815	28298432.214521173	243194749.05757675
194	194	0.0	9.047899023498791	0.27539322733491406	0.0011778679552754982	0.041065015353112765	2198837.216501044	0.1587361557392873	0.3489134923459645	4.299983977980446	708.9565541445745	235.8405773220869	5.224408061322562	5.849300842387835	66.21245812213728	271.3382340055247	2229.716639304374	118.87024247595161	316.6774782790752	775.5266123113627	3045496.4551886767	16162609.182500966	204961553.81201467
195	195	0.0	10.39363843395488	65.77963944341839	0.40427704126258907	0.06967300882064281	753292.4942252974	0.30684075592920385	11.615002840366534	4.178796830005012	465.1285426734543	127.9378267952402	6.970452898055417	12.52497499748519	27.736151670397422	89.28725829988095	311.35326479933053	65.07401275597653	173.16471081440363	421.13254042833955	425483.8194086261	1611150.2909933552	7554798.1002286635
196	196	0.0	8.418149391414142	38124.07454007348	0.9806230546479889	0.9999999999999929	462111536746.6175	1.0000037914655286	84.59820123581112	2.476599826011807	2424.623749279694	554.1256613174577	9.44416969904773	-4.234372103821944	1128.91867110948	6395.970147817905	29301.87758887177	275.0604143334267	735.097654989891	1825.8903948936586	904657003.735963	5694792816.898316	26316401712.679733
197	197	0.0	11.17172394539769	26.804940793931102	0.39118472749569433	0.16601999305116966	280527.64509605884	0.3703707564028733	4.638958835879407	4.50038730003871	435.6779338229715	187.8435612030803	11.13127022006064	10.43357829628822	11.517482226956734	40.2079366450267	231.90882991451022	99.25266644766367	257.3803470223834	610.3557263901938	99116.41060335292	524015.7375027261	7027729.757063467
198	198	0.0	9.169617481053121	246.9621551033622	0.34996259982853367	0.23920523380930128	14207011.0602358	0.2633331443225221	22.41489335515316	4.34538659005193	998.7974714880598	338.2738125271264	7.264144056359623	1.503136725450048	81.99778027206875	620.338566953973	6777.275947247339	177.884612498691	470.3161508415079	1111.0826630432312	7740935.60178853	91965845.9218548	1509361312.270945
199	199	0.0	10.35235397542625	35.56506821582346	0.097161240738877	0.9349384762031844	30777234.16409542	0.5421785325967924	51.87344274116511	4.221710816025734	794.9671488754288	250.0764852206086	10.15509986149493	13.83917676041128	84.99718457097194	352.3338814825453	1439.533775710749	130.88325082428662	345.9672814057516	820.8068325908837	5545013.854061823	26274853.861448456	136531647.91499817
200	200	0.0	12.4155783513219	7.60937715052776	0.4592579781659328	0.045426092192939284	457458.516807269	0.5447629094505905	1.7133830929241587	4.074188795988448	668.2420598045316	158.8981259725632	11.16206088012526	27.66698742746274	2.513129872721725	8.785467355981131	156.47823994015985	78.52876313394813	209.60688619090638	521.2200409367529	86785.2543216153	375857.87072346767	8346687.405525815
201	201	0.0	8.958406971758398	6.396335553933684	0.10719091543526799	0.17688308437668399	59733.436996281904	0.03592173341853992	2.934472009695885	4.524759361986071	671.1789893202414	228.7644140205088	11.03097766264748	2.894849850530238	12.590693531716	39.15260075269217	224.62475303396465	102.12083677749922	274.38403978003237	728.8030544045149	412970.52325168386	1634563.2638390053	18300907.799022432
202	202	0.0	8.050829869380257	1097.5862645248626	0.2981506576480667	0.04713580279571034	840546079.2565515	0.47093564320623327	174.73106844188152	4.584902952017728	1197.713031059325	306.0967384617732	7.533633874305903	-2.381391955982859	403.08537760049	5232.7255128447805	27651.86278978596	151.85724570360162	405.94833954681394	1010.6391245223474	66940427.285982825	1000110283.5305376	5918725813.747648
203	203	0.0	13.61864343250314	6.747134069705329	0.6366647243117494	0.7982359833954432	75173.50617366533	0.6460935168777566	2.1517187098945945	4.288673236034811	378.7974883664549	99.83599407304105	7.816425662445603	35.80983072583899	1.2935975325212035	4.33825667999962	25.169632057593223	50.34511307742116	134.8943396393131	330.7123252518327	11057.396111353615	43700.87590749488	302524.183171192
204	204	0.0	9.699682499907185	31.38171395297169	0.568786720672788	0.5663481844032194	1030310.4322094724	0.5136966890667038	6.410449117753667	4.652408235997427	675.4228114193556	209.7990629849617	11.91746574571423	6.563468825514818	5.266153607273682	22.92096455316034	144.96204662571964	96.39433394955881	259.473907995761	678.3626358472134	168877.46918182887	956057.8555513779	10812221.86321873
205	205	0.0	8.312686124257844	1996.889405368553	0.6186818357582274	0.06515360619372787	362209033.0658887	0.6189614900185998	153.9676344121343	4.391448341018986	1153.523749883482	277.2737606147332	8.34526628858815	-0.7224905114227493	290.85597632604885	1286.1157632479049	7039.075606263334	140.74979981250976	374.6518293842847	912.5690397903738	44282636.32794752	221921474.75882646	1623288739.5128553
206	206	0.0	16.15394283045557	0.16474416278070816	0.05946819571499937	0.26727740514151005	102.08619165945083	0.023693476953917512	0.19008789975157409	4.190861548006069	227.1648102430938	52.02023366953356	15.84681870014241	59.47029365299868	0.6034151635602798	1.9106815569410804	6.7378856321121345	26.286763344608744	70.02218521534499	171.23602907643098	1105.8904129640746	4119.160786891054	19190.547464492927
207	207	0.0	22.27301690426489	0.22539624261042107	0.07496089859957157	0.25685764468790595	200.61098736434593	0.04568804343543443	0.22081365694647115	4.381561297050212	243.1417934987526	40.52085451664103	17.28966489432381	139.6202720783877	0.6515063594331164	2.0910994930612525	7.784666585794748	20.365031570904534	54.26350066138167	133.0868274855773	1093.4869639608382	4160.0733934755035	20611.3028353327
208	208	0.0	8.343746396522485	31.578423401070125	0.04716832494135023	0.8191889056085182	21948652.447506435	0.21678607278142126	2.4533302311931693	4.239335814025253	926.6471472904001	301.8505144021119	8.058774791076448	4.131089395531731	179.6445193927394	639.3369041700217	2481.9016100137533	156.50003582262173	415.05271578555596	992.7709526380377	19677351.989234023	76716785.7012314	371491580.7743671
209	209	0.0	15.89497532170234	22.241281598094798	0.6612180046415439	0.6261583801573645	237976.0582314963	0.5848847078688969	2.4633222416529574	4.685379186994396	425.5767191241439	101.3192742113901	17.25813933903636	56.27769440098544	2.9962670255795767	11.565406008676888	83.03759642505129	51.17262671305389	136.30571306110238	333.50061582118957	34190.947074536525	161884.45478858153	1334029.0649720333
210	210	0.0	8.257659805861984	104.12486785901213	0.23478259479846852	0.7982373201695784	29637182.0621697	0.2863085713621677	23.321769438323518	4.648937640013173	1209.336975273505	321.4767395031485	10.59336150704769	2.550214270076275	82.5945070644108	457.6008760308637	1935.1146583991838	163.48890123716137	435.11088749619626	1058.811525971294	15533524.466764502	95389582.71525557	523860194.4136126
211	211	0.0	17.5810730339343	0.8655215716240177	0.04869010360122856	0.7408136426087296	2860273649.8569484	0.8798177148983627	0.611910488750952	4.239813448977657	219.2534209310224	112.4228015048363	13.55502307695939	72.19068716342143	3.9741197368905823	12.94412609536445	49.56197258452282	74.56160460923098	201.22618603759278	inf	4852.070830567534	40991.486293953036	inf
212	212	0.0	16.87531403706753	2.1293797756431143	0.37694754366398386	0.604759310321799	3649.148137946075	0.2656411347310293	0.9749634632659819	4.461938994005322	275.785295430905	50.48277083024612	26.02965697219598	68.11469629531447	0.9927472059189102	3.15571132648479	11.271642591454734	25.13761110391812	67.04913069220649	165.56150621099948	2521.9305830878934	9522.302374708805	45808.721344438825
213	213	0.0	8.1765700916179	24161.58545833591	0.8390356905160605	0.99999999999999	472635161139.647	1.000003775985405	52.870348883206475	2.500503798015416	2467.22918875869	544.5741215971155	9.503290696278887	-4.569154907694044	1605.3995596984719	8292.163337969594	29240.043596351854	266.42060236558336	712.7371482258504	1789.5291096510146	1316257963.8152466	6936316211.676764	26969012123.808453
214	214	0.0	9.341762835967355	500.6386593683994	0.6615503929800693	0.2076835490217384	29544035.572514813	0.5223309740968662	26.248306490754604	4.136883371975273	851.5121498575807	256.7970610420297	9.04634084147748	9.452388717516186	73.15998759064234	289.31212217696464	1283.9564967580654	130.43602767633195	347.19851080829574	845.4897029828987	5889763.312603584	26980893.094929453	163219908.19332924
215	215	0.0	8.324694862770068	1.2851683942296013	0.0036572296067015147	0.3040609044757184	356767.7829686663	0.010292367975224858	0.6250154522522028	4.657617346034385	1099.848477498091	333.1033721732985	8.520937890905987	0.03135543120797768	81.68674862998694	275.63513628153663	4239.054866650468	172.99387713869714	458.8818337985432	1096.9639092626235	10130343.050293388	44451843.67716324	1125142568.6599112
216	216	0.0	9.186981333054717	3837.2505459051267	0.9588357133307486	0.9316548357527259	1320369648.8567076	0.9678462980579347	23.371340880603938	4.537797131983098	1149.003249978319	319.0944147991712	9.664092012269366	1.787925264748595	135.5794922858378	480.2253795689699	2036.655377923749	163.00698187320154	433.57297566565705	1051.3845529066962	21403338.251270168	88626510.1816255	521685780.80942464
217	217	0.0	8.054167664163224	59.275113693039536	0.0720525185096357	0.1777710907079523	1894294.180552575	0.06220501761107537	15.419715496665086	3.908010275976267	1012.496158947015	388.0727265474412	5.267972878463408	-0.5276207071892458	291.70843069594974	2608.4363249978232	15806.081997081616	212.87914257377486	558.9008690589623	1270.0360409086222	18890665.87596194	406611375.8168389	3882919647.3475766
218	218	0.0	8.009407972703508	0.7999517555918928	0.003770688780577603	0.057555380578791664	171493.95355446578	0.006860934351335325	0.7088972860361122	4.545992468018085	1215.367223152567	321.3728673791786	7.978545640347449	-2.086794572621218	163.4026917397052	2382.182676056706	24191.37783967406	163.81049520265037	435.9626983262508	1059.1950218989641	30368522.949756417	517593766.5171805	5820250310.849951
219	219	0.0	8.02661664929502	1955.5541933418176	0.42774343346590754	0.059768057867889246	315069244.820626	0.4271470332835477	26.484310641554366	4.284288216033019	1116.957478001807	315.831116798794	7.605435301750815	-2.55405014643429	606.2422661113166	2614.6587076687515	20176.48269104056	163.08928483480827	433.116996892752	1040.849258041761	80555775.30847077	452959858.828378	4450020544.3037195
220	220	0.0	10.46968720328079	251.5258142991898	0.601138314409216	0.23220855013212083	5651241.308513777	0.33017731430137176	29.323931861051925	4.171635087986942	712.0754038516134	204.1617260092016	10.6929484879033	15.35746096245443	59.46443986769135	183.99334813817111	1006.7605631832249	104.45347205939106	277.8618424794149	672.5126439769992	2945648.9331809403	11056591.260601915	71363470.34826696
221	221	0.0	8.060997078090102	34.52906512251317	0.45683799632128175	0.40835587499196796	2019852.024290969	0.3382438587469938	4.572570346248475	3.640692373039201	937.4288567056717	303.8489132877942	6.760519899797526	0.6752856082156922	10.920736162124003	40.65269341235915	1464.9904099198563	149.7482868689475	400.59870574372655	999.759820303221	909988.097285803	4379203.920640485	306252744.1802951
222	222	0.0	9.334945755740234	12.953317157144715	0.30916078064130104	0.30781362726025124	162167.31377258166	0.24087076432582943	2.3896592855574528	4.083129561971873	536.8829676739851	192.5937939369372	4.991702578029305	4.882099205876494	6.26152940893687	55.89558500349165	1398.7837472997696	88.39544869489589	239.11089548337839	652.0867637338463	115459.54559528528	1532350.4956003777	82212976.77915025
223	223	0.0	8.275919202972485	4549.810850689245	0.39561210084182347	0.010559871563620456	8133627739.566854	0.9434772826485409	96.894514866087	4.430261109955609	1276.171017877316	290.1887905413118	7.545697030540609	-3.182879454919927	1392.7707803470942	7436.97219193182	30022.68581285336	146.22391666037333	389.79042189061715	955.7402982203222	256321895.09826872	1565393850.2759564	6777185199.1036825
224	224	0.0	9.039793239366295	82.82779161177864	0.15442141792494082	0.141709455955899	5981623.683989181	0.14181166402096176	3.902644641024486	4.183243334002327	842.8338276050937	275.0422715368661	7.796120508395775	5.156478751808075	118.35083299551866	563.3261518216306	2828.607837734278	140.15659836437783	372.8993258682491	904.841039760968	10174885.825934159	55476101.4695403	354460162.03190506
225	225	0.0	8.230113724241974	148.97462202497596	0.2888526148815677	0.4777057194471513	5338940.711972572	0.22170809510740322	19.89469899911707	3.112893146986607	697.74368613032	239.8478986420712	3.453339156798492	5.187968083689817	90.7590803162501	350.2336056736634	1614.0754996743551	121.2697554550441	322.8623091653561	789.7936012407099	4582459.5193604985	20355107.527148895	114488769.18854104
226	226	0.0	9.998295822569	131.4019113283674	0.7306035467793673	0.07463100057749154	9919287.482234217	0.6889659633278382	119.86517632031729	4.556925541954115	855.7062736077219	235.754632054077	11.71103442175479	8.073090936465595	4.147286328159702	20.348572511962452	424.21047479315166	117.48444297859498	313.44847404965503	774.3132214042259	295177.1921851188	1976231.191128177	53237259.95474934
227	227	0.0	12.83850832125137	5.432459258261496	0.34678636434607446	0.5943009183635505	73277.03316653299	0.2589112382520227	1.4268162418335473	4.613336671958677	511.9840762086548	133.963872796307	10.92612540755234	25.04081732383779	2.5860781889967694	10.031167711771106	90.8819963055288	68.02471203056427	181.13622142787403	442.0413101390846	50370.492955942456	239498.8331143278	2854872.5523500573
228	228	0.0	9.356384121539625	48.94131068637245	0.25338673979459986	0.0678093808169887	5069750.700534337	0.3004603548139584	8.86081350099163	4.61806632700609	846.4436647793403	248.1507464790384	11.03822767116614	7.070665211743863	35.64754393367722	130.4662865472532	516.7991386468076	125.71485598221045	334.71485055868584	816.9824256841978	2835028.828042216	11362666.259810619	66374149.24379276
229	229	0.0	8.851880899215026	2126.1406267311268	0.5068626748679405	0.4321021540169154	124899786.87565193	0.3551201722094327	32.26796040070009	3.963530128996354	906.3540596329407	304.1504049264727	4.245913913034507	2.39001831515364	488.902302811688	2074.052497775042	8805.440204788127	155.3433910330491	413.4310731820033	1007.709840911959	48423696.882039025	240487405.7667872	1414399779.8673186
230	230	0.0	10.14697322918792	56.73100483098716	0.41983680978384263	0.20466912896849335	1012740.8817625601	0.3565041322322751	4.623415396331696	4.339837896986865	521.0520054314507	146.7430160498823	9.157981312891813	13.86174354244997	20.600052120566627	76.06324312919327	514.6019957298993	72.85731334092247	194.41846133670282	481.1572502605169	423487.77550457156	1932128.938677177	16986950.353559516
231	231	0.0	8.380231288653647	2582.506546314455	0.836295864239485	0.1070938576130024	38446407.117140606	0.3604346625014935	57.27094766694322	2.658122858963907	815.5593097595915	272.865922467388	4.572482848955387	8.09804843551264	179.8882821341791	776.5721364221513	3433.1106913958974	141.49375454058577	375.53762921978387	898.6432419173173	14808102.12803367	69714807.65892752	345874729.5781942
232	232	0.0	9.265716006295674	15.881009442980302	0.13501118386057664	0.22687454502789103	195586.36720477045	0.06924943970935125	4.5401641987370205	3.886436092026997	599.6089588999195	190.7189735311913	7.290781412680357	6.280173405142783	25.503555307913242	96.58687716159224	634.0086925891039	94.55741398498037	252.12279145993028	622.0708390041091	762333.6254502977	3537135.6149942605	37126537.02699424
233	233	0.0	17.61928775531707	1.731043143248044	0.1916187531217121	0.36256467066196235	2272.4632182809833	0.07178034290341782	0.6530927875704126	4.194994368997868	310.0946146899116	67.66752440344314	6.154638657137745	78.98592845938325	1.8198033642600877	5.980299976678251	23.91255238251712	33.92122336495123	90.40722781944794	222.20027720703692	7737.958694271639	29690.722403364613	164680.72701787337
234	234	0.0	10.11848492907508	132.87067520747974	0.5267099359049214	0.22692713313752738	985590.2777822717	0.29050166389600096	37.51441355580491	4.20892773498781	489.8115246458899	138.5234104735237	6.486912001590145	9.694258746995832	32.09230187107684	120.74305215212662	517.0322926760108	68.89661576517295	183.68774015987253	452.40078771618323	572055.7958432375	2504240.301435372	14987318.390774865
235	235	0.0	12.08252440551893	1.4392574619051175	0.14689553164665484	0.6438859362287711	24182.989054038033	0.17422636916556372	0.5016932937706403	4.037719435989857	453.3664882429135	120.9500754208655	8.045884224067386	21.67246184975034	2.062973188441284	7.481428994605902	59.99986023563016	61.418335676398954	163.49917143152254	398.2591187569162	29040.89133839915	131260.02152581775	1340298.327497977
236	236	0.0	9.468813401068308	0.5704573994794668	0.02008463315486324	0.296189975847698	7495.109377793304	0.005046429770415533	0.5084585994622993	4.672369069012348	886.6886415120649	255.3704068433853	12.25677877054114	6.887352846997866	8.03789177183156	46.21931938880235	711.9966727050189	127.79557369232907	340.8805218349404	840.573555470829	625211.9706304586	4804720.721536564	99050698.61387056
237	237	0.0	9.661519600066313	71.16947832125786	0.4473865921605117	0.5973979593288757	1911976.9458724947	0.37262677369111763	150.54203516062117	3.968330748029985	623.0613457624326	177.7826726209485	6.221968273069871	8.470658628655071	23.00208637085234	85.36511390685203	382.4131067094417	87.91722905767165	234.70112995450603	583.780728330848	755320.8896963627	3261895.7890574243	21047344.47454859
238	238	0.0	9.84578098992592	519.9424132082596	0.41025805687341865	0.3094857127218508	7322720.390188165	0.27215779827097525	121.79520269304234	2.565415475983173	573.1629722290852	187.1946016686875	5.573482767047164	15.43360173708137	205.81288015504438	691.0099066960377	2227.185433909151	97.91381198023691	258.2748939340978	611.3508053186829	4755039.210909244	19414709.803576216	91782687.01146689
239	239	0.0	8.408787560261288	20.1823893746876	0.22373975570922744	0.29133892858765603	655113.0576365243	0.09844808821004142	4.349350354053919	4.661735611967742	953.0471311068541	283.5608501742601	9.313422180818709	1.8953550706131	17.49069005142361	76.36085483221262	1062.3909252203337	143.44851787640403	381.98657467842963	932.2566982775272	1676082.7183907086	10017015.13715696	184976498.76412445
240	240	0.0	8.568443349011517	10.832133608506732	0.09644076907540518	0.744764774390305	3864698.312157786	0.14642187314444	1.5537779288166582	4.452713584993035	1259.013625432612	332.4777945488441	10.07362119517133	0.6127468317823734	34.62708828533014	265.00102537068506	3282.4470621003215	168.504810672473	448.61989252285025	1094.2306761226932	6778975.437533491	63049378.80101784	1012926934.3710139
241	241	0.0	9.68047408100233	1.3097570752416714	0.10744102547156192	0.22413641169162557	16092.649260914488	0.05085111155066003	0.647252318334144	3.952418042987119	627.5419073559046	181.0133491475722	5.98208926155711	7.049518634827822	2.7483084357451335	11.96635947150835	150.7645476534961	89.49435965768873	238.89520528306878	593.1212224061118	90475.82757044527	497607.6442946002	9440858.292901155
242	242	0.0	11.87687435399965	10.084637705740406	0.1654517415264939	0.3523744494632822	42723.57660006709	0.11716725301226152	1.74042471292184	4.268592679989524	425.2889195496347	128.7592795261183	9.536475511083985	23.34037411162468	13.849150775537458	96.69651470342174	746.5474144284269	58.822593436425564	160.61278033027696	422.40150434787336	109535.15340133547	1183059.550514852	15633378.228901634
243	243	0.0	12.96158417225317	37.794441960913694	0.26743057809538867	0.2832749893331573	340187.6317759044	0.3488516383079761	178.08547351722237	3.448893193039112	349.9295883235608	101.1605128468082	5.894767423054965	34.58135929868538	26.489497971029575	87.99902210543347	308.51877811404614	53.84216170419813	141.88708809444068	330.7468074226356	151890.61821652786	620258.1898971468	2949625.5634360886
244	244	0.0	14.57274666644395	0.4507924852208397	0.030034456259334853	0.48008973276384326	1324.5916651960638	0.006512816478186672	0.31095107608197275	4.819079092005268	470.0529079142115	133.0778190644054	12.92576910321581	41.71372348265862	3.6599441655359	15.791391284319898	106.49793249576713	67.4262838303606	179.85369791144836	440.5075167533389	64977.91091241013	338689.6571934196	2490108.4784003124
245	245	0.0	8.96136519079839	372.85620188503054	0.4355488262513646	0.04113493216359863	10712388.03351904	0.24605039165319786	61.07360275911661	4.167401567043271	831.298179216597	265.7281208774867	9.292687649239816	6.556582882550159	89.88447944485894	493.0166523406567	2359.3198045380245	137.40235273507324	364.7753662402463	874.5412290706081	7370956.773741837	45227319.698737554	251919876.23271534
246	246	0.0	8.01476234826987	388.8027811440814	0.13785735486912817	0.048245539958997816	21980017.86030493	0.09870976331599393	15.428537798261292	4.276838044985197	965.9726017229918	326.0719906104102	4.271998794151743	0.5917586131528538	704.4631533972432	3422.2618895188443	12138.430561406738	167.9024960539948	446.0139221896168	1072.830986634895	77231303.58983707	461941766.8727067	2293625584.2904572
247	247	0.0	10.17660829482693	0.8679804397252308	0.06737874893152984	0.358049714177725	4962.089855095622	0.022866136128300834	0.6990643259712468	3.591236091975588	538.7919562398188	133.4506401267196	9.95873881250506	12.30964405084817	2.827766525807969	9.297147699900673	41.507584879759456	66.88646426003828	178.2336856813635	437.37827852275296	57292.86599130807	224742.8649747177	1399228.3141887488
248	248	0.0	10.50027498164144	64.5075850123956	0.5621122249343669	0.6850179351195945	2990144.1465063877	0.48143455640709176	2.1206503187959185	3.9818111959612	750.2004794682659	208.5242004924084	10.67884357820327	15.32564924500485	15.99424490784613	53.68270251180477	385.0540149102794	105.04792642463781	279.90364161877903	685.9140029048665	794917.4044171755	3209488.3007022967	35161742.50411813
249	249	0.0	16.84178501646284	1.2859880169300262	0.12311090218673296	0.34651448887461866	6126.614255214802	0.06890164480518354	0.7412775471854157	4.171079060994089	374.7505353922493	111.2425594462849	10.93767682090969	68.45745850006017	2.2449861345104476	7.506826291872787	39.7323498304711	58.01892219891346	154.72395871047405	363.6143486436282	21628.939243571713	83742.36256050873	469709.6203692097
250	250	0.0	8.709713905323072	9.86170033123127	0.0794404669616935	0.6465398933328985	1814360.864831912	0.10522297959113908	163.40527980179138	4.522817301971372	1129.532906819857	312.0339512426627	10.984922878422	3.150888109409183	34.35957404118295	241.75593698832836	2105.851738835592	158.51079213054118	421.95030883944014	1027.1452764014634	5168761.526863873	43777133.99422031	504039340.3182329
251	251	0.0	11.47594865747297	927.8391247808088	0.7499074819982953	0.8768263438544174	45902046.580717936	0.8298604238954851	98.76502543534727	4.23954868700821	582.292003900621	188.4537716037287	10.24813863551193	21.64163943338415	108.11517620599219	435.46948352518314	1535.8419254070834	95.9498621133198	255.32375746507358	618.960810454166	2115760.3362717885	12751481.000635516	64855925.41389396
252	252	0.0	9.61191524772714	54.396719380242395	0.565808266015264	0.2970124658497787	4763523.2378221555	0.524412831365116	3.53928036878431	3.969125197967514	905.5536105048516	271.8273756646644	7.179573982010103	8.025353874505308	8.211335881339576	38.70019587116414	653.8277700358823	135.88870542082122	362.57422010104824	895.0593415318658	748126.137850749	4127428.664178501	99914150.49206488
253	253	0.0	29.31423605789014	0.05409509822650097	0.10869327031035698	0.8270555524964358	94.88399776845512	0.34034682852164766	0.12235177496394918	4.643859245989006	157.3701056407957	23.92055505872161	37.9787202350799	260.9078443706347	0.10529488774463734	0.33208266417534354	1.1486474626199006	11.977578150879225	31.929356221341976	78.54194853433661	46.7175422477611	173.34509390852975	797.590025156894
254	254	0.0	23.6926514559087	3.4620862864961497	0.31135832493696664	0.08669751619747527	10074.496226927884	0.49948724839039366	0.8510643402554121	4.009508273971733	231.0312558487738	36.45806117687536	23.0482469012603	164.5016862057082	2.0713985528180943	6.428399602407156	21.120970975744626	18.062568521482973	48.183239365001015	119.17255734752862	2754.6253012277407	10092.21246500986	44880.78617149443
255	255	0.0	8.907185490666162	341.17286677829514	0.6274489337133257	0.7417548499440114	59063722.7344522	0.6262031888676151	32.86625912865101	4.707230723986868	1073.178738536909	310.1300685932022	11.32132397862089	4.265001430986899	31.092054004456298	196.76240738963503	1120.9737818320364	157.59555695898803	419.5443289354823	1021.8570691668863	4720451.139402684	33051853.96647612	237172144.74184197
256	256	0.0	8.375157458559269	24.339515711123642	0.03694271612368929	0.17469594502894345	964722.0495230852	0.02109505667360323	3.263906267788004	4.537087015982252	1040.005151728679	317.0622758600933	7.910391022917122	-2.041132405006983	195.040388958804	1303.048576999097	18764.64454794042	168.3942385554484	444.59324595504495	1042.757305838295	21467429.433325704	190294215.7207304	3681865176.8558736
257	257	0.0	13.15265421225306	2.426083193188578	0.21987368917382297	0.737049681848629	12338.36317556154	0.32309861961749115	0.7910391046320826	4.476731226022821	286.2970581682386	59.5201657293799	17.71898648878654	29.03195072638365	2.176962000496	6.929352108210671	24.221906420775408	29.803203130968882	79.4394408978072	195.23691038800345	6461.974754896432	24728.027731787435	122885.10414975513
258	258	0.0	8.32492016572143	112.51780431112252	0.11757487592650886	0.039755129565583504	467410.854856016	0.03118917530919396	73.8581440327782	4.100342499034014	649.9691684632551	262.5894104387837	3.635630806859672	1.940246573391849	231.84088970281857	979.4714023192622	5603.869150486898	132.01972362523782	353.21318731936543	914.3816283335875	8475047.177869229	49285890.91799589	488948712.3411606
259	259	0.0	12.80507068801633	0.6819260867340788	0.09298711981965198	0.4264572729894483	3790.4316101891914	0.033331872363820444	0.41438090193963023	3.888672944973223	528.0511776274881	121.975937008353	13.56500626243757	30.67377993736381	1.5968403574482426	5.429686570799134	19.77655675668741	60.70543470693292	161.9312464648853	400.0914000857605	30077.47404317194	120593.88214752953	565560.7443004044
260	260	0.0	11.34739678013216	0.9294521422553489	0.10386588184580607	0.5397606798571916	24154.370760915335	0.05922809848858879	0.547620701993387	4.625034262018744	767.9664724998122	200.8724343879948	14.44665494706941	16.53004416202933	1.9644315715928846	7.195409357130826	64.75356161299206	99.93870211130968	266.6497663484439	660.1206368276312	106215.55594785087	479163.4441217157	5692162.335037622
261	261	0.0	9.215331692502177	358.16856309383047	0.9672964456436081	0.7248482628495149	22475372.613668878	0.9376154342611714	9.204324482256652	3.669675458979327	692.2525806835444	192.5696017497725	11.55456486878043	8.893613753981633	18.70185453831365	63.6172542720793	233.47132518030827	96.3667983452716	256.85676261747005	630.9763570848088	731883.5302847604	3086115.33283546	16845430.639482968
262	262	0.0	10.18660245217403	322.49858317235186	0.9299520656415898	0.02146324919208522	12336673.264491498	0.8666685228087868	14.345534498410743	4.568211404024623	625.1528738496238	172.8309315414749	13.17524783188528	9.862807436399075	29.074440504360826	85.18395073960934	279.79570743659036	86.5031011582563	230.476598251754	565.3786019258503	858205.2375543577	3052428.105016196	14938920.240423571
263	263	0.0	8.663870340743086	9.00929272281365	0.048629063361972966	0.5683328547950881	397857.28621207376	0.03945707467074845	1.9071706404927664	4.035057084052823	760.9627777708247	236.9743748896946	8.264187564776535	5.640839602097923	56.44953430014877	258.51099184621165	1132.735620731436	119.22128021760705	317.5959926700201	777.5929965333034	3700426.0645152647	18090057.481178857	106269578.96508037
264	264	0.0	8.537798030513304	16.890784609874956	0.048902294743676654	0.43736385026030883	1690962.4123940037	0.03739350596256637	1.709368629977736	4.390727930993307	1151.696508722183	328.5989497356754	10.13157164321713	0.6310884109211461	83.61573773763006	293.42841473531456	1403.9024715045643	167.99221744628494	446.7872991447225	1082.119881407686	12839952.17605479	53082729.017083086	392404043.59157515
265	265	0.0	8.666644117374206	2593.417363702157	0.9597052955648142	0.8463628530031257	587385312.0820302	0.9621005409906531	161.34447532474155	4.675427047011908	1045.620395092758	290.7787274087856	10.91130582971208	3.782818768861272	65.09014586857042	322.6021221668431	1684.3628606389163	148.48874120351286	394.96821460291426	957.69307510164	8439741.987427099	50669991.233967565	334706202.4408454
266	266	0.0	8.00423191976043	65.93700700190338	0.09935581357473408	0.11770119478308053	4613962.994273797	0.06492566008844392	3.126487374926031	4.561564796953462	1199.038663326198	347.3437226314032	7.696443493912765	-2.557694298101977	177.34064811197732	2247.8339756761	24775.549265757323	176.69995925521266	471.4024367135487	1149.2677893681544	27809219.670856003	499407801.41757995	5979837836.757403
267	267	0.0	8.55687063545022	5.553763417920882	0.222032421846923	0.6205599939971513	672529.5037289045	0.22268385966602586	1.0990882727628657	4.714284370013047	1043.281961213624	306.9295988654799	9.799760798062167	1.802052268207923	4.863569463530787	20.362143487545037	964.0902190793973	153.87409673256252	410.48445356930165	1012.8838420337537	575192.5466440773	3126913.8959958977	212039838.19366786
268	268	0.0	11.49868535941525	64.24530574826571	0.7989353912344466	0.14773437746094933	1803880.760953845	0.701434925495178	11.109420473051765	3.987015671969857	603.464744568248	157.348043855943	11.44135501047537	20.68851916613196	8.092092011096113	27.254881424856336	97.34721471179087	79.2792270344022	211.31868864159838	518.36745515782	232269.8435571952	893690.7873715411	4639668.994878498
269	269	0.0	10.84992499402185	310.3288253168149	0.9261019246183426	0.020050640702759543	4400078.224773134	0.7623580644655761	69.04320610665648	4.713884803000838	598.1136240275706	168.5413843534676	12.42950568737512	13.3087737496383	8.362750421903932	32.61713508207446	243.4518018863161	83.87555057111854	223.77449105853373	553.0314708050687	234089.3476235982	1157781.311252643	12235619.164978322
270	270	0.0	19.71983060004581	1.603182001985379	0.024277810366708143	0.8892674205704518	136718.82696631318	0.21737780795013806	1.8162884139948243	4.301728624035604	327.5077597091232	78.66789369488666	13.23470586311349	102.8314707902538	18.881365616088424	82.99184872937634	340.7147359533433	39.75835535371067	105.92141870027416	259.039084502601	120945.29627747631	534209.8788030023	2630700.779395054
271	271	0.0	8.214475538257712	89.17494980368588	0.019866566717158373	0.05651839165715768	11010296.38722164	0.014767651105554546	39.22370053697412	4.272569226974156	1377.099982675213	285.0505180130955	8.100670484399119	-3.755212231139004	1851.6728195796686	9288.639714043802	31363.209859771523	143.05439232411504	381.44553733673706	937.9843580338862	404206608.1782632	2106884851.070251	7681932446.50379
272	272	0.0	9.846460141804542	1137.0330658496505	0.8462222380901445	0.3614455894550687	83754932.65043527	0.7489115254396309	144.75684064219712	4.703574522980489	838.8110797668055	253.2172703771111	11.84477434198918	9.56791369290227	74.64919468597924	340.11422237458095	1428.5584091534356	128.50398558280187	342.1468873102792	833.5213549309332	5681956.173345078	30830032.085080475	172534312.46333644
273	273	0.0	10.15380689305501	78.40838601120296	0.730643950523219	0.6687917882156764	2727832.9240887905	0.6615180331070236	4.906877553884486	4.588601409981493	640.3677300285269	179.4243304727613	14.31140158439673	9.53848323911285	14.399455379284852	42.84433733414222	135.0054764269581	88.40663266094225	236.065767126281	585.2927919202618	445629.4048785477	1593767.8426319186	7353900.178793254
274	274	0.0	14.2831715862309	493.9243102067236	0.8615468565536583	0.914934328233157	2509987.9858047795	0.8886211013879836	20.252252739253187	4.170050522021484	245.4638616937394	85.77514892448328	3.045640498256596	39.10531014182897	16.505058473902608	91.11234160186453	613.572552363458	31.25196044575219	97.5141445545836	279.0449082725128	19268.56179413532	197838.5487941064	2751312.5285090394
275	275	0.0	9.368848495770488	32.3914891198678	0.20233733676803997	0.8288053246249264	7416416.807363885	0.38553968962004365	11.22064569587054	4.107905937999021	843.7655470710134	263.5569193864299	8.748640193638991	8.019152599951166	31.936724189675513	123.06396650582802	1417.9672487556697	135.95621494917327	360.81340359751937	866.048945099667	2680694.9221890047	12583155.78822129	152904170.81241313
276	276	0.0	14.14633282995822	6.678285762871778	0.4475630859682618	0.301490024811105	29620.585181175575	0.2645651313917539	1.3476619689229126	4.541208909009583	404.0987978814244	83.89090910776582	13.01613858948411	36.94583289239571	2.5009270248403057	7.811128371285454	26.918320469205412	42.280868352570565	112.64177523708906	275.8266414606167	20694.58051391607	76224.97856571416	354680.2519432532
277	277	0.0	11.18793200553161	13.192646985661924	0.3670501614991782	0.17788040413829934	50828.0759192774	0.1560056863046266	6.654341672284262	4.221866079024039	431.3270119492565	110.7281895430727	9.213598429364517	18.24470047706204	6.117149297033184	21.27181620158644	109.87379063685027	55.407771262290225	147.71267406169756	363.24467802455786	69695.16993518997	286913.93935541593	2144253.030067772
278	278	0.0	8.116647654230063	26303.46284091366	0.8443318407763648	1.0000000000000064	124457849936.1273	1.0000037766352632	52.76116031146083	3.158114470017608	1854.311663742094	404.5914511530954	9.188858262771767	-4.213340064475876	1497.8760723946298	9213.659016321923	30408.16013031447	197.24920667914603	527.7362383935049	1328.7568812836082	648913432.1807808	4029450794.7322736	14982862414.959322
279	279	0.0	9.146300544599246	14.490929343098067	0.31151890822959616	0.04484245288371033	174733.48598383777	0.17391960287046024	2.1942391681640356	7.001922092051245	597.8335473565846	208.7579111850833	8.782479955524432	3.797214401398248	7.615761868120552	33.60274966337456	190.07205382507243	101.16327279993016	270.5158945115288	680.793726345899	215459.7054663602	1167095.158412679	11881887.767733637
280	280	0.0	8.747131844635575	325.96066945884814	0.45098906236629194	0.21794568045698487	3711200.690341594	0.12396094141515507	74.82148012904652	4.301388042978942	803.636887645683	254.7935368893822	8.98343925094346	7.166350014555727	98.24540082029449	395.06672758199653	2034.8910649212403	130.19072941677166	346.1091964083082	837.2540232185229	7064075.586888788	33046859.553075794	219164017.43906498
281	281	0.0	29.96907792681958	38.62062164291837	0.468078755361481	0.4833385768166643	5675.663594382071	0.2783900531038978	11.495329462453013	2.561293593025766	135.141760143977	29.6294954118482	9.52252782984172	281.2523435607141	13.160946328136305	42.59628794405394	143.29686996024208	14.022959457930824	37.57661540856438	95.58682668569345	3667.0975465570896	13867.297143003874	70477.89987335194
282	282	0.0	8.135493334356447	1910.2323365003908	0.5665654117951098	0.15805875638877478	169339895.82480484	0.4275781007899201	24.55720531894724	4.370935778017156	1153.541108094758	376.1380656537555	7.373051285935281	-1.648782806319363	203.3059687247849	1348.3960043415875	13720.599436362672	196.66571051074743	520.8826927496982	1237.550718183991	31116791.20688354	267100558.7775953	4110761626.7524757
283	283	0.0	12.24971439257195	1.2818899034279903	0.07291595412582895	0.2040017856776288	21537.494585685738	0.05868396903756724	0.5769904984035765	4.155912708025426	547.1704543097909	145.6648002176734	10.28815325014723	27.02614524876163	4.26786990528223	23.88150381079049	177.72810347859425	72.81970789080594	194.44193038843133	481.4262590324216	107994.48464926331	692022.7902342246	6215650.405118368
284	284	0.0	12.00596142542667	3.9243534895226	0.26828383223665353	0.36041387786247947	35379.655828266375	0.1469744643683804	0.8407591390640285	4.486798448022455	515.7006819236752	135.3995024166038	14.87821192524241	20.31768364227214	2.7027520098325657	10.405701812637735	41.60041268932525	68.93674724861341	183.43856376940818	445.7524753466726	53562.76256066331	243560.12638329828	1320038.023104469
285	285	0.0	8.595718031917624	100.8332630941852	0.5307646874989298	0.1725451430250424	4429912.707639279	0.3349967714841291	3.9552368772656226	4.626672393002082	905.362299753343	270.2410583124709	10.14902013641291	1.690231449587034	28.281096167361657	91.41306424463049	585.5540419474404	135.27959693101832	360.7332106898252	887.4062870194848	2168857.422262217	8928125.81703663	98566203.79178554
286	286	0.0	9.722072090441548	127.62508992491058	0.8457743714141372	0.5301950004557321	3004268.6267466927	0.7729664571323659	10.880187998754474	4.245110909978393	529.0324893517023	162.0191112898671	7.610482506024219	8.7660116869212	10.719972387496753	36.240710945423785	183.15652069616573	80.45235360809511	214.43883161602406	527.8289546262461	231139.5155501049	952506.8655646261	7812313.000326127
287	287	0.0	8.318981250111035	1136.193772204631	0.2096351807763882	0.5525823638388386	49846993.18932332	0.22671230282333624	81.76517485154133	3.869220236025285	669.2388791913179	261.5697693452504	2.335798781641731	5.167700958227027	1045.3844870697237	4623.616072045659	14683.681931620116	140.20261739499006	367.94754775490486	854.5888860909715	37402701.97025095	247443545.20389524	1086867204.5491626
288	288	0.0	10.19661808015545	618.1397696979659	0.8001721843813501	0.1664408423874733	9527983.768738484	0.47548975468350535	50.73823855632095	2.734059830021579	619.0268728482208	211.6898942165569	2.904277707435263	16.22701999527199	72.30447297220238	239.9616236824366	966.007810678169	109.65912546772881	291.855970435839	701.271073574799	2954663.3535896917	10323157.113558667	46979358.6432104
289	289	0.0	8.76365265559925	3546.854944661937	0.46972164042450026	0.8045143404072402	1203087092.8928344	0.47769565594336605	102.7894842056527	4.150071303010918	1475.55223317436	384.306197935479	8.24425699728819	-2.804694007073788	549.140591039324	4260.7713809357665	25509.17010640763	190.64405812303244	510.027223468491	1270.1077107786805	140056668.0242814	1371405093.396516	9078649166.54789
290	290	0.0	8.205686437443763	5958.1455873531095	0.7731517096614307	0.05301966081449104	723812855.5589238	0.7156046624683856	41.37457993011903	3.972410665010102	953.6447912473906	317.6710141264082	4.953177504547501	1.428001552320836	397.0791666048639	1941.0158554297846	10453.180950702601	162.3202306331848	431.6315184057489	1044.4642379346928	41036240.002771005	260197703.74355972	1942323021.919427
291	291	0.0	13.26324595334587	7.615934132130951	0.4815252907346493	0.09913639335437809	66856.43591563657	0.43507791617242686	1.4369019963367353	3.662109515978955	409.0119577061465	88.7165272158736	14.1257866343826	35.33283236673564	2.5606646492358873	8.043621505257164	27.876622504759727	44.92701380384739	119.61609676366248	291.8713478142127	22635.851016680677	84385.2939717595	398365.50217579794
292	292	0.0	8.68151868621908	1620.6760289025276	0.7495171881427362	0.828159286895359	466385140.7392922	0.7632759040025116	165.7579355003439	4.512483939994127	1297.16444154536	341.4324892535358	10.72595929185339	2.478915851624917	104.20199095631364	666.4506266965503	2954.4560632755	173.34020974170107	461.40600127159973	1124.101894182253	23239781.581872787	160134031.52956736	948463196.168351
293	293	0.0	15.72970153283787	1.4007351949862443	0.37654934154184866	0.25892214165567246	2366.640689758398	0.20823602881033043	0.7563081273776124	4.549862039042637	292.984033631681	60.49371186110065	25.82140409166304	53.7664956085116	0.6670382623102544	2.0442602758428374	6.766101010332285	30.600472854422037	81.4917577517709	199.02320477304448	2251.4707771940093	8158.176645025124	36784.05233015083
294	294	0.0	22.47260963491834	9.310913876560992	0.22285742318038732	0.7823298894117164	104890.88563097498	0.4418643318626392	20.728819970632486	4.36464717896888	319.3157502650844	68.29684369120237	15.99078753885338	146.0973199599466	8.211847679707565	24.969117158059554	73.53277202457109	34.52696081051516	91.9408259172547	224.5785692443962	37260.08734607935	126645.12538483142	522098.5048277314
295	295	0.0	8.992148891912091	13.677863624300592	0.20911781034749088	0.6521817505335481	1739459.5477964296	0.18455366445955904	2.0825301104398295	4.687077723036055	1120.57910922892	303.6329397211382	11.24297004252253	4.044845534767545	12.822528884137107	68.47424457403524	621.2744000810821	153.8208347938114	409.55700980421886	999.2528381537229	1986062.6400204476	12057420.025757248	144775826.78258234
296	296	0.0	11.25129631624449	93.10913876560494	0.6976941296562753	0.36701836927694587	1610187.66361808	0.577877407227604	2.899716637051946	4.001215260010213	540.5884347693301	131.4983871775732	11.99604262648974	19.89376341267492	12.4303583938461	47.046613191816625	180.3885340695174	65.96263761024471	175.74598528197936	431.3027978779276	275301.34144822246	1205678.4337154555	5662643.205069391
297	297	0.0	8.251392984271511	159.3084250316365	0.1855408168866563	0.8037563380710698	61253196.67516222	0.34048051590237083	142.5886861601346	4.320963207981549	968.2627048814353	339.0225534335799	5.080241946678831	2.628984436504939	181.658147902991	1136.3861576811698	8914.723996346549	171.44380830012017	456.7389302192954	1118.3489003696186	20688673.42560151	160863764.83890852	1759239844.6544244
298	298	0.0	8.212402693200007	4.2751520052943714	0.033769778178651524	0.14679731641005705	57306.883683641456	0.006822935648122808	1.7189711422269227	4.583175285020843	935.1796352893889	293.7868100447395	8.56397744432013	0.02342504986669969	31.65302731148855	128.74015346574217	1249.0914765038322	149.5440818786966	398.1559139893611	967.4262841496775	2834648.425151039	14974462.130205298	241039234.1658252
299	299	0.0	10.25796771409449	1.3113963206424504	0.011817487486973	0.5600261886560957	270279.6998866953	0.08449914500519569	0.40923185868768	4.385016158979852	628.1767135690175	196.9614523400195	5.955028276272811	12.58494775264799	31.385790931946207	139.096288077169	588.4188144033033	96.92285931587753	259.51122755630166	647.2673344878772	856899.3072973295	5352802.45921316	36640221.75183332
300	300	0.0	9.159876859395329	48.482321974146224	0.5148460942729328	0.6340281819422657	1528875.4752389512	0.49176218749888173	5.387775705084212	3.983241221052594	583.3980841981979	192.947162933793	5.796212924355228	5.354173885142696	9.738956738441539	44.749658790843384	493.3486748510258	93.59785615516239	250.0875253482967	624.0559837493652	248326.48434747194	1614870.992499043	25544839.459472384
301	301	0.0	8.756802996977779	18.293978672962485	0.08634617855443509	0.5101846848375909	810326.5133303856	0.05771361485573855	1.7204117525315787	4.27740734902909	843.8994160156026	250.8280316180488	8.34332249871287	5.699258636691537	46.42352161835325	144.49038260831907	999.1430138819027	127.22808131781176	338.60754665754666	824.2431074634276	3410131.6384707047	13325940.01064692	119727595.68401666
302	302	0.0	9.187772650179964	2839.330401749003	0.6339582346877582	0.06707923781810975	42290532.09884277	0.36792092193401854	70.55492679240929	4.263511883968022	693.0678955727865	247.1664939862665	4.321728332461171	4.122943497979418	277.5954477336169	1490.1311025804946	8498.75596754975	127.00135841746885	337.44336439113886	817.1662831773111	13204768.389815297	89616905.65861385	694823046.9214413
303	303	0.0	11.28288525178973	1.2195985781975	0.11803305646406764	0.6560557504612953	66418.06990963826	0.2046118547117516	0.7447799137732064	4.541798284044489	595.9897316188985	171.5073078323793	12.31061044861259	12.85815465370415	2.1766402033340673	6.980333403412349	28.43113906813113	87.16050435844193	232.12543808669074	565.6401834149972	64523.075090982755	248417.14558917415	1402972.7196174853
304	304	0.0	12.65314875593482	10.10430865054957	0.5694952398595529	0.8418871994272809	271141.09798504325	0.6081181956883919	2.4739380660177677	4.778009743022267	524.1887622118489	120.4364376583987	15.8016302567936	27.87972543837193	2.337893217098489	8.029099809662679	44.38407787913629	60.94024368904286	162.2804834161655	396.21477227871145	42518.221075274625	176853.63442927258	1368564.6738573208
305	305	0.0	8.241254999064534	3.2129209855739975	0.030229737580780264	0.03536608333032382	295615.960058049	0.04915949110972134	3.1491256844286144	4.313758508011233	834.0974195505444	283.872903930036	4.90897510796905	2.166470965783916	60.80734179573707	1081.3367926617518	10229.617756865166	143.46239504033042	382.3468589992814	935.722929824647	4894043.097819468	105166716.11597106	1370833918.0420592
306	306	0.0	9.415546009268354	9.566636159086256	0.387683913809891	0.07892596784094379	457782.25241489644	0.347158657519267	2.2044681355607496	3.803672390000429	776.4747653883196	226.7315984589448	6.914996725196485	6.38203582696573	3.457655330309188	16.64643050101754	335.0578389621049	108.35255293448165	290.68954837086676	745.8730392775756	175133.07602894853	1107060.408779047	36123321.816822745
307	307	0.0	9.228368514668926	2052.072962541367	0.6610172772844052	0.6532800909652409	66818378.207065865	0.5896263902660186	28.039298498017796	3.732163307024166	598.4062935509004	186.982637025797	1.886232215496037	11.44288832511389	341.9611698212475	1263.9990675060728	4965.2092479101775	94.83259789619115	252.94408329296738	618.9363707560166	11302427.170432476	48387627.4575726	251222447.14967707
308	308	0.0	10.20576283259892	8.747013458684842	0.23018113072083637	0.7806696933561701	1522795.076399296	0.34921129872957896	2.4297173749669296	4.014550728024915	851.9013274036753	239.2408770371341	7.971322612494401	11.3526916246836	6.947042557290798	38.9409287375535	475.8188208862525	119.17374440171602	318.05756279704815	787.0327236296416	531799.386356305	3690175.8550589955	57493454.54297332
309	309	0.0	8.199654258607438	4795.723888735942	0.47899914015119033	0.9999999999999949	478867000344.9537	1.0000034943121794	47.179883869696695	2.64180420699995	2527.206974139667	516.9881428124675	9.600608275776386	-3.694761661500293	1194.4842960405915	5326.623836308364	28738.330870218706	261.4753220059042	696.3648095810227	1700.822054943191	911642369.4168509	5088854096.173974	27358429214.36685
310	310	0.0	11.49911502783282	1.360573682666568	0.17448832867429098	0.46067928502400296	9323.075487998703	0.08843561373786603	1.7291284702937093	3.848689912003465	482.7492600825674	122.8434505082401	10.49678499665544	20.76751072313983	1.5789346077400142	4.901745690545073	21.942060187378836	62.55050096804507	166.42037449531819	404.2676893897112	24153.966154000223	92195.37845636575	574726.4004627985
311	311	0.0	8.999638649723588	159.25596917880733	0.43198268600110484	0.5788831278597409	17171884.940203574	0.3468118249422935	8.510064652233675	4.053308875998482	1073.102387055423	309.0286001952504	8.154546470990311	6.06379835577723	53.15189162687654	203.2166134786429	929.5726626544647	157.38135118815035	418.79465808637883	1017.7642179173283	7507756.487698602	33853800.51369957	202958218.44983488
312	312	0.0	9.598785412247354	3.2096424947724302	0.07228613406744401	0.4979580923424814	154796.8182593946	0.05344919920716409	1.4066454970345719	4.524560611986089	879.3543447856284	250.8422391869411	10.94026551804001	5.278805199676695	11.02727323760922	68.43853473501593	537.1204694237437	126.62716603786816	337.3407719745393	826.1260126698655	912685.4772207123	6814975.352469833	77855079.18561758
313	313	0.0	11.22777817994658	26.831168720343328	0.4793829963144507	0.30881412017967036	710717.8397128518	0.30606967626538134	2.0522778010212908	4.684432658017613	719.1369546803994	188.8147602824213	14.51482923707257	18.45006940789616	8.68335713524056	28.646111078537025	143.05812289954096	95.35367476715646	254.02777285216018	621.6817372953785	398977.79777246737	1562916.4054168267	11053932.433038212
314	314	0.0	10.64897070893922	3.5407700657347	0.2873791889023317	0.9468064200490037	785054.8553612229	0.74463095853059	0.9333174647813948	3.78174982703058	582.424262029137	159.2344287512747	9.368821156296999	12.5233815945399	2.148943312710359	8.97337532578156	42.0691812631341	80.51586301179793	214.37322717575756	522.9661966892061	62291.73122596659	294881.504389884	1919513.160605206
315	315	0.0	9.578875015768626	29.38839154559469	0.7278355226761584	0.6232481758922445	1306801.836823518	0.6755710732945523	3.7335578834470837	4.486423799011391	681.6207450668273	179.2519852971997	12.6350587402157	6.317624209566246	3.80040710471039	13.900160129916987	70.70199603872169	89.84193153105582	239.34298845981027	586.5693814603064	152366.4616460449	654595.5180030178	4802720.489763934
316	316	0.0	9.87603475580837	24.365743637535434	0.5551973375393627	0.17533762281877444	386356.2834759589	0.3697860697993024	2.558029435761182	3.781651916971896	581.8694876170161	157.83237787449	9.534861066177378	9.656984728500198	5.599129401516456	20.479268932981263	81.79948736408319	79.70445920960708	212.211004384827	517.7719398210043	153914.5195752076	652336.818981527	3664091.3060299642
317	317	0.0	8.658446211428648	7.983125101910757	0.2907688780830122	0.2389012664276177	224597.9616639615	0.15441650832377596	1.3078226166652427	4.334630433004349	843.2941414917218	271.6589551609773	10.20826122603406	1.626080466826095	4.952342796910603	18.970871881402644	291.61152686928324	134.85490105129202	360.0815091458478	891.9084405516485	318869.8873730078	1620815.5638078812	45856406.12676607
318	318	0.0	9.70254452653175	42.869545721799035	0.2277001643353428	0.34419615836704115	548182.006804041	0.138814312916204	8.105115891188948	4.181648770987522	532.6452879434187	175.0470399057424	2.910032235219669	7.580405961914446	35.16359817413284	210.63952692127327	1519.8501193565432	87.65324790774145	233.68451468379374	575.439723510137	978660.1889825482	6341609.105983784	59491715.138186835
319	319	0.0	8.257411627359287	23.657589624389587	0.03458392439566297	0.7972219654933266	36589893.703746244	0.1850968059118178	1.9487071985374853	4.557353082986083	1235.35887456235	348.336138076888	9.366784464103763	0.02586816765649713	220.00605295714763	1054.897603592407	5054.029343834651	178.72417005785587	475.07865241642014	1147.5342868075975	41505881.853247814	234746876.85820302	1550531492.1759973
320	320	0.0	8.438172597161065	941.057999692906	0.6617099343258178	0.14019837928400158	93046570.71183747	0.5269409882994569	122.10109184799381	4.663002596003935	1126.893329645377	322.3295558039684	10.07266307323452	1.81516919600404	37.37244319358318	424.1590174640806	2915.7903759366595	164.57090152738556	437.7366451641632	1061.4149328448116	5426552.710268727	79270313.00785768	729309976.1645005
321	321	0.0	18.55057390822253	154.11529560188632	0.49760806178574857	0.35895402523854775	491742.06268648384	0.2688952913393036	19.724908848441576	2.581690916034859	350.0220408101188	86.65836147261763	10.01412278944759	97.14113533840808	44.23735876506821	155.31123388425596	592.5514142379683	43.916681032256804	116.90930530141497	285.1821692798118	329935.8763004708	1274905.9163476482	5394328.739517986
322	322	0.0	8.212066904859684	6180.558403334545	0.8775774879848734	0.5961539226843403	1441845113.615985	0.8420670685338021	31.51941216356995	4.694090251985472	1305.719838711528	352.4883424039081	7.245680151944159	-0.907752370314386	84.06899519946538	508.7592620000827	7682.056209761674	179.36113783938276	477.38071836657105	1161.4591065036407	18799617.439699695	136388389.56100035	2582558826.4026113
323	323	0.0	8.483083085470383	2200.627937743546	0.32073095110548383	0.9881646100910497	11908540201.381819	0.9477513928528645	61.75205189584946	4.44266207102919	1442.639396777786	381.5022860657184	5.34732581401803	-2.45247695436053	975.5782532406924	5157.878589131977	26754.96490845601	190.63335036855483	508.97562616752816	1257.6064438023386	256690855.80844426	1551409904.6043456	9359818590.249308
324	324	0.0	8.153066413556294	33279.67161991367	0.9417141363136108	0.999999999999992	372353157201.14374	1.0000037858102453	57.616329481858095	2.879331669013482	2221.449282909639	519.6976938026104	8.739973591834417	-3.918932816171026	919.975764419287	6174.50781576198	28975.350505868566	261.2536889027656	696.858908314118	1712.3556587087717	626057230.1370417	4676360424.696646	22728249207.961792
325	325	0.0	11.8237371918325	235.52677918736032	0.41198127383081123	0.09363656174736022	2063661.581168673	0.35286667763771534	12.023471189120793	4.434291768004186	408.3835862005693	129.4792088070799	2.944888939103826	20.80948435729406	53.9226794977168	370.11616994516214	3720.2018121899446	63.593024521825555	170.30626382376687	426.15998920317594	591473.6306719014	5669209.776036917	66040882.49917893
326	326	0.0	8.687003053840831	149.34181299475568	0.22817042962837983	0.2464446341974182	9810829.887016274	0.152778210819157	9.212770369266753	4.1463702909532	924.2603021916615	290.1086400674664	7.923895859337419	5.172381198726113	126.47878344509279	484.9674146517367	2046.1078539519933	149.4240182397648	396.97987539880023	955.7777745034225	13937908.06912131	58280226.618430585	292311537.8766841
327	327	0.0	9.12924476940857	9.57319314068992	0.0763645242847443	0.16712371790133024	158917.39897569024	0.04109257808944334	1.7843846035125748	3.701612909033429	662.9114028515705	214.7285218655207	8.941411195591929	7.284958708454321	29.671747498955252	119.5380370877955	650.1952961041408	106.107417112044	283.15320967843115	701.3199849025789	1119323.8812125872	5973969.903526095	46021449.603849895
328	328	0.0	8.629827121551719	6.9372865361985125	0.025312084303876818	0.08335332494757285	330958.9224989983	0.04256950406568753	5.397758662364213	4.197798738023266	644.8825744229168	246.5097816001182	3.65315681018634	3.156246783533076	73.00008194518546	477.99177717151395	4221.288400139804	117.49992558920349	315.61019700830093	822.197057253571	2545701.394828906	23050657.763440944	363625356.3654232
329	329	0.0	9.853318101449027	2459.969674113581	0.9580127495570101	0.33603631660468974	392001354.69170564	0.9228017657498727	15.753735111303442	4.715506401960738	1032.662592737022	315.5103112679149	8.983845739476603	5.551544516445453	132.73746649310783	478.5003119603996	1596.4964808624127	161.34221058932042	429.1837206205371	1040.3391123865904	17695872.140255243	72212321.14392984	332567651.8531031
330	330	0.0	8.237525816896762	5660.196343303469	0.8664943522896884	1.0	414820296459.73364	0.9996277371268449	34.842875029031106	2.850323840975761	1922.299715268094	652.0026160880377	9.119822882731732	-2.256817165571875	128.9565890112687	916.4828702761826	8021.699420950572	341.5621999872892	904.7259716495644	2145.8144416840864	68811366.11318961	577676303.7130839	8618216235.23427
331	331	0.0	9.22177650792831	8836.083496783298	0.827442933947739	0.24111858681846823	45870228.43445761	0.40890214707001427	66.05107578240545	3.903358698997181	523.0438165439745	181.9525319609114	2.36981087263565	10.52520420881179	415.5650661857749	2879.2044701349155	11714.086046507686	92.84975651284162	246.86361677029163	596.2157349880065	7582244.059185036	75971200.04088295	418514871.18343085
332	332	0.0	10.99819567643719	86.76198057369706	0.3422746429058694	0.06089575985379085	1655772.3438143036	0.5080074548469042	2.950847335278644	2.58785379800247	399.8946816583623	101.3073944803995	4.163095015757595	20.21829360972279	45.85986977836624	144.97893627132336	520.7490548914395	51.04572246213718	135.99573285448923	332.8671403015452	433258.00569789857	1610054.9477328965	7591109.3541778205
333	333	0.0	8.13127728449992	18722.962637367935	0.7355983964341628	0.9999999999999949	266163962252.39	1.0000036551111935	103.28841500424986	3.039375021995511	2076.723699425025	461.271827778663	8.535817451952859	-3.958071771159119	1691.5860418543568	8352.150650542448	29888.193642944243	231.77567472129658	617.9904456296338	1518.3951167006007	967355273.7375666	5134748565.290826	19954874439.85678
334	334	0.0	11.85862487269425	27.1459038372968	0.7387909177292842	0.5091162334296234	305743.75022199255	0.6148465077924911	6.372646075736589	4.269378232012969	466.9934403061699	110.4643231393526	9.415451047813931	22.84885640054358	3.385687817144012	11.551307543203096	63.412800638054506	55.38550965897514	147.63331431079524	362.73091541565867	46461.530332063674	192837.28682094917	1416192.169378273
335	335	0.0	8.686142063726134	2700.0076566440584	0.7763344956173073	0.3357414968648891	246829877.67248914	0.6808617937418777	169.8488033636359	4.457562151015736	916.7660375360217	340.1044548561368	6.724568671567752	-0.5413905016250524	171.41711150934472	913.2802314277537	5994.74134948118	174.1551304909558	463.25462332286463	1119.3592186594688	16439668.417660946	101369245.61079043	1234307257.2831595
336	336	0.0	25.2204200051239	0.29096605864254205	0.19981347968269444	0.6660605062159162	175.50322796160896	0.16439928396496847	0.1701815454229851	3.449265623989049	176.0264010486028	34.27406334083192	19.13333034464877	187.283748700516	0.2912715000789498	0.9150961921916225	3.188736531430309	17.20411326149562	45.85645332664717	112.62989144233562	223.19894256698726	826.2116824634137	3821.548978378447
337	337	0.0	8.142912131808115	10595.242977145697	0.4857808818037719	0.999999999999999	70913779476.38414	1.0000034213707294	63.49249987131008	3.105045263015199	1673.575662561277	321.9452897592969	8.333267983090504	-4.051602870798184	2902.3875534012077	11089.952026347686	31133.366380920503	162.6807261332101	433.28793083957	1059.176080385229	899077131.846834	3592195362.4274516	11628086154.874653
338	338	0.0	9.398164336804673	957.4242257744929	0.6496983843289024	0.4683464034939183	68103372.41677396	0.5386422254113908	40.97101089368565	4.171632568992209	858.8694382418329	270.4899119448436	9.233941965096315	10.36458461117037	168.87175713477893	580.2985517626961	3027.3534958904083	140.16364539274787	371.81283585455367	889.0727826047643	14899153.287918855	58978597.84035032	332219617.9310394
339	339	0.0	9.77571983656949	5.812764191247774	0.11441893365784543	0.4986266531713901	285003.50661277265	0.11761046067654207	1.4052350589551685	4.64480953203747	794.8362104334354	268.2257398922171	11.72614616700866	7.270640596294434	15.004532964735866	102.47202251870588	518.7022516479022	134.82115007324342	360.1011358115836	881.852345914272	818916.3998747165	8270023.39472199	64157543.81567763
340	340	0.0	10.87814948326962	253.30931329526734	0.8725469131907267	0.4761671207884298	7988994.508038225	0.8208392491454876	13.180260859512575	4.158141068997793	584.5404689884681	159.664575359364	9.141556848349598	17.68353344539929	15.058315340144523	49.13426320168139	304.63618988414703	81.01750537973226	215.6853189629938	525.7142954709823	406912.19314180996	1694514.410503593	13611390.47147398
341	341	0.0	9.31132312030471	663.251803128035	0.7738478479976068	0.528609976547288	47454070.82755013	0.6722317302597166	37.57886532144458	4.796632054029033	863.1351890263172	272.8725931975333	8.72575946595548	4.347964234089319	25.71785007800407	194.10171276185304	1353.5068998405434	136.35398893484546	363.97792579889153	897.18642405572	1845658.9657375214	18755883.9826271	202508921.42041767
342	342	0.0	8.63515641862857	1042.6125307634552	0.3496975320795529	0.28202827109001316	180705756.9622233	0.3141822917964333	28.4937841186419	4.539051981002558	1256.086480367716	365.7359747455049	4.903082540310203	-1.366886238497079	363.0277400785056	2613.470191055523	18589.283653757833	185.58315881522208	494.6047892466254	1207.2917240364154	69395900.12712772	616135622.3676214	5585564945.604857
343	343	0.0	10.50984868284013	2.088398640623146	0.1775142961529882	0.23908086409990126	34030.935390558305	0.09263268238539787	1.2384414032346593	4.557422526995651	703.064890129447	169.1028217670797	14.9225274642073	12.13401989712037	2.4193368252866416	9.729335974313305	54.962956070746365	84.20056193772939	224.54978641333093	553.7572066395284	92754.06198672892	459087.0515625108	3773266.239250488
344	344	0.0	12.92238406865996	276.0751534216109	0.8117662024007842	0.09510197953508145	755183.3529021592	0.5874920267935596	10.00628530100405	6.339452271990012	303.1874544206399	81.42635121025722	7.403426258515157	31.69927986763847	19.950869211965824	103.29916239104749	376.1787196938477	40.86028703211525	108.9831757815098	267.8176657892983	117844.18642942113	552862.8855372044	2542834.3364590155
345	345	0.0	8.398170517728285	82.46060064198917	0.280407618464587	0.03162774804447227	10280123.038029777	0.306208104934101	9.680275809681708	4.447677648975514	989.0165137200898	323.3642694824619	7.06690069499787	-1.027417613710862	48.68234914182793	243.70442266647487	12699.975931062232	169.55416978395056	448.88528218264537	1063.3510630807311	4829842.94239483	32004930.19763011	2639764234.878655
346	346	0.0	8.654038998125165	1.4818778423259709	0.01561983512193437	0.5932725290997461	1070416.5585813075	0.12088642732400505	1.2804422447375738	4.547247015987523	963.7164911369562	308.9371509006079	11.93582233457796	3.798454909031577	22.994437130639387	84.30729715001539	1083.6250732905792	153.7899642429603	410.6839502676004	1015.3627483856268	2062712.0250931745	9747847.049288852	221499462.64387506
347	347	0.0	8.881904351213153	56.28513008197529	0.17751837852567037	0.19024328914734956	3825763.784834955	0.12463357242107616	15.167731689639472	4.630166276008822	997.9899389070847	274.9727285977403	11.05738035330729	4.538686834646583	67.31464370379729	309.38748607749574	1261.505791190432	139.60944591401233	371.6634349372273	905.9124673191407	8028270.576297256	40776616.50484645	222006891.02571955
348	348	0.0	9.870134636288341	185.8510865614214	0.7280509333334029	0.2438868352369314	5634594.8893376645	0.5871496997130605	157.81933573974558	3.969881873985287	658.3814035415628	179.3595044445711	6.980128329407194	10.39602348030548	26.837985391854293	92.02501443842124	389.7510059685738	89.46850539703462	238.63628665371346	589.204762093089	1015083.036520786	4095611.7681212393	23294101.40008956
349	349	0.0	9.318545769652296	24.562453085632217	0.42218227482336657	0.4046607325952482	962748.7770546244	0.27860669396689874	3.7622050007841903	4.346319128002506	850.1592949778252	275.6874538894833	8.454691936621717	1.387270626669789	8.459037442790105	32.84632524958765	463.20076891664456	134.06555247966708	358.6780853419989	902.6686902970393	580805.3276626243	2840844.1578734294	69719503.20359775
350	350	0.0	9.193942914936216	9.55352219587984	0.45571943929093905	0.21056028773499544	137191.23748308126	0.313431893302312	1.552401872874035	3.886294847994577	610.257889617103	221.7784820488553	8.789268751146132	5.293789421107397	3.0151879764714202	11.349695993326808	223.97236023154755	98.13185262109232	267.0069937247154	732.4449575238716	69757.32985144938	346899.363651624	19522363.825566836
351	351	0.0	14.33142712331284	30.332596896458096	0.5121128113217435	0.44186537616851557	280456.1976942839	0.3759104985502269	3.555956323155395	4.282517958024982	447.5491899971917	113.3968148632415	11.94954941123681	42.98350861690637	7.666504805031516	28.924791230442114	160.11966596995978	57.437135285281784	152.9193579701922	372.12453508337967	106960.30755843087	472587.16269216535	2970984.756111143
352	352	0.0	10.31433325224486	21.664267217013688	0.1487926189925529	0.43232698366084005	134635.27369962356	0.06389233579486053	11.211041225844978	3.573789052024949	522.323130740482	155.644558587219	3.175694272439667	15.58168468841913	30.441657253685715	118.5247524231317	1698.206707751393	78.19599747184446	208.45545383587364	511.51219907165506	545827.3867000899	2886092.7411164604	63844914.25600885
353	353	0.0	8.322943393573254	292.2315560919304	0.38211035948933575	0.10136557670803159	32317971.27918248	0.34875659846095436	16.675659647943395	4.572507533011958	1131.990569001153	378.9247289363766	6.889075515206139	-2.084388103683606	93.94987305599253	865.7050102142944	24221.379040965116	207.6129898452964	544.6674507688584	1241.3392237207051	9004899.534239722	179041906.86723033	5876731936.251772
354	354	0.0	9.947936508649002	363.41414837641975	0.6146560729934164	0.7688414503270309	19606701.865118045	0.6657565201464103	173.39655891184051	4.052683974034153	566.0757059627728	195.0399322872327	3.708109331650828	6.967713486187738	14.337219347740032	161.17380448690872	2168.0470681235183	93.38451989471577	251.09857997207052	646.2203132019149	350709.6708227373	5850074.650155395	112487265.96693593
355	355	0.0	11.39169939136058	134.44435079224704	0.8900821447278657	0.11371332921339974	2416962.348871114	0.8897057516099173	5.930549382707833	4.863599303003866	424.6541763200303	121.5386593880258	7.473891157439724	15.24708992308609	13.57913044896748	41.88691068424912	140.70464279162198	60.27302977492877	161.0848416712206	401.60764515914514	157647.6487094928	569709.1970760864	2566631.7752715335
356	356	0.0	8.936139845019959	2176.288422032447	0.27431014550027544	0.28460381122325873	306400573.3600226	0.21680074344526906	133.45169364078546	3.924565646972042	1277.713434276885	376.7547759574018	2.146263701070356	-1.911494188155335	1326.8422824297245	7042.045088625356	29089.335420575757	191.31472655489802	509.8457830370269	1246.0952047912983	266447365.7824335	1720187889.2642848	8460690161.359246
357	357	0.0	11.31262958594663	24.260831931885257	0.33858662016812413	0.055265345893772404	880151.5022722351	0.31116785102341166	2.6223471222146504	4.131371317023877	667.3281412558265	172.8280188835289	11.15286465426982	21.09012538085362	11.675272746972535	43.26109157976276	233.8629402847793	87.67051036755913	233.4154718212003	569.0884347017507	468453.5090819329	1947737.8170841886	14614579.760945484
358	358	0.0	8.22793819459006	557.9204506540472	0.6939568538292713	0.9928738226339977	2264693609.2165027	0.9296895101313277	16.93512615039532	4.23718439496588	1084.860803571539	342.5229282245879	5.695717007301459	1.603891349846302	48.123980844395916	206.92497333070165	6344.519247071469	169.3890045293797	452.27507785460205	1122.9850027577102	6713019.729180332	34629706.39880384	1604264783.1926582
359	359	0.0	8.14580359422467	962.8796344683625	0.6990584324488399	0.6423758600000306	178295989.2766186	0.6458090939124266	59.45241035510619	4.614158899988979	1204.482751310184	328.9551642295372	9.950622446490492	0.2943712836206867	98.04554083233674	462.8360818458575	2890.4871164080373	168.73829748807634	448.54273831012654	1083.7799066070238	16873377.1937799	94684119.05908203	801917359.5026588
360	360	0.0	8.920146872983821	9.110925937663055	0.2800233192250813	0.044102248053451545	229457.7817814576	0.24390662262610596	3.4043616632110982	4.378837397962343	599.5619234998896	198.6752396730344	10.67720433836542	2.353111868271898	5.92864360489643	20.640685062222556	85.31676274349778	94.15228727171166	251.47274177172585	631.7606065826271	175670.62563207815	714781.4685043376	4777727.489733629
361	361	0.0	8.148168305917851	1800.704515800293	0.7373086559908826	0.35660263356647415	236213193.8712242	0.626130800118026	39.42146294919281	4.052945696050301	1110.425311901034	331.1853657676857	4.41459463893447	1.141452503974249	286.46965428244704	863.5579283216234	4896.779126015112	169.34860959928346	450.4797004816305	1092.935502989449	40772745.750046805	147845548.21788874	1206183085.1360605
362	362	0.0	8.430413955441464	1.475320860722751	0.08416443792828038	0.07030591200969652	51251.56787945693	0.051064642560753416	0.9099286842682992	4.543590403045528	873.5008628960728	281.9938002792461	10.39624902451783	1.306859096315604	4.028663014853837	18.11141872716095	1185.433367147668	140.18866686753006	374.39202466265556	927.1372609399067	286965.9497495722	1760180.216289053	198197354.02510348
363	363	0.0	8.166601274652248	335.29781126183315	0.47303848166447976	0.09146117554836926	97555013.83084798	0.5109789194599044	28.693138924314525	4.451404079969507	1257.385742279978	304.0420216464689	9.094763283780969	-1.280669351860401	35.91866383812333	402.75634532460305	12110.038574777194	154.8323593784594	411.94216575033215	1000.8432300058518	6618350.342463213	90453626.7552658	3126897743.843395
364	364	0.0	13.43168297823667	1.675308799620716	0.03382837595470007	0.9116429733151388	364700.49464424694	0.3682310173924792	1.9883256880055988	4.251030781015288	381.0939810863141	98.06054432364824	9.265980960150404	36.11973952534333	13.520354521284371	62.77498234249124	282.2812295331044	49.221824837830184	131.22667353013662	323.4939411783127	123974.99829657865	652920.9885242863	3594265.507994977
365	365	0.0	8.986573488658456	1502.9650951617066	0.4618169289149936	0.49689152347674553	230692597.3592023	0.4358472330683737	8.945063763001013	4.56636536703445	1057.849922104377	406.3530958366568	6.148661448916726	-1.040011526244474	396.960579605895	1752.78128159749	11763.660323309798	216.5146283789179	578.7978145802206	1854.8789367880413	51836209.42168995	326774294.3827582	5574073900.027459
366	366	0.0	10.10083965934452	20.12993352186197	0.1585509646369219	0.4252333811815858	446079.6502797602	0.08709456495152691	1.4234523870054476	4.794555520988069	743.9573093348713	217.575085735329	12.17658528328995	11.70092857077078	26.36712633971023	93.61355512320382	536.9997421575949	106.1867637779959	283.8969270972318	710.7971798811448	1238690.5012866885	5337962.236218448	49835456.758877516
367	367	0.0	9.423945833938555	8.327366636079553	0.07138007996717387	0.06825505769942344	1596826.0979840064	0.13525573570171923	1.4753433935154538	4.142895958037116	831.7728984047953	242.2362090790811	9.342218924989314	10.1743114625233	36.032187314025116	169.96259576866558	793.0141114557787	123.04342557329312	327.54005795110766	797.7276162474697	2950764.6044607516	14859046.299210755	91535968.18382645
368	368	0.0	8.1028803163514	386.70454703103746	0.2776577600238232	0.697361689654851	100040759.63983686	0.38604809338806895	11.062326219519763	4.098278880002908	1065.681202784792	350.1205735704303	6.894101930516993	3.02788350920179	240.48487425423505	1058.5222240459382	4207.188410506753	181.17351812805964	480.9785085906627	1153.6842524755207	34939194.37893138	171543838.06897673	890551440.9486207
369	369	0.0	8.3222535680393	200.85346046957423	0.527669315603953	0.6150095737282751	6596058.094212809	0.4416047540265542	15.425301624678209	3.079329627042171	658.7090868083606	234.4627218121595	3.205163465754826	5.001206390097736	56.04161591557431	185.33312974490593	1015.4575328310822	118.50576041023578	314.57315977581277	765.0269888519261	1729928.4904070888	8304306.775159963	80021909.17122997
370	370	0.0	9.990890926950147	80.48039219781862	0.435109232391656	0.3943428931833909	2284795.9732131422	0.3390160554795506	6.537325660631153	4.092554869013838	679.9218885552118	227.4606183165974	7.656901380577583	10.75545020588811	23.902281086855677	105.718885686268	608.1586095181777	113.40886260748027	302.9237265400151	748.4597335400891	925380.9360791798	5377404.5696737	49489646.5055516
371	371	0.0	8.030832146733504	39668.37484726521	0.9876370367184776	1.0000000000000075	460943898706.3201	1.000003729491561	98.23054724600468	2.749853294983041	2607.228468864265	589.4222084844889	8.256946715540556	-3.665322685997624	1780.2577832005666	8088.599037362139	30727.29530417567	294.06439333847857	784.6074884409827	1938.4171568531008	1591778298.1565707	8120332511.874491	32873179586.597977
372	372	0.0	9.993216312390556	662.4125094828287	0.8824281893656097	0.34546206507391436	27803973.26188232	0.770563935315586	50.43698354826917	4.128187740978319	741.1360078122937	213.8356168437589	10.90122431856649	12.45816612866732	36.37335362444015	129.19315847773365	754.7554549739859	109.22003637634725	290.55418353349785	703.9895019768167	2040345.576110377	8256712.134614271	62125369.58303969
373	373	0.0	9.049946621419878	502.73689348142	0.8072815198284932	0.008576003341577678	62196313.27152665	0.8342012260688755	120.53221028454674	4.096715756983031	826.4087937079646	242.4050525122231	8.753026554659414	7.09328808398541	37.25579455142087	172.17672524557977	795.9219298407077	122.64504451370624	326.62093882444606	797.4708597815795	2699506.400469541	14597198.027718434	95555117.98231095
374	374	0.0	8.791387221254755	288.45473468847774	0.5673107958478815	0.7643452825875366	69734967.40708236	0.65664271277618	10.707324318669878	4.440870168036781	1075.435752130773	314.9706887955415	8.923488046339546	1.543479155192824	63.96893125409021	230.5281820953135	1520.5919811601816	161.322676305865	429.030134620637	1040.5571856922397	8595407.788048308	36789716.18209923	346694416.2569671
375	375	0.0	8.768692262226436	1605.7785667001026	0.7028294477095283	0.33462540233016896	109651521.97413614	0.5655112497317448	26.981855187028877	4.523631429998204	1005.7863132575	325.6980431978984	8.99081107636017	0.3099375592435964	104.37068844062301	476.84488789759354	4603.579405057609	167.8617340120013	446.03029845029107	1071.843529713689	9888235.362156324	67324696.72604705	1000480803.3852276
376	376	0.0	9.04415287395744	27.224587616537708	0.08046151962406667	0.1328305896096228	1320558.2110149285	0.08014875485543883	1.8762747340492028	4.426602038030978	678.3962519431655	222.9608598443211	4.08342746870489	6.73528669556833	100.32380485580035	718.3823785074096	5442.409401901551	112.82600458737875	300.5422310437523	736.0035434979638	5691600.998564508	42840154.96187454	376306173.7536978
377	377	0.0	9.966646207455833	656.3276305550686	0.7359957302884638	0.14672645537420803	27152017.151174117	0.6402499520532333	54.896123353504606	4.170957413967699	687.5578942452075	207.092871406905	8.306576549499686	10.46389328592664	88.66857237854259	294.5423770024191	1602.9793597066034	105.432934093786	280.3897831411683	680.1676439428221	3764823.8844040753	15827217.491610527	104641414.50344972
378	378	0.0	8.400547574820656	127.52017821927059	0.10472211796361028	0.451420448961258	6104663.688910873	0.08457999323918193	16.123334187043383	4.326950961025432	824.2644348005798	279.3657375412951	4.81135406225663	3.30900288307387	333.0676043226516	1702.8411607558007	7761.813946148195	141.6771176019398	377.41090864312923	924.0989516798511	24469282.193449162	154354771.21100977	1003100322.4189746
379	379	0.0	8.099642457688798	2366.5982560842967	0.7220320198925332	0.8933671012550815	949957081.349492	0.7945683476337693	16.10461218507114	4.552983338013291	1346.31418700762	323.889044355399	9.176904024422592	-0.3779145861440777	365.62493792397356	1189.053995361378	6162.383527677312	164.6154098103034	438.11192559091774	1066.1089118734121	75514503.11535457	287968610.42704237	1994591677.3551362
380	380	0.0	8.431945264613871	859.4366926961112	0.5783383529498484	0.17704640584565687	46998863.37338064	0.4568695955715185	35.92612001288639	2.67253401002381	803.4804169914892	276.9588765432222	3.660133394425303	7.817220806431967	166.46544926850436	652.7939938299913	3325.394668592497	143.79308391981817	381.20002906672823	910.9429615700706	13772836.499533903	55218165.39078722	322292875.7778973
381	381	0.0	9.407591113466214	1.4851563331275612	0.033704129194594486	0.13986326975575547	90579.82648026162	0.021807379187553027	0.8624486419311299	4.59452563803643	1009.330134162396	295.8104781895083	11.55920743110724	4.99676992139485	11.125494503185925	56.608557753817905	924.8651602401495	151.04671163255705	401.7618958983612	974.2122262965667	1332900.0065321415	8260992.131742038	176704634.22768697
382	382	0.0	8.685852587331926	28552.769810084355	0.9355236836810139	0.022072798624350753	246154243.73753875	0.4758879406960293	114.50150723225512	1.935015100985765	522.4268473330703	193.0064792766353	-0.00027972472831194	13.32559524453036	2939.19194772191	8805.689472647811	25491.849147436773	102.01593042459683	269.0161380694362	630.8044305154859	96885441.92970727	261019461.72561628	680198705.5895804
383	383	0.0	8.999541239252668	573.8670299131156	0.2249116556534286	0.5820595279738809	105034107.903159	0.2182246481179006	48.036706170471206	4.327308724983595	1254.948019828041	367.9909018762439	7.061876937218125	-1.928438318522451	481.9969887134809	2389.685780041895	19281.879845605847	189.84463462100393	504.189559673978	1212.5203472365026	90884594.96929792	564561062.7942777	5971947353.920635
384	384	0.0	8.264005571793403	6.216018559845138	0.06225223303925419	0.6728652072932322	1970322.5153826063	0.15073350943238595	0.8276397901900439	4.632140934001654	1032.3374641076	311.8241398096872	9.354367469581781	-0.2089098739272712	25.36067715335036	118.42171158931689	2679.5812177543235	160.2116929911391	425.7962551406731	1026.6662193942589	2964314.500895955	16794806.5318594	616683826.1475713
385	385	0.0	9.062912164933685	322.3936714667093	0.3947604263488311	0.06977029058509866	1219824.8511451927	0.08906857356043349	9.943689046456937	4.062185622984543	637.8376939503858	258.3585232447852	2.89233455635645	3.497182520501522	94.87883219549742	543.5063792159812	3392.4730387205577	132.60946081126815	354.707645912014	921.942715288071	3940181.1992515805	26781782.70212643	310150168.29282427
386	386	0.0	8.217590838640843	1299.2265627866932	0.6285545210167446	0.3837696466093052	158151949.28569	0.5064569956774033	35.59068382676532	4.041281264042482	1121.788954779282	344.6564602264502	6.960685647323246	2.270197446076289	205.02857386874095	820.3609418010376	4614.547155908963	177.36537172527073	471.43931680977505	1137.0816190262815	35209080.9157938	154127264.0141723	1069649707.7255809
387	387	0.0	10.57311641298439	61.215980247589485	0.19547833541722054	0.35527578679928445	1161262.3921620038	0.1477412689141594	5.092386118345664	4.281479898025282	580.0861890892777	171.4253272965324	6.051328797336547	12.56729468423096	63.29773639684688	300.568472797617	1424.4753398499038	86.65885798790327	230.71403823206748	563.2001327311913	1839944.9360633907	9732463.376273397	64070029.91114717
388	388	0.0	10.67242155849832	34.90937005550097	0.3205458819497809	0.6498648486781758	2460702.655965375	0.32833274205364743	2.695731633760513	4.727246943977661	795.9883825517902	231.2742583563933	12.32481008546862	13.46893967190746	17.991711346267174	79.87614398404754	655.3482234227741	116.8237800560687	311.15744384198695	760.2985545270448	1115223.1527996208	6381737.2303626705	72409313.96541838
389	389	0.0	8.129924627451269	18612.175876200003	0.8132377272970109	0.9999999999997232	123982000983.947	1.0000042092267376	114.8214913860182	3.311750563036185	1702.820371249088	462.2983386648536	7.551758264277678	-2.686691053773378	400.90119422599474	3780.4300732695847	26404.299391987795	236.67884392567316	629.4347805322755	1523.4134236688037	156415921.53337568	1834129862.355723	13941552679.365875
390	390	0.0	10.46080569178332	0.22457661991001954	0.017874204289966014	0.6208713500108615	49521.307094777614	0.12124867662839214	0.45145152362516106	4.032196231011767	634.1129698531197	169.8028124718803	10.29842959719544	14.4321482752869	2.8598088422470265	9.235052239947565	41.22504068260283	85.68928101715358	228.1769579546543	557.5634081088282	91659.81097670033	357692.77880190196	2521773.0813851105
391	391	0.0	8.765542861953135	1338.673364111653	0.8572469924080869	0.8845839348084134	406459523.72870475	0.8798265247036257	27.948244736480326	4.385196148999967	1181.161925766872	322.6071384693852	10.02809552741511	0.05778143065392927	63.58380337008493	248.86944096897673	1800.7329158581329	164.96909078899125	438.6914166469878	1062.6876204404275	10744175.785154521	50775637.45047766	489687927.6840167
392	392	0.0	8.28978023395272	14006.132351283342	0.7094441482752685	0.20980659003528862	2409164555.4483776	0.6503965333877578	64.47738026022043	4.498124943987932	1244.586934344075	302.6772886560444	5.08986442945584	-2.449469299396213	1394.5748450415595	6825.948219597255	27693.00002949051	149.49917799748778	399.62933291833906	996.2853263703029	252455347.26564702	1336303938.1703534	6382516357.678322
393	393	0.0	10.83358434740324	136.59504075809875	0.8004531839131966	0.05879327225194217	4195112.716333782	0.7930000656953508	7.918021297168134	4.792583353992086	557.4970883021075	138.0311158320185	12.9711033594177	15.94281569408565	15.510279923213504	58.47057535439412	191.7970052038641	69.47770075443736	185.0890014472297	453.2779768980326	370026.6674135155	1523780.0170972596	6977018.083746483
394	394	0.0	16.28227977444647	4.93412865641735	0.3605709377045291	0.6706275642975867	8657.794908291906	0.3458715821691035	2.452347166265539	4.258859053952619	225.6598080942063	48.89216494837225	6.266675900535972	62.35652359334	2.35582139555602	7.95546406355926	50.58209982588299	24.494651325602035	65.29828166083459	160.48141052122412	4004.288510347986	16395.67234098098	138937.28965413012
395	395	0.0	8.74731090151938	19.172614207792954	0.11449546760018894	0.12391334399582096	12419.332456198043	0.009286824353398298	19.235862751841264	4.033318770991173	608.5396962721067	265.6180199568608	5.143985923326306	3.736388222689478	38.23022155049115	150.0812747539468	1529.2176401856455	133.41741653664548	352.7744120509329	857.1610266763635	665282.211266848	4370428.164263431	117369352.81751369
396	396	0.0	11.21298929376601	136.28030564115946	0.3306847310299154	0.6141417797023017	5160199.079815024	0.3498075329387523	96.25609291617089	4.200436086975969	614.1953973173977	193.775254921156	10.38867191006119	20.11120117256457	73.02981845802319	251.21002382254565	1249.8430840122237	101.18013363878674	267.71641658845243	635.2436343271827	2163176.9921871326	9732433.07232599	57746483.33250066
397	397	0.0	14.98428976391377	1.4490929343098946	0.04582666856439082	0.023703431615191593	188655.44328723778	0.32023061032124783	0.8273290460232924	4.603100078005809	455.6788388494791	126.8181953303768	13.3332952559546	43.90589981236916	6.997420607918848	22.51311102179062	86.0462801132552	64.00338675259064	170.55637328992367	418.0764797034324	100177.52225046662	383529.4966953523	1993449.524539767
398	398	0.0	10.96473363163757	276.44234439139836	0.4027623732004165	0.4781984343104682	4390455.761616358	0.20194276949061588	25.180486340104135	2.556040869967546	615.144426572194	178.0377548536559	7.199148777000271	23.7215628014443	114.16236483393074	382.34530177004467	1572.9186566983626	91.83104261318556	243.8274431715634	585.8859426118983	4337784.990366289	15918795.730992304	69152498.29780905
399	399	0.0	9.069564290323344	430.9772868159092	0.8285482845719526	0.393207924059965	18235677.403107505	0.7662134541123177	130.11138015890907	3.918752722034696	660.5093773061319	212.314974148378	6.522569036612603	6.296523822353345	10.225496100940179	62.34277042439766	742.4582930578287	104.5387179469609	279.20599377549627	694.3546089857135	379580.6998142778	3119227.118590941	56124813.05882318
400	400	0.0	10.66972154521294	7.006134843032309	0.357561465891533	0.3681766499955512	142267.20613061258	0.22413805162345313	2.2783847379236364	4.452824509004131	666.608096735096	180.8357298067195	10.56318417089717	8.809913795034706	3.173813248397385	12.34303933341893	51.041367815827904	90.38499250659686	241.10808571533903	597.8547269445505	120755.76265646526	555667.5855493661	3329916.2811073745
401	401	0.0	9.423442563843912	12.93036772153463	0.0286265951016246	0.08624074490571651	1234573.2309598352	0.23545950800386287	7.156690718837029	3.653614240000024	399.3271824842553	122.5131054208779	2.991274379323794	10.7991461676947	103.93943953104383	352.99100492401203	5414.27164497132	60.07851008649095	160.44935528633516	399.44525412638234	997475.859106823	4106871.64008476	97124543.3323958
402	402	0.0	8.28533162071977	812.8558953868998	0.8533415991260979	0.34393397363987344	45699294.148905665	0.7855086793276677	18.453462201199027	3.822790596983396	742.9489134275927	251.4579685663655	6.768113465389432	1.39056041700839	41.89676740693085	167.13025409525204	1198.3865864815114	121.62850157637342	325.32571382135507	819.7692772132322	2104432.755185982	10725460.00655917	135323852.8131004
403	403	0.0	13.06391559872267	13.225431893677982	0.5797787101701067	0.7831177638143041	404259.00765202916	0.6252456817853	1.524069986928819	4.604738251015078	528.2575982613	130.892534212102	17.88448545367927	30.22955366615919	3.1196277119841036	10.100323915558118	42.07372066898718	66.71089386060976	177.48295404178953	430.96352601585147	61618.93680385411	248514.30562893645	1349220.3936998
404	404	0.0	9.892789431598192	0.6655336327260455	0.034226389907062595	0.1219123836341329	67972.99393077937	0.0804610090558918	0.5304263497529168	4.012533205037471	717.4987723371323	203.4036503267119	7.065625466490921	10.09331023560992	4.770222396507588	25.25624229587146	271.7366349866212	99.28541047191288	265.2761026948855	664.0350919690106	226790.65157184933	1498988.4339667137	20545297.081082214
405	405	0.0	8.250585552705939	558.7597442993184	0.23331983336468723	0.09218514525240806	112129739.39901099	0.22686227073697543	119.48118967758859	4.308952240040526	1333.060077632112	302.1457034464929	8.559769703599084	-2.607464381888942	440.64236010475514	2199.5317094891616	22914.379123674444	153.33850380036006	408.21374726638396	994.7154178521859	91209423.25451283	539984213.2355659	5998788861.866908
406	406	0.0	8.592280689308362	6355.970775183296	0.6223153553298025	0.310954910020783	127726209.1254304	0.45986122583854444	150.81453791793228	3.687449213990476	558.1257816250292	196.7689676686707	1.703942881152752	6.708505226857348	1587.8679816426022	4773.526820507868	12371.670998255626	101.17420232579133	268.7847781496433	647.6523377016283	38979707.34601766	145594182.7223117	537155852.4335278
407	407	0.0	8.408670285967206	557.5008038314459	0.6078122822887848	0.9999481079099368	16448358809.440748	0.9987364538275116	24.45187777874694	3.394656465970911	1400.08391882493	365.5106723408967	9.910216209126357	-0.1578944931168986	90.35730543065353	372.54244354665434	2181.938594493344	186.44890217167836	495.94560652955056	1203.4840197138105	22420445.103792626	109369078.7490515	849339008.9496418
408	408	0.0	8.262004636291628	19.172614207792954	0.10002277880316812	0.5095999921192516	1964874.9791490922	0.08079298625337783	2.30869639645739	4.626986089977436	1134.218447424615	324.633975418493	10.60320789231293	1.329756597149398	47.12541718645883	272.7445762258606	2359.550722011496	165.6306949553359	440.66349106360474	1069.5962607439556	7106873.305763495	53569966.88014356	587818466.9797738
409	409	0.0	17.62861449605736	11.333742701151595	0.48778717507744623	0.5615922526462226	25966.71936020291	0.3268397591557167	2.9288608440968016	4.426598074031062	314.9357927007169	58.11470279835061	9.017759734878119	75.92513761210503	3.2531015080999035	11.80834591697586	41.355508975976505	29.00679095804992	77.34257296067545	190.5169197877171	12766.347392843354	53116.69162124358	240358.70629073755
410	410	0.0	8.176947323714888	29872.139420354928	0.8480902300909701	0.9999999999999907	128504572551.41275	1.0000034536519207	86.98941177467424	3.161360027967021	2013.228902807312	398.3938116773463	8.232414030009755	-3.903307383131542	4469.362242322349	13934.324341111931	33023.560121209906	201.2848729740192	536.1341687400416	1310.5734390305136	1979609108.0732508	6605386266.264086	18621475025.814606
411	411	0.0	11.19075740931078	5.3144335894036265	0.30661832692494234	0.11542778596293748	16031.309317133107	0.24518036759016065	0.8664362168069056	3.825305675039999	307.4623891972254	71.79611602653215	14.04520360508238	17.83005595851833	3.2246001000476303	10.04789170784448	37.30140188864043	35.25538528113577	94.0722239105994	233.19842739698043	12339.952342355311	46669.364354433084	262225.47984264186
412	412	0.0	8.158633420681543	10.845247571713136	0.06139118960689911	0.24770965247952934	301026.5098726213	0.023694371890949344	1.1530107762306079	4.400571955018677	1041.197563566834	315.6294853257507	9.184110100495605	-0.6368173672345063	42.45552205114007	220.2799303035419	6909.224254221129	163.35821209020776	433.6191153276907	1038.6246924813124	4241522.578709115	32720919.69296955	1607631668.1635637
413	413	0.0	12.59459867257607	0.619634761503559	0.035918321129158486	0.7745688470533796	90497.04927195905	0.24250226175086634	0.5703216724544595	4.836341298010666	508.7980039183063	123.9393919655681	13.81215521730418	27.9021544129173	3.903112566297207	13.080800545622873	52.59408506818632	62.49177621620646	166.50654328715206	407.87496845804117	70102.65923462166	278580.8220501535	1453154.0185388285
414	414	0.0	10.34047085576866	4482.667359072154	0.7027073912916003	0.3798754150393841	34110436.9587001	0.49030014614654976	27.72584182083078	4.004714337992482	457.2841909502861	135.0112853200607	2.332530208033834	17.81377030073714	346.2294371964234	1903.059433266177	10069.458310191283	68.45841696994404	182.2905331415904	444.10922740863396	5757055.979305041	35759052.60568565	210894931.30088082
415	415	0.0	8.348827765590775	29.847380257822298	0.09055979487623929	0.6406657714259566	5976498.931650484	0.10261671749107726	3.284541605094573	4.582278693036642	1137.049547662259	327.6341946998558	8.938674723484253	0.2872653050486148	125.60804150604953	744.9011890323246	6212.736029182116	167.89486120029983	446.37877750598454	1079.6731418603679	19909384.48629673	140881711.56631452	1558418344.5665977
416	416	0.0	10.25156797161902	3.3473391084397432	0.4704387737226728	0.2934382337206769	46909.00372353779	0.31674189315508205	0.9142483709154717	4.602704976976383	561.3539185800066	153.8978888035687	12.68936005492652	9.775868595316755	1.0307467299061304	3.727511247684759	22.684906515826725	76.43771968538692	203.73721971926352	501.38400843116807	23987.062015142877	108335.64135581731	960766.3364014892
417	417	0.0	12.44857031105895	7127.281635132744	0.43532769047730907	0.8678615984776731	151176749.40771574	0.8529579997270386	145.35640566415645	1.926050081034191	334.4928958862645	111.0659987411498	-0.00026874810225052	38.412679187252	2852.6773029748524	8571.85593797237	25104.5254609951	59.42944974700458	156.3399867770813	363.1977458505331	25397823.886565547	68134121.17290504	173441240.36324972
418	418	0.0	8.078504592170022	795.4405522488217	0.22458099099489973	0.5750858838645705	118336114.059635	0.19103998199346633	11.353392385154846	4.428739281953312	1279.559677852561	339.794889754354	7.313403268813511	-1.852280058422335	666.9941402200554	3054.5027407934954	21309.566608435685	173.70299443839485	462.035938820492	1119.6347719260561	127251791.121437	706717172.6990561	6174118379.432236
419	419	0.0	8.360059230447678	13.009051500773134	0.010201253131030685	0.023857824613102197	30371012.40891047	0.10006206639185569	3.251696766795814	4.446768881985918	1192.017501774134	272.765238287843	7.891644263922053	-1.683931120724233	511.65834001105276	2558.705519795352	18933.654228358228	138.28230116005602	368.1627299353868	897.7273274574873	83373612.09081931	481006461.0036327	4075956954.930215
420	420	0.0	8.012293460421786	6596.8480513596005	0.8006359674873923	1.0	380794451717.4834	1.0000042530671396	126.50329747504314	2.744904480990954	1951.377224890621	555.56359939467	9.738944629989405	-1.655169292472415	31.511976501739277	262.1695421018664	14786.571789212787	286.95087108467965	761.6039711078754	1828.2160529512773	15852393.757838903	186828443.6501933	12356844599.639378
421	421	0.0	8.928101974272105	84.8735698719737	0.3175388073621525	0.5630844202612778	4382177.841158252	0.27890415385046863	7.335873965424016	4.009797798004001	765.4217191630398	250.5873761102734	5.303359013010354	5.013807370537702	45.58812644312286	184.85647709366327	974.0907120500325	127.12817518851512	338.513816170975	825.1341771031963	2639517.18136964	13685099.901884507	101299725.03603335
422	422	0.0	23.78024687494401	1.6597359683131239	0.3133297347335377	0.16092051719189446	409.11521736630834	0.5341201635679041	1.450552791168603	4.674430685001425	121.6492083134388	9.813165772745467	18.49617026544232	157.2368937386084	0.9418474940617699	3.3326742081840384	16.2884779613351	4.184342094401529	11.271333137603634	30.14369382712343	83.43680418469555	356.7556645320452	2634.6438019625057
423	423	0.0	8.432548951312185	53.09843702280825	0.2790971628967333	0.6198503537550487	6074612.510495743	0.2858890907713614	5.024990022862326	3.8773938419763	976.956521807196	338.3092360198776	5.168237078615589	1.177857215758897	33.573950347105466	171.54613017462503	4229.156393545101	166.49144467201836	445.8002323615992	1127.0010103474783	3393072.1894248063	24499936.42063788	1061119515.4339296
424	424	0.0	8.75866471264274	5.743915884413882	0.04848477263497329	0.3202952976961196	256028.2049001217	0.1309739788275255	44.19374933765566	4.005013471003622	588.0551054368386	258.6713989836318	3.562016429595497	1.285519347712887	27.44915694249146	98.29159970496877	1194.1513152040166	121.17775539837908	323.1263967492773	848.8775660567235	514954.9204183751	2842845.5823315205	100802603.9250948
425	425	0.0	8.056626714854405	33.68977147730359	0.23200138368833215	0.07453382923760671	2373235.1692211353	0.21472849984677939	163.4823818396179	4.192121517029591	872.0505614167898	273.5013673297586	6.109591550683414	1.164999477883137	27.148976424504706	138.93415700183394	3717.699774395655	135.88156600468608	362.69361508298414	898.4636868300684	2110227.656455014	13733219.873723835	584967985.3578258
426	426	0.0	15.3654749749241	109.19997161988864	0.4307802274571253	0.8401325824890683	2565087.9314278215	0.5681825177343022	24.958313066385887	4.360579408006743	428.1560669960359	112.8307528890945	11.85215651209192	56.80988827135474	39.39953367477811	138.657526504778	573.7797796479991	56.896382305630084	151.65241108241628	371.90321568324015	505724.96573915484	2008765.0509277286	9886412.32314002
427	427	0.0	8.020954479610474	34860.90084748546	0.9755333536805075	0.9999999679538645	71637989994.91718	1.000005552494606	111.58965373751859	3.155695685010869	1537.168657725221	483.6228186072878	8.547921539851986	-2.883767155334072	236.62335333262845	3809.097634218938	23411.307789035232	248.55277745366857	664.965714552452	1603.5297630214318	65760219.15651267	1486084001.574889	11091814171.18243
428	428	0.0	11.41660090742569	0.7638883567742291	0.028605252907852347	0.10525477440465714	79501.41520032927	0.1609966565029727	1.0193164108574402	4.435307460953481	530.22803891745	117.6955481343837	16.58595880810236	19.58944572088444	5.816852462628384	17.71478644784857	62.05698543043817	59.49368477510143	158.43633959065596	387.01858186569103	103282.9713792971	376990.1894693715	1816415.2246945298
429	429	0.0	17.51927387207857	4.802989024352908	0.8484285170250546	0.09532457157855072	17379.141186613946	0.833850257837836	1.7443641680853195	4.6511387929786	283.5120106915714	47.52066042159687	26.92672341696466	74.61987189836144	0.5230962239281974	1.6637019589557693	5.989122948573325	23.98291522416747	63.87796766981805	156.236069348161	1351.8194064690808	5085.7800365790545	24638.882317998465
430	430	0.0	9.326038303471648	0.13441812286585086	0.004738170339305972	0.804425300749967	754511.8780182555	0.3365096465302046	0.3774158557250258	4.69578166102292	760.6873903354782	213.4454934390348	11.16318601741996	5.987976404001556	6.996814605701791	23.055265414002772	87.15259884443566	105.99097621658188	282.5657883451322	695.8837900931348	367372.46750461555	1433070.2472006748	7876540.403124777
431	431	0.0	8.433715357273378	48.23315667322566	0.1659143369556244	0.3689965346340433	2532083.935016015	0.12461389009353986	8.57416003145622	4.529970823030453	928.4208949240233	338.6690983563752	9.588145967181086	0.4299530020851119	59.32240812874696	198.0012464111299	1518.778747057121	174.37351385517104	463.5629809810396	1115.1117950624644	4748948.690043931	22473264.67887055	334076158.5795107
432	432	0.0	18.24193169064509	1.3507382102617493	0.28673874893671786	0.6640976226429838	9579.630969515221	0.2428927771128111	0.6854196798713718	4.002370236034039	396.3001133107326	90.30389525190907	16.47210655400256	84.92034015638689	0.8829218251007261	2.827231276160597	9.679333952197476	44.12192487166914	118.20424242287282	299.1723744968872	7480.959160763232	27340.26101758407	122068.60755573324
433	433	0.0	8.148363384776378	2267.7714293603044	0.7438979727438902	0.6834598525959494	319376290.0764824	0.7045932269931731	142.2674669104336	4.538158788986038	987.1843888990774	362.2605868106006	7.156767582205047	-0.6305172081853755	74.48380379373515	521.9592425796665	6954.33552097418	185.2898675383841	493.0015706958968	1189.7457465419716	7544211.296398835	75562997.68986885	1763291583.724777
434	434	0.0	8.411560169130402	218.84581798879307	0.45446569237964496	0.8527700847662771	71636350.83924644	0.5927702330596852	14.951763543936337	4.538984877988696	1155.259485793484	338.8852969880802	9.447808377602312	1.711115083310331	72.05131968632234	257.0288539492234	1539.9058650816462	172.95752022124157	460.10189681987356	1116.312625355074	11762949.844348287	49797687.26680122	417523181.89853376
435	435	0.0	8.03686242312732	33232.67117578009	0.9490918619575464	0.999999999999995	266270146783.27017	1.0000037656278418	45.8088930467432	3.193430076993536	2124.602797016183	494.5851163373219	9.081577128631045	-3.447636036761574	1217.2045936614034	6211.112391149146	27616.005183530055	248.9793226905781	663.7451583130066	1628.6148933255438	746250257.8152878	4306850709.183818	20524084552.32916
436	436	0.0	9.528195140248258	82.19832137786457	0.27902689509012707	0.26043424006510635	2310078.4819593257	0.10134722725778343	12.615894964790131	4.442025940981694	1019.663042464059	315.434412522021	10.11219350869993	1.96243495159271	53.8390928451738	212.10014034759945	1214.0497498002403	159.48195576374087	424.8231087807784	1036.9206996780617	5632817.942287262	29620756.86283535	261468920.2125354
437	437	0.0	8.57082596137655	17.71696429187979	0.13650673286342582	0.1002220228706707	174175.57478886697	0.028853542528085478	3.5648889319083974	4.574643290950917	846.6765025008627	284.9178838433664	9.608191563466562	1.092546584942476	27.38188804438466	91.610126196305	543.7016387386022	139.72658729115926	373.6938969373317	934.5449656883319	1716899.1565863655	7517517.953079069	85094846.00482085
438	438	0.0	9.753007029355302	1.4589284067147128	0.046773347391411466	0.1983322105657786	19113.258598310724	0.025996896050565734	0.9457377898547861	4.555423529993277	606.9292661156459	196.6894661056659	7.944744470229853	5.514142568543743	7.34093107612931	34.23100583893204	373.5533349080593	95.25134973637375	254.92601722852606	643.6058482849583	222575.68519866004	1449773.3185755662	22724110.034387197
439	439	0.0	8.900325772633419	0.17703850328673038	0.006303990319729175	0.3282355524097491	26298.50608962066	0.011620067541209282	0.2499434236847861	4.44213378301356	1049.973515147085	324.7906436924868	9.819800162562899	1.785108773610252	8.546457383296756	97.98117740177797	2372.230300562383	165.57365292712961	440.55313815910915	1068.8026321047055	999692.5404174096	17151814.99506523	556158767.8980039
440	440	0.0	8.584000450224952	57.91126151957134	0.07994511171627425	0.6144145071786057	8380780.645109561	0.13096480536264318	12.97938658998684	4.314426021010149	882.9558921032581	286.1456957175253	7.56134788073886	5.603272940674528	163.14730079705677	615.1091643580158	3167.996511304778	147.69100252057342	392.37000103093476	943.0892035288675	14629139.75886249	67649277.56861886	400886576.47246104
441	441	0.0	8.716478115640097	143.83394844805613	0.3231148642177692	0.030082911188539778	35085354.10973719	0.48092499193100974	39.32417964455612	4.357897696958389	1009.663528798008	310.9382790376551	8.77377716954582	-0.6298165901671591	66.87893851190464	301.08814596375277	4645.423328502487	160.668850187408	426.58215264431976	1023.4823199345095	6754228.978236719	38520639.00559341	1087717155.1829574
442	442	0.0	9.052151705379304	14.572891613137847	0.3977925070411035	0.2326292460419015	383111.21084180934	0.22063813544660543	3.5804230386432234	3.751928679994307	775.3265458066248	214.0362404458705	8.589333354758875	6.573068145415736	6.209562891687324	20.094272249813525	97.6005763650051	105.72091128606814	282.10743121234805	699.3248683771187	337981.53715786873	1298864.869321985	9684405.014011646
443	443	0.0	9.289063395135395	1809.5170990751656	0.8469609684529621	0.5270043313533739	73394543.7972845	0.8084800127575539	9.825463458991585	3.561236905981787	630.8287163666294	203.3610287201342	2.836934287094254	9.377867096985083	47.006026748456996	185.10975717276142	2925.3156722080707	103.82545224444652	275.9836189854375	671.0312115549996	1487764.7386388727	8099878.985008446	176344961.5243565
444	444	0.0	8.772171813878888	400.55289217697924	0.8836685292295969	0.7556513848426969	42541738.76580618	0.8372514367407234	16.51193297491771	3.894798551977146	896.8850922175849	280.2245922844616	8.532219743566376	5.129037954654592	34.285187096644314	125.76019208497706	431.8002383820483	141.00854674661616	375.7287909621044	920.8465899971823	2767189.712255848	11355691.305934705	61921727.55500115
445	445	0.0	8.072888324918523	2266.722312303737	0.6945697172881221	0.4878255348321316	189477747.650936	0.5950721299626474	35.680899382389796	4.037602548021823	912.0387396236489	295.8002682115104	4.830128189833114	3.320440662672506	169.3913419568667	929.6493695010978	6374.720443676345	150.364783545146	400.3363829864544	977.8632214185465	17583007.26206981	116074731.32417226	1019640361.2771277
446	446	0.0	10.25182774890796	16.91701253628672	0.3286138281760655	0.23889497377706884	126007.457728225	0.2490343687933872	8.346136173750237	4.455900770029984	422.8055436581698	178.7661425189165	9.834784686304438	5.945417308662422	9.400090433960205	29.61671185952962	104.82710830424612	88.52997020214525	235.61864651699165	575.8707864796818	90401.86183750031	426730.61004114134	3008792.633715515
447	447	0.0	8.461117306049148	272.14096445969034	0.4896794793833427	0.35510896028428546	33513000.205930643	0.4312554684727936	9.263458025782441	4.404845562996343	1106.83508762224	330.4966229432951	8.02058095463829	-1.240515374202632	51.92170198218676	296.378867081616	8832.552698920275	171.28754981449526	454.4093748599903	1087.9188860434062	7038864.659455248	59084240.10959266	2247143691.6497416
448	448	0.0	8.676146634944846	20.77251771897626	0.03973187471323149	0.2710701100990159	797206.415764813	0.025421059951010558	0.6086930125393056	2.666820891026873	742.1632337820982	246.4428614055787	4.990793432177815	9.0026642140112	121.06594250385594	440.91002424087225	2136.581839210641	127.60529348297018	338.5291592717872	810.9077930872958	7956032.069224268	30577040.6597425	166196523.808132
449	449	0.0	8.640258163605258	175.04518087934298	0.27987127868665146	0.35629881513445666	11408311.500019846	0.16462305562879154	133.31022186229433	4.618675320001785	1080.046584350486	307.0638767028423	10.56532491776768	2.887942904246333	107.10114105906266	423.59195007430776	2128.5813832698486	156.45476960323117	416.3296339897298	1012.1506198781547	15295045.118674058	70831339.11554375	464030164.48367596
450	450	0.0	11.33929538622774	0.17376001248512427	0.003583905747080116	0.4267127149101884	2262.7249943549355	0.0011987668714922128	0.33286646194369024	4.653847656038124	758.7273838396712	211.4509835112199	11.50133919503422	18.58566949284418	22.009232020132057	109.52188684183947	629.9627239058622	106.11412555189736	283.21169054599045	698.9759579983925	1312989.9367512802	7310590.480313128	54789535.50583144
451	451	0.0	28.90362766702433	17.49402691736953	0.3528710187062645	0.5792421029369604	28328.841478253038	0.34131283425923303	30.917216585389475	4.393969119002577	206.4708679575367	51.3732337253351	14.44478145018054	256.8204377499698	8.072388105902625	30.94950724542078	126.56680097975973	25.577182276412373	68.39212002917972	170.61194975541179	13047.84464597019	54445.243127293514	266914.73124219157
452	452	0.0	8.068114474688464	2499.4164754387325	0.20242049377825752	0.9999998961284008	42134318580.143005	1.0000029203299956	52.553235755362294	3.110434104979504	1805.360748895259	334.6028967529779	9.012823547824459	-4.468984233217304	2458.033506649609	10508.218414944366	31658.10592521136	167.67187982246014	447.1027768899926	1100.0141248508166	902357983.0154725	3917303324.696414	12979501058.14701
453	453	0.0	11.45411340512233	3.894847072308132	0.07468806723006269	0.7782654492922212	278890.28030648176	0.2828413250972669	1.852224349701529	4.180438507988583	474.2132353503088	128.4853479763546	5.630022097543774	15.15656171204172	11.302489481848106	36.349480509217955	152.16187211995828	63.965352661017675	170.59848242605113	422.4386844646008	177034.88049273659	672339.976816189	3782948.6776216566
454	454	0.0	11.95976807778655	16.733417051397296	0.2646318482755511	0.4795947021368302	444109.1280451513	0.1751816351046614	2.2845071117371347	4.136502592999022	693.3178007116929	187.3282725314089	10.51133859179729	25.1789898373527	11.427898795154592	56.06336016115454	396.9854733165574	94.75977038835026	252.79130877359182	620.1261468550442	539440.2251336889	3133037.854853288	24636002.834630672
455	455	0.0	9.11983887301486	540.2952841046324	0.9711249127257413	0.15688848292944532	36954859.15383349	0.9386851897480143	8.717666166958374	4.584723079984542	731.654686051184	230.6478272920577	9.89182035116603	3.076970041954473	21.973524506774172	69.52347897909571	269.36573142616453	114.97203726573707	306.37631487286296	753.0776281145672	1067941.0837509844	4161524.522658637	25001907.74996861
456	456	0.0	8.650186836103561	19.1463862813798	0.010390300443474557	0.050836470460848326	7712199.912353041	0.03368626203353154	5.473789202145133	4.533328900055494	1127.786842179446	350.3520202647401	3.509621481866781	-0.4136614869745751	577.1503242059858	2866.8255967023456	14345.29886433748	177.66403749329788	474.0131909717286	1172.3504512437178	93425055.32416071	520627468.680033	3655099618.45276
457	457	0.0	15.84490799982842	1262.2976423975147	0.9535971874533432	0.04530976154280427	777918.8592639182	0.7163397684139657	64.0514512471803	3.740720737027004	229.1865898815694	61.58296425520628	0.369855812177633	61.24738391477995	29.72256386780223	113.1447350904912	756.0949842673974	32.625052897755495	86.37515709114888	201.1694354133595	67918.73721435707	306460.3377846908	1956778.519819627
458	458	0.0	8.331730938656854	125.26457654776735	0.0712173065955302	0.014380509382050707	42891161.350192964	0.10494779724345892	2.567859855780652	4.319114376034122	1286.161232417486	319.4647956213644	7.303733649964137	-3.062002635381564	758.1568329983678	6290.962417558769	29011.0664363906	156.72444161514727	419.478091610079	1052.3379584883382	156203304.09692982	1398945308.8812394	6939309441.982268
459	459	0.0	8.36122653858924	250.10950627290248	0.40006517301340166	0.2064407937025361	26916587.285233133	0.3421195039638316	132.0761239239738	4.509068351995666	1077.177108346719	294.6680432167211	10.2175591750308	0.9235595533838802	63.08045260922049	393.4558338257647	2374.9030811915286	150.30566106815377	399.88229710747737	970.7004964336917	9165048.165032977	60166982.251672074	519851677.3782357
460	460	0.0	11.24567247820733	51.72147088613878	0.055000044287633575	0.2540022336487137	144369.36484482433	0.024961918864486794	14.948658601209413	4.008513137989212	410.1089124379268	131.6574727223626	2.02032953601281	23.36277285772213	495.8129543410801	3027.903014005495	11078.601537144392	67.86025502032385	180.21552309908816	431.42885404133074	4142744.6682602866	38331181.44810468	183561897.9490955
461	461	0.0	8.176959925666013	5.665232105175374	0.0024891822216510156	0.24390009054815937	217267.23174838218	0.0006475163606768381	1.841463949135068	4.356586631969549	1365.653999301788	281.0398302774261	7.655836704315726	-3.642271849516396	1581.1806668491197	9072.302588015804	31313.26418414508	141.1477125260085	376.34942407543576	924.9121968066144	343784007.7118797	2035484189.211393	7445944488.125427
462	462	0.0	8.137487285429078	9625.858816927546	0.5608443055923819	0.9999999999999846	371264368576.196	1.0000037103347188	161.4601964387597	2.746221475012135	2318.641687067281	532.8981661808593	9.13885690593575	-3.736185443914849	1929.1166158670685	7783.550115428356	27591.34250934879	269.1301585824458	717.0283323442245	1754.5269227769427	1353031621.832354	6160441000.963705	25070675301.900772
463	463	0.0	8.535263181035335	107.6918658511595	0.2304984208637141	0.5399926067152354	9464441.067131935	0.15759280287149532	12.232890703699326	4.220263320021331	1045.432115118601	318.1108740666185	9.281266915318916	5.981030855499533	89.54081487813637	407.0493731940008	1943.0929545026006	163.46378966842713	434.5480358634943	1048.5880831492304	13212964.56060395	68960714.90452826	362264618.49095756
464	464	0.0	9.669019125162333	3.6292893173780274	0.12059878961941592	0.1902414339217258	38963.92506307936	0.07463429915453122	2.470129866013815	4.625066886015702	556.6952467174382	156.5290380058081	13.75619553602021	7.370905821897322	6.705622130478827	24.460274384883512	103.17981116104602	76.52065941030219	204.4486834158775	509.5655232119576	146698.92911310898	689488.7598933344	4113117.5171312816
465	465	0.0	8.364049202666775	798.797726829656	0.357479871315589	0.5751668180040809	79885345.76227851	0.30279471312191203	123.8871715576115	3.985350162023678	1019.72317029163	350.003197290654	3.984536004971559	0.4174165129943426	346.3845814982901	1473.2548191040812	7446.236726460771	182.00113544679084	483.1438155008283	1157.394115290501	39203217.19974932	222814667.15759858	1711930033.4200163
466	466	0.0	8.151641025472896	1979.054415407906	0.13740154971798577	0.992005958668599	13283906668.76999	0.973886102688253	26.219218899499076	4.374340542010032	1562.424616880963	283.5521668739095	8.193111936583527	-4.238539292452451	3358.0371830589797	13012.198734520434	33756.647324938654	142.5504735078914	379.9186151842348	932.3270822915551	865055637.8747884	3355118424.823814	9670606865.147955
467	467	0.0	16.72178750899918	26.582003419420868	0.6640476912776486	0.8517525679375495	575604.9057677836	0.7189993271020674	10.977247501850997	4.196780797035899	443.2199272213489	111.5924678808132	12.5523258280717	69.78336792049387	3.7701792815217585	14.452648888794224	81.92926575711965	56.5204153351558	150.83948907169395	367.6926444682223	50802.8529739405	228872.95570400014	1622669.839336425
468	468	0.0	9.574326510894487	1498.1391567018193	0.9702836091025796	0.039038796676247045	161209182.37592646	0.9412085224423085	112.63349477175502	4.705142076010816	884.2892344607259	257.3587013697131	12.13643429945813	8.972494317420159	30.76799561312661	167.6542306886607	841.4901113202511	130.36878211683995	347.17697489040927	847.4038519417772	2945992.078885718	17102606.310186353	114502002.48215802
469	469	0.0	8.243580939661554	18.936562870077093	0.04651946859799631	0.02677103349759184	1361892.8602219166	0.031031381938170163	1.9616048630517178	4.462347952998243	1270.406525979872	312.8707004540948	7.216333800013351	-3.225948621658781	399.57904140782273	6715.521449565241	29993.949055788053	156.38519719642932	418.04377639514064	1033.495147048442	80227947.14172748	1426043698.460609	6895341145.072948
470	470	0.0	15.36320551389265	6.343879701107873	0.5784992086653045	0.013973547020910512	103089.24860436513	0.7290667269284568	1.381376486066873	4.444985138019547	379.4003325744525	76.74457998746088	8.684053250785613	53.90531811249421	1.4261953009315247	4.910885017570068	26.520283175431622	38.83493477959172	103.41345321399058	252.4479277110338	9981.406801117108	40990.33513734644	300451.0511867838
471	471	0.0	9.784893203161145	83.68019922018617	0.40820517348673485	0.6052983251291153	6274082.754190026	0.33747706560847673	14.930202511064739	4.674543856992386	921.7845931561033	264.2193250713645	11.95963674674222	7.93200027213391	29.61193384778342	121.17318162463506	728.2377114812804	133.92503218816205	356.5820450110922	870.025180191695	2746846.5409631385	13906294.903785134	110106834.91693038
472	472	0.0	17.97633024850236	0.1114686872546084	0.013881198762083975	0.9078166611384498	13749.673022515168	0.5260051586536405	0.2243782093562502	4.19071051402716	216.6651821167355	56.41753150532098	6.908867479658166	80.44464424881032	1.8359828375806042	5.851722308093474	26.29773047526978	28.961093638579115	77.03327870944534	184.75898138134409	3272.3651020541784	12496.447122892161	71801.6164982576
473	473	0.0	11.95936082966755	50.475644381522685	0.5688817912392641	0.2248517150787588	552076.7315120674	0.42165931428396214	5.40414132688577	4.008921295986511	474.2386456328762	126.9584193394317	5.603089357289413	22.88380095527923	11.278971647014979	39.429983108314865	293.3823142420705	62.18469669028451	166.60970414943864	422.22660171048955	179113.9453716409	772158.0436262359	6166604.424960822
474	474	0.0	8.547667729167841	516.3754152161125	0.6693219206148756	0.15674881283292938	57838291.11194728	0.5209568638748902	4.6512227227251906	4.76971477700863	1125.662375667803	316.6334177347554	9.582409273596799	1.825821610320289	75.57281365036884	295.132244392344	1279.7387131900389	162.04446184169933	430.92466774877573	1043.1686389390552	11670414.303921616	53268651.552431405	307111915.5123879
475	475	0.0	8.078364867482113	1338.6733641116716	0.5041826308495245	0.9050833702854099	735246469.046168	0.6187426838959795	99.2870850264557	4.430421465949621	1285.156564705357	365.2280437429111	8.773054703694116	-1.67745736142785	146.15908335651238	1303.0784886973518	19179.237598418735	189.30592229143895	502.34927424035504	1203.423770193203	28917863.767182074	330515977.7719699	5878504548.903245
476	476	0.0	12.48885018282597	7.537250352892446	0.4720241547895825	0.1097348912902013	41935.37159354468	0.40867687944816866	1.4690031610438472	3.935196422971785	350.9920235596659	101.3261089272402	9.042841070912598	25.67362624665834	2.4307553863752345	8.271738949096742	46.63322421393064	49.319648509335025	131.88105575013833	331.8110823038319	14247.008804048934	61363.737572662154	547769.1271047994
477	477	0.0	44.61131604921356	0.022129812910841304	0.011444181215203936	0.41986400190810647	0.6655324700468653	0.0030800256003767597	0.1518810248830428	4.370390562980901	99.32139645231611	17.98966109229442	21.74559283591424	647.2385185736696	0.43878485578374316	1.4261567851684513	5.371372546108863	8.935709253755732	23.863475402342857	59.12771025745357	59.66592190573392	228.1084298075336	1123.567864375949
478	478	0.0	23.44849772108189	0.9261736514537428	0.4473677977373825	0.5996586187168301	829.973471285291	0.3086455712170553	0.5316412774232931	3.568754333013203	233.4440478990817	35.20935494393724	20.44249554701369	158.8223361802174	0.344240290041743	1.0859163314572349	3.7565075662591143	17.740358386413988	47.260211689891804	115.69121726026387	469.24785388657097	1742.249358809096	8042.226197929181
479	479	0.0	10.27030821008923	106.01327856073785	0.23593278733729614	0.38939899842489895	2038111.5042106495	0.1444782258833841	3.9770717673585048	4.053689224005211	652.0469923709346	194.9233209987305	4.376771043394985	12.23403039296429	85.22114728875351	361.55840487466133	2755.2827190632524	98.43786102003241	262.27269883573217	642.7999518135244	3232222.1746482784	17600792.852931693	181639012.0390123
480	480	0.0	11.26786317452974	99.66612036882107	0.7209750377672638	0.5375389506075106	2512097.2513258555	0.7060652247425951	28.408025745602355	4.407497510954272	543.5478840247995	129.8458078525786	7.034616101478321	20.00372658148304	9.040108971837908	34.832610611337685	258.28908073773067	65.4920750527869	174.37851727188206	426.21560058981333	199540.51220702453	952746.537967425	7766583.851006167
481	481	0.0	9.226657914927872	22.346193303747782	0.13369076014527712	0.05215389605491903	251417.3395009756	0.0903911134883856	12.573806749576416	3.934556609019637	540.5488704422919	173.1785420084494	6.183798813505117	5.324005507662974	37.05378043155933	133.5245408598791	560.9976576009785	85.17819492089069	227.24601545784964	562.6762354350815	764554.1659301547	3503085.46443968	24943814.3563834
482	482	0.0	9.235862911194857	105.16087095230608	0.6908209737840533	0.48904282759043	3881181.8664859664	0.6223661434641492	8.74114642344336	4.546365921967663	614.7082793700249	300.299190605875	8.001782559898693	2.274060781860158	20.16449251377048	62.20933949670941	349.00710300951386	149.48121012520028	398.159547898428	972.7604106963404	431924.9772765451	2193452.2087855716	39138909.66874013
483	483	0.0	15.89841125877416	4303.058518997155	0.8623699133801419	0.051014066206926265	2816899.9116483787	0.3790354286319605	72.2094620497694	4.081743034999818	276.0101305134563	76.86093027790984	1.62568934919382	64.69434417252288	242.10913997710165	1113.0611570483707	5205.812580871894	39.49363588225711	104.97516804958178	252.99338730592459	933992.0396271137	4773522.719145804	25671015.206732526
484	484	0.0	11.11114653640476	93.47632973538434	0.5916600393613195	0.5060209446652104	1102110.9758600798	0.5240874172968719	16.40500683966845	3.366732525988482	423.5599267431812	122.9041920417158	2.188386895621807	18.53831290260115	17.428131511347235	65.4382514941098	419.91831760844815	60.48831221498784	161.61542486130452	409.3451306410867	217308.47089866883	994723.7704317317	7264833.121409906
485	485	0.0	9.13684098424347	12.461543536903893	0.23958658664751062	0.24736457221296176	359917.6403114617	0.1172269966114772	1.2663846784522865	4.751401212008204	849.4720542126591	271.2147946892595	8.038201000695206	3.308484241347034	10.11729333120743	34.041598501505604	614.328304491844	136.3994866339027	363.42655351959013	890.4400961532042	699605.0010498661	3163514.815978842	85535146.61679243
486	486	0.0	8.544841508809846	281.47810626266084	0.6763250779490335	0.9881621210012326	327015077.6810358	0.8941255477228685	14.946046189368298	4.674779391963966	1042.257256710639	338.2835802428102	10.14560695668294	2.304168078597854	23.296555859852447	98.01343766947801	1418.5642724067368	172.10944601356005	458.0980720052105	1112.4065570396995	2430824.799887262	15726575.709102416	349399991.6843272
487	487	0.0	8.225390383353101	12196.615252207785	0.4501951513864698	0.9999999999999989	442457113572.91003	1.0000033839344213	127.5485671531183	2.696629985992331	2543.506025295716	471.3776174705108	9.195581288097843	-4.451297934272494	4440.850488359778	14050.179752810795	34033.534097043346	237.819199709676	633.581969448036	1550.7082060807993	3096579675.1303744	10439795543.436672	28720778757.23202
488	488	0.0	9.298360520141733	43.446560102881605	0.31518129377181575	0.3302628879269422	336490.20212802343	0.14605733248664712	4.0467020016994155	4.19862311903853	572.8154648222936	180.6523417439664	6.302086587158644	7.589429333984532	25.735829118946793	80.16226474474789	796.3380796419442	83.16834031942926	223.7282790601423	583.1914843918123	504596.5629917223	2124352.658029759	44312789.38884524
489	489	0.0	8.532861858107967	5663.553517884478	0.9559422218650201	0.35950399895459745	1121805461.39666	0.9271597928557659	122.57594825289532	4.536030233022757	1152.318866265065	322.7702755253491	9.372894150890414	1.354179821373798	85.97993495175999	503.9035265817784	3378.332680962735	165.0461628383414	438.8978591007923	1062.8199360704134	13842207.545510205	97025690.33913495	867971007.7237668
490	490	0.0	8.09850118074326	1030.0231260852995	0.2603688518621249	0.9995307449554569	18259698771.275276	0.9964171386267875	30.154057334611856	4.487921004998498	1479.79532655167	347.0656716732364	8.177746371187435	-2.097500707636254	721.4138344717077	3041.7569677841875	19238.145008063726	176.15617147675448	468.90375952483896	1142.4486067530843	191305549.95499352	964786271.0268706	7168811562.180495
491	491	0.0	13.67199659920494	3.6751881886005147	0.13235548857109386	0.2199382036168569	39851.028055533694	0.07828940319668366	1.429972063471864	4.197162292955909	538.4317673794475	135.4059133034905	11.08821549158201	39.48632514510197	6.1937710266069335	29.254278948138417	148.64050731228048	68.48857302376689	182.56813736165674	446.49672305676916	142899.73316181244	761587.560139036	5038916.826899456
492	492	0.0	15.35959129518922	4.484975416597293	0.3588202286768943	0.013399193907889536	353306.6826961834	0.7708514757244792	0.9466568861759433	4.710088877996895	479.3357787981508	118.8941409398016	17.97320337430932	52.78148893351221	2.1735679749613466	7.170351261493038	28.66906400565771	60.026689708006586	159.93350997116175	391.52183041718496	33768.34504018821	130119.36574778774	709892.560730104
493	493	0.0	8.837152207705202	395.51713030577116	0.19638255508829588	0.8584423100768868	31734842.53453071	0.3450200153545544	5.528947501627689	3.778412931016646	497.8189237703125	166.7131320275707	1.924086062975078	9.587680400567553	408.89498602650326	3336.197774095486	11566.182291486075	85.28659728220038	226.60644805514	547.2302369795922	10215067.542948838	70824670.82118115	342743356.16062456
494	494	0.0	14.15322703796369	16.733417051396287	0.8214734985104032	0.562816598802393	100756.34339489437	0.7171694899585912	2.394827136698876	4.717982906033285	366.8113542646736	72.96397421903458	22.19758967836697	41.86046261655409	2.276013507662979	6.8165583911822125	22.53026042125142	36.975664599597565	98.44160127362892	240.06706308059816	13603.508926024717	48685.12441204457	220941.68010722526
495	495	0.0	9.41625259013365	9.940384110469811	0.1003402045914303	0.8322012888393426	2569247.48525468	0.1980878353476617	1.8702681403976413	4.142160768969916	863.7298007859974	253.4748171639176	7.509790942701496	8.282953673358392	29.15039141723716	153.43967705986827	724.2416161166757	128.06551611782766	341.11061443972415	834.0344329704914	2615545.3137161587	14717567.872797877	95518130.07903191
496	496	0.0	9.040677563122072	16.402289480433726	0.42988024684496007	0.5886441650028661	785035.4732368073	0.37269157899503624	3.012072002405093	4.616327190014999	764.3609474566856	221.8732251718445	11.5274263134482	4.23547551377297	6.30156486875244	20.553672041534334	99.23964317298403	108.61461994459648	289.8043940684081	719.7030475960332	326326.75225803326	1303874.8924308515	9983645.640318837
497	497	0.0	9.404126047071388	181.23497151276013	0.724173020059936	0.38795860766155355	4372306.772742682	0.5213611661003755	64.27271992249268	4.013812541030347	669.1016781339399	194.4911044669458	7.974887917746257	8.583977053537664	26.6636042438697	88.81497836135097	408.55770238677286	95.78162348413207	255.90798463707665	637.2613276978107	989819.2499366334	4030739.594559452	27593507.020236466
498	498	0.0	15.42366320634232	1.9933224073764853	0.5093990075790947	0.43958597990213333	16983.8689140595	0.35659962155456687	0.9386987621115659	4.665222838986665	469.1548396139273	97.26871015565023	20.21655254012162	52.37272597292883	0.5789442173410944	1.933197975160953	9.025094261607824	48.966828769047254	130.5089057111848	320.00647214057955	7538.489425930129	30593.210411787557	171664.18546959257
499	499	0.0	17.42968807854706	11.520616676843112	0.5057675626636531	0.958727395458116	159015.13724327486	0.703463732292403	38.34841187556395	4.155007865047082	321.3446861310157	89.68338080710417	12.65125656740197	75.51209447806859	3.1579180942422918	11.298328805782559	58.852879251477574	44.199101065819264	118.49235528162052	300.3552564405152	17035.64219842323	71388.40768980708	464819.87766275456
500	500	0.0	9.199285198684482	562.3267422914068	0.558362038941316	0.24112104064628986	38095511.86867743	0.47389152569114307	133.3504672358187	4.294513801985886	846.0584459847668	264.6896397507686	9.783688941596669	9.318172583816342	112.42768215741442	444.8442675055681	2078.7038288807403	136.8722762513321	363.2753183308713	870.2593121219109	9254128.564535433	42815775.04529532	230680327.36065567
501	501	0.0	8.801761258741088	44.744842460317386	0.18663204619440532	0.4679174007612044	4423536.386884826	0.1352656511827184	5.115642492777061	4.599901456036605	1126.031020143125	317.9741648732418	10.67760174891243	4.204946504366378	49.77391014401207	328.6229113962179	2329.421555684201	161.77035726613985	430.5648858076311	1047.8103726040185	8285125.806148131	62714115.50605129	555871799.0260584
502	502	0.0	8.929769971069911	96.51876919928628	0.16396182684474594	0.29968046878957466	6428513.798144328	0.07217602964004735	130.4247325802191	4.496725570003036	1237.676574960481	343.5037481013122	9.522820634385235	2.040793350945838	125.89711764509474	486.89120272908457	2718.625192048553	175.10478574531612	465.8817911033964	1131.5440230200657	24937700.593913093	113232798.96440975	806516226.3764942
503	503	0.0	13.63920396510668	0.6794672186328742	0.13734255011369478	0.07776896630065873	21813.076054365738	0.231794305975208	0.40642650541368847	4.680562926980201	530.0408702232216	103.2132276199812	18.65098192323302	35.98398782409048	1.0754221270061894	3.6452488069616944	13.614685579691598	52.134487282818725	138.84537989387934	339.37895288725514	17926.88988065223	70402.66685435631	353914.225414203
504	504	0.0	8.618560042926726	795.0209054262057	0.37158530108037086	0.6706697763134662	111985332.70711438	0.3906519139326052	2.9185533332225577	4.235421667050105	932.8812025542474	330.4581399833892	4.393520460497918	2.016649267967075	228.41941640772288	1733.8439327049261	10152.0311168986	169.33732932478472	450.6656121255145	1102.031201313733	25376414.060047187	223844589.2087047	1771536274.2052886
505	505	0.0	8.021475038779652	116.3995374202204	0.290480704011051	0.712460546000122	20784638.63414877	0.2949095547207819	3.4766417220953176	4.582720984995831	1142.145015472012	313.954489971144	10.51253747831366	0.1001610482060434	64.05504416555178	379.7549634948416	2431.8106215660514	161.28512229085004	428.63273419430186	1034.3853779551127	10113457.84307523	70740647.46647583	609942512.2572521
506	506	0.0	19.99438189722022	18.884107017249853	0.41861237807488644	0.8598929075885153	49967.54455241986	0.5700933956975492	3.503369149435452	3.042710783949587	199.0510966428068	48.42009693476593	8.636337374603023	111.2137787847622	7.5364180768737885	24.520830806784833	111.48192431382014	24.255924678113786	65.32107422196415	160.92808119095787	9996.734947954503	38778.55078195942	188416.44163139092
507	507	0.0	11.07794004735744	38.856672980632254	0.6641447795733962	0.06317896845467602	218052.82654116664	0.34096570954487143	3.7025946011344755	4.503272281959653	457.5493413400318	142.7097144595875	11.00765880258017	11.01841342140733	6.784039955935913	22.95524134872005	91.38300636259694	71.48069550039833	190.79734979768057	470.13943199355697	105307.37914871941	409854.64311697247	2335624.121624609
508	508	0.0	9.899377626745794	4.439076545374766	0.14205632454429615	0.33363187647080417	130508.30818242351	0.0639296128360214	1.4271148594788274	4.452076351968572	917.0690332535271	275.4403014817085	10.37673052097282	4.780738376963702	6.809699109662632	32.53718415584329	679.4784615324328	138.56608310781633	369.27318311302474	905.470329192983	584352.8672676922	3749034.64293875	113507379.05268107
509	509	0.0	10.59072328635507	5.2128003745538045	0.45916552867275157	0.3816919961993827	83031.9958590699	0.2823601974675165	1.5838514848999399	3.623986477032304	592.8779290571595	165.9401151515504	7.141221877257884	13.34941384976367	1.7560322570069598	5.95324030739878	28.37803763899005	83.2256627603615	221.88592986306492	546.2556977708182	51792.1375554419	210197.86216775925	1428917.4951619625
510	510	0.0	9.132677283531928	887.762853221978	0.6279708933045896	0.8168377362368716	93883839.50727776	0.666094836590298	137.91756557382334	4.216379099001642	825.7735300640092	259.6333149911943	8.899199156010841	8.65570117975495	167.6487270951973	594.200392957188	2685.6499646285106	133.60094459029085	354.75396181853864	853.4914338554362	13721171.464956997	52038607.90470661	292547716.7574743
511	511	0.0	12.42912092835068	4.7472546807256855	0.348643477553181	0.5036524100274768	84833.74113461717	0.24567707772865838	1.6068041510344269	4.61775337398285	601.2081849747697	147.9359944417415	13.8143854799134	22.43894545718595	2.2883081718764786	8.79179259642494	99.03995453445295	74.16289938675743	197.7332483818978	486.563813153038	63409.52820709393	311527.960362901	4177788.755992239
512	512	0.0	13.1313371366324	2.396576775974117	0.22251899372732573	0.6093939547257524	9375.820888480997	0.17938583316656975	1.799755084155803	3.93750346195884	342.5980887768967	70.23861951816694	14.85355222784216	33.25399578579621	2.1162237937451915	7.060175648246637	34.84426189050634	35.3256104322046	94.1066038237928	230.48042855673228	10776.542190730863	43493.27601922426	303022.14007393504
513	513	0.0	9.8052445210604	1.0376423387083544	0.11498352605979259	0.16243357215717097	13499.203551356288	0.06115083692789744	0.6581290737064514	4.499579076014925	622.7002626517967	177.5030701311956	8.588069393368045	6.126648992086466	1.9921721403558508	8.207763471828088	165.87418454748985	86.05491196316541	230.01491781252105	577.0200043768637	60054.15295458095	316026.3480235672	10330891.03100592
514	514	0.0	8.96452583765758	1480.9336369748985	0.5497718773521115	0.24862847403889657	78318761.09739783	0.46617510076504276	171.3069074872632	4.359884377045091	755.5877903470821	256.4532541982608	4.298488128195971	6.159763000956773	223.09334452347397	1194.4900501183774	6602.314586380314	130.27232522640315	346.9746271825427	849.8753797924315	14551099.684469689	92761583.26669395	647972526.6836729
515	515	0.0	8.191002859522296	61.67496895980828	0.3113356902646789	0.6917446845751414	14240643.256344238	0.5009891119299567	12.860217504044623	3.989629986986984	886.93675359546	293.7554842460054	7.287724937222006	2.180994217323321	32.8936336728619	142.6914519015989	1649.8233502704543	147.38448274060806	393.22022426904005	965.7179201101632	2312343.306907402	14164713.739028342	273746080.1882658
516	516	0.0	10.13141845890388	13.100849243218219	0.11672398786564833	0.0480805641584231	395660.16110313777	0.1761821278271647	4.037272812224409	4.177195134980138	511.9046608675404	140.2655471469682	7.83242168140924	12.53917661572388	24.151977257028413	81.07297474118725	268.21622169550955	71.47523212416348	190.15576618782444	461.71188267014804	467872.09748619405	1804545.0251640405	8771525.015367407
517	517	0.0	8.044868536229805	25531.3126873205	0.7849355913598154	0.9999999999999968	140292754100.08832	1.0000034507061193	49.45790269915012	3.141842584998813	2025.074253005605	397.4003192439001	8.078453067468747	-3.932234008002809	3653.558605124178	12058.45070346582	32848.4687035269	200.1629908245809	533.3590651532688	1306.8792241760127	1651947689.895413	6060188303.473594	18328982414.10018
518	518	0.0	8.002225814016192	24574.517931778897	0.8547464541447597	1.000000000000005	285008672547.5483	1.0000039293019374	123.81395641028097	3.168622812023386	2077.302516640568	500.3748433219795	9.207853636690327	-3.223768996862031	959.2733215668047	5886.741838359129	28654.488245997756	249.72500590744403	666.9110189866158	1650.4405659077954	561379581.1481056	3874400951.3965487	20037855010.7315
519	519	0.0	9.500081311250208	103.18066250814871	0.3005256965916851	0.41554689300386466	1656466.7913194778	0.19207204418734952	8.876334096461619	4.144025610003155	573.4780924764725	177.4783889700818	6.82340944033731	7.412469020232054	61.218766768479746	226.86551620333296	805.6280482526596	89.27702215348165	237.66035756170675	579.9016648568108	1749668.2701014727	7589407.0812798515	37463051.529643945
520	520	0.0	14.13985949744058	9.907599202453238	0.6164802155500139	0.580092052262377	45241.361983357594	0.4887346482633409	1.3534633881876175	3.640366633015219	352.910445866194	73.1661990279222	15.20459100040087	42.44100660090398	2.087620153829399	6.8958005020723245	28.120018392336604	36.93734124042027	98.37415902493632	240.4918007985474	11888.833823798503	47207.67126732463	256804.28224410568
521	521	0.0	8.588782768009766	433.2328884873857	0.46071546559051196	0.298230826227174	39943574.18089801	0.31735722909884295	142.41287331949022	4.571165267028846	1125.390989010309	307.229311602026	11.23208741174171	3.474696943836229	130.84032140148986	498.8495744426172	2270.757319331709	156.32091717328763	416.0027098515544	1011.7852819495233	20198104.81333259	90075073.2808885	521767000.4494452
522	522	0.0	9.512096068656698	47.420090954426264	0.5873753132737215	0.854833138888253	3342003.6895181453	0.6314911494780007	5.053017698687284	4.713192263967358	669.2730706334798	246.9208064367843	10.72058756648579	6.914367176560445	9.255912802307178	34.84954520533761	321.38263843649855	126.29534379820564	335.55307617736975	808.843529119181	403455.1393839878	1881065.9005610605	25545449.62380258
523	523	0.0	8.37086736542907	126.1038701929777	0.04349809759852416	0.21177969770266036	10344192.948307468	0.02404366350732449	7.606162865224827	4.414858729986008	1265.560901256638	349.4674050630816	7.157345945797194	-2.550631344360435	905.4647279828519	4068.50981414561	23540.33724707811	178.6481821363766	475.1712674660762	1151.4367499045013	170101913.16030207	948827722.9455911	6728076755.503511
524	524	0.0	11.19177357291171	7.609377150527728	0.1091304315126348	0.31839429377999096	7314.826563772322	0.013619504003215512	4.4844278081279505	4.393514835042879	443.6160561396411	122.8518768718687	5.256676802719888	18.70294541076388	15.076957595885805	59.75785052959144	734.01400015993	58.5611720208077	157.10673770290197	401.5083127315199	154605.46267809637	836877.2433360552	16471607.142013893
525	525	0.0	8.183011126204736	51.55098936445048	0.31212265985445975	0.3916001298062112	3218004.6054318077	0.2700812941830404	4.315170288833864	4.403342564997729	988.5719129771555	374.0426249256728	8.457693272368646	-0.7219396203153416	23.93470839058453	249.12793187766889	10290.471763761288	198.312548141997	524.7889763578814	1222.000076048979	1785493.6150878456	33449756.39990176	2714169030.9860177
526	526	0.0	10.060178446281	173.99606382282343	0.9641177382359095	0.2572961771468732	10188936.131031813	0.9328467602232169	5.529721731213818	4.709179174038582	713.7042838578511	185.153129765115	12.07241014219949	9.199079835235374	6.862395495350165	24.602813134449956	103.61241623562162	93.18955020853912	248.21538534094702	607.488673069759	301013.97554991004	1279657.5888835478	7662043.448613536
527	527	0.0	8.17905745143453	37.19119965341828	0.17086204512647193	0.28594061132169885	2068699.917975472	0.1344965533281353	5.410503527548898	4.500728321960196	1060.718704687917	361.420996071279	7.86984240511438	-1.895550569007384	46.80569782371124	711.3333830391034	16525.772796151254	202.14943783153126	525.2604162918865	1178.7917549431525	4039753.4109947346	117073271.68126598	3987088246.201921
528	528	0.0	9.679600220135331	270.4623771692585	0.6998343122588343	0.06248330085440319	34735422.90482955	0.6616011513726442	19.367591661925726	4.552265470963903	977.7462746975045	286.3187083161808	10.06080187841729	6.673879959360002	34.58975130401857	126.3782803941096	795.0679960976557	145.5040062538484	387.31485543023723	943.2129591338224	3799618.368822374	17115515.915657762	136262108.983345
529	529	0.0	8.856166816910058	3483.0686276260767	0.9761076182619579	0.8792906256196439	636139524.0570749	0.961013584009208	99.51070735978091	4.594388847996015	926.5368124360197	311.3745178981049	10.82341702226884	3.455721307314331	31.33492699920135	189.02622762166948	1678.7263840745609	152.84594749631538	409.71949045943006	1025.463680920975	2495056.4802077175	20392888.4985877	310337580.1383662
530	530	0.0	11.15907194816557	1.911360137336398	0.17719796419827838	0.64012659151443	86822.55434310444	0.16258365444878167	1.114457003702878	4.722285934025422	765.0505426370537	194.9605003220182	13.07201884298023	15.10740341909339	2.1978527549632214	7.453103951161015	56.09057945636357	97.22415444672868	259.33889195100437	640.2159068820281	113166.08965046138	466823.23235279555	5035331.83099187
531	531	0.0	21.63411192469535	78.10676485745518	0.6522556130878921	0.15743997549687874	67725.15449897946	0.4441294412005779	7.922563918801969	2.696219459990971	206.0444274146035	49.43399353785797	8.616714241949452	136.575466898182	13.660933644995298	47.34703183418579	213.21718168210393	24.87171069353181	66.28324729458305	162.89029820585236	20508.38783966264	84308.89111463998	464096.239758847
532	532	0.0	13.65510316434476	3.2916047648125035	0.28209671474453074	0.23183458070474222	49139.18273534532	0.18473217403513673	1.354569673382885	4.812875068048015	578.5876955375651	145.296670327521	12.54363941388851	35.43942025803165	2.1324089687247216	8.11446095581391	233.19229114936425	72.41755617036199	193.4661991927884	479.2732204294166	54692.495667860116	263150.56933396857	8171037.555843453
533	533	0.0	8.042817536682017	564.2151529931452	0.43956512617672233	0.4504072819087754	42728609.812691025	0.3097973033691495	150.40800265635087	2.674607402004767	952.0973785023461	314.7042019466357	4.466847028359854	6.824524392045046	187.97510417306165	692.0001195927272	2658.4578359784236	163.55570178996936	434.1241742482724	1037.630423140353	23408862.83969588	90724017.77020304	385833905.91310745
534	534	0.0	16.64373133310971	2.2105224229828506	0.3878360857766921	0.14028317038200552	16563.56954519067	0.31476187467474503	0.46700144336321675	3.965600238007028	423.3775942194914	85.55588907748424	16.22784913023518	67.38082781890944	0.9920437726458292	3.1698946142466955	15.473522058695258	42.66187226323382	113.77289066949498	280.66777997522166	9052.205663734792	34616.008147147404	221566.91987100354
535	535	0.0	46.28182831069538	0.04507924852208412	0.12283142708569875	0.18463853348725678	18.578977891424092	0.13876578128042608	0.17392267162595276	5.548080354987178	158.2612361098524	19.35096120087666	41.50201276618753	701.9571773620102	0.0768004899769864	0.23943423583171602	0.803081397207651	9.794035128986877	26.076753335698157	63.64595908288403	28.8414387092749	105.12342431127273	462.6451513571674
536	536	0.0	10.9927158775249	58.12108493086675	0.6738994469540147	0.2394287105522596	741764.2973035296	0.51993748715977	4.978893148349087	3.708666517981328	496.9276425311734	131.1140482917025	12.13239001830505	18.25207637234324	10.339047284819156	33.786487013387514	164.35442938348012	65.4624032723832	174.52046317189354	429.57074115948353	173954.092915682	687994.3788983041	4798302.619320248
537	537	0.0	9.71624154177965	15.920351332598235	0.7768370194418842	0.03893881734960986	586198.1865313317	0.7355051922007663	2.8308669078497255	3.618758620053995	624.6634195776073	156.8401671727476	9.57435928665203	8.654806362738	2.0586963042945454	6.732498152900825	26.86032575013397	78.9518622391206	210.2649262521071	514.2461291748767	60813.042865849275	240789.1448841158	1382244.1905304068
538	538	0.0	8.165385462477603	258.24016346088456	0.4281412269302913	0.6328702410232441	36483902.136212505	0.36743078547399033	6.916882400826167	4.480701391992625	1162.999449197583	326.6838967555427	10.34941046636494	0.4023762058911572	99.98859493074741	327.31744224305754	1932.3229713499156	167.50926025742228	445.28194428783036	1075.9590596637074	15720557.678170001	61411456.92232091	520387955.51630235
539	539	0.0	8.008919748967452	8669.064061385014	0.5891617841978141	0.999998765700503	38213796596.34456	1.0000028415998823	171.40010696298563	4.492307110980619	1581.071733179009	347.4391257138846	8.187187899869091	-2.703017344691481	901.2300286821396	5777.41588153342	28597.82889005075	175.70787665393163	467.9868818178197	1143.5124830403288	283249850.61593425	1986252707.8609104	10541049306.19778
540	540	0.0	9.14211088880065	2437.3087456930225	0.9454493470333368	0.0691926976438079	172213834.84968746	0.8810784363434857	27.000089850410927	4.52584473596653	886.0635096841843	288.7977276291389	8.59406522836483	3.228154596229527	30.258185358185287	113.51467399151484	1460.0801202962862	145.84444118454473	389.06517249418016	965.4477857585306	2498421.532410489	12613586.27283415	214320166.79461288
541	541	0.0	9.541869748955467	1.7408786156528406	0.027728079921851487	0.3099420862481961	18412.62421164356	0.013593249965169722	1.203551536369399	3.842614157998469	606.1105544161636	196.5317109463854	6.725334693085204	6.218782500013765	17.079538916758057	72.28738249817582	495.2900978135554	97.47997490187674	260.12780513107316	642.5132335986636	542399.861104704	2847301.8962839395	28779537.554272808
542	542	0.0	8.172855905049119	3.606339881766789	0.10564096944305858	0.20188001049213308	139011.69954168476	0.05847226210422976	0.9256034166725509	4.322060252015945	1032.970486358816	322.095404946542	8.738874982942507	-1.675264385141909	9.575797287009289	227.31263679027438	15523.275935967315	170.91685387597067	451.0418375830112	1057.8640048127377	1039043.3651187778	34536847.37929139	3236554698.8903522
543	543	0.0	10.11990871862792	4.999698472449431	0.1616535761209872	0.32086358294057865	21377.229108488893	0.07002913829239106	1.5053721955201065	3.651556465949398	424.8775333577633	134.0571232374074	5.33845969938092	8.550477669211919	6.367865427668057	21.262051047767894	107.17108939981782	64.73148909712921	173.69348199868608	437.83632770630186	75447.50901314158	312413.8033468796	2123036.806616968
544	544	0.0	10.5186144998695	0.47538116623288884	0.010200728151384198	0.19648331535160565	25721.361994600014	0.01969534385664456	0.4505635532870422	4.088745173998177	617.2978149055232	171.2611883872939	8.871504821282041	15.13034235495088	12.4948693953533	52.23910475645886	263.88580180070295	86.6188759122158	230.6935601569969	563.5977732649571	427896.67828677176	2133448.7751297834	12768204.918073958
545	545	0.0	18.29052452646332	13.877851563197474	0.6439687322673805	0.2562007220780695	10929.898842070745	0.4487448677145197	9.200668508596953	3.972526967001613	199.8204563442684	43.66778403280847	4.598958106770702	75.91676298894808	3.02993136309917	9.520716857245336	29.700119149055958	21.03400748201534	56.4118572198505	143.69427218294385	3712.6479309494557	12944.95978686631	53242.350910110756
546	546	0.0	10.65983950140152	448.18280654271166	0.9188752009775986	0.5324920860348622	17371735.423117895	0.8572438858868926	21.526886204662453	4.672191106015816	610.0313384857998	194.5538875139281	9.471046440091984	8.397557044452457	23.91756124945508	96.76717189974472	397.9894002489011	97.47049133126279	259.8361915628465	637.8805994567379	797791.6981372292	3766900.946735178	23520371.43995574
547	547	0.0	8.492804241745771	6.27830988507586	0.0975193660089831	0.5947957493992377	617946.727561307	0.13087225994571314	2.8089797010306237	3.860783156007528	830.4209636032566	282.5233229563783	5.652368441753461	1.829520558098531	22.738283686419074	401.526435477042	6262.648263617858	142.59041986454713	379.9626895172786	930.4330553098603	1581297.3714214538	39354281.950717896	883451261.226602
548	548	0.0	25.04521547251139	2.630169245588383	0.6820593808802433	0.3767497848640503	2061.835025528716	0.5073825876248369	0.7685849745008039	4.606156444991939	210.5986377820687	33.92005741773124	30.26888207811671	182.8984593158532	0.5100078970871716	1.5847901608822692	5.34879780738744	16.97971027692438	45.26868104828645	111.37337158249119	550.0859965972884	2010.418559748327	8996.470590810528
549	549	0.0	11.38739848766104	75.26103484166154	0.5139972044967805	0.42399671611279166	243792.15444464586	0.23251522786338139	84.91842075740782	3.111411358055193	386.9651427531451	112.7376869140061	4.307612890193688	21.14560858579199	22.739706646205097	72.27441262351353	267.01385451231516	58.292522776182295	154.09784170435353	369.7429480923321	201359.0386228864	732427.5648458289	3388384.2303662864
550	550	0.0	19.30276086233781	2.3998552667756883	0.019723090975970567	0.7645451718020821	61740.37118160082	0.11182435362205541	3.883395361420009	4.32848894194467	279.3239590365172	87.0984531495408	10.07126463665233	97.11978211048715	27.967648764838668	97.80628845849307	396.4230610897464	45.346513326076376	121.16113147748496	289.01008700062744	123957.48367901679	431565.934051109	1909961.7651857315
551	551	0.0	12.47548859650855	32.548856678343896	0.4776805654235914	0.5411228665121209	303698.31403993536	0.3929030125518456	25.082761893679237	4.362666686996818	441.9525830528921	107.8691224092836	6.667313555742801	25.20287677458343	9.013333848787756	35.311799563525945	171.2023662870895	53.963603868766995	143.8439212709357	353.9038794250476	98580.76041900474	496320.4312746218	3517927.914193544
552	552	0.0	9.188000696543225	1752.445131200722	0.9439327622128577	0.6310990963244563	285015936.6857001	0.9267111480166917	132.50267241347268	3.978673603967763	977.8035222083781	293.3429512064144	8.82690723567573	6.965417020371191	74.6190086679184	331.6066890748343	1347.6753394528146	150.15304811955662	399.26031206936364	966.2329199713821	8851518.218582578	42038185.958871156	234864267.06050235
553	553	0.0	8.420979957093056	74.42174119645053	0.35557373824157745	0.40475303381701144	4285766.497278376	0.27032456508953173	5.040669972993709	4.357010539970361	931.4374945683236	308.3474501608337	9.460685146989139	0.07136377018745221	31.622266665503766	137.30956245562032	1409.4787801344364	157.54465188916254	419.2048185712507	1014.8840950045211	2578793.1251073433	15344919.827414267	287882889.0975785
554	554	0.0	9.597135299752932	15577.29005511866	0.9618860854933845	0.18098824741086592	420422480.23746175	0.8630885147431293	91.10902524303991	3.961345739022363	581.9967738603182	187.5970159799531	2.017868111561855	11.95467972329222	862.7367303857668	3319.8558731620697	11582.596675139646	96.96826919185798	257.29727725642675	616.4911079845394	28539176.529937714	122029079.88214475	494775785.4001015
555	555	0.0	15.45543908155164	3.904682544712951	0.1769699063482069	0.8240231933993212	91318.38870956542	0.3656281649853014	0.6554300673833787	3.978616586013231	414.0016165776601	85.46247988987871	17.89147842556414	57.25354076604754	4.479629384123167	14.23340180632879	51.872230341992825	43.01187362100222	114.6023066650838	280.7979174060676	40480.8794198163	150658.29780668224	714715.123117619
556	556	0.0	8.972247861420454	10.09775166894659	0.12657049628817443	0.4953113221789716	802604.5838994638	0.10106682844584677	132.60385645460354	4.563018142012879	1010.325356592238	292.3522323248612	8.259558784750375	0.9666171169199376	18.788871955090066	112.4659506274173	3812.5874019525427	148.53547602668198	395.3962700771858	962.2359846457134	2147779.2923672306	16030880.21306222	746901913.526836
557	557	0.0	23.80870575604713	3.1604651327481887	0.5543685612253693	0.5754636897704165	834.6437329233422	0.3684189831347593	0.3830751872094408	4.131686970009468	154.4275473358749	25.08428666265932	23.70391028853472	164.2052567998939	0.8609230529853861	2.7054350024969427	9.144227089100395	12.407599182904306	33.124006162330005	82.15418766859788	363.14436368762955	1365.7453056384363	6447.340354083795
558	558	0.0	8.626812723967587	1100.523792282977	0.5857969691961746	0.40248428818165255	69631047.75031732	0.46936196621607906	36.762794680180185	4.183420766028576	890.2976140981035	304.8656936652337	4.902587464769292	1.735436845856422	187.7209405055764	784.4669023775357	7819.480904722872	153.67628151764802	409.29203771985476	999.7609157584856	15094091.599572247	81033404.02377345	1332659544.5575805
559	559	0.0	9.454830217074466	18.85132210923317	0.5007766570315222	0.12882982761802791	1368706.1244153017	0.42626549097778593	2.541958040134251	4.542076620040461	902.4055210507534	276.6915180219048	10.51843373401505	4.966950209374276	5.353830702297556	18.800994071036985	131.41691880323663	134.464849323958	359.60529165299386	905.1373640812703	434680.0663149334	1861106.780440762	20559380.322658304
560	560	0.0	8.317868171709618	405.7984774595618	0.4550757450451853	0.20513213710565095	27764693.10962681	0.2883397091025214	139.79128641481125	4.197275065002032	1015.48508677351	318.2686928481696	8.523363797629091	4.442231621518914	93.81223762070645	486.34739422563945	2493.4820312545216	164.19160897616325	436.5638008316199	1050.5562846728496	14758323.861589711	76188220.52988443	407795376.38885117
561	561	0.0	12.50422840148827	2.5408303712446885	0.2826371099107816	0.16768642903912767	42565.299080562196	0.21037950580208334	1.1469781898498426	4.658547819009982	588.284745540326	132.8244722576736	12.63970913286244	26.05646792229307	1.662933933803244	5.888986626259671	56.012422893785406	66.13505590085049	176.39561265801757	435.6158330839328	39782.141710975025	173730.62078488778	2259419.8148090234
562	562	0.0	8.05259192049594	771.1010365376885	0.40874381445123553	0.7494670784957616	175773067.5216348	0.4014490796951967	78.77458149343668	4.355652361002285	1268.435101851311	354.3554013836959	8.419638834841386	-1.577354146933804	95.83123680676863	1591.320146978108	18939.360555556905	182.49841167814793	484.8800529223479	1167.8596454493659	19227719.994138483	400743245.5482345	5669605735.680904
563	563	0.0	13.69305259145513	213.49532100055904	0.7541145738392189	0.09900744452116571	3387307.3642315716	0.5650110466821183	140.82076449424008	4.731538110994734	554.117900825823	157.9802153902247	10.48771657634583	30.83738718741947	23.858205466978394	81.39195175768816	428.4380219562251	80.26973085361294	214.11639185177262	521.2466104706106	622038.3361217418	2603763.3427746086	15440930.745546997
564	564	0.0	12.17323691969821	3.1375156971370517	0.3336541141859623	0.06221576900531551	5231.195203988049	0.5754323223537913	2.0710602768096886	4.508573740022257	200.1846137807692	73.97315728479347	13.06858300967744	17.62379943747023	1.666146155703546	5.502427136309144	24.266863478839927	12.897634882752243	34.62929496594785	93.78940196384221	999.275039407291	3968.7748947494842	26982.927842332407
565	565	0.0	8.547241555307638	136.54258490528775	0.20657849243940474	0.398308861312698	10514640.245761743	0.12033018087623984	5.759422314472659	4.050297791021876	1140.168394981328	319.8592045726753	7.858401876614936	4.37335319368948	130.75962265641851	475.4850450873736	1893.217475270825	163.2602299359762	434.3021420514664	1053.9144569451043	20974497.777631614	89992188.57062443	469064385.04333293
566	566	0.0	8.112278028010746	16.156402670314943	0.030451169677216207	1.000000000000002	466506240821.55615	1.0000041840235419	66.83963868155736	2.649189981049858	2347.61389680587	646.1932325223695	9.596791279281746	-2.722770491603669	146.80051363010043	823.4317681449238	17273.507848932986	334.27897291992986	887.0211363130568	2127.7447858240353	112275002.68919297	790720828.1597056	19410405012.015656
567	567	0.0	8.378999489619412	1432.4644289640178	0.4180800725021436	0.029898214298854548	87218223.26854597	0.3014049771901035	138.27710937487092	4.177893948974088	930.2313686268571	314.0084401778988	4.300933401312282	1.385822480031887	340.7678927268056	2165.059879086035	10296.60420144761	160.34615264746503	426.98770019195456	1046.3670353591422	39509672.218881264	271757674.0397977	1748611290.3310292
568	568	0.0	10.16156642870172	38.9878126126981	0.2912198326748894	0.32701746858131786	431009.3034411203	0.13560665365260968	4.5957641384206775	4.124082805996295	604.3207699029322	174.437126752525	7.738574478198696	9.56776129421133	24.393550915566546	92.60095418082696	696.3711843612506	86.55374585513187	230.88749961604861	570.3465473550874	711875.8707761875	3551311.536556992	34495716.12397342
569	569	0.0	11.06254843089287	112.09815748851736	0.28628853819948896	0.7167265169124617	5850275.869617833	0.3341941891944243	27.419452894900363	2.598967425001319	626.2302887683239	181.5294990750146	7.199517116659191	23.82821568591082	70.19253244633403	267.3022025937487	1106.6119901912186	93.32824106217174	248.04760176987162	598.1218877175927	2812422.34458695	11358691.777598642	51717647.6950115
570	570	0.0	8.230092470859812	59.27511369303942	0.15686021812106046	0.3945072589011275	3323049.6894890005	0.12970645403753037	8.594367085022796	4.575617281952873	873.4453651671839	332.168273539857	6.84548278996603	0.1078825592802375	90.94497295473806	654.6719905649841	4580.616535998277	166.98316391105107	445.99035075212794	1108.1981827023883	7462590.287112015	67375158.93746099	890956868.5757926
571	571	0.0	9.553156484800601	4569.953898174206	0.9263087416445079	0.9876611640259243	514932655.19640815	0.9829088282537437	162.16934801371798	3.657145222998224	593.9814180389922	183.561166656125	2.51925395966545	12.96532896332877	179.00966534128725	699.9645020529254	3747.9577789025698	93.20597356744076	247.94773922238284	602.7466027918249	5331258.42489413	27424855.64693421	172813586.04608425
572	572	0.0	8.226623700734674	20049.046596803077	0.9587052967809996	0.9996005034782783	281075903082.62805	0.9996046953429996	98.95367886016984	2.979134857014287	2045.183617857217	561.8228238198864	8.292951982731267	-1.1143664110891	222.7775561859133	926.6580782994316	10617.272994837409	287.10855226711124	763.5690438914992	1851.127565841431	138487024.64117625	650387423.9705445	9340155292.089664
573	573	0.0	8.495278663026909	1116.0507247193736	0.8091507647232484	0.5666346418951951	66514962.20885478	0.7289176063687138	7.677768511214692	4.221842727973126	748.5815107210378	267.698148502773	8.119550949288513	4.194162640692991	81.1910989523564	368.67183488825276	1769.2582562502723	138.9478781676777	367.96762847475225	876.12407991328	3488337.304537746	23937334.52075089	177200779.09772858
574	574	0.0	11.00898137728965	0.058193211728508644	0.01349070250532367	0.06546056633353578	4119.466313638668	0.11629270128187334	0.1158289152803478	4.050928182026837	379.2505952440653	92.03650635436921	12.04679365975389	15.47029817503078	1.064288992083017	3.9932708017716467	16.834931167522495	46.47506292332241	123.78733073565428	302.61719981177515	8553.44007554814	37603.19485925502	216286.37801385674
575	575	0.0	8.643280191995428	168.2259200120035	0.30140998007753705	0.21625608739837804	3470339.5028827004	0.197603277223428	7.82208584507492	3.545772638986818	665.4593147109678	209.502472405264	2.834090852499166	7.056018254735996	97.10502576229247	379.92124995058015	3190.1018288012924	100.65728810485007	269.7111358994065	688.6397541996785	3531410.79865422	17238905.48866609	256608679.68846467
576	576	0.0	9.73038249638939	14.149966299732213	0.1022090006430236	0.1985428351641207	274160.8354334174	0.06216071352612116	5.262454581172751	4.203071055992041	620.0482261222131	179.913351058267	8.462474950387419	11.65978882362066	31.025380365208097	107.65188472344708	433.2538825641892	91.7193423274116	243.9666349802298	591.8908876793412	1132018.6902418481	4430916.093844916	22594763.83039868
577	577	0.0	14.69089363533054	0.8737177986280431	0.1162839594108033	0.2519130597098006	5674.102936927096	0.04560866432891821	0.7002145551145803	4.611269543995149	536.5495941334684	122.8624920263791	15.01450174823179	42.2286138917611	1.5968389982977393	5.163310246582428	21.198317958012485	61.481149757497576	163.85922122336729	403.6175886980065	31251.39724737297	119161.42054006517	643609.6671101435
578	578	0.0	9.15239002402754	810.1281910399748	0.7148007150421662	0.03927514116601869	11799044.664480088	0.4743786167237611	8.76019318719973	4.525950199051294	700.4457556817108	294.2810540278925	6.311604794281486	1.206583946925762	27.006888202250632	232.82020853148097	2630.932814650584	147.80809706575542	397.76382758907994	1054.0478729707627	1429140.4186715903	14049679.510945203	359867275.47407156
579	579	0.0	8.752277055083647	32.54885667834496	0.09306539449426494	0.24408282517345764	590807.9410269172	0.018362444175886467	6.260274118819993	4.530338526994456	1018.415022099231	305.8905838832699	8.303770564809316	2.09551683344888	78.58593218588446	268.75298751561155	1765.9061129697182	156.2112712712277	415.54904311283883	1008.5099498790184	9288548.900980638	38437534.52475725	365805737.2039257
580	580	0.0	22.71704485573702	18.700511532359194	0.7297313415565647	0.270265729068742	12006.38748140082	0.5278952023918648	2.1057545134121654	4.392895271012094	204.2927935279871	33.03782480253141	18.70219269888448	148.9300828904434	2.892981746314838	9.91330692959944	31.309905116594	16.386961089556877	43.74620730417416	108.39393587964514	2624.2722402960767	10860.046204628674	48536.53419600521
581	581	0.0	8.066980575112009	12196.6152522068	0.7605904231822134	0.9999999999999979	275517786123.51086	1.0000038035750798	38.18933631054342	3.233837356034201	2076.888397041579	500.1588625486972	8.749270928752651	-3.085608238803295	370.6489233456759	3295.0978289956006	24160.35711166699	254.53392338237109	677.4713622740003	1647.5690207770242	218298040.95554033	2243009410.997674	18027494624.292454
582	582	0.0	10.26349487536607	21.83474873869579	0.37741535767743306	0.5046050280266989	909286.4488004324	0.2854542019894524	1.9092554892274791	4.663991171983071	814.7651144916874	223.8662668519202	12.14835188709616	10.29102454174693	8.51528956775752	36.67256279405318	404.7670683890335	110.725810031283	295.64862882353714	734.0879130561393	514922.43134546955	2812723.850634176	45129527.079400524
583	583	0.0	9.869630617467644	451.5399811235615	0.8347241706974983	0.45819977912486415	35543472.83085947	0.777543665655558	16.479082910141052	4.671748930006288	826.9086687901778	252.1547820426175	11.02560166932983	7.454569240369929	23.413328292551725	100.44378630165731	764.7203494588225	126.71256831467713	337.7609490293672	831.0391498168436	1786044.7884329434	8683055.194795353	92471334.42770961
584	584	0.0	8.122397677262345	8951.906019821352	0.5134930331811238	0.9792198198653299	12956215763.04537	0.9651926321354553	40.71352432784708	4.540101496968418	1468.326908310712	333.8711452282887	6.212597809475789	-2.89141092819187	1722.7560051874652	8501.218618703995	30704.510214295944	167.899015244888	447.57416517317415	1098.8074587540393	450245439.438616	2432680470.2364306	9662985234.956017
585	585	0.0	8.703933752713938	67.61559429232578	0.054710825390236834	0.5577742168578002	3962363.6357979234	0.04670382523646465	9.581743159072738	4.350285356980748	794.0335849551352	264.4999039110952	4.544772009174586	4.600782171480609	333.27758710818824	1210.6400396218999	6285.1427997290375	134.78161891923878	358.71565839931566	874.4725584410523	24867292.21616321	105085153.16501603	686463350.6794444
586	586	0.0	8.337511804002686	275.28831562925933	0.1655303483644077	0.13369838777002438	34851295.66313498	0.13051706077204978	11.121681400341082	4.426704524026718	1232.514754880712	321.1892578239365	8.045374093490977	-2.060438841330602	360.72122820882356	1764.0379749927242	17722.301732760916	164.14192558551213	436.5011238759356	1057.709074041326	65531181.83273013	385537682.8146263	4590746108.322906
587	587	0.0	12.28052979240646	142.05044945197267	0.7312523197338203	0.39823494346969374	3820790.785803057	0.5781304104333861	7.9773667940667545	4.123277397011407	642.8645988229877	168.8927286391555	11.05085400243144	28.00535968665039	17.007667222339087	70.75706029454	265.7882384238362	85.47584154881758	227.71325230706145	556.642675813608	658139.3638661024	2880604.7125121495	14700357.150016224
588	588	0.0	11.75426803875225	10.648538123616023	0.509697667839212	0.42004350140360636	96946.70451649188	0.3915833089831245	3.6720809179879814	4.026790749980137	442.4714902428913	116.7622295212708	5.66998096002462	22.61336282770211	2.3663841945425115	10.205680131777838	345.7378534429695	57.471745884063466	153.88014746005808	388.0967059100757	31384.392337807676	168727.60084594396	5642391.317661275
589	589	0.0	8.229796702236841	52.20668752477154	0.27341905950817635	0.44936657778208394	2052248.7751097565	0.22588792091107204	5.7061691739553035	3.916909172025044	757.4714800793695	262.9584142964495	5.317123507977731	1.238891808736075	32.504039788141334	159.67639274569734	3646.9172352830287	129.22618434305764	345.21097147535886	860.578073442723	1685862.9304234365	10729292.136609612	466436689.7482953
590	590	0.0	8.187947648648171	3.658795734592434	0.02668598198984008	0.6538570239339544	1557591.5953427951	0.05988665197674382	1.4572839247152902	4.583232682023663	1256.28626933706	337.8736219447859	9.887733196203662	0.2973487620695262	50.02902026670911	425.3627027729082	3285.9005290443274	172.47334995390383	458.74893354479786	1112.5637433026036	10547832.123963272	98590732.84310272	1015576870.7905674
591	591	0.0	8.060318518339102	6.740577088102139	0.022934038890273355	0.6791953169535361	4330040.512741668	0.1055239289253747	2.1007222156770324	3.918900126009248	953.3807979784858	323.2363324092634	5.372996591013585	1.173897764571198	133.9056082465784	767.5991920337726	11472.706306394091	164.34479642600877	437.86999295777514	1070.9568432522992	12506295.30899793	93874070.799206	2367048495.772382
592	592	0.0	8.971501842622104	72.70381201641864	0.12179089346796121	0.062427558636153534	17085442.532836083	0.4205483307184984	75.86907836974643	6.449083838961087	678.8474987159606	238.3291751244242	7.027835997450318	6.130442855591216	133.32245017496416	473.67668222245527	2134.7434895742704	126.26977446981346	332.23508521129366	777.8290864174065	5067064.90694559	23774719.089402605	151506991.0591061
593	593	0.0	8.61252159923713	1.908081646534758	0.04733340176016565	0.09569035294768595	5258.6028397192695	0.00811311826700696	1.0514416074848838	3.757548118999694	747.5304971687965	320.3705291416452	6.087992124010857	1.553475100856635	10.718110632641977	145.53993437348058	3258.863465851256	167.4253797695095	444.4597637652464	1031.6660685622903	274212.1225629297	9895591.33354497	499922144.01209235
594	594	0.0	8.580815490674564	2251.6150266903587	0.759793778982493	0.8629856931236037	527473820.9469749	0.8649182525317984	26.68026782461469	4.153295282041654	1006.420157921119	347.796945306676	8.501107468981138	4.529120955031866	227.35696470650285	1010.4672376239195	3399.2061912939052	187.4273741032356	491.7683505611752	1137.5964745808706	24757059.78462328	140082557.15671933	622152696.2673657
595	595	0.0	8.069376875446377	8899.869813817975	0.6313339818231504	0.9999999999999579	91565845043.15945	1.0000036923476383	119.46522202020368	3.31993945495924	1732.741798932937	398.5526516782099	8.828714285465699	-2.680344813561364	754.6700814770053	4638.849245358958	25372.28559539624	202.2431811886595	538.4437340219145	1312.248954346038	291209985.1418329	2086319321.9251637	12329435481.32982
596	596	0.0	8.926389346658084	0.24588681012045915	0.0064150478647108985	0.09299971136047412	56443.10895609312	0.01950624969455911	0.32224119743359486	3.956855181022547	925.4572245411925	268.1440843243909	8.875731690948317	5.444849380508067	11.140304950199686	74.25416532629087	1010.2228384098723	136.3239763208701	362.82913408772583	882.7210628320618	1107772.924118186	9223166.407934267	151604963.12346637
597	597	0.0	8.07810565469965	5447.855051065025	0.35364405829014983	0.9999999999999993	203000076319.86734	1.0000036231975884	53.63615402689843	3.021587641036604	2121.931674603336	458.3585625878153	8.932990328543164	-3.990916839925775	2105.2723100023272	9645.896221264453	29904.291618159685	229.29030798042163	611.5408184745295	1506.8937422654212	1247738444.193332	5746280157.594631	20601518110.734135
598	598	0.0	8.895384171703396	6.737298597300661	0.16084420387181964	0.19549767254301798	303985.81553403114	0.08498093653064756	1.2103804957119058	4.46598543896107	1035.473027053862	284.1449859279068	11.35129570419502	3.597666819164686	9.059581736344517	65.04335393253386	1089.4222362416594	142.91974519670794	380.9435011195342	934.4072341090038	1032693.776380201	9296740.653058046	220217465.17326546
599	599	0.0	8.082316206713363	2104.109168544125	0.6559367265951023	0.22519202355858323	158056922.82638037	0.5641431212011183	29.06127560475074	4.346116478962358	890.5952741523338	295.8480897212567	4.650548422718092	2.970934188585829	128.48976548723428	988.4228156955556	7418.768610226637	150.23811015806245	399.9619013045117	975.1714002137492	14052623.610741468	112648486.28822483	1090628238.3520746
600	600	0.0	9.367171349228654	15.064665233378827	0.32463178629401207	0.3166782416593942	377883.3884037635	0.19412001204847806	1.7847231704916053	3.896199658047408	731.1987676234525	225.4695050374497	6.608048606449428	7.401411618420086	7.979894244287664	30.016296267302085	214.0071939916056	112.67568687953099	300.29164441004434	737.6655667529004	393669.0174872257	1838557.907597948	19275008.86936827
601	601	0.0	8.569588710820684	48.15447289399185	0.13047874730716827	0.03564308422110994	1101933.318950592	0.08673809548363533	2.7809306130961136	4.498190977959894	1085.396600224814	367.4561132444334	6.749145494708387	-0.4010279747564841	152.88563667995632	1363.4624150087593	11352.376473127575	191.72934944085114	514.924043598876	1213.7259016531707	16126684.835572692	243831310.90667266	2728818761.3741345
602	602	0.0	8.009307504703111	13388.412228407167	0.574198305961103	1.0000000000000042	540726953214.2404	1.0000035245382926	52.84009052970018	2.74057109298883	2764.407013625173	571.8791586316003	9.635672209344383	-4.208095430294483	2470.730062417063	10513.557902485338	32193.34537321032	287.84834348949926	767.204447361406	1881.884154851757	2424733342.368043	10752933353.878304	35488871331.88473
603	603	0.0	9.242950449234808	34.188102079147626	0.1909794102177106	0.13808065764616304	664847.4854250529	0.0716604764295394	3.8211511017056417	4.579705787997227	859.7927423628225	278.7607021190589	9.062556507628864	2.623040947029518	36.32085166424888	172.37263387143778	1169.0138873491562	142.18659950091774	378.26427027955594	917.1096606922313	2660465.492404495	16605600.950995347	180035229.69079503
604	604	0.0	9.081627343326833	85.71286351719279	0.22723054796249698	0.22230257772564768	3659891.2706702445	0.11691915481683754	159.02214128957596	4.068968128005508	927.2751781626994	280.0144789506255	8.010055167614343	6.555688676250643	73.06432976654871	251.76381762068334	982.7888070949041	143.09521406104295	380.63516918517655	922.6776308415792	7305704.8703471795	29421335.74349732	154227451.84407982
605	605	0.0	8.240523416856009	14939.42688475641	0.76471473085876	0.9999996466286374	50203703457.97047	1.0000037965642186	33.062043650719986	3.025189588952344	1682.611769983876	408.7491042480693	8.756213596657119	-2.888321046090219	770.6050243589117	4579.7326979524105	25279.646059034512	206.26328565219706	549.933563633338	1347.6124637184798	292950827.19830924	1968849384.7466116	11742970828.82848
606	606	0.0	11.57729496543847	70.69737564582614	0.6604009353305266	0.17676686768939145	1237228.401931473	0.5669253708646249	7.960535752735223	4.395454765006434	529.5412410843874	123.4300980673442	6.509995697410965	21.00453709384905	11.043455797639613	41.41878132431129	199.78149785773277	62.042579125077566	165.3185711250943	405.53400806636597	218882.77931971656	955160.9891215024	6197815.0037908545
607	607	0.0	9.439669934521092	148.50251934953778	0.4326365932175214	0.522591472088127	17801648.45405498	0.41129932941501585	119.79426579435055	4.391241776989773	1017.142932460545	354.2375621309894	6.873149457553847	-0.4738067797648033	31.501656841665955	213.42314787047738	7720.108147530909	182.78027058766963	486.05600466318856	1174.9502015621074	3786488.3222376653	30937762.331140388	1961698380.9519956
608	608	0.0	8.3553155957584	86.08005448697206	0.12845104940127675	0.2979968031036878	4377007.101529718	0.0826009280560753	12.579729368219327	3.965894426975865	929.09666588903	303.6153478869441	4.830977151745966	3.242901232010585	164.77717846152242	976.0748232497177	6359.271808245665	153.87682759650784	409.908168240299	1004.1879543210113	16845322.13024964	124711575.71055326	1112771610.4704378
609	609	0.0	15.58676806230917	2.076104300117028	0.24468654397219794	0.10911497453335094	20434.742885982512	0.2639053944809083	0.6471485141972972	7.241337243001908	412.7716400561662	87.01317583523799	21.67236699259962	56.88085461334936	1.665657488703595	4.920845185980072	16.019129143860727	44.159937442883574	117.54439302592323	286.3378910226837	14485.33675395417	51166.07008758098	229383.95543190493
610	610	0.0	12.48459417931325	1.3212317930472692	0.11007891479745584	0.004588040818691412	291510.06337528775	0.6888468791635886	0.5634437496337502	7.12176631699549	494.0852103760359	116.7095125116472	19.02460985752458	26.73437189264137	2.5807606508660923	8.264232538472202	28.569961291514655	59.324763885230084	157.87880397650957	384.13280858602747	41159.50718882411	153045.08941450206	742289.8030501358
611	611	0.0	9.963118886761174	0.49833060184413003	0.005088199232951477	0.31904408990529415	4713.160677569373	0.0007064499810360206	0.2911298838718023	4.554251948022284	912.7250961779168	264.3604052248708	11.93090343288034	8.654126121265508	42.61975945630901	183.164671293321	983.8593033523116	134.3204989452487	357.52463695637925	870.2366429007691	4155845.6888488126	19862972.70527003	141596375.636419
612	612	0.0	11.22334671949802	2.737539819341061	0.33200120121122395	0.11774232630816772	55704.542428422035	0.2754055951017061	0.653851604988989	4.499168587964959	592.2414592272338	135.1922379633911	14.73281691834431	16.49678480725692	1.4907208139227257	4.802745448891462	17.041985477571604	68.47877955681986	182.30802489595845	444.59128656748334	36460.01626813239	139250.1143258346	693920.5056424196
613	613	0.0	9.340324517387442	24.549339122427305	0.19183908772178906	0.07351419561752197	275931.106864673	0.10481255402308517	4.981607832707612	4.500319616054185	686.7211074478378	272.4988330570683	6.21255338271234	1.154315998137907	26.819169755301363	242.4861884568251	2836.394765611626	132.31005893771396	355.9373761131273	947.3970141810103	1093314.0331816785	13880798.587060377	351884827.66138357
614	614	0.0	11.35420647657639	4.743976189924145	0.09682847787861834	0.6610083580779097	213257.46410079172	0.1277071053415143	1.5712071941598158	4.691455542983022	641.4811582644656	164.6230258799499	14.35948700211998	17.83457612751006	10.752224456514195	37.75383724699569	210.2830663124936	83.14225136871573	221.39217040980418	540.654804122785	375763.86967064673	1587059.3945848644	11422336.116374683
615	615	0.0	10.81852770967914	1.5212197319452276	0.025606048890737743	0.705252918110242	218229.69537649633	0.09962738233424245	0.3839805861759713	4.602113560016733	632.0515987406238	173.3343318632616	15.75763939491419	14.72806904328931	14.339605095414118	54.67308236211958	233.80259053160975	87.52197682485087	233.00532164692027	568.2974706453615	529590.9099367809	2298362.6319375257	11731230.487786047
616	616	0.0	10.297354607015	4.294822950104128	0.3031668426566487	0.9677295691291528	1555054.4516279881	0.8272990520207116	1.6847674575404763	3.484629188023973	676.5997062150959	159.9929498840161	9.118129162166163	13.30375813916957	2.577747800597436	8.912102588315328	39.749193385138405	80.73283771648312	215.01989493325232	525.7873473793829	92198.65194692885	392919.81905550975	2324126.99022837
617	617	0.0	13.57166834935591	13.638521734681762	0.18066225676926043	0.8657968353419543	294319.410236592	0.37054271695461927	5.2056525145620585	4.309765367943328	357.4276742612134	83.24772596294419	10.98950081813662	37.4321404249295	15.624228501583392	64.3186508262016	309.49013467986686	42.07352866482762	112.06360338111858	273.94256161187343	108747.1453474346	533005.9413047855	3036260.5551332254
618	618	0.0	9.260451823946399	1139.5509467853167	0.8377482486654501	0.014186306247266505	18186728.535172686	0.7003667956141086	47.522330429452914	3.429072260973044	556.133975424294	174.8695144727254	3.259374150915328	9.609112222101444	68.76380821942259	271.33315040890443	1763.606766086819	89.52334008163581	237.79951666730324	575.0803529959535	1964016.2731236331	8222216.85696697	63402090.16376823
619	619	0.0	9.601017688305902	1.0753449829268085	0.008811897939498489	0.20467767340941503	1276.7776359340753	0.0015679008269757569	1.1385192334132845	3.492983810021542	495.0483635243838	193.7984621339757	2.142819624808848	10.38308377295449	38.25763047186722	270.64751664782096	4258.07508654397	94.62517554772859	259.6668135187026	648.7261853652071	402261.43334524054	6179935.399624223	174001399.18193042
620	620	0.0	8.607148624619073	13.890965526403905	0.38157832227451455	0.664715856120471	1377949.1558607046	0.3823675076827266	1.6044035771382281	4.586422422027681	914.8149574224356	293.2239843688551	8.18063381026071	1.273128801734275	4.990035944450361	26.866474186330603	1595.3600719730775	140.88539006414157	377.86444600901393	968.5246366944616	406248.50821370294	3124076.7313809274	288245125.85026616
621	621	0.0	8.338896985798288	15923.079036944679	0.5681406420292542	1.0000000000000089	305902224964.5646	1.0000033767806533	44.29214916771025	2.507928450999316	2418.655884338465	442.8663170074456	9.664363302323443	-4.636712540422893	3639.5827338405898	13195.678879737512	33491.03175153384	222.82373248223485	593.8189866062376	1456.2449456142338	2394974587.125968	8771392124.448885	25162994060.48199
622	622	0.0	9.075681806107534	4.101391992809324	0.0887414770237355	0.41917953405835734	247870.0839814282	0.13492049171501053	0.8768240686792335	3.605614850996062	812.0853642971282	315.2075808676854	5.896803287144973	3.372178417595102	11.256922039428225	54.595758119754834	835.2854959722328	156.7139406081037	423.53056053959506	1041.0204260507576	460890.6365188606	4125614.3427069634	138234591.37194008
623	623	0.0	9.19154536938667	2.976869647858369	0.016239535702919798	0.696225265286479	1347919.2395815193	0.2234877601946762	1.9826100067496877	4.227653612033464	591.4284089438939	183.3616406025762	7.976000540273027	6.897455490430385	42.430966172148786	150.26258964303713	908.3485981806882	91.47223527500296	243.77269696265552	598.9275575647612	1156974.61242613	5283545.266661314	47277623.90349604
624	624	0.0	12.88392873170956	14.871234276085325	0.21739198248317643	0.34460262185752205	153879.619334547	0.10339527896846644	143.07203947123077	4.808682180009782	563.2717969305753	150.0320223082391	13.26390335417172	30.04749700087392	13.512332895206288	43.814093036749796	212.79902717272685	75.87806620717913	202.14965932866505	494.5672409215735	339230.1475134316	1363653.1434650556	8299425.544668696
625	625	0.0	8.682746628026532	5493.17690790629	0.5766493981479075	0.06456855234404472	5363896159.7506695	0.8894314819673587	53.399817305157484	4.679570914013311	1161.339418917767	315.7124715049091	5.727975947980578	-2.132568527808228	523.0380890289853	3672.4422645073478	26494.609193935168	160.2264170060148	427.20427720584587	1042.5442106348412	82238744.98771194	703134220.1062757	5637906761.954697
626	626	0.0	9.66285902043163	11.73699706975003	0.1144067204790446	0.2644530200950548	25495.380830855087	0.00883648967887206	3.7556877959654593	3.893170363036916	640.9163785884195	181.6045888572025	12.91959605082084	11.26877790053199	21.56850176570063	65.20624544463762	193.20085808343669	91.08024232151854	242.57823491102477	593.6273592457121	735274.8043030304	2530060.7348176595	11183872.842103707
627	627	0.0	9.471077425507698	3.098173807517819	0.12795611073420274	0.06059929187999721	525903.6670439539	0.2209506687284489	0.6848133734487302	4.538429671025369	924.8006371282524	254.4452083918827	11.82019951473703	4.932921312898203	5.450026784986552	21.722457951270517	363.84535885284834	127.30694494822365	339.4732022812234	835.4991059850848	457003.4445309576	2223466.804706669	58469358.89368036
628	628	0.0	9.372519924818455	0.44505512631802885	0.03480801384511254	0.05198561762787776	100769.1027502689	0.20505962207535336	0.3596488247402906	4.311784450022969	662.9537387143788	188.7879320167039	13.08896249952247	5.123774303709918	2.7769045156871828	8.417386955627162	33.87663223438312	93.15976260972354	248.2865060154802	611.2993036973147	97711.9975589252	362923.366356869	2323522.2542766607
629	629	0.0	8.537234385333928	1923.661034823762	0.7771349417902872	0.32846257625741454	175353550.00454947	0.6345174593002169	40.59806912577787	4.083829747978598	996.9862484730875	304.9602606996563	8.366243477642945	3.543375861216932	246.22231769768146	801.1116482939003	3358.9937596326386	157.10952351691503	417.57946911869044	1006.1550414534679	31190617.153385133	111614460.61750636	563165032.2299764
630	630	0.0	11.52423352059041	2.662134530904228	0.23133625581168468	0.8815821137931574	128670.38618294324	0.575110276263773	2.4757989273785586	3.670740439963993	437.1960851966129	100.1313776224148	11.92957076975362	20.5219209892663	2.2452713541060283	7.362878166631647	30.17323847529613	50.282238697585456	133.98931614778525	328.73360407116564	25511.144485924164	98089.5722689217	529645.2030723459
631	631	0.0	8.25837284337508	4.065328593991584	0.018743400481209226	0.9973195132623628	969476769.4094064	0.8808757861114458	1.5183924735753105	4.504300429020077	1327.960948103172	354.9468003858665	9.777823673599354	0.004908693797712638	85.83070474998256	369.30376317187483	3420.1859346918936	180.9251499743391	481.40670357124895	1169.2846061024484	18804443.19106727	100118109.08824228	1150808438.9159353
632	632	0.0	9.278112628573409	21.21839246799524	0.07691540802470158	0.4870459470345792	793971.8071822441	0.08582938952199116	4.084329788099262	3.83490802696906	665.8238104526131	219.0836088741472	7.193172225324588	5.437172007104266	65.3612842092642	274.7840086724798	956.641918680867	107.90240882676812	287.7211967433825	710.7694118807884	2551239.564052471	12888832.529785397	70447257.61737531
633	633	0.0	9.132413323349168	152.54162001711705	0.46059012830562435	0.21340771950666576	14198877.580015138	0.3572192963981255	15.177468194041577	4.612640906998422	1063.003020910641	299.0121637544595	11.10417257322919	4.188213111232363	32.92147561289421	184.79495541369008	1183.3190764921358	152.3089139649103	405.27588869674776	984.7386018269281	4784157.326383778	31074817.345804557	246711697.21757087
634	634	0.0	15.2064157417232	50.61989797679952	0.15384843691249744	0.737845384270404	185124.9982207079	0.23157982900480945	34.61268424357413	3.755749271018431	247.597141074087	60.91155713249994	5.673261781087461	56.09605012566333	69.81652717184184	218.87895838325656	652.4479342636238	30.70562043191319	81.7997328442232	200.36879965297427	150572.9124459827	582400.0837898209	2364167.980511196
635	635	0.0	8.048236930977716	476.29914365733396	0.18144136351538764	0.5373626993250591	52893345.45632475	0.15521803881370838	74.58221721016945	3.791614887013566	1097.373177148026	350.270546495954	4.933871955364872	0.332493641906968	547.9460180634386	2993.6947809323515	16031.209910065163	179.9125744056348	478.2746830726087	1156.6608693526641	81335415.86421706	545455354.7323083	3991959279.6884775
636	636	0.0	8.143362153389111	14358.635682270926	0.7130474087779431	0.9998899889746672	29046069422.945564	0.999972646935458	23.72926361808297	4.215601758973207	1448.916296221441	366.1996297599386	7.533425887313648	-2.866986050807697	1074.7379683905021	6239.796600283049	27534.52770439332	184.4910827141391	491.86866776707234	1206.7405300142505	288410900.70262504	1902090261.9054346	9527047214.101776
637	637	0.0	11.08755611935686	6787.367708821988	0.41664879151120093	0.6371751889441114	77238341.17348656	0.393020852550556	33.50452461104249	1.941807261027861	382.553130793976	129.8184859341958	-0.0002863504371291	28.47348829061179	2875.641053995661	8634.070968548122	25208.5195517355	69.2980048062409	182.3610665329146	424.44888345313166	37884454.52353917	101675034.86511444	259463094.6927573
638	638	0.0	11.935394629208	292.0217326806278	0.45752675200548903	0.8048078424337491	4822652.665603146	0.5574627641701706	48.592817886653826	2.614440639968961	416.6666979376594	119.8923527722266	5.777109531413867	28.74742261608541	103.5020184237251	331.9095828007533	1279.4308641971343	60.67350056180197	161.69082156543408	393.3302095292489	942532.5522526475	3925211.92482239	20577255.931259673
639	639	0.0	8.012505542739257	54.76391035002877	0.02007554899522471	0.028939076388088045	16446238.319046205	0.03770302515619117	17.174752051672925	4.37506522599142	1292.959077976042	278.2470543368092	7.603189928592091	-3.48245415853636	1175.461456105943	8627.306055207091	30723.645993835697	139.4622129249176	372.01648629668057	916.1652468525964	231108337.47024855	1713276168.630896	6711574560.298814
640	640	0.0	17.89083419825257	3.186693059161187	0.07443133935554713	0.4952376101063671	6322.648541587157	0.051346659388375064	0.5004038353834258	4.437283444975037	286.9157122475386	55.77434507104205	13.11652123068687	82.79241180829864	9.862380932075428	30.213049922293006	92.16186675532352	27.829567478861065	74.21129555315812	182.93035260663342	29099.967815605545	100442.83624366092	419892.028188259
641	641	0.0	9.365440208636272	4844.402920158712	0.9913462950342482	0.005735930685887743	94237527006.04785	0.9989206669464576	96.98490960391887	4.549364870996214	843.1087715782124	259.3495641101608	9.763396047651817	4.167271150686868	6.143262839330933	41.99904158657069	1128.8657427052094	130.98413178820783	348.9489123360021	854.334258308803	451996.72691324895	4334362.0425955765	144991146.89701357
642	642	0.0	20.38135837494868	22.372421230160633	0.20366251956112805	0.15452488048733198	78376.288201042	0.2421790484769234	7.9562306585613145	4.385182647965848	251.40979935597	63.53400937050674	9.608043681180831	119.5360431080614	21.914097626543864	69.02465400615316	239.3970683253793	31.612671444214953	84.36202382147448	209.39610939537852	62098.46172679225	211270.34733635854	829961.478571737
643	643	0.0	8.057206752867042	2.937527758239098	0.02500189592996173	0.40410753125229165	100949.5130642781	0.013243130684490774	0.9789588066030521	3.851629355980549	893.920714817956	308.7630282326005	5.433787538260804	1.347463025683127	75.93530378305189	556.664430072213	6851.234919914747	156.97702815627292	417.941584762964	1020.1421995361309	6013817.741347337	59065816.15466482	1216257824.7568448
644	644	0.0	10.06179278423026	705.0066619772765	0.7684707365456244	0.21750803042181602	3196687.867653087	0.5167798389792645	126.92827794643676	3.491003793955315	440.2491648711273	161.7231447780138	3.0574811868658	13.57546483576412	59.50226996367312	246.51082550349813	1681.1641524197973	75.63873568782503	205.3508630455841	529.7181535902657	556919.2313170099	2947209.0539763137	49602280.60747438
645	645	0.0	8.10223636219776	17571.45175613811	0.8731320105505308	1.0	194427883935.27	1.0000040375486747	97.28312799948235	3.195545339025557	1874.097248675913	485.6580400284531	8.9408971192309	-2.409605371648087	408.3532139077449	2447.985653900855	20558.0243755672	247.31042805134462	658.1987088511769	1600.3738979709728	194469614.90959236	1418706844.370527	13649757136.452957
646	646	0.0	18.40801191172715	0.2131019021043984	0.06113617662050693	0.22491888500384732	610.9778859950845	0.06986373193989132	0.36856451770968296	4.533251829037908	286.0716351725083	50.8122544137555	25.1188995146242	86.93779420005994	0.7557518325020895	2.373841693858569	8.301174313534233	25.373734936044684	67.65051954439912	166.638977505756	2075.494959674841	7736.188660854415	36442.242499388536
647	647	0.0	8.767960171295389	0.5770143810826769	0.002524642625784114	0.46167734263422494	385034.0032298317	0.02971340159810397	0.4584426239751594	4.715360229020007	824.9961915299134	271.4701379492382	9.557495114874435	2.361969913465497	60.69438279815773	258.4325456708397	1162.6170586087237	136.27456249345084	363.27957852792406	891.5937914986422	4136626.631244246	21401817.74902148	150908943.9474916
648	648	0.0	10.7236184342429	27.631120475934566	0.6351495809644374	0.16909092983689353	58519.47432128891	0.2823116270987569	6.016056217125701	3.945055436983239	358.377451423317	88.62086439228372	13.15573964929867	15.4341621061785	6.140488676209435	19.045163428297727	62.698512610640684	44.11529725033358	117.67777028480299	290.3784576451048	37284.88313400269	139890.79086113677	664561.202747515
649	649	0.0	8.148326964354307	6.963514462611481	0.07839298510082907	0.1078054841391359	346783.99577658187	0.050625070935847304	1.1552479405918026	4.451810243015643	1078.541326973372	306.8223373551626	7.729642220078281	-1.855397744629167	57.855451031508196	1749.5286031873925	22164.872612091676	158.89756164845278	421.6542200507731	1010.4702595753645	8316706.427410415	298422208.2713852	4409600095.133413
650	650	0.0	9.376800341597262	117.71093374085707	0.5552294232897467	0.2983360685581957	2570824.354728772	0.5042592162343464	50.88294045643026	4.033257465984207	529.4961870217983	176.2787914603008	4.569521917966673	6.43623372291283	18.222081080649662	91.30682661885733	1010.276087646682	84.8230426362702	227.780788367348	581.8894097417026	348893.2805883917	2511141.846212484	41084238.00714769
651	651	0.0	8.882959055279564	24.509997232807894	0.13100592120278196	0.7166428868048791	3477866.525737526	0.294054811014995	8.51331051368858	4.348782093031332	750.973521008193	236.5477728528714	5.781164594323094	5.418655694638105	40.88067818357585	142.9378464937128	2106.75180953784	116.19282837670164	310.3604565662024	772.9193162271486	2052554.1340710907	8846208.151383495	224249556.8126933
652	652	0.0	25.12710995022514	0.4204664453059821	0.26487783602051856	0.533651696004787	168.7268687567891	0.14715251775384502	0.42258348559282194	3.441668814048171	178.791233432785	34.62179653819228	19.84909069863663	186.4492795811632	0.30438369512033064	0.9558572548748546	3.3475266152413385	17.536545260506614	46.69021836672263	113.90352358194757	245.082376540218	909.3601818032336	4278.651022285645
653	653	0.0	9.675076647354043	4.389899183350672	0.11146613181769562	0.22431414658554594	28242.382920272506	0.045698586596510396	0.8775393769321318	4.288329713046551	565.5590175541515	177.8761907549066	7.693367727105503	8.738301246331478	8.857173661164248	41.70971238498091	820.7535872658343	82.03440272635225	221.34683345792524	582.0543111663915	180864.78109260887	1137144.7241850568	43613370.53037514
654	654	0.0	10.25227660579528	133.44768958856412	0.39951164615751444	0.42819759834263943	4745276.0523705045	0.33504947861421425	15.257723497682537	4.345422288984992	654.7016389722249	198.7622617435271	4.797803892107261	11.61376972855854	43.316687087609594	234.46680809821058	2364.303534188677	100.69106651222717	267.98727848034423	654.131133719352	1993180.435609973	11844383.509035733	144845678.26881897
655	655	0.0	8.145154285793424	631.9881148439271	0.743102436678884	0.03777099309492628	94010770.13026078	0.6808665344189564	126.83775129747414	4.673888153978623	1100.986222315714	301.8680664134704	10.41848495261202	0.9783643222779741	60.23168442363646	259.84005197435044	1535.5949132354308	153.99075985378374	409.6450019796714	994.0294372828216	8836553.444631591	43426228.3058926	353066364.91249883
656	656	0.0	8.559082530557962	1440.4377185934547	0.7360988296533434	0.16327027098559546	164351009.35064447	0.6297550752703814	64.61333116534546	4.367224353016354	1099.766414499223	338.0560133365727	8.666303272089664	-0.07860861457217816	90.06858237406513	463.35079811245873	4641.967575436619	173.83512541251253	461.9418762052853	1113.8819782001056	13291262.470786557	85838854.33529708	1187451144.7291687
657	657	0.0	9.739405258005203	1866.7988903607109	0.6670786516920707	0.021875402514637744	6241062.417513082	0.24976198608164202	89.00650270975507	3.614637385006063	531.8789965708579	172.6723825541847	2.447970971749898	13.4315244153492	185.61711800882705	954.4761803818808	4815.812664783794	89.39380278357379	236.77732814175306	565.6462637372822	4058615.142229795	25221254.577074923	163434751.37634164
658	658	0.0	8.221544004734506	14365.350031432114	0.7138682618502211	0.9999995180151549	43902322973.38892	1.0000036137754647	66.86240352509033	3.243604207003955	1633.627426705222	390.3284275631393	8.119096145523311	-3.648390105552593	720.9298815817613	5514.184230706006	28333.9621728024	196.28219340913643	523.7189011904661	1287.060707694182	249464555.6466656	2155767938.680686	11611692365.964441
659	659	0.0	8.287429425015098	1885.8928207892077	0.6929789769449824	0.3447590270965852	297028530.2920954	0.5945073142652515	33.24462520549831	4.585845997964498	1264.202016082485	319.4794380870981	8.85510121704476	-0.487242195396855	167.07786850409212	827.7632183226149	6913.914954913612	162.74284575374372	432.9923192603221	1051.9830330084114	32499242.364856802	190339156.9215159	2078816684.9412906
660	660	0.0	8.00514333990728	152.06951734169039	0.2623083736709108	0.2948451088386572	14141964.456789883	0.1941485713460811	5.885643367625447	4.751344796037301	1101.706995043705	308.4622874469666	7.186249424165601	-0.2982148726907545	94.35792383832165	711.560350248232	6455.1113912882	158.0449997717319	420.16463366740345	1015.9674571813962	14946889.654897273	125587895.29274599	1526304728.728814
661	661	0.0	8.668898159964707	72.3366210466331	0.2306211849995745	0.5974630593364156	4107437.1020161365	0.27450905769854306	10.655541593487907	3.942278932023328	734.0155761366512	263.7636532270038	4.59085252085023	3.046667497399976	61.25778975918477	211.33960838322406	1453.1518740895206	126.5530960088812	339.731377827473	868.9596223150374	2605895.4384655384	12336417.190431992	161798654.53298506
662	662	0.0	8.710731916332652	1748.2486629748196	0.8630351292901829	0.9698577276449581	1161362806.7489636	0.9147393279283347	16.886844811574335	4.382293088012375	1211.417339139055	342.90183366091	9.460125160957197	0.3253529993835924	13.345639439150998	60.24173468372569	2869.992642879193	174.57336962145973	464.61677851374145	1128.4683286358581	1980933.5038515716	12537235.408706708	894192450.671417
663	663	0.0	12.68260820020084	2.0867593952222423	0.29328422488525613	0.36533806846191974	9102.279201003617	0.15211194810096473	0.7642522918063329	4.54675653995946	422.958581565074	92.77665953441516	15.98781689819549	24.53562126666138	1.2899394460647167	4.718274913314253	22.632153654932218	46.91952476995357	124.94175011587924	305.13188604495633	13023.57850200804	58194.86427176952	367779.4467939495
664	664	0.0	9.080066671998438	92.21738926756605	0.5190862235866827	0.26579390039655326	2626866.885054093	0.3440896408948486	4.6546710093013175	4.762529539992101	749.0073971762034	222.7786337041827	8.721385427034278	3.722009406400038	21.551619171171563	85.84652710607327	457.6310888982898	110.59843075166589	295.03799227696425	729.6189560939565	1113402.2225333652	5463811.2266975595	42792133.05922282
665	665	0.0	8.81160963709481	87.54881836609164	0.15575537919660207	0.8694769529079377	70139178.74062368	0.4815097611569866	131.87474913455992	3.870368408970535	1133.693081633289	338.0566255931229	6.785938787850585	1.875467912447723	116.78778817375738	395.1812707397926	1901.7394479586078	172.91339869275384	459.8924822195636	1114.387031636543	18562466.66093088	75334519.59599487	496619205.6694036
666	666	0.0	13.1151677976925	91.7977424449734	0.2308817267907223	0.45589478688705737	584572.4695516943	0.17732173608421978	30.416021412777624	3.671678254962899	386.3062429981243	109.2117715696717	1.937532460282789	36.67692190994602	70.82602939282664	415.6764715605742	2344.4714508106877	55.53921361035799	147.71034634820347	358.5255011367177	712672.5990650307	4307620.924310022	30278420.314685225
667	667	0.0	8.494987224607625	203.63362066934303	0.16473131756363235	0.1423768701272092	6276457.305587104	0.09850070038589123	10.765726495517185	4.57199220196344	837.537320857656	313.6376762885954	6.310080263741314	-0.8199880851105784	260.0142627836042	971.0664130608563	7431.061950768705	161.07479173772003	428.2982283268318	1032.088666713917	16748964.603429336	85695180.2508781	1242115811.5370185
668	668	0.0	16.66252591462507	7.9864035927122865	0.6956999592523646	0.14603397112607092	16191.210153821676	0.5550643816621685	0.9798928223092114	3.85136212100042	261.4999323732441	53.25534567970401	16.01845434600028	67.33105412271199	1.4964738455095963	4.646384732009892	15.593541150891976	26.916070003262263	71.67877369343637	175.04465062091617	3668.4224656937736	13439.36650905177	60772.67988564622
669	669	0.0	8.04469580724751	5253.978219021278	0.36512444793011006	1.0000000000000113	470044525904.3048	1.0000036516766435	55.31271082432398	2.849633046949748	2412.438842970119	540.5995922527993	8.411375990668146	-3.435175954541909	1921.3025857323357	9295.405451334618	31360.29250078921	273.2416420974396	727.8630658030302	1779.5486968131784	1491215134.4924288	7800335096.684305	28671087803.68231
670	670	0.0	8.522423379490773	593.3806071642665	0.5996970666020618	0.5488009408897062	27020807.812030688	0.4798779901609627	13.435891020431185	3.760275729990099	767.9983084074074	264.2652238083332	6.127258256945534	2.225355004464286	137.98772806989288	448.16497921397587	1612.8930600061776	130.24661180953467	347.5687856219149	862.0630439076565	7294626.743534367	29131904.924132787	192683942.12743342
671	671	0.0	10.08414903135466	93.6074693674475	0.6932782231931206	0.16199096484960757	1187074.578747842	0.3783261549216251	8.232460194867645	4.744897637981921	645.9386729386886	234.5666113279701	9.597245289142293	7.479618469240066	13.605784006153012	50.52251923576651	278.700904540475	116.60124772577535	311.5191271301253	769.2774121432589	406536.2322866084	2079182.9003612227	22602617.952177633
672	672	0.0	8.779053967390146	3473.836397528482	0.7431957056445558	0.5216906773924773	242101377.88881615	0.6820742502240427	145.12595169857815	4.285317597968969	773.2487289996554	273.7879890138744	4.349817550297155	4.110529455396803	202.87185162573942	1186.6012656645214	7642.594388110597	138.9609004931341	370.04205908240067	904.9387183616875	13080456.360950239	93428856.42740695	861576415.7493372
673	673	0.0	9.78130870887044	1451.348535981204	0.5837943554567575	0.0960871858898519	19320237.57627098	0.33588412204644275	37.1000619366874	4.442055887018796	586.2223981494997	193.1883219522284	3.863163298595037	10.69195453325478	219.53547673600156	1054.8820526524162	5357.044496539618	98.59324113022706	262.24287152209814	636.6242949878365	8457908.533503914	40404660.9106434	245360062.63117734
674	674	0.0	8.89002156938819	0.6040619301959309	0.08636264850266405	0.5641753215277882	31308.193450190178	0.12371063381796131	0.5438243274476239	4.495305238000583	682.8736561638511	206.3566016229303	9.69030242277346	2.83436353652633	1.5488274009892484	5.578091302522251	42.16166918047568	99.03194950296597	264.5605264412775	663.2068419198201	58192.49924742888	265981.11653061624	3288316.9745047693
675	675	0.0	10.56180840822135	349.40843567193093	0.5812966751357953	0.3762079801077773	6608700.4816992385	0.34736195018802957	27.620167604532615	4.202988740988076	623.9152617094933	189.7033251879314	8.026215163036767	14.98986218664052	81.38953434598132	271.29848299517386	1191.0032428096827	96.99202384292005	257.96776241403893	625.028791474607	3139229.0391545547	11732778.639511174	60850971.50963594
676	676	0.0	8.037240379232907	1752.4451312009112	0.2502693889089835	0.44085182732400297	232230060.42730737	0.20029827713923484	27.961468967204457	4.588218580989633	1313.683090571352	304.1113403714699	7.210803335227494	-2.711978851105583	1124.305367177881	7450.175605765345	29449.203444764153	152.22511148497392	406.22261583510317	1001.898826278939	231515967.5686099	1614642200.69808	7261400504.348498
677	677	0.0	12.10373859207678	11.68126272612178	0.43645725391536644	0.08624701006659566	290300.99826047884	0.34555933310193293	1.6380151956198608	4.635589486977551	631.936320740091	159.2339783815494	13.95006341955702	20.98294265581799	4.3717270059566	14.320559995072896	69.03087290006057	80.37778760318793	214.07279434159352	523.3644637614086	136566.70667083736	538053.4451738276	3885270.6792553957
678	678	0.0	8.091123499122565	37748.0709870219	0.9727693706823722	1.0000000000000018	548361642411.354	1.0000036075719534	129.6286811971258	2.676373270049226	2520.086649983476	549.1016733593643	9.033480698543446	-3.661237996140628	2462.6516193675366	10342.117260937603	30933.234660839295	276.68636099253126	737.264250758582	1806.5051596783233	2038858750.3993225	9002571025.857231	30913207452.1504
679	679	0.0	8.950139468701174	675.6313843949233	0.6459151418488095	0.282618678915973	66496008.64139049	0.4882308919107418	14.580699759556541	4.54236475401558	1080.731209068742	301.3491881499852	9.780214606593592	3.865191331616923	120.26391339683775	427.41897380884814	1626.635195377088	153.52162085691896	408.4972837081191	992.6939320289163	16793433.483895738	69509007.96968529	347863664.83684534
680	680	0.0	16.32951709930743	3.0424394638905397	0.2571451934027074	0.024007224780799027	72956.99142373478	0.6184726555282042	0.6555709931378034	4.827906644030008	362.561792701633	67.08447943734882	23.78193184798391	64.55133761155574	2.2675370351256947	7.3333438099715575	25.134839799833813	33.96352231700689	90.4313617226577	220.67680205379418	12848.971062851373	48706.4158368282	220694.40704608403
681	681	0.0	8.506712310390533	304.97832832857074	0.5501283735394829	0.7523180493533197	56447303.606247865	0.575796297124015	168.31107301054715	4.108073721989058	1070.069534333746	301.8643480745647	7.799443341639808	5.388743853811352	53.567646028086365	250.21364256654118	1258.7541093752518	153.35279529867012	408.2315213291487	994.4128013930753	7604302.507437443	41024637.26070479	268354938.29121333
682	682	0.0	17.40491011450021	1.0220695074007178	0.08448760410222071	0.38716522001831516	116.3954417675865	0.007894624981586999	1.1643088362658132	3.97837971401168	228.4533824254942	42.47270608847742	18.05970762999748	75.3993870798597	2.586518098209941	8.104472270899103	28.624171797632215	21.370077581772563	56.943036606958856	139.58025078588574	3877.730615596938	14323.311218154135	67538.00482109387
683	683	0.0	8.935882653330577	184.69705779925607	0.6721332571141557	0.22009473337727326	15565060.816840177	0.5437086425921932	6.4280589805153685	4.592014449997805	971.0357320649312	278.1421254990121	11.55287201382887	3.934453184653158	26.870283252982922	103.30830570944146	655.3391831880148	141.99172716678663	377.72415491735705	916.7769064557103	2894440.239817563	13055403.777074879	114570214.43075888
684	684	0.0	9.105533323129308	107.79677755681058	0.11422089048664681	0.31423845576904025	3894191.557430588	0.13640119034137388	17.829413839368	2.601330412959214	678.6041205358389	234.1780435648755	4.791406471138842	10.79022683390282	197.23679703713952	648.1717878365793	2046.1783554459503	121.96649355744489	322.19402315323697	763.9253735578443	6775859.976431681	29307522.70926244	135903693.2331322
685	685	0.0	8.41821608593778	46.00378292813391	0.18532179994631728	0.34752582971766516	2776588.4106631195	0.11233884651613021	5.463129840689661	4.49616248300299	1058.945275052371	321.4388921281247	9.082702642148499	-0.4414322278672691	51.19671762278678	258.9265394996104	2836.2404215407755	165.24536794364303	439.13009188636124	1058.6341436244563	6675794.731605397	40532455.97801812	676973411.2668728
686	686	0.0	14.35789678267408	31.8538166284045	0.2338937055995752	0.9071444705649597	3913051.5192020293	0.6639075753327071	9.858634740465693	4.744217642000876	488.4147579707598	157.3216842737513	12.63710640976432	39.7701847565057	26.067479608347014	98.36513776374375	397.30906159995465	85.0251539511159	223.15935894628376	509.5395051573213	600526.2027015458	2257970.1770262653	10612422.95300184
687	687	0.0	8.84183792514148	1.1278008357525067	0.006780646102666133	0.37244060391834294	33722.371791813115	0.00637817438810898	0.9935233641093862	3.926210496982094	694.140413920806	219.4043383148362	6.520520454689901	3.739608561238753	38.32418310723106	130.56938756357135	811.3902111234528	104.28154962369172	278.8977112791541	705.7631697515649	1513644.7299098964	6491129.950664729	65998237.99745287
688	688	0.0	10.21688032160711	77.05764780094675	0.2786740078325286	0.6475472355369204	6639413.581968922	0.2650074933974894	151.98536756701156	4.669516381982248	876.3948433489361	263.5482191460811	12.14110921488155	11.32152789335026	49.33697310397109	187.127254489952	877.6939312526122	134.3339243192413	357.478625265584	868.3661634707278	4419548.1117622005	19768383.785028823	114463650.31789702
689	689	0.0	10.15061185238888	17.048152168350637	0.5718098377913418	0.6388429991750155	572529.2637331444	0.5041915470186593	2.2718430889408077	4.532968047016766	650.2870503774836	179.6862089655741	11.62877009623075	10.73300246770252	2.911431610742867	12.961138127230639	63.37220230011675	90.35480457486062	240.66645771044057	589.1318686225123	108440.53583462324	562225.8026380829	3822962.7838679133
690	690	0.0	9.142499398568644	10.058409779327642	0.0782401800394188	0.6931708801801413	1773040.0104689037	0.1041343953842466	145.97665009984684	4.587928878027014	1066.958008104323	299.5127077007408	11.70922212670628	3.97041797968415	33.46535118974413	158.43511299923844	838.8682971454939	152.17204550378108	405.07285407794757	986.4020226756086	4764463.141977357	25508045.416465327	176413082.9475276
691	691	0.0	9.32607927353165	49.374071472184376	0.26954693624258247	0.29135254088594537	3508163.519608311	0.19653143936172227	4.8011915452423635	4.431237448996399	956.26082759791	306.1239755612208	7.988186450219679	2.100311002015748	31.084610423723625	159.12681380436774	1313.8546535418182	155.47235167693668	414.4476340954965	1024.0406236353754	3611550.268210351	20545426.504037824	234705814.5607627
692	692	0.0	8.97767762901886	105.64608759094818	0.383013069850705	0.02649872488115856	4699819.657978538	0.28689492189006094	6.795062310109226	4.602461353002582	851.6795244732277	267.1187751862984	11.90258347400727	4.740658042567363	43.68987889106618	167.6430397486965	1272.379414935015	134.59369508620512	358.9472292851673	878.9428072435746	2722104.8819633983	13969432.839477297	180790322.94536784
693	693	0.0	9.827734407055464	262.9087343623708	0.3316404798543998	0.715034631909187	12944587.69801935	0.395169655265228	5.247825546568446	2.612264766008593	621.8348793740417	197.3256391282176	5.522390697248946	15.40690880477093	142.85736633938643	460.49909950852384	2017.482831014168	102.11010412110602	270.72087645256767	648.4804198497202	5431748.468514645	18598072.662002906	94671402.00664444
694	694	0.0	9.558515038952779	4882.171134193213	0.8503761754737154	0.4633351607424661	412002874.32648575	0.7874800259200989	149.3306447456743	3.967104743001983	805.1985385662858	275.6466153115053	3.424447439366907	5.395448393180465	491.55614071329336	1586.4301791318323	6165.662356545475	141.08818358108738	375.4994356198479	914.2161463407685	36452977.41534169	142310846.75842005	721186245.9969319
695	695	0.0	11.04548231821691	0.3106370034521784	0.060020665876882456	0.42905374115670136	3324.6870209329004	0.02752640822978598	0.2919673806752602	4.592245500010904	635.6984283317822	152.243249842858	14.07921173890904	14.0660863212144	1.1602843808047987	4.056018066146021	27.533703409193393	74.7890939347883	199.68491346459314	496.99522546846885	32830.49601602763	141390.67805186947	1479320.3400623987
696	696	0.0	8.924517036925767	29.54575910407427	0.268517122555613	0.3350970600923283	417810.09763955127	0.2007929079379197	3.692737870194276	4.045912472996861	615.0048887144015	208.4227378564268	6.967439161933558	5.791312246395992	18.867055871923238	94.82768407432975	571.2118197791739	101.02696794238511	272.2289476594447	682.0062146066825	415033.82818660815	3425360.4995626174	36444197.59819463
697	697	0.0	8.245660416713825	10.596082270791063	0.048529050519370905	0.9801584530769056	574293837.4164777	0.5643849904262582	2.2106332945868075	4.47644398198463	1354.73980172238	372.5470932844571	8.548722906389834	-1.485107594852032	93.30246306405475	1258.155838694351	17762.34215495015	191.3754445331881	508.49893285471353	1226.9047546732968	22366532.920490265	357392800.568657	6216141059.209391
698	698	0.0	8.196163328775638	2439.826626628694	0.6328898170159503	0.1934920732999959	32639165.11113611	0.27280982818978844	96.65489825756785	3.597028343996499	742.0534574507195	258.1447091992282	2.532844752745975	5.23650648211512	363.7579855128554	1486.576208754127	7279.4206619807355	132.6640828897614	352.8589435244371	858.0647472517451	20331033.42763626	98876306.18644157	693802036.321444
699	699	0.0	10.17117316215379	22.883865795211204	0.17484102214462577	0.6816269493365091	2104487.8763002874	0.25559651435649117	1.3316775916859134	4.630183660949115	767.6990429471427	221.5987227732467	12.46270167614261	10.81981429296976	26.612372193298576	84.60141084368308	334.64278040174156	112.55597741207566	299.55465654821455	728.8480399958444	1533127.8321742637	5845927.379011918	31966268.28641303
700	700	0.0	9.751789506363652	4.714469772709689	0.07388384716114028	0.3073380976627288	27198.86798826277	0.019675272256601983	0.7487689804733023	3.904045341012534	593.7331418721168	166.316097202529	10.23793881330184	10.15427194604662	13.600406062045678	42.09728996996638	174.14241567460968	83.11840814486266	221.43572801896016	542.9758128052484	357058.5298878163	1367117.6691048336	8459561.06498374
701	701	0.0	8.690027471029635	1.1646838572705958	0.08018833618273195	0.10752686535655562	22705.568496565687	0.029019215957367606	0.7878968647749476	4.424889554036781	929.2488420232767	316.339322233838	8.416705308781907	0.7846423269295153	3.5679425006631975	19.04381795970608	3536.779878546551	160.12207935359675	427.45037830569186	1041.982393113826	269089.4241182401	2116429.263744803	752285616.4733249
702	702	0.0	10.00349670482531	19.539805177571367	0.5824895623209606	0.8180749547821337	1706615.9577042055	0.5916032820189342	2.420456888041074	3.979257561033592	788.8261926597784	220.9221921646483	9.938729853837744	10.82584510433069	3.2676295070441888	13.288122441516878	288.4227370911896	110.95009208251179	295.67561593816106	725.6405521800305	192620.85176185996	1011273.9479808271	28489876.713768397
703	703	0.0	12.1938415937238	29522.9932639492	0.948158419653274	0.21121000283712385	131619034.73150976	0.733504781815256	81.56304634110298	1.935431847989094	351.615422673696	117.2150125240965	-0.00033922445629741	36.56570397317033	2861.0263665764896	8594.433215797864	25141.042430045152	62.69528868353183	164.93732661690774	383.2854239984596	29339863.401315387	78706334.36687239	200318998.15275145
704	704	0.0	8.024444609723501	0.13113963206424484	0.0012764977294508538	0.28308617752502213	1637.940779766934	0.00016259667639232064	0.26283966690326066	4.673112724034581	1087.180788350023	304.6984703100525	8.753824698034835	0.05950217108966649	30.08477002929264	154.2668382168973	3643.023540135327	156.15615563693484	415.1354679755809	1003.5457098888014	4172868.899148931	26997219.267075717	832727205.6378055
705	705	0.0	8.080744498028814	21603.418427732817	0.6755365725905975	0.9999999802667316	53719222298.36243	1.0000034663075255	126.7507419308417	3.314852039038669	1742.582754474356	348.5231503489794	7.353984554847601	-3.64849424508205	4412.388795642763	14242.425218273738	33714.7699294445	175.95923084976744	468.7200411303518	1146.5797750651896	1452641317.1598325	4929446029.314873	13775929671.126583
706	706	0.0	9.975672989765501	71.14325039484501	0.3388651793550103	0.23289865913794747	521990.56718829717	0.18406965157901892	5.537328730499269	4.233135660993867	484.4860820650791	131.8816341654097	7.7460373879792	10.76710267503264	37.906857642392936	120.8644196639609	470.8725066015184	66.43776563880328	176.9536458885769	432.6654012510064	579613.2095901493	2310601.401623484	12728978.234199082
707	707	0.0	8.582229903204167	312.79425039960034	0.43123349541951383	0.807709353500474	23453045.365891863	0.5659511539127934	19.013394680345666	3.423522356024478	672.5740041587078	215.5283692222393	4.02536384266592	7.107351569475265	122.77815791516898	383.1034440051356	1604.162880492304	107.56786744602357	286.780472586634	705.6994899275146	4560880.601103007	18480575.38889117	127397353.24500224
708	708	0.0	8.310307294770023	20.143047485067875	0.052347063219374775	0.46041360320637026	1975385.8067752025	0.08530802979211519	16.85605163815248	4.096305466024205	815.6019279741254	315.7102547288608	4.04650797882415	0.5783043210423646	126.11396569437854	735.3565438033523	5229.432618345703	156.36698649296932	417.892786965886	1045.56683715069	8482338.16337929	63554565.30938329	849694633.3006064
709	709	0.0	18.95697337402675	11045.104370980807	0.6048697921088682	0.32125401499138656	2369196.622564058	0.10209210994324001	44.24249031689769	3.351579557987861	188.360263784509	59.6942747741807	-0.00033710257153529	106.3546202793615	2777.098143684375	8366.626145027862	24753.495680826807	32.06174692047051	84.34766285006737	195.28615294693518	4682639.480723775	12560190.522778036	31938922.987988126
710	710	0.0	8.414646381303077	243.1328778471012	0.3907565574726415	0.47265440839510847	18570378.689874087	0.3743121949365833	23.089161329339753	4.113517583988141	832.3021815207725	295.7829508146554	4.686868002366816	1.702775453243569	31.51045700076062	520.2645719828341	4187.422836675116	144.4473964995875	386.7461788330546	975.6609083884823	2520135.255231731	47768143.33011701	612229227.8464122
711	711	0.0	9.922864569697898	67.24840332253879	0.44451155180548796	0.141370266178768	3608556.3308189684	0.41325883538699015	7.418333303423911	4.12310053902911	738.8895485901612	213.2725081824709	9.596368067596584	12.02592831203117	18.10031896479353	89.19739670785412	541.7042478800562	107.74595108665699	286.9999413564218	701.5378415110407	948667.3407795642	5888226.817363715	47070663.66936234
712	712	0.0	8.448510273689058	167.17680295547743	0.5350829983609466	0.7053391045124516	21529492.6576877	0.541060124348931	3.920490134062659	3.810019130003639	975.3379221251976	314.6091305973523	8.282073850583696	3.039034792633391	38.35468483467404	145.28567481312334	1607.25112876038	154.27526915180465	412.7861497375835	1032.881781170041	3334573.9514471274	17304090.879328396	361480094.62693024
713	713	0.0	9.467771268717383	25.900077332689033	0.3060044788605009	0.4155346621469627	935714.653512735	0.21779452908125838	3.9068074757886166	4.573684384988155	788.429897154182	242.2589070310588	12.18754732306722	5.754381937234987	14.569054749285224	59.34605798733726	352.51252340884156	120.80298419875953	322.1257275261396	793.3982562045081	825333.6790725322	4362599.153160668	38782295.28329996
714	714	0.0	8.049584167570575	345.15951159308025	0.2488990658404543	0.049113935920912774	162916604.87882215	0.39612797779169995	11.459099808476864	3.623758829024155	1171.310503682767	359.1608450229572	4.087137351790988	-1.880506319046196	236.1957183008856	1693.1568365520175	19693.890388697193	185.8568513855446	493.51287918701337	1184.49878607143	35510540.465912685	353449230.48347425	5307701137.194784
715	715	0.0	8.310714845174585	177.9827086375712	0.56018140427259	0.3843471992349865	11157001.332151739	0.44569862590099496	12.84906379288244	4.78146441897843	887.9285181050257	305.0643571308226	8.446680205367716	0.9637505580995047	38.36534730775927	145.26247816127784	885.5660556490102	152.33706904806763	406.5409965054466	1002.3650809019316	3016220.7635092093	14012639.174967544	157439960.66211328
716	716	0.0	8.80139660723388	11.369806099970132	0.09003589398035663	0.8499808489828885	6130382.951471353	0.2630130780992327	13.380221407422678	4.081061734992545	1012.240080962113	295.4734990811801	6.537143868647409	6.037081783113113	30.332366018469468	165.5465482739788	1096.698253807927	149.78694704522763	398.9465267779216	974.7177980407258	3814727.859515101	25208316.25521691	211151876.5730568
717	717	0.0	8.489386331084258	5.422623785856671	0.3203699906364103	0.687537182038868	457033.47513103974	0.4225590207236303	1.5795408085417957	4.250475103966892	769.6649090766847	284.5718494631992	10.74954220864656	0.941863310943388	2.9521948561722735	11.080077797040472	138.48956705946318	121.70839752636266	329.27786441824264	928.4891665232112	134113.7634191297	661658.7560864916	19064498.816838976
718	718	0.0	10.40339126802782	159.99035111835633	0.7462901109448421	0.7113260826806171	6603179.889779604	0.7127779647660939	4.009364745906278	4.56674545299029	566.8336715729198	279.8391693185002	6.058444844600549	3.267959395276778	22.51646016105899	73.56781770250451	414.82393151550514	134.55596043556153	361.8481194205474	953.4816385755652	397715.7189054205	2178338.056567384	38031767.681727394
719	719	0.0	10.33015920317573	2.7080334021266776	0.06839751353178297	0.10905241797677363	6702.1387205190185	0.03833814843188368	0.5667953755857735	3.965661165013444	398.4407308897331	172.5504755631585	5.435329939101081	9.374891875566348	9.29417649964682	31.43120481596391	158.5110419059538	88.07535247216185	233.98960432462218	564.2060558297976	76321.05722228884	407832.5548952581	4310160.439415371
720	720	0.0	10.54521925390176	239.30360059081121	0.24279208719877354	0.4892792017942236	3729653.2122250185	0.1773334385402911	2.613373661558795	4.410990767995827	546.527043274458	173.8781098423501	4.009370181986249	14.50651428351619	176.33040890481897	851.2105283925936	4665.114225998931	87.6417003184086	233.53185207108976	572.6118020544232	4582175.6897483505	27065590.207901467	185344935.432539
721	721	0.0	10.13864314260272	69.38597932518455	0.4937838162879941	0.03580697567412622	1107269.028078687	0.4873880394643717	2.145923033075157	6.119859933969565	457.7138346907337	132.6901271479855	6.074988323290695	11.51874475154833	17.746165170401227	70.96370465594842	619.0022253824504	63.970385289262936	171.19803010836654	436.0424128263817	238428.66076390664	1170442.876325936	16477146.844410893
722	722	0.0	9.455305955964858	7.422503174836214	0.29154905336044457	0.042011028937353	313159.84107535006	0.36333818460963907	1.481119484813304	4.158820856013335	570.8529833708977	169.9085810327068	5.56648069746787	7.19630970841392	4.475519199682563	17.407781318533168	163.84703781367278	84.64551670883122	225.8331751073519	559.0663128534748	123120.65690476797	593692.6572738346	7723337.578983072
723	723	0.0	10.4783793882744	1.442535952706696	0.015410168490121796	0.5893194323732236	338982.8315722646	0.140128549244487	0.9364506508584765	4.550056687032338	576.661741728605	170.9152067748844	14.19348132337237	12.7769569542444	21.66248510198761	66.93387683913244	192.33864933251596	86.5765421063004	230.46240240656186	561.4361700917996	530153.7132175211	1990804.4457998232	9028993.803037928
724	724	0.0	11.09008541395377	87.12917154348396	0.5840722778806202	0.33296781190294944	2164646.5743908845	0.48024822764085817	46.49657630242097	4.604646214982495	664.2156028083514	187.594863347842	11.1560160754314	14.17757421586959	5.1629126392111715	46.436058376657044	374.94304097920883	94.49125648232052	251.8235593824212	617.6600672140446	219330.55861449087	2505427.32988475	22226979.61634108
725	725	0.0	9.296205273004661	9.258458023735722	0.07963672925522201	0.4992028566921596	662373.2725620973	0.0744162799357745	19.31470752295831	4.721103629039135	888.7423519755507	287.0755131523746	9.389855543322778	3.708705390722571	28.70222816938159	123.24489365551264	963.5132299015455	146.18017906663022	388.9735235666021	944.6779405447726	2487921.8576246323	14371797.273234934	149993108.08349425
726	726	0.0	8.440513838644508	24346.230060285165	0.9745483752521101	0.30713278488277473	6211093537.865558	0.9767265514244245	59.06759886573771	4.771584656031337	929.9586609991252	327.1824942673604	5.767437144065576	-0.653486550080454	132.51974996445398	473.4611647124629	8645.082274179233	171.2015566210565	454.27801744548333	1083.552225329513	10162196.861026218	46488359.659357585	1828118147.826721
727	727	0.0	8.382184903377626	2494.380713567257	0.8156910508253443	0.6817877243422423	575507137.6374667	0.780059989358315	54.75682373976392	4.575579794996884	1242.145409851642	394.1219184373313	9.009318929248224	-0.6390201166100812	75.66221283551602	419.35315314351374	5551.899216087403	208.00646073486314	550.0283411965786	1296.9012111631712	13349860.45973618	95335955.76581345	1936103520.3899229
728	728	0.0	9.47374889639006	13.336900580933987	0.1692020648933397	0.08998681114385766	402530.08097658545	0.1442265623172255	21.183419176650357	3.939537630008999	649.1264401247599	195.8229282481709	6.623588795445448	7.152392945230174	17.037319683573347	88.69673724733227	475.92758043850955	97.58460569523277	260.3603926106963	643.2468996955982	694994.4379548362	4099586.6727548344	30047027.876931846
729	729	0.0	11.87506176660274	0.8655215716240156	0.0033134481234551906	0.7350707920569649	393170.0253766965	0.07563424854297567	0.9508516402655615	4.179373328050133	473.5201611369792	143.7550274048693	2.45020880699979	22.5873018794734	78.3268850805775	365.15975623918916	2572.603246623091	74.22966829279517	197.75171919398218	473.2835141263708	1498519.5621156099	8563619.206031306	64313118.36086699
730	730	0.0	8.80099637111264	102.8134715383702	0.1386372649675259	0.07109644661047364	12037916.790277138	0.1499016237615042	19.083084948252463	4.103691281983629	917.2598555796251	293.2736373052213	7.352714436376578	5.296819997386999	159.860439196626	598.3776362869232	2590.5201802789356	151.28714068432055	401.81684676836824	966.0925108040274	17480699.339692347	70459281.19337413	364931746.08640826
731	731	0.0	9.957274510065313	6.1799551610276895	0.29182123739675114	0.16941583247917077	106171.87583216661	0.19917298906378705	1.6426841614359544	3.529785482969601	522.3079468211694	196.4192028057542	6.659335831744505	9.632087646169134	3.737527646255327	15.92108449275968	194.8696600426638	110.34773731386883	287.426771121168	643.0907450502767	106780.12568570577	486357.832070432	5661488.038305538
732	732	0.0	8.804439824126856	58.73744120156974	0.3324708104230481	0.699722859444795	2209671.690055608	0.3894036131830693	7.215295675994255	3.107041765993927	589.3858919715581	213.1938511094347	3.595655567025723	6.301236755058618	28.747238178923883	124.30909032283189	753.5596087696034	106.28972911472397	283.0763391373728	695.2508201095175	607560.0588206896	4198218.3395187445	45343595.049890354
733	733	0.0	20.26959709781577	730.1854713336261	0.5006446584024561	0.10541171582539266	26389.113484618447	0.027410822888993585	71.11451211284309	4.081552124989685	205.5988741181813	54.21826618403188	1.539787315200684	116.8788199933829	183.94547763201356	728.609474592203	3163.1761175181377	27.663289076156502	73.66305521249137	178.94765485642614	281500.8894095021	1243725.7346418977	6574530.731143075
734	734	0.0	11.75075462689644	317.30545374261567	0.2598491878958134	0.9151185980240959	13714131.891700659	0.4681647678764896	10.074059000317204	3.619842708983924	429.9954505210314	126.4631010249606	2.175983074737488	27.35054717692908	222.7818464328571	1001.8615361043368	6924.258013050107	65.31504113864997	173.43360526927557	416.57255750277113	3445045.065072901	15859424.3500279	110809803.06164962
735	735	0.0	8.189474742092845	99.66612036882805	0.21777187802296755	0.07483830974924792	5499427.26836138	0.16123472481368953	61.27974756228471	3.926225045986939	946.2675713743447	310.990228687161	5.067223859753261	1.131759923338491	83.21613522449806	776.0915405005613	7953.557547735463	158.25798137412596	421.12700206682814	1023.832488708799	8719637.087358234	102006009.47333412	1481946460.7794259
736	736	0.0	16.28629243167113	0.24506718742005737	0.062263798648800266	0.017535373000686052	15069.25066843004	0.5769498395568377	0.22253141631982618	4.68849255295936	309.7925785254781	54.82899510725129	26.06528236067438	61.51795995015097	0.85978785377974	2.769927415123768	10.69412358829794	27.731744244766105	73.85187983230168	180.33482734292593	2991.6160869137584	11457.602703900076	59906.19162429913
737	737	0.0	8.452543728270223	525.6076453134284	0.6604310351332393	0.5511912529423214	68532695.47792614	0.5528624416608238	58.580252020378204	4.6316066160216	1164.842635647591	320.1171250321424	10.29163365233914	1.270291734888629	43.62029314585683	278.0263456868651	1466.8791734847314	162.7586348995851	433.1884365566998	1054.2699489672464	7616826.592313346	53903729.00880275	380096758.91209227
738	738	0.0	10.79264641069162	230.96311999151916	0.5839807887499897	0.5100079393909113	4563837.913980099	0.5164542466383176	59.82052210527343	4.096612475987058	547.1802572293747	150.5091975444678	4.996372873513636	16.36320630532988	22.718446664691132	143.25373844212461	1582.0799578138085	75.44699567332071	201.17761787766665	495.3701446269908	571155.7228601105	4134803.985812702	60563829.74923711
739	739	0.0	10.65486793837167	113.82920063175563	0.5974450483643593	0.4927319014797188	3195787.9758527544	0.49518570840437715	4.156185082240521	4.739346801012289	640.0419840862554	179.3693839693436	13.00067084064806	15.14069288787644	17.160907688553166	76.83307228478353	425.207463231233	89.86158163219989	239.60629974979634	589.3076293822011	611903.6324270709	3266671.75139309	25790499.0555884
740	740	0.0	12.68945795280233	1.1605857437685623	0.047117483713625494	0.12440677743447892	76015.92340292066	0.08873847480565887	0.4358768024091648	4.612066834000871	650.3098314741057	160.1584095152992	12.56678942452379	24.15006344579534	6.126859865179951	30.844260358504098	275.1965732077733	80.72431964463397	215.06441947651797	526.848960354428	225899.49200940283	1503970.0392144348	14440014.735265784
741	741	0.0	8.430590693685074	203.31888555238942	0.27796556664048644	0.7058104237153273	30422715.99152921	0.3026820733499036	25.529875753018338	4.010947950999252	976.9601738334845	320.3494005382324	5.17388271532122	2.542724477616346	115.80172560957752	769.1225495116314	6723.4264196380545	162.66806781597222	433.0250586751491	1054.838773829275	13180040.38181738	111337510.70184152	1328340373.9013295
742	742	0.0	8.089126402828395	6.347158191909465	0.007653566574718587	0.11334973716104349	5910916.397433708	0.07804423877080378	2.8736221886722566	4.338349764002487	910.0832915214171	305.9453128287843	4.23643996566703	1.840416867270014	191.48206440296178	646.3953724454573	4759.937996713229	157.07954631388623	417.5145262070321	1007.8466035228093	18331032.098322634	74597691.8926592	782978835.5499712
743	743	0.0	12.33290352144721	2.525257539936986	0.41146265254129333	0.5281119697606016	30913.783372040467	0.3220167712308036	0.9918309282703359	3.706569656962529	494.2453813370038	116.4550017577555	12.31501752656158	25.68818678552118	1.0399044835670868	3.3399630228263995	12.474125187954082	58.380413712085044	155.61093822387795	382.3586067719668	16313.159398975831	62167.454510839925	313733.06184650434
744	744	0.0	9.880007065843452	8.75029194948645	0.545923067885571	0.7438963153731463	343549.26350479486	0.5819011201021612	1.4181590714963557	4.448341779992916	581.8809309693451	162.4679339006919	12.33671313605493	7.494211358727838	1.8538351825706458	7.3038397395888355	36.9002844505383	81.54748513787763	217.24193740594802	531.9691772034347	49586.94472797295	242216.93326486324	1765177.3024729234
745	745	0.0	11.17306839268318	2.0482371283033776	0.24711858688101151	0.9548796819674346	739951.7960158346	0.733373004077842	1.3171509851895584	3.758415888994932	695.5675576878369	193.0831688505772	11.00355172073683	17.3393084856202	1.5978431805362268	5.307280930976961	27.95554174135635	97.5756230395192	259.6832275975519	634.4443325330415	71798.47722489928	289936.251535739	1826389.7343760051
746	746	0.0	10.17160916502994	20.78563168218322	0.10565323259335481	0.6615000840087086	1127404.299619478	0.14008308628093244	1.3459355242154076	4.286561654997058	673.4462891978637	187.5302900813741	9.092580395501146	12.66676224653285	41.75600468393775	137.0685427850404	732.668690401525	94.8340898902419	252.6236171947312	617.5412174980931	1746478.6821777236	6974696.310226504	44572548.7533253
747	747	0.0	18.52455518963162	1.0187910165991187	0.2664514198900659	0.7201800460210037	3456.123726042687	0.31920172598907903	1.2410208695627327	3.84536548901815	265.2843389219977	53.18585412682155	16.35893189902186	87.94113045374043	0.7312458679495552	2.3139599458495677	8.276623644590817	26.977957405614603	71.81564032530494	174.99478988409896	1859.1768361629986	6965.811327856222	33584.53677957135
748	748	0.0	8.084009628865335	20.48401052843496	0.21159233921423645	0.25521717960480234	849659.415020694	0.11399559180294093	1.6851761434359833	4.503277782991063	978.1308658555928	319.2259671096725	7.4681226247662	-0.356726083358626	18.945068817325943	105.87214315880026	4842.279432768634	159.53500414142525	425.836085249804	1049.336868808774	1931468.372752053	14853768.473063095	1032618249.2843734
749	749	0.0	10.20189810541743	88.28320030564188	0.7073274897418451	0.21962213770152275	2265500.5304559125	0.6209633507054122	149.36444640046415	3.926631828013342	602.4840365090628	157.1414762986039	6.5677653250057	10.08562013620499	11.483852240756137	39.67271800599687	276.5582620328027	77.68252687143217	207.30377751458224	514.4264881508063	312581.51707135316	1326684.12960436	13270259.419186274
750	750	0.0	15.18610641235535	24393.23050441671	0.8934931384779444	0.24454916861096204	39603785.49260445	0.6228683870582923	68.22304837833144	1.923941001994535	253.3077873751751	81.85665045559735	-0.00027739001038895	63.51133389670088	2811.7052508072843	8460.516801963833	24916.06110035078	43.907783739013894	115.49568948286148	267.7353081444592	11206935.160998303	30059677.559320007	76437682.60360831
751	751	0.0	14.10900239865664	2.023648447291336	0.42594639739635737	0.4489873922223693	1434.2027053978813	0.24909939312003782	0.7250804743576281	3.857024332042783	205.945343699584	47.62924092604965	13.13740130232831	38.87279312043805	0.778471719573808	2.5797614694646884	14.343999495567191	23.72198468219628	63.317032020416605	156.73353010374052	1073.1173461542137	4270.7834942788595	30373.96786933718
752	752	0.0	8.241250376679096	1364.0619968792605	0.5732214500538214	0.9998488356120812	36832828295.137985	0.9998525371639412	14.130616962807794	3.383032276993617	1515.925394416892	369.2851792977763	9.57887795681938	-0.884281140824352	313.2656378451832	1074.4679160415926	6873.668167750254	187.6710053442714	499.47639541694457	1215.794559240881	87240704.99736992	352960608.34371084	2982412923.285392
753	753	0.0	9.282561997422919	1.704815216835187	0.012003104959005332	0.7593045331215625	797412.7077741313	0.0510634428843832	0.7601232615639038	4.630840814963449	876.3143765759656	276.0344307511019	11.88728232400891	7.180177693090144	60.53071758051425	223.95096914073528	873.1333210414095	140.86157046978963	374.6548449955485	908.9712937609183	5004550.705907344	20648848.088178366	125949081.8627357
754	754	0.0	8.487613075815	331.9406366809765	0.4112115402102097	0.5595022613409961	40507063.29555135	0.3103879550518055	137.68750601821247	4.052204602980055	1142.287615775503	349.2712228526385	6.841836711365071	3.286888890447825	135.77090607882772	440.0691527815021	1706.4652437879959	178.67579531030765	475.2570407456234	1151.93423896434	22472618.140601162	85888071.4583985	453623456.0563078
755	755	0.0	8.346610067942322	163.8720842274607	0.5447922141756483	0.363296884956971	20040533.961375237	0.4765239780384564	146.3691539843766	4.592790332972072	1120.881784627832	306.9022910047349	10.09476396893785	0.5761936767352154	25.109594959099482	128.43415356101838	2296.0716665875143	156.24618835761612	415.7598394218352	1010.3663938847412	3519085.355265332	23170017.35505473	564135251.5993123
756	756	0.0	8.415503914455527	3508.2474369823226	0.41792945393389885	0.4335831176523693	166477860.9593298	0.3634139894448552	18.053063763275528	3.992911725013983	689.6527230438234	238.5913979044163	2.058248495950567	7.050805499881255	1405.8021554050376	4513.985991022459	13837.751962721797	123.74189212789054	328.23693323284965	785.6212374310035	74797867.06995076	268780811.8845916	972684940.025488
757	757	0.0	8.63264938633107	0.17376001248512427	0.0061027450864893544	0.257212434992345	435.22748308207434	0.0002688700487129069	0.21059836212434624	4.466577148006763	897.0457118801096	271.1832307237096	8.926472529061588	0.8890779646942901	7.118216101654446	28.593281167330545	590.5488024753745	133.3774229054644	356.2378622485063	887.3141486037937	554075.4148091761	2892209.1983974846	96743176.84225775
758	758	0.0	10.21195865182747	8.419164378524528	0.061949976786518916	0.7299336440951029	493389.6659261422	0.11014543336115754	0.4938009642408251	4.015588698035572	594.0277450540696	182.5545509537648	4.581589169470305	11.00655643648901	35.14923955735726	205.73575749894633	3164.324126353464	90.63378703891658	242.30430230921013	604.1658377469878	1187069.187522268	8209281.931234453	152909121.89301276
759	759	0.0	8.241128816564725	220.83914039615397	0.8157694032830394	0.7520381998544567	27148585.231807202	0.7721374819522302	4.666536773745534	3.781978222948965	971.3646948976768	308.1544813011677	8.54870173929083	3.060127840761509	29.903414401629345	88.7324705273166	337.9394881896777	151.54070677240782	404.8112282473792	1007.5719732884161	2606212.4588705753	9762511.240087045	63522649.38133287
760	760	0.0	10.57058983377556	96.09912237668068	0.16693111802501753	0.6384379993799865	1174387.730017051	0.12832969257406202	42.45807568898041	3.618484619946685	469.5134574814205	139.8838079874392	2.307040321203445	18.17805315211569	121.81296396191348	517.3205405176375	2557.8421816556947	71.96677570254758	191.14937479250534	459.9359115683767	2134391.4565361273	9912211.107393848	58966619.65007263
761	761	0.0	33.42306470884716	0.11720604615741914	0.370270661990185	0.041841767969887714	113.1914171311304	0.6299321676552935	0.2639650588983841	4.503197594021913	143.3045546919026	22.61221038841474	38.4915106014842	348.3438228799612	0.05626864396424409	0.17641915378511067	0.604400098216092	11.352067914331343	30.25161892677815	74.24381349655803	19.7155085612266	72.91973519124129	334.6970633426072
762	762	0.0	9.15537737970952	1112.4837267272314	0.7848182642156898	0.020837280899009145	1041918.6904334207	0.04827582114651818	120.25184239724982	4.30116218602052	798.9152909579059	267.8757580731016	9.068289519477467	8.48412749912616	154.32144479336887	514.2024235021221	1620.6117055647192	141.07847566023634	372.7698068556946	879.0214640459367	9193902.104049655	37809399.07014442	157925149.3118012
763	763	0.0	8.8924022498635	198.4404912395888	0.5922511645560338	0.15378357871081533	12630092.079049334	0.5243714593863108	6.8664966402562415	4.613556424970739	842.968400517545	260.2388345497792	11.97016355607971	4.284462127922655	42.57600732083143	145.1543623496028	999.4161309634784	129.5520152932271	345.9159887912276	854.7475716585382	2606899.899132029	11373872.585060926	136089799.5272291
764	764	0.0	9.209714462830032	212.13146882712715	0.12893444576674773	0.7887106526588783	11478799.724861069	0.1719596873222382	20.752605284082975	3.610702212026808	553.3872420198481	187.7279153421772	2.295446521833771	11.4891871868009	458.0869677170818	3040.2178989381605	12456.823476165226	97.96373034250712	259.313817067721	615.9161972765835	14879834.20660102	91756924.33510053	447903051.7735151
765	765	0.0	8.192371541705887	5916.180905092775	0.47681123377945556	0.3165653813974168	895940505.5323648	0.4026546074602802	34.258482862942834	4.142752218001988	1208.542109615934	367.2816830462026	2.741881275882713	-1.636379176905079	1724.7633305874767	6416.776539807687	24732.844648632254	187.31263957317515	498.8808363613605	1212.789363017032	289131149.2610861	1356358414.9465668	6896257429.343014
766	766	0.0	8.224117386042776	54.34426352742444	0.13396327664262883	0.6036840315003086	4230624.581211888	0.1387642788426814	2.9826244446606576	4.248741969000548	831.2250557919398	281.6703484406471	6.06598313136621	3.017548086564215	91.19199474967188	479.61159223602147	4147.51821770431	141.12449947714572	376.13925844616983	924.2883567858648	7293667.680015269	41702112.524706684	618090279.6623963
767	767	0.0	9.278643397285972	8.2454043660392	0.18178479258805408	0.33629881068572925	28620.643712521894	0.041351224649349205	3.4080564670504843	3.935224048036616	510.3770792613292	146.5842535886739	9.225975398417912	7.703299017109418	9.187535596253987	29.589530806630727	134.509978047344	73.31221545375678	195.31569844135197	479.0154364155732	175025.66238211724	678845.3136604573	4448836.3980864
768	768	0.0	8.508805797493693	254.0436952348294	0.42345624744104066	0.026969536105436454	74235081.72351517	0.583383755534656	155.33177643315935	4.469063376018312	1073.9870829757	283.8398969123295	9.971260388206183	1.044149367392321	91.14416975438307	338.00968236270745	1855.1447768315784	144.53426197148212	384.5803876395869	934.5670199752454	11859184.106910007	52822253.956249565	384407129.8839458
769	769	0.0	8.96404263535817	51.00020290978071	0.2286937282167845	0.05661822172528179	1824482.708529826	0.15088210370408903	3.7281389349903997	4.283764787018299	920.9850014706492	340.943651339897	7.345790523192196	-0.6836475901791206	41.56911314666415	247.09983129810487	3782.605095488567	175.04841409929315	466.1357763819635	1120.3850635805275	2909723.0824073376	27304714.368195157	814542383.249511
770	770	0.0	13.91146155722064	11.802566885782156	0.10148203186566729	0.8750696871158742	443962.88220923924	0.4489985866989346	5.858488874996378	3.462851579999551	333.6307795448067	78.37883815353476	6.877526276620685	43.17028572479998	24.948219076687884	82.59612295780809	285.6661754606893	39.450592602746724	105.12965870027716	258.1071739265376	146563.1187044039	528028.69742756	2316811.0922513013
771	771	0.0	9.845618504810814	12.559898260952234	0.22745350826757152	0.4819782812893036	83119.38906059155	0.11294234475455897	3.6414073130881977	4.392380729957949	497.5841817773701	133.9361301316638	13.85993382868353	8.935655219411931	10.928894538299025	31.94746797087075	105.96395092316776	66.27365719865287	176.84848988396766	437.45185085414533	162985.04091304124	591431.623731346	2937210.1620482234
772	772	0.0	20.06669070649258	0.18113661678873885	0.05254020781562771	0.8006660841607851	4712.880886840974	0.30583502361465276	0.2677875565147311	4.058072343003005	300.4546938292633	60.42525813707681	16.72196981813093	108.4329852365832	0.7511578484031411	2.3493195107969136	8.038837291260128	30.583876439087305	81.43861566180527	198.7781979128502	2706.0945951740205	9975.653239306497	45767.737784584984
773	773	0.0	9.054007983768894	678.3590887418269	0.5945077762943957	0.046380449718254495	77194613.69922197	0.5237492850072958	32.962248646529616	4.508421259990428	1047.034050523778	271.9575933671323	7.972030645933698	1.604000808092541	114.77059936126896	475.16250154410534	2271.8269960379844	138.42602166949416	368.3309116258288	895.4888219003749	14459857.714562334	69922372.81928271	436741610.17608917
774	774	0.0	8.188302620480734	27696.690291966002	0.7948258732673696	1.0000000000000033	415645703066.9976	1.0000034107116864	81.96779106460437	2.76086389599368	2455.483049793811	466.78723429755	9.356402039591165	-4.378525227778665	4086.175900459746	13854.386204255617	33843.07502800898	235.50233109045575	627.3484266042024	1535.3184441698206	2753677181.3778477	9805321120.14085	27328638138.16924
775	775	0.0	8.285528531134586	4898.117713452052	0.9032307926901629	0.9223277842659727	2376691025.677562	0.9142983250228687	90.39642146326479	3.363993368984666	1272.547913481219	412.4436788731477	8.687304865182263	-0.9172813962037987	159.88912515314212	546.9564201304753	4688.122208138892	215.444369848341	571.0074375018559	1357.8815720739176	28930085.233176112	134679494.1157935	1880798526.7643921
776	776	0.0	8.018121022035904	4110.860274243801	0.4126299478683129	0.9999999560458351	44051922570.09369	1.0000036041327447	47.71766033140239	3.217198035970796	1665.162354762944	354.9921923129133	8.931027349733121	-4.082337485755519	838.0088711751586	6750.838165134206	30184.785053798227	176.26466399236915	470.9349393400596	1168.6978178530348	289988665.43098146	2468568831.3194585	11236146245.928679
777	777	0.0	8.195113349664878	1191.1675059657607	0.7522366289950313	0.06556173705192268	283027180.1650156	0.7888322379619872	8.06425454284928	4.575281193014234	1135.707851750071	295.8146921944209	10.19395857711428	0.7793979416835128	134.8819678863056	500.6299130304288	2347.954897532278	150.6493994700097	400.8247073367198	974.052663222101	20669732.219023556	88444071.6093535	540829142.1791824
778	778	0.0	8.303299934829333	1655.087068356462	0.1727330040572385	0.3429504409432238	138158876.6269334	0.10574051713519703	95.37725787033462	4.439749200013466	1278.636041411851	276.4293388757298	7.177920476825484	-3.316757302884934	2096.7218738783968	9937.578686257373	31474.18008752071	138.426805017167	369.23787388697224	909.5593998182828	391568946.61279774	1924557239.6827452	6745669208.241177
779	779	0.0	9.169564085380712	65.98946285472908	0.16432568498255254	0.5526776770839961	4165188.656761502	0.12467638963603424	15.119633483536214	4.620410899980925	898.1489765959276	267.6724445019864	11.62239049193288	7.150169249683978	83.53745853229819	293.86257836336046	1074.5150403227367	136.31563397653656	362.7078583809266	880.9923542101312	7637779.480598929	29920301.47770308	162423922.5032148
780	780	0.0	15.21423865277387	14.254878005382576	0.27669966678131713	0.10225341097829788	11997.733418980823	0.11368467533196201	4.939545592668982	3.181742613960523	275.5612039767342	69.83105899327612	6.088634348070656	54.90406613968382	9.821475134350509	30.164678910103838	99.72868714098632	36.11537288058949	95.79300242437225	229.4089441346523	24760.171919848086	100944.97110529793	472530.1233998116
781	781	0.0	8.099168849361018	80.15254311766688	0.19515557172516595	0.42606377131444095	11205286.302367542	0.15964102422983945	13.22539129002004	4.463619299989659	1311.404543158779	319.5781438892099	8.066466808880893	-2.457835345284334	85.1653121170863	2504.427673324865	26246.680064386866	161.8473081800705	431.0745023109391	1052.527825901624	19967923.35911095	633809584.7095572	6812693434.806467
782	782	0.0	9.144159438511785	5.553763417920884	0.2428618034250438	0.18879802619843608	34308.05677975946	0.10784488502287314	1.4384922570562475	4.139105872018263	521.7270668627468	172.7637613018345	7.260267569640049	5.425209964192788	4.37686299991962	15.09303012072085	87.2806318325893	71.30650406924417	191.64359320722622	525.2852923830796	75595.03934114102	304937.13110827893	3393423.108533272
783	783	0.0	9.486600566346425	214.91162902686617	0.4319949710751307	0.33216877678689866	4427977.475885426	0.22674891665271832	52.50887530915489	4.171944046043791	724.6004144731486	219.4974997305511	6.370717716999593	5.748038837199783	78.89447228140567	267.2420803127174	915.2176254818985	109.48363709131957	292.05894529229465	723.7600534625649	3701219.6933219987	15558176.628677655	77704089.9185805
784	784	0.0	8.13313476895816	370.28586509655463	0.3934275228286432	0.9486220489914268	339892601.2326676	0.7864385281788194	149.43508107368308	4.502815884014126	1277.290359454538	339.3444269453396	10.51956614556284	1.018469083264636	156.98554179999272	526.8901018727561	1987.4380887454042	172.9588390226445	460.1606256071268	1117.4361254621754	31182177.453524582	120804231.51915736	622664266.7573588
785	785	0.0	20.88418050857628	1.541710299455312	0.6263682037139744	0.12897643084269308	2506.579184145648	0.35109971399207845	0.6529596175977084	4.728734211996198	284.2256277730695	64.75875459811692	22.2917544452829	117.5878636176814	0.3412104743604462	1.0743655895376816	3.8672440332536606	33.02025647661213	87.99874883117445	214.59963529088006	1189.9883815395747	4345.745707266304	19544.20331474955
786	786	0.0	10.11180775088736	2.0293858061941994	0.21081191933019727	0.32562437579132236	25954.52648534999	0.09371789427774756	0.6161982784564315	4.486899018054828	662.0063448422944	184.0558359568289	9.699025772419745	5.198066250002004	1.903513994009407	6.77359497835937	32.96375219820458	89.91074526165949	240.1507609898499	604.8864523581137	67939.83513140501	294844.6238446532	2195518.8174596913
787	787	0.0	9.520303728830413	588.9218596740717	0.615793254697987	0.19157439169953208	3802168.9265864533	0.1079837209639676	46.56727252593623	2.596277414995711	752.4346529777375	234.2026942625558	6.412621669195566	14.08867919840233	122.44588469670336	415.23366350782237	1531.407602738019	121.14214683729779	321.6407453074854	771.0494516759056	8038307.169269535	28799967.93209073	120186698.81023401
788	788	0.0	17.74580903262331	56.49495349327157	0.34842211377730004	0.7618489306377333	579848.5012744499	0.3645252277154323	14.044654948719113	4.375905715976842	372.2735432631932	97.71458767795937	12.58441684035694	82.75623613788936	27.18571996239681	103.39394381511676	474.22035420709835	49.39649396471219	131.62932241653272	322.22858666450696	232381.272971984	1029984.0267396236	5310855.020629566
789	789	0.0	9.73355177936259	26.686915125074194	0.21747943094545386	0.35529392704654256	383686.8848096817	0.14094911888508224	166.23455924302965	3.979243668029085	618.0867032712122	192.0618163004398	5.256603751150802	9.030295325129682	23.777490180474302	96.70993317073744	1257.951875170979	96.48998890255405	256.40121914472525	627.9240436311666	663684.4291655546	3542623.6970280353	83147707.86311072
790	790	0.0	13.3401128956007	3.816163293069434	0.4908140041696098	0.5306028787681246	8677.966744962916	0.347807959795322	1.222661299772425	4.1344883099664	291.997172109973	61.34790288514057	14.91929042689473	34.38538068688753	1.2079766751782364	3.9261346247880744	15.724544931839723	30.93561322438933	82.39770275406607	201.53639115313126	4055.398478306661	15780.380330016205	87535.19093821279
791	791	0.0	13.21263408442829	8.297860218864884	0.4421855889126067	0.26736058872120877	40451.289584512095	0.2625679134240129	1.253830740046379	3.582782646990381	417.4409705018183	87.94341200452163	15.26830180824371	35.515938866285	3.110175163990037	9.912599346248706	36.44748398883379	44.26687685428999	117.93920227980891	289.0445241976603	28393.719435776537	107482.24756312413	538412.5477559697
792	792	0.0	8.867272828353261	131.8740140037969	0.37024956938576026	0.7541252123693564	23262998.476894032	0.3948710440355291	18.191368786046507	4.611472539021634	1070.891321121781	308.1579756805091	11.54122629871865	4.294594163841351	49.71834617734305	242.12565719134267	1430.8615631033053	157.08903920802243	417.95174817513725	1014.8141119676508	6577704.741908547	39806786.17001257	320071048.089695
793	793	0.0	8.077242221160274	3186.797970866552	0.1788071737783394	0.9999999999999954	252067771588.40408	1.000003438867438	95.74692979587876	3.146585037000477	2138.317465369488	412.6580921708749	8.830461954933005	-4.147437936755436	3690.4314125369697	12951.098795652011	33304.514945322226	207.18233172907594	552.2377565793875	1356.0092843868608	1894613335.0945883	7030276188.2960825	20338062902.989655
794	794	0.0	9.752566096457453	21.677381180220113	0.1886698204000913	0.17579778542895272	874011.1063844935	0.08699827002404273	7.520137546139823	4.600653890985996	1000.827718177033	283.8076562665564	10.79208284637131	5.330602654014177	23.44442035862634	89.65712575003093	932.6389922608448	144.22654924344738	383.84503923657735	934.1087201539267	2644778.71811766	12596316.635259721	167962833.04241875
795	795	0.0	9.774945263261609	4.82593845996417	0.48456524146289903	0.5163002789982825	52354.42075832623	0.35655670232053	1.2038024034671544	3.905222774017602	478.1429156682028	132.3882090536545	10.31558193795263	8.119915071973912	1.3951187937413378	5.102174018797667	29.13929572976214	65.75397720132935	175.35918165840036	432.39562550839815	21872.697314977853	99159.57538347454	792703.2770350316
796	796	0.0	10.42598572213891	247.59162533726982	0.20509244391631792	0.8242583860739705	43248342.52695205	0.49280237181803604	163.69070248534922	4.128509286965709	759.8171809932874	254.235876644306	7.855607585317504	11.60219898955871	240.8442517329456	707.4236600893605	2021.9315350847046	134.2502286218902	354.7556302698316	832.3697155223063	11409563.612514129	44274121.65448451	168476688.4760073
797	797	0.0	10.81814619872771	5.353775479022826	0.4592724510598224	0.4849894781926495	158391.02654669323	0.33101005286555873	2.280552705323295	4.514103194000199	722.6748941076154	186.5667926697841	12.90537704672452	12.59683013587591	1.6808526764141123	6.2483526741633435	36.08640786092989	91.65924871136804	244.74912984949594	611.9652876564247	74825.71216845281	348562.62774317665	2684976.9027942857
798	798	0.0	8.132040411293817	30600.64630439768	0.9256792777536172	1.0000000000000135	446902700070.5404	1.0000042281329613	130.78758740970633	2.977499612024985	2103.155608399212	549.0847909368085	7.429879168679822	-2.927614919710972	1165.0573045378915	5986.646861762003	27969.73732485598	275.134885333518	734.5901296191598	1812.810600055448	681322416.0351923	4258373762.4289503	21993810346.698166
799	799	0.0	8.733860460997084	2225.806747099732	0.9190642970486591	0.45509956611918406	240545774.74026546	0.8876935726703418	111.11325417737442	4.053481740993448	891.2284107654535	288.9531654164838	6.22834601822109	4.329408754444416	91.92780461765389	331.3865877100156	1908.896598638491	148.55049633789213	394.74851494222776	951.6006008190316	9178533.61317734	37428042.80570055	264494715.91842663
800	800	0.0	17.63806114580215	9883.521966005625	0.9819148625700876	0.49173229440543137	35394080.29615989	0.9782815287939275	52.218653176558554	4.068931844027247	249.760586748937	69.56111449413987	0.6233221845219781	82.74645691099033	294.3818680618045	1047.4267407350114	4746.6210776084745	35.63288965338711	94.9001639247083	229.11975824429476	796445.8219929687	3385640.7038758495	18294103.80271189
801	801	0.0	10.34194050586974	229.38944440675607	0.384191943842515	0.1487551909778173	663699.8948147258	0.06861615969888027	145.10242665158634	4.347960929968394	655.7685998488677	225.6503059000257	9.014693746721584	13.95898063229513	86.07459262528275	351.22520766300903	1164.0233791495518	119.59511780905314	317.9355699732455	742.0546838015525	2999773.6467322297	14106776.78387187	65701887.549112536
802	802	0.0	8.089619341220034	3.081781353509788	0.030635100816865057	0.4189302582770973	272718.4212869484	0.029532943137154603	1.4987361444202008	3.54129651299445	1053.612636709829	371.0070497363639	5.067099705232271	-1.139233007558696	33.315264972806695	327.7149777900157	8093.736069148414	191.42588762151058	508.95948395618416	1221.1952283075218	4304621.637357736	52395904.5362438	2302140494.7428007
803	803	0.0	10.10331180813257	13.940142888429413	0.07282924453187356	0.5391964915932609	37284.464753202155	0.01521386378960768	6.215947113355704	3.417110487993341	443.9223973725859	135.3853287292539	3.04754183371708	14.61624059106755	42.86657692068051	165.842704018011	699.4602600803951	72.0324278921239	189.17927080282573	441.90484111546607	660375.9178310027	2532347.4321758165	12809344.010197412
804	804	0.0	8.080330033312896	27.539322733491677	0.26802873170639885	0.2676223233569433	2012685.419547161	0.1798689331826936	168.8931247160862	3.934225791017525	1133.396622015796	309.4749943892468	8.197755244969397	2.451111470139082	16.903971149082405	124.74579573764927	1138.5289579876126	156.93730625094076	417.8498462401915	1018.7643677883233	2413832.2033122545	23226162.79660718	285981552.7256773
805	805	0.0	8.36792607727091	1225.5785454194674	0.3706143471272898	0.007803613366573965	633929510.3101611	0.5705212071156821	15.35277240965654	4.467040727031417	1248.57425565413	295.6443412372944	7.733635328804171	-1.248680387388843	454.14295776745786	2234.086543017621	14176.44976999002	149.46969398377905	398.0631630849484	972.7080796896047	84098994.87538126	466404661.1229026	3746298484.492328
806	806	0.0	41.70059967019174	0.04507924852208412	0.1736884520317696	0.28746505641714976	8.843982516579432	0.09257945462417855	0.14036054635675882	4.630002024001442	140.7583037140868	29.17211740117374	38.50960112650586	558.5345786966056	0.05273947681392431	0.16563124680350177	0.5704936811328909	14.41956717852608	38.534116385088964	96.01755273411365	21.989475300627625	81.79893534967995	362.4643120133194
807	807	0.0	8.197061000059	6.399614044735094	0.05022386083442184	0.6937914790278682	2185528.3231306295	0.08103727744353964	1.6493875131215088	4.381474310997874	1313.749656242902	333.5213330450558	9.174544518469126	-1.420618325795485	40.82737672984097	654.4633958803338	13920.090668408193	170.04178025001625	452.4191329580633	1098.6412784100544	8898594.665949823	166081931.2062786	4199451741.1200347
808	808	0.0	8.578191161020044	4.47841843499404	0.13321175231365398	0.5088370804441623	386867.6838908701	0.08533941435066328	1.0392403408187876	4.634803580003791	1168.13050207898	331.8767828560314	9.370180611212215	0.8073606878179951	7.74072077137758	61.64679105542	1560.3766488442864	167.96247959812854	447.41174635306504	1094.2440734017223	1331414.7876962998	12757011.973138463	414251482.1419629
809	809	0.0	8.519588560061804	159.6756160014085	0.4214304878493641	0.07924321694839828	5911676.61148539	0.35245290121939793	132.64672543573116	6.018389903008938	703.3984839607382	226.8011317412904	5.770083213613709	2.971815921976709	50.16189383006746	228.34004617205917	3598.4141471165226	112.34878858140803	299.9258703102022	744.0579903714861	2244548.0906546316	13151372.979098165	325126703.433049
810	810	0.0	14.79947545630802	0.18113661678873885	0.026432974379963135	0.5353911448999251	449.42870775258143	0.0219688132644412	0.13205095725302232	3.845737326017115	286.9773611625419	65.774275540686	13.56813121471771	47.75931287864303	1.5338173647432862	4.939640639345675	18.379771454094822	32.893293040447304	87.72423878810099	216.4435580636295	5323.825669243168	20122.599327054017	95889.91238476867
811	811	0.0	16.91806639734876	364.4632654328999	0.7127193065222954	0.5038659123426551	2321863.2478465824	0.5681005564013776	147.34962933879345	2.565022586029954	380.2012670410955	98.56271291016839	9.17897991851374	77.24540559630621	55.68373796787288	192.15060945088354	670.6141935633009	50.35671717689888	133.8853495546445	324.24231241888424	493274.0234523378	1852269.5958229033	7515482.638169263
812	812	0.0	22.515987979653	0.10737057375260073	0.0901166624262836	0.8131635552356073	312.6241644194418	0.34127281033527374	0.15680783385729105	4.187866455991752	163.2593742943099	30.3805315770419	30.17770632235207	140.9536686133179	0.25479288630579316	0.7998344543310196	2.7361214524039936	15.394104411497096	40.98521221394887	99.95093611936511	153.68986915218412	567.5497070064649	2585.8538796935973
813	813	0.0	8.731282499013863	52.823043795478476	0.0825532948916384	0.4748314501695047	1926535.8542280924	0.03580931332120692	14.46058046576108	4.136259994003922	898.0469138712792	282.9356660475376	7.287424273196239	6.191147786366644	154.22220770622351	711.9744702945825	4025.8918762485305	145.6498219982176	387.0698594410744	932.8268903255116	16236916.304952152	82840956.88137177	515186173.98049927
814	814	0.0	8.654985451463995	13.586065881854585	0.246342139800453	0.5279824414377251	1218575.1228869294	0.1869510998694208	1.8716281693144134	4.615131597965956	1078.858214305444	312.1621959991148	9.28906726611907	1.239789931906379	10.056310818031521	60.90655003836571	1782.0382659389506	157.9525298516188	420.78573358870915	1030.7691196168025	1354139.7493507336	10731522.215543339	425490958.52640814
815	815	0.0	8.414679648510823	106.17064611921222	0.06409623510979433	0.28680322826793836	9168692.00536497	0.04334172961965622	137.7959351491295	4.579546149994712	1224.106540167208	285.9300370477201	7.36819446848366	-1.88369269863969	834.5956445596911	5605.029381630176	26595.286608349565	144.54201704093566	385.0142366560999	941.2149432972195	148157813.340112	1087495167.905819	5928739563.244912
816	816	0.0	8.023709165148366	96.09912237667785	0.02079506180648878	0.03537460554408069	32158375.606967863	0.03941201612499352	3.3243691108400957	4.488117870001588	1302.699860297466	288.2312889927696	7.287620641588162	-3.286821429741118	1477.49297788155	7881.448928594093	29568.535168482882	144.4726623534732	385.503741592245	949.3965395987968	286284375.0661575	1660255825.4926207	6805904563.406514
817	817	0.0	9.889506067951997	16.707189124985074	0.13228954122613837	0.40235854942332794	273148.3800175633	0.07236269405747242	3.973900409977788	4.407168583013117	632.9227005694469	183.575106684589	5.00823605947533	10.81942747892886	30.734189442516143	157.3647372375669	1278.9335321911553	92.17244865267469	245.7793545415406	605.0272807919316	1252066.9965005014	7407666.955934631	74567309.60865077
818	818	0.0	8.662507032534599	370.9677911833457	0.19958054626457167	0.48361008065486255	57320232.7238842	0.2259111136114933	69.52372554636722	3.857823568978347	1091.536656930658	358.1286091484623	5.365748137951639	1.235194618814746	372.1557836657275	1721.086250631248	9495.84025833687	186.8927278986289	495.61255179129955	1180.9715976128618	46549766.79747577	282257913.8497598	2341199327.7675548
819	819	0.0	9.085281902534726	5.691460031588185	0.019678295549905564	0.09975518234521087	677022.5360955471	0.08880350140514212	2.2939934386360217	3.496372890018392	498.1946968978948	171.197529118426	1.31069111358739	7.68874704948732	85.50537613614155	358.95549097785363	2247.2281430305184	86.34473809893791	230.52412550709266	572.1610213533643	2027245.399325795	9409971.951666819	69216315.29562077
820	820	0.0	8.418671481159443	10.438714712313741	0.1176871637692761	0.18264301332223748	197647.86996058866	0.039855227455576694	3.0522617392375424	4.497541974997148	934.0171998360256	307.4280701254729	8.911565472617417	0.2385222205590209	19.541826940037616	68.50677706881473	2760.03875162945	158.9509400113143	422.206716573681	1013.6159026165003	1463733.74954664	7152484.772910959	563172156.7124729
821	821	0.0	8.889278252310039	11.940263499448616	0.45958714454153543	0.17963310542683097	356434.5181271951	0.2796039972709574	1.3295069260924623	3.675393599958625	811.7674622610361	228.7561632883444	8.12636357550769	5.337341016944601	3.9311859247674743	13.714992135176132	83.49574794334961	110.00780662180273	294.0854874470399	740.5051575197768	222109.61423462073	972072.1447077605	9760435.882035805
822	822	0.0	8.384474361334874	1797.3473412194462	0.8797098302744213	0.4002694234087647	185417480.6012597	0.7953944713539658	157.23437947713376	4.164368264027871	949.85498005683	292.1242171251168	9.016558490562772	4.934597173484285	128.15882940201007	503.7440081573722	1983.875633219387	150.2354377304681	399.27089388186835	962.7082977621037	14475282.535305565	63254168.4806432	303928768.6911365
823	823	0.0	8.124357536837438	118.96987420868254	0.016435636880677916	0.6110765154178914	41314755.01838617	0.029070528248167603	3.675142336604198	4.299591643968597	1441.057752823306	290.0758138509715	7.952443664428789	-3.023177276864785	2027.1423283561733	8871.748668227594	28814.887232471356	146.59588334055888	390.4392755466149	954.2697339017633	456788173.39920473	2189773227.7957506	8253500865.555751
824	824	0.0	11.53802955016892	22.47733293581218	0.3014552325906341	0.6616711501180168	681231.5234436427	0.3168632456086861	11.616599462855977	4.684148974949494	599.7582170804261	153.1076500051951	15.88876605548071	19.17045812602937	13.780606477548657	42.794642809625	132.08325893812227	76.95669384604696	205.03613193089075	502.23348389644616	376485.4976822638	1334728.2103327787	5800758.958026977
825	825	0.0	8.874038711932585	41.47946562191619	0.7466536659011394	0.18324100994776665	2096562.031247481	0.6015710066369043	4.933272539888572	4.654151026974432	798.3187873646923	241.3144570782543	10.32342253149845	2.667214027208875	5.431131066804136	18.558361343470263	91.55346924875057	120.16261849385523	320.32088467769813	789.4597410624214	343730.6350640547	1421601.9450637023	10791468.418800956
826	826	0.0	9.094599173909922	9.940384110469251	0.35983812898529066	0.4394812454751342	395265.3649701156	0.21877891264455626	1.9934396796203482	4.74406233598711	882.3256578401648	253.6493349206645	11.55380260010036	5.492894631155909	4.736335090750011	16.681742127063778	350.54006229165566	125.45428386922185	334.9188920013612	831.731710643849	350287.40309907316	1573866.644834239	53160836.27400592
827	827	0.0	9.39967404967612	3.1014522983194253	0.06034239162350919	0.17656738905304467	120014.55051959155	0.04594862322924075	1.388091658873288	3.75312407797901	805.928154962796	224.8890028770201	8.618569757225167	7.755193105788575	11.84961517789113	37.53119734358565	161.97575093736705	110.48334163591926	295.171415802463	737.1614263355866	660257.1972775654	2613365.1571772536	17718433.6097242
828	828	0.0	10.44012731776326	41.09916068893113	0.8427019301676201	0.8579528409327455	5774480.893292555	0.8891278074323858	2.2938671449117978	4.514679391984828	794.9731072435185	204.3836612959116	12.48014368748157	10.14978373213207	2.1069677168378598	7.97940939225069	66.43388160456435	99.48899627400806	265.74656711365105	665.4752030551845	113539.57653686052	533833.9747882049	6538519.047568931
829	829	0.0	8.311674493440862	200.9583721752203	0.6988330249983482	0.23065237385525983	13671081.090642877	0.5823711757352521	8.298808276148355	3.827015583985485	871.6222698681324	292.7833878274986	8.0487418739002	2.159088775762859	36.21135939496565	116.09383617226914	476.1611607089269	148.2165650291464	395.2036528115566	967.8084353372769	2377181.8060114635	10069629.4793374	78380393.42005894
830	830	0.0	8.10728156184309	188.73615846684757	0.16950360201025663	0.3199924441203375	7222838.838015491	0.07625028443238482	26.744785946696357	4.232676874031313	937.5968686211936	308.4009582258649	5.068773249912502	1.808241994707538	232.43298222142164	931.2413810832711	9234.672466580623	157.22462061267424	418.4904106747522	1020.2326198281506	24712748.576960832	119002141.09567744	1587780291.8936498
831	831	0.0	8.98051705984353	12.353353340452	0.046398853995238666	0.1411133158891978	321236.3250967108	0.03948092292515103	3.1971590482115095	4.13214468001388	765.0299769075011	277.4520507753146	5.656314556238065	4.958079255340525	128.6935153119969	593.7104420675522	2809.798325261802	145.153426633025	383.937295754317	909.0199517359649	5990171.90625619	40480913.74983366	297619821.42258227
832	832	0.0	8.088903579735735	8325.792960493749	0.8265131746698537	0.020357339047479613	1132457241.582242	0.774024318166827	158.24770334692107	4.434201615047641	1058.042018368627	295.5250280771376	7.161310471079089	-1.168458908147409	418.460248377472	1699.805890070135	14135.353599935592	151.21902882918505	402.1196147477551	973.7957589621728	48607810.01566162	259601066.20483947	2864882903.3328924
833	833	0.0	9.209438722096893	125.9989584873244	0.2563973152901628	0.420315866021174	686456.7856821803	0.05091149594532066	21.690473441045913	2.62730165704852	583.4217434089118	182.3883769621614	5.0638734354715	11.44498286789115	93.77398790131858	317.2636171432633	1392.4827653678694	93.60245473897601	248.44741859863183	597.9674943972423	3180283.7209669733	11450756.344432352	58241436.118897334
834	834	0.0	8.518665602153717	147.34849058737672	0.35249535508123336	0.36622473109996445	5833151.918661321	0.22002357114142168	10.481940492391306	3.909014823031612	865.5387796030961	299.479380230365	5.708628930773973	2.069101788270722	64.52604146938764	271.63992176934653	2152.801874308359	150.87516971352045	402.5675409753535	998.6892629908298	5031982.071468376	27153900.617947567	366152544.5920591
835	835	0.0	9.492970596161744	27.434411027837864	0.7152412266500506	0.6804389480032317	2014171.3673077477	0.686096379418248	2.1912059420540047	4.446305667981505	780.1998056055791	233.2026810885814	9.630321322123528	4.072775152230911	4.146372916077131	13.722138837259054	62.717836563374014	115.76174056425657	308.64367701241804	762.4336554699242	233784.25074852488	959820.2534798888	6692360.7960541835
836	836	0.0	8.384276624978364	81.49016736471202	0.3542166027764885	0.7204909278829291	20026230.06604834	0.48652089433375345	5.703922335189189	4.488566478015855	1113.8163055663	345.0262877707556	10.58116746499229	0.4391282940244343	40.61202755418084	131.29532144595748	1140.6061662058953	176.8151471846105	470.201811556807	1136.2307384034245	5243059.790227081	21119004.66771228	323962780.03610224
837	837	0.0	8.825648881758577	8.710950059867182	0.1270119181133955	0.2066387810535337	311306.8708294305	0.08025208072926042	2.4257624736254124	3.492070426989812	855.7684807015091	280.1124182217818	5.621186845235673	2.70722468380107	14.859794183520254	63.40845293670843	1715.7654821621354	134.6920102110522	361.13248503219666	917.80598426895	981078.6070767571	5881791.056784045	263001211.91317618
838	838	0.0	11.27403731181557	0.8753570440288462	0.0716564969772748	0.6951420864585685	32970.86959814039	0.15387274533131184	0.4869751693246147	3.910409893956967	486.4928070553485	129.0227377669772	8.890256681081993	18.39195802792415	3.359584440613474	17.377364061608287	121.69223240151268	64.31778129420428	171.68214427299216	424.1012795987094	50303.59156427978	327493.4008916557	3514323.672301666
839	839	0.0	19.90978785132131	2.427722438589216	0.6684101178409109	0.6315851062434494	11707.88354541087	0.5505258275424432	0.8478371341612237	4.785794920055196	366.6028251529015	64.68951866510454	19.49507930789132	104.3631381017337	0.4743766866642245	1.49987803277029	5.3412055990703395	32.67250156221519	87.01814529117615	212.69315068870407	2631.9300688685425	9827.189153076913	46656.6524029707
840	840	0.0	8.314492342762044	914.830073280032	0.567930075374816	0.32391197469999883	82405581.0060684	0.41929909788628467	44.88637615499034	4.17598546697991	1040.775109021542	329.2226647958636	6.950380090074132	2.551858077926725	204.0033225756711	707.3576804945612	4645.210095344736	169.1977438700518	449.6997550801507	1084.7897784193465	27774596.46334229	116177400.76066667	964781728.6618625
841	841	0.0	12.02962367251356	30.437508602109315	0.4467586465614669	0.833932916475138	542279.1541037955	0.5021796488359057	4.859581004222879	3.565019724017475	431.2820606967227	118.4518622733522	4.036842931197654	26.71745371883999	10.366060785049067	36.95669728573734	414.14942909341715	58.83208960809861	158.62901757959025	393.6431327129803	129379.50388126477	537517.4543500051	5999226.249608054
842	842	0.0	10.07024542712548	16.562935529714398	0.05303670923420566	0.677135792673477	1225048.7111874959	0.16670625975687273	4.588997004434901	3.528797261998989	558.1986276636119	158.4079857662072	3.596079223574925	14.96010579674699	69.07210473797333	206.58922936378977	943.5096499950679	80.89420513379218	214.8038697686282	519.0618924716122	1533076.234215034	5611265.583773948	35631365.06699128
843	843	0.0	11.96689914387867	0.5598023043742468	0.07013715596899041	0.6107461809072656	4697.423725162135	0.09617001086694393	1.0693251804459663	3.942079409025609	374.2447590247277	84.64702221548487	9.511614763720416	22.38108401967205	1.7773762334299592	6.193242045424016	49.7970150418235	41.524093153786794	110.88417127963413	276.23505474297565	11628.467701232037	49741.7199994034	585960.8848479127
844	844	0.0	8.095788988261472	42.17450567186129	0.011389398794212283	0.3967611996975844	47442341.37761332	0.04604709347151055	6.6215101630337	3.597627669980284	1474.031060902813	355.4676759473718	4.765054821434598	-3.660522434121431	2505.169241937878	11064.87743428953	31442.518719805503	170.21283058484596	456.4564624413249	1169.492903181244	677322929.3165241	3039198856.419878	9997621321.535986
845	845	0.0	8.061635846984002	190.8868484327008	0.2050770167839027	0.39207883543452315	15449579.555046253	0.11590725782468492	14.554946014272906	4.552253858011682	1215.48213916513	322.4039742063168	8.928308734662586	-0.632456907385464	184.87362685520932	715.5446558412879	7239.362881681715	164.43835033979758	437.4395728131724	1061.6967346875226	31642456.02550562	156964794.30830693	2009951592.4147778
846	846	0.0	8.070077615722251	33699.31844251976	0.9305610799608914	1.0000000000000084	209633085494.4796	1.0000035013193307	101.06431290677506	2.560309166030493	2322.91076735659	467.7445572672203	9.348934411140366	-4.435829739497489	1906.1860541066685	9152.122639145215	30982.19757049978	233.9805724294738	624.2047933681974	1538.5839670182231	1321339557.2325523	6488554412.150188	23298210580.886204
847	847	0.0	12.59747197918408	2.131019021043917	0.30250018147242297	0.5324466184421158	16239.336336050887	0.18125484144952558	1.6086246537288889	3.637734480027575	496.3421550750206	100.7073570183066	13.78105268056039	29.58046879719338	1.3093454241570577	4.185630800505287	15.449480423508618	50.96366651138396	135.70884537278238	331.23836386898415	18369.821536726176	69837.61001219944	350344.5735722051
848	848	0.0	32.29183248529577	0.2147411475052014	0.13364056257415105	0.8461099065326279	158.29350745507767	0.3745331599056758	0.454167598912194	4.288460068986751	123.7799352817407	17.18251768543117	21.82780847577376	324.5215366845683	0.33475646863491376	1.0531285155867018	3.665008141592095	8.563871506417968	22.833925252733707	56.27203193145134	67.86087130760913	251.31121684747373	1168.2180833509444
849	849	0.0	8.119722744079917	26575.39398196329	0.8240955303874216	0.9942491104531637	19408717419.45958	0.996222113566281	31.661021165285653	4.367210584983695	1576.739143772311	320.0078824426452	7.961769640423232	-3.731197427131703	2663.0144945695442	10878.007363723353	31886.810918138606	160.64726970652896	428.2931964624613	1052.611613088303	759956815.4921756	3232649527.9573736	10532812477.393879
850	850	0.0	8.213002466451334	7.933947739886879	0.09557752926077544	0.3438512988711277	388507.20591425436	0.06174158146738099	1.8779357811366992	4.062782325025182	954.3480610438122	302.2309749128054	6.350386297360282	2.344081510407686	29.28449537535562	250.0031403042029	1453.6376337954414	153.9677630855973	409.8091943762247	996.4110041790036	3246196.2861059564	32985166.058868624	268605546.4944957
851	851	0.0	13.97444191653869	309.54198752442267	0.2376411646043178	0.44551200364209254	1770609.7927828953	0.23007248048178053	9.704033894296096	3.605840144969989	326.5274360746329	100.9265105604036	2.119699973897688	45.14921727857762	244.54438387852633	1049.920434634297	7285.786842384039	53.537009917502814	141.25712443559155	331.1926115124995	1421749.1480097298	7185963.208794397	54270108.91180655
852	852	0.0	9.032081701751972	1416.3080262936196	0.7445353809808621	0.12047328573958985	11835654.19739699	0.15413236269258832	127.06936240417683	2.55374149500858	773.7840243094216	254.7376541768203	5.7431060056267	11.98979440805979	231.19849711588088	715.1677891773875	2521.7391423206	132.8946361934926	352.49798062709374	838.5098761452526	15871857.900826007	51696015.29830457	213742994.86307883
853	853	0.0	8.146169490686983	807.6103101043383	0.5675790991560197	0.8407183652921355	180740407.3047448	0.6718649031519928	118.1857888540199	4.224633731995709	1000.320415339215	318.1658595090859	8.48300725659548	4.222806434222383	137.1818433799059	634.1188084958455	2875.520270990606	163.8390911271755	435.2184991441618	1047.7184225703536	18705469.423990943	92079526.7124604	508645722.3660028
854	854	0.0	12.47434090697743	0.0737660430361378	0.009469336922419132	0.03058737844359247	85014.15940880997	0.279870945713163	0.21812765651609875	4.580881771980785	606.199949619448	129.2735076623668	16.63149562736043	25.1734630243218	1.9394626020418264	7.466273160017382	29.42955944703105	65.14541371572159	173.53184894099616	424.78023569825194	52207.17996661082	225134.73382586657	1185436.3426479057
855	855	0.0	8.196681863760654	179.87111933930626	0.24754149542922663	0.18293646834248667	4524813.432681051	0.08141610269533092	7.770619365662206	4.259222240012605	916.8424961425588	292.5475424900173	8.384799986420875	4.329130329187537	136.71220359498662	548.5643024082675	2719.1597677231034	150.45943320829588	399.9816559403695	965.2749435092934	14425378.685001027	65167288.51002556	379221420.1702117
856	856	0.0	8.06957740471943	2337.432801912825	0.7768653518550666	0.9025279763672541	989583216.3955828	0.8172237339395999	156.14141626769666	4.466225234034937	1409.211143257321	342.7401787328899	9.931979295268448	-0.4146589461018708	205.8436066168	834.7153945098098	5138.105463691874	174.3798334705541	464.01323140397153	1128.2944984543083	51850683.717539795	233988507.7649137	1851779163.336969
857	857	0.0	10.39616106204806	153.90547219057885	0.8769698206077998	0.6797049617875082	3311008.3914733026	0.8346993582856138	10.669265143792666	3.888757202017587	505.1106640706266	147.8427460043261	8.777121774473652	11.54370545551104	12.439980288482987	41.895842310620836	174.01151609903425	68.50487582684508	183.92828734310189	477.0246162256462	203825.2486824386	807996.8600251765	5319095.596953977
858	858	0.0	8.971879106951684	15.041715797769108	0.058239151897087206	0.1923570576664023	1106578.5893352022	0.03395675622511756	3.8436457359162257	4.64402876800159	1155.750215841492	313.6801709544852	9.112688759056242	2.215069060759221	78.57028043540393	394.63139515742034	1924.7736170889173	159.6895203779386	424.94386508686694	1033.2278370708343	13417378.557567392	73448117.94106679	490777301.6420585
859	859	0.0	9.380352104480433	1484.7104583784364	0.9563560206286931	0.26785601177950724	137461023.22533023	0.9135637761724054	165.47185940975697	4.082982454041485	857.7579275754758	248.3662438109292	9.805323365278724	9.690923140082766	41.88613178908456	173.78248137462532	955.8485675475995	125.76949625700809	334.8833791809443	817.0518448227826	3123292.4231965374	16107237.496118689	123257495.76225224
860	860	0.0	14.57880839072503	9.27485047774333	0.18189521614584853	0.5034679045220417	69754.73975624157	0.08733856810566622	4.2000625710103305	4.650415673968382	513.5506219484646	124.7040010679385	17.09506611441034	42.81980684593016	10.287109242183204	31.07251903455574	100.12975014438842	63.34616192372931	168.6042887281282	410.4583647861384	182305.35731860073	658714.0911360942	2921563.7383607444
861	861	0.0	10.00563791213823	50.35761871266547	0.557023861626717	0.17950147193190252	626308.9042945412	0.3667735466402446	6.482260574001171	3.478584727039561	528.8797722428378	149.2209139108159	9.644689641951345	11.9292340182468	11.217030243502098	41.059511815608964	175.45089690251308	74.96763961847915	199.66980493909483	488.36627542278814	252145.7344690566	1099200.711351564	5972614.45242742
862	862	0.0	8.571830301578	18.726739458774087	0.015167120788803405	0.8205142373289525	81170653.94030397	0.2584368848498001	36.69424061516763	4.237465894024353	1104.85843148178	366.6464758100163	7.131984387210502	4.005659542685817	345.67750776476186	1450.5479968120815	5593.703988601228	193.03443587451602	511.0394940626452	1207.0255649845512	55390649.10206636	241891685.87106806	1263530390.3668878
863	863	0.0	10.69588786826482	20.35287089636961	0.4250716021349367	0.2045978167479722	196858.1853460477	0.256434909379384	2.7509264418892094	4.63854164298391	520.6082365503443	129.1329741033326	15.33331816170146	14.39040953576266	7.794519539618911	26.068515613005836	115.05690212671799	64.49152259743238	171.87159667783294	422.3271391840505	140966.4801149033	572730.566332174	3649401.4873868073
864	864	0.0	19.52403930781639	1.5908876614794054	0.2589778765362285	0.8194467240505926	18106.895230961596	0.3229944257233057	0.8143809376742727	4.818905998021364	366.2927483424278	83.7396814717536	15.86683058718139	99.3599857327086	1.1354461519766927	4.923322652589443	27.987229138050186	42.128322018870676	112.350714517151	275.95389287378543	8457.221466747164	43483.85258811962	305120.0106993313
865	865	0.0	8.92626546515444	32.352147230248534	0.15241706707992783	0.08001919660554006	760587.3604877281	0.07963836661146631	5.485109962308878	4.602417335961945	957.8778077617019	374.0945381191136	7.613351326962697	0.1452754261253407	46.69992510186197	349.26050487606415	8257.997741149806	209.22116763946462	543.7999222116238	1218.342023890664	2940946.785425729	39098358.170511566	1912790577.5375168
866	866	0.0	14.1019178037795	0.7729042064786517	0.17038058085916566	0.7399348087530895	32681.544332528658	0.2744668639123178	0.6134875383528491	4.709962722030468	599.6408712624957	124.2724042612451	17.13481780846212	38.81601743373973	0.9232518894744562	2.8799317230502437	10.142769079935455	62.68691059149819	166.9587937736843	408.29477010586663	21738.089890966512	80355.96557979682	386106.0013737747
867	867	0.0	12.64624721262684	62.47492071539978	0.6387479681903234	0.6137603731330743	1412929.754212186	0.5326275580346	10.449427682461426	4.183239939971827	571.0705122173651	147.6300757590928	10.8715974802117	31.5301761258654	13.341362448153891	42.1923804488944	169.1638474114911	74.87647577986627	199.4235115191347	486.50013676866456	335751.423201754	1259489.2471852826	7137423.070767471
868	868	0.0	9.809141392833244	223.51438889027398	0.547694644414126	0.4137096751758658	14956989.53297797	0.4107729799333764	145.73352628297508	4.655891459959093	913.5185018259612	272.1175372161746	11.70881263196354	8.501415683997122	50.99590352655066	189.50508077951778	826.0724029259992	138.52518585103473	368.659990486379	896.4378974448728	4955573.940549527	21592501.49553387	119669991.79826924
869	869	0.0	13.26890842322916	5.219357356157048	0.1682314605198885	0.32444889852745945	51408.78226947383	0.08742191207687054	14.003023893649157	4.712130047963001	551.058899023555	133.667888742545	15.36682983616021	33.57802221317817	6.412193334820703	21.33945724536563	85.96252182090892	67.28855945826922	179.33512936274423	439.91573762062296	140494.61984656396	549261.6205875081	2935446.1054956806
870	870	0.0	15.28275940294686	1.9425057999515998	0.43865746602633515	0.5105948493250011	9136.112599042144	0.2519569388639976	0.6344993904312638	3.964560962980613	422.9475809405109	86.46336940061937	14.58211932839731	51.59186127530133	0.7454210815307095	2.337098011958896	8.092757042405466	43.309602407154046	115.47187396658052	284.25121970095057	6800.601431458069	25157.35226711755	115767.4308878154
871	871	0.0	8.529421526897247	0.7868377923854691	0.001622265417115083	0.8819976493340582	16567335.538027117	0.2420194682120457	0.48467923362759685	4.185459522006568	816.015633833843	281.1866430672019	7.002349297193405	3.75925278321559	162.50236698734105	764.1253938204762	3227.9742971391433	144.56824252394608	383.97849450630565	923.8550936004891	12278145.36360934	65635654.8670164	384721824.6473887
872	872	0.0	8.547686774038349	10494.527739719004	0.9596658932520742	0.25137096196764036	1063564522.5412369	0.9190851937335708	161.32536620061637	3.96455157303717	855.4568394994607	282.691882616933	4.734707270378386	3.83785769869064	178.2252108412306	1014.0128176700757	6448.818456875456	143.35580400143976	381.90028042852066	937.5862150286447	16057108.712904094	104663443.62293127	900075278.9250835
873	873	0.0	19.5534180875751	0.6081600436979386	0.30524337938263135	0.1382099674024466	2193.833621127545	0.21028526282512408	0.2655942635953694	4.660178627993446	367.166753348816	65.94231552737932	22.71040392916002	99.17900545808877	0.36570961205427444	1.2149720716838806	5.720388395469392	32.58251066056016	87.01558615896715	216.35603908457767	2056.142552539309	8185.904227325832	48404.43219165417
874	874	0.0	11.0553665117671	48.705259348655574	0.661205647127549	0.2339348669841144	730812.3079311308	0.44000827631239	7.007130901861689	4.711805772036314	603.8384467135369	142.6672744375516	16.03874455786389	18.2897830231053	8.64153854188239	29.468327512375282	127.02922464072525	71.77805084352451	191.24124799880974	468.5202306205076	229619.14320273677	917684.2620517188	5572509.90968653
875	875	0.0	42.93731409368862	0.2475260555212619	0.3597520212258456	0.7487902706666518	144.32907875231004	0.3631039881559686	0.32159159165198026	4.128758192993701	169.7863794036795	24.54884492780233	26.34582072315587	600.6581483415767	0.12351896881951878	0.38617957645053497	1.3156834202535128	12.325135815430912	32.843224250626974	80.57549914899934	64.96421695382573	239.28428366630317	1089.9349586900994
876	876	0.0	9.716245274097403	3.5801119553538885	0.03761141017108209	0.6354889655195546	625334.1248744988	0.1423175652746864	3.236282759975999	4.559035445039626	726.4060895033891	213.3119805015556	13.8601128304645	8.457726813475814	21.224886233483787	71.96700938812064	347.2841219165314	104.73911701164332	279.6507197907839	695.8242807338028	960423.5445971384	3894757.9545995397	30447206.565363754
877	877	0.0	11.4127790768813	17.366165776105746	0.545660044060139	0.7375147334519028	465122.01757714164	0.6763664520589833	5.521336551322118	4.624327604018617	406.7308626439226	178.2256706925409	10.9187819667242	13.69377445579901	4.523618483469548	15.084148619161324	56.396408786102164	93.59689005515816	247.46469552319758	581.8957498831012	39004.358902874985	211447.57765183787	1583565.856000791
878	878	0.0	8.134401941243473	1744.05219474859	0.7383640940910801	0.17945422524123514	93190176.64358352	0.6721118114624421	121.986635318207	4.181880269024987	718.7151288564835	266.34365107637	4.926488380906955	2.147753577518879	131.53495645098417	559.7714055054387	4797.484691325738	130.93669794349216	349.81740812982423	869.9581639365377	5968189.484666425	33754827.339091666	523872367.42917985
879	879	0.0	8.182264657190283	15.225311282659055	0.05372334205766759	0.37430987335474564	991566.6481030857	0.02380503796948558	2.1023621358569167	4.637567693018354	1243.700076371131	338.09420320725	10.21581668764959	1.411897030820066	79.63533462636539	433.7158534245704	3082.1617827219393	172.0944270060652	457.9580741987264	1113.4565942262216	15829220.35936028	100123841.43292733	924707006.1774265
880	880	0.0	8.120743275368056	236.57589624387245	0.5263022873230003	0.2035190564898792	15393185.436218686	0.33479065545339665	7.337544146205925	4.414700966968667	1053.824326717316	323.7353844073138	10.93360686903981	0.4553511605848932	55.488809060876626	216.07963446445558	936.6991712348241	165.4050581273642	440.04442245268876	1066.1992135966739	6855875.521096492	31856752.214829486	229636579.92187047
881	881	0.0	8.45142039297561	128.67420698143513	0.1929789352889515	0.03047328839906784	16503482.921903731	0.21370575787210233	50.15966932334976	4.430820684006903	998.492197946924	308.9139827921049	6.659641597164028	-1.28798189845232	137.73142465247628	939.7895280928132	14812.785836876143	160.25616173025605	425.14206932727313	1018.6398942153215	14398977.811912669	128225936.01523739	2919981648.06173
882	882	0.0	8.579438253023948	76.84782438964386	0.3498802753028654	0.05373979003454816	12462584.128897237	0.3604094600951751	47.713750582373066	4.70494329900248	1063.865469207892	290.0724782303484	9.93043927095695	1.861205137700672	25.690790103414543	195.0473962331254	1803.6057507839048	147.55877723009962	392.68639328344875	954.9104106106622	3321533.747751942	31462104.35549328	383218401.9164039
883	883	0.0	10.09064482841736	6.137334780606792	0.21440119550531106	0.2782706547665069	184929.3465250484	0.12138735506392494	2.119268250871598	4.665628955001011	827.1233090904836	224.0863303691043	12.60547385510214	9.769326796784867	5.595168086770347	22.022689040091503	415.82527450283055	109.63709296694879	292.9851346098412	732.840719104184	363232.70836047514	1628623.414637072	48876682.47136224
884	884	0.0	8.42032365697205	114.51112671849005	0.3263696782582187	0.26183563110816827	4279620.389170122	0.26681254626132483	14.459423208224557	3.881612386030611	881.3628312704634	381.6316058330367	5.765321252134779	-0.07152748156535393	53.39925437857963	334.17414522303204	9562.486003799391	199.22768320077546	535.139483527592	1272.6353730811356	2563976.1418247144	27994761.72216999	2423661581.7558107
885	885	0.0	22.19009833984118	8662.349712225017	0.513352907244886	0.6127502719389215	9581646.787740901	0.46021565313488283	38.14505352338778	1.930301736982074	177.9824499787188	55.97881738466405	-0.00026115395377246	151.4229326721777	2771.364848329602	8350.992392581173	24728.535614852262	30.08562156529186	79.15064415483994	183.13687695935255	3936112.3726725774	10555849.216931405	26814202.945803143
886	886	0.0	9.521108902059865	10.412486785901114	0.07235433583008354	0.32044439116104534	51021.163821055634	0.018118679321971486	2.8824234008632152	4.236762457003351	572.0845219862556	178.4905375371254	6.277034170398536	7.653805328051958	39.47897084778616	194.52662336522454	1230.5651425641545	84.63941478975016	226.88813646192256	578.763220599613	1105704.660725884	5341481.993367708	60744153.788426355
887	887	0.0	11.35244628898941	1.8097269224865713	0.09574635224006348	0.5749250202170477	25325.607125746308	0.10306243243971332	1.081247832576261	3.631996404961683	451.9826863097697	115.3534036332211	10.15800965951156	19.08047190514674	4.247023541793525	16.297600938021514	65.87696771656535	57.903660448234405	154.44964828200233	380.22361207195854	60085.901230877236	257834.71247632086	1399087.393185326
888	888	0.0	8.805517143214974	2314.771873492058	0.8095925934021697	0.8626296521310596	873084577.5521126	0.8200636577305016	17.823456258010577	4.407065759995021	1399.211542926671	366.8364793023757	9.262628035596304	0.8676645150153782	134.18613952578522	576.4424241084405	4152.714840148711	186.88056618068663	497.2127022749912	1207.9138764994393	34104223.01089885	171313459.56777686	1550674716.6212912
889	889	0.0	8.90305773228038	787.04761579668	0.7440728081206864	0.3597828493109905	85596797.6988885	0.5997140494541551	4.759054959448976	4.663088350964244	1083.497457900597	304.6491687697709	11.56597532326917	4.811894020109731	93.1691854361155	359.8454745441918	1440.255428264644	154.85990496195893	412.1819510581215	1003.4398542291613	13543830.29434713	59089035.94663096	310726246.3306153
890	890	0.0	9.64825293237876	2.009714861384552	0.10882529748027343	0.2056757639338772	17071.053101982525	0.05076423318357689	0.9645180966932441	4.017560640000738	560.9454032317956	165.1899920799556	5.658055474899264	8.70782970509697	4.08410571382159	17.150012124521343	413.12346188442035	78.28080448135142	209.71319154990113	537.0251740276451	93206.98357257264	504150.74805532454	20360917.169763673
891	891	0.0	34.76797348601448	0.08114264733975161	0.22044282651086117	0.06071375341015768	78.45304195995311	0.466121363645796	0.14708991518144013	3.923264698998537	135.6664594834238	23.76411066272147	24.46688587207204	381.7086263048409	0.07268122228581149	0.2269315554364259	0.7746571074063989	11.929310471179178	31.793644380028937	78.08205923515692	24.034291116197146	88.29590765260023	400.8697467458809
892	892	0.0	11.04335258612746	12.677923929809902	0.6232368801312781	0.1892383447954065	296140.70148584753	0.48200625336157277	1.2293528616408633	3.835541790002026	670.1366171860376	155.5687671391274	12.57434662039254	18.55300495675672	2.3088225454868803	8.0489320773594	36.26257400085391	76.83885342931876	205.16706939214896	509.60131785789	72997.27594084715	320897.72773580055	2088766.380863566
893	893	0.0	9.467257612169874	27448.259372985794	0.9274538370356713	0.01174986821384435	95092240.04749516	0.6707835082283189	102.0099344308835	3.33524986798875	320.8000979987124	113.0955594661097	-0.0002541326981138	18.35144231385895	2845.7228105230347	8552.956021231512	25073.30979276696	60.075118489280385	158.2527002270838	369.7615098493199	24057140.363847952	64791110.284539066	168446154.83734596
894	894	0.0	9.408535236182932	90.59125782996894	0.46336617638737937	0.15774359702024884	3668953.6492872527	0.299009626984526	4.260965689919926	4.564277019992005	833.4889113254244	266.6407315980136	9.229683632353526	2.893460921161816	28.61634892829649	102.77230597472574	1180.4857368487726	134.87749048196497	359.2074752077003	878.147442108346	2055857.925238955	9166703.081440559	156147764.94847772
895	895	0.0	9.192255027610962	21.874090628316488	0.14364057918106501	0.4145482175125125	355622.5031465581	0.0711017683526692	2.910485826870554	4.317725014989264	666.9606275098922	197.2976064539483	8.034324609416643	7.081891536813885	33.59675878798659	142.69753844178777	820.68747878623	99.19286913460257	264.2247586567298	646.7186916874098	1454141.0034138935	7174787.17223365	54803322.31737186
896	896	0.0	9.084050197712696	467.4865603825685	0.6168184774688439	0.11957892288199085	51508841.45200393	0.536248185544469	130.72573626944393	4.598386538971681	1009.577133030974	304.7979736894781	10.13078466889566	3.369712575659829	59.606950160679986	291.70143482980455	1579.3451645201756	155.5469653270153	413.84128715811755	1004.8262013675871	7469913.7649649	43651698.7123441	305033450.6122022
897	897	0.0	8.088621935618836	88.073376894349	0.1348176537276481	0.08376159428344843	15076252.1589804	0.12424694685577498	4.218873186580456	4.295921729994006	1274.673315762447	317.7048948474913	7.699231737268859	-2.53301659254984	223.99649404551118	3948.0102915838856	24973.156476430097	161.33029784178234	429.4958807552716	1046.2355279125845	52647938.597700745	876048582.0499816	6422024797.20487
898	898	0.0	9.8229586936592	604.5012479632582	0.7872353544727319	0.4925097404779405	53721310.58121715	0.7131863787653772	128.27870750509277	4.697614356002305	889.0693642566748	266.55093272531	11.35034057961707	8.230297351813416	42.568944082413715	199.9416939083838	1126.126158735389	135.33610245637487	360.305486729902	877.8253839253612	4054498.0307543576	21164570.19493589	158763380.37660876
899	899	0.0	8.594129553687194	2246.789088230008	0.9168047392919851	0.2273374772784645	407254379.00593305	0.8794820383905965	111.47711448915275	4.517729429004248	1153.311841061074	316.5352142491622	9.320878830675065	1.058242545815217	75.1424249691003	311.8011315855433	1908.3216233391681	161.2912843798481	429.1309077422736	1042.270810850333	12349434.09925982	59868098.13084079	495731842.9753093
900	900	0.0	8.771552859895682	50.882177240927554	0.09020878885428416	0.09936528702839985	2400766.4676393913	0.0821532713652485	8.010249934195697	3.83631212299224	835.3152871414277	306.46975342028	4.764840496891789	1.3928525951431	160.96825323275024	727.3202486550684	5436.862150721444	155.2616604380263	414.03827221867505	1016.6528130405194	10519135.521549258	63337552.461331345	910701107.8297507
901	901	0.0	8.052861304133359	14.346675747828586	0.04692354937859842	0.13386131325883707	957197.0780643036	0.028070402676852253	3.345875804753853	4.386031094007194	1202.694202158068	319.3714431406672	8.407775097705805	-1.569145264195407	170.36977689699458	1631.6781846917395	18396.842538254718	163.36755178791236	434.4864014133933	1052.417942706794	28297724.31377949	350659399.5648147	4656976522.33717
902	902	0.0	11.80203090012164	11.904200100630955	0.4624499290861549	0.507229810684849	96929.21610664245	0.26171747322430083	3.7089937844995267	3.466322123014834	511.3781871624871	112.6032525606429	12.33044722813349	23.32358587517728	4.369524141544078	13.197321147569918	42.13045243912352	56.846743077493215	151.40427048385578	370.22346885639803	69146.07711551603	244971.90464335622	1110876.0482390898
903	903	0.0	11.044693779413	0.26309888682889065	0.02394964501860217	0.19263112965392343	11690.231846885918	0.024240664639211495	0.37419647264291744	4.690502021985594	781.6811943734899	213.510744771545	12.24542373156932	14.82933172500296	2.921145133253198	17.830293808681954	412.231377242151	104.07647996060507	278.3977672306271	699.791446465742	166132.77763896217	1237433.7920471097	41255116.705031306
904	904	0.0	11.4265737558566	85.34567254740205	0.7391471874614222	0.5109483687376791	2765676.874972134	0.6504854215800424	4.664428399212942	4.796162754006218	613.5332882419106	186.0452387759782	11.26639442530143	17.03675095287378	10.863862114963409	37.37876071320608	184.75314769248936	94.63024764263719	252.14611110265548	620.4985256811492	344209.906026408	1487844.377197028	10567827.108846143
905	905	0.0	8.76539221365936	33.99139263105231	0.04965704671395161	0.5160726098071801	2292840.2521696575	0.057262567452813024	37.327204463325344	4.146736405033153	796.6627085463426	266.3579510651361	4.327638722362864	5.623294306012299	199.23997535074017	915.6019009050017	5507.9632261916595	134.97577240968133	359.69317694925587	884.0508467371633	13362088.712343642	81505145.96791437	651902566.9011188
906	906	0.0	8.791240013558532	5.553763417920869	0.08227714845903347	0.799122013632112	2612005.4144296334	0.31905912753396887	2.1292706909691534	4.177439216000494	782.881335312467	256.585179895837	7.10482881727417	4.398042088865784	19.558328580388682	105.0147985928094	998.6877444428001	127.676621701155	340.7896866051112	842.9732306667145	1114989.6592674514	8211831.988934443	112660152.2339528
907	907	0.0	11.53474136274844	3.809606311466253	0.4556241254698108	0.6141237091649219	107753.84533514213	0.3503806109501773	0.8962054261988642	4.561098308011424	681.6232987208236	164.1558024249176	15.75470815169941	16.34371499867932	1.3923052443658392	4.351689979455582	16.04078438318518	83.19962407443779	221.48908219465181	539.8581212829205	50768.62723750855	190403.504932944	985308.3916789445
908	908	0.0	8.178362689394017	0.6089796663983402	0.04141469794712492	0.239607914664449	6509.697166749467	0.010149875558824585	0.41036107629943647	4.423584157018922	840.91827287614	303.3312086622519	9.722139890776331	-0.09127698572782172	3.558017689736169	17.00592548764561	980.2038916287665	140.8119771755372	380.3031413442934	1002.8259938800473	211746.93898508363	1355553.5047909096	193027426.4471165
909	909	0.0	13.61476769152591	10.720664921251364	0.46739400786662344	0.8203139486839757	147989.46005367738	0.7056522648779957	8.58221675465884	4.118673090008087	341.5626493337654	78.79992099924465	13.02809209253564	36.1856814955854	3.3283922957144343	11.92517531158371	37.78598913098972	40.03238299321316	106.52610779457439	259.1156877033623	21559.94786364957	77497.27140185387	315534.8951782688
910	910	0.0	8.085969863824609	628.0014700291941	0.4389603900212124	0.08013669633298888	23348856.79173547	0.23597073408307914	67.38722076406066	4.165072730043903	950.7332972958361	315.9454134650015	7.696235299643658	2.290496764390849	178.10919222797114	801.564587830281	3911.7249346486255	163.9698866934325	434.8630508003066	1039.328290881313	17692499.488953773	98393561.76212423	657527411.7192909
911	911	0.0	8.955142159025657	41.33521202664774	0.30112127030416724	0.4033118514108265	1841622.160198634	0.18388121359695758	3.458881054270631	4.111035428999458	898.4673949086789	283.3465384093763	3.432080397104254	4.707401422211571	21.797061444874206	110.61663602117368	1106.0470504682517	143.29290293055453	381.96843429948206	936.5134563411987	2112574.793671096	13221019.773288267	161270496.7338338
912	912	0.0	17.80883283490551	27.421297064631414	0.73001705462411	0.23784879998844716	70481.70505956939	0.5642080353581116	3.857831719090579	4.404233808047138	305.4499774140045	54.22801576382064	15.65182469920231	82.06712976733705	5.135808136998056	15.233725403999129	45.42579775087009	27.399641117267322	72.97205112126233	178.28172276506908	16945.91085684863	57664.53125703121	228819.64079239732
913	913	0.0	8.606354084053065	2.7178688745314967	0.07348896483759845	0.35406799681841183	111127.05425084489	0.09134466425565917	1.1187527829994526	3.979063667007722	843.950114914577	365.0543459239106	5.816640167745503	0.8540091588649821	13.204615780194795	186.52712601405068	6913.40827089386	197.31665329987857	516.8673882869591	1178.9583972348419	465491.72449854994	16844597.3358872	1487066603.666279
914	914	0.0	8.761031847857579	45.898871222482526	0.3991990860091334	0.8559168020715531	4161340.5312254587	0.5544091704415335	15.430621770320196	4.170775726030115	700.390442759538	231.1787998759028	6.806194857262566	4.914368978586259	19.45142981842073	65.2357098608641	483.86898960706134	112.93438030048083	301.7450137961831	754.9009263997903	749467.8294223909	3263674.9295212757	44343448.331296496
915	915	0.0	8.10583880228169	11.723883106543605	0.03447373324636093	0.27752730333535536	1017806.3496224881	0.019823868241970303	6.2401326102442845	4.571273157023825	1316.925770639123	326.6375201100387	8.375144452078343	-1.117573483982985	146.92583499987956	1027.7541766212062	13972.970080050998	166.01426162851726	441.87244238245125	1075.4311372738853	32115695.32347446	260243877.7426057	4168789934.912093
916	916	0.0	15.42672423002041	749.9088719960791	0.5309371603205127	0.3479898402630601	677075.2144665166	0.2703919636594998	3.9221164750416215	4.212163528020028	277.2599741571818	105.8604981882106	0.4193014878486245	50.60232115548017	177.50699179952983	677.7412865849803	2998.924298878438	65.97780173394264	157.17547950953033	342.46073080642424	349423.79200821253	2773459.822953947	15057762.179727467
917	917	0.0	8.03371703753438	10.845247571713132	0.09845491680879716	0.537454695830845	1546592.086005774	0.11697646901145228	1.8535414509156214	4.592993049998768	1090.643489929708	358.0789117396228	10.11954412588953	-0.4944059202613831	27.717556359152926	176.94464176203618	2749.2512783748552	184.46557211710535	490.38634167048804	1179.7420965324686	3579886.6609340687	28367807.787600882	818553518.1022135
918	918	0.0	8.138525031538679	105.54117588530599	0.20746631881662575	0.37848908940750264	4494557.749524596	0.14158572164996852	3.655021467748958	4.302223498001695	822.6969547332374	265.6781313885527	7.114147245960668	3.190820273373719	100.7599419464211	370.9542811991361	1351.2606428271115	132.98113348302854	354.2979966813763	868.9883535479205	7129618.789896684	31050374.679846887	165426851.4588151
919	919	0.0	9.087525858665124	327.1671540738302	0.7966455842768144	0.442940971731887	13082345.309725031	0.7205579791381773	36.189923214452875	4.172817101993132	656.124088579787	230.9071184180042	6.285689381373011	4.243167520774726	34.295186260340024	125.72491523099133	614.2520505489754	111.97641637930553	299.05785327842824	748.3774077432611	1353666.5516772368	5631386.752143505	48888596.677241065
920	920	0.0	10.8443699591107	5.094774705696011	0.1808248038860927	0.5291172658689095	127634.09763824136	0.11050493210760293	1.7744958172079865	4.672571083006915	704.2879200941081	197.7566034979214	14.14966320668206	14.08620618388562	5.774079950801544	23.16448736061298	121.21881255379793	100.05998049646223	266.47071010549644	650.4570641766088	278657.23046128795	1229873.3715914653	9453905.397415847
921	921	0.0	8.068537726774322	3039.9215829544223	0.5071868161474891	0.1807109982521277	134836480.6574592	0.26760597906606465	62.035872033648346	4.306620081013534	941.0262759041159	324.3561372649189	4.296378897240611	1.892004435891572	803.2629336500407	2969.7690304197704	10360.326234425927	166.21093848965836	441.9042145332629	1068.8716122592284	88978920.95172583	379272191.1779662	1802115091.5564826
922	922	0.0	10.37537163037995	66.55336327259654	0.767822321169883	0.14269516361829343	2421243.9638416753	0.6468090080968917	4.409894407624101	4.616789777006488	722.1463143761273	218.2762349570093	10.26970696407035	7.269724316196857	5.625379410463803	23.691900484700454	141.80708324576122	100.25550870728534	269.4994726736385	716.1166473939224	237038.25582913117	1241996.4858494985	13281063.534680238
923	923	0.0	8.688402318857477	0.8778159121300508	0.07066993890407765	0.5077633190464178	13678.100062613745	0.11904260356843159	0.6517580126410718	3.842943466966972	430.423614708533	198.3258710491406	7.224269942487463	1.51903294743613	3.0014609814973525	16.28777338676832	213.30672324744015	72.62847662269513	196.21279768244898	593.5872845973602	29089.1591719698	219248.79528950303	5774737.437132602
924	924	0.0	8.032298162435804	30.699787866239355	0.13024164945194228	0.44361329710941866	2150342.280561979	0.11796480644252444	5.933525582361247	3.997622594004497	944.5510040758654	289.9201689575038	8.835590997107303	3.464721242326465	51.938230528611335	219.21942085730123	1246.3223668037604	148.43761272815618	394.70469428251386	954.8151078952224	4416025.36797658	24455565.507484537	212803286.52330086
925	925	0.0	8.235141466025189	54.18689596894128	0.29875143971104046	0.5834754708485411	11803329.69644865	0.2873424666317417	4.271875744284533	4.537398725980893	1250.444475902062	376.5022192013083	8.43578584710998	-1.302073634899682	26.16545868933076	290.90349214421525	13022.288394215324	192.39694264336845	512.1691011921428	1245.3405778036172	5456188.759486881	69962030.51226686	4013128273.328024
926	926	0.0	10.32194236081334	11.42554044359655	0.35725367354698456	0.7835201803860143	753443.1472290927	0.4587954010164523	2.90606445728845	4.54880641301861	688.1414029073266	180.9056540004783	12.27336296353272	8.343850450731521	5.540025162397298	19.009979607842684	121.9575532178517	88.98783120495898	237.42557774644717	588.4844898158101	209249.0225538824	894086.0646679387	8538814.18328659
927	927	0.0	8.407184131659525	2405.4155871750995	0.2562971259750756	0.6871305361697609	219127676.3653246	0.35539973525871593	41.54344410561709	3.500504047027789	727.5598488065561	263.7365523185151	2.0760355900732	5.372821921336318	1819.3219732939529	5490.350453508948	15348.157880257688	136.45182575017043	362.20442330903234	868.2633998778631	100826095.43095458	361351126.57368034	1297099226.7176144
928	928	0.0	13.63724714082206	2.842451524992533	0.08092690306759324	0.8451627696897769	263972.03270622087	0.22733713770313665	1.0498843828570479	4.654286880046129	520.6505896426596	131.1721573740659	13.17590017364878	35.43618404084117	9.763355011139009	41.71504492517562	162.9886765703485	66.75105787928919	177.64783420222153	432.14349450582375	216880.6652862238	954272.9393569846	5120971.866510003
929	929	0.0	8.44553562179824	36.627299235542445	0.11836700410970226	0.03019201851908935	9921538.130183904	0.24536256917393445	3.078127334231347	4.052913968043867	975.8538065894427	273.3956951198954	7.528981217379755	3.213961415625488	67.62571491668724	264.30306143305796	1330.4530533616157	139.48419952622737	371.06771258733056	900.4846797505475	7360246.244595203	33767813.274110906	233759218.37941024
930	930	0.0	8.469373444582883	223.9864915657065	0.4469251096373671	0.24222951085479738	17487317.987258513	0.3126839748067066	3.6373755732940984	4.558441895002034	1098.479212503671	317.972319961335	11.14344584823546	2.658841852733622	66.50014183018749	282.5282986904745	2283.8462631052284	162.4967031716675	432.16045754539743	1046.7897917180921	8529856.031027917	47764815.27679819	538545292.0717739
931	931	0.0	8.891797781430949	423.0039971863913	0.6128572791510292	0.7233048280462293	42556967.82473174	0.6118109742503827	76.41372752412174	3.885229539009742	823.4701999206707	288.7166985812254	5.038004405609552	2.939838817472613	36.88094478076565	214.52453943969564	4211.396893791368	144.43733183624852	386.0001880803784	966.2010954622358	2383481.306769112	19972591.540165316	659381047.1493329
932	932	0.0	13.14176500167259	0.31801360775579196	0.11677906989115383	0.6266046299519479	2949.743854253974	0.1144336900857559	0.2706469148760285	4.468733874964528	431.8674192098958	90.43696481621086	17.90753739346197	31.20367347076214	0.5799657496178052	1.934909978659547	7.4285055382378165	45.81936731075666	121.97666808012735	297.5047999798131	5865.928521064001	23362.524157734308	119019.50916646664
933	933	0.0	27.26192519449004	0.0499969847244933	0.02322398991460333	0.07208738303233883	1532.8477908875286	0.32572731568983865	0.15568500382210612	7.328815250017215	231.2993730325561	45.95506451806398	25.17374197697289	224.0939136099902	0.47323403076755816	1.4624710606023916	4.8686112266666735	23.214923316118302	61.83358538459569	151.17066131822406	810.904880533323	2945.416018342697	13016.550478806508
934	934	0.0	8.392146685046853	52.718132089827535	0.13329999550881735	0.615746672606107	4621891.194580682	0.1943130261144915	5.461707689364587	4.250585427973419	739.4966388696672	250.1555679484385	6.452989548863711	3.702006643847566	95.22617748666748	427.4898094130345	1856.9236827189952	124.68408695284188	332.333685388342	817.0737414004811	4842429.806258461	27286234.690828517	202030234.5927601
935	935	0.0	8.51825443183684	7.507743935677958	0.13839609338161302	0.7269211593955663	1831773.5421512378	0.1651930730614944	1.812340082664046	4.594760945008602	1227.4235144616	332.5163108795812	9.957369941609608	0.9996260140442725	12.783921140119498	87.91714375784547	1240.3693739657801	168.33538221915433	448.216498582363	1094.4226725423155	2557631.6932778126	19983195.4449386	364200395.28766984
936	936	0.0	10.57020179892557	0.9269932741541442	0.10268217620227418	0.5895348074270044	25158.113380991726	0.1268923806442917	0.5359086077730584	4.327960661961697	553.300082708372	149.6609870089407	14.76889258074918	10.38595129131918	2.0070789404201688	7.79458975607839	37.77194042871269	75.43449590370511	200.90572593799124	491.13845468885205	46092.1594767081	223247.53773985876	1477101.5063313628
937	937	0.0	8.886995476877823	1147.3144130036046	0.9519324023003077	0.914352755844678	106104594.79211429	0.9448230735377104	131.76336744116924	4.216039370978251	718.3328568166935	231.5556512180926	6.618222604201042	4.77144364107316	17.117484015195085	92.33998199497444	640.3789256479148	113.86881030039126	304.0505416957368	758.7538123445976	921952.2027571482	5713657.205421186	57296406.51612746
938	938	0.0	10.21923898514119	2.711311892928284	0.06628071222533377	0.40577297233979037	106141.80313891674	0.03460066942495567	1.1818826549023964	4.695783374016173	919.2555952155475	261.8287824181443	12.61791600698776	11.16958249654623	10.0087678555218	62.0818851158669	720.999287650614	132.6613118297364	353.3241599590441	862.5486233500762	964004.8556255559	7584836.177469283	102687722.53870825
939	939	0.0	9.72004852645108	3.422744396876835	0.11121622230110757	0.3470677367027146	25142.074162766337	0.04344209001801232	0.7793555760956429	3.898817552020773	581.2102223957772	156.6425160747185	7.428918015976473	8.833167471946696	6.9583562476646454	28.827404108161478	212.6133713577081	75.82054645845915	202.5828844251962	507.49317157480675	171844.09268615994	864665.9573596213	10087549.852125026
940	940	0.0	9.121016476909482	205.73185478236562	0.5005078739202591	0.2828962627325678	20415112.84270368	0.47340155299484316	32.743496791797604	4.562055155984126	933.691988768004	298.9219770301015	11.11268280714737	4.585176509942611	43.12746116777833	205.30509004511222	1015.3334283908022	151.24457570544132	402.99290489896134	985.341805867486	4029963.244383534	23083674.5950055	181161674.3365493
941	941	0.0	8.05334676711808	3378.9962156198744	0.1930471795347673	0.9999999999999993	300835787298.0819	1.0000034908480602	42.261205937269345	3.234047748032026	2238.630836189664	451.6621797272065	8.66852310779206	-3.920980081703823	3561.698753372111	14034.340238684676	33785.079011166905	227.0691477250607	605.1695468312425	1485.081380637428	2228212356.3748927	8383816119.707541	23568209914.95002
942	942	0.0	8.30249220769533	93.16159461844151	0.07843514916267415	0.017761172292782852	38948784.62703622	0.15959162944793798	24.454816549163304	4.30665622005472	1192.622743656174	307.9231136034176	7.63103964290307	-1.718623789922019	327.89335348327535	1497.4921967697567	16696.465628645314	156.59245630924374	416.82090918962035	1014.4045974658851	54567860.28924682	299099694.9281567	3996373317.4473004
943	943	0.0	9.188530500165095	11.0157290933963	0.15677311182206907	0.5469938678867039	693288.8005148495	0.10708955502174561	1.2395721464090206	4.590463414031547	969.2563234504839	281.5174991769156	11.23470263310374	4.31673559985539	15.053711338738603	95.81899055760336	860.7849977574598	143.11324070612534	380.9472863092856	927.812121359814	1675429.2105057712	12776078.729792574	146299681.7303344
944	944	0.0	8.96288430740965	141.57834677655381	0.20704870383472113	0.7236570839235701	47867026.94743766	0.3503354431345204	28.02779491882486	4.643554659036454	1120.372278705233	320.9658232126724	9.768429194129764	2.305074096961549	135.46044037269883	483.6656743588829	1828.7982138677316	164.10765465459463	436.4818449656947	1057.6956847168337	21578874.470749073	85883205.87816404	434849842.2862426
945	945	0.0	8.826679113955326	177.72042937344926	0.4611002987978656	0.2382422123371027	512899.13904817513	0.3453849554562895	4.916469928739758	3.091547346964944	373.5011915974078	208.4258186379429	2.839330930363272	4.915599298404485	49.40960384539509	205.69716899643953	1111.763609899882	64.642620209043	184.77513463987353	627.4995546241526	205258.89722919982	1175114.7677838928	21611623.613716856
946	946	0.0	10.09083302966586	277.9635641233359	0.6670579588924629	0.5991408936803745	15836837.15251265	0.5813678826127608	12.028610272709672	4.054223892977461	786.4488168626447	222.1340958133364	9.773736948458094	12.79909485506058	36.23973114380766	153.7666384702124	698.4141588297507	111.99797447059552	298.4622583016045	730.8424757823395	2118345.4096715786	11231466.063634679	70844404.73515417
947	947	0.0	8.895342311844145	25.178809356334742	0.056026680997828135	0.35388770068355724	913892.1647561035	0.06487621949184788	35.99236524853113	3.971955778019037	662.5676555001584	261.7967163732865	4.076264543396495	3.156147109334204	182.38434439088607	959.6264149221261	4811.5201859317085	133.22115047820444	355.36362835968515	894.5677228348824	7372801.192528449	51016334.39670822	410055519.4521632
948	948	0.0	9.020437131392322	0.9802687496802328	0.0692215528864842	0.14917399855528687	16058.040754761343	0.030884888122436217	0.7755743023877878	4.491814595996402	737.0201703088928	238.4120040845183	10.46710355460331	2.490499998737767	3.4029634819591124	12.586106913071538	88.04803119679993	114.31361778642315	305.86394228079575	774.0429448120769	159355.70623895616	733725.0477626626	9380962.544319293
949	949	0.0	9.054981269301974	0.18113661678873885	0.014679751303344707	0.26249412387761323	4391.397939668188	0.011884064028885203	0.24550520937020126	4.480757811048534	805.7105519808155	282.975337365044	9.3070198165776	2.11882551497679	3.2874619809561794	27.558836577018734	2751.278711775905	144.9322910004305	388.05424584309696	926.9259924776436	136245.90663066602	1972047.4091896755	418926357.90985155
950	950	0.0	10.4893042247864	82.56551234765018	0.1314896932159311	0.5469180856388328	2455648.241385381	0.07899840930975728	4.234175569048804	4.297508666990325	714.869648513635	218.6579550800577	9.584425971686954	15.84897142249056	136.19608056213644	489.2485220242491	1865.2276793956503	112.8846274830197	299.88195156110453	719.9733837596093	7673159.620855488	29972641.00310176	127673440.4532128
951	951	0.0	12.66383861903451	93.8435207051666	0.9176502022733463	0.6063981390692388	256539.89557325427	0.8697379917833353	15.976416901753035	3.421848099969793	243.2191457209069	57.6217561661739	6.26677858100566	29.34566324563079	7.14590395255239	23.86011348557031	86.44801238569552	28.865846169046677	76.96859589329225	189.33396671851054	14045.590121091638	59689.18583580005	302857.81622851867
952	952	0.0	8.46713631137053	6564.9548928408385	0.6417473309342833	0.4274664377636711	220652001.38853464	0.49362271328360013	27.743290259531364	3.974638465966564	652.841890943141	222.9370742935912	2.147748001785946	7.269242446606353	1178.9316111734101	4328.407454970216	13775.323603343948	115.14735513172718	305.69920104499795	734.1916772765409	55845348.35076331	225412997.76377884	830299073.2791579
953	953	0.0	8.037315575923207	3373.121160103273	0.4872765986155868	0.5274174600133515	404122208.9050663	0.43670001168844924	119.72862012668475	4.118062420981005	1050.25653779427	332.9056521631455	4.918089778969168	-0.07405997420284649	612.7504300234383	3560.095627537542	16703.726693775337	171.18917836595028	455.04397752501745	1097.310322757813	82709530.0080393	554120758.7153599	3651133642.089995
954	954	0.0	10.82872657392383	15.854781516567451	0.13466724576939967	0.5883370769503473	234818.24931320362	0.17799189109764016	1.5156954873952766	4.107022921030875	407.4841210588266	117.5237215879652	8.880754397197927	15.90734152659996	25.923052715039088	96.98787843467281	330.2673246219719	59.9573274789754	159.52434742592908	387.0885315521962	274539.765909148	1162194.2444055548	5781160.790570455
955	955	0.0	8.21636292511749	831.7400024041448	0.5787753779541362	0.37991882991996384	82282679.33985673	0.5138473502211726	152.26557668517273	4.240015453018714	956.754233236884	316.3634751749784	5.210005670049768	1.397874764504683	120.94097301385781	577.077826031645	7487.684035243798	160.51743137201606	427.55194325527316	1045.962033416	12836838.166780826	76264388.91713491	1428315461.8789206
956	956	0.0	8.019695333339593	10643.082714921944	0.5231500914035033	0.9999999726998176	49432382214.726875	1.0000034760874414	79.7302977222451	3.232148586015683	1723.488849196058	342.4256425126427	8.799248439491876	-4.249502120410931	2130.896967907695	9845.696561352966	30816.261528773262	171.44489946712292	457.2588178317794	1126.2504882815801	764432524.3030365	3508357950.899443	12254244856.849148
957	957	0.0	14.90235312997052	1.4835170877268016	0.22649748455827007	0.21740471618161314	3020.092258809107	0.1626318135353171	0.6514116430163361	4.209185415005777	267.9340163934145	64.43744085263603	5.240785929832967	47.90324110071418	1.2745427780401783	4.760593112266083	69.5539562323312	32.25200487007393	86.34016287611547	212.8486696092311	3972.117161694294	18424.417578931047	262906.0679504346
958	958	0.0	9.205472394804413	3.3866809980591666	0.056459732321258324	0.408877986646689	142558.03931881394	0.03640520040960259	6.565434393395575	4.433888319006655	908.8199644834193	281.5804739915033	9.566598930117335	2.286888894445413	13.913696327753993	48.423796851229454	925.1040035950297	138.34427871970104	369.9036602976047	926.4191604785544	1063861.4361380734	5012799.615362139	163058701.475677
959	959	0.0	13.62025380858256	0.5852106080866951	0.042131566697920515	0.3896571756043927	3533.607337638231	0.010030294521469186	0.3482167527050805	4.705264584044926	637.7848008419166	145.4568322841077	16.3231647360379	34.7439770465753	3.5184740777926504	16.6615952364521	92.5348995969781	73.2975059363248	195.25541134898947	478.14524813001793	121806.18634603545	638836.7229247204	4374637.384111063
960	960	0.0	9.097759421719458	512.5985938126754	0.8776349599290195	0.9739947378634887	177852428.51059598	0.9242477753261292	36.7960937264814	4.507889457978308	902.4379632645578	307.0412952607264	11.85285478255946	4.18847410860551	14.483056572404736	59.92646759984279	645.7259995091122	142.307689013526	384.7058000760545	1010.8990644722439	994488.3746134931	5512980.033932678	123604086.82118368
961	961	0.0	10.46561957401826	146.03709426672427	0.7831416536529507	0.4358407896407503	417860.6139987832	0.6266043795735677	22.68412266487818	3.350258618011139	283.5111147685114	82.48423910324723	5.327556394149262	16.10331856816025	22.06686395295598	65.6612722639276	239.5859342172678	40.933585492454995	108.83137169141412	265.3742494079734	74966.73351734196	271373.15953587316	1443365.601849999
962	962	0.0	11.71186387993866	4.386620692548974	0.4680131697624651	0.22912687253577682	92115.60227579264	0.31500443279070284	1.4055234451861847	4.671501222997904	668.9109592111696	151.4393155953373	14.60340127506192	19.93453087355249	1.4957501021671002	4.844875633983376	20.055922607192965	76.17094326201493	202.92013678325145	497.09526126625315	49898.225782288624	193504.87313903635	1145763.8601297971
963	963	0.0	8.193182336165052	713.8192452520049	0.5999368627205756	0.5408294450925194	60979078.74819963	0.50143554186061	111.32933846521527	4.223912018002011	949.5243888924713	316.6279524729854	7.33201499880057	2.441082585655699	98.96632927434925	499.7107554842695	2497.1431988784443	161.58725896112776	429.86435280073806	1040.6739044225897	8876850.369937189	60580765.393095106	457531881.420869
964	964	0.0	8.257924036234018	291.5496300051951	0.39831947046506166	0.06070810433693617	22061160.545126736	0.3682746042345751	4.758368813890768	6.09832649998134	873.287685522368	288.5307638905854	4.665157014543449	-0.5729146241784708	93.4696216352048	515.1771279934903	12516.240656470665	148.02627741323602	393.56675810532965	949.371605831296	7017151.951250967	53890415.83458305	2086470401.9664433
965	965	0.0	8.071804388848403	47.734826071386216	0.11379367362045809	0.7684010517162225	17030349.932069957	0.17704917786656568	7.897099642584133	4.580647454014979	1289.933041898951	325.3216012267612	9.845771504420657	0.4313619163774469	96.63849106578523	622.2583137503042	4745.560928802959	165.43577841951947	440.2501043948366	1070.9524888192939	20725579.123531286	146120883.75104624	1421483882.4084823
966	966	0.0	11.23200881023935	34.660204754578864	0.3723357115606445	0.9044072050756021	5472110.135480075	0.7154731410502321	7.870326734448084	4.611745322996285	715.2068009397708	184.7986564296984	15.2421742586951	19.6588683427985	15.36314115566325	52.166464246059604	166.68495395199938	93.8235414966515	249.7464412594834	608.150238103848	709447.5922599821	2686696.777411728	12366982.341459073
967	967	0.0	8.112328810677665	1038.2062391260697	0.5954321892458521	0.4127624564573862	57176359.96759367	0.5152140377224598	33.81608771241121	3.415082507999614	805.5758340978037	293.3174306659084	2.452305217408352	3.555994492027815	113.90024406736738	665.3301207006069	7602.726182183513	144.07456484338786	386.976061938106	981.4635046842156	6293986.798857775	52203668.63243212	1091737869.2282429
968	968	0.0	9.627686258491607	6169.6475859470365	0.9095984127865783	0.49083452497532243	464316249.9892968	0.8571168050282321	38.19931224013425	3.995352048019413	759.2647401035994	257.1672654206745	3.319825071461438	6.296150068880817	481.5004510389986	1532.121278825017	5862.408857195119	131.56957022095207	350.16872593704477	852.8786580992703	30143251.10197043	117289553.75691542	590110913.2277908
969	969	0.0	10.33450899176332	141.31606751241668	0.5218635905043122	0.5538860449768632	11022771.925750583	0.41374765276907677	161.09748965741372	4.569430742994882	951.6991702393965	270.7425153231041	12.29260651572697	10.54614818609611	29.833594236153523	131.37939156192658	628.987277446679	137.51061812697458	366.07005991186145	891.6042066906822	3348268.7808057084	15628091.07934001	101071475.11875524
970	970	0.0	8.413520669331486	783.4806178045645	0.30220163538148986	0.17587014739337883	10368463.038644915	0.10621628414940044	15.976161527270126	3.70906892803032	701.5912241537402	239.7837389818442	1.474278323406374	6.366065663504678	472.1991684715848	1570.0278442492368	6603.443948918526	122.21697076486817	325.73206778727626	795.9293498720692	23439729.50976596	96158210.49609667	539814803.636282
971	971	0.0	8.502040434835745	16.52359364009512	0.10410853996256861	0.007459334498049478	970637.1798491653	0.10221297612335173	2.568642811647176	4.541285666986369	931.7306620469278	310.893290281171	8.861248082554887	-0.4718516132403323	50.273069481553335	498.51455133222674	6350.964426353149	166.4240324318954	438.3667049117396	1020.3333925846127	3762081.883429222	57213401.30797952	1210125973.9123728
972	972	0.0	9.02365799389244	5.0488758344733915	0.052452285934551264	0.6210099483631641	361160.61122393573	0.08135129491566011	3.969590022164055	3.9140074760071	717.0946794894636	224.3424636838044	5.743865610038295	5.781617566993347	32.67210130746266	169.8735675861445	2423.2885378835276	110.97267317476974	296.1801917165076	735.5089880950841	1558262.5405930318	10061511.755333306	224593044.80481085
973	973	0.0	8.284397184219984	2.3998552667756923	0.03910208484543533	0.17443817107181583	11959.789609819303	0.004777228410055428	1.53043629993077	3.971764232032001	852.5440045556277	297.8151141370997	5.026272820934045	1.205143944281707	15.182655373248096	105.55881867890817	2603.6603968645254	150.03155077654378	400.4579345806221	980.259483922984	932956.6938264995	10831019.458492026	434134578.77288735
974	974	0.0	10.94740038207572	5.645561160365858	0.19670129468198536	0.689066011796905	135344.25895824708	0.20113928245576818	2.574146432836058	4.283559574978426	549.327288362562	140.5124265003722	8.34786733064161	17.24706182479236	5.777139985739931	28.002642084702185	196.3537507847666	70.3373450454618	187.64108548680883	462.97072403706363	134178.89533940642	818514.6621063474	6763014.196638194
975	975	0.0	10.39277981617334	137.69661366744657	0.3796895632807993	0.820551176239908	4742993.354439878	0.42800263114484954	21.85721668857794	3.44285451900214	571.7011864795836	159.2905514054682	4.318157468669028	16.66335251290111	59.0904264313667	223.1609247043709	1646.3734152525044	79.69711945679467	212.56270373858013	522.94792216985	1303776.8795120225	6727449.513747271	66951428.18741725
976	976	0.0	8.957182772319891	5190.191901985107	0.54041308216372	0.11976990515698946	1190267359.7485476	0.5719621729638791	31.414389290324923	4.553808139986359	1211.249076545683	304.217644333931	4.769734889015902	-2.424321465611337	870.9294563239752	4372.271161083985	25188.316359598895	151.13773942820785	403.62820047907917	1001.3674702454479	148322756.11393294	853953988.6760975	5716143949.5958605
977	977	0.0	8.008511789357112	127.04807554383817	0.12526055346042086	0.2383022938474556	3267642.1142304726	0.05355361616252985	31.138107983732358	4.204831454029772	909.6675715415854	298.1727268063993	5.116799485303873	1.011809918237934	269.2994369086042	1826.278998237355	10972.031358990014	152.51882722482037	405.5922160020383	981.2388461698597	25668376.568611752	206448390.69979763	1796931672.5716894
978	978	0.0	20.85457492170334	217.53442166813764	0.8557951148103913	0.05333759016714369	573508.058085618	0.7274007725068987	18.511021116698753	2.575220249011181	272.2769513593225	69.04112324251265	9.433717102376747	125.7264921069821	26.477203332495552	78.94655947082119	272.62978746023896	34.521583264581665	92.07848311670355	227.74804416679243	81237.14877298112	281021.66794355056	1211741.9440540888
979	979	0.0	8.294245015949379	0.3311275709622188	0.012041078350460824	0.04106215266866186	567178.6279741273	0.19057900938886677	0.16546342363198657	3.811745785002131	972.0283932906982	262.2981877041726	8.510223785306055	2.755659001060822	6.473039374649076	23.020586592063246	223.36865812302062	131.8884165176305	351.4340619682938	861.6096112533581	605031.4103628751	2663150.312361162	42865046.93796922
980	980	0.0	8.873093774698813	54.29180767459239	0.4955927298824885	0.03604842894687933	1125155.909487837	0.42334526820330215	5.094632445964557	4.235081169987097	592.7564807386234	259.1727361183857	9.880007722429186	0.8104625902513818	12.122449561815127	55.25614497485491	322.29418374448966	115.43335149944107	311.51409356067603	835.7810659338654	280782.6289432391	1674201.7872560264	24535436.566542555
981	981	0.0	8.244288215621642	454.89715570444577	0.24237936934414037	0.45064625580603473	10583521.164582875	0.22390720467788933	94.48888006957613	3.818634491006378	647.2365449441156	263.7989808575037	2.576201336484684	4.547929111736249	311.808790070989	3218.474134232619	14240.73161799593	139.25095740452764	366.848445863705	860.6503813258003	7853103.536002069	165412332.57653865	1074068979.5353975
982	982	0.0	11.37215161765843	102.81347153837072	0.21137480680378032	0.5357919799932318	1416641.5567887204	0.1443704188246922	8.421460501609722	4.157673669978976	516.6018981714246	156.3738729941844	2.699615202849774	19.58004828438829	95.10751735513624	452.99435981077437	3285.3709292676285	79.82350777702334	212.93051866950447	516.4727638296267	2292757.770688631	13229779.019483251	100019185.52373634
983	983	0.0	8.2017658628066	35656.55122315348	0.9514401302014718	1.0000000000000082	304319353730.2069	1.0000037978755256	43.022153775381646	3.382445392024238	2122.259217831823	500.9588745612315	8.043512902023839	-3.013175043965021	937.3725370931844	7926.020745734792	30977.294899975932	252.30112320826174	672.5880243809943	1649.9712283446754	601598425.7884134	5259291915.30538	22257248373.994118
984	984	0.0	11.50836277408458	7.294642033573602	0.3893107361423746	0.39152567167448815	45781.043081019176	0.2607690843964969	1.9445035638635104	4.63096753298305	433.2511765764265	101.8087118809112	11.51254434181137	15.9623326901561	3.040476538593167	11.08041164587452	56.371611168191784	50.232734744817606	134.00177872288822	331.7825371520577	31486.877996064268	142418.52865300197	1036713.1923346623
985	985	0.0	8.334850980592227	12416.510187254362	0.8610951167067944	0.16063003883748356	335700991.122502	0.6505630431976739	130.90596769348	3.574498245026916	646.8913067335542	230.1130323520034	2.117257612280556	6.734474072346549	926.1538917616383	4023.715465395846	14307.901870377085	119.49283591822996	316.804477285303	756.3229821045179	44357819.93542401	199767097.97229168	855826840.5901018
986	986	0.0	8.889390477655443	0.2753932273349144	0.004879678539910198	0.1698410931944644	152858.0105557047	0.06904892616164618	0.48162117687451905	4.00891228299588	638.3205818733593	232.6316328145249	8.576280072929807	4.606538700106158	15.163973998405305	50.40159368312574	194.23365670547898	112.74599275942796	300.9810474579402	749.2926265051328	520217.7504248199	1929441.3510436395	13327924.46284447
987	987	0.0	8.076797540334947	1162.841345439883	0.7247191406900895	0.4996380096197843	162138346.23461244	0.6364087209361248	6.834030860564694	4.579112675972283	1131.650978846722	325.2878055863009	9.108335826530041	1.048932996628975	107.25091951936709	484.47370846855273	3147.9310214950574	166.24857338043716	442.1555568376913	1071.1441208732208	16311339.3391097	87636719.34969246	801450589.1890141
988	988	0.0	10.44157865127438	0.4417766355164226	0.03089514736053401	0.701206868013982	93574.29501931115	0.11888129247278466	0.2230207831667099	4.020299072028138	780.189957146644	201.8938254494633	10.81961603242582	14.73113600516065	3.442880539741845	14.302522692244512	363.65390681136904	99.5925274616427	265.971506249089	661.8730209963805	187000.60492397245	1002651.3303856846	31478231.20361752
989	989	0.0	8.366325340391523	122.58932805364367	0.5838616374826772	0.2057513204643136	1873183.409554431	0.4741307989852073	5.244516409956853	3.055494096013717	576.7387672912847	257.4667903198626	1.957674409772912	2.76741750613479	18.906930226867427	81.42842625904994	2734.442924828702	105.60274255333576	291.2523659705027	896.5589465454365	368360.23386924947	2172304.3895665	275695625.09907407
990	990	0.0	8.126073169516888	689.8993763635111	0.4705668543225758	0.1658370017840442	88179953.85677426	0.430854841914577	29.555276087103355	4.580753991031088	1087.587832320327	290.7318259372636	9.676705800577851	0.9922821390893036	141.63585510545965	778.2463039902391	3754.163688049951	147.4218658362156	392.5543970929325	957.6704222457678	20283805.78497971	120770466.81858584	818677383.4059272
991	991	0.0	39.96736959202454	0.027047549113250482	0.05993103937872478	0.5527094164444564	4.650995438004674	0.02841276659030456	0.0673559260285867	4.836023098963778	163.14247367069	20.76521361280306	33.19294803523684	514.2395854548959	0.0977859621194089	0.304541381905365	1.024683442239929	10.460769495828657	27.8650893565177	68.2164340112659	41.141908821817694	150.20822986780544	668.2125103554207
992	992	0.0	10.87418231283075	6918.297517475023	0.9180190628923038	0.5947250243429376	129633336.19524683	0.8849425541705656	20.445550381072504	3.636998876987491	443.0203131886092	145.6192028464858	0.3879699988496554	17.83730222972488	379.0863348204425	1380.164263506534	6274.303504603919	72.81719593200262	193.95890062677103	476.2524498866352	5014828.57618254	22293203.78085782	141819421.92626414
993	993	0.0	8.285973933075116	26528.393537831555	0.8457318641178027	1.000000000000002	271475773160.19098	1.0000035002560226	97.58039698353785	3.221319423988461	2169.890007115376	437.3077601294592	8.171289589675572	-4.325033231030487	2575.3903595724546	10188.459958814556	30502.70226456096	218.90033978532665	583.8131858943223	1437.8100691551858	1466074332.1165247	6124590582.255737	20507025246.192703
994	994	0.0	11.68728829750071	552.2027626961026	0.6511991967147501	0.5419517081564448	13322528.861529563	0.5214214232740172	156.38215852829123	4.193099830998108	586.8216853582794	177.2558150371859	9.111904173723612	24.38728777605611	100.4918506610906	343.8229093797957	1257.726911202036	92.23299810218214	244.35506338619825	582.7564562880997	3085933.8241360034	12368569.469294077	51690987.78984275
995	995	0.0	8.934953584477666	1.7769420144705403	0.1321512823445866	0.23881027294426363	9435.836102111189	0.037463434002830615	0.7255565332028818	4.556791982031427	592.949919458837	194.2144827093671	11.48525014404597	3.653618484955014	2.836583407654983	9.711886069030673	63.615136648251166	81.92864774497343	219.98609828270378	591.270246340274	66867.31689110896	292172.7002188328	3292632.573854048
996	996	0.0	8.351616581071944	76.42817756704345	0.17513293000505992	0.2962617013781478	5600010.516814289	0.11105710213547855	30.64342758780769	4.642094456008635	1133.703151411532	304.7208886969111	10.16443645523703	1.403103798578484	94.8017041451886	438.47441683880896	2087.21611150017	155.27755609521046	413.12149243156534	1003.3321683553909	14918354.205519363	79272033.24408475	493341154.1251424
997	997	0.0	8.151406838493655	9.966612036882667	0.07555269741582607	0.8413720744490033	13962154.101681	0.4099379914643573	3.796606636869643	4.510628491989337	1162.390585479589	353.1648649714925	10.06990854556156	0.4680178532631318	29.048125265539255	111.20715287444955	1897.0791927416303	180.70960406781728	480.63078236443505	1162.8947694774843	4337075.89523746	21202720.119907465	588157986.8778113
998	998	0.0	8.539657557232559	1885.6829973779047	0.8813376302877526	0.019090977356207846	109808960.08270645	0.7195243573721744	116.74929432557254	4.238333261979278	870.9299257714891	268.9770126052073	9.406322866555836	6.58892911073098	107.13097650111833	449.64086370036676	2065.597446629249	138.8314572956249	368.82826895051426	886.0320188465796	9829368.843207806	47889778.88044359	243801600.6896027
999	999	0.0	13.58017531291812	4.521038815414921	0.13919725357478166	0.08095850164947349	198113.379068328	0.2410825763592151	1.5908550236903631	4.191216934996191	507.6194141327195	125.0944252813867	10.90603916888581	38.45713665582425	7.343813174680039	33.558262656611724	142.71158824175717	63.404755774253374	168.80394767923434	411.7355003072869	148461.69088992183	742794.5349176517	3890223.654015979
1000	1000	0.0	8.564149548819318	2428.9158092408206	0.8795269707382959	0.26589151962577645	290549405.51942956	0.8060946279970896	89.8216690045869	4.549897099961527	1037.74901531056	320.096915512504	9.154362850104981	0.5837669597434934	43.29878888420958	294.6548506474433	2916.817446420604	164.18213170688546	436.50394872385436	1054.5253532183374	5855940.578153155	46277937.8371836	657502162.9363284
1001	1001	0.0	9.02152930530973	23.867413035693072	0.09630077685675285	0.15894230305002624	2087965.7087402765	0.0704502736203496	2.733641463478788	4.29903535998892	1145.605077976374	353.2037199035395	7.178244799033042	-1.542251460915132	88.94761518477547	1102.5799521408085	16033.40341823822	183.0895643961942	485.726225278175	1162.939789378559	14879943.249115175	217944185.6940088	4305455484.719609
1002	1002	0.0	14.48586557942542	2.609678678078502	0.13442241176965103	0.3047013569433772	5777.70635749174	0.06203569120851286	1.2039070198805826	4.317487102991436	373.0067487470753	101.231595053682	11.94843842334067	46.08299986917499	4.128671548723806	16.32449528264634	482.0474432750138	45.08056945141362	122.09048138794645	332.83111228299515	24004.10151878011	124681.06707310003	6668819.900847431
1003	1003	0.0	9.682531676913667	906.4371368279612	0.9235603053765197	0.39324870784092436	68269683.5235344	0.8682383752822675	25.062076891469513	4.698398209991865	775.5577274185373	270.9745414176248	8.675198592211414	4.633956836788277	45.934707911388195	155.27788112619012	744.7416560305952	137.7701708863275	366.46942809610016	889.0904972715737	2749781.1985006277	11795459.133753786	88957814.4514499
1004	1004	0.0	8.60008964269712	79.83780800070612	0.5756183346898761	0.8533255903693592	14850636.437476281	0.6353144976342272	24.317093545319178	4.417425973981153	876.9566224492371	316.5902357313832	8.158082033888313	0.725308072348227	11.333309582486091	50.249606452390935	2361.6480736000344	152.50179698344436	408.81451806283746	1035.8828900515932	747313.1440396698	5116330.379629672	444331771.59552455
1005	1005	0.0	11.92113392134734	1.24582650461035	0.10824009790915133	0.8998734468126202	430600.784348675	0.5092658043050021	0.6972558974294532	4.789443271991331	700.6372980375679	174.6055142181769	14.62190341185076	22.56215049608812	2.4709912415498034	8.28511890802483	48.522449341063826	87.9209427105086	234.2891395753653	574.400581284046	102348.97548894049	415259.3594947264	3166472.3013551994
1006	1006	0.0	68.6718334208065	0.058193211728508644	0.10600526991354703	0.2809186238314777	10.419069067540567	0.7663491797621779	0.1913427681199436	4.68843687302433	45.99831181528769	11.68470566615929	21.54677508371827	1581.204475733078	0.11811889172619841	0.3520818467204073	1.0636055993614038	9.109399588843246	20.409650266896932	34.810712121759686	0.6862063911205641	4.008802167677941	18.657289757593627
1007	1007	0.0	13.15930937287599	51.02643083619277	0.6116213044325661	0.3296362280342653	413906.68981827825	0.4752797941681638	9.75838438166196	3.484137831022963	433.2996227718895	97.75035097042007	5.594809166411721	36.13760902408453	10.932405413818111	36.08448701958178	140.98076415439186	48.63756947421899	129.63914110229905	320.00551637875327	116772.78773193386	453586.3841897451	2258988.875747911
1008	1008	0.0	8.169809321504818	8508.758975149723	0.6182421535261151	0.9996369960925697	161379597110.71606	0.9996410950466933	131.2476238049532	3.336224528029561	2010.998848245691	521.1190524609079	7.240384964122157	-2.930815275775828	505.68641093619664	4768.968650838726	28134.396229405866	263.393537710027	702.0120241425991	1718.2402970402516	300552147.1678177	3095215292.6065354	19743531342.298603
1009	1009	0.0	8.069763715499683	737.9489375518626	0.3298798316664922	0.08144044323517226	48231945.04980446	0.26700559099659993	40.65962258481758	4.056505001964979	866.6823868819304	284.6852061333784	4.639529112515387	1.977558034316381	338.4458612702052	1618.633172602728	8371.338312169475	145.50955936247442	387.04123311135754	939.3833701909363	29709800.25287468	169938144.79707456	1209005115.603793
1010	1010	0.0	9.980979923747613	499.4846306062508	0.6873503460055206	0.8167934037640058	54615320.576888256	0.6944893264889194	128.7627766135823	4.696750377013814	843.9332349413639	289.324289135986	11.24940658639909	7.661174255842147	74.16268043526354	280.3586288149213	1038.8066299731229	148.3559590017651	394.51749242732456	952.437042609866	4552712.8176575545	24898181.118636426	144621375.78928918
1011	1011	0.0	8.830773559260008	6.26847441267085	0.04056530343402769	0.740328894626603	3126290.3750071875	0.19624060494753512	3.593361020600256	4.186915318015963	891.4590380159109	281.5310985490354	5.639572446627797	2.505397996078079	36.22818257926228	154.93760465830306	2456.1831308440414	141.11516721720295	376.1396035166995	924.1195556280891	3210453.2424188373	16854318.031919066	403731452.3103436
1012	1012	0.0	9.429921933928853	1.6523593640095033	0.1484805172028715	0.18908107102531824	22689.90411327161	0.07686194842641711	0.7021461908412963	4.4043312179856	629.9336050822075	178.1729007416262	9.473779778378322	4.650184407148324	2.371363246024495	8.823145763554155	42.94395370369259	86.45677093412951	230.67674105791258	573.7486095081185	77112.86431160463	339225.5163255099	2675542.552601739
1013	1013	0.0	11.96022339809472	1.6425238916046918	0.10668184694664808	0.0989948123809673	35576.7181381179	0.1057884294201448	160.77303852343428	4.100394958048128	574.7339762490686	155.8695398587291	11.11497432639926	23.93617589780493	3.382027964483936	13.68561054567684	165.25384439491947	77.61251712081094	207.2415252516056	513.037877179359	80609.87141045847	427012.28094053897	7556225.847496967
1014	1014	0.0	8.480469811450087	2937.527758238792	0.5969047320979041	0.2770565345280794	345689748.53449017	0.49554724998017596	156.38531726996743	4.535361521004234	1111.756075254139	345.6982733735391	7.083247218323619	-2.158384728732673	487.56944642706617	1946.6880181582467	15169.062093647177	180.15343627554807	477.4165697242439	1137.8492938462005	63808261.46101483	353740419.4978577	3957696769.7184114
1015	1015	0.0	8.299291480073265	305.2406075927012	0.3017836521301111	0.8844822307108611	213462430.28250518	0.600127516703244	20.956486784914116	4.570962511003017	1291.354788559672	335.4342033705988	10.03290593022033	0.3485914532878537	184.04402851766508	638.283408716195	2723.452907999475	170.90057786311309	454.68511566817506	1104.4883219205392	37321569.53082912	149463477.7076536	874754176.0278592
1016	1016	0.0	8.033569016702694	12.64186053099335	0.039716747948153386	0.18955164849350117	446902.7557229684	0.019058831432952124	3.457050460549431	4.129966748005245	896.4686467633542	317.8980888511083	4.857444194224051	0.8763405438905845	77.7822589189587	360.24316636008655	5385.332343451585	160.62656471103207	428.07845642301936	1050.7744645605896	7106909.304625227	41758248.47087205	957254735.4192669
1017	1017	0.0	9.386189942893813	274.23919857271807	0.45556177188812147	0.7077432814623872	75247965.68478091	0.5583709249673929	80.05351881481397	4.426466813019942	1074.883870720706	341.90875959238	9.88233232761332	2.624919886279637	69.76019340140265	332.12700231555976	2163.0992081875247	174.31025226256497	464.34874018354003	1142.9479954794547	10195252.94765955	57201868.06935488	540409425.4435035
1018	1018	0.0	30.86818773272501	3.806327820664615	0.6414751349224385	0.1278042249502684	1526.7672035099456	0.5597377286670753	1.4389331521331068	4.415146921994165	147.5674063094844	25.50496948177128	15.69287437102255	295.5661205077789	0.7700330725477629	2.4932359890541544	9.825498363466478	12.757874053659862	34.021309618985555	83.83113707358773	320.49048845900194	1232.7126255156993	6490.731562414902
1019	1019	0.0	14.84451677852798	0.8278189274055558	0.36264731065546096	0.04171248690080445	10140.590937544284	0.5435912118061308	0.6033253574028246	4.43348247196991	343.7536168941716	77.1273284881232	24.56385848670993	47.03341513227081	0.40637476551188617	1.2867708865083434	4.680433971263357	39.17771510025784	104.2800565278165	253.87605495837116	2315.036416590939	8705.019861492648	43193.48132627431
1020	1020	0.0	9.684156683363327	1.3507382102617242	0.011137436757025975	0.10443229212821933	332586.0447237081	0.35148803591485256	1.9193566664888453	3.692127729009371	358.5558653610881	153.9541709745033	4.313712308251677	10.1254505579884	29.513852237961522	100.96418232106807	694.4361274575891	59.87994304902554	161.4600063521995	494.1466401256862	146296.27759455144	635062.235933948	13321090.310175695
1021	1021	0.0	8.334552808682163	119.02233006150784	0.22713467980060487	0.7729739882542267	41893624.60443586	0.3338136594807169	14.1907026607921	4.573095733008813	1241.3188097617	334.1009543739897	10.60130909132882	1.572824975192717	99.88456728683558	378.6312955418051	1529.9688117710505	170.17369473640701	452.78206638061397	1100.2914885230143	19543045.349745832	83229584.8650215	448228922.6408532
1022	1022	0.0	9.654898211622289	292.7561146201874	0.3707724589674905	0.6613443790150391	24319009.079239067	0.3564101964637286	159.4006674647868	4.191999520990066	831.835459643831	271.4042405518969	9.310733456662183	9.567958006697415	133.38038259465836	454.5604336670923	1642.804907186957	141.99450685650197	376.64746504744676	891.9647890527192	11137423.89768345	40923513.557641804	164662569.3388851
1023	1023	0.0	11.06154339705333	159.67561600141505	0.3896282437122988	0.26620213049578734	4787008.873975274	0.32463090903981096	5.008757283615153	4.244033884024248	616.6790467678754	180.4756454826558	9.496109620173737	18.72041093615994	65.53503955132737	241.51619494393654	1036.5103046412448	92.75222328952782	246.32893726368349	593.6008958825378	2491766.8753533913	9811029.609809045	49181224.52546758
1024	1024	0.0	11.11720797133088	55.99662289142655	0.6410646280843739	0.24365991662435668	921149.0674779401	0.40820225261261367	10.738653004895529	4.809589699958451	604.8474546413423	173.4717594093056	9.68437213236517	13.19583425671589	10.12331038204652	35.95960561578545	195.0246150134783	86.0467339915532	229.5330210034013	567.3995300296793	331938.8498676472	1313232.3188234584	9647246.909427298
1025	1025	0.0	9.184688022086563	1.603182001985379	0.0273257571924865	0.603931741487269	343394.81940469466	0.05486820325163664	0.8680059181623537	4.581738241016865	976.837419092179	296.7674313040285	11.78702201209131	5.91037825308607	17.62004498583354	96.6468488053929	826.4101073478917	150.10997387466523	399.8355708672183	977.711202699501	2124791.738226836	13428502.275956307	152703415.7904154
1026	1026	0.0	8.214407868535053	14.267991968589314	0.17129336041922708	0.09309115926132773	993276.0404679339	0.1678498700457835	3.33130362508268	3.764282157004345	927.8797316743311	312.0175217730046	6.944377322766087	1.330713683306413	17.295089272978814	84.28780277574774	3005.3187276085287	158.162792293478	422.03779495432195	1027.079896665668	1279209.0076231372	8915074.930921705	589176122.1337633
1027	1027	0.0	10.89409904381836	123.48107755168196	0.5183110376927679	0.5462565110907643	5691554.12316084	0.42571840284230833	122.61268396202732	4.750238890002947	756.7160631806162	227.7381943999388	12.57165006204402	14.80317101151914	26.152253150797794	116.06721733888007	498.24960375985194	114.47887936970722	305.3103725809584	749.8844561103598	1439846.965594913	7836803.969823629	46447404.20384019
1028	1028	0.0	9.406639002860517	1.169601593473005	0.14551479068300796	0.087604244772151	18314.11624128372	0.16755038147132145	0.7802354109304104	3.933040404983331	477.2851552555709	139.0701888047873	7.057415861847285	5.560363444892899	1.6664369469924183	5.3741476039530784	23.718882358303294	62.01107824306541	165.76367362903204	421.3134113805088	22884.703664710323	90377.8746341	634364.5589664285
1029	1029	0.0	9.19021709214029	33.79468318295483	0.4004488791122651	0.1660407423938776	127491.3149977266	0.2614165086454263	4.784844884968405	3.726008906960487	382.2726061877083	192.5859800606084	5.116343485226448	1.954734323854045	14.021058880801442	47.37997221290232	263.30662370307624	60.29755538103893	163.6072857648237	562.8207310903122	87602.48971724723	387490.88443151524	4903459.169448272
1030	1030	0.0	8.281376439167582	79.73289629505601	0.2541609519136274	0.5452027917415009	6870488.286391106	0.2548029532449764	3.8514851892377155	4.015256505983416	894.0341564942996	309.3644153853833	4.372934881727078	1.30388245358006	58.29845826807068	235.53237802592201	2367.4359248355977	156.78555013041682	417.5438654094887	1017.9921995064058	4767514.805192235	26797358.28292597	386409904.76604426
1031	1031	0.0	20.38344007381205	1.1589464983677848	0.42491065458465693	0.07215920704485843	5294.101548000987	0.5383125193413065	0.8867832091408947	4.588552314962726	295.4850982213767	46.34055461719913	25.50255456202108	110.8209063697051	0.4646027861710892	1.4551630473220076	4.925963339011824	23.30326990094329	62.087409133905055	152.1870553091588	1258.255754412947	4643.703453832167	21107.299093364778
1032	1032	0.0	8.217537667725676	33659.03234754961	0.9283404740708656	0.9992142667162527	22899581671.565533	0.9997136632469793	79.55294294461683	4.14890347304754	1503.097762902692	317.7864058848161	7.965563950522129	-3.603293001122377	2291.804476027372	10655.116013580697	31342.901448828383	158.99017439257	424.0644535722188	1044.8735328814219	619612918.3706993	2900148204.123412	9714882797.846914
1033	1033	0.0	8.569580866826623	10232.668122413326	0.895364034365002	0.44272413775320335	1263222570.827457	0.838605529727775	149.9450541901889	3.948764047003351	948.0582290012076	301.5688727891524	4.103759978312588	0.9234843833518804	747.1787799418947	2527.2628015092414	10508.782503623986	153.9809199361241	409.5482430346992	992.3113640537496	79555360.21941905	322748412.1551344	1833406843.1313467
1034	1034	0.0	8.476160768837385	8.802747802312137	0.2105300176965573	0.5377015501815389	532363.2913779832	0.21501023092061686	1.1871746832800578	4.490969968028367	844.3202682731032	304.2995292324081	9.590684826491989	0.8292931052420465	8.233519044745092	36.90565592078717	1174.847670192926	139.4257967764222	378.1833181330445	1006.1658968957905	476581.5162442705	2806930.644851098	243416691.12643072
1035	1035	0.0	13.75397440360375	88.07337689434677	0.26248993177568775	0.7721102213850891	3994408.397446151	0.41382480518968334	13.614558431454997	4.299468884011731	531.0054096304683	142.3456094652913	11.70329567548522	40.53164285558181	64.0252830177676	207.81601419423086	758.9122137774514	72.6481448758185	193.23972214058006	468.7636789090682	1458263.1226479246	5447643.897955649	22793998.93292563
1036	1036	0.0	14.70374901536978	11951.54150780568	0.9850083598290311	0.4200128012165623	84449700.3249832	0.9869777955424563	54.957332988657406	3.685440107947215	295.8117897663169	82.16950334722469	1.163704598412984	52.97289051830143	279.2345189754186	1172.0855163790716	5873.857448562844	41.84479188305255	111.37610718265788	270.60887687108817	1396330.4204059371	6058049.712537363	35176048.950031705
1037	1037	0.0	10.08503017679495	2.970312666255176	0.042740398369727206	0.08369639116712357	281760.846920802	0.06205154147915203	1.0059259717402445	4.74754574598046	833.0058721788038	232.4205567139063	12.33624986817573	11.50872686366278	17.5751719867158	62.736691385327056	483.8037012677102	117.38036701279202	312.6351335311052	764.2093483615555	1234574.5622330506	5243341.841208489	55226857.192936964
1038	1038	0.0	8.15408282866722	36.719096977988684	0.0684969540172452	0.6476472821814591	7644428.4304890465	0.07892966863967507	5.308158668090448	4.008995170996059	1247.469105069465	326.8768086938392	6.923963587618963	1.465753862777773	152.7478503577029	650.5982089912953	2809.4704703217294	165.9120237835225	441.624071328685	1075.951188649938	29560667.720668264	143605893.3482106	810149157.6240997
1039	1039	0.0	8.072912370035874	58.01617322522275	0.09629344527974269	0.31391186858352493	2865450.6845652345	0.0676266675495937	45.344167127482706	4.289266976004001	929.9609061817122	308.8649101875705	5.218836242558737	1.590826940097013	169.6046288684646	1547.6309187082416	9676.316709481067	157.31941564580984	418.55860446726274	1015.9335547099246	17562930.347694367	190046001.6261392	1663020749.941647
1040	1040	0.0	8.141584136957688	8.288024746460279	0.0516968415816732	0.595185281526149	1908067.7042073063	0.07864463655874959	0.9058640745732139	4.625878008955624	1135.655403022625	325.3452135953443	8.487484426405882	-0.9835321040222551	83.5679237851831	1066.0717416243522	12690.355948375658	167.6565027182421	445.2773076057805	1071.8082843879185	13179511.80802751	202037169.84777462	3237576138.572798
1041	1041	0.0	8.756796669775186	79.83780800070711	0.38552682286635775	0.45616153416770727	2785709.8322740733	0.27365719640993386	8.399939013508028	4.141740894992836	790.7686903161095	261.2748142769395	5.773202278367382	3.982848730137008	25.194658383187786	138.0451835680001	1363.7238017172883	128.53801838759568	343.8396913575216	864.9205148901056	1498036.7222889736	11469887.519763364	160446947.176691
1042	1042	0.0	13.22204388123549	2.642463586094449	0.33898684347109637	0.2736172321603445	45539.68857014769	0.24717979448744326	1.4658580939597485	4.670044752012473	572.648106203543	141.9010604996208	16.54480988945947	31.06247577726552	1.3169754282280088	5.091363087428774	27.896883311362295	71.28114344675396	190.2076621350285	467.9845662100011	33694.069786299086	153128.932817639	956170.3480526865
1043	1043	0.0	18.52164776922238	262.2268082756339	0.616413976089774	0.13223678895474272	2450794.7876014267	0.8630630805463756	61.84104991779034	2.553579247032758	281.9926846171061	80.59185025449737	8.540351657950268	95.10301295396388	57.722543342192644	188.8808215509536	627.1946131047082	41.119178867293215	109.34877556630221	265.1942940741149	146209.78142133742	597094.6094603575	2983697.0096112834
1044	1044	0.0	8.85518524083064	4146.11060734274	0.2736439861237256	0.05804312797894022	349570218.8192704	0.7687680032291095	25.9526093435363	1.939445046009496	468.7846142747998	170.5495732619798	-0.00032554624660363	14.33017936474749	2915.3636528165075	8741.528616968797	25387.746360604433	90.28907210061658	237.99702330815984	557.4451547728007	71115871.92911944	191499965.32268143	497704689.87940973
1045	1045	0.0	8.114450858590159	5.153787540124792	0.01917711218755017	0.6612325489461297	5077944.632051843	0.21073626956202982	1.0977657068486828	3.639158417994622	851.531831454318	327.8330037564858	4.497845551238202	-0.4177544015438759	69.0788062913387	294.4761841076932	2099.4917999480354	163.6143173724854	436.8469862292785	1075.3845154372425	4676441.268217004	26522329.01756334	397108344.88008964
1046	1046	0.0	8.763478174808958	656.3276305550422	0.5384946864109029	0.7122702781444346	75113508.30020876	0.5333535727128901	6.307418924850842	4.137356958992314	914.8449426237962	291.9144088846808	8.792933144508641	5.627002231899882	168.8539068697618	582.8440008028319	2133.219390620311	151.4817787924327	402.09012120041393	961.7788135367517	18212215.82294688	67330055.90521517	283039812.5702365
1047	1047	0.0	8.218073603221434	99.98085548578037	0.26447046076221475	0.7618991248398028	29264015.578888815	0.34590208279924767	4.8886280663425845	4.526251999021042	1230.322827047296	327.3788704940465	11.14157243431269	1.702734448231237	68.33756207416765	265.2663913890504	1806.672188029074	167.0712500410864	444.4160453622401	1078.0847263876335	12791590.971382622	59086078.77308215	508827062.616699
1048	1048	0.0	10.36419233132128	272.35078787100554	0.9399935780582319	0.09004932033870405	4778962.180744412	0.8704581177069568	1.8608991053163768	3.960770087956917	507.6754226756705	143.5681721199862	7.427261927473017	12.89944057952359	11.823393522922629	41.76515380493593	190.90343964527455	71.2011670878091	190.00441770801382	469.62700822462864	192248.30014354183	893057.5926789464	6150392.8639968755
1049	1049	0.0	9.297645478189109	73.76604303612942	0.3679317276062115	0.41583330677520164	1373781.1056981934	0.2007668217291857	14.475323293649096	4.177651695034001	649.4679449940497	214.4720751707473	4.954156196673396	7.585403842868847	34.19199095565307	124.67175112447156	965.4004038500489	107.64525509675127	286.8667273626193	705.0309717768064	1366722.7537832197	6417020.407443362	60543995.74451907
1050	1050	0.0	32.92153228221628	0.6237328750055683	0.8263412090185376	0.7980868118939105	184.0404828778967	0.7987665706833277	0.41789580045162394	3.861454382014927	117.6509270761038	21.30397281428761	23.85577724900319	337.5016934318485	0.0774738304087488	0.24277152402763286	0.8272178353895656	10.778529260283207	28.700869346816148	70.06971789922848	17.596472236252367	64.99475960596759	296.19633437809915
1051	1051	0.0	8.28454898639916	1566.7514121977438	0.42203623747000213	0.47067005544915624	219781092.09603977	0.3326911590758122	32.764325966320065	4.494582855026238	1302.74147618391	310.7704046946965	7.81337253217073	-1.476638173170999	429.9327368222484	2214.247773490596	16644.201353123128	157.26109061567877	418.79061664763867	1022.8322403496622	90419434.77508478	516445518.27978516	4626458630.571407
1052	1052	0.0	11.3455533388852	147.61076985150663	0.2977225105340397	0.26510794405040594	241947.65090468363	0.12638283115509794	153.44421612400083	3.951195461966563	377.6273793519559	126.5388786455031	2.633639653431548	21.6380432794429	80.87412234832945	416.93600752719516	7890.544554122626	63.27384139437385	168.5293967103596	413.2970749681233	482053.5000765044	3520388.538544439	128011893.9535613
1053	1053	0.0	8.977888076660404	24.64113686487214	0.11691606183382774	0.08724104198743053	527714.2770270228	0.09357908508885492	3.3249032605647857	3.912089679972269	607.7631030475784	190.7062491127784	6.833737110575298	4.265742901745553	44.95962542478057	148.52725616848602	582.4072879595265	93.42461040719547	249.1995333242819	617.6041720572307	1330587.7862473002	5255841.686361506	33789260.39552955
1054	1054	0.0	14.29085646665818	6.14061327140825	0.7976698043834579	0.041208946991575485	136224.18899338247	0.7721998644300223	1.0967184693496939	4.068811518023722	536.8157303742142	107.4803219325419	12.93668445541578	42.47312573251022	0.7500981678919618	2.4291394291806383	9.657844814897704	53.63963393944198	142.9537928445323	351.77689625797285	12831.38550106638	49451.46001195632	268289.21182086173
1055	1055	0.0	8.207095433472565	139.37520095786167	0.5349912554808905	0.4062467567767065	9121300.05093616	0.39076005107592443	4.757685670895472	4.524841255042702	977.7283045992211	299.8794855661164	10.68017277609794	0.6025891946393318	34.72446193381251	123.82255850135593	1073.0892798100103	151.1505270738163	402.95993068552116	987.10231511536	3248219.2348213303	14748867.23380782	223480338.0706299
1056	1056	0.0	10.57841899196584	154.01038389623187	0.49476576595637867	0.24629490180792854	933115.9854903965	0.3092374629746601	28.970626574496002	4.589771985949483	461.5298046982945	203.318799525875	5.185726783516191	5.849437289468583	39.93557966549824	157.57898103078438	1288.6575014485416	99.99281675361658	266.929117759001	662.3124840541036	436803.41509941756	3139745.8788727857	51979097.862974875
1057	1057	0.0	8.938653836171445	52.23291545118315	0.3355405388761678	0.5938338773066275	9067152.317997828	0.30774601153643233	5.385687483746319	4.430747695965692	1268.656442078402	346.9410811931747	6.887840932477808	-0.6834920732477161	18.006249654102422	201.36405372237624	13826.114945022877	177.62794482374397	472.1788811876768	1142.0084901650434	3352381.700640403	52821427.898395926	4147984172.786779
1058	1058	0.0	12.43800046886569	22.07080007641138	0.3641188599805473	0.7342388712510747	356665.5912552399	0.3382063133804783	29.405059112416552	4.448166093032341	472.5630559708389	131.643178633795	4.930997707508357	26.1858821710185	10.487948997704386	35.73306189920131	637.8483607449839	65.44766213872748	175.12705576106777	438.28850460547403	168798.95129015678	705934.136833125	12930907.872944819
1059	1059	0.0	8.127638834999855	24681.94751836583	0.8640779825536479	1.0000000000000062	185197552681.19	1.0000037731861076	87.34799066790498	2.737455338006839	2174.041870736969	511.3041745715227	8.662951127745668	-3.634176832045177	977.4222612780757	4991.60213748181	28064.125346094395	258.4375662994307	688.6782948818257	1684.3367952114622	627276688.2630776	3812303683.272755	21488456563.006954
1060	1060	0.0	8.819673102931867	216.32793705314631	0.767103852900179	0.3668678698374623	4931144.626757779	0.6568390178933059	25.319263872725944	4.101798730029259	564.4189550167988	198.8348511592449	6.673269014112707	4.977417220212624	21.326203896064783	77.94465901944103	473.97840562030876	103.52114569294378	272.1930428754626	643.386392012116	455249.3953006579	2429350.631710338	22662358.192665365
1061	1061	0.0	8.368425949186001	245.4933912242379	0.5022261146068394	0.04838322745606184	9409911.155836249	0.3407888617610776	19.31994606404544	4.309409392997622	813.7547766645614	271.4212742092055	6.024271783156994	2.992527779124249	46.32181011824762	243.18894809590083	1450.4236814212038	136.74257454392693	364.2895638363535	891.1262607083258	3668179.916111032	20749279.900083613	188183300.14319587
1062	1062	0.0	8.243428065196687	23.80184321966095	0.12809970618852717	0.4138845606097705	1726673.595906131	0.16062446378551654	2.4124754629169307	4.519807998964097	856.4392008526364	310.7208886259814	8.712171453428612	-1.124089176238423	39.786699504174834	161.4079178063309	4351.552559742663	162.80365008667923	432.0961306565067	1022.2346703214473	2351303.5285245306	14754837.449880695	798192335.5340759
1063	1063	0.0	9.181594195331355	6.461905369965798	0.13725296010026436	0.217066608743734	274407.6294633562	0.06633800005826523	0.963238172553834	4.060030440974515	991.3713589250636	276.596792987989	9.37275609176385	7.788581237535186	10.44092801027762	71.52886826329889	752.7023500264396	140.04219166121186	372.9291014004052	910.3708601582679	1190569.7778659053	11074245.00428914	128998376.64765388
1064	1064	0.0	12.14085408354704	111.99324578286216	0.8025401491705912	0.41685147548110163	2041295.6159112777	0.837345183297377	74.36294962887635	4.101793087029364	349.6382034261292	130.2922742193784	5.915152318833169	22.45605394507896	2.73866947968467	13.340694643165286	299.0849055577774	53.88406521351709	155.26349637670353	432.5394908135357	12012.122727775946	74330.42793715013	4849592.546706416
1065	1065	0.0	10.63616226869335	4.891508275996308	0.04927896572592156	0.544644954383043	44022.7241637383	0.039582093540092914	1.5135110944381378	3.942438122001477	428.2644922329692	127.1176484931877	3.059367741780633	13.17675776201504	26.464360294591486	128.76515730811713	765.710573786088	64.1102694744364	170.67329012835546	417.4016051297824	364183.98938014894	2164489.801303057	15442669.814531336
1066	1066	0.0	8.531876534122373	535.1546105277206	0.5911729442235407	0.3873190420123685	43719955.965473264	0.394862687213065	146.46195623121815	4.737296192033682	1093.172002528314	306.8556233181782	9.691035715313436	2.414830129934704	107.83630649764964	394.9693446198374	1689.96524308047	156.3822928827576	416.1243734694142	1011.2331723418869	15703167.489302076	66879125.70170891	368501055.8303309
1067	1067	0.0	8.087062722819287	453.37593597247104	0.5283400140446614	0.3026894864929425	35666984.16165043	0.42280758953863723	159.89222598246462	4.095802463998552	974.7730424226063	341.6136786446193	5.851737909066982	0.3254404325901193	99.36600007811805	406.26957109461927	7738.356487517816	175.85953328127846	467.4150648258229	1129.370364292326	9524718.266066227	51969379.631360956	1784374745.1496365
1068	1068	0.0	8.96126093557618	5.871777025676687	0.12691875277829617	0.290237828064886	24214.738896593346	0.02177524760793841	6.23318371850659	3.953775031026453	629.2838836115709	199.5431428414684	8.440785039426387	4.375069901384695	9.591304724604287	29.244931870587195	111.68267050859127	96.5842819417802	257.8571611322295	642.218851071304	283756.0726599362	1086533.737894405	6913610.5455466565
1069	1069	0.0	11.13160204524183	95.83684311255219	0.19001746059918762	0.722206982726383	4166010.760527279	0.2090858766969027	5.839882494526234	2.571341091999784	616.9284484912547	177.787399534689	7.443098128644834	24.9981974532117	101.97164760457017	352.1120100247509	1370.9019166474288	91.49128304098963	243.11674643001527	585.8056935945237	3935140.9229316046	14639504.449610349	59029361.77020713
1070	1070	0.0	8.537732229255688	10341.77629629069	0.8832804161831241	0.0743720755457685	817396671.5559114	0.7689611990547961	68.92202109143082	4.186001744004898	916.8698862616606	306.8128090476308	4.892283176634846	1.139296157114996	489.6937167212279	1993.7352687701816	11420.114235997129	157.26808092940553	418.15855045146066	1010.3396721055296	47053410.443483874	234006831.27983817	1891860342.5370038
1071	1071	0.0	8.457409641699346	9.396154637402734	0.16768176945323446	0.3793739338264307	469919.03617913066	0.12911713409054484	3.2432495174681297	4.594709283963311	958.7554416771475	322.1396410617473	9.971083241585937	0.6285492781714195	12.26223259402887	75.04350706614207	2348.6901575207066	157.46051109154746	422.99601107964963	1060.7491635200938	970462.0566847818	8481230.88885305	567923575.9148703
1072	1072	0.0	22.74374409244577	5.901283442891	0.07949503322673801	0.200722810449627	12243.9725260416	0.056171500182309084	5.346437061185503	2.614777385024354	264.5092953337729	65.85729100949631	10.10233079523345	154.2689601287031	16.577763721224496	59.05549322563505	266.7833496347085	32.8467471079083	87.65496816476968	217.3904652902812	55707.61401123436	227710.75647327641	1051072.4836178096
1073	1073	0.0	8.732282416765573	516.3754152161084	0.4885099188606022	0.5583323349433764	39718797.94495876	0.37639700734939224	20.60831940001356	2.627638133009896	895.5278382254545	293.7005768236736	5.500800395366324	10.1573236648806	165.7024988086227	534.6199926132421	1824.9462624884638	152.83408571810378	405.6244181293465	967.7085340015469	17829106.621197872	59952060.27240038	220558432.8994993
1074	1074	0.0	8.66258637366069	21.61181136418799	0.11987457474624676	0.26287833904520574	680332.5581189643	0.062330555603557006	4.760372914094162	3.906286534038372	857.5945379348893	278.8752893938316	5.459836067332418	2.660069359161504	40.83688434986052	188.18633854418422	1578.3063361034156	136.83793676250036	365.58485797810533	913.2664459131822	3176466.623019465	17953527.655189175	235132010.50870916
1075	1075	0.0	8.072548166354357	65.72718359060059	0.052820946827863896	0.17267136894944884	3429371.6825780836	0.020832907529226348	9.999858653882285	4.485007487994153	1258.271130621026	284.7831098735877	7.351179594730941	-2.111934293040508	397.92798269470603	3064.424819655288	25580.113942675915	144.20673847332182	384.0306643654126	937.5202066806719	74751414.0763073	662541805.2303214	5701144390.466985
1076	1076	0.0	8.406867778932641	8037.9152401862275	0.8539010347763201	0.021449031127850127	600633361.3221186	0.7458123117825701	122.35065933511902	4.186770172964316	864.9543557179504	286.9458604524475	4.701946598945232	1.266075700652743	252.08960746599672	1857.7787783451558	9958.244542577357	146.39968288404089	389.48356610918404	944.5517019360741	24196429.089631222	192096116.7866309	1383315678.6937757
1077	1077	0.0	12.8908520484555	9.874814294437137	0.5733262940941948	0.9423938151121339	882960.071979131	0.8170337689944749	2.203179612546271	4.658697276958264	586.847909042776	142.5937620044973	14.6968378147306	26.18222808400989	1.7878394070788557	7.475844060432924	41.64422939224545	69.08326375211573	184.8580653664133	473.97220471514385	48667.522779036524	233156.99433104033	1442137.6438751286
1078	1078	0.0	8.14222098167934	380.20002128061907	0.4400083892853411	0.9966462749570459	3455820531.172898	0.8950525918120206	28.135870045978663	4.443287353031337	1362.361574166294	372.3370031722163	9.499402718249076	-1.282944821426306	87.43902837523012	525.6013950070767	9924.98536468722	190.82740262239759	507.3524869394548	1227.0591433332977	20384922.691662107	151088410.48932654	3676761432.1842055
1079	1079	0.0	11.88590054551072	94.63035849755566	0.3016167672161568	0.5582352450817625	1576679.243215478	0.178809574782793	114.57444089936948	4.3280731139821	620.1439614809453	170.6042169067438	11.20223257857755	25.99503990027472	59.45672958872199	180.78696218197507	695.6328078856959	87.01329788883868	231.50741849845508	561.6830708652353	1819346.6614410703	6997124.029193576	33866298.48389145
1080	1080	0.0	12.01842214870469	5.147230558521753	0.3790556483143895	0.8175662175321052	108663.24803080832	0.5301207709385014	1.387873133684961	4.636901676014531	433.9025884581912	94.71717137889767	17.06293038097341	23.07099499715901	2.289352276485274	7.810157721466351	37.10651628712913	47.59904294340009	126.79882853580551	310.553356200695	23666.716928460093	96804.10398771717	648424.0474752521
1081	1081	0.0	18.74873472426914	10.792791718886596	0.7778167429088605	0.6663331029140108	39179.03277929631	0.7284300169024235	1.4931566381121482	4.47979309404036	294.5003049471599	53.75395879984064	10.46497514658665	92.80947022756659	1.2350207861944673	4.4000662879207795	18.767307717128176	27.13999587225436	72.28248151279405	176.70976559957768	4009.6977091381546	16620.02681827774	92872.8643452673
1082	1082	0.0	9.609692991347915	2.6621345309041797	0.024444642303942738	0.31732349788159364	51524.894617722406	0.023899915651724144	1.4042821054489025	4.369538063008804	667.418859720796	229.582675396996	6.50687886666188	9.037850985157009	40.44373135569981	206.26940547003258	942.2978912360062	115.40443074937559	308.2165243212005	752.4313861203774	1192026.834896408	9856319.557493532	74926570.20843944
1083	1083	0.0	8.05898565630242	221.73088989419367	0.6055483381584432	0.9564020239383266	146578705.4942729	0.7639364321588088	9.384783623963688	3.952981684997212	1195.643228008421	324.330388370378	7.433867693025583	2.876799068615715	38.31407574190069	144.6411607131556	1491.3940383450756	165.11540805747632	439.36924170151406	1068.1429653538917	6511032.499431931	30682054.845034048	401301065.8253219
1084	1084	0.0	10.23693503846882	47.17092565350547	0.2327331801369744	0.36724560961591823	1306027.5742910008	0.09016137004730315	26.01387446954676	4.547553620999679	914.5430503889331	261.606464669642	11.76107517476617	9.991598205015341	39.399475345976036	130.2309865655617	764.0641640669329	132.8135220509497	353.5190856015631	860.8752900324744	3437710.833415358	14075850.843411895	116501059.32293218
1085	1085	0.0	8.755306170762715	9921.29018004263	0.5455531575714192	0.294408259187187	38919077.584424146	0.09115802195516506	139.1482161872406	1.953231014020275	501.9719951990754	183.8068434846116	-0.00033749866316945	13.74812895775188	2930.107122380546	8781.505104441225	25450.998286159178	97.24177669636231	256.3643013345157	600.7511222731584	86257915.38369276	232269771.3502567	603665947.0418731
1086	1086	0.0	8.34564394809717	370.9677911832977	0.3823068110136217	0.03142877334771623	32839020.54799304	0.3877241341051406	42.93439055619045	4.248540397966281	828.6172052675124	259.543733194206	8.54384573791343	5.302369582438533	117.13480346331677	584.784425330903	2348.1340299794097	133.4688164662299	354.561762656203	854.1580122490418	9988406.49582344	52267604.48871562	262215410.99192736
1087	1087	0.0	8.736795170740265	2122.5736287387776	0.8255563069375539	0.3734502473693093	258524585.2848472	0.7906202162660472	139.80962941465663	4.34568708302686	924.9232284077736	308.9407760610679	7.731947397333472	-0.2070859185110752	37.22909417346578	349.4278050749877	5100.367748763303	160.76628515282675	426.48480582413094	1018.742350257942	3181476.375104933	39792268.634589314	1027903827.358805
1088	1088	0.0	8.324495899611186	1312.8650845213779	0.6891562397974202	0.33522695848177997	88058771.50104293	0.6001089987364812	40.645721806926915	4.130148891999852	837.3700107445662	283.3083552856917	5.722210479720713	1.565497024951001	73.66268518070186	544.5240955196518	4762.663029363556	142.80418151344168	380.62134848956475	931.2790412485103	5148423.58236963	51781348.00126117	706888766.2633895
1089	1089	0.0	8.386640763147467	1799.6553987438683	0.5497529299168401	0.4571472746919798	261257063.8572196	0.44434618363658157	29.011146969294035	4.472585833980702	1266.436677462069	349.9375295933323	8.470077861370342	-2.276930457339635	320.93787349675557	1466.613136208182	15742.55523936806	181.4150113852172	481.2443422895117	1152.3059661546872	61999044.5828441	341755169.7954303	4634244141.5872965
1090	1090	0.0	8.603384771112651	12.58940467816765	0.06368842896519826	0.5094139711726418	1981336.605728763	0.059083007475170354	4.662787080144723	4.565165498002898	1265.936240266264	339.2054797601967	8.881300040704048	0.4310595543697073	47.81028306349162	243.23999576132613	3019.1412242976203	173.24146913018626	460.7948604387793	1117.5079114759885	9396158.60028106	61469285.57905942	940759439.3407443
1091	1091	0.0	8.194561209455339	139.95221533896242	0.0536542256998325	0.7321829061740476	97876723.59710602	0.12789659583981264	7.876629800417549	4.427072314021643	1458.006476579468	337.4088985790776	8.18421063555487	-2.801543126340499	739.591674022884	4261.9744929703575	23617.194445840414	171.0960614398723	455.6265948051205	1111.2290871193109	194734422.79984453	1281603174.6009939	8023062954.908745
1092	1092	0.0	18.23732888580302	2.740818310142591	0.4940354735819866	0.6233431614123914	6773.339857894798	0.3602787752214188	1.040152240405811	4.616915987979155	311.5578606754573	54.00912937819275	20.04532976907053	81.79005538173675	0.8902532709164316	2.7890731795852517	9.544267523192463	27.295427645201528	72.68773238672878	177.59549076124813	3076.2412805061954	11379.554349430458	52537.764940952366
1093	1093	0.0	9.261839778916555	29.939178000266875	0.21881367005048838	0.11851608661087601	1131676.2836374152	0.15357042408978477	2.0042453789756918	4.751798840996344	851.0673624891514	265.3700823829811	11.7924634001189	6.732731949430978	26.132897511468688	133.96522155382442	855.7163760313008	131.79064000763333	352.248339538373	872.3816781914471	1716441.4769713038	11352099.88978881	120932821.70588431
1094	1094	0.0	8.794729758027705	7.461845064455509	0.02531155191626958	0.7407798769921081	3136154.7934345827	0.047438501215829855	1.029623329294546	4.656382641987875	1268.348040028468	351.6945394265464	10.61439961803034	2.939521258608145	113.24244854680332	458.53465234063043	1716.4781566539411	179.1404570811867	476.6769445661712	1158.6679365825307	24114601.287061866	108052302.10593298	539484104.6761869
1095	1095	0.0	36.674485087408	0.3221117212577995	0.5081969606399886	0.30742475709861833	78.87396904473454	0.3121411630885211	0.21398081459923177	3.593110782967415	161.1847334674765	21.97835692253487	23.85553504280688	428.3907152615593	0.10085673583837589	0.31456664129673595	1.0574931502161902	11.109252309734359	29.583793975324795	72.26708986520262	44.20794534241918	161.07048267996586	709.6868714336041
1096	1096	0.0	9.514956256638396	326.95733066253325	0.5380549510952713	0.11252346089791364	6816656.065612056	0.4115306746981341	12.401135951035446	3.93993174796924	606.5717653332589	181.5416786870718	6.724915306060678	8.199300624012592	52.91968054182142	282.8551147257912	1124.596095596124	88.67588367503163	236.8090775082547	591.0055426222862	1730454.6582577534	10161912.89346971	60695159.89167624
1097	1097	0.0	23.28818295366577	0.8286385501059574	0.5569097689742614	0.7097955634512528	1648.6619179940406	0.585283332942914	0.6490027895362022	4.537011676991824	207.2158065976677	50.9737640618302	28.9353508905199	151.3850055707059	0.2238144639148854	0.7032983259594843	2.4539186537326203	25.91948675404538	69.0011002348503	167.96349218404328	337.41553929342257	1236.160294537721	5652.075283708128
1098	1098	0.0	9.597920316468851	23.211714875369577	0.46781997042823487	0.5541093644438245	1135300.128449802	0.3903273799409921	4.703592030345546	4.682959010009654	782.8448361425549	231.4922128378535	10.88067555730388	5.681154782518252	6.540456902967327	26.78160680295621	488.21530328067354	115.1677176457689	307.3111716613504	759.7875976557252	375132.16946769267	2040444.2159728056	51811931.69540056
1099	1099	0.0	9.381470279338803	3.9833663239515	0.08455402837905861	0.13026941278351745	95986.91340028642	0.052040101139376224	0.7287733139580717	3.904893809987698	705.7311346380216	208.8603180440279	9.276954365868553	7.666434607560026	10.889484073435257	43.70670073713053	404.98625868502904	106.01207112655368	281.98636484890176	686.0540030754164	513859.9998151639	2748285.843994657	30820681.26056824
1100	1100	0.0	8.30670643555843	270.4623771692984	0.16742172955097095	0.5127644321409135	30326004.314595215	0.15913468293732877	59.8498783040383	4.529221087985206	1067.430165438751	353.127970374823	6.779028717654863	-1.668390767480731	353.5532227600908	1659.7191864287229	14484.593832946366	185.92802285867288	491.823368123955	1166.6748612724568	45324135.562289074	273305761.1492542	3688205640.6247067
1101	1101	0.0	10.92384815502595	49.25604580332579	0.5932372423516391	0.2943177620404407	940681.1937753367	0.4455692012942776	2.5627386166746136	4.172768660006113	581.763503176127	152.3149268007129	9.75833862547293	18.15564793963974	10.347733541840368	37.190972375068526	155.8531199794046	77.06802419049086	205.2279568670972	501.06604808301734	287185.0038585038	1151612.8367103217	6880263.621906521
1102	1102	0.0	12.96923926681264	32.19477967176902	0.8038670918366977	0.7358967281382962	796623.1134459869	0.7459043466943658	2.2223450080871108	3.93765447800979	558.2190222339259	129.6671607179481	12.55115386550596	31.63665503501227	4.1979667827066995	13.587686605195573	45.344521836033316	65.58147952798572	174.6383645119916	426.40227546163146	91390.89772944651	347260.91976523626	1562471.0016678993
1103	1103	0.0	16.32219242896027	9.219116134116058	0.5600829439710944	0.5983922125338573	11938.915917852057	0.4582350571669444	4.234601707796344	3.896539459004998	225.8586584531088	46.12608498719373	14.87669922486851	61.82042248695272	2.446995149627151	7.7409889130488105	27.741645645808774	22.769523180591307	60.77643330757624	150.72367644062453	3646.1050219804024	13899.635177288503	71240.27812448268
1104	1104	0.0	25.89399713986301	0.12458265046103295	0.23303289638811903	0.025790524449971368	506.64913441186457	0.647933339028789	0.22728489264798726	4.485785858996678	188.3885303471592	30.19095078578303	37.02197219955903	197.5954854551626	0.1046398744137345	0.330358399127468	1.1454364916683624	15.237614971339553	40.585813333882214	99.24264228442212	82.27933878981484	306.2373214358967	1418.9131508748649
1105	1105	0.0	8.095165672071259	27730.26203777447	0.7998227329298019	1.000000000000001	124095369337.39688	1.0000035013878563	76.79864745111763	3.472653799981344	1948.27370192341	395.2179474720361	7.192959448518618	-3.752039287893953	3755.300428077151	13523.853270682645	33838.32283405412	198.5711978204829	529.2464377232473	1299.2756207188215	1679507594.9510257	6163804654.415817	17558514377.06168
1106	1106	0.0	8.435333360022316	539.0363436368108	0.4596196540507098	0.7142994797300516	116076302.21783589	0.452400667532863	137.61444267378513	4.457320803951006	1268.371440412442	333.393416165967	9.819517235491219	1.109352005753204	150.474602434845	620.681315968691	2687.0323938335678	169.15789104804844	450.31639447039584	1097.7575764501207	30356974.84375067	139958939.12897894	820362682.1108094
1107	1107	0.0	8.338707140729491	11.278008357525158	0.06423122343638987	0.7790796987885754	3990278.4690991063	0.11228830951048767	2.2332237326955493	3.928932382026687	1122.800952699084	320.5029262968699	7.3625949696794	1.876264284258678	63.99959079957048	307.1636192000531	1655.8096944969432	163.32881164972332	434.6106412419351	1056.9604340975538	10626917.493148305	55727010.29308559	408660658.84865594
1108	1108	0.0	8.298242624656275	3326.9600096169033	0.6870449523453547	0.5533796848923173	237221736.1745598	0.5809602937948919	49.20244108198032	3.544195352005772	824.8553160691456	284.6879870432991	1.614487611522225	3.746902793033228	483.31340773589176	1848.2323916853848	8038.099584921926	145.6021942699931	387.66461088760343	945.7831086158276	37127725.617257416	173463504.51863357	1012683053.7584363
1109	1109	0.0	8.923830209219544	455.94627276090944	0.5882175255436726	0.8132081749440893	46405389.995524265	0.5922818098723048	34.14204500002439	3.994943786005024	863.3855168146515	360.4122517448437	1.967714614326727	1.386582231504359	66.17149849588766	318.49149720726894	3584.75929491288	192.82229359375617	508.04293078073727	1198.2598819913053	3163979.8807893763	26671970.570962492	725395839.2932696
1110	1110	0.0	8.180676491991463	14.805664460052448	0.2350621331718232	0.31518518687352	879909.204800013	0.1645993377201034	32.349723831718414	4.583983319986146	978.2788665705207	298.3736285836349	10.80392259297495	0.9523081150567889	11.902617030418725	55.5248976818579	809.6618010787417	151.2076276126669	402.74306471332136	981.7004132618343	1182020.6930514188	7411488.317307654	156081448.9673157
1111	1111	0.0	8.586367406717308	164.0294517859484	0.27813323937253037	0.062477916943296685	18339886.43165599	0.2808339250966815	33.231439177929424	4.174104700970929	926.1776522649232	284.2025728944111	8.763760071314346	3.900990107063643	106.22294234519201	375.3082988184254	1416.42062499633	146.48132761727106	389.242256288642	936.9859794619622	11515070.297970764	44165884.19028969	196353698.22876078
1112	1112	0.0	18.43265294562381	34364.03900952653	0.985068853605661	0.004228523989596148	29401843.53866366	0.7477084808056197	81.66492690101863	1.94109722902067	209.2442730671411	66.5162547688632	-0.00025443589058227	99.81648038852205	2788.435810758497	8397.381986406792	24808.65374195588	35.7247753169753	93.97588417616117	217.58923172994622	6357869.406475758	17051093.980452303	43324282.17089185
1113	1113	0.0	10.71263588369126	5.006255454052495	0.5734684227838492	0.5691026737156003	81411.42186803799	0.5025197375977906	1.1358230825852185	4.000421689997893	496.2834304102873	129.5152775662428	7.091816956555043	14.19643290682789	1.098308179513255	3.854965609959014	47.983267638376056	64.3664131318348	171.78499989564057	425.5007736958111	18376.890353522143	80530.78910464939	1317041.9879602802
1114	1114	0.0	9.07812408463901	27.368841211806306	0.40004934896513966	0.06494102231680039	1616387.8756230841	0.3165234422933415	3.0815345122855424	4.572987997031305	875.0856855961879	280.670359969853	8.33686526951143	2.387115542522112	9.792763287592603	47.833333693065185	741.9253367525831	140.87312047034573	375.4522355276139	921.7499829981026	752885.2335015025	5446591.729260125	115068429.61871833
1115	1115	0.0	9.199462763774644	102.70855983270972	0.41574602722283616	0.08825355369639841	10927224.21781924	0.40702654290157236	12.607625085685063	4.613100754970219	934.0490980459922	278.6795870103065	9.735397491855702	5.566569941764138	39.8017358092797	135.04601326767556	465.9431938883986	142.11976455419529	378.0773925305891	917.5664139331428	3912791.6955314893	15480756.002475368	74705533.11831006
1116	1116	0.0	12.8964012849249	4.301379931707344	0.3739711861638175	0.27513757559716523	15226.646592447332	0.17082153518718335	0.925074721538802	4.468530274985824	404.5273253006843	91.24372270357266	19.72676369718847	30.35306664545241	2.052654409713914	6.235942179557084	19.56181261971687	46.31654319447887	123.27942272482431	300.24638209893214	18404.67935771478	64460.310837140176	278791.3392307682
1117	1117	0.0	10.18375060724476	32.78490801606046	0.20475754668756252	0.7009713951715036	2070791.4542363845	0.23059862394056208	73.12434964123527	4.699202399991918	711.4437270361094	225.2791825895226	9.42557722699623	7.975689238499934	31.727303802777712	144.7796189833039	584.1983790567307	113.59320416970263	302.53582940229967	739.4980621555715	1630051.885594214	8405550.29110614	51538624.06452847
1118	1118	0.0	10.52656447325914	518.9982078574494	0.6340324000681303	0.2160191573207587	18955153.367761776	0.5577164154275004	18.78053063332824	2.567443198000547	643.2981908150422	190.2836650933702	7.201427653458421	20.79947068488356	110.10177002248027	353.3480061507238	1204.9643979542268	98.23673422352806	260.8911382943679	626.6768743194128	4741269.964380328	15897748.304813186	59535620.2502599
1119	1119	0.0	10.58075856610383	9694.68089583546	0.545910110400815	0.5062511602415499	42044356.47887394	0.31980268739833073	40.85101559866186	1.926144141994882	332.2406658943398	113.628168839553	-0.00026499710986982	24.80011146829581	2851.3818879887676	8568.319502652892	25098.941901676582	60.58101281533084	159.4685741215043	371.5434853468041	25777081.76123793	69263193.26305038	177874648.27479792
1120	1120	0.0	10.13528625111644	2.612957168880097	0.14834491766447264	0.3482120301085687	41674.02352482906	0.054376578348538596	1.0436911742732646	4.596665977034718	769.1821266387684	217.9806194385834	11.11823539605515	8.000477455634378	3.7056305584573614	13.237571135456738	57.81191489794714	109.2862638803881	291.2246438937043	714.9844777894377	202489.0426321628	853070.9640583483	5901984.026679274
1121	1121	0.0	8.22816489327252	27.067220058060222	0.014115961089169005	0.08706214211095514	1324685.1443670832	0.005887446275362879	3.1628040255164516	4.715323532000184	1203.264835779143	293.2091219078089	5.370442643149366	-2.484831238885868	734.4486338613885	5507.7102537013525	28425.342767540464	147.25386431847414	392.7819688183463	966.0765722286131	128993504.54179107	1058535900.635149	5984683338.997076
1122	1122	0.0	9.24638526683177	18.425118305025396	0.7165614558718232	0.06164550220501205	1929346.9602201688	0.6817843079586757	3.84935407680754	4.536678372009192	925.4629408766704	258.549810863187	10.78308340099563	2.63771373358988	2.3985391653930277	8.335252578085022	72.5807459689409	128.56067331657857	342.90912829311196	847.5104164082613	197355.33808416035	856293.426691916	11954518.467977034
1123	1123	0.0	8.949856179463517	84.71620231349655	0.400019281125691	0.9695327742811352	52850033.498709545	0.7621063117795673	7.579636064855086	3.950167202972807	749.3888959042455	241.5293501005608	5.624347344239629	3.805106227762627	24.065568535538617	145.90499085545918	1925.902118241638	119.83693378914882	319.61072150715904	791.8615342192395	1520120.477809997	10875458.5624706	174497612.51681215
1124	1124	0.0	9.428309641002338	912.312192344429	0.7956255446147027	0.9744816288940437	561534415.2196317	0.9294556087344581	36.42266758213711	4.454865188978147	1137.013932586936	333.4259716682375	8.50714410305877	4.688660490807742	13.07393355685625	176.13290714784623	1693.4352488422703	167.4204746938981	446.56232821146716	1100.8376017465948	1962344.3552865826	34426889.67284909	430057306.0078903
1125	1125	0.0	9.544716027721403	87.86355348304257	0.2504827783257473	0.14640224971612079	3297421.9079540693	0.2604190636512716	5.271990587793235	3.943460287002381	605.5715024473255	203.2721015017084	4.464948101733942	5.111408523789076	65.05968780631864	261.4776774864639	1973.5989808733384	100.76983097372135	268.9645965282486	671.7593797071759	2253015.8950006664	10134206.93874232	112841601.8947145
1126	1126	0.0	17.1984501071251	222.4128159809375	0.5462476209403248	0.04641492672825652	1739732.8329452437	0.4999265570771062	36.01059862240214	2.56021675694501	370.3841007467737	93.52958143628713	9.501114375550387	80.67729136599414	62.503486744137774	195.71737704758712	623.9504013653316	47.694985485790426	126.82965270922847	307.55951936401925	522711.44791814254	1740127.3885198303	6508383.475438843
1127	1127	0.0	15.48818440528141	2.5408303712447604	0.10146027507552186	0.011968592432820177	202677.75918370238	0.346424319521165	1.1315200120284559	4.770404497976415	443.8086905751096	105.8445750915474	16.3647428618977	54.69143289612943	6.182434966144756	27.355504689849205	98.51895303588695	53.64376840670798	142.84208226478125	348.42505751657524	81099.46623622507	396450.03294471477	1850813.1415767092
1128	1128	0.0	11.48981746742539	0.9892845993846626	0.1338936843312831	0.5842294329423439	9923.962419194539	0.14407024001832547	0.46835828117212974	3.960613508010283	404.0867406284993	104.1377180887183	9.979778172216108	17.97497759144774	1.550816615237979	5.062103431523231	19.671328927004552	52.62093232390174	140.05122398497343	341.1565489478885	14952.134612850412	59069.089160827534	314908.6581011369
1129	1129	0.0	10.73975409300219	36.66664112516313	0.09029093118052763	0.7648201792255311	1407798.3178539514	0.14959208221899328	7.119291052793997	3.69439851801144	489.9423796490263	143.3819916077042	1.556610335797782	19.00262945578299	115.66207851276174	568.24881241143	3370.9655750968086	71.78021303392921	191.78793886901224	475.20224911091145	2242887.2233890244	12885898.659584306	91114676.71117328
1130	1130	0.0	9.078297178267217	1029.183832440046	0.9082555133988992	0.9841579658337815	472112597.8124958	0.9759033706440449	17.319716415298302	4.03876027604565	1088.400538622139	317.3271001087792	9.037319707201217	7.530231484446605	38.207856549835135	196.33953569762258	981.5192967413559	160.37586386359283	427.28167765884893	1045.488013298559	5643732.013669978	33834211.99320328	219752981.20452145
1131	1131	0.0	8.393650153352205	419.6468226055906	0.15020225513387606	0.3455006694263212	42285032.42369013	0.10115975422007252	13.581573058638748	4.42981115396833	1280.044508924924	307.0230127305741	7.576479162447687	-2.359821120666267	653.2630778604853	4813.430751822078	25748.85134292794	155.95681546200512	415.2485676554909	1011.5160259235176	126048292.03724623	1072146570.7797557	6467670570.462585
1132	1132	0.0	8.988299560668901	29.70312666255128	0.14759024374532315	0.21390435960357163	881183.1159296217	0.11700939964801514	7.327580893822854	4.235012943041511	691.6086332807452	210.2661390078135	6.403253858765048	4.707123259383973	43.05784821282432	158.68423163663334	831.7124539345475	103.60866582324297	276.6211508650539	688.5245212897473	1789167.4157489408	8151091.997307155	65868010.944209285
1133	1133	0.0	9.337822990377918	596.1083115111583	0.7413107509176734	0.43177526158697566	43265451.01564867	0.7032215100403023	22.67221881773055	4.524302873993292	754.7075547555169	286.9093178960388	6.677440044935675	2.582694256792632	51.156920505394524	182.20151577856987	1666.7199136434012	140.11484905627447	374.3523840735004	938.196260931685	2710438.3771183365	13017884.305256706	208128836.34481776
1134	1134	0.0	11.12463962175808	21.887204591521762	0.8256815307393086	0.2012194516235604	747629.3942484184	0.7483572938591152	1.7460663423795253	4.660882274969481	658.5151608879431	152.9870624837159	12.49387472866244	14.11737074220845	1.948597135587905	6.70117293722255	31.879588711073655	76.85717439278085	204.7456649762894	501.6341656020505	63975.99424324169	268615.4280509712	1732979.4580217411
1135	1135	0.0	12.23466952595207	2.3080575243307617	0.22196890700130825	0.7983958823727286	125310.9666957069	0.3983022439921897	0.822840037607854	4.627306077978574	583.3888922286343	134.975953600346	15.36668708138831	23.21135144039812	2.037943037983685	6.748224265234937	27.60098587095104	66.62652939182112	177.78697177211842	441.663193919329	47460.5930293793	183522.77325783268	1087310.1130225118
1136	1136	0.0	8.021546640676657	51.878838444610224	0.3656543819790515	0.4902705732287275	7602776.646875903	0.32199878717840713	6.776979950994624	4.456006496970076	1215.800648564774	352.6401657691778	9.935820779750559	-0.06656108187602983	14.786955793215748	151.17476237434164	3481.834140470346	180.36360706071923	479.74216249363315	1165.9292034809646	2642031.1874834565	36432919.96711753	1107951728.8330662
1137	1137	0.0	9.04371532529269	1492.8935714191673	0.7357244348116803	0.3518269841801313	106586442.74893644	0.6425609490495975	138.7942602772182	4.392508311022539	852.0635794538175	330.3770790201438	6.199266394293501	-0.4888779508111319	79.32014340080542	470.02693216219393	5137.610607925504	165.61880059201394	442.57805821363354	1089.157438020916	4987820.263922693	45962900.55572969	972172247.9217473
1138	1138	0.0	21.83951660347889	0.39505814159353414	0.29389252382476233	0.6075769653275662	621.6461729206379	0.21202835359447092	0.45498526955639695	4.574337321042549	279.7971894709543	43.00476625354802	31.32323037070183	132.9396688235101	0.25301834733458034	0.7897098316632223	2.695681888514719	21.562729278377617	57.464891008560556	141.1391522728539	577.8518967535507	2125.239121852394	9692.11340616799
1139	1139	0.0	8.063981601257916	302.46044739294024	0.394318398633794	0.3390932233192932	24949526.578222785	0.27191725613746276	9.227779918402664	4.57254051999189	1137.077737487421	298.7974749331648	9.900193259010097	0.5964538487133536	90.4759819895141	472.9647727242003	2515.6173825159162	151.37557114262813	403.06865637125895	983.9963710599923	14153159.841820642	82371490.83580759	602554717.0431237
1140	1140	0.0	11.67901186120493	21.506899658535925	0.3324286079366375	0.4000718281255897	369576.99923308997	0.22049668689233506	5.93362809593044	4.700029158033431	614.8211214252411	160.4335736751646	14.95744186267752	20.28413090337753	11.320785298907227	38.48499800325896	167.93145369972902	79.28034309483269	211.59161172560619	524.4671739611875	323872.0923589311	1321334.7995979183	8562991.03288708
1141	1141	0.0	12.86164295845596	16.326884191998747	0.10805344902584048	0.49391515137413217	88041.33892726926	0.08751696193129047	5.248702739750004	3.993265860015526	421.9827969613144	134.9825464436108	4.442101753001815	26.81740529256305	33.58248813127794	140.4656379679245	1090.8667994846742	61.68232315421187	168.01346271178483	471.17658206499146	307472.0666547219	1614481.1127768988	17357697.065191757
1142	1142	0.0	8.90651165950953	87.44390666044025	0.1308602609470843	0.27686373579225376	2881234.7732034298	0.0392491607726853	118.75363722723895	4.624825315026101	1087.299816462643	325.4947226772784	9.451643805975865	1.891982965598695	148.2661244480744	612.4041773898058	3103.675084903242	166.78219060625963	443.4269256665091	1072.357807970472	22545513.45550747	105739579.05428977	701783473.3797071
1143	1143	0.0	9.062613539549673	69.76628425817682	0.2994633516341159	0.9658931143833835	78857892.60145257	0.7935935294912206	138.8814994622099	4.050930527970195	982.9925639504852	294.177336481954	8.813252286094277	6.795865025569155	33.65517099464417	175.94820240615155	781.6632432986394	148.95059878529605	396.7358589426518	968.8064076679584	3775856.731956234	22977808.39965633	143963340.3981151
1144	1144	0.0	14.46319867967602	9.212559152512826	0.17051980845031253	0.43885219133840936	13431.497937210175	0.04500799651075891	6.903837147461498	3.475903142010793	368.7102455798559	80.78799284037622	5.817501948228198	48.15435451505692	11.074513646885169	36.20349824301601	158.5558026102292	39.77197833934093	106.19201469739346	264.2000964066853	74835.76755713236	277335.179706526	1517848.8769435575
1145	1145	0.0	44.87548208074356	31.72267699633861	0.6151508246188016	0.2416079023932555	11388.686282327675	0.5768272745880587	10.549844567249977	2.588140237028711	133.7719175772281	27.17049299016191	12.95920946187886	664.1771840458706	7.348666798099194	23.022324205747683	79.11720893527762	13.123368740142993	35.05885368655157	87.99430324491205	2426.014879908352	8823.207121076426	38876.77583778164
1146	1146	0.0	9.196238031330562	257.400869815665	0.8017860304665239	0.5399392827037404	24364976.29568158	0.7294443633186666	9.73524292867621	4.694144544017036	918.9495187886761	269.0138011344684	9.471117384260673	3.51403448150037	17.864396605714532	80.10061765091918	495.0834193623033	136.57569350546044	363.5281972195402	884.9137520375895	1771428.6560349949	8779193.120211162	79820379.76942849
1147	1147	0.0	8.180315472298286	54.737682423610984	0.2459294663080268	0.47899514361182255	2147975.861990714	0.19619858590567835	2.6917000980801813	4.003222828963771	774.4777221296235	295.1403249581728	4.670486872122176	1.261513630702502	39.441071293050065	315.7927586817119	4770.787994720687	143.87517865124278	385.54474959092613	981.1020247948013	2227801.3514828454	25982847.523059476	642844184.3416507
1148	1148	0.0	9.289060780403592	2.9604771938503536	0.18394576194678391	0.5906367562559316	188062.3846764363	0.19613780116288146	0.7427333460467695	3.702253739000298	846.3523808741618	255.7390097031064	9.106530284781538	6.282172427793163	3.287285995204161	12.011192146508273	53.880878657698325	124.13002760882728	332.8279851102982	840.3393530489725	193524.38202507078	968957.3969777379	7069652.818990525
1149	1149	0.0	10.99364979074415	5.0816607424895865	0.12556512898016517	0.4923244744919455	128592.31950893199	0.06296940525073753	1.8851725559232169	4.59525446803309	790.8714944184629	223.5046302179605	12.36692145956868	13.90158540225935	9.356231802832156	75.65125145207257	518.5156812898533	111.6845708211381	297.9955790130115	736.9767166749236	640014.6640438715	5836577.621782992	50733469.619830795
1150	1150	0.0	28.6696484475206	1.2810702807276169	0.4169024151304883	0.6744673984208476	742.8930995044528	0.3604195283890248	0.4350497178115164	4.744316085998435	181.6356259792192	26.6528249805855	37.07602556353049	251.0498196924744	0.5133028035676559	1.6736459727004267	6.703697527754735	13.318120504406977	35.50852288097863	87.44076321561863	329.5474168977437	1280.716168184906	6856.373177718507
1151	1151	0.0	8.896174577554353	156.89545580164472	0.8755070286123952	0.7025243617897505	2415994.790385295	0.8521124364891117	5.226271303714216	4.128241432015784	395.1957093988347	165.0394059824268	5.200003477311429	2.20390076465896	9.653442278228985	35.44856346180885	188.5010120678853	64.98411641297855	175.43407688572717	509.61617137285555	77755.77038208552	380114.6215668698	3986661.9488446657
1152	1152	0.0	8.107297550062325	2965.2244485307265	0.8779716226663874	0.29492496617893	435483697.6722448	0.8027344249163235	142.94151683712704	4.08613993000472	1124.127199199983	297.4339663875836	6.652637794178072	2.089994604787619	222.8053571064414	808.4622951840827	3475.119387944278	151.3720262305883	402.82444159749366	979.8098090803435	33185260.62418758	137188677.0811421	817257921.8966506
1153	1153	0.0	9.944752040615173	2.6359066044913306	0.030404860295014567	0.3679801105092446	96430.46228682181	0.012959675922210428	0.8319366907267621	4.74053787603043	986.2220287902804	291.5474593180538	10.79160889994852	8.789542472093009	29.90707397092793	139.43404189602427	682.0111715093684	148.10475904210864	394.3037037163929	960.3100107897504	3632201.2108533164	18978375.96491827	122993243.97246526
1154	1154	0.0	9.569377580988595	2.504766972427085	0.028822208195666235	0.1492652830144487	27070.478174897682	0.01620967006405182	1.0597874839429777	3.936794371053111	645.9170658256877	192.9953719990604	6.119902789485309	7.856668605980509	24.989398774483806	97.51057247046315	554.4782659013937	96.39402254190509	256.56357069128296	629.2425335794385	810431.0950993866	4076634.1883701473	35326359.96101558
1155	1155	0.0	8.179068060264008	18595.390003296674	0.6650820332469334	1.000000000000005	175005273711.50446	1.0000033754755864	103.10858060564412	3.308987149968743	1980.303908954718	362.7260279624873	9.190984035423362	-4.542715654086725	3644.4876263267033	12053.674904332569	31929.917806771347	182.71208489373953	486.8539612659474	1192.9227285345062	1505745099.5842454	5337880060.751829	16267358248.678778
1156	1156	0.0	19.12447702059283	254.7256213215806	0.9924272243959369	0.06928927258375656	130396.90782747511	0.9683224127835218	40.355311968013154	4.823024299985263	203.5472429153032	24.71495022985671	11.26722586688289	89.18903861629983	2.053779840007471	8.400467956948395	98.05190764292207	11.095707770343608	30.624711909930397	83.1424180262994	1105.1285034210568	6233.7824784801805	67010.16976386066
1157	1157	0.0	15.03898422210813	5.111167159704043	0.17137868792369843	0.07358466779507158	90625.90420877	0.43305333385747863	5.030759709954555	4.219587697007228	333.8796644234748	71.22545491234507	5.777640951482759	45.22265947810773	6.074131834796195	19.16625775593909	67.05403496846	35.817177634692996	95.44823184507885	234.15355500400443	31148.65634650486	114900.81879016779	523435.10250095377
1158	1158	0.0	8.299134720557626	178.19253204888346	0.3358938070116667	0.4187444983816005	15159869.003657257	0.24392376853870895	18.91487348278071	4.531074700993486	1063.367086657761	327.8748841860876	8.743081798010682	0.926349631127494	80.49870221827071	364.83611542592683	4238.227546474726	168.1644857308911	447.1156675185946	1081.5748660506652	11206723.101828223	60614344.85544527	980594970.9683468
1159	1159	0.0	8.403831072678038	975.4690391465336	0.6640371125153132	0.04854770707627086	140336120.6880919	0.5589678579768029	152.2060896376443	4.540960137965158	1231.463782696409	314.9941545938837	10.31688344568092	0.5511931498872318	103.67097609779792	490.1547865234245	3418.666467030892	160.01263733750943	425.8784859627401	1036.7903975790796	19008574.242008083	106588264.71141598	939225679.1336924
1160	1160	0.0	10.11255821237612	2.780160199762015	0.0500985152665592	0.6261758175591244	37870.59797668033	0.053720581249301715	1.0220267725124295	4.145050111983437	439.5031471830101	134.2082277962006	3.504131126660955	10.65315159855617	18.43084921355069	100.7809053221599	1166.1106880957489	65.6328561523759	175.54483044622697	440.34183037158573	266981.93210218864	1704453.0578290042	26709425.012904815
1161	1161	0.0	8.308571860121617	1319.1597868604667	0.6980393510536187	0.9831884952645831	1235769794.6162183	0.9575926504029594	15.679971717300095	3.997724417946301	1165.492869593278	335.7670172975016	7.765819884375387	3.681392907207816	102.63393136030986	618.7238381537195	2937.1107149958148	171.86958915040964	457.00720613861154	1105.8537874250776	18205250.767436683	121987369.66741218	768214202.1308823
1162	1162	0.0	9.800564699805143	5.757029847620306	0.0479948814582373	0.426040000176559	88286.74044892835	0.012142915787054459	4.941262912067748	4.104485496995039	819.6804372512448	246.3822894825527	8.003672191668562	10.81427971167729	26.34431046731535	86.56248643594618	680.636381663505	126.61950900634622	336.3521890429704	810.6151535080976	1907432.7973612535	7678431.807377492	69600198.32232068
1163	1163	0.0	9.449800045845338	150.33847419844375	0.17584471364022064	0.09529443564038295	833037.3575316315	0.04529872494240476	5.893240388441066	4.356051906011999	788.3619719283831	329.9863983907895	1.751730379909398	4.066827601337044	176.76082297623373	731.9236781916414	5619.588693989928	184.75869983617713	481.22274987627816	1122.5510182908856	10392966.722460411	59272724.26702092	629873198.94916
1164	1164	0.0	9.40987268183135	264.4299540943153	0.49786272617795496	0.5111231165265462	19662696.138094444	0.38351890866792915	74.08816863907047	4.586105987022165	921.5305935849167	303.3209196540419	9.466193008284918	3.024436195351495	77.84903221450705	266.31601268133136	1611.1105285342048	153.56191094445853	409.1741917675341	1003.959388375346	7484033.951516645	32082617.580812775	258612457.01096815
1165	1165	0.0	15.30970229970274	23.04123335368631	0.5481229870218377	0.058083639888415584	13117.924417978113	0.4551481457981989	4.494544022631921	3.060600590019021	159.273504527131	39.98359305491672	6.118717537340537	53.41732360435508	6.236926433816243	19.965903059990346	76.79836419606565	19.040353439586852	51.00490676815258	131.15659002237084	3986.4070144222464	15489.833525743132	80662.28036421201
1166	1166	0.0	16.42159701290758	0.34014342066663283	0.21791821667103561	0.4958681169697323	595.4348090578299	0.12357037851992533	0.32760092061700374	4.405288519978058	291.6704255358711	61.43966574034377	27.75433350241975	62.47956214332739	0.3083988803642597	0.9821642821071697	3.397331178303525	31.064642962623168	82.7222780101244	202.07895157413577	1066.6114333217195	3998.7448677254506	18555.053765093107
1167	1167	0.0	10.01734451672962	0.923714783352538	0.10961229997995225	0.36055075818194987	12225.671868499274	0.03782064021330877	0.3382924184212664	4.606694669986609	747.8010249670306	197.5822521870856	13.29256108545135	7.843730557223991	1.8123925830961298	6.210385216243564	39.62827621658403	97.22513492969142	259.37657881343114	642.6531349705263	85601.74014904737	362194.93815619557	3411426.3569248393
1168	1168	0.0	8.069474015407227	1018.2730150523868	0.5843611742918926	0.3688488260590587	51022550.35997818	0.5079600054679356	14.116885292478804	3.757061380019877	848.4079420217067	312.1620206743788	5.778141921118189	-0.1617136479946053	22.501691796683534	462.2818452760568	10552.714785184113	162.7267721217289	431.4932301772086	1020.3755835670971	1156851.1126855898	46547206.92747338	1904052162.256971
1169	1169	0.0	16.62803598513074	88.86021468673412	0.21306299138470358	0.1869328726587791	1738336.409860052	0.4457026852240479	150.60995185352283	2.558556915028021	379.5392085116108	99.30468694192669	9.186737058542406	74.14399922264774	83.09896123593995	235.8738570969593	687.6193442878266	50.91218101407338	135.27570753063674	326.4769927637203	616082.7756921191	2060704.0672981082	7512487.503640179
1170	1170	0.0	8.425889130990976	4.380063710945765	0.021256045382806153	0.1300912823997575	166756.17592389346	0.008010075015738477	1.3413231744505816	4.470920706982724	1088.809803976917	324.7452204851978	9.194866398491254	-0.01088952582020841	58.31853070487058	268.5059653653226	3417.2093648829027	166.8896922543637	443.52056543767003	1069.489894914916	7981698.91154117	47341086.34004692	862854473.4642328
1171	1171	0.0	9.642441439205756	13.45820474059197	0.3047179357880315	0.04260753178720713	794710.3057535486	0.2734884045810708	164.33546394287598	3.993708586960565	846.6647801701059	235.7501351366828	9.892235731391915	9.970925838022028	7.305522791098647	37.33459561385947	709.0764202719624	116.62054154531165	311.50934836877127	773.9980988837704	479336.6804559843	3303181.592144896	88575452.51815121
1172	1172	0.0	8.057131050822909	417.33876508121546	0.37027686074630056	0.3606508309296858	38601974.70712529	0.22754589696512256	13.83535553726499	4.592180538980756	1223.860115497793	318.2711779171568	10.11320665466388	0.6181926949861714	171.65367081176285	680.3949006739441	2893.350072559431	162.24800944062758	431.62819305695405	1047.9834438308008	31925911.22482068	141853539.29612476	801178816.8062094
1173	1173	0.0	13.86986167866785	7.311034487581627	0.35689927337471494	0.7243805688326223	79572.72366535434	0.36899521506328625	1.1151662180210653	3.859837636002339	415.8959049169075	95.64413098949066	15.14437552263161	39.71360781118955	3.593097610719117	11.86945142959405	54.92705524369581	46.834416444805356	125.04372046183306	312.79491621754056	33626.42525758699	133766.24845586088	892128.9109636956
1174	1174	0.0	20.88810530431693	0.2967034175453527	0.1657590112441465	0.18471142183171507	1109.9158335197455	0.22225515124623035	0.24882354940688714	4.684285820054356	258.2563572675764	59.68655552543634	25.66595530941611	117.9319525162053	0.3659340611859137	1.1564279905537962	4.022731095631744	30.49700386837307	81.11890030230208	196.56756345026238	972.5790673818291	3544.5314289489907	15730.9720804509
1175	1175	0.0	9.066472538317191	21.126594725548717	0.3673530501307184	0.25866368805172335	526241.8470350207	0.23224214657387576	3.5253274010390823	4.736167083028704	713.0356801518071	200.9134881464691	10.88875751708073	4.623842159412909	10.070667981061716	33.336449666541256	184.95831048243528	100.17178414709724	266.9782157455056	656.3993147006092	431901.5720537859	1836638.7551278323	14790300.327021163
1176	1176	0.0	13.5394207235965	12.274669561212646	0.18533757191236375	0.09753878628025078	52935.85498677566	0.10877077175171057	2.16280782318078	6.628620597999543	335.4507569101355	107.5646424744465	2.450396606287789	35.22896899643431	13.721276077793949	101.3766965150534	1736.4280087629093	57.48950049682429	151.64587469193356	351.9524102076392	130423.38899173049	913001.4361945483	13703871.90859228
1177	1177	0.0	9.42535462517384	48.075789114748595	0.3797084878460961	0.22774148940138478	865361.304514081	0.22319024463362483	3.560051057625859	4.122186538006645	614.1397823080976	174.6873772520246	9.870357442558705	9.75323177668985	20.798458198118748	76.55566137522207	331.1351920733161	88.62038347006785	235.8682844590768	573.8288549392068	744433.343847354	3164254.9742710404	16409277.888421262
1178	1178	0.0	14.69395413599584	3.665352716195696	0.07117189883769465	0.9173476021125301	335361.4226444827	0.47269465241761843	4.803431006990748	3.529665251029655	407.2756692016067	84.92989990832343	5.819763175534646	50.53443987155472	11.241332637635741	36.53553107399295	144.79308501963604	41.61540579834258	111.0794608468953	277.23438512168354	97166.90422622426	370238.9850809757	1829908.9248893664
1179	1179	0.0	8.901487362795246	338.130427314407	0.6030207505545288	0.24643691391035635	2487364.790035401	0.24453169828112872	63.30938504708491	3.212944369006436	597.8754393340453	214.5803956619051	3.13935371548842	6.824679437681938	69.39127999489973	240.9481101184562	1166.2888499100957	109.91865922430952	292.2832725145119	717.545480727347	1854597.4178720193	8550251.037368499	62042455.300113365
1180	1180	0.0	8.286233883716802	532.3219944751188	0.5134848563564991	0.07637943460027766	15173475.304289121	0.29450519939403164	47.77750906973731	4.126696363964584	943.2059667314506	333.004881805281	5.105669743316351	0.1929986921509153	94.50391240509796	494.5900288084068	10819.774701240947	170.51759246708377	453.6430594170457	1094.9748117446743	7879058.659151353	59766914.869043015	2251852627.422959
1181	1181	0.0	10.84624413531747	32.116095892530424	0.7596963452404364	0.6567523046081774	1246435.2189886936	0.6783755915550846	5.0262545935404095	4.627519325003959	693.4427147533979	165.1345095334711	14.49744518612351	14.58074796000575	4.912331867331321	15.215131108267842	59.19534861527614	82.28328932489887	219.3752612163147	540.7284583334736	179897.96103794398	663080.8942416856	3777680.529619041
1182	1182	0.0	33.1557892902748	3.6260108265762727	0.7036000791033942	0.15097055795848038	1258.9970403923112	0.6771184952794288	0.8060404424902696	4.096868911001366	131.6984112753477	21.71974483294953	15.52421064943524	343.372941110572	0.5768166495060589	1.9021739200209076	8.396228003688023	10.701587065899133	28.564269632501748	70.9105639562225	164.80063239111175	647.6001000527382	3607.9330230887863
1183	1183	0.0	9.80669803743973	597.7868988015772	0.7137538041742585	0.07789904611138	47776309.04051883	0.5484778691015607	33.970365709206355	4.549893715011422	979.9316496894015	304.2754899575694	10.23932029761185	3.919142725566441	76.76315188272363	280.76515667072215	1319.7122022634076	155.35349118769773	413.31886880496256	1003.4719921610473	8808641.928537263	39253603.37325663	244001493.08231464
1184	1184	0.0	11.94579292642852	89.43722906781694	0.21391187446377036	0.591333372953357	1355534.1832062225	0.2131521382888824	2.7399424621049118	2.580852870014496	451.1209199707185	136.8239732731894	6.497328254475605	29.74074982443243	82.77933447618388	275.0931294378378	1259.1006271863143	72.09641351807477	190.77747756811516	448.7725061401803	1253193.965585149	4591530.075471324	23267037.804128513
1185	1185	0.0	9.142761664116021	3.1866930591611617	0.02122729834901873	0.37413579662103946	115654.94708045601	0.008079394349668829	0.7890311141875186	4.633478734991513	1039.819079270473	306.2605077416998	11.50200630089447	5.164273933603996	76.64216063536632	317.5974636451145	1393.55057380263	155.39325434350144	413.79184660977137	1010.3667657553252	10204720.124353107	48004094.640909724	279190658.35364383
1186	1186	0.0	16.6446341346139	2.885071905413414	0.06936575773440475	0.23174115898994732	3822.77621370717	0.026582911879497257	3.2021935448491323	4.457050880009774	320.7363188417893	61.07740301428836	11.3810356044329	68.87610547629728	9.345181318821028	29.332789684323266	92.44295805638572	30.706011162411244	81.81581521904872	200.5821645691237	36424.60115944435	133481.79095979518	577923.2498507114
1187	1187	0.0	8.822151751535815	136.33276149399168	0.08305943289253426	0.44606517845439525	1710583.7501892585	0.059481821164227615	7.626462512588336	3.748531941964757	465.0368780349774	155.4841114975904	2.222769684591814	9.145355720647306	385.8836941777844	2074.6763905143525	10414.663935807328	79.92385627288922	212.15812331475678	510.5670463676927	7435617.101188454	42400037.26616175	250092059.56905857
1188	1188	0.0	9.435939848772733	117.60602203520305	0.49161807183403017	0.04715607858048886	8038478.236985264	0.4766992138898335	8.40317332753265	4.119270436989609	771.4824645143422	236.8136783294566	6.616197243776337	7.716681906557202	31.562243233960068	120.9463438535429	549.1608315731198	120.1131189091069	319.79307178222984	780.1324921250593	2055235.308592579	8807579.582265003	55817136.515566304
1189	1189	0.0	25.03921931163741	5.8881694796847315	0.3919978913196366	0.07526731082953995	4737.701091267826	0.34750845031492017	2.5526670180986164	4.030720499984454	177.9165044794443	37.19734114956798	17.8308966331825	186.8182726159086	2.5500134053767214	8.378479147396904	29.717676421516803	18.859815117989086	50.20478489620368	122.38472536410835	2222.9730271506132	8515.530560327521	39201.65790236504
1190	1190	0.0	11.47056208974099	0.011474717805621424	0.0012615562179721022	0.29376614365824133	19.912820790600197	0.0005285485350602824	0.03729875017995611	4.496809345961083	346.7945759213782	82.75513805344602	14.69824089030078	14.85921121338326	2.085397183622912	6.860276305526938	27.470704630146177	40.535358721539524	108.28123773844948	270.00819853796025	10954.20171219018	44695.5903105241	275435.9353106154
1191	1191	0.0	13.23323450308181	5.232471319363474	0.1448733918476389	0.6479719752253114	50572.06943934395	0.12758579475547482	1.417144203374368	4.171352132980246	403.0373406604377	116.5630085141316	2.972402597706026	33.86257730740218	8.734258463354099	79.12578355360512	1864.817967083897	58.896870047416655	158.1844514769919	386.1689256406752	111500.8597512485	1126305.4862626388	23619835.562483758
1192	1192	0.0	14.66183074287741	138.06380463722795	0.4111565050554105	0.054108604763540194	1864536.2967491115	0.4439110240287655	169.54031699423064	6.443225003953557	406.8497096840133	106.6829167937895	11.86976074776798	49.44245472079552	56.59995593512941	183.19488364211787	690.1955081749162	54.177341574217905	144.20793677582793	351.2754641087156	612024.8979415509	2276981.523008885	10095650.903880585
1193	1193	0.0	9.193548613748696	15.212197319452631	0.069146304386748	0.30269261645374496	490285.64150394424	0.03131711537293426	2.7317407693087965	4.662424945039675	939.4397323166298	276.2063241231598	12.19241938619498	6.580260715258348	55.081666663126086	230.45440402704259	948.0955221163866	140.45415999134855	373.8462867975776	909.8861198972689	5340794.251817915	27302137.647475753	149547844.20516986
1194	1194	0.0	8.628124527233435	880.2092104150898	0.5717105267413427	0.7872704932583366	222400140.65588778	0.7974071122659815	38.425135402287516	2.634826724010054	920.0097460910869	306.1709457942513	5.061879207338448	9.525290200351611	197.04982836894254	698.2825281853121	2603.232667001282	159.77137343510003	423.4533937507555	1007.2302277688678	22862177.763969827	83744230.78198512	338963752.7060327
1195	1195	0.0	9.810255460812636	60.90124513063275	0.44175957646254127	0.14048000870267688	3740075.409078089	0.34837776041297797	144.78246284095346	4.604614991054405	984.9298228611948	288.5192696680738	11.62636109018438	5.94972928259928	9.618847283994876	96.45320967894884	867.0101966536205	144.79073980729436	386.2018048856928	951.9349471423077	1093191.3270493164	13155920.322845565	154698078.76391092
1196	1196	0.0	8.443351226249302	1710.4804489403832	0.14819974837240685	0.013464228081812777	2653694145.215024	0.5386564140627667	37.96363264665583	4.329044045996852	1332.951602711165	265.7825891466437	7.391716194962916	-3.632991942096284	2714.3852827537476	12133.320883108956	33225.60240560577	132.79357984271542	354.21477748512666	873.6181326869582	532590164.5147025	2345032605.0348716	7146559621.503388
1197	1197	0.0	15.99649052840518	1.4654853883179673	0.22738233351727094	0.6295467739161562	6243.851196396742	0.1674985625322758	0.730026724952727	4.479203905968461	368.5459323368801	72.04297965071609	8.257228032104525	60.87143001494698	1.2609042640714667	4.2414338229889506	20.871973420890818	36.30014838026909	96.69882190434606	236.72808119434634	7825.009466695665	31654.676076757187	208987.89251785213
1198	1198	0.0	21.02978517991531	7.583149224114885	0.28655230754449784	0.4823421473624234	12343.417997960114	0.15784498720447376	5.177569740426939	4.232146300957538	278.3250289953988	62.70574283349569	18.93384807224532	125.6787383729171	4.767514193061921	18.64713719912108	97.14439453395684	31.814602763126004	84.68782935510978	206.42338533371668	16940.673849554976	79488.02512240833	453189.2762450752
1199	1199	0.0	13.11997348870795	129.35613306816373	0.4036918425940287	0.045098876973332085	2019269.2040186075	0.3601647919951448	34.823718426982225	2.598604721017182	473.3729220820763	130.0839845283886	8.011871806074282	39.31658106841201	50.89696793139673	184.85964278456137	721.1022242207761	66.69172954172865	177.3017203435798	428.56710574747063	906926.9725484769	3522596.5494455565	15432764.53515447
1200	1200	0.0	8.143501985151925	34.60774890175139	0.4528289802967367	0.22805954327401443	1424860.8991565448	0.4871512676529172	96.27051786462768	3.872840722033288	679.0146097792692	326.4268578126331	6.00705436538856	-0.2144669478673955	8.299650891782926	44.28396245273324	7830.551762460398	153.5562998797028	432.94859636228585	1065.2277569804269	167051.23318136923	1571763.9447050856	1305999316.8975933
1201	1201	0.0	11.25548460939062	44.639930754667	0.14700552052077664	0.6560709270200527	820725.1030343374	0.11196048508160478	6.037884457609069	2.645499317033682	531.2826274245199	154.5204503502682	6.363686018305096	25.07625040963171	63.46936835894067	214.28006177989545	841.9644660689955	79.01368962728674	210.33465584855213	510.5732892848518	1652850.9059980575	5863630.555408146	24828126.142627314
1202	1202	0.0	8.857515781228626	12.49760693572266	0.030691165242380615	0.47725645431584623	873287.6078303296	0.027416969512122316	1.0823447443383394	4.453413817973342	938.346601184717	342.9430887259725	6.350598473624951	-0.2974937881660302	167.85161648822586	861.564491881961	5742.406645399041	175.04888530113647	465.8553815707521	1130.0132941737747	17245305.11383899	103063209.78142513	1200402594.645606
1203	1203	0.0	8.177443443685013	4167.092948472856	0.6121473436135967	0.05019543049994211	291847644.37028825	0.4178026745812902	23.077471085492025	4.458082908007782	1170.957256803704	346.8782849297065	7.641438394053242	-1.807965899808853	338.72821292086877	2391.9668320030946	20916.470422722123	177.74708142696477	472.7646049242203	1145.1978964271652	57372207.663951755	474290930.0255914	5298827910.012615
1204	1204	0.0	11.49184858664612	24.12969229982071	0.8683799476413566	0.9806632497579474	2004008.651868563	0.9347760301632573	132.6282154596431	3.869115296984091	583.6740871132157	149.6270799847713	12.02498957901915	20.16198434116391	1.5611426545057558	5.18720642412623	31.306436061026762	71.73745234615478	192.0033491909145	489.7732654910111	36359.00247762909	147040.91910448723	1333102.8990997581
1205	1205	0.0	9.618812374241191	17.257975579654918	0.09731170186538309	0.9288632715082454	29060647.276852876	0.6172878242265296	8.281211270892356	4.587345712992828	989.1387743153962	283.2565302969619	9.917192190173484	8.074943333401158	39.859757867211904	139.7452111678697	573.5860793441395	144.02483882322474	383.33160999544543	932.8591052107719	4465369.538547756	18569670.29201793	103529959.36723737
1206	1206	0.0	8.11933806298929	279.69460726659105	0.4085601414188921	0.6568680586382578	32097764.531101514	0.36220544871381183	13.466147665073002	4.06670381501317	1009.319938108394	303.9627481872809	7.256398260537201	2.947639148829824	103.09915528021267	406.1403115640725	2401.1521900442017	155.52444044858464	413.5917579665178	1002.4063107385487	12592222.088145312	61546191.278016746	453301724.48238623
1207	1207	0.0	9.481994888064683	0.5376724914634035	0.0028180402349957646	0.2310031607481233	5593.434718618401	0.0007617766523567583	0.571199994710752	4.118555978988297	704.6732762602979	268.6182837527275	5.308548454401141	4.155433122322783	64.14314990890843	318.47471711830724	4761.930608672307	137.89646806950896	371.3521731852344	inf	3444961.6321656033	19623660.6880955	834757229.3006687
1208	1208	0.0	8.58269789336566	8016.932899055797	0.843144967470548	0.6148766858940257	1544778286.5357058	0.7760690021142536	150.8244690800766	4.4233655440039	1279.333846759708	325.0097279909793	6.961582072564367	-0.1843670808608536	380.43252240841025	1840.9791401922025	11262.696320573452	164.68324119646763	438.4735938034705	1069.7862591363294	76499590.75242154	435765245.92165226	3320092906.402876
1209	1209	0.0	8.996223744829486	651.2918686837968	0.4573592703129746	0.019381816447930057	241480827.56899294	0.8553973770207204	115.87335898994247	4.242293830960989	838.4552982853085	294.1047887782741	7.763567682313995	6.094466440067497	179.91762794919936	762.6552964716499	2787.198836935005	156.48009613801082	415.91607657013606	966.7791317874692	14102197.28277558	63641912.98556163	309732292.7447925
1210	1210	0.0	8.429307277758566	13.140191132836236	0.34015510058239695	0.492215502421106	907254.7774417915	0.24945078698112993	3.1964418315802203	4.588515817013104	1003.88244071032	313.025175186285	9.220292724170587	0.1613676173294349	6.682640120432347	24.02962154220683	1127.0116643317554	154.33448519614217	412.67501495783563	1029.5252095455296	666204.5724678225	3046323.5081308433	266955001.26445556
1211	1211	0.0	15.41882769395097	2.7899956721666848	0.8470124289386537	0.7354585354624674	22264.553364342217	0.8057421620111228	0.874783000216788	4.588227159983944	366.6717003710439	76.18173940863998	23.80253444029591	51.65173448979836	0.2929060093162773	0.9397452118152253	3.544084393298394	38.55814442330967	102.6640976648115	250.56570635591083	1881.589968646033	7167.472948111112	36509.97409192059
1212	1212	0.0	12.88504300673212	29.32282172956504	0.25098829034969944	0.7332656481596884	1120199.1009913476	0.39451277965217857	56.53212011016387	4.245272308995482	511.3537748363751	132.7654533616743	11.04896230120585	33.8343135778651	22.360966838990766	77.58259051123676	506.53318669999175	66.67287888840349	177.75642383515554	436.6519944889402	414283.5300133088	1743937.3014192001	14473691.154439392
1213	1213	0.0	8.524863978824202	321.02981929326813	0.2689993274826257	0.2805576287862561	17293197.779994003	0.21521607833526105	168.97822635403634	3.977952080022078	853.6719758023683	288.1057382214012	4.534984766593312	2.758143805861374	165.14115462612415	1557.3488738776693	8003.641835053442	145.87698229221814	388.74691104728527	952.9628592605012	14620411.445251694	155887525.36003536	1130138973.8602602
1214	1214	0.0	8.633006087383928	41.96468226055778	0.11009762443153887	0.1093715310828446	13216.647354495726	0.0015440722481772377	64.9458153790123	4.214614361000713	724.7487012337285	266.718845246734	5.321068993207985	1.927041846542719	83.65521398718306	331.84828781729686	3563.2464592004444	134.73311378131586	359.0934560214972	874.5733713951546	3164364.059942106	19277755.152207058	429506116.33827597
1215	1215	0.0	17.69607588076945	5.871777025676664	0.48592030224993343	0.18652579954231618	18867.13177062174	0.3511869246585756	2.3639948298656606	4.239226080011576	318.7602201510701	71.06151577866406	14.65050215969788	80.06086617836151	1.8372866657027798	6.1456851963610974	26.34278840141224	35.828002198298805	95.46494946505055	233.89952796118376	8587.29712302962	34335.941916784635	191255.97648074274
1216	1216	0.0	8.188727182344184	15302.00173948775	0.913169823015043	0.9731697271248958	13266468686.381147	0.9821235510684666	19.91075438536174	3.325897209986579	1443.315109737651	376.9470864425334	9.216731386172157	-0.9758384719155022	399.0371182009957	2052.65304417795	13644.372077179882	191.62923834153958	510.2223295929232	1242.7038935038017	104998580.56899296	636481791.9868337	5514426716.546528
1217	1217	0.0	8.794775497693381	1804.9009840264464	0.8009810888416854	0.7164183072210877	231135263.67722565	0.8130602996962191	160.4727513227708	4.186379911960103	898.5665704650212	299.1617493660224	8.663970563522312	6.751969249419887	199.95048633488366	731.2205927389582	2586.872520050466	156.12022820715868	413.4139919792585	982.2549782900433	17626983.388510037	75709936.150346	345019082.08122826
1218	1218	0.0	8.239454682312633	43.800637109458165	0.08446804948590875	0.09292965507033886	3131460.046065034	0.05387080698562025	5.764980521930326	4.47663210198516	1167.029395060384	329.0551542459344	8.719690911611906	-1.331918424863023	143.857755644066	938.0598358174136	17918.019498402566	170.33242992464352	451.94081300607115	1083.253116122806	22012685.436271805	184216046.06324297	4489395014.192746
1219	1219	0.0	9.364435839520354	50.97397498336792	0.4909798982638991	0.4143231178587903	841687.2937352143	0.3781038867078866	15.215161001927584	4.493895153980702	557.1176872950394	261.8928883047827	9.37818705757582	1.902806464711008	15.695500666163165	52.537761736908855	244.8836444286647	128.74412667032612	343.23195430652487	846.8264319398636	279991.0190005729	1559441.4987699483	16648306.924780672
1220	1220	0.0	8.281443996583707	12.717265819429123	0.22130516628368324	0.6178709377134073	1963044.733180669	0.2590919194787244	1.2741766841631375	4.535179251979571	1075.213014276612	335.2066151093242	8.81987072781011	-0.7574489653508087	11.124724425657403	53.5544126881325	10369.564717418782	172.03310029337047	457.530618307317	1104.022959031447	1304552.5446478662	8543482.933133023	2540490378.1082735
1221	1221	0.0	8.086045284610195	272.3507878710137	0.21868702873673662	0.6166755723708081	31664944.06300239	0.20764687002438584	45.354089581235094	4.204172755999025	1024.909443694507	348.365651191142	5.208585977484271	1.353007562090303	232.02691520403485	1603.9966235502254	11091.646699601917	179.21201179907757	476.0379122134317	1146.523274629158	29353130.74837481	259461021.80102143	2441868890.795347
1222	1222	0.0	18.23848949657464	3.7210870598229415	0.39707069144960244	0.3938205609118345	15019.531008676042	0.2211537676085397	1.023974672636246	4.652246314042713	385.5580877391575	91.92080298992406	17.47956177896587	81.84797914437047	1.5280704143293233	5.2767076623713125	24.2309366424423	46.526292304528	123.9158986675879	303.2351311193561	13132.896355513023	53061.58829468753	338319.49230277404
1223	1223	0.0	11.06889101683035	8.169999077602276	0.39214523483634517	0.4726415996068464	98344.9717192181	0.2533188559104014	1.601986247619705	3.930559625034221	544.7432597994459	132.1425761782635	6.118752074262964	14.37762630068838	3.357252942400059	12.432266166825322	78.16138673735824	65.94905847993948	175.83743037097514	433.86617630006657	70592.96957878387	333428.52882104565	2586029.081739326
1224	1224	0.0	13.40532526321807	14.248321023778903	0.5051518081779323	0.8170461740325804	462910.8909996627	0.6173129175456827	2.567755934271106	4.041401494992897	503.1418809347406	116.5785279567843	11.67119584098324	35.55905945254406	3.5043552399928615	13.985279489339018	97.36339544081454	58.71848605185602	156.44348727502216	383.29517609637116	61134.565567944715	281535.57291113486	2563017.0147054354
1225	1225	0.0	8.250001120956227	20.772517718976268	0.044244367339553815	0.3865434746175463	853889.2482760709	0.04799108179323523	1.1427362386773072	4.038046616013162	721.5829264680071	279.9049978014033	4.392408300045791	1.657834517887721	116.596982147154	703.8015443805717	6209.533253781987	138.40417735673452	370.0961047653328	933.0306470123292	5586219.153599812	48433301.093031615	658932950.6963899
1226	1226	0.0	8.114435692792439	919.4461883287768	0.2759504303362965	0.22091303170810855	110013338.69256346	0.2139510786252337	30.728126639791064	4.451304304006044	1314.422123261694	278.8363439795917	7.899171604189073	-2.743196001756326	451.27217781286646	4511.773445867273	29125.64939378057	140.98884546325644	375.4847472953361	917.3788585084542	94944095.0874974	1020757462.374652	6586015313.595238
1227	1227	0.0	10.34983043735788	24.90341612900052	0.3177043655079466	0.3306350510379017	706531.6932434557	0.20234936776715856	11.200392840615715	4.599985392997041	732.1903500502003	209.150348286678	11.13989960313419	11.85919009027569	14.23988056476121	47.4307927077539	259.88133546997	105.67034161149104	281.4455369810279	687.8890395853773	695862.9917531734	2855744.2961577103	22492161.135606524
1228	1228	0.0	10.54358576350853	351.03456710952094	0.8134237847074468	0.01890821870442779	7460852.12596825	0.8027857769153917	7.149738748211073	4.29059818101814	489.9657110238196	120.7367005633686	11.07479693709663	16.58893890296554	50.44389355584884	164.6637893043544	452.2735947257581	60.75506015458632	161.86044931905178	396.6903581943825	818030.5102238797	2925861.087471244	11320627.069372272
1229	1229	0.0	11.02777114456317	10.37970187788439	0.4753292117764578	0.6541927781491111	72259.36565601696	0.4156985950895862	4.313537652148634	4.490551664959639	389.1419507715611	94.21758596547244	15.66206946916834	14.73567808514502	3.504493093138575	11.18620587167731	41.01732942410488	46.218347266128944	123.400534862276	306.87487355260976	25422.533948419932	99634.72549420348	556691.7495624651
1230	1230	0.0	8.109451746772464	569.0410914530966	0.7068924568250454	0.7498365770587865	83817941.1104282	0.6848937366092008	54.031500525623755	3.865066331985872	1006.032379476894	326.0577580983414	5.906128047927758	0.8023309771508762	50.687864191829746	212.84616760646753	5295.990562013364	162.61704368282312	434.0595507332939	1070.8701242522327	5074490.632639369	28666523.1405249	1230348545.1319733
1231	1231	0.0	10.16556845117533	4281.236884221713	0.2831971662028965	0.5969895893070092	43782599.650318235	0.17503135884303986	153.87064064181274	1.930028147995472	419.8361703346602	145.541204768695	-0.00025040491632921	22.16359809821449	2893.073723292927	8681.406390030501	25288.832315770112	77.49517248646276	204.01779311288777	475.8082984931579	50171933.397951245	134739183.8473612	345096954.85801744
1232	1232	0.0	15.05505780156911	40.52214630784959	0.4546921428039831	0.685946634241764	753494.4424172841	0.4431112076856582	12.516518679803907	4.708753771963529	494.9909794625869	121.3845188746722	14.00026812474882	47.77138398823764	12.527439960929831	46.98284829635004	152.97689006808568	61.53262763918417	163.8859830529306	400.1092383097106	230952.00827558115	920804.8696889909	3959470.784424606
1233	1233	0.0	15.39452795739746	11.491110259628696	0.6827541405916026	0.13831346340297196	10133.029037804376	0.36748298928101164	5.195790994027681	3.8467837300268	248.9759133702953	57.05416085893176	12.81859945443497	53.05544399338197	2.183224158781944	6.854603487408155	23.931574704466772	28.304996014490058	75.56807333535295	187.12394862300275	4374.474382649416	16854.843437850002	86840.41019477346
1234	1234	0.0	8.17224331918584	789.775320143592	0.6077471337059759	0.14777601465672288	91443777.04551426	0.5430375473653262	26.734349013128416	4.068699483003002	1006.508796513229	320.1948363666837	3.729737396531804	1.439143396347252	104.32681483855926	464.0802818618899	4676.181321579089	163.94572254887328	436.1766134891376	1060.1414771887414	12238064.025949296	72267215.90036201	947723412.990182
1235	1235	0.0	9.24888757860676	387.33401726490723	0.8354099245919514	0.5795781169215976	17255274.48146469	0.7865852042849852	11.055268838757891	4.024028316955082	654.5041608102159	194.0721004687083	8.045648369324638	7.078327584911157	24.579983122269702	100.98587571554481	555.8037836126507	96.59751252022716	257.61826074592557	635.7606776760545	954694.0739323853	4702377.076679079	36042032.10935661
1236	1236	0.0	8.952922712380216	881.0485040602888	0.7902631400098317	0.2174688776273373	110730389.82395624	0.6883519121061884	127.93730037284382	4.590691782999784	1074.629503022229	307.0575275970605	10.74291342487305	3.142316137686493	76.33853492425126	322.16923771846814	1466.0794613882765	156.61370124889004	416.6772761489566	1012.4474672499516	11049383.490533499	52938523.81663411	318850733.7121634
1237	1237	0.0	8.700718597368196	1801.963456268276	0.35799455706984057	0.27077246795205906	207074201.6981665	0.2676252375195893	109.03791621076498	4.339853095007129	1294.210307482755	360.5754824328585	7.560470102194787	-2.708673366666276	550.9343189461559	3907.816074584888	25603.01177542775	183.97731418380545	490.0803867442951	1190.608990759647	109682778.83389355	969796313.6737822	7316047795.498957
1238	1238	0.0	11.16154977512653	4.963635073631776	0.2080386675139229	0.595441598321348	190990.97228428605	0.1825717371758803	1.4320963332860042	4.700586924969684	727.8540999527092	208.7448297548927	13.12811728494678	15.5363527186501	4.6380568183815125	33.92074879047258	308.34477197180473	102.75567639148164	274.93229778326236	688.4828467040784	224880.1259772763	2050087.0938036654	25243119.523886655
1239	1239	0.0	20.33562963386304	0.3663713470794812	0.11075101418958175	0.31524294695817207	709.6736576406491	0.04221499070963503	0.3814213628816542	4.809325153997634	364.5768413553207	71.6585585067103	19.47692263274711	109.3423501877867	0.6961931968398531	2.160961524257051	7.285487553830729	35.93513893031883	95.78637713007339	235.42259689004936	4133.369364275226	15126.630761408876	67915.60415021617
1240	1240	0.0	8.38627747688304	87.44390666044042	0.19492813817574667	0.5080957535251176	9515191.195680661	0.13646802033569966	145.32131147392275	4.526326822000556	1206.196254817576	327.0078962132689	9.983818354805948	1.665814287226919	90.52529981664841	373.94865030603785	2014.5107039713384	166.44321243826357	442.90899851689926	1076.9927842546567	16381358.811933884	81306624.13440982	547937961.4689912
1241	1241	0.0	13.44674939411746	5.576712853532159	0.37476542047913813	0.46120975247856555	45019.3838370926	0.2142682551572974	1.6317156265211337	4.738220714963973	477.5441638739514	129.562285785916	10.1109130134142	27.67301091486374	2.4177564389772734	8.845542635800875	34.44845745953368	65.62280222985493	175.77119004016964	427.4394316622606	40956.5077550626	169150.50067772894	756090.2325005932
1242	1242	0.0	8.973838237664026	76.63800097833685	0.32930463511138147	0.5867477437271412	8584209.545346405	0.3076421755686793	1.8764696912568801	4.584340626024641	1012.246369993308	300.1533263126763	10.37848200372511	4.248357869487963	37.769654084330135	151.53725539970642	1019.707506367594	153.05358260260004	407.1894785706472	988.2530394329835	4264930.370902734	21464001.479376554	201163554.34878063
1243	1243	0.0	8.260753283345736	232.06469290086608	0.3187788075866322	0.9993722670792311	4325526194.94879	0.9616039023129325	119.19665833778427	4.531522018020041	1363.135136256609	385.1070190799903	9.908989480761349	-0.4004663592523474	114.13091213033276	529.9356700535313	3326.6521755795575	197.32012732531234	524.5741025281447	1268.4630044296578	29052317.013438635	156986117.42528546	1311759915.49697
1244	1244	0.0	8.157770782767164	5839.805183378459	0.5090353337514456	0.6511035601306518	1312767572.482882	0.4500612750885827	9.233976278262299	4.688976621022448	1460.112742682717	348.6610092053721	5.849222261268197	-2.619084176800994	1018.9228160965605	5581.459321571621	28117.794178625627	175.82896363490318	468.55846646054874	1147.8010816723863	267250892.65446246	1705378954.6637099	9364954948.96295
1245	1245	0.0	10.0639163168104	2.5441088620463663	0.11549018777107424	0.2729728203448247	46621.48014251863	0.04860049770674835	0.5698020078406516	4.001782626030035	764.3518951426738	211.0126042397027	9.275865199065239	11.53255880053022	5.013879060871025	17.81751959663956	75.093716322666	106.35335992186424	283.3396915199028	693.8200890331232	275614.1995469571	1147192.3748662411	7338965.225306227
1246	1246	0.0	10.05059635346562	10.68788001323532	0.47765738805230934	0.9048852200303591	2738634.286757596	0.7739850442318923	1.2004692587018766	3.774492900003679	760.532979872871	222.2074178825319	9.227441773967424	10.19149401848046	3.1511798100796167	11.65983683621263	68.06783624538562	104.56271669105467	280.7263596569138	724.7634735866379	146060.9787110274	696048.933456699	6836338.5915793115
1247	1247	0.0	8.7205810536119	298.15906746123324	0.4363437459253084	0.6534217301531926	17910326.976319484	0.47029369030641366	20.777552035177134	4.279362145985942	705.4084309944863	234.1759019822633	5.936497179659727	4.513425281116432	101.13126272594648	370.96674375959157	2654.600540710314	114.71865915334956	306.34827326429036	763.3273028898375	4598268.471179527	20196796.678949956	260740049.00573802
1248	1248	0.0	8.066190466397119	1353.7806497256397	0.1129847570753488	1.000000000000002	365251677458.9674	1.0000034457685436	29.26754624362791	2.689399723021779	2505.688733334213	490.8803490711396	8.953808842156771	-4.287325076226647	3031.2311395844745	12237.654801020153	33338.70329994695	247.42519718012272	659.3058657140405	1614.947592289061	2336842786.0840607	9617228001.392113	28612145069.315945
1249	1249	0.0	8.240504638665486	103.07575080249669	0.2504877150116235	0.11080757515374315	8945021.024704253	0.16516346068468352	137.62427836035013	4.469426759984344	1199.058598416181	302.7185743347084	9.261982624944183	-0.7905641744899962	68.7743309037531	507.4238273007887	7225.703361645024	153.72153469986574	409.1616512885669	996.5798930224873	12638760.283797463	102957452.8716779	1835078575.552028
1250	1250	0.0	8.835675939347098	152.54162001712265	0.21373639816168935	0.44400394864352916	11087142.648860786	0.193984724861431	2.8877205055515462	4.548277219000738	887.7289238373144	337.1018256253089	6.295234928207734	0.3808904401250581	138.3122465347706	742.3342355615076	6291.238792991812	172.20405055025412	459.34900571557694	1141.2492058607818	11665423.398367953	83016459.20904958	1247330795.8226047
1251	1251	0.0	8.474805728066299	374.27250991130717	0.5308987642589487	0.5947868998949137	44041576.10109979	0.45150728323160844	145.68237987919085	4.090477022982668	1058.290126099151	310.383863351915	7.741776699749659	4.771837448102092	86.3106945914488	333.84837034698637	1573.7431616643446	158.62445192826374	421.896959413403	1022.4422610232034	11924870.786366392	54046446.8198647	333469038.0318525
1252	1252	0.0	8.223102032845848	93.5812414410471	0.08504131517424096	0.701155778935508	17289483.847247306	0.11660667575141631	10.185850382913257	4.183924464974552	1010.107754972221	319.0513843710348	8.278462265379822	3.695068319130812	250.91632333152688	1009.4837063763746	3984.08497700482	165.26342155701798	438.9706645444977	1052.9271585539072	34873510.72869193	149198840.94515076	661849085.8125082
1253	1253	0.0	8.026921711736563	527.9157028377648	0.4783240398611535	0.8786578498315105	291829954.66875666	0.7069823673650519	132.50139078617266	4.512699311017059	1280.213598167576	331.593366041236	9.153464960988279	0.8161431691579838	122.90362456184363	571.6206517347937	2639.9646915411927	168.78717373674476	449.1258878094434	1091.6899814748056	26143363.589645874	131224315.83447619	830957591.3613383
1254	1254	0.0	14.11280846787815	10.628867178806315	0.773281950483315	0.7300752745464707	95784.98538471056	0.7011948203954901	1.4872596943795695	3.474052877980284	422.1958697983567	79.01089802805008	13.94744086891176	42.87551269824124	1.388887825123816	4.560746389267155	17.36174818767272	39.79014806493058	106.00620541928839	259.6272598572483	11804.631696764916	46185.63538581479	232698.81881744735
1255	1255	0.0	18.21549346814752	2.5891881105683106	0.41086605774097007	0.6495791783791165	3909.1249565278204	0.30992598988578746	0.5389185774664295	4.629307131981477	246.0504273541939	48.05256758223954	29.10487082990273	84.47142399011246	1.086316309915613	3.4015668480592653	11.641858327359145	24.19326616456189	64.46455291741742	157.96513320759763	2208.445064200285	8082.638261876226	36247.48001396561
1256	1256	0.0	8.248308410668612	2.8981858686198216	0.02516405144061231	0.22289674227535508	79944.55285181857	0.007459162748814409	0.5420011741422173	4.676608658977784	1118.294824776313	314.0371810425636	8.599000858719545	0.1286196062961311	47.574229026724275	477.4830875987318	6015.535141975514	160.9728890919332	427.9158415955071	1034.2624120585801	7539664.301656404	85098739.73797297	1489397748.4285705
1257	1257	0.0	19.06782134576208	1.8261193764946024	0.09963536295931566	0.11400040079931398	20249.55262925767	0.47582134636221535	2.8897468308018275	3.362804784963373	221.1883346521537	45.743554729952	6.349904496490481	98.44792584763726	3.9160893573186386	12.57949795165076	54.4297014346295	22.38713819755739	59.92831132429589	150.79536837307222	5707.5006861397005	22174.10511550094	113659.303571624
1258	1258	0.0	10.57671704440819	212.23638053275192	0.49307152644295493	0.7958942497173658	11841528.383304736	0.5789038878306701	20.34090354372167	4.233187841018662	623.2387075227709	190.7347347978213	6.923129046274635	14.45073251838317	41.673319079399285	219.2541793836148	1471.2571885983577	94.41070566851386	252.31219179909039	625.5536610939107	1297556.0513618402	8107737.00120464	82565335.25045888
1259	1259	0.0	10.25442477731996	823.9765361859614	0.7646948033736974	0.1607090153613	27843388.151671253	0.5724918917603248	44.540518840317176	4.263298412959557	730.1572417333629	220.562309282751	10.75260976185059	15.09444196986664	89.04612469116691	325.4784723535279	1414.8499383861133	114.05801239484788	302.9676898495446	725.8274816025003	4985556.256243972	21271444.22958237	101015968.66947576
1260	1260	0.0	8.053629254921344	1568.6398228996409	0.2614836497181411	0.994506050301848	15544121801.920578	0.9768158828853242	79.80566691673218	3.058489166956861	1547.488637615842	366.8691583287948	7.825921222141686	-3.343810135939831	889.7723357664373	6783.336945858625	28045.84938505542	183.88678422427847	490.8055687277558	1209.5373472257797	282212726.16942555	2250031800.3320107	10379006654.443575
1261	1261	0.0	8.358804526922645	288.2449112771695	0.685844247500501	0.04413805840520596	62582366.02284799	0.7742951579659334	13.76379485502887	4.593701122037601	972.8116003080673	302.3794297240377	11.93586767096618	2.910691787299784	26.304500486676414	129.61707259713177	827.0916060558641	153.15203006814238	407.89636097522373	995.1977079563231	2842699.633609797	16577480.834152656	158631890.22431818
1262	1262	0.0	14.5353204268999	0.4860362613381067	0.05875288808175786	0.42940857353393563	2038.9991442036835	0.017976294622694445	0.3051459112167472	4.749127691029571	518.5305553621035	109.1554323472011	18.38825968674034	43.28432649023536	1.8774195213283291	6.866051735132957	34.063324852680964	55.36376326040687	147.3734168330921	359.156279154575	32094.252817618075	142610.23342516503	869107.6396027667
1263	1263	0.0	8.30635005466901	753.8955168108239	0.7198925069966643	0.9302300639971263	274958424.3178209	0.874600356488839	115.27088469797546	4.071760146005545	1040.153793881108	311.2670277922405	7.877736894338654	3.408029042251649	74.83074971499971	331.92342866165194	1553.7715459457302	158.86441608450264	422.6237602945606	1025.6665157710195	9999229.221181838	52672928.63732332	323065939.712211
1264	1264	0.0	8.246885735572727	243.65743637534342	0.4192792600632498	0.5249715626187894	8430307.23614771	0.3699969238830678	9.92954838189207	3.146889969008043	648.0607047064041	214.2792733776189	3.719673341785768	4.572181959984352	81.94421063682101	333.63795990717784	1438.1613576383909	105.87174919989081	282.4381772591397	699.8528694906695	3172926.576887183	14845933.109539507	102189549.00367457
1265	1265	0.0	9.71320235200536	2.0654492050118574	0.08357647551080621	0.4600859929089973	37129.05050208502	0.05009441702754475	0.7062707970683947	4.623844519024715	667.4766824739313	192.5819014032784	12.47973253372103	7.209593606428481	5.521264373412662	20.734741131436092	198.1856649804862	93.18302751255692	248.8274796600399	621.2688294933126	199004.92816631554	953448.6062305038	13401645.401091613
1266	1266	0.0	21.16184033613092	2.950641721445452	0.35209575398409454	0.05011651035957443	21445.53123815905	0.40350021193891755	0.7343681138889901	4.153218763007317	352.4548430185538	70.18969950819817	16.37809294311292	125.1174864918533	1.4957608625519667	4.735954233127276	17.352923372758312	34.9469895079356	93.1785330632606	229.70891146030561	8286.48196677428	30189.773557917648	156622.58602019306
1267	1267	0.0	10.26140190965806	0.7212679763533493	0.02667128104437668	0.35845525286213753	4663.95459588534	0.025288195645262253	0.5455555534352179	3.972596934007015	405.7938935730744	141.9671930640881	3.359503896474454	8.042128518492898	6.164886403144748	20.974248922737267	107.44026990148063	63.9751038691611	171.74013187749966	446.46264160713974	51678.22388598725	229954.95941128497	2189317.3047810853
1268	1268	0.0	8.282147345803551	100.24313474991096	0.14179895114346638	0.1224630168214132	10490701.181614686	0.11837228226857618	33.37087136280158	3.977403333003167	1043.793909750661	308.1693668500544	4.515309285071387	0.3860944281024936	155.85664479589218	705.0570194466522	5062.229050257842	157.5347183420521	419.1680128949936	1018.5851262699986	21814315.50080044	117319492.47300911	994107277.5022569
1269	1269	0.0	8.082716219673932	35085.83154440809	0.959271598646889	0.9999999360699369	55300774721.04217	1.0000038631214432	47.05502901608504	3.242825293040369	1545.245878809299	372.2495305414865	7.880274803768792	-2.590381149636915	1041.768971800857	6888.5059996283135	28634.72753323078	187.28769310805887	499.34886213209256	1226.3808761377936	321344647.364357	2313159856.3089466	10866899796.86573
1270	1270	0.0	8.758279722685828	3489.7829767875132	0.7707023766809424	0.018373116641578924	828033051.7453682	0.7973405329340889	129.67513226803155	4.734612309024669	1068.276112059031	314.3996113022114	5.900814499421877	-0.5443150043579408	59.14134228734476	799.0658071448981	9401.085368770642	160.22502169615268	426.50190437514664	1039.4825220533357	9404703.381460203	125865543.30073231	2099298743.4373183
1271	1271	0.0	8.27950359511133	26196.033254327467	0.753579277437252	1.0000000000000042	244858787994.83688	1.0000034224619465	140.59325288112123	3.424985159013886	2130.241955274362	409.6303247848367	7.562621845830606	-4.022764740581962	4873.483663741171	15019.34014152947	34221.17070636883	206.6704604874235	550.5575897695078	1347.3502210392858	2358023340.1024337	7707455568.811014	20732900922.943333
1272	1272	0.0	10.15565403837081	23.159259022546145	0.19519392787907816	0.49661778801800627	304370.548167602	0.1360676137882987	6.96445396551256	4.133954030985478	539.1406716071401	145.7111904098897	6.021007705169749	11.74775345529767	24.023202848710092	117.40733108969533	428.4948045156618	73.48535003434887	195.74983581051907	479.11942500642573	561326.8069781418	3041120.750710425	16968077.714107033
1273	1273	0.0	19.27191981743098	4.376785220144248	0.2317031921588318	0.411263518785614	5207.52145240168	0.1293546510312703	5.510963803064844	3.024565978033934	263.5770239779657	54.50505115057341	6.438993474978183	101.0539020283368	3.7017186240081026	11.65935842143452	42.272543913225	26.1689391165971	70.22010971326893	178.9007582074589	8818.927685854438	33112.526184244896	153642.80808571013
1274	1274	0.0	9.158898245215191	542.3935182176687	0.39891890293040416	0.14516614380473672	62955710.6295639	0.30885705622888093	5.036089802693087	4.565273326006718	1147.457876462894	306.6711882514327	8.847077648591814	3.150526203496184	201.73765512561198	799.1896769200579	3205.9926296765652	155.94650845296883	415.02979460603103	1010.0329165631047	32760421.797885917	147034574.17843452	759634154.8273029
1275	1275	0.0	9.137102435154105	2.7375398193411242	0.0365237595973623	0.3337068178237008	67425.41789137217	0.023344606625242945	0.7518660005850281	3.863480931031518	717.1411297920929	244.7495501543036	5.913254901591488	4.636070938318356	33.83935356356633	189.86334657559158	2392.883525299341	122.3443360633936	326.4298670802326	805.7756891144713	1639485.8165026824	11771163.101814007	241258482.4789093
1276	1276	0.0	8.889522386133255	70.71048960904206	0.09473880822059998	0.17163158945947882	4078048.9929265254	0.09265539254887317	2.5692059567387022	4.060715597996023	758.8804886228457	249.0886525072057	4.411905497621173	5.483714780088753	185.55678654420132	727.5581493801064	4973.931585481093	125.56708037627311	334.8062361583799	826.9946433448323	11411418.98947948	53518385.14233447	514191966.265859
1277	1277	0.0	8.085770374710421	9494.089714627298	0.919512832550272	0.06505463029526388	799415533.7538232	0.8281506244113751	145.7197939405689	3.990212247008458	822.4424380566711	322.7854469921334	4.015400241958234	0.8486082155906964	395.5220704019566	1832.2171599135759	8571.101979471505	163.7472797412255	435.97272844881877	1066.425414030002	26942749.05256335	170173448.397478	1275624323.3670242
1278	1278	0.0	8.48642615779632	474.62055636687074	0.70741023616659	0.7877543946320289	86072402.30615905	0.6907035576049041	44.22059195164682	4.561097509984393	1074.423425456399	347.5568795011792	9.229697757599453	0.5299752010344005	25.455623721000357	149.093387335614	2413.613264726763	177.9838534309548	473.5373699923955	1146.9590217515597	3481130.784596223	23744916.407558214	651107076.3610288
1279	1279	0.0	14.30619646921194	0.48275777053650043	0.13699137438229475	0.6903111718013409	9415.187169255018	0.25337384553047687	0.7163539736670753	4.569894522021059	400.5844619591019	102.3432881672674	19.64875141467133	39.24631886633611	0.7341779653715665	2.3321172140316624	8.396618160959754	51.65716345382407	137.7084766896853	337.4570688045424	6951.267484115186	25879.077508913157	124089.35035253226
1280	1280	0.0	8.806864397373232	3.3309466544318287	0.021863663047693417	0.2545816914482212	151867.29057800805	0.009609888787994465	1.2665352730498245	4.657039584999438	1081.311647922898	322.6764496023901	11.60728048091957	4.434275650080409	59.32912626475043	300.7319829342151	1714.040916636232	164.64960888869985	438.03017746985233	1062.6376607034701	8301291.929438462	52004642.406632766	395037961.43201905
1281	1281	0.0	8.384155067527656	1875.1918268127683	0.8455612217860724	0.49586041676320913	266918710.80376926	0.7649770429546109	80.81568727482515	4.634421679016668	1095.685848934236	309.3320626730434	11.11935672845473	2.688639897757752	106.0034640159118	490.89619375442567	2404.0542785287707	158.33376981059405	421.00844584399806	1018.8652226873166	14778336.766972968	83826392.01109289	532971682.55887604
1282	1282	0.0	10.54274651280046	36.128968633698086	0.20765300773007078	0.39095934734940396	1041310.6315293753	0.12660991452271206	7.378990424576923	4.668476318009198	800.6347183206669	238.082651076438	11.40563815696969	12.99187832275048	34.12656042602728	162.80080002263614	735.0455479574008	120.43280514309299	320.98351519757455	785.6176931788704	2158184.0533894785	12717089.486912197	78028578.18348353
1283	1283	0.0	8.988629563287946	82.72287990611974	0.3378244490526032	0.8078246470613063	5557506.704531588	0.4477126798116173	3.037469655382541	3.185733833000995	644.8335772185211	227.6173233081107	3.55790922418862	7.163376267661192	39.33858150318606	172.69687606118137	1106.7124172410379	116.93978616517563	308.4322033364461	743.6424333158982	1391870.7456018713	7218149.643676615	69247159.48905505
1284	1284	0.0	8.296006613422524	175.35991599629165	0.41240555282714586	0.03647559488477299	1190495.6802398693	0.25857938842588957	14.55606007092852	3.574668920016848	534.9210279058964	240.8572712038125	3.872772633806992	3.505204531141608	68.67830538677202	239.85864726300167	3890.9844792742388	96.3771816833688	268.09901480962776	797.905527069359	792978.7425286395	4483948.104549275	353237786.25309795
1285	1285	0.0	9.806496050672278	17.012088769532557	0.39687424587534775	0.7612523230762644	733667.1278372209	0.49250644234614793	5.9564018693902	3.496658708027098	574.1341933636745	169.8252309009447	5.54277294205567	8.258833573014126	7.2442192381371	24.256207844355224	140.37330427000765	83.95974537915356	223.9919876666637	554.4550496624188	179419.92039021233	756926.1068901705	6889370.326411178
1286	1286	0.0	8.296489477072795	78.73623509136513	0.626809059987702	0.33363741276481707	5563503.953295926	0.515237247845867	11.394438628213665	4.64847179694334	922.4762253326038	280.5863236400631	9.716293220089003	1.688597363993307	9.536561498893196	43.40395470349665	1024.3388916701185	142.6594000034712	379.7065690005395	923.5810997568619	849500.8125735915	5128649.870201381	172322767.8753471
1287	1287	0.0	11.0095915275037	0.12212378235982835	0.009791510115059611	0.42442667708085285	1719.4529676568159	0.0071658754897517205	0.21102350068899242	4.550793122965842	580.6117146485192	138.4576289023392	15.87239715493489	13.99100632929925	2.8259461230371112	9.184666697996123	36.73336149202038	69.53051393799774	185.23263034983523	453.7606280569823	65956.87069005902	258803.8916599477	1487332.6333194808
1288	1288	0.0	11.88962661737651	0.5212800374553748	0.01462479863342613	0.40012444513302947	1862.6846340679504	0.003659890774097209	1.935214118628712	3.93047383800149	519.5655518072905	121.7073958436898	7.788164616967261	20.32693968635615	9.17010023523267	34.92907628889974	151.40004727216734	61.392928056622054	163.5179432775954	399.9822997054798	169251.4650906398	759605.9595906015	4416544.896562834
1289	1289	0.0	8.384400842256696	588.3448452930069	0.2927809941746031	0.20096928806802122	5452231.498662311	0.05354096866293937	128.51871455793938	4.206879148026928	956.688776803655	306.9360172163624	7.059114976735107	2.577408057149033	346.9731982291338	1255.92270120574	4467.540154468621	160.6007249054095	425.5043098571091	1010.6108557611512	33662253.70719249	146341790.58203304	724569858.8605689
1290	1290	0.0	16.56655788865492	2.14413298425044	0.19687562981827703	0.7790544134848081	13859.09353924969	0.2691540439052358	0.9035420460707891	4.104438651003875	319.057361293439	64.69014228812684	10.22963535473377	66.66050479925023	2.1838591466533255	7.422275791371584	37.799231512917636	32.02581094885278	85.49795429435909	212.4301197023788	9270.798362823576	37909.87324774758	249395.07274300916
1291	1291	0.0	8.56385582292914	224.24877082983855	0.31058669144323114	0.7626203771431537	71282933.42193124	0.41998072650664175	6.6331960685677664	4.574634189950302	1214.804750893775	317.1129072843131	10.76812539294187	1.495013389386121	115.15987788175806	479.3310115358624	2131.114176307453	161.65778053022382	430.06859542372536	1044.1620168142144	21428077.536655284	98476762.76899289	584029842.229269
1292	1292	0.0	8.186841737171273	3775.9821098046828	0.2573089260585333	0.1327916495873155	843565268.5995368	0.2676585152271414	148.09775909786043	4.543719048029743	1328.35638219715	293.3614699772753	5.705534901191319	-2.985782867404437	2579.6522621884515	11572.42440238405	32915.78255921448	145.65479308506747	388.8774043277392	963.9869066454248	520324455.75887	2416178049.017147	7698042495.375633
1293	1293	0.0	14.55748524832531	0.06966792953413013	0.005701202930904577	0.6963309491620016	9442.205532397898	0.1290885667892014	0.12990152537131205	4.240900990960654	344.0118680969172	79.89912067641195	15.84722306784946	45.47675178652116	2.7511022771583287	8.789412806847944	32.92870927393806	39.90429698687194	106.43647744037236	262.75532658606414	16077.366541739262	61054.68450170388	305462.4131834968
1294	1294	0.0	18.71139951416931	3.2555413659947687	0.5590847749903385	0.2581506717994297	12438.846036204863	0.41994703119027604	1.3598234132773706	4.183635007007979	342.6205755922167	69.37332258824564	15.74768900303807	92.40193152043645	0.8258672545573292	2.713941404621754	10.590015148582204	34.8181085932419	92.83627099644872	228.41696992138904	4317.2417491302085	16825.380952578213	85137.25891621245
1295	1295	0.0	8.052760069533141	4801.598944252549	0.39038153514092194	0.997309863030376	20493779704.14776	0.9938742944072801	34.921699694585676	2.856977607996669	1621.836030434059	355.18425008421	8.439464243802956	-3.570458054949892	1684.8329259300788	7650.888555090756	29034.442546322654	178.68253092518034	476.30560516550076	1168.729055412884	534607781.56247306	2723301017.0349417	11288575311.708448
1296	1296	0.0	8.478314446887238	73.81849888895522	0.5905550559553211	0.23015087777029253	2568800.842341714	0.3952427950597866	12.515560326487854	4.598352252040058	785.3407552612573	242.5655472244012	10.89771618289324	3.268345422870769	15.144799289948349	55.83272012700352	292.7482054408068	120.77677913919536	322.03950281813684	794.024053403144	923063.7908396794	3875500.1471513966	35158398.28061001
1297	1297	0.0	8.09913096131743	836.985587686718	0.5655854539261146	0.1830120798517254	60200698.8121849	0.3473852041822676	34.6476288647438	4.229316951008514	1022.605978423863	315.9642450534662	8.637146815642586	3.683493041614637	212.5179310516668	686.4800666616849	2546.5530110368018	162.90257730282792	432.8352110908984	1041.7838237436922	29071374.066936567	105061389.85668217	451769072.2133725
1298	1298	0.0	24.87656531951599	3.24570589358998	0.4205869341607625	0.2933085221492813	3305.973424800394	0.2444533564316561	1.8059472490814437	4.154517972026952	243.3577831262079	47.71405599755654	21.47799528103589	183.7344857812395	1.3259566533910532	4.124664491382569	13.950158062809779	23.98546852023543	63.92046679886508	156.8248773392207	2563.5597017233063	9393.746071638428	42258.92571993027
1299	1299	0.0	8.344799826881204	43.74818125663006	0.16189114528103224	0.15209965775479692	4216005.6803885205	0.11562686844793009	1.7377636722147818	4.481794452993199	1210.20924818291	342.0777683950494	8.885171637931226	-1.236761055289753	66.91350665105094	609.3236973735335	13189.806263671175	176.5771580528101	468.766866991641	1126.369396441784	12589368.39878414	139381080.0905665	3740145736.86576
1300	1300	0.0	9.063087900895367	16.221972486347347	0.10727395692369175	0.3625647263253185	447913.0090702211	0.05196915228045049	1.9247699679817272	4.722608768031932	820.2946988645655	237.851099618074	11.27234568352239	5.682675283644469	34.42255604782747	115.45432496851208	473.7999169425984	120.02464402673195	319.57023798891476	780.387443211893	2369778.480223596	9175681.941256395	54491427.89534925
1301	1301	0.0	13.74713709072424	17954.169658357823	0.7888211941238322	0.17915297372624522	3494449.794400023	0.055893623623077114	59.96855454055632	3.381273813953158	263.0751572552013	85.89518450645024	-0.00028171278438549	49.48413256254112	2816.6986596881025	8474.057940639108	24938.163715305418	46.02535097711191	121.07763515341045	280.93861690818744	12643681.761620054	33924894.457070135	86429601.2430193
1302	1302	0.0	11.02610973075401	285.9893096056903	0.9743724297452482	0.7160331801263234	18626764.396978945	0.9629855349025936	4.422544326980546	4.089801548980176	699.2643438534907	180.0206971580155	11.08944467474348	18.98132805635557	9.922063338276226	32.96615722754674	140.31510424615942	90.93275767407044	242.22164438495622	592.4453616742211	418467.2056486255	1671464.3246434762	9802960.581038605
1303	1303	0.0	8.47946287574883	15.408906767549018	0.13226791131123744	0.030009028889973664	2702341.5359136118	0.15390493814110406	13.154403591521216	4.478527337952983	1160.707864469377	313.8406741243648	9.322717768598782	-0.00066977716085458	27.031135167303397	169.67196328016408	3739.5574813117123	159.4101244979845	424.2735025787946	1032.8544876765927	4146696.63039506	33715005.343300134	974947639.4236757
1304	1304	0.0	8.005566099971002	92.74194779583591	0.15254284287247039	0.0798834744218395	10918771.325117186	0.12687189871903576	37.52764718268101	4.639221306017134	1164.984456745756	290.1404832757303	9.28312844159304	-0.4174317811084216	142.0874600593637	886.8880430411465	6412.263805583923	147.89657144518583	393.5022344938552	955.554023363373	23744405.50626815	164976833.0592729	1526321409.1848068
1305	1305	0.0	10.04783054847329	171.00608021177686	0.11916505188102729	0.21469154875720076	1913664.5160092174	0.07464119293787334	22.94644996904347	4.01636738202069	519.6689907501235	167.888735204305	2.457670966571454	15.58137774129645	391.83681336820496	2174.4153756920277	9501.046989730497	87.26949278111448	231.5552829293988	551.168688269241	8333677.904158316	53880450.563867845	306201295.9914966
1306	1306	0.0	9.462186206627612	56.94082824228991	0.31942996596057943	0.1548521189274898	2687280.751070072	0.511806242388026	2.2483169562695964	3.089612910989672	506.7174478580608	159.9451116977025	3.87266709507035	10.26226741231051	31.032932896880357	112.33551177652416	484.37146864739907	84.44659630002593	222.22770240040188	525.2496383199127	676587.3907861713	2578157.591269859	13009848.53489038
1307	1307	0.0	9.744644399467195	1.6474416278071033	0.21342190620522553	0.28286088395714115	24366.605282698692	0.08909845985799765	0.5765199529810827	4.566420086019207	702.7944249134591	195.83765308363	13.34390533809352	9.360702660149421	1.5235429386401358	5.5082457700454315	31.07434702743972	99.27630899885412	264.21515711277175	643.2090415071477	67082.7295879036	299733.4068746339	2456902.3451800435
1308	1308	0.0	13.63975573774104	11.081298909428785	0.035676901674717	0.5107018899163354	58745.937802850145	0.03021596781747717	8.983115245750488	6.717442620021757	298.2948305014228	105.7244057750926	1.482486989118787	37.19632089911865	85.04837796021282	400.11006776221853	3534.948850624249	62.36963088304287	157.13466766566503	337.5150479074521	600883.3682227386	2789280.6438689455	16211441.427191185
1309	1309	0.0	8.51836002277787	37838.7147007027	0.9754755546298041	1.0000000000000027	476468145174.7073	1.000003725415825	114.96550098265462	2.667591981997248	2431.239488129635	564.2352136404459	8.81764370761948	-3.573164402103858	1278.6779930089592	7007.384918451865	30081.238574634484	285.6884506521933	760.9950419182383	1858.5768434424142	1056176057.7620211	6440276336.083474	28698749665.70077
1310	1310	0.0	10.59962751632109	28.155679004193527	0.256909643517068	0.3878036525873476	320251.4697675851	0.1386789332889085	0.8828572114962292	3.946340419002809	573.2345887922212	160.4442572408908	5.056489135671278	12.7896211668506	20.56315147323403	80.39343792222687	1112.8242014046589	79.32419811454565	211.84638352928158	527.1088171004255	518576.8120833789	2591272.2215167084	46252158.11545232
1311	1311	0.0	9.411935802978181	186.06090997273043	0.4962436932052723	0.07753413530712039	16523425.306021282	0.463500435688218	4.522363372629052	4.698732095013838	880.4626129556518	255.8982337827646	11.75437430615283	7.960327930894866	49.75086793906994	188.88794744944786	1229.1746216161262	130.1087230546599	346.2758949063866	842.2805498411755	4021377.369822887	19641861.617709365	166418901.38354227
1312	1312	0.0	8.25054900642505	77.26747121224551	0.5044362276459108	0.046005873610103144	1228262.9881877124	0.28860880805181055	3.736185895360468	3.924867952999193	733.1074326250393	273.147787884945	5.810995422650406	1.1828460147508	16.305507192406314	75.52695603313332	2154.2957067664847	137.15917986094837	363.82691194815186	890.505946933353	629902.1531741726	4723258.647442003	259573901.48705426
1313	1313	0.0	8.021275659727864	19840.901772789162	0.7504459989428344	0.9999999999999936	458097114010.1577	1.000003643301929	22.881963770216935	2.917246475990396	2452.359623004332	537.4585884415374	8.73532028604132	-3.414157327576563	1641.129394861649	8828.548006465442	30189.827880657158	269.56705952435186	718.7939027892421	1768.072388074781	1294149852.6554294	7309322763.10011	28443499432.90631
1314	1314	0.0	8.666867848959011	91.27318391671632	0.16622773085319575	0.8147711240311657	57995246.677249685	0.42144608158016905	11.733110529283417	4.441034307994414	1163.540726661397	343.8642900889919	9.272427217699038	0.651126006637268	114.72173236466864	424.95576254482575	2288.7462596551413	176.75823986774367	469.6865297982182	1132.5039972882291	17917208.173813213	81246982.6374452	646711782.5283711
1315	1315	0.0	8.351103455760699	32.61442649437698	0.16463934971686822	0.9996764072268082	3070257005.0763736	0.9560047104736855	154.21122155166248	4.437564341002144	1309.019854935905	362.5691003800442	9.694784256618618	0.1358396395681649	42.424011037037225	203.720035360506	2474.54257079994	184.03056582316117	489.9775636902366	1194.6265580490904	8897886.92056086	52988014.81509449	887342531.9842612
1316	1316	0.0	8.145322780228854	383.97684268410393	0.23553408375606374	0.9999999999391003	71816978008.86049	1.0000039609709068	155.88369561009986	3.16344058100367	1622.034048656958	413.6145071014492	8.400689657931409	-2.242905451987114	279.97517465710513	2711.5977768706903	23564.099387474456	211.22555204584683	561.9428161486708	1362.8707405821392	102182254.55378997	1121447338.9631045	10821688040.176762
1317	1317	0.0	8.07015938010009	1880.8570589179446	0.8591195497821266	0.00811931301420025	47016920.689513326	0.46988618332012677	115.04460112173858	2.690925994014833	825.5716287875953	268.8931455359753	4.197545708323769	6.349635823136377	172.67440094500313	573.4358967036057	2319.3367424733365	139.02951307902367	369.4680781460602	887.6887690854171	14549780.997819964	52037844.63322391	244763919.84476018
1318	1318	0.0	8.474131411871815	5.717687958001086	0.011016678255743545	0.08757226014549296	314910.6113159399	0.018253394991043594	2.3330095390701606	3.789922497002408	928.7372452802776	373.4989537792172	4.947774759850037	-1.321094433659678	194.6725945019968	1098.3867768659265	19586.01554162175	212.5726341406338	550.9288439323691	1223.783511742277	9918730.363953428	125334810.96595444	4147842445.031156
1319	1319	0.0	8.026291285749918	2961.0279803045896	0.6695341562294289	0.09089829496073203	199162456.7598203	0.5415183055556289	57.295272990774755	4.047974020999391	994.1092481791618	337.8902895340012	5.048685004928929	-0.5358130908384012	152.63636822431695	1045.1119620373552	16560.786282768895	174.94613327777734	464.38727994372573	1112.028131077496	15670632.398167944	149790117.77058867	3645914607.541664
1320	1320	0.0	12.22277223577012	2556.068796490307	0.4730957321695461	0.08234499646196643	2017650.5320342935	0.10492232227704351	95.56615368745601	4.076329005009029	361.037791305088	108.5608246175207	1.689695879009985	31.50485034661391	745.1231270877519	2783.968651125252	9234.267063502859	56.54551260057451	149.80062630697847	356.37045194292665	5400460.807061792	23880812.49169977	101778866.40351741
1321	1321	0.0	9.990430069661391	1.0425600749107524	0.06579376283173315	0.5386817572021425	51500.36092704947	0.08075070791650964	0.5609058424087832	3.969293706002645	751.9215796447925	210.7334842880239	9.457176709693481	10.11970802487924	3.916715384925885	16.665678452959707	376.08910706872496	102.40216529432632	274.06670325131824	689.8959054464146	179183.15595582983	986071.7900725192	38162489.83904464
1322	1322	0.0	21.045089146558	1.0851804553316449	0.33095224757949143	0.2990883215781612	1783.8025661651109	0.16415189382887324	0.970142659473524	4.753576099989004	313.7121461930765	58.87332447037701	24.29958521313404	121.1784152583097	0.5977900922464394	1.8606797617028865	6.1556802534584705	29.65876916217786	79.01196893832207	193.47851022041834	2271.2945367814596	8231.997106866063	37201.0438326615
1323	1323	0.0	9.003625067696671	12.117302002736269	0.02492392526656145	0.5554989446446831	2140680.9669976067	0.0693880700240972	1.4879660299032604	4.114617653947789	857.7739669066287	308.2938415510923	5.278264781222417	5.688533789213734	120.29430837651063	411.11511529694894	2628.272041449482	164.60244662607727	434.7153389066938	1012.041841893807	9642609.944815835	41660868.33258625	329520160.3401324
1324	1324	0.0	19.51017501267549	84.5588347550183	0.9218556759932222	0.029551750599538334	91890.90765503256	0.7816158188239154	59.1095310111357	3.242245536996052	225.6295489336288	43.55168175780542	7.858109923806978	104.8779590735833	7.22384650407835	22.589420637318653	76.32451233099732	21.45511127116086	57.2904361350534	141.91323963954525	10594.316469807178	36829.75546755253	152080.3006978402
1325	1325	0.0	16.59335579320827	15.972807185423974	0.6913824454936877	0.16988736911685579	101249.53472246518	0.6299449759137644	4.626745612661345	4.700462919019628	353.4560635871106	75.97605005615296	21.29307868108445	65.20128027101238	2.253798384176327	8.101542628835926	38.81095255329978	37.66280876330882	100.5481030398812	250.34661912865874	14089.50655129686	59610.82450996731	330173.2525391812
1326	1326	0.0	8.115337113829591	1821.2672101081373	0.4975077066795028	0.9916598696143117	2704850638.183771	0.9605311920027473	145.28401220502093	4.074375546013471	1174.932981498427	353.3135069649127	7.121972356004316	2.055263217014313	432.9404171804631	1838.391438496728	7409.190043229435	181.24755760920857	482.1456712229632	1166.765832411355	79287763.41919819	379483381.7146711	1783358143.591441
1327	1327	0.0	9.201084350478062	451.9596279462164	0.22642313817054444	0.14403607593875334	15103677.136452176	0.17476784103958826	157.25527759957814	4.450760769017506	646.26769724783	228.3672969353298	3.510884927797258	7.100148136738179	379.1582446390322	1651.799564829869	7523.627180635851	116.3264290438891	309.7365739405609	755.011696961199	18463679.911372542	87524390.55132313	481201929.8361777
1328	1328	0.0	8.942921302815703	30.424394638904733	0.056698605286493384	0.1587478829034701	8096086.189996109	0.1610348366349527	167.38502804862577	4.207721040991601	869.8169232095363	277.4475262041763	9.14617230414801	6.932191514853494	124.54228142861594	428.52804708311146	1488.5191682223858	143.34258742047007	380.4310346924698	912.8048408167986	10711243.238894764	40646235.39382275	186745763.72481957
1329	1329	0.0	8.353671532342434	2990.4032578869965	0.5645476576688261	0.2013343683640949	121767563.99981958	0.3492020941699201	97.99670844149836	4.31773642799817	904.2404316823886	316.9094180702537	4.166600050254763	1.444482115204342	415.7553157052118	2272.9202124739472	10372.63990859087	163.7438700188029	434.5431069419983	1046.0539409722112	42482896.949436165	264474978.38010088	1639224009.3305302
1330	1330	0.0	9.066250656170162	535.4693456446579	0.4791512289347005	0.3435166779275008	33318856.07843873	0.28553178678107977	11.894738398121648	4.632400129979942	1077.398680112391	297.3627326473318	9.223437343353558	1.942470114019675	145.26210320225493	575.956351346616	2653.894312332345	151.99788544369005	404.2308081900079	979.359749501175	19456763.720647268	91086096.97814819	556853593.7755537
1331	1331	0.0	9.991065764251378	58.06862907804844	0.11178820921644042	0.1820557794841282	816733.3359960457	0.057782902124972085	31.26058115026714	3.642870322975796	579.1496565738687	170.0251339437881	2.395848861164973	14.46003777704329	115.9508029742887	409.294746171767	2941.120967426085	87.01722727051629	231.2699127282571	558.7703602789578	3637078.146262916	14381676.864344113	111793874.13349673
1332	1332	0.0	8.065882418997056	820.8291850164236	0.4926372508194725	0.3879870530061326	73053103.01928256	0.297047511258808	156.59279015527403	4.199220507987775	1128.658857722382	343.6592170849925	8.804199425155748	3.495169337783136	248.36726052177806	840.1045897101188	3135.1988561794747	176.83795601594034	470.04698030633324	1133.5683331061355	43135713.53344138	161733197.79591882	698468307.1751645
1333	1333	0.0	10.43386258442019	1.0130536576962899	0.0434754975481374	0.32140929275049074	10371.806356980469	0.011820528474433725	0.7405729367983341	4.764961738022976	720.8530837648078	200.3018346255643	12.7750394733202	12.98899830050227	5.92634716151053	46.406532617853635	531.5030855536918	100.9906311753947	269.1536951346602	659.7250406143869	311123.5599620361	3185747.756575157	39782401.92240004
1334	1334	0.0	12.22095787553095	119.54688858975464	0.9278521467241252	0.4649792111533986	1103128.5889514294	0.8434186604230043	20.855196404671144	4.271956874988973	399.8835356562871	94.75676862702547	7.418141045627515	24.12765879643049	9.483353602506423	29.658383470559396	103.30130577141335	48.03207344774745	127.87321275148582	311.7642237363938	85715.34289700164	315513.7339593496	1491096.3077367547
1335	1335	0.0	10.49838994948492	0.7950340193894937	0.11029582874723169	0.31469502913830344	11185.52961344655	0.03510069547296852	0.4623839536399972	3.86704343900783	793.5019621597122	193.7752303581976	11.070669723273	12.94730993196158	1.5262473090501454	4.922977127509228	24.242664853967096	96.51948073665312	257.3617850674784	634.9875765445493	81139.27110279005	316736.98860274215	2372059.7968331478
1336	1336	0.0	8.487610647828546	198.70277050372835	0.30826079354844993	0.8072357031111654	62133095.25813903	0.4920078511819748	23.215121772035275	4.186336113954894	1023.776148529284	328.7708798184179	8.66446008471086	4.90259217759316	106.09295445151187	436.48831131868735	1721.0364226880095	171.0242809804015	453.399152553216	1081.7258867158453	15570582.940138806	63957091.96380239	313203190.65107524
1337	1337	0.0	9.132445159686434	152.06951734169147	0.26183226484874467	0.5143996576168034	12850892.432232773	0.16919428258593336	2.694391674836957	4.04920273803873	1087.018963168648	319.8433199940743	8.192125986603	6.309262233249854	108.49457185918426	368.68598725174985	1370.577119055058	163.44369728684796	434.741665934881	1053.7247410511131	15975848.674056726	62759415.62033839	307363017.70871115
1338	1338	0.0	8.144334137809386	11179.391354211637	0.5278063384940191	0.0280279305038837	8841639011.12338	0.9387807650305916	135.21816950005112	4.477670682012103	1348.436718511676	290.4814622722042	6.916069751528548	-3.468422558861763	2333.7004868569365	10213.271200154044	31588.204439025623	145.0076082554699	386.9265839179668	955.3233239647639	478583684.6963012	2212012291.268265	7629918033.950463
1339	1339	0.0	8.009328486527266	5464.640923969159	0.5385072291002355	0.9164519213264452	3667489106.478547	0.7606512506619618	113.80548505825334	4.499032316962257	1321.745464718735	301.4096918609992	8.20295614113213	-2.352303649338448	565.804326160045	4536.300646918582	26226.081497748204	152.65068120509522	406.5042869829631	992.2301140738151	125407853.76495531	1053623846.8101213	6716872888.506922
1340	1340	0.0	8.104346522258076	1.3999155722858039	0.02125802563412707	0.3944889218671589	98333.70389762567	0.024778702475291473	0.9619756139672793	3.848270344024058	873.0743443979817	282.0370966129026	7.263787929386456	2.031047070989292	16.905402309923975	71.45747172472274	1209.432609156622	141.98343029059572	378.3851182111234	926.7224481084554	1277583.072816381	7147601.760458965	189086573.853158
1341	1341	0.0	9.66138750243359	577.3291161996204	0.6723714940494769	0.0948354000278369	57181273.18279394	0.605785918741706	17.18833155539798	4.765999205003027	915.0753024344629	276.9307864604839	11.25003035878467	8.282919177154039	104.75710715906834	353.0328667022872	1226.689260601493	141.6200600090525	376.6932847707054	912.7582174914143	10344414.030976495	39938079.84672642	181287280.64199117
1342	1342	0.0	8.68363817472067	327.4294333379667	0.5053612817361869	0.4101574294671082	37467336.566877685	0.3829188500653713	65.17702205066098	4.704703522962518	1166.442236874755	337.7066109364726	9.657321317361756	1.677609994753833	65.68093290919755	320.53594997970674	1621.9115995697805	172.3063771288471	458.3907744325634	1112.3853867894104	11640328.609977059	64695549.73888803	430153987.24368364
1343	1343	0.0	16.20268295617604	13.79261080235573	0.43874228711350494	0.3234277606843023	95371.26353809748	0.284179067243393	8.673401574293083	4.770081583003048	443.0335295592222	110.9711646187501	17.21565283018587	61.59534974097854	3.621414977248551	17.52227634369982	80.59877892066845	55.40910170358569	147.73889694251045	364.3087900517955	52524.103475478725	268790.22392589145	1521226.2848631653
1344	1344	0.0	9.283522375143828	93.71238107309739	0.5814414003715014	0.11288729505996704	1902989.780375598	0.3796640157595971	7.420984772654309	3.986576616007369	643.961318945605	190.8776950370819	10.26191197007883	9.055038742607904	23.279629073476027	74.1404073739398	269.83290261844246	93.26490716572107	249.0093169663511	620.2312510610642	797529.1631199343	2968110.597729716	15966232.544247383
1345	1345	0.0	22.17176000919687	4.19318973525415	0.5664811590006237	0.935428768914538	20263.82090667425	0.8193874181660187	1.4825546290533465	4.656509638996795	223.2258837014138	50.95534422647633	29.45532415546906	135.7181461991739	1.0982347045170606	3.4629078273614	12.067808144656727	26.098570137745668	69.43674178168553	167.7466161972934	1842.739382003785	6701.049552993858	29718.281510400186
1346	1346	0.0	8.626420594763154	49.79371829478946	0.43288210058150656	0.7552690665227795	13457204.50087104	0.5466877273599022	153.6284882920154	3.988932790001854	1053.479231076871	299.4735993804338	8.738085577899483	4.980880206718768	13.95831172667434	68.34592970179078	896.1382619157762	150.71476363196712	401.65876994768155	984.8778353499201	1739743.784236612	10329056.074779835	189170901.16969252
1347	1347	0.0	8.717733762739607	358.4832982107726	0.6082223888999725	0.9840761656733579	450831912.93914247	0.9021980713904759	174.31350891834958	4.580840441049077	1317.843251214354	350.8370468510831	10.63207488038747	1.19359073984332	65.34698122303473	244.7820285484385	1313.1000779614162	178.89873642758016	475.933145403626	1155.4007537691778	14195634.295993188	63261416.01642878	442571947.26868844
1348	1348	0.0	9.783251075984468	0.18605435299114806	0.015753933333571526	0.2075350252765636	5269.933352787309	0.009860054964964435	0.28440124894757535	3.87353585899109	789.8714905446728	206.0703651787145	9.241673288102055	9.742856672184805	2.7918072940552485	10.287169218264504	80.09922014843598	103.3325974846855	275.36310077576024	675.9531487857927	158718.8505886679	728965.9729079775	7899493.2877152
1349	1349	0.0	8.098126887247284	1278.4540450677666	0.4337361609200457	0.999999999999997	258480103684.9041	1.0000039517348458	14.171746445304276	2.777838053996675	2165.57263511683	550.0737947155654	9.31395413316329	-2.732178510386347	264.5829232178673	2044.3570619266386	24570.630576197884	280.85570003068847	747.2390959218067	1812.71090521611	168268192.80191264	1707919212.2411735	20582179660.578827
1350	1350	0.0	10.06099871278216	37.584618549609395	0.5321316703923152	0.646192789211329	3047969.4951584414	0.502575823318218	1.81432846976996	4.670797806989867	872.061204216283	247.7350252265455	12.68931262884739	8.795451497501482	5.887877280433361	32.351947749290716	603.3690681638875	122.44284279791077	327.0224504283053	813.1273380401326	490938.59667191555	3006524.4494994967	78559326.34872183
1351	1351	0.0	10.8980753973619	491.4064292710712	0.9021614546112986	0.4594539574459137	12834306.577595035	0.8086931118512586	8.291733097993514	4.348738013010006	583.8801460145212	151.2636870831116	10.54952216742255	19.07414455428352	33.89306291022925	131.47813933912687	486.2815718216981	76.41431789638614	203.516894845261	497.397610753913	949575.7098200697	4161836.2644152967	20244061.421388622
1352	1352	0.0	11.01434452374081	60.57339605046884	0.37695710146991596	0.23899788423791737	608330.218464522	0.20562249687347514	59.94099834787443	4.281084229005501	568.8369755565701	161.0115243314913	10.01074522101767	19.24755228275067	22.54187494746763	107.32064111471206	1118.9816318790918	80.95849503395368	215.81258525885437	529.1298671341208	582792.2656596561	3575811.14601664	43707575.32653094
1353	1353	0.0	8.484767588127196	2.4391971563949624	0.006889341173026062	0.17690722886274077	47272.74205000198	0.002901485270704121	0.6664380566249158	4.417493583983742	771.2754529891788	264.7904106558863	4.360076661865461	4.155720007057978	239.8241677325525	1281.7234472006805	7132.447492876123	133.98075263513863	356.8747110280657	874.8325886171809	16568559.855985433	99529274.45325774	767420741.7249417
1354	1354	0.0	8.000490007220641	517.2147088613109	0.5123742070777371	0.04764288535365918	40087297.789923154	0.404581865478308	21.852239827376494	4.692717542988248	974.3817167367722	275.9623838297581	9.109497869458872	0.04679633713923248	121.43301004087103	491.4455334087262	4366.095179481885	141.63048965631378	376.44308874345415	908.9964530174325	12771165.8819449	63644525.43487392	754868555.5474216
1355	1355	0.0	8.773175260469797	2176.288422032238	0.8800799214054145	0.04867932467392194	106187357.26699647	0.6234779396130345	70.27814551927094	4.14671796100447	892.9568465940362	297.1618956300395	6.402211178153979	4.577822376154713	138.87973713628045	595.9388701771657	2383.8248602670337	152.23609685306133	404.7863481925848	979.1309957413534	14809444.81471094	67104756.485858716	348893190.11255366
1356	1356	0.0	8.751615684375084	2502.7736500195747	0.26351383666677936	0.23206246245948825	313657401.29026085	0.17924712761368441	127.74930718655496	4.503819529956672	1398.302675221385	317.7002926536239	7.072211559290055	-2.968260259324735	1617.1605549719516	7842.1873084334775	29982.461111229597	158.9029764495274	423.92313421265385	1045.1032023223277	374526783.23942274	1986127353.2150815	8332453619.313068
1357	1357	0.0	8.074738864464	920.7051287965669	0.27129351619505915	0.2106592154225341	76598815.53545232	0.1846081159093277	27.70498731679485	4.575693286024034	1238.430092173636	314.5278290572264	7.363080208993031	-2.441759218025725	522.2391055511373	3430.981947131435	26859.53230620829	159.2176205380515	424.3465619079893	1037.328898477212	89545015.59792963	747285591.42625	6214207698.219199
1358	1358	0.0	8.182202092684836	24702.090565853025	0.9373940045972045	0.9999994016818357	42076718058.926025	1.0000044219260267	32.366145432527624	4.429051293001976	1398.388439535967	397.0798566369866	8.856292312399352	-1.926093746018152	73.18507641165886	1050.7822331766681	18777.53678781235	204.71218712730092	544.3318215995384	1310.5426648981695	17213951.756349944	331434168.09897417	6892297094.041598
1359	1359	0.0	8.612463658201726	1.5040076552368404	0.1329098742278572	0.2178053505735505	8291.215932850964	0.045737814613476674	0.6676796556712282	4.020075426029507	591.5027173014207	236.3816544911422	6.644192994392334	2.37457516864346	2.423042830396267	9.453392561184097	859.5467351888639	93.49383149253265	256.22872406277594	784.1769310946934	49989.70421468675	262885.90117002383	89409653.78306936
1360	1360	0.0	8.853775998467114	9.494509361451371	0.04296217142715792	0.20447465697212655	325107.2024156056	0.03738734319180144	1.2233891184353451	4.045743624970783	679.5472502089178	219.4187031904227	4.797928696771332	4.172997998363257	62.62317828764131	247.40568010264772	1526.1875568583669	108.30506785355328	289.09962259299664	721.9097861000787	2861294.0358799924	13146906.511769377	121505474.6852203
1361	1361	0.0	9.510547443463706	134.91645346768482	0.44031220636728174	0.9218060392096791	37173270.026102304	0.7236340336836488	14.656003843218661	4.078384371998254	755.5409487964539	243.3329629816845	3.879125964838007	7.396449830992669	37.730568906764084	173.5620166592232	1074.858116833065	122.85274341432876	327.21338194710665	799.8575123757412	2475250.956026347	13370068.6107539	93747278.60323155
1362	1362	0.0	10.33595366463336	18.88410701725162	0.19614612685498473	0.5449286620206644	477383.78850047017	0.16755390818577956	1.4448878009199038	4.842883033968974	586.0643772169951	192.34980624092	8.574760450774143	9.377395579867876	19.34972248092646	84.36842368760543	486.72727457906603	97.31851901847597	259.05691666575854	631.2360490684327	612407.1213940955	3354818.851865859	25545175.069215063
1363	1363	0.0	10.42657279525666	102.1840013044601	0.3114645876055245	0.5845381666212195	4585333.141445298	0.26104556920558936	2.642065806072149	4.140729012025986	734.3545242020468	214.9970272961176	9.010497329046983	14.57197363836418	57.48159753190524	200.3996438864489	767.4903365181807	109.60615317090162	291.6916064170632	708.6427270543996	3181636.379791151	12844091.220909318	65228812.66173101
1364	1364	0.0	9.26402321589435	74.43485515965695	0.387890120442536	0.08044920640419194	10197380.024521844	0.3722668534150176	14.932178583730304	4.574672752991319	1079.052175195483	310.0508483688977	10.41366125995591	3.305214188990555	30.355936592467057	109.44650890615394	931.4778978865271	158.3580079042705	421.2153471282563	1021.0272536141525	3995328.899601746	17510740.875202652	212698073.33388126
1365	1365	0.0	8.304231239343519	224.56350594679213	0.2901084958756125	0.8398917467457873	117693758.87700747	0.38859335474169254	126.08869277425175	4.347274005995132	1302.342614134784	390.0401681842164	7.409030362263828	-2.082647401782491	91.97021826881769	1050.6745582283252	21411.77084257434	201.9336892230856	536.680455517672	1287.6394327085923	18506456.38924206	302199647.6531181	6830264148.824645
1366	1366	0.0	8.41885423419905	57.70143810826892	0.11773604617075215	0.030688460320858004	7251594.865552117	0.1318978978636414	1.6790315033414167	4.416671606013551	1126.628618125529	338.3554998283365	7.463599734073042	-1.931636258057986	120.61003331651077	886.9955957520345	21595.57367409457	178.89439210180876	472.8058379420779	1113.0685459446001	14212299.098982206	179422136.27816275	4939203782.831537
1367	1367	0.0	9.682337042187788	31.97184229726017	0.6201163840406491	0.11994492262345749	918739.2396634411	0.48868886036310333	3.954979073745199	4.547698704001959	671.6145051113563	194.2127501555851	13.24892001284297	6.915974862987498	6.092270116039514	21.102089956989804	156.61281303888018	94.61223273432961	252.72806754692112	631.5874498688852	222689.22950730572	963369.7155265189	11458080.484983936
1368	1368	0.0	9.367359419681726	42.7908619425605	0.2266364633943448	0.6689373587085086	2348729.204036105	0.2312165625116386	165.22573245410274	4.33011985803023	726.0680534549422	218.361490219275	6.181404740958255	7.242321508647771	35.13084580610799	152.1236986640852	1079.794679688984	109.42496345081747	291.6818615300864	717.402071196969	1837536.4462467413	9706044.641178094	90193493.71446767
1369	1369	0.0	9.137310756734747	4393.702232680135	0.7535448334438042	0.013106161672262214	681042.7326866967	0.00790648666945646	96.86624820465057	4.343276951054577	918.9996243351782	330.6491971594145	2.475694696057115	2.386968523513499	503.7860871399746	1862.883940798209	8238.054891458343	173.54034974177296	460.90282243737977	1103.229078693117	46258287.274192974	213849502.1477013	1291440000.512168
1370	1370	0.0	8.152713484162922	6241.8268394346405	0.8175412124043181	0.032238155999686616	150805826.74314365	0.4687956490351386	16.63256474377457	3.949183218996041	863.5019620216151	333.3903806800014	4.275404955658925	-0.5930983877295679	296.0907762586795	1685.2310939493823	10902.400622395282	176.5049015967288	468.22551866597166	1136.306223662371	22578515.71971287	176290948.73093417	2271523275.936732
1371	1371	0.0	13.82705709692648	2.7899956721668335	0.10022185495327836	0.5578032554607742	14575.109156197412	0.06730460453190514	2.0956485955403914	4.28156722796848	398.0372788395734	97.12171831969019	12.68582750903856	41.3392289208303	6.35172299988393	31.940572168545486	248.4656782311615	49.220214977128876	130.9776153145815	319.18330222784294	59231.70332368511	384668.8586916521	3342559.0121223633
1372	1372	0.0	9.12803639973093	0.6294702339083756	0.02664301147989765	0.5246190425338436	144890.30135608354	0.06351718353623177	0.6518476712312369	4.566266372974496	1050.707623050569	310.5111883515643	10.54832720474048	2.350493205129475	8.666388968314145	108.03381776893806	1764.361098680059	157.5770371011606	419.56150583261024	1021.2654141340183	1025085.6711983789	18504742.25247251	384529191.5342904
1373	1373	0.0	8.617404216389692	1.206484614991052	0.002901765457614193	0.10758284925015428	762902.9772395408	0.02510355408634334	1.1084029359391527	4.147554319002666	959.0117789535162	320.2218065006415	7.440552322252351	2.802258451040039	147.55396357745786	926.3395444130045	3982.572958567514	167.89225110125017	444.06502412210205	1051.3457765736969	13440230.055061232	108786037.57808091	698578416.0967798
1374	1374	0.0	8.042727706156974	734.3819395596869	0.4525921227805518	0.4369310620983567	72058814.36497311	0.37182448883614144	34.883369269457	3.873720918025356	1050.294391784449	343.0953596631378	5.318169489223511	0.877527345230337	142.154212784893	978.6657523592007	10423.112579998464	174.1562612507779	463.71976630868767	1129.2868750349808	19633018.255068827	170625445.54457247	2370670674.3221745
1375	1375	0.0	9.042321894861592	144.46341868195375	0.6747109712855593	0.5713235506893676	8019058.7646304	0.5571784936645515	20.642867582862195	3.897838485019747	811.7309595519529	233.3704348399379	6.840622358946617	4.544533484594232	26.863779471514693	86.78579149080268	337.90444906335347	115.97603765351778	309.1104758764335	761.1695284827139	1712307.9386288451	6549066.055006568	36934307.974211626
1376	1376	0.0	9.202456244978787	96.93841602189002	0.23330740304623862	0.025045743930691877	7053838.802911075	0.3290285965511051	15.982065641213861	3.535423227003776	617.8384399017773	201.6827183951568	2.450500947970298	8.618445880236816	77.2774485433842	476.4087942374261	5962.808183177606	101.3372207680992	270.03046598497156	665.4460425962033	2902667.3014093726	21077783.538210593	325389151.9714695
1377	1377	0.0	8.218477401408459	0.9573193140690018	0.09727562299326159	0.18036579566228045	4836.829967468178	0.04219163545730173	0.4521059137099805	4.012662821973208	659.9211526302588	317.8359338198325	6.025207083151956	0.02552415573302547	2.3529708676002294	19.931599740050984	7293.226343975897	152.0799331624322	429.5251439077263	1024.6417252995666	39211.00223631613	665976.4480201767	1112620841.2156794
1378	1378	0.0	31.55503379005676	9.291242931751361	0.4908139513065086	0.6152119735249887	1711.344588481795	0.4640403841250055	13.035858522880686	3.24416724499315	106.0887850526155	23.14746040108518	9.328732101884583	312.3545008311446	2.6276161355358516	9.574352611257654	35.418849281871196	12.299033075249298	32.52951881380015	75.30054421439839	540.8274420341796	1928.4524927465943	8637.984186143593
1379	1379	0.0	19.1479674607852	2.208883177582048	0.298025489802895	0.35001222864439036	2915.18684805988	0.12127098762289051	1.1531728957556175	4.092239411023911	313.2224868762086	59.35095266149167	19.75322406968289	98.78991115785986	1.383786488718629	4.4011849677309565	15.90524888558256	29.82778577994776	79.48038795105936	194.95691789262946	5330.771115799064	19986.879433966635	95983.88787338158
1380	1380	0.0	8.634806293044122	0.5114445650505545	0.0028992712311490206	0.02228826924779067	180876.94700640262	0.018077265397661822	0.265282747821549	4.420481809997	1011.563927182678	349.7254374771195	7.871735905534288	-1.327979626599777	59.39097877079484	369.5564088853109	10832.441457376828	185.6993686861896	490.07853086056593	1146.7655177051672	5114114.638449092	53179567.19413404	2705807954.2083197
1381	1381	0.0	8.228727121652017	690.109199774794	0.5321554318150575	0.45176069925820583	86215796.64988482	0.4011931686480593	122.11956518078229	4.54633763601305	1222.820268012528	329.9317574504204	10.12618083777472	0.7106001698372424	133.16775750379273	611.7121004084993	2610.4476844781966	168.45332453350375	448.07640693041867	1086.7419100843015	26618296.506249644	132863797.03051244	733595096.2692766
1382	1382	0.0	8.76518806314034	329.1080206283972	0.5036043845597985	0.24670789950533514	30925717.883823823	0.4050591347585775	5.712609440885613	4.643237756041344	1096.957921264827	314.8932138703557	10.31417387298037	2.243715439336378	34.50352957279231	322.9682275151787	2675.450704261717	159.9809427475593	425.9172899789206	1039.0850959073646	4944746.134466786	55313370.38838939	621769528.3958013
1383	1383	0.0	9.257279399180376	6.199626105837354	0.42880924568713924	0.24689299668567136	156549.59330850575	0.2684757532370694	1.6286726499277138	3.727246961032506	738.5295840052515	192.7372604397927	8.990647174608755	6.945175279582985	2.3418922832791096	7.851462808818828	42.742693548144125	94.46613975549121	252.0577495236099	626.4228342389031	104980.61867772695	432423.3665635937	3638411.5539019755
1384	1384	0.0	8.09964219933158	132.29366082640192	0.37763681271239324	0.4270636240875708	9928455.833531288	0.25386106872733527	14.453690975626763	3.97721909894608	1070.104112287494	321.5535746151852	8.775936659764064	2.797533932455633	58.86267356791503	208.44078925702715	1368.0821021041645	164.75970609672743	438.03857471968513	1058.9148761956178	7211692.526718579	32393702.50852393	313495088.7091473
1385	1385	0.0	8.456092569363324	1155.0778792216972	0.6301596365919635	0.49375007463955795	119213163.33771715	0.48472424766239985	11.241123664039023	4.132309743959922	1057.316818783074	332.3264730666002	8.44574615129331	4.989926630713794	217.39404293613944	758.6575912896493	3059.2701237862225	171.9889345966027	456.6515145190415	1095.4065012940373	30021430.450427286	126302769.7814099	605615249.4710894
1386	1386	0.0	9.014229423403314	649.8231048046566	0.5495259340973921	0.9242450824018309	119391137.80636819	0.7904196690222639	52.96467234652454	4.280315832991619	777.233157185651	258.1400189533217	8.744680715427043	8.179411829342163	146.96771182774856	554.4452670859158	2151.032382418185	133.5233949738905	354.1217741869863	847.7043446467444	9470730.243567461	41437489.16868814	205668403.9512696
1387	1387	0.0	8.862114142583119	11.959934444259174	0.021559726236054722	0.7788886853846868	11592416.935822632	0.1707743813020392	8.012766136754832	4.204470217984635	921.633182917656	300.2517276115357	9.378913296931692	7.064166092119997	132.47549233521335	482.16581859690444	1832.2221373370537	155.75022933787818	414.0545697079516	989.9370284910551	14239434.066046635	56235307.04430321	246559763.04318038
1388	1388	0.0	11.61203678712704	540.6100192216271	0.7215186004915717	0.5524694477243945	14931548.2990189	0.6871342953897143	115.79300175736934	2.560202525986824	546.6399158467942	155.2111557152023	7.448376326598442	27.81228997707229	83.49361584145481	276.41877901406326	1036.5436728858504	79.59722260216483	211.59727447353094	511.31334665672966	2272525.7838304113	8206874.258690552	33357103.617610257
1389	1389	0.0	11.59131139964235	5.2521422641731075	0.4669899138441948	0.9380269654495543	666217.7805045078	0.7913305297466465	1.405559668008314	4.747636169951875	663.5484618680066	151.6404074198856	15.2576369920128	19.23974755278132	1.7792646836252932	5.8213101767485025	21.673273880971138	76.4604543097928	203.65883428458778	498.323877979726	59634.0400561364	229656.26540181282	1192823.3761739868
1390	1390	0.0	8.647562252739004	8.01263151912536	0.07709911129045911	0.4652297770435067	703088.2880914106	0.0467525868576368	1.0263901985074606	4.529348282027058	1181.889485686945	354.2904284581894	10.32094645095419	1.032768425101942	26.420924571219377	159.1497642639334	2326.489992794316	179.22153283243665	477.5749811002869	1172.7546030585133	4781623.4817591775	35163676.862481855	682259535.0979496
1391	1391	0.0	8.01505957339645	14707.78183868232	0.885903894241209	0.17592700856535248	212360633.48749638	0.4149619561548285	106.30635896485572	3.562073206994683	671.8928765121626	243.4871846003389	2.10261623629247	4.799967558611649	1612.8812376396702	5315.0045192442285	15391.145400123249	126.15663854066963	334.7865770211516	802.0304370679507	77867721.24694952	283286846.28510743	1053885328.3958383
1392	1392	0.0	8.118800484246579	3363.888930006029	0.35354364628496027	0.41288913318380727	466827474.2437339	0.26040774890638885	24.678804488754952	4.353079974011052	1380.886177438129	328.7871802463189	7.788033195385218	-2.752302597004501	1243.4528936982244	6577.32741201883	27602.529827094888	166.65655138331113	443.8509330382676	1082.985796388492	291705853.57260054	1708421326.1419213	8226065663.605892
1393	1393	0.0	8.66369400054893	74.53976686531813	0.079152966090101	0.2810224797821398	5320079.473637061	0.05706791236658631	24.228193555950988	4.702327539969701	1154.623378016321	344.2069867080614	5.519199703899828	-1.745621331620979	274.5052963055821	2360.9288216547593	22245.20066925073	177.8181278087261	472.94020528121166	1136.5638920693505	37292411.05254296	463207997.3912055	5334767694.472889
1394	1394	0.0	12.59701434035173	181.0776039542835	0.8907535837609406	0.13710967477620453	6143671.9956207005	0.822747249713432	7.609523742358786	4.705255638982635	609.3864465077882	157.5800179672879	14.85184965697831	29.66153653927919	18.26169094938267	59.67260226042728	187.16877409692742	80.19179652028504	213.40416617920607	518.8682110745633	557299.7820714377	2106976.407063992	8639816.531481083
1395	1395	0.0	10.65893058360326	79.9427197063657	0.19128554089518562	0.531291554389221	1098776.8289308955	0.13805541663581275	2.565925401628457	4.171341167006176	519.0291119373077	149.6478465591653	4.349615128865459	15.5922070264285	84.67792502851678	339.9687623600677	2064.885100990872	75.48020034251385	201.18477262316128	493.73941918209164	1833705.4923466502	8963760.426126167	70949489.96585546
1396	1396	0.0	8.385175688589115	4.786596570344915	0.04497442151538963	0.37241802960982934	242124.58364499483	0.05215621306267031	1.6398572956187039	4.336939428991172	827.5434628248809	331.4120465676096	8.971766286392088	-1.338814314501777	23.98607575690115	84.7424950385267	3122.68517586335	158.0289156039106	430.4257316114198	1112.294380004364	1231196.150590568	5949406.13163092	756661900.526315
1397	1397	0.0	10.00852730688015	302.8800942155452	0.3887775165797755	0.10848810456622424	34495206.203090295	0.5239152300444514	29.410915841599724	4.218376582022756	757.588433472712	239.3555811619174	9.939641533841215	13.03633022521589	101.4268370027952	475.67741789797964	2040.7642591531182	123.19913572558016	327.00021163275665	786.0726853351437	6110492.785307345	31332896.59311296	174527138.38742065
1398	1398	0.0	9.83262840865226	3.1604651327483375	0.08675792504677582	0.2630962283676554	71043.19783830989	0.030118798847096177	0.8392017810301894	4.665240544010885	893.295602265019	253.3909752557645	12.17444395471862	8.377413104709014	8.814529575237025	67.37058712367855	836.3757227298726	128.00131999478003	341.0042108077854	834.1352168065096	788753.4853923225	7879808.5724554295	111987546.62850218
1399	1399	0.0	12.37124016961719	17.76942014470356	0.38547171042335265	0.3276857909813156	383695.8286068211	0.2633529332126542	1.6947344087578453	4.826413561007939	631.8979443209396	173.9709180271887	12.47146841919299	24.67251819093475	7.689995430732553	26.992403351923475	200.8769644537095	87.74485214950857	233.9429925864232	574.1713320498657	261938.19349570185	1153550.0565901357	10433558.906288179
1400	1400	0.0	8.300799839380591	61.53071536454471	0.1425351478432538	0.872151100656849	76077697.01592466	0.4384614646002662	151.95183699689352	4.707516986003611	1285.639375854873	349.7306795297367	9.73220413461246	1.644635265153748	101.55137849285781	406.85073678914694	1953.0276691524743	178.01673117341397	473.7203474362718	1151.893815759603	21373811.081545893	97594412.88304965	639267572.4818932
1401	1401	0.0	8.068519084343357	2553.9705623774494	0.19132670380127412	0.9999999999999989	262760892234.3897	1.0000034781171947	63.630091462792656	3.486797750985716	2210.336445050791	439.7361233930203	8.23562327588692	-4.365303039839121	2710.3677259175497	10332.53903684564	30582.646079073947	220.36360237433792	587.6004782022055	1445.9731815041343	1613601805.892348	6392949819.911167	21196989196.730392
1402	1402	0.0	9.25164012912081	1373.9236972104738	0.7143986117451199	0.558509895403419	119294562.21863455	0.6047332946308268	30.16007292646829	4.17126750596799	915.2531630727565	290.4683632230513	9.01344384849762	8.75324258412725	221.7462614311078	748.8913582709818	2531.7504185650855	150.70191756828956	399.61418143606545	954.6558635382717	23790114.908995144	85383930.71469279	342802066.3038974
1403	1403	0.0	18.05095215876562	12260.401569246347	0.64429248616657	0.3037395486597785	1410023.2794682132	0.04358557854127207	44.40181379728344	1.939670855004806	211.250043593261	67.24241421470369	-0.00027363057778018	95.07585323999496	2789.435832805795	8400.022988911342	24811.54457546136	36.1104970003268	94.99105118684963	219.96183082447862	6545436.184438686	17554659.607516102	44611262.0412299
1404	1404	0.0	9.98770607747998	3.93418896192744	0.18558953182422383	0.689772185586016	303499.9958782974	0.1945683368030537	1.6548634254300352	4.743717295001261	852.297830541597	241.3806807653592	11.59693319739903	8.918328758197996	4.349685493010161	36.01378621775055	780.1468782824094	119.5724245688292	319.34105220003414	794.1302312413001	317125.2291608993	3529801.5383851337	95963517.13833082
1405	1405	0.0	8.064418590033197	418.2829704320647	0.5864487564975981	0.5195174009474994	41987095.65513888	0.4921181882523863	107.39555197525387	4.118426593951881	1001.173690191275	308.7404131502754	7.235381018138265	2.023773858106003	78.74406772429985	295.47852681432994	1626.587131355785	157.783026924689	419.7397469554779	1019.1400270146763	9087620.751155177	43500452.244597696	326051802.2757038
1406	1406	0.0	9.388534728322906	167.8062731893826	0.7671139577301461	0.3569731457766465	5684731.0296140015	0.577563602102352	10.86108265229418	3.847311073972378	723.4209422034404	203.0415992800538	9.594625194137858	8.079013542084343	29.330778415023044	83.95959532662667	276.73630511040494	100.77464863752925	268.6182356893979	661.4988313304652	1248252.14916907	4389370.2402077615	22856305.480443347
1407	1407	0.0	8.395585196629755	5.035761871267009	0.01099412598823206	0.2533546979128609	46666.3489584758	0.0026584246593378876	3.40900435492534	3.687162554007955	781.2937258536286	306.6734649712442	3.859251109212686	1.32935413368272	176.31513302843663	690.8547918403168	4201.4483628428725	151.863513300083	405.4640002908925	1007.3391967807211	10041551.982459605	51962880.07310886	597538087.2197502
1408	1408	0.0	12.33495965306475	1.2851683942296015	0.09918505563510915	0.6084282585441638	32509.00026747222	0.1349514751138324	0.49328884099535136	4.59095907601295	520.2585201452634	129.1823830790562	15.7929376884072	24.90472196019832	2.8579334193567885	9.671755637586225	45.408523228338204	65.23154707813848	173.73125804284348	424.72299655563654	53565.02231718329	215092.3316891276	1475468.911325876
1409	1409	0.0	9.66059448118492	4.89150827599647	0.263881946428757	0.08465013059852564	437113.02272604115	0.35380239168296523	1.1455012724219507	3.808888431987725	705.0287501672885	231.538024086835	6.852575102234223	5.626295930781573	3.402901089276991	14.812688977484092	222.41391867923124	117.0717216273564	311.1737895309542	757.495560228959	173342.74363071416	967273.5766292713	15982705.222952848
1410	1410	0.0	17.68997597696155	0.7433977892641955	0.2994437182569291	0.03669176456076076	17966.460488230176	0.5884450252255758	0.5448058754986104	4.806524767016526	403.3822648244232	75.41400480362421	22.57117817440265	77.23839254860381	0.46254386961989435	1.4754969342276425	5.280569505531444	38.104583840948976	101.48256416869106	248.004686137325	3516.721055653905	13229.053359657999	63020.57015104443
1411	1411	0.0	8.253284512739512	11.658313290511481	0.05715340951881703	0.6609544426204946	5516156.469830484	0.3045305717757258	1.3072038232287264	4.396339319995604	873.4272329491591	336.8854396191203	10.37989972040188	-0.3032393149901933	45.49253717532908	169.61620193783122	1484.729900066453	168.4415439297518	451.625060773064	1118.8507145806138	2909167.4575425694	14515043.917055745	293832783.7368651
1412	1412	0.0	8.412312672211769	12.117302002736347	0.1250648379747191	0.40705408019490663	243875.16139431176	0.06472321368100072	21.374466980166922	4.107202954997774	754.5333001001205	284.6154273061039	6.495776146602182	1.23681663701479	20.506383437118085	67.99874391572963	1510.5169236232632	134.54597068268095	361.61532804916794	933.4363579802903	958567.6123695116	4049624.985886008	219420529.87547472
1413	1413	0.0	9.250532316685781	12.740215255040377	0.5599088856689425	0.4583190067850031	902883.7738616781	0.4227961764088801	4.007686145977882	4.625736752001103	966.157929785924	264.0683435133246	12.44016796241268	5.258784315602091	3.105694933008046	10.431086966856801	74.40045998226356	132.5481096080482	353.2078635558189	866.8574731973221	297364.86916794284	1243396.0305354851	12516693.626205599
1414	1414	0.0	9.637735917659644	7.379882794415343	0.15590288089422427	0.32270031889356676	415532.1248437035	0.10046777916677613	2.5026512988576464	4.549423246004153	1021.280328080301	289.5131463294291	11.99521495974438	5.644759686163326	10.98086004162222	66.16445245949022	755.2532022036191	144.78531255441487	386.16720356578935	951.6793912353951	1275526.164664504	9269851.122486958	146514303.00924018
1415	1415	0.0	13.24608944905653	198.23066782828673	0.6496637906960028	0.9512577928592076	10315045.846878951	0.9401417360443867	28.706981571663768	4.192925350973383	365.0315797969299	142.4428344400762	6.582440141186947	32.21272834118589	37.07655719525696	123.96354824637116	477.09000685560034	76.20834996088018	199.74484729116176	471.5164281966621	322994.4991930903	1274288.7126803093	7136422.2418992175
1416	1416	0.0	9.306130729084392	10.438714712313898	0.0263924827618255	0.30557316579829624	255510.65149757505	0.016178269310567473	6.373451536819675	4.033255908987485	753.3745858039296	238.34226680222	4.9111153696394	6.362948626057032	114.95287415787561	516.4698393285713	3562.0455839998804	120.32613688321908	320.61165047468694	788.1705117864369	6630987.489391001	37592281.43033448	354783895.1662148
1417	1417	0.0	10.02658558356927	33.83402507257564	0.10710224586717348	0.41674760596010746	1192349.237373841	0.0740669140960631	6.061135900862965	4.211604180978611	741.0376912054255	230.6245180167978	9.284855537779825	12.00242026907569	79.71790675416436	363.6534181834252	1420.6759820253917	118.44805900445795	314.5464433855278	757.66143577957	5002749.575367774	23693770.841443654	112916084.86944395
1418	1418	0.0	9.618007357381323	77.64777614523052	0.5045235870388125	0.11867810376303853	4329692.013106869	0.4005584549667195	5.1612491751764225	4.644534071034286	831.8299653521183	251.083680586487	9.967566273451535	5.345224482579429	18.709934015511866	76.17781580793574	967.6928169580584	125.91037655991022	335.6566288535373	824.7748457788434	1354032.240277679	7129374.050231891	109906834.6780894
1419	1419	0.0	10.49682006242014	130.82489694728773	0.1616047696976924	0.10878035750883391	1135170.835602951	0.13660708333486338	20.774024661885527	2.554653173021507	487.0591756333449	153.3198684686054	4.512086810997566	18.10591621224805	178.65099089740067	784.1439772543656	2723.1156208757466	74.06808201933171	199.84640595089303	503.2654879854435	2200663.7902837405	13995010.153885083	75901882.94640408
1420	1420	0.0	19.38274754403731	1.201566878788666	0.5015147359833901	0.5609861490483803	1368.7171749783859	0.33003107635696843	0.6239452518057312	4.28859230800299	248.1885190929892	43.61303028865615	14.3483426481297	98.3055396579786	0.4125669845586689	1.1966702544565262	3.8621134543329285	21.771810661462098	58.066538027136204	143.17716422834036	727.4645907278369	2531.213641336299	11247.216635319595
1421	1421	0.0	10.39402715781718	555.8222165410253	0.7272628897582094	0.5064548454297864	15212593.247511955	0.5982004745664161	28.873145880364536	2.598915548005607	616.0309067757776	183.6308197580824	6.815360730615087	19.12032345182886	65.99257840523727	255.75050431981327	1122.3895232393859	94.22491911824727	250.4418721767999	604.9844299075465	2582848.4707927173	10648118.879128732	50706076.69772465
1422	1422	0.0	8.10862951152077	800.4763141200343	0.5094965726684622	0.5922544954299159	124619278.56149352	0.4690056029477357	12.997015403194377	4.48603973101126	1160.611752494847	312.5408763371031	8.77481910979825	-1.172178914587663	128.21422097812453	746.0140396893781	11370.558512006704	160.38342456308783	426.2157316542116	1029.2999299301562	20437163.599672165	155058391.24470934	2808466911.5914273
1423	1423	0.0	10.51451069343786	2.0302054288945692	0.15236788601970636	0.10084364678717869	407254.0152197524	0.32378684118609335	0.8272790751327226	4.704173136036843	763.3108933495205	282.9813954719946	7.703575220533388	6.04383150049481	2.8182533502311737	12.172111358336327	274.2200368641801	147.3668427315323	392.58449920740213	943.9105997429367	193003.77045188373	1063197.2472336583	21446269.848603934
1424	1424	0.0	14.85197072056737	26.267268302468697	0.1404814295069686	0.8473026793644849	1151840.5835704752	0.31474489788804494	38.406631401903766	4.316870904003736	437.4232149483919	122.3983802806182	11.18125360107781	49.86391922614678	45.3023947278524	188.66596202201285	749.3869330644432	62.62751738457911	166.56435503894232	402.8059130100471	499540.9464933866	2772377.4559186604	13778204.67732776
1425	1425	0.0	8.096671221944634	2644.6142760599873	0.7808896753801526	0.22197012688026632	232047481.2399932	0.6278610314959923	126.50712548892594	4.194662672991399	1055.95234793614	328.3022715799761	7.927531103131244	2.519905515365978	199.46180095111043	800.5857431918234	4658.351067779806	169.3945450696965	450.051337748239	1083.0375103472643	29235511.706618607	131560561.72395083	898450003.441874
1426	1426	0.0	9.059345168738096	259.3417363702555	0.11874411778824345	0.053055737031826936	72631054.56573541	0.18647748816470042	5.031850895625408	4.482753722986672	1125.870342246584	328.1447644747633	3.930257360629541	-1.181521571422286	536.0729650508982	2931.9886201775535	17284.152252678687	165.9973754589821	442.5529108331142	1084.8287095448177	81916677.75329776	514296631.03366107	4068693602.693286
1427	1427	0.0	8.18463191393359	16695.229190537917	0.7909318230632101	0.0220337433490605	5906130888.894833	0.9147542513571686	50.3337543475763	4.494564623979386	1150.727523720861	307.1279784505192	6.791001271526953	-2.774307301416079	525.779672301742	3915.2016747253383	25889.219877810232	156.8607034694503	417.4891811900451	1012.6371016499966	76090899.07509196	748970511.9811608	5498187750.974386
1428	1428	0.0	9.898982413354702	41.96468226055591	0.24617861635162516	0.09973373346227007	1963582.562679546	0.3184294947513167	3.8201072692171385	3.915723831974901	613.4094627492585	189.3651325840295	5.658982240930579	7.85033836580242	31.865464988255642	112.8237826324905	519.1555602268156	93.18580765431909	248.94404857200595	622.2962292417327	979108.766800815	4348141.8939653635	27434253.503879912
1429	1429	0.0	8.089479327393232	1690.1275780437677	0.7463096020438907	0.3626706848557563	282401892.38932747	0.6452952658325835	29.85766132458444	4.45923961000517	1289.804311720725	362.5113646714785	9.303817534517664	-0.6694627167458036	136.91059307179182	553.6803369334623	5174.5419219114265	186.20610284022314	494.88026787845865	1194.506942774553	26471652.88839171	138149219.47913677	1799482508.598176
1430	1430	0.0	13.03242058153108	48.67903142224764	0.0037618425955601997	0.34523327327678704	58779915.339273855	0.567793884667715	2.6029603163840878	1.952542418031953	301.3289210476026	99.23776863725693	-0.00035739920784294	43.44755111584544	2836.1913930328665	8526.985527630712	25026.855076150056	53.137060023920355	139.78712455163003	324.5410660647656	18755687.36371456	50318434.2190243	128122213.93186711
1431	1431	0.0	8.236378842540502	17114.876013144203	0.6434949986066587	1.0000000000000002	495705203128.6718	1.0000035276943862	124.22297075588935	2.67256413801806	2589.981622307592	536.7335074189101	9.214758759683463	-4.282524139594222	2555.2468458587955	11110.523109377242	31949.076388589237	270.13373923222116	719.9248247728929	1765.7538319619075	2245241956.417633	9793950388.662891	31434962901.771427
1432	1432	0.0	12.16577152099702	11.04523551061035	0.7011532539109478	0.7498662093491877	160629.90438860146	0.6701653654920428	1.0588725961128618	4.584024941024836	468.717055502381	97.2137263402783	19.84827767120018	23.16367841945569	2.0851504023718315	6.361146694257169	21.835562039442213	49.08792365826207	130.7236847881337	319.37250945466747	24670.085969798973	90077.33038180691	435788.6729454979
1433	1433	0.0	8.818820524402216	14.62862595676516	0.34606319554609444	0.6443980750499125	897511.979839994	0.3308796227898636	5.3988102599319205	4.527447156957351	802.180656214153	238.5608974445355	10.99734914795756	2.435749413835315	7.444332041413876	24.75938174906095	103.27726463769918	117.64982937762227	313.7607884280345	776.1772759559785	442061.7703668765	1800361.7148615664	11485109.450458648
1434	1434	0.0	8.153630205088076	8.419164378524528	0.037495390814188165	0.049252898443026744	149238.9096353111	0.01808821732036226	2.2297396676580883	5.746341693040449	815.5085757358181	304.0538615535867	4.328992930909553	-0.6147966963309197	68.68089294946986	444.1571591281409	8750.545434775384	159.99862823718513	424.03799507855274	1008.2201347216123	3927133.8700807067	37784825.97652704	1430470133.9543974
1435	1435	0.0	8.111994458250297	510.71018311095503	0.35308876392072003	0.10770142051413618	1654447.8569695894	0.056257297900346705	5.396582471569052	3.994935455033556	1002.863700814572	337.4340148884768	6.726253977166058	1.682913325580374	236.71533820786607	858.8627192562647	3911.386346799804	178.60875797204312	474.38873542833664	1114.2366079877993	25692691.546362776	119899211.43294993	718862763.5986346
1436	1436	0.0	9.043111635330497	7.868377923854681	0.027570512834348176	0.6531525602146125	2405667.9365455993	0.13311468672072282	3.3027276689680707	4.262641259003431	727.6489848339351	238.7558680137648	7.936184856268566	6.837282913009988	104.17394366607769	509.46516564241006	2090.6030456673166	121.21823923930663	322.7440243432584	783.7555157585314	4613072.6794368625	30852608.339757003	182741524.7890918
1437	1437	0.0	9.976121749072481	93.31896217690657	0.8343902085248517	0.7048672002359591	4377298.422968582	0.8172321268841009	6.265761736327882	4.719889478001278	651.2148061868392	181.784704857077	13.34498754360134	9.506011404574622	11.649395554826194	36.710560913905944	123.76956312118952	88.145324301075	235.4602022985498	588.5513177556049	379148.8891982956	1379187.2867621582	7184029.0691168895
1438	1438	0.0	8.543047791083787	2.9965405926680257	0.057856804083995246	0.18040293246166306	51806.95659653073	0.029723187162330314	1.2941587030989272	3.649769760027993	696.9094725774186	255.604188856877	4.814983906919489	2.084009067221965	14.528784373574014	96.9859050510055	1197.4794314678315	121.84504845230515	326.77418688518515	846.2991460500912	664005.738204138	6150184.403689722	118326643.39403218
1439	1439	0.0	9.69626022791683	3.980087833149894	0.10740174194943836	0.5414653561372477	195301.5750785709	0.0821496980198352	1.7764161387543675	4.078596791950986	876.5133320925537	250.1061456003226	9.553321824141484	10.49075390360071	11.291890343538006	157.5555920375187	1136.2975106407905	125.32144772872243	334.31657939522324	823.1703112484321	950996.9338581883	15842213.367379924	148270459.94147196
1440	1440	0.0	9.926950093427047	495.34061823304734	0.7453352701420507	0.8228816163762805	16345052.00003235	0.7402486426738624	19.38097593418611	3.555034233024344	555.488557860536	164.4614050919296	3.280983615810479	13.26378759227205	73.61363501715807	239.0615856697308	1044.648033039243	82.2189398895556	219.29258608594057	540.8438468648442	1688341.5260767683	6618169.357898287	46642040.29267061
1441	1441	0.0	8.18280207658512	5315.246655121562	0.568583951884038	1.0000000000000018	480905118201.25854	1.00000386254866	82.0400749184723	2.551381526980549	2376.378758325078	572.1423182286957	9.741321011222428	-2.784462416216588	544.6539493411241	3771.7611398136078	25096.665030440054	288.417638317464	768.689168881561	1883.578507450278	454795103.98611146	3409525743.862163	24487496337.2728
1442	1442	0.0	8.501519769108887	5.1242811229104674	0.14082878994396425	0.04988664493189503	1104995.8468741626	0.2685530318506249	2.1372510498320456	4.428525623981841	948.1753242362602	324.8771808526446	9.420911179683182	0.4787331162181281	8.083039078549156	40.15148971268213	1576.3836520764637	171.09662353083843	452.22284877117045	1065.38463994275	697064.8334824665	4203565.054171714	330537776.9406662
1443	1443	0.0	8.84140148553485	34.63397682816598	0.15023700635718656	0.3324126685009475	301082.4975423444	0.05894670236146936	7.726438658060294	3.306055126013234	594.1167868325118	176.7493885584939	4.505640089071679	7.049331025622865	48.389443174658545	183.67177310267002	984.302454162223	86.34429617490366	230.56406253979935	574.5024474936156	1350123.4372506791	6423736.412570806	50140340.23619724
1444	1444	0.0	27.2472973377827	0.3934188961927311	0.10621691739825899	0.29496451172816723	99.20075044905275	0.04751296206612381	0.8327757133640216	4.033148228947539	186.2420918430662	27.22424688617829	13.75677612980399	220.9552755153628	0.7871014760035113	2.5152861765051977	11.23214247554179	13.486465719354953	35.976507108850456	89.01289437377517	517.9615227325205	2008.0515700707597	12062.085178800917
1445	1445	0.0	9.143888765848779	13.297558691314594	0.10236848334720708	0.40985770365668794	803222.4014736866	0.07482108739513883	2.1649628440185	4.668137098022271	911.9018826052866	352.1672184732196	7.730994857334432	1.725931075733583	34.73277233018407	193.92723778045803	1540.3937074954479	183.6966770265858	488.2406892484137	1189.11164051807	3495399.984719005	22394983.852627877	319239522.34264153
1446	1446	0.0	9.018989647368814	8.760127421891653	0.08004779093028272	0.10273533944416319	309430.21704228054	0.0416213268689605	1.3750218177989222	4.485036599973682	964.4619157134207	358.8069987954071	6.414921229355381	-0.628832957979915	31.21257605545876	325.0494513852973	8084.503641677556	187.8564648921432	499.15699829179243	1204.8148853694706	3366232.9797471063	46651811.40051015	2001054045.2168806
1447	1447	0.0	8.762048961972836	71.23504813729906	0.08696976668003738	0.7277728988921148	4808364.707703772	0.17204559667892463	1.089171290636306	3.525617790000979	583.4371866298784	201.7939708155086	2.957782501539501	8.444275975180272	191.67450214070934	998.4853910046525	10303.40402908093	101.20909901563073	269.6704572822929	660.4380078750929	5985220.550424401	35767016.195045725	490373444.3087065
1448	1448	0.0	8.6738779566788	134.9164534676914	0.21452968737891578	0.2725819172799144	5470546.006487714	0.11197947010796441	17.628010724196827	4.396061700012069	984.9459478181877	319.4005073877066	8.006577907498794	-0.6262663689235977	123.15727375529391	484.670218088992	6893.792008917822	164.20927774989048	436.4231726776086	1051.396207220393	12463107.15998348	64952955.766991794	1510216777.2026014
1449	1449	0.0	22.11484045192534	0.8384740225107761	0.43495254601190686	0.016511764546424536	2763.1565143377916	0.7291760701274445	0.3188055203189083	6.17764350597281	209.5169864479019	32.30453557935154	17.97350564178851	136.7726199241772	0.31947803631951127	1.0272809355483126	3.8428376205594406	15.922100178745893	42.48913078461641	105.46509973201358	320.5933246356284	1220.892925385533	6089.728659853486
1450	1450	0.0	8.084918825565213	24799.448628695474	0.8060665206541585	1.0000000000000002	92085226759.01677	1.0000036348852428	82.76904305584978	3.319001831987407	1674.408247828545	369.4227445180661	8.10260674961157	-3.122437791184854	1947.679216205122	9282.187396564088	31722.234171161916	186.1602768488392	496.12837744568424	1216.123754714705	676338633.1296731	3514513373.9381223	12852740474.644342
1451	1451	0.0	11.92134362894923	173.05185847195747	0.5455089869936218	0.07015675622613754	4825667.926003602	0.4768251436090997	29.97718006308095	4.423193908005487	578.5437494457342	171.9620841698858	9.512320454609679	25.84448182839029	40.07167725424912	146.1873180497392	803.910692466963	88.29563990289876	234.7354758847158	566.7642910892555	1231419.5549602895	5304834.357458974	31169390.20127408
1452	1452	0.0	17.52247655036221	0.8843728937332633	0.21016174617135924	0.8502078325102913	19919.04667373566	0.421515799933897	0.5525655923537808	4.82977537001716	398.4242936136461	84.62693086581503	22.31004429827393	76.70219638897301	0.8350003603745794	2.767533675328417	10.715665551777427	42.09735030732122	112.34955104829208	278.0240134466176	6847.814491129514	26784.297498291035	133442.54777881142
1453	1453	0.0	8.068292871379382	6154.540300332691	0.34719787192949403	1.000000000000001	144241784096.67615	1.0000034660788815	51.18425293591557	3.212363219005056	2027.658389500054	399.7833756903395	8.82982813575994	-3.926429409656426	2698.7158619116294	11257.602653500257	32434.863018642955	200.56094547993712	534.6215401131676	1313.7357271627238	1297712165.9851031	5658476391.747552	18181248423.888424
1454	1454	0.0	13.17433128527096	9.228951606520853	0.3504797092114002	0.3801194981881055	102813.36973266554	0.20861755580583755	1.4880635649534042	4.669660899031442	546.3399796323034	134.5271585759326	15.02130046605243	28.43944322317098	4.5447108029631975	15.882616299992828	84.45791728214425	67.16077372039427	179.13640579041316	441.7959185575648	97216.88675446065	409720.8453964103	2909009.2310724435
1455	1455	0.0	8.056814968851771	144.2535952706538	0.4139733200783814	0.4505271124835658	10366885.469820587	0.3451405244459199	7.293695464099181	4.640779056004249	981.6344570713934	342.7443618958327	8.508509988394913	-1.472829751191707	53.14608749311707	200.8584258190529	9151.883814404455	178.96097330928205	476.02613996916216	1127.329550085481	4442779.742197638	22269986.646170653	2146437465.565164
1456	1456	0.0	8.19237775685731	218.42617116618754	0.384338561774369	0.19641938733789335	18455777.768282834	0.2667884145154046	4.764848062258072	4.682329929957632	1079.734739223687	290.8055449300078	10.32683129188926	1.566838334824525	91.08888612218927	332.61817467520575	2460.874449323479	148.2086061427501	394.30738244832753	957.756144637873	12294099.816912789	53930283.75050164	511888696.38218635
1457	1457	0.0	20.40197472653335	0.9802687496802455	0.6009343339909872	0.10303915408725003	1218.4193981032845	0.5091687206251128	0.6730512898335038	4.527192643028684	210.3575780002979	43.59949190642452	28.99560861546969	111.1502120733529	0.22186401682123102	0.7222626500337959	2.797795768223146	22.108691772979256	58.85418713573165	143.4528008059997	303.8430783258494	1178.3376084692752	6035.705110615817
1458	1458	0.0	8.034210451343204	16433.36957323213	0.7786178341366742	0.9999999999999963	113470508512.36095	1.0000039812212889	81.0890409420951	3.346130376041401	1826.353558922009	463.2539060637159	8.635779595625012	-2.670330622153427	419.60608381686734	4664.927495716911	26191.36507792773	235.6542641426429	627.5614049180406	1527.7099400362138	188932015.08247498	2420447490.314039	15161043329.521244
1459	1459	0.0	10.12952004204166	659.2651583132804	0.6697513294637777	0.5443387830002492	30085099.47448924	0.5815429862776019	118.3427928437169	4.286808801000006	709.1439678346114	213.5872020407271	9.145375026452095	12.71444603341986	97.82387526242783	375.45636180573075	1525.1814328698265	109.2427182161083	290.27036991595264	701.5056372599295	4907987.176812162	22102518.177630898	107268323.80681707
1460	1460	0.0	8.117129179061344	2883.812964945301	0.33155478181557557	1.0000000000000029	225039487309.4462	1.000003630648777	63.08708784749871	2.731853373988997	2190.088899075071	485.1421965760937	8.172485630731751	-3.274971241281238	1008.6137858318642	7876.802891150233	31410.462088845597	245.07397775860318	652.8704870164352	1596.8189600511885	677368756.9464426	5519334227.882108	22768099189.439568
1461	1461	0.0	15.79621373820853	38.97469864949168	0.2603417738919926	0.7457305666847289	510632.99216467363	0.3840442452399283	22.708319112976852	4.389103744004387	382.2152891054111	106.5451989948983	11.13239326526539	58.38981596943986	25.974535869769394	109.32542243610703	483.52984324155864	56.36614477908603	148.2856670618906	347.5494409676386	169902.64075440503	873723.8088840699	5927075.132052966
1462	1462	0.0	10.32388177607851	6.170119688622852	0.3299768567920383	0.791781400459757	148807.50276522635	0.4407005479624903	1.6348306456536963	4.512052100966685	464.2736409489649	122.698658867622	9.329274977986874	9.76926931087479	3.3866657540200515	11.193624676696809	53.64807006133595	60.515021925038354	161.35838807312933	398.5049257763749	45443.44967890297	190270.69955304253	1363470.2330700522
1463	1463	0.0	10.50013512293921	4.071885575594869	0.1131888340478699	0.6070318873215856	201760.33040849282	0.10469066957170406	1.485205706849343	4.087258832994848	757.4420528819826	210.8111803321552	10.00025478784916	14.57430313115337	8.67704570111861	37.22060615024886	235.8883816807257	106.4629897579672	283.50334394754157	693.7076131899453	516377.2321996132	2627403.162193291	20828926.711755347
1464	1464	0.0	8.172998570299397	3173.3692725429764	0.6828716830967377	0.8718550874961685	870536399.4571642	0.7476782213990801	159.19430174263988	4.001544513041154	1058.531751331579	366.8319601902089	4.996791615592977	2.250593369513134	174.67642706021445	1415.6735676361066	8300.444503271587	187.1601153294032	498.0336812530978	1210.810335811254	24028096.413287815	249879444.21409494	2063381895.8969514
1465	1465	0.0	8.98894592337758	45.26940098857782	0.08952592025262349	0.4391304547913612	4801040.051942067	0.07150249539701617	30.406492387595236	4.457580943999346	1196.999055193342	333.0315568748452	8.28347517433198	-0.3292065007182683	135.49468692011598	818.1513800273766	11668.53357873001	170.83829346989478	454.1072191313757	1097.1034074658905	22389770.902273048	180896745.73777118	3196392799.7217717
1466	1466	0.0	9.883867152996306	10.5042845283454	0.4061265960332413	0.8140423226949958	600756.9881813253	0.5204640048511049	2.9383466352175547	4.666277207958046	646.0958495402099	168.6163981038559	12.66868201851905	7.333316622166874	4.227734069079341	14.419620673462399	63.49742982922218	82.53975877628181	220.16868093982112	545.3839449258098	133604.41354457423	555037.389929337	3658677.048016234
1467	1467	0.0	8.480482059027507	291.8119092693239	0.5709851938661078	0.9487082723790875	144190684.70126683	0.8454025512207818	162.25546298675948	4.133764705038629	1076.559546642279	304.3781268202656	8.947463326065161	5.121918629896423	51.003262832106884	230.21102657160858	904.6764492516967	155.24578300320752	413.005107862087	1002.4256761047574	7649618.302201511	37050423.537694074	195635770.60237068
1468	1468	0.0	11.49473758566239	113.40955380914471	0.7290627960217486	0.42137560886036235	522627.85402189015	0.5005456420731499	5.559503669726014	4.084987973037641	366.754006637609	105.5935686072561	1.882060376186832	11.61290955395351	18.407341705553684	58.37174145124697	212.15713278285236	50.54196480998104	135.63232141168538	360.7549784203711	134238.1115483785	521582.93343246856	2833251.314470934
1469	1469	0.0	9.474693730525864	30.240799154013963	0.28094807584165316	0.15260887873544293	1199640.115317882	0.190791197430065	2.828521241753856	4.534563372959383	931.7347513239861	307.5842137211555	7.899148684424879	3.128873593790369	16.77106840511712	209.5185418489323	3429.2765465929615	157.95686461060234	420.22840424039225	1022.3343205536203	1307705.609662104	26517523.09237633	632532446.3986554
1470	1470	0.0	9.511302093870047	616.0415355849174	0.5943080592048859	0.09799398095257403	28671991.27849051	0.3574444733631543	171.936739146345	4.822054259013385	980.3918522345358	284.8035741953602	9.401939604114512	5.812564948632476	93.6750985296784	422.37244156870776	2054.2086988216147	144.80903910273605	385.4641786273572	938.4130201621869	10567479.452698374	57395784.06134483	347041102.599334
1471	1471	0.0	9.704873115073228	3.2752123108045548	0.10623081001014248	0.07122095295292558	322850.23981254466	0.1337919575702441	0.9773028243707658	4.640928677981719	871.7022390956531	250.9185939399285	11.94460976616744	6.787041468806564	7.88944730843129	73.24756203166902	591.8910446176653	125.74567149550046	335.37788010211784	825.8103245054151	632453.7199669068	7242440.391932603	77846200.07796556
1472	1472	0.0	8.448794043709	499.1698954892864	0.42711375091143766	0.07083201274076573	66818116.73395312	0.514750534250914	23.952997593087385	2.706175400002394	839.9222929260416	286.5353270421355	3.651461244259032	7.917984095180763	174.2340293628392	657.699223411078	2741.187399747016	149.28083032126074	396.23417269462425	945.3395697242402	15626834.114154955	63250515.393866695	294257097.93961227
1473	1473	0.0	8.071825167441908	20619.76627554473	0.8456691672915614	0.9996850581635124	28021080057.923843	0.9999146233394953	133.20172178564763	3.385342259018216	1521.627788920757	350.540564307852	8.247180695273105	-2.275051023140133	1100.2100353674316	5358.852226917823	25258.45440279161	177.75311243324632	473.2875759147289	1154.117059934523	313199865.25783646	1748473223.6598518	9266200411.322104
1474	1474	0.0	9.256468509253672	5935.484658932477	0.6963954307672194	0.7181699616679569	252229137.25211865	0.7162819620182125	102.65902336648514	3.465170341019984	552.9299153488887	219.2861517790517	2.441054173558143	8.350845354503878	317.1901111168203	2453.4890002944067	12993.813089205541	119.66779429129866	311.15713939102125	709.0776021867343	4880116.732819544	84925842.53386468	599938563.6153344
1475	1475	0.0	10.48196897642211	46.65948108845501	0.2783892964389889	0.040869879903931754	4346309.579156502	0.3797795767679346	13.750185933417738	4.226558188034687	727.2568619421302	208.8917425089383	10.89793773121976	15.53529147442708	31.01297963565235	114.07567407847363	886.3303525092301	106.9584007662313	284.4101758371363	687.5279063142575	1641333.0555584382	7732730.408962136	64823252.68778302
1476	1476	0.0	9.370336197122327	243.97217149229732	0.501195297793835	0.33558138223820577	13957421.529775187	0.3523981632820117	30.432114577880313	4.501922322029714	884.2997398163265	291.0826482171326	9.108685328645167	3.125638128710599	75.93732542371617	243.0630882676697	1147.3642265733508	148.74592561592488	396.2585279416686	977.1314568757441	6227375.738602878	25675508.137601923	182407599.1903495
1477	1477	0.0	9.469181114135878	8703.475100839174	0.8950438426067013	0.2684030971683792	553409557.504132	0.762291696440586	167.9329410994654	4.29411778296344	795.5103163215946	292.7792571431233	3.325059031525468	4.430800084359296	641.510735426581	2448.0533509699007	8879.829431351323	149.7311031895414	398.6830020494757	975.3817438602027	47393849.14277801	211104642.91244367	1037235076.8932078
1478	1478	0.0	10.2075975135779	161.82630596726943	0.2830943809909943	0.5206621417217009	1998156.5162451738	0.23051407074349758	152.10143331915944	4.199161492986605	436.5944146182421	153.927416332558	2.165662772334967	11.46114861960734	102.74620845019297	435.1539393981112	3150.2252095056187	78.89937930136023	209.4731135443285	504.95039769030905	1610350.3851846494	8495107.107784776	63881537.199447826
1479	1479	0.0	8.380501343523497	73.68735925689191	0.3300723555403927	0.10354281956841817	10567951.676934289	0.30521028725035576	158.34464012998077	4.499511141970288	1160.209054013933	300.2699049950347	9.635441626635963	0.3087769762581773	32.13077607027377	182.99218888201244	3453.2590251488723	152.6247865403277	406.1911087937066	988.4346116629088	4939369.061113464	34781125.30399734	885658163.9867759
1480	1480	0.0	11.09793072605985	18.35954848899461	0.13817975508754698	0.33958249086059195	173632.07560551842	0.04782739243646087	2.0765568464307917	4.626691646000836	631.4552000819449	174.4248507127309	14.70443597659323	15.65750083355202	28.199850485734483	109.5996805611018	406.9376643627969	86.45838622432495	230.53499542953142	568.7171820412675	995582.324079183	4336538.001489205	20814694.212604806
1481	1481	0.0	8.167631060804235	16748.943983831727	0.6612945904270974	0.9999716297074014	36548817025.565186	0.9999905357427068	58.66832507246017	3.182498290960211	1675.91374320754	365.1067643600047	7.854139505474002	-3.350995998054404	2002.2197941820223	10138.991548786897	31347.53813371481	182.7345470626708	487.38550217609304	1200.5856576735264	724205722.5120001	3635493148.2012854	12672681966.876167
1482	1482	0.0	8.09513226549684	4197.30751970045	0.6036781462208791	0.23622401287525008	443799660.8497498	0.5202814448305861	37.54978312032933	4.224327245960012	994.1615164808093	333.5851851142573	4.513115247709678	0.3226861802324591	473.4057580748936	2709.1419684123084	12197.642852793131	171.52671907071692	455.7495436972422	1097.5116187645363	53675213.49055244	401300674.88085765	2501240275.4664783
1483	1483	0.0	10.96787550380912	58.65875742232992	0.6203427258592507	0.059674352238605614	1120017.1807989378	0.6045228070509421	18.138963638735714	4.390600603015628	462.0762800883632	145.1502632162649	7.504004501034952	8.432667919417902	6.859286186265216	34.286626694348385	334.62553445958395	71.55131493130949	191.1006798401059	477.0823914726931	113718.67436632431	656805.6778153246	9266741.033414276
1484	1484	0.0	10.87757910646364	13.890965526404173	0.34178046657825234	0.8119599718567373	741858.9318216449	0.5246248876159846	8.771447547731693	4.210230192984454	521.7715231066024	151.0113675661688	5.182318321395957	14.09874421246611	5.8930581887495785	26.245132505418866	112.69646982801895	76.14531849228666	202.99353456214163	498.8161627150033	145690.52064762768	675837.439127305	3849103.1523445738
1485	1485	0.0	9.206822908524284	1.2589404678167437	0.03484011554227924	0.540249481832879	183306.80074459413	0.0693957170816161	0.5938972651311801	4.456488942028955	875.696075264882	267.1829228976217	10.03558577091563	3.55738733590469	9.847585485403906	40.53373655199161	619.9695753749738	135.0541552974189	359.7202307407417	879.1883754590679	752740.350366935	3997648.9357636017	99542977.42512766
1486	1486	0.0	8.302681355759727	16084.223416825633	0.9438804325546821	0.35170101630112416	2809189604.564435	0.9139991783440445	74.35368742800583	4.481307993002702	1187.144906852488	297.3965354404494	8.156151763771424	-1.050873833876876	250.5592789745666	1189.1797941760628	9445.210246808554	151.3204227376832	402.6711146290518	979.0739563241176	41762913.92461114	229695108.84136274	2398823559.6440787
1487	1487	0.0	10.17308088454497	2919.902591689321	0.9833130337977151	0.010691567625954596	211885105.7055849	0.9125982945133055	62.28419533023636	4.462947947031353	927.0701897153858	266.9125297101411	10.20653889797655	5.261535173690038	69.6939296129474	270.3448083898759	1279.5908114815059	136.10209670166716	362.1007419841453	879.1373858038286	6838187.76366929	31562914.569743082	193512017.5740545
1488	1488	0.0	25.88898922221232	6.340601210306383	0.5408678442103418	0.9083628445998935	13135.11949497046	0.7141449874818719	1.942635065899306	4.702216881036293	203.6610837787995	32.51128004244661	25.24277683467871	197.6803477653644	1.8039431676342619	5.638854159932111	19.277146656983632	16.197467690446274	43.192408900378666	106.50496074481984	1702.295331502324	6309.246335030335	29329.700449756267
1489	1489	0.0	9.506508302376888	62.22575541447801	0.2821976836265442	0.3658919238516525	432221.2473047166	0.08988742859264437	2.0949549303639063	4.02480909100268	602.0985083075913	196.124241194241	5.100625808295877	8.283976758594502	40.95104801899168	146.35965899798683	1756.4454281570288	97.5646301566826	260.3877163981761	644.6057512979486	1183571.8877178703	5825994.084087347	106284157.58409986
1490	1490	0.0	10.48761564400156	48.28561252605015	0.5971591194011452	0.86562760052083	5419415.183561627	0.6801862478747265	3.7545897583074677	4.647131086036097	804.0421673382484	225.8365858076239	12.30393709115447	10.44387987520489	9.898946001980361	34.595431797886334	235.65796673890148	113.29102819765797	302.0315115469243	742.2556395838324	601818.5555585978	2546605.003022736	27880219.800628535
1491	1491	0.0	8.854289641001065	280.4289892061436	0.6513594934866667	0.032410995946042555	7472280.311182845	0.6175313175142761	42.85706644203669	3.16431379399728	537.9150023461964	177.9246111651574	3.988760471708765	6.239684726588898	31.001967055844602	150.29379063752256	857.9304823046972	85.5967104664154	229.30512682744734	581.3796884495388	596782.0076900122	4163791.0646217433	36937820.54194957
1492	1492	0.0	14.24892886692014	85.66040766435678	0.8687750041108829	0.6318397190039474	1640122.6268152248	0.8024334963643794	10.281083435708464	4.708637104951777	500.0673457053994	122.1220501758002	14.55006082544313	40.9511278110422	8.701805580093367	27.81147367421083	98.15032270569148	62.07979475970444	165.2173860534067	402.02446889552505	149220.6230987163	560499.321251786	2652222.3582161926
1493	1493	0.0	9.128283919565314	52.56076453134502	0.2034168185383442	0.4818886543438612	3637344.570343494	0.2581816354515451	15.884050149035254	4.785550888977014	906.9815792394525	384.2769792933219	6.555375068316543	2.645895400863072	51.2245619104218	286.1233767262805	3367.823552476675	222.10850352293255	569.9892095854921	1253.4603621515744	2171562.3073756457	25761989.29223543	719402702.4630231
1494	1494	0.0	10.79745307756192	73.33328225032311	0.8850658591553654	0.02246172950978415	697789.0450053668	0.6016932992296269	142.9549132305014	3.998365836974699	677.153686477593	189.2564719918311	10.57257205525995	16.23320784541546	2.6123586727636776	9.46257623463922	94.25231124746502	91.8232032693603	245.8657588740365	626.7946164412053	104930.77511481647	460721.42362188164	5485860.66640787
1495	1495	0.0	15.45982594909008	0.27211473653330726	0.060839585726521234	0.4511545910579496	674.0702828744642	0.026635750830331414	0.28977557103329765	4.643005241989158	362.5691993578752	85.68377659866204	18.16170774171958	52.51195485212058	0.9701972234972197	3.0476942998611216	11.328094578621043	41.364704662106135	110.56738292149487	279.3884243966922	6432.032525871474	23942.164013363286	119446.98039871879
1496	1496	0.0	10.93534719569333	21.66426721701371	0.16962765943539612	0.020503913653196138	93901.24802233477	0.12329220403562749	3.6828125652901513	4.280354657967109	490.0336695674184	166.8276662662628	9.307307637373292	17.80200445037047	28.707728171789377	168.88700329444012	1226.8163684739473	83.14263245518532	219.85016767249414	540.6061460128716	290663.6111282147	2802339.2968221614	41021090.7926099
1497	1497	0.0	8.613754412541857	175.20254843782837	0.1387140873413603	0.43272537744000655	4855383.5820071	0.10837004878015154	2.9301852400369066	3.656039608002175	688.5766511042527	244.8264766856695	1.777505396908939	6.976652751048679	309.09818683730384	1497.2150924828325	7535.2557831530885	125.13677616616917	333.8609196274077	812.1930199436649	13919145.383082306	84548596.50648302	585515164.3094375
1498	1498	0.0	9.656854207400647	296.5853918764599	0.5822431125166291	0.5346342667729036	21717222.303986974	0.4822886001909237	30.996563964396604	4.578742874029558	905.7427717575254	281.8060329199667	9.971367808404832	4.712979492419614	59.478702029772116	223.0451274131393	1041.5572852449873	143.03488624936767	380.7713684081151	927.5240288934026	4895762.560688168	23468501.845779657	165903028.1930647
1499	1499	0.0	9.719381280704502	71.06456661560875	0.21426805133826773	0.08987638343607653	6620780.822018604	0.2439749135403878	33.43707695124912	4.467644018004648	892.0680172482464	312.9736335838133	5.684873581545236	0.4742880544546186	65.70278777619741	214.65090919997465	2437.7873180642837	156.03281916704702	417.5000125347203	1051.5899631098737	5047604.916332913	22263866.2021548	507098722.02039844
1500	1500	0.0	9.304880748176306	41.912226407732966	0.10013421108882258	0.27885715540227524	84652.87589681275	0.010202839328380254	2.8693587241067426	2.759201100037899	553.5890762046548	175.487177623858	2.240461861022784	10.98200012837984	89.14150371241463	279.4888687574857	1023.2395881173213	88.24190101233268	235.08538394481928	575.5912652143575	2166440.7387063927	8262058.109424019	41718642.56404964
1501	1501	0.0	9.675460776052162	1.8195623948914106	0.19765894857133703	0.09308673736688183	36901.1657051748	0.1468321936523499	0.5115437974283161	4.511831249052193	606.3016945739525	168.7643526047806	13.65974383721625	8.325994783725431	1.8446141428576233	6.1835465935383995	24.334094113521243	85.67838365086106	227.99677929942527	554.494008926184	54655.83962948079	219544.99402147057	1291690.663107901
1502	1502	0.0	83.05191277076405	0.0032784908016061202	0.05915557224348514	0.06830722599429755	0.5203920289722395	0.4698955523772898	0.020411957073625763	7.172074828995392	50.96840745918949	6.056586699834388	51.02437485847543	2331.495220143961	0.012092348135123837	0.037659716279892355	0.12664214204185684	3.0422574775483895	8.107306589618425	19.89463163117621	0.1588840781728977	0.5770578298998662	2.530434932912173
1503	1503	0.0	10.25093511483775	7360.605268501458	0.8023405233236781	0.4478125070560725	70872691.93705027	0.7247338261537883	145.1370876659293	3.854280970990658	386.3625994906588	120.3442675468261	1.460450035438662	17.19361871227938	651.714643945083	3058.7333816248874	9713.218284698167	61.35244417584789	163.03963768297825	394.6944679653779	6324734.618868087	30992593.88746407	141308441.97936305
1504	1504	0.0	9.254680888787012	16.362947590814485	0.46433825538691875	0.5764312521159035	570112.5666230117	0.3891686004341963	4.320536539584065	4.424912065034732	671.1133345585249	201.2625258033717	10.69609584243449	4.694445155575729	5.143434891690544	18.372350632238337	66.12893686806152	101.30548440388452	269.63278749225606	657.4606439141463	213532.161677538	876926.5099674033	4774827.871041496
1505	1505	0.0	8.413164251603646	6836.046740244006	0.7597479713133647	0.06377544217510116	374059024.6329767	0.5801747405758179	73.3609165132576	4.008038508007303	939.4044840896539	326.9280023918246	4.957880409253102	0.141337312306844	264.88648472055604	1948.5384737026566	15330.490859578817	171.22736281622736	453.53046123093634	1076.8048367445956	24914711.30112409	237195650.42103922	2937484936.9209385
1506	1506	0.0	8.255305708154843	49.518325067459806	0.1334506172130324	0.4289510608666904	1746499.972954013	0.18615585634970247	98.31054118980195	3.048171161033679	654.322663095724	277.8995746324848	2.853561860545861	3.449564160721736	81.53696757069862	327.4387247755108	2447.056513395126	140.36438984984864	372.87960812472966	914.6165771024828	1976780.7520129436	13852285.737857468	240487130.47190514
1507	1507	0.0	13.27524508529686	2.150689965853622	0.026037870177830262	0.6065325013390391	209064.18419346443	0.10293364872628287	0.48055391189439295	4.67891282500932	561.5367416156058	149.9681458646582	11.72533033323975	27.6724435450375	18.869161992475636	55.84200846676126	186.0379438442283	76.13290945626602	202.822008831118	494.8185823894535	452425.3031991375	1572275.915122674	7608438.177991698
1508	1508	0.0	8.359641941711311	6968.655136187564	0.7025897209652044	0.8279982538194712	809290517.4230756	0.8615414724546246	134.59072496985968	3.564763764967211	692.4293237945129	249.1153477975121	2.555554213203266	6.803831345046754	578.7083121782208	3239.8179966565554	14126.839659162895	128.65251059359014	341.3268500545357	818.2660191200669	32838497.838491403	188293975.71932346	976296347.2225045
1509	1509	0.0	8.016828669679816	24.759162533729217	0.03120944772428123	0.9032883009927839	110756159.89613113	0.2849274357546718	2.799132492049992	4.518899868999142	1406.201826601496	334.7707504396071	9.308046929197518	-1.252153501171163	264.13796971986426	1160.1717756416394	12359.58616413891	169.90698005243212	452.2970183022751	1102.0356376076	63622998.3538834	324370544.2291332	4292150635.9254417
1510	1510	0.0	12.27891398722111	235.21204407041373	0.9414862905460925	0.04957119247958719	1217836.1361787457	0.7612217636492007	8.973676802927885	4.476059356995393	445.8890786533119	171.9755759329881	7.987959727293731	19.56754384258571	3.956468823417774	19.075236586453528	177.38603903903015	87.45546915299576	243.54185433665623	560.7092576468749	62390.782282395776	312109.4234842623	3118824.1665420397
1511	1511	0.0	9.632720683890824	78.05430900463247	0.49369385401135446	0.47975458162458395	5531163.712446007	0.44226202262158876	26.287221858150307	4.463533360976726	839.3349633536676	304.2701792302041	7.152259682159666	2.360759814110511	13.177688317380753	81.41582152950242	2146.392127237764	149.52484790649476	400.1233767261027	1008.9009292584824	1015187.7154006353	8428121.278991532	311577285.686436
1512	1512	0.0	10.45582205800777	75.16923709922456	0.3650012221658055	0.06073861074732559	3816684.29811079	0.30648969582332647	117.87959108393056	4.767994856985752	790.097133863483	250.5847002533837	10.73977839872251	10.91922874134782	18.285145758958233	205.38853011451525	1276.4212913395236	126.40274342793589	337.00406129022326	826.1830248379799	1406635.9672222328	16148076.812390057	128082741.98949517
1513	1513	0.0	8.850227615863389	401.91674435044797	0.39879762207944347	0.057720841579380004	89597537.51359671	0.4455724963304726	154.4856532201847	4.474549675011076	1172.043628029156	312.9676838161405	9.51427841848482	1.909696384741649	170.06476480583402	569.8283890756546	2276.361370695882	159.38333623993572	424.0752983073686	1030.422009800157	27410555.631173827	110617166.54986183	581163675.7628552
1514	1514	0.0	15.72520231633389	4.422684091366721	0.4257519047509013	0.36877918187607894	13676.339306729395	0.19742192098302805	2.0974852984562067	4.759800895990338	405.2712812672157	79.53100308069033	19.76050242524166	55.25634223867649	1.7483679530078484	5.566960814639343	20.154923420800756	40.123592309573894	106.88286732043662	261.4730963204251	13901.549222833639	52495.85292878338	256397.5621570404
1515	1515	0.0	8.022225972165565	18.346434525788183	0.06565888968757458	0.15726033349892074	582732.6976550707	0.03284154186182706	3.8681117292021687	4.526444308983628	1033.755422272828	326.4350690596532	8.373804127156241	-0.8867566413184987	96.71821118110758	599.7923616036406	7216.739513497884	171.48230678017444	453.7041672829098	1073.2418455473571	9823642.49494349	88373161.70703933	1823851306.9421191
1516	1516	0.0	8.17529660830749	4416.3631611004885	0.7139192551950284	0.45708765435431287	239256124.97055358	0.6526341779845276	121.41594996150826	3.558470632997341	716.2895972893585	267.3440119932769	1.75104175503689	4.042519473795209	403.94205026200336	1888.7721922468768	9481.437452810675	138.17222241597824	366.1401561878431	880.909864742636	20602680.675363854	119705486.27045847	855562335.5519587
1517	1517	0.0	8.669348539378477	405.2739189312887	0.5457497687451953	0.49762446999910004	28876054.82143213	0.39870804651378755	6.965921491442422	4.123491727979854	963.8163382281568	279.8095695715475	5.455628225932889	4.869743958278855	98.46992823914162	349.18915756404306	1802.9621089863826	142.47516222196384	379.1536289074684	922.7605058570607	10256787.943294559	43579244.361641616	314261179.07159257
1518	1518	0.0	14.40737004566934	25.03455576106489	0.21401052732343787	0.26544592141687956	5150.054504785987	0.0487771130610354	3.3813633204689943	3.945050644979347	236.6713207280908	82.65484094284149	4.144929223363672	45.06157040826716	23.034098427252662	75.64647930312836	673.7671004821241	35.01602863432856	97.3209974053577	275.64245119510383	31915.416333671124	134058.4483482398	3437104.66064221
1519	1519	0.0	9.539703744251785	18.45134623143784	0.7091808274132247	0.5679253488185133	260985.8654843591	0.610080075826373	2.359484976883156	4.381037243991159	474.1004532849083	131.2579339278556	12.00250666573878	6.551861746710522	2.659600407583988	9.284814607326707	44.87288781148509	65.04254117818778	173.3297833125584	425.9722270125385	39466.07165005549	168708.18414691297	1236718.1039699214
1520	1520	0.0	15.17478974876463	2.481817536815848	0.045017601772028855	0.3720036305197063	1142.4544858553538	0.0031403883653488983	56.919164135775695	4.328291864017956	412.0324050464833	101.9863106410429	12.90012260448233	54.66677597314334	13.128953368903312	47.84041442268319	308.11316859294334	51.02328150862684	136.10966089393492	335.2725605392303	128630.69575729381	573565.1791573038	4695358.317688631
1521	1521	0.0	8.472091219179699	33.952050741432025	0.21765482835113112	0.4708026392961775	3154468.0661801714	0.17671338678824747	6.099647275385716	4.670070053951349	1083.35756272812	345.8534028064058	9.755157599346854	1.545010265755517	30.54027643260748	124.38328373836337	1573.298513938083	177.97592752438788	472.91990017527746	1138.870014389633	3761001.2577787363	20308411.94090155	411001122.5049487
1522	1522	0.0	8.033410609680237	3091.1184953124116	0.8461916655093141	0.39558158026871343	144877991.18486464	0.791762880032049	55.27943839654407	3.468844051007181	682.0635017828625	260.7626737430839	3.172171177445589	4.039659236800643	76.42507872602285	378.79957110743993	5074.902228330216	132.18283752288812	351.7187766481219	855.3960737200068	3053796.948698403	17506541.381802786	491654561.48683864
1523	1523	0.0	8.853126465487064	9054.299844536696	0.9132198179231352	0.5592753179778619	897272900.854017	0.8639790002008929	139.7253548940974	4.208092209009919	848.8074352227051	289.5165730685768	4.897948366881401	3.233615557240206	249.46928203833343	1548.9490596582145	8415.631274685416	147.25002211832543	391.8607218622931	954.0133357171131	20815682.958422616	149580748.8971036	1139907205.7606118
1524	1524	0.0	13.24928095075237	29.834266294615592	0.2931008938243241	0.2867620443636035	687948.5356061485	0.26356468743092654	6.895165461079264	4.832564561977051	517.7334928578416	163.6790330696649	12.44492544960995	32.10157137719266	15.042784347013816	81.04743359942037	328.4465409715007	86.73414431781947	230.17685520386613	534.1868833396699	428415.7100337802	2124364.0987455095	9820098.61571696
1525	1525	0.0	8.105213666871384	12314.116362537183	0.9014535727551077	0.9999999999999253	118197731503.27385	1.000003910767112	54.42888254929308	3.481688697997015	1645.065836510548	413.9345074831285	8.987021916198625	-1.51978313543303	61.21194340937132	599.6293050905181	12106.32391774411	210.6719418439527	560.5785025658711	1362.8833810069027	23414945.741345957	259659660.62974524	6170144635.852984
1526	1526	0.0	8.129648176443864	8950.227432531039	0.7638106764858666	1.0000000000000107	209321261340.7342	1.00000502207683	43.42646743789835	3.333828678994905	1770.936214034215	559.1845115588687	8.050433721581205	-3.277141702638465	205.19196691612217	1252.7364240269264	21144.873295725043	298.52682688994287	787.0561829615915	1836.680272468488	76726568.64797246	717708466.2730601	13852577866.978632
1527	1527	0.0	14.40053727435142	1.963815990162064	0.10708185868563308	0.041721298307225325	46133.21379265849	0.36741966451193286	0.7158069121177792	4.327015697956085	351.1102452975867	69.3440042085297	14.52373908457871	44.94246781299533	3.907407604941644	12.491672954150394	42.92742660111389	34.78769150753271	92.74289667319636	227.90763033309588	19828.8210962838	76584.47792379679	371103.72379446216
1528	1528	0.0	8.981251190323997	352.87052195842386	0.6102115435914639	0.7708401379130072	91014958.7465893	0.6189790716965279	43.10666797542597	4.577424566959962	1247.488250032376	350.7764363200083	10.98096709520538	2.30876537224701	37.09396783730793	222.88111153205685	1505.9493850649817	177.71296227939206	473.23646173537907	1155.5456623703244	7862718.275473681	51877882.225944385	457359036.2033018
1529	1529	0.0	9.956549152949565	26.80494079392998	0.6134693647238172	0.29337099600256	552585.2442554641	0.37127032504796526	4.408239453829979	4.520877275033854	693.337269308595	180.2831452606174	14.45999339095491	8.504332105345146	6.093036533664137	19.28126239634794	71.06204817079066	89.70881680875323	239.1054834090338	588.0820014379262	236333.69224639935	903334.4089393151	4771170.072539985
1530	1530	0.0	9.958291473102248	3.068667390303363	0.08335928728128379	0.06879597103537415	301069.4902692996	0.20757904552009818	0.6812488168920489	3.982140869018622	574.4764952415567	184.8511697100219	5.393566425583654	8.295778358326562	8.658861957539127	41.168022791016114	304.54578089800947	93.07459164384602	248.15828692016646	615.2634152375979	285214.84007693245	1460805.8704721304	12389976.232273024
1531	1531	0.0	10.01275086138846	0.23932982851724685	0.007016073682346452	0.41588966987153003	15382.013262948913	0.007378015411959077	0.33710575075548976	4.636166844982654	908.5563061440171	271.2880944593772	11.58793878025345	7.598757779597463	16.92704985003519	144.609552420883	838.619642390116	137.2710343903426	365.6618677630637	893.5589160329466	1656324.3099102804	16301999.901386037	127088056.53434911
1532	1532	0.0	11.76280855486916	58.44893401102812	0.6437830562972556	0.4124521811416246	981541.7466293547	0.5216637972021402	3.088698491762695	4.612632252974436	515.8461293957887	160.1175643809023	13.27569577831954	15.95451893683263	12.518773652948742	39.12870354908187	137.7669808175442	79.9890459386358	213.70727896822922	525.1183064003031	251939.14914891368	912280.3449978172	4239527.308791142
1533	1533	0.0	8.1888124485211	336.1371049070551	0.29383296847177093	0.32775267821462206	10080007.500662794	0.18383981317641937	32.384081067830515	4.117144307994749	808.8688315917062	272.9737925246348	4.724647410394341	4.241387262793194	163.29453312578562	985.8720033164236	5647.812962989931	138.49471593734427	369.0628501605048	907.7779940524849	11831579.320299326	86970169.99193098	731202868.4613194
1534	1534	0.0	15.20693421502079	4.832495441567365	0.7463543552662845	0.018077708460338137	95023.8467596268	0.7947335023320012	159.75752180793145	3.825852966983803	459.8007283268855	90.87054384477669	15.67179075966051	51.67120392785407	0.6095347148291772	2.0353157993673303	9.908012812495583	44.145825926872874	117.97404030459035	295.75155567235475	6371.747348129135	25804.360851883877	181081.0391436295
1535	1535	0.0	9.831186851621165	484.48225669808494	0.8294598349822477	0.38839808587210084	32442223.449666433	0.7293237799171145	137.6744625904646	4.181997431034688	827.0387675714795	237.8592429181902	9.568570611625582	12.09178341249274	39.89256286087408	145.2210431054572	697.1375322720545	120.99724908033147	322.03217662435964	783.2311617897992	2889498.8095900277	12725745.555380706	80273418.9146383
1536	1536	0.0	8.177946546978175	416.0798246134216	0.31660426865549646	0.2879973323886908	43475947.1491888	0.2004190525620798	14.500108505148606	3.993123752996325	1257.999216216766	338.5852360894745	5.660351662880876	1.83507799668804	209.69575075194945	949.2913888894935	3767.3525820932828	172.29314745121087	458.51252436052664	1115.2013849365976	43336762.77642025	217931532.5431816	1133476938.7538538
1537	1537	0.0	9.480692170811233	0.31801360775579196	0.021024354067205903	0.5773843806851333	40330.78140372075	0.09455091063235053	0.5559346653255083	3.834443413012195	632.6407752890375	189.637724626339	9.238906074580772	7.334266178355492	3.545383089789314	13.186592091098754	164.3286584230883	89.08735368234784	238.8530122116585	613.0620141260902	103945.24433830706	495124.5984987419	11109545.268176483
1538	1538	0.0	11.43703502581726	8.658494207041494	0.32173154170487195	0.6691039216874382	167641.7613839249	0.29462387762266984	1.2034722220991632	4.612676728051156	538.8648969893554	135.2215978302813	13.29131885408661	15.43752329449791	4.901603930644956	15.78265110667533	60.057054558082946	67.77641596723322	180.61275433862062	443.5620753531971	100022.8054683453	382554.46666441596	2092688.4016076745
1539	1539	0.0	9.424460598586183	96.23026200873292	0.510761139785178	0.26670398854033717	4819595.594909153	0.3802054286604323	8.930947484387271	4.112278921005782	825.6638233333749	247.8516676427895	7.572256976187521	8.06998812408737	23.39646243202192	92.52070329667649	400.0336994895276	125.69554717470089	334.5851623206479	815.1715419277459	1750468.4338305304	8012704.110120851	47906572.73848814
1540	1540	0.0	9.500462939882814	55.314696804693575	0.3095021710214515	0.12120561360009989	2250749.541026566	0.19128975736916656	14.421198792663906	4.164796929981094	816.2581643766509	246.8950277542752	9.71259145876463	9.228470336631728	30.817478646322645	125.12996036779131	1092.4604826739326	127.20633173255408	337.8082247273329	811.5433883362875	2395036.2589403894	11468693.415113674	109550375.91752657
1541	1541	0.0	8.231932407302434	349.9854500530254	0.5442753220870524	0.3744968236635907	16829290.317967147	0.4744388000238878	11.954539357910287	3.932121646997984	796.3448372850443	322.1254748376748	5.345063314313304	0.5495178488604856	41.16122526034477	275.66408036427526	2164.3454491320813	162.66198285071198	434.09815926041995	1061.2886208966863	2329880.0796214556	19479154.375527892	358469422.6940444
1542	1542	0.0	11.34732684469365	884.405678641189	0.19085461191698072	0.281519376608167	12041817.359089611	0.20319776521630456	166.21751461939073	3.636505872011185	428.7326992645866	132.11172879955	1.333726775237672	23.28505201391511	934.0753168543043	3210.0558977222868	10494.147085294306	67.92863518015787	180.52163128358893	434.5276746325608	11792559.51767934	47371795.22986175	187146145.76229456
1543	1543	0.0	22.39778756632797	1.1876332928818394	0.3562342837360864	0.4624257328629976	2150.1476765687967	0.16298438143883082	0.7794571882526141	4.80040073802229	338.1880670223246	62.84578558642346	21.20222591811804	137.1025401081578	0.5959931773128924	1.8898273353965835	6.745655851105496	31.527499597260487	84.03865925569363	206.49033163076948	2766.5786124269684	10344.766758521564	49014.26606615254
1544	1544	0.0	9.541166989994453	0.10819019645300193	0.0013244731050414782	0.8212843435685907	1130515.4777624735	0.18329925526744628	0.40797226902476574	4.245806524995714	738.7390824370858	210.7372013219457	10.31088659040233	11.07490030908254	21.506828561837604	93.67945649786245	546.2984919401305	107.21955116245533	285.27267863933264	693.1273966103336	1285245.0229347348	6083178.307318508	46247333.173648424
1545	1545	0.0	8.644871711728351	51.616559180482554	0.4072991912702429	0.2456507829970875	2008798.3551156581	0.3109493744784316	15.481120001674494	4.205796458991244	772.6896708257682	240.8232075105246	7.351337682084647	4.104638983795198	21.99806322997336	68.81721338989935	348.6839935757459	116.40941581782977	311.2570884714818	781.4186403761337	1086511.5724829002	4432711.761779082	39886137.718955845
1546	1546	0.0	11.18997955760556	10.120701104557634	0.17332201996537425	0.10369882932099107	268764.3593100759	0.1226112303120142	14.976235060774238	4.167126141954213	685.6161063502203	181.3319897819568	11.03023016032554	20.92047864097506	12.094154348587233	45.557911123480565	296.16814079881783	91.84112832949529	244.61482913638326	597.4208189840368	513866.1171195813	2274782.4256322766	19588521.77691714
1547	1547	0.0	8.48719513172343	3866.6258234873612	0.5302708056698271	0.2752481021361129	665866888.2301018	0.5021867548927222	34.06959464130451	4.480687256029341	1183.098167154859	326.4726805600359	5.391226818501249	-2.424053776616197	291.26620990456695	3143.067074014345	26787.228497700675	165.53541450773946	441.1500647885126	1076.180466188383	47127828.267686546	655295672.1396748	5967110460.151921
1548	1548	0.0	8.287245675226016	1855.6782495617078	0.7353676522344028	0.2265349316219229	109150904.30984938	0.6165546843170961	37.28229122065953	4.175920028006658	910.0650222926517	309.1486335710195	3.480466232775039	1.379271407765059	76.98586629263653	434.35499889366974	6494.248737423628	160.62556524388845	426.35521677798056	1024.0933623836202	6081504.883303297	48118353.502209656	1116959348.9786088
1549	1549	0.0	8.953864544422077	50.38384663907932	0.15455547125663582	0.8359358503746234	20860175.4312197	0.6078096015051624	3.8253447494552266	4.584850348008331	757.6164377211509	269.6193185386577	9.941936583905113	2.707032498577123	67.10934509850541	219.75200427399704	1152.3656943075287	126.16064627994353	338.8883063979232	881.4169747659295	3201368.087144902	13434307.827455867	144169986.9330579
1550	1550	0.0	11.81912536258775	30.817813535095823	0.4428247971068409	0.4015226123171464	330836.1310576888	0.3016497139765774	2.6549940045158	4.368780345015693	492.8477407209614	121.4968869895529	8.979811452074102	23.30168913336312	10.280135078245312	38.87660668851832	300.86122174299965	61.7339402467893	164.27507738923367	399.7662914702216	181638.175767993	840989.1240339825	6848759.392616592
1551	1551	0.0	8.231153249558927	2874.580734848048	0.26795400163554317	0.74595224585942	1302880446.622173	0.395571814116198	22.361427436494715	4.384418996982276	1389.273995127634	286.0343394435407	7.572926198186133	-3.185852781837107	1628.4644720078697	8858.265309175511	29891.874597200673	144.4710105593672	384.85554705531126	941.1858136315833	376031407.2788886	2030268402.738758	7773550232.347869
1552	1552	0.0	9.403641033197284	38.20097482031178	0.478784768892476	0.35414215575593166	1203273.449048949	0.29546959746558077	2.4587943116211672	4.470695439027622	808.4294537373015	271.1441384494588	10.84738443806589	2.891993980276342	12.671365094289609	40.934086985195464	293.5742045915062	129.2188660508226	346.26979636829697	882.9357533525518	707642.1204378594	2950323.1574688824	38752520.06427547
1553	1553	0.0	8.26119295642914	4.773482607138491	0.02567561784155915	0.11718726369860022	294153.7684405957	0.028975118903625814	1.4045011311473727	4.365144281007815	1141.188964976477	355.3510047743301	7.18585577667344	-1.984231952575846	98.0586753635917	2662.141688633529	22669.13740903515	179.48778943793513	482.664144435716	1182.2052016038879	12836994.074247736	523064627.131453	5296135202.966547
1554	1554	0.0	8.007809973370302	512.3887704013603	0.39978556947845845	0.5418099392149752	40754368.28009727	0.29366893393730975	122.3485549164804	4.275388368987478	951.7180933066766	299.2574709097959	8.044551873092237	3.403220054335029	211.43890955871362	713.2618332434034	2779.2568137539542	154.67137555951456	410.6018100859777	985.4495786900015	24656912.277595356	90032781.4713955	431975050.8815468
1555	1555	0.0	13.65521418148692	0.8499487403163979	0.08732248351386189	0.707486024265303	11628.019525741001	0.20451925105712848	1.121518821636839	3.710404420970008	333.6159231521006	77.95786162909907	13.62788640586345	36.63648258276429	2.0972668087849087	6.78139212800909	25.86264835752829	39.3732801275475	104.87736128099169	256.45924232964256	11301.051959684473	43658.02954236709	225975.8142030427
1556	1556	0.0	8.25055425417198	721.5827114702182	0.7327393657603202	0.08715249411840911	149697349.20479137	0.7202584125332695	18.807996220542325	4.383864406030625	1124.336251555331	304.7611194101216	9.060285622970799	-1.000889679185947	82.89413393171004	279.93211404023543	7018.20615846925	155.82324177656642	414.3536379603877	1003.6605945909017	11689941.203897484	47664620.06947463	1600293313.7014062
1557	1557	0.0	8.04572037143663	9.022406686020073	0.0641683393904853	0.11092572841814398	104927.50982636327	0.013871384774557419	3.0351019801368766	4.506487365986686	922.0394560680999	296.7113795922371	8.88342690922018	-0.6233640507963569	33.112688343245125	137.1220095927555	4441.282274205466	150.5033198925163	401.2727590612766	977.2303893067517	2505783.0622243327	13600552.411205497	885014669.3844215
1558	1558	0.0	17.83660254601979	842.6508197918873	0.6413655332523913	0.04272763841814466	397629.3426968452	0.2537133560125001	36.331056084847994	3.681127629010007	238.7490985841633	63.67177436135858	1.477169182579981	85.67044468581776	127.12609171394833	482.5946044120862	3225.4027936357534	32.255470103325024	85.92194328361145	210.1493123534591	280071.597169354	1354774.7409642607	9916991.858987808
1559	1559	0.0	11.19950903718841	15.890844915383642	0.32870968555355634	0.8922666162739339	1818371.5068799357	0.4877990472555236	144.7596290524225	4.694484649982769	689.4066487391732	194.5512855703826	12.97293299245161	16.94688680548667	7.053809763025557	36.65806374952358	439.9799229484624	96.84257968694021	258.60942663615344	641.5903545874764	306763.8231388588	1940165.864793734	30440332.53383689
1560	1560	0.0	15.48213440575797	9.39943312820434	0.34847098581707175	0.46545936842245705	9312.677625545573	0.15909193980395625	4.864416692066273	4.018560861004516	259.7788486528181	60.69563889639527	13.15120008042441	55.3938299155759	4.796860123489075	15.609150339806725	61.623631636975105	29.932809686968625	79.9611218794333	199.35858898444803	12393.741546832558	47993.59146469328	253143.00755989726
1561	1561	0.0	9.13253850504591	6985.441009091777	0.7309316920416432	0.7562328571871384	325835914.38696736	0.7728813815818805	157.35629246327522	3.640005250985269	590.6499359342289	198.5519613985469	2.152508817468842	10.92642184128303	855.0259952982273	3444.529417777143	12028.776075281708	103.11735093563618	273.1378264508941	651.1711002068122	28031102.391797688	127379845.94045691	540741722.8562808
1562	1562	0.0	8.872082988392458	9.730560699167077	0.12359259055523596	0.6101798173871531	778734.0432505464	0.17836483723665406	1.5509667356702521	3.982445406029001	798.1114593479608	220.2444749088315	9.611863208241061	6.29790405967027	16.54041856410043	53.63874494027389	247.14898607010832	108.06241157822512	288.39387177902347	716.4180046553201	900689.2560958668	3632379.2629208965	26646257.586916424
1563	1563	0.0	8.587904607641814	1087.514740782208	0.7190612978427108	0.4287197222619192	122391934.9851403	0.5895916680224749	122.5415140707728	4.57238258299185	1128.513591329084	298.1603837606096	9.778785139361883	1.237992027085595	85.04087236975013	479.7424618896696	2686.7971757345917	151.96554063968983	404.306001684163	981.7184101453996	14115860.695274146	83325027.53193292	641545974.9199849
1564	1564	0.0	10.86143586988178	399.29395170916064	0.6262625862626308	0.28657060453749367	6035816.049268072	0.27253822262996047	153.4559213663888	4.257199500978459	689.3690753193077	198.1435617599412	10.98824851677346	18.1916958903159	79.63527991479154	276.70528964544894	995.7430384120856	101.71936679526891	270.3938898080514	652.4702778228354	4014455.6112775737	14900426.229611455	61376857.4263464
1565	1565	0.0	8.161874003121648	3008.028424436469	0.41231375648639507	0.9984494410938989	18196002542.345543	0.9958313001818523	141.8960303178201	4.357655756000895	1425.123050783861	377.2014606341667	8.42116071495928	-2.643528119128908	858.8397412561171	4912.755688389018	27886.60002328784	187.20978467777127	501.0965233135337	1249.1241969697671	198563127.78264397	1513907043.6536794	9057745442.82852
1566	1566	0.0	8.722232413276748	39.02715450231978	0.11715644809302969	0.3308922639294902	1645403.6626725954	0.04408071900011428	10.105377085007405	4.076695555006154	1077.304404843392	307.5398234342168	7.612027537818157	4.161219439037836	71.7758678488484	266.3771951645137	1169.096513746096	156.9071463291789	417.4263305668062	1013.0359077664675	9886854.234642956	43862947.82196072	259914912.29621124
1567	1567	0.0	9.834148218481399	7.861820942251362	0.5786854166415425	0.2615961124677765	112879.02469649837	0.4136508450292837	1.5493446143427716	4.27344764303416	539.2911392376877	154.8842393395834	12.69308250525698	5.981708285629471	1.8325687227088499	6.159209417420712	25.480483987191676	76.64379734138197	204.27678222396509	502.69619769362157	38690.1537889595	158453.1874989764	1019809.3108009493
1568	1568	0.0	8.187047453164157	21969.35045704473	0.7269577250166577	0.9999999999999916	370741540822.5207	1.0000034912018434	96.90391241705566	2.721986390009988	2460.832371318136	498.9377275760462	8.598522843870132	-4.184488703788639	3253.820505105321	12252.249599210369	32337.396370876097	251.41967478903325	669.9438671526946	1641.4774927755566	2442480364.267862	9334760394.951075	28216941239.28456
1569	1569	0.0	11.2858894321057	96.41385749362578	0.39208113106221915	0.6278990458508117	3245667.5988605665	0.38099868077453997	12.339356748689271	4.203591276949737	598.9762233139217	171.4009533383959	9.632772380020441	20.7292759135463	37.098851358415885	142.12349179742893	642.2172631589922	87.30819285796406	232.4671978196178	564.7176122122346	1285274.445290298	5050727.544449882	28114187.621182878
1570	1570	0.0	9.059768964513568	80.10008726484229	0.13557934145423334	0.15877937183938437	222422.160878822	0.0396794691239301	5.344368669643045	2.619200240005739	449.6911572343573	144.3384874094286	3.494661250816932	9.570385685093385	122.76964217647433	384.6190328462547	1395.085080525409	68.27269946893676	182.9031849705529	465.01517295792223	1391115.9048114824	5415537.001607105	34595020.90687976
1571	1571	0.0	18.03534515584544	0.923714783352538	0.4456476658990259	0.11737021827046124	1937.3807187687355	0.43652098449632915	0.7342757770673826	4.389300730021205	228.2151438492176	54.41226133023189	29.19278115739858	80.7701955755247	0.34795763653016565	1.0863347023592673	3.6841740676347783	27.661256806331465	73.62504358337529	179.19667613456687	657.837400924432	2426.364066424189	11133.107253802551
1572	1572	0.0	10.37002394605908	505.04495100576503	0.7377504809281524	0.42344276197862735	39010677.424396135	0.640587831305768	142.59547364629623	4.614747597021051	913.4977457925564	261.1921167277863	12.32094348130307	10.8150473810602	24.76900973612355	151.20216509779559	1136.1371103312679	131.97769180006765	351.5495001127291	859.6242220568023	2349787.2616966693	18031949.477998774	160074554.37132466
1573	1573	0.0	9.160836695077435	203.31888555237646	0.7446537131011273	0.4298931126227589	1368895.6772527208	0.634379727297738	37.96006262138701	3.35314991499763	358.3159195853654	117.8867814172106	4.330987968303996	6.508875952665891	27.005266771592165	94.7421203317754	369.70528305884426	54.82573230545893	146.41020180495394	365.0625486155328	172929.89034414256	819039.0175815489	4487532.598813549
1574	1574	0.0	12.74414527759508	155.79388289231449	0.38122452607454116	0.775326502394372	5057242.007821772	0.43180377326408054	167.0386135918624	4.353656985040288	532.5165334896656	150.2947677843732	11.27939051572605	32.8648266618398	63.30545591707036	239.76683738787102	950.2426749828895	77.45166147738564	205.7993079550402	494.7929287379952	1572159.0938908495	6522059.937818957	27774933.343593873
1575	1575	0.0	8.72364993333852	816.8425402016932	0.41286239409172387	0.15480244430065535	50498815.778098285	0.226817792072723	175.7457217406154	4.701619521016255	1081.235545342716	297.4838531042361	7.933935249002365	1.529224039012879	294.2342507851414	1102.6555099134378	3875.5876212456005	151.03888996667126	402.1497968372821	980.300123028375	42270497.941063836	173695876.967982	813354553.0561616
1576	1576	0.0	8.682208278542584	2775.544084713155	0.31376740242846374	0.9999999999999624	103150174659.80525	1.0000036717650171	90.67461973409193	3.147402935021091	1927.484887965586	429.6563703465139	8.779375922278321	-3.799785755553129	998.6736665199396	7946.443895582833	29497.04632078132	215.8157073538016	575.5011792513835	1414.827943664666	507150211.70712894	4057864364.4635468	16784124884.773083
1577	1577	0.0	9.15131458882656	142.41764042175046	0.6314731708307564	0.028397384228806333	10982630.385119462	0.6385471954985686	3.998629220629573	4.567221731995232	779.8226126247137	244.7391416649268	13.02667169400896	4.907460533356373	28.586689404052468	94.25588319439696	452.9858951697303	120.90361851281125	322.7703168051811	800.8848250203484	1559425.5073833487	6299640.398107558	50355545.47745295
1578	1578	0.0	8.049432845525901	523.2995877891271	0.3035196223852847	0.485934720132815	81443537.01946023	0.25567929918724014	5.0103990159118075	4.69601687497925	1303.019664087419	327.2311739222443	7.30176401280619	-1.816043537061817	229.26729593928295	2084.211003832912	19131.9016308251	165.8907584666497	441.80347953732803	1078.1783744362388	48587332.423875146	509903331.42898464	5472057058.642387
1579	1579	0.0	10.99429653402516	0.11228830995500994	0.021160544968245598	0.7674594208819316	54529.735840535526	0.29363663933027995	0.1994241816024258	4.559096099983435	587.9303639851811	152.7733319137784	14.684812344939	13.70609623029779	1.2288245412850616	4.011357667961185	16.573194419517012	77.68755009409176	206.73683342923056	502.6421112762403	32600.45831484873	126309.23893022444	749936.2890275999
1580	1580	0.0	13.01904357315945	1502.335624928021	0.11017024561270512	0.7825923842546827	46974298.3548377	0.3801846353853993	15.069596761888388	1.935885968036018	328.247831001825	108.3043307859415	-0.00033860848975564	43.31290938454751	2849.7293191447466	8563.80681149001	25090.33392234356	57.991548509844506	152.54723266412176	354.170971585802	23905320.62222124	64116693.62543787	163021292.77456263
1581	1581	0.0	8.251571035990123	773.4090940619791	0.560932022450993	0.23020251330692312	16677029.740885088	0.39169730841428607	44.47022331909182	2.653638140996918	648.6854679846331	229.0299091105071	3.702080683909107	5.932493394671959	160.61266829221094	609.1513501380934	3222.456952308956	109.88392012555528	294.2882019120919	746.5614062412282	5966425.742695331	27310541.948257957	224894171.33241037
1582	1582	0.0	9.58601308734077	555.6123931297717	0.6524785427495247	0.22519588187720027	18573401.405157052	0.44576563472488623	34.23126550277691	4.069524409016594	735.8336127607678	240.263786005014	6.478702951449514	6.469932758274024	97.40622989032806	331.29192937093745	1556.0151652365455	122.94613669593286	326.88553697883845	790.5670827308566	5855990.382462463	22829539.445614293	133503170.31314243
1583	1583	0.0	11.53159894928805	20.143047485068035	0.007881368767388602	0.8439298034425781	12376774.383161753	0.2179169471533168	27.22947832328275	4.049662395962514	431.4962572100364	127.1397148649249	1.570556689100677	25.80867164907196	828.9593097689076	2834.3819485484696	9822.962163315651	65.35926064552979	173.70598998718918	418.2808930119413	11028582.34750112	43033790.999904156	173948679.94154486
1584	1584	0.0	8.543892354654153	26.870510609963727	0.2851482185828709	0.37530040384857094	1408184.5383809414	0.19167921462734794	2.690860359939142	4.448552460002247	939.3543240655422	302.8260127352401	10.12712320906464	0.4056403706229128	16.285119707532125	73.54154455338734	1282.4922642844556	152.92444032491642	407.6248438725663	997.0200564489401	1499688.9155203684	9023937.59270788	241339918.13526368
1585	1585	0.0	8.288451516095382	441.4684573810193	0.49637299790731443	0.9221703461641176	251682732.58722267	0.7118047071388641	143.88101374503273	4.627397125994321	1228.669285817987	325.2931442818874	9.871208901614096	0.5475842274761864	96.52750189662117	447.90460840214416	3558.7252616006244	165.99869203660887	441.56185955432466	1071.1776065677786	18084380.061994657	97209543.70246787	1002646739.8588694
1586	1586	0.0	8.961648139671217	764.5965107872869	0.4660965851846102	0.1869426267219141	25824037.77929458	0.3188667267048077	172.90208959745704	4.101691884978209	765.9820822651408	246.1645435303883	4.661926612696969	6.72391906404535	175.02949571141042	891.0579178079989	5414.438425553027	124.58508960845131	331.99566595994406	816.0646274211895	10973364.708712604	69805383.84850696	545835181.7738659
1587	1587	0.0	8.429313009600659	484.0626098755361	0.2106895329887105	0.4042046895739888	12504763.382919833	0.08737497853077826	171.45253850168157	3.69858295400627	808.1591516550557	276.7959843684328	1.48931155740791	6.62013007374398	455.85994155466176	1496.3371510991137	6508.593103084854	141.67884908037684	377.5007369701141	917.9302235963823	33928377.24706415	134916123.7938055	743007091.569501
1588	1588	0.0	9.437716493494735	43.90554881511001	0.13965171244956318	0.17194196325367728	3043730.4235336203	0.08782977113220493	27.848676404648025	4.644542484020349	1065.723787477975	302.4579859136776	9.974129751615308	4.530386642765124	72.89659877020108	413.6207068468376	2285.9112671990747	153.67424475972905	409.08172819722347	996.2645355929143	10431259.849743955	69390273.07678103	464912915.3151607
1589	1589	0.0	10.12861092395548	5.202964902149028	0.26852428622543395	0.8225800669523095	724351.8415182948	0.4396525671295886	1.1140259618124833	4.593902477994561	745.8959761424412	218.5855446876065	11.59346925464152	8.268257734115707	3.479993593990333	14.473916738254827	203.5966770271008	110.1774111545651	293.44834524577686	717.7521406297552	188083.11585640957	967650.5596841815	20407012.217274215
1590	1590	0.0	8.162719618885912	38194.5752062742	0.9798592416025627	1.0000000000000007	161903810138.32108	1.0000035480641705	36.131648635529054	3.373318174039014	2085.169901111789	442.3962973327374	8.114220032068955	-3.043459511659	2924.8812453705555	10581.794344661012	30348.64934512289	223.59328747475752	595.5183594332113	1455.5329881142814	1528407417.7943711	5964432488.728074	20462012030.256054
1591	1591	0.0	9.580160477030415	17.402229174924855	0.293811482602734	0.13561032333064618	261693.41440813092	0.25522947365018955	3.074984515086982	4.15018743899418	511.9825546837638	134.645212918518	9.172083472357594	7.384798932326836	11.16437505010107	34.803742266941015	123.2101972840484	66.67345523125374	177.83228220325168	438.98350358581166	191148.5159751227	720326.294262659	3750821.597778056
1592	1592	0.0	10.82916239891844	19.225070060618656	0.14442151364426448	0.531565661105012	224164.1718620279	0.11104339857730192	6.2984115779764736	3.56129649002105	487.0344458907941	142.5782657495464	4.168684475214086	19.48355633730698	28.555536857057938	119.8518013697525	777.4546192353737	73.60088168608655	195.23361188822292	468.5898018909862	481196.11422017956	2458998.615017101	20007989.800715487
1593	1593	0.0	9.443555593994184	46.65948108845297	0.6650698268199325	0.2451707698833213	1039628.1010450459	0.5037701329328459	2.1592717199523457	3.775785928999539	642.2947965090332	218.3245251841326	7.06707310093651	5.13792325764229	6.949138406007712	25.516340777089997	315.4827712397262	105.38729797607164	282.93186059865485	715.5277209115552	207515.4302023983	1021860.8431318953	23963024.946656715
1594	1594	0.0	10.40339968721669	71.0121107627808	0.4098080303090127	0.03740568324254581	4336252.9280658625	0.4226371447821057	1.575888049113013	4.570548932999372	753.5635512257198	211.8473586571091	11.90845520707347	10.60661713090755	29.72687683991358	94.43520069687668	372.20395071673533	106.81147976401871	284.5662285686784	696.4638099841678	1464718.3136477228	5863058.619811495	35473116.87218857
1595	1595	0.0	9.15559851559997	1.3179533022456527	0.05835981759667333	0.12383076807536102	41454.32910520911	0.0509937611572871	0.31164429748507	4.563794629008044	712.3699641519472	203.924273291819	12.07471364648232	5.002559918959204	5.104617869266133	18.25380781971103	164.39799336915553	99.54740216884	265.7773198029811	662.0031624810384	214584.20174656055	969730.8417350627	14138898.404120415
1596	1596	0.0	9.351719375600172	18.005471482421118	0.2330899049249158	0.6972706597471672	2263700.447905271	0.3779746168551513	2.112990003223819	4.45366808201652	789.6226226338175	291.0426946540962	8.05401613945256	1.938951582707879	15.055248090719003	50.28882924481849	386.84644687245105	145.01403648257178	386.81000348917246	955.4821281170156	889015.3541653189	3795417.5688202395	54730574.43860081
1597	1597	0.0	22.68269600778715	0.8794551575308539	0.3472369000102788	0.5878150693432473	1448.4938135948446	0.19814757289016224	0.4468259711959661	4.101980715990067	297.9079738821258	54.01753406303743	19.31738557901426	146.221279991245	0.4571702339525709	1.4397648152066704	4.9463039033062355	27.133738146516293	72.30961708946722	177.48116922274212	1465.3953044604416	5409.785836803847	24554.728754241
1598	1598	0.0	9.12313724282881	898.0442003758096	0.8602272097155876	0.0434796062562836	175478940.6718218	0.8486701987655254	29.543736113335836	4.631811224971898	1082.990695354703	304.4292802946017	11.73693311336663	4.721517331496901	48.318485870751836	240.41053568641175	1117.568072934751	154.9030587317376	412.2552524028207	1002.9102172178533	7327817.241360481	39895670.014234304	242640516.97320297
1599	1599	0.0	8.11457884033504	1135.1446551479319	0.6752193712115734	0.2608705956743775	162100651.91606772	0.5741912538006667	36.88468996941581	3.90749059204245	1198.570175367837	334.1894631079559	5.221311010167556	-0.1459874096994347	130.32699738286908	530.4128417517283	5600.330781094057	171.0439090219229	454.77498546611	1100.5432305665793	22938231.204879556	113520605.14890629	1635081420.6272738
1600	1600	0.0	12.30722336496058	148.71234276083612	0.5324949371073866	0.850755519037419	10607302.71294168	0.8081329182859631	22.804849006989198	4.406682281987742	514.8558134109912	139.7492566340494	8.95198870960153	27.54019044415234	39.41526186798622	134.33960876076003	684.8892788926685	71.6224380361744	190.20142458825268	458.6895032283959	764516.4090876918	3096220.498765481	18172277.43182001
1601	1601	0.0	21.88940893179198	0.12458265046103295	0.023074355603878573	0.7150642524850853	1112.422366298614	0.09577816877158218	0.2468182204132359	4.513973501045257	261.1869806847632	46.53481756289006	10.1270807323951	134.6322520139903	1.2441261234691632	4.038946126400542	14.882542025889446	23.22984358133104	61.952041030909015	152.76830038270307	2713.395679246247	10184.987746977478	49998.44101872822
1602	1602	0.0	9.399226272991134	115.66515548064908	0.5968739050758504	0.43000434789174735	3918950.569556498	0.4245319213620263	20.033617570344646	4.65631290699821	754.7366529897986	226.8061062750525	11.51146395447172	5.025468539343278	26.731782425860878	85.53319878391365	445.92811385006837	111.83959204157668	298.5234108290598	740.8155648417114	1323976.288417432	5304302.853139661	44117113.4407184
1603	1603	0.0	8.3150558304068	344.79232062327776	0.26824161539927444	0.1745827240687692	14741061.589861022	0.10702665058597627	43.919585924439076	4.743163717968855	1062.268059711098	322.6494654236101	7.678406749729933	0.403765755098795	238.81175444186397	873.2404032633042	5581.05402368918	166.15351268876384	441.4349579920588	1063.0051398027374	32553983.166175123	144575752.69405589	1285489275.219969
1604	1604	0.0	9.067031791839396	141.9979935991561	0.34571507852348127	0.08761596140904396	15646810.900447315	0.2931878045967618	6.449613938437997	4.779872252023779	1034.109548498092	308.2455003077197	7.298415985302534	1.689934224199136	66.56359664807673	282.70884081334947	1723.3276349432094	157.74854033091094	419.5700834946331	1016.601716972585	8732864.242244462	44329380.4682103	371123584.30112416
1605	1605	0.0	8.905237372737085	144.0437718593544	0.7346906643832528	0.14898768749769956	7490746.70156874	0.6587524453640128	40.46545412466246	4.397683524992317	763.3751257825536	258.5863635949923	8.857897754146654	1.627519582072958	8.495171902710046	38.575352235560494	511.21605366848723	125.56554673005769	336.06461422085624	846.0583367964393	432023.19949680247	2718182.82906942	62408800.156152
1606	1606	0.0	13.31815394949154	0.3901404053911251	0.05923518454663346	0.2846011236676596	2388.462313426383	0.024753285472099106	0.44700363582917046	3.904601981979795	542.3724304551315	109.1634191858546	14.49456179462965	35.74934954872691	1.4494904879843526	4.735435577215826	21.502904397848962	54.64063067581537	145.62590922633393	357.77695097181487	25334.293227813167	99202.49900934163	621970.3299136566
1607	1607	0.0	10.65135355794519	3.993201796356356	0.285927354849003	0.5062773130600842	106997.68625049897	0.2140775916894448	1.0410843483437453	4.559819261019584	671.4217851757776	182.0556552631822	12.70451256438673	12.47495755723202	2.427990403476369	10.194571948777194	70.54912924348682	91.79393290640746	244.4920274385911	597.9245021632162	96527.5315317753	471819.26845425897	4844130.358077126
1608	1608	0.0	21.24224674680439	0.8983064796400898	0.10631382290295432	0.5834430509022014	2795.6938669848987	0.06528738634919928	0.46124750558686356	4.857099963992368	337.0243910144435	80.59507051059427	17.74849541066416	122.4536472185883	1.9114232110173288	6.332706752595299	26.230812165201577	40.432596772105455	108.03109199513256	266.4927917004309	11132.222616645631	42290.05812983652	215551.6696402201
1609	1609	0.0	8.525909210076511	101.13488424793839	0.6431486609897267	0.6446517069991547	13726703.77931202	0.5915783234325142	4.62929569180299	4.0400687000365	1054.272364233388	303.2333516701531	6.96233970040664	3.943535621940391	10.944024877776807	51.606074162065575	818.4507729769239	153.43469024211015	408.63432166787595	998.1905861058511	1438427.2725015385	8382736.653433728	168529661.0673953
1610	1610	0.0	8.65547301958972	224.77332935808735	0.5492064552935011	0.7732996929466914	21244713.0839032	0.6163553655551693	13.84434085668316	3.351334915030748	751.2705842565905	254.3194354731123	3.390583278812075	6.219890165772663	45.766810804816906	186.12065787066413	1886.0916420817423	128.46276085404725	341.79276691100983	834.2860113014366	2673504.306221643	12497404.925042609	198911485.4899456
1611	1611	0.0	9.832815269357194	5718.946898468186	0.808240076651918	0.5169677726938843	270834658.8587234	0.7294556917999327	122.05981872767018	4.328050468000583	658.4456415602831	247.4294000722942	2.934637255429891	7.215395617545067	610.95619790868	2134.5199031962024	7893.455887254353	125.22782715165431	333.7181715489497	816.7974003969114	27413073.426553972	119121219.6263257	570895793.8587648
1612	1612	0.0	10.54153781855907	3.0719458811049694	0.11945070803712901	0.7011412603162805	119047.05458719702	0.26412436224586555	0.7681451900788174	4.192459086014424	492.3969436578914	145.6047034846892	8.35384712614913	11.79660184414246	5.466759468005465	18.4004123064711	135.69970034774093	66.4773296625612	178.6862050756115	476.80007454672074	81611.41665739739	340477.9996968194	5011298.058616553
1613	1613	0.0	9.342113921762184	1295.6595647945273	0.8013376501693114	0.2604407177358531	24594769.14454457	0.5919337962348157	63.56436207972297	2.614989591005724	618.3608068952125	207.7788920839978	5.034045913386473	12.23934824026574	121.34461362939025	451.5246287389268	1926.0775051577896	109.17123420579026	287.7260943986863	677.5455768189187	4735782.3005871	17671752.165907685	91873342.62944633
1614	1614	0.0	14.7995090786758	3.4883142129089193	0.030973961564124824	0.3249641485159195	5754.906272131881	0.01374844647295338	1.1182339209392962	3.692320561036468	319.1062351654674	72.52133217651745	3.795093646933914	51.51967199390992	29.769246902200933	110.1072620477869	449.1217737315651	35.72716030511651	95.50434737937638	239.47365268144	140760.68966084058	609934.7391555978	3182340.368099874
1615	1615	0.0	18.74788578476435	13.281166237305273	0.2978042690343054	0.3666562305955552	38462.87847402274	0.13054954668063706	1.4489452488261725	4.785002264019568	370.9210147419091	89.3276255222649	16.35712680384254	88.9954176519565	8.465312220085668	25.39454504595535	77.86086584407933	45.136020304281374	120.29860976215355	294.201179463597	63391.60961232807	220218.55507167932	887240.7609603552
1616	1616	0.0	9.98868872491843	4.616115048661502	0.16836575109454782	0.6919109900384397	629906.9193100422	0.23924637871913593	1.4925358054309965	4.703450397995766	922.7219391414695	253.4203566865418	12.84209438442348	8.012929888546537	5.692088972257305	23.00532974443133	206.92371056162236	127.64185864425065	340.0782391945444	832.795464109919	484214.92645151407	2470828.244655671	34741929.330303416
1617	1617	0.0	8.741294095002445	51.56410332765566	0.4811307713374091	0.3819082714628801	3660399.133559595	0.37595917943488666	4.6739482568134	4.633369373972528	1011.59513245275	323.3394106321401	8.345451008942504	-0.3804666199198365	15.20103865446951	55.762823186143635	6943.859324624857	163.5208295989438	436.3527276130859	1064.7154850442207	1356021.1302752022	7062306.154906943	1641013963.5986912
1618	1618	0.0	92.5433670664442	0.04507924852208412	0.4653233496253748	0.4065291954921447	1.433480564667224	0.5612601946687473	0.09413262727365321	5.024777312995866	64.6783255044853	8.150467538467018	43.36476368111133	2905.012396954206	0.01605038138083345	0.049826689154012574	0.16401033192874515	3.715875064254135	10.198253920821735	26.664139521251812	0.2899642684594	1.150498413564235	5.403955564684053
1619	1619	0.0	21.24257625213179	7.983125101910757	0.2831517952616555	0.5260464478517213	18175.37481919026	0.16169979715821195	0.9271812041761313	4.227052175032441	313.8638822990096	71.8035322216234	13.78323733367563	127.4918176129033	5.231324290042467	16.903389836600617	55.020415808840866	36.5503960385945	97.37197693966334	236.3388019065158	23754.354412805045	87711.0883601209	392585.2433356028
1620	1620	0.0	19.77984629198046	3.1506296603433697	0.7623741269888064	0.028070516481631544	4445.42726036409	0.8186750746383084	1.5884108472701717	4.271260449953843	185.8187772942277	32.69484994275761	25.99334681874074	101.7768516450608	0.4763251043307066	1.4933430596019581	5.1425407650496915	16.416908222843517	43.75577593821984	107.44469935380675	388.4655741757427	1437.9768989152649	6610.380182341815
1621	1621	0.0	13.46024859280554	1.6876031401267708	0.319788082767654	0.03195130556152606	82450.22632533245	0.5616824660726648	0.7117319641255596	4.732363431015983	509.1354387780134	105.0230344102734	17.34452858490695	33.83152194018633	0.9297901655241093	3.430284278782913	15.033074376313927	52.929696722444305	140.99698308783087	345.1189340420823	14935.307993596327	65086.13333472219	362677.43496843154
1622	1622	0.0	13.55778111219752	52.24602941438952	0.6656728336656469	0.0758951995685366	1025830.368079038	0.5959820308276133	8.642676037651459	4.190108101000078	527.0475778610155	134.5215076996029	11.0348964266519	39.28303154600584	5.167652814112998	22.658118760893995	248.219456435305	67.81679241013404	180.89155671282367	444.3135779906286	116999.3653276441	614200.2492738554	6948106.02610167
1623	1623	0.0	8.340078517326853	109.73764411135716	0.3223786336206926	0.14810001777002058	7700861.8113808995	0.1798836979744971	133.87359615930856	4.698268123029266	1157.921633628362	323.2322005223775	10.26981584089206	1.093868777403288	56.56310561493343	229.51854307235948	1445.811098854887	164.77461737331237	438.418135938603	1064.7865447065988	8993670.98538533	45243069.47961637	370434913.983818
1624	1624	0.0	8.594190676655163	690.9484934200071	0.6281312977595829	0.38632060824759107	73904280.82716621	0.49392354120763593	159.18531528613173	4.65376227296656	1161.647587410919	314.2314934886745	10.24840176919542	2.113964724059332	53.691176255304725	392.653059092891	2539.6949282237824	159.58784956828526	424.82314688074564	1034.9616508833913	9524384.02761069	76223960.8740443	635956868.9837997
1625	1625	0.0	10.19131719286567	548.8980439680697	0.9883357938894266	0.08368641067561537	33702125288.73944	0.9959524759462974	125.60762288345329	3.93994518200634	510.2973993292923	136.1904857979112	6.959119692516184	11.25847031774147	4.654766946235977	17.134305345360122	118.84889036336618	68.18015978065364	181.7533392277877	448.47263796017637	83003.40714949936	401150.98603003507	3829372.9133824394
1626	1626	0.0	11.37882055665199	2.9834266294614524	0.6066823162225796	0.25537008551291873	12112.669905456727	0.40870516457412964	0.7283602197124577	3.997235927963629	350.4383217304262	89.56307791508338	12.44330929520277	18.33825467409357	0.6812605632223452	2.178741537267096	8.307233713206408	45.61207512731909	121.35274448654002	294.70585748620704	4420.226587611668	17099.145392009017	93514.8472558524
1627	1627	0.0	10.05863661743309	10.464942638726134	0.5007341048575573	0.6265573069764868	193641.05020728812	0.41990612379722525	1.3882895973243465	4.507104959979188	558.7299785210768	144.9726175271698	14.49428346568009	8.662984177273742	3.2724347000483167	10.44118748170022	50.29265052939677	70.50576726431791	188.18994163938862	468.07896156813155	66905.2457166848	265379.45038126246	1997088.537603245
1628	1628	0.0	16.45419262154988	6.33076573790156	0.22949458684650664	0.20438836164142193	7317.086489267713	0.14611184626147092	1.8689456997517828	4.779010783997364	255.5656643915247	80.94110880242495	18.87923388067736	61.47702815782443	5.412402152362406	16.759115262631095	59.227343367715626	33.59356809393637	93.8321778162271	265.98635602655395	10855.027431844472	42813.04557143197	278333.72387733427
1629	1629	0.0	10.49533275102531	5.121002632108877	0.29017361610935216	0.16602504684955355	67888.0769179031	0.2537533418776396	0.8981844317602886	4.491102185973432	469.734057995126	175.8293435541772	12.22310265316076	7.694869112930332	3.203853459797495	11.833043573808977	87.49963030217874	83.18998627676751	223.08821479369237	577.9321970839454	48825.0651561318	220050.49560196765	2834467.0872919657
1630	1630	0.0	8.149643371542505	341.74988115938083	0.5267714040274251	0.3540619896134853	42363355.79400008	0.37532580250198005	8.428310820729019	4.441851417999715	1268.196579665543	330.7874819507585	8.262963761165299	-0.2574847968109983	93.19409372509207	312.5269190267843	4656.8182685672455	168.14314740881832	447.4533149994013	1089.2660144101114	17382498.561323926	71781114.4763935	1387953243.6428714
1631	1631	0.0	8.715955097279508	132.083837415096	0.5424915662340041	0.4888959762175515	18740388.50246476	0.4874701108487507	9.681364893637587	4.453271109960042	1135.903412566007	349.0957449839359	8.325156969918737	0.3993188217457093	16.471327426832584	100.76229902369715	2944.841142947447	177.92822020899007	473.4361109152885	1149.2207019309567	2526021.30946812	20468077.179417334	848697352.7333242
1632	1632	0.0	8.132082326789027	271.8262293427324	0.4509088877748872	0.2534077995417215	15057278.08013348	0.36636522212027955	175.7516115162994	4.194630598009098	885.9111152592402	318.4153876348317	6.098920439771805	1.101773183174763	57.46500304211102	348.43016898409854	4479.764723027941	163.35108388113144	434.264613742553	1050.9017713890998	4063172.7460023416	35579715.342815176	880326153.7104965
1633	1633	0.0	8.737219360499564	53.92461670481294	0.37514136178715224	0.04906873098272411	1328965.258284818	0.26381290554014164	34.80054242929171	4.171267492987681	667.5793845306692	240.4636853365071	6.47464330547674	4.003904881763689	20.71821552793357	98.09093947095731	1260.196482307431	117.06135622741681	314.2766084705228	784.9886939319455	849949.9004184535	4704492.48914023	104702615.86304957
1634	1634	0.0	8.063712527092543	672.064386402747	0.4918158731033055	0.28789769256330683	78589912.33718176	0.3252213301113861	21.00272672359205	4.415074395015836	1326.680994531347	323.1557780831435	9.249445419058093	-0.678232188367223	182.98762200643372	691.8023048009468	4726.4057497705935	164.14219052943054	436.8441219253443	1063.5750015076871	38369712.611174226	168877973.93695065	1522954029.5452156
1635	1635	0.0	9.332180676706741	9519.268523986133	0.7921986169065598	0.09676044615006278	89504088.22484602	0.36188311187319655	63.178696714109854	3.594535898999311	570.983080607092	189.7103337704045	1.806052317206248	11.18432531185952	1343.954358246565	4356.6140447040825	12944.6171551962	97.57270064509794	259.1841575619285	623.4266779219056	40409102.81503999	146642005.37753528	531275465.4531054
1636	1636	0.0	28.232750563716	0.20326642969958023	0.21732524389747596	0.8437995676588391	784.8025251899257	0.41550495525551084	0.18484335018919737	3.930022654007189	248.8399466070404	36.459623946471	22.02182204224049	241.9257381196197	0.18508256342098056	0.5791235415830751	1.9711753273509345	18.131619456010128	48.35620182110986	119.33003916656483	288.1264616529393	1061.939046055101	4841.845634203824
1637	1637	0.0	9.749942268463558	30.306368970044616	0.5548902073030542	0.28807087044929475	1061377.7841989256	0.46304449703059763	2.445920983649243	4.641087668947875	737.1119355280383	219.1072300582018	11.32158343063508	7.384585868694116	5.006964070810294	22.92038599469052	553.9854253167332	103.78931364279401	278.5901421848082	715.9189432265963	217861.8916857817	1310829.6522891342	56885624.162571065
1638	1638	0.0	8.064588168064372	16466.941319045392	0.9402428268184904	0.46689897780287704	817212716.1838688	0.8661579519154415	45.926231924396	3.565422913001385	656.5502083869321	233.3700549350214	1.905324535111006	3.738528205271908	1861.5944534358084	5391.77974200642	14111.139115129505	120.96847621194308	321.0643384394363	769.2894389413972	74435616.67417797	258206271.1172373	955147376.8989654
1639	1639	0.0	8.050262564919434	1840.7807873592983	0.6155597928711863	0.03264329983161284	180662428.85215205	0.5766734533245904	127.05467447750377	2.632181616965681	898.6944915723446	303.0018582879441	4.570557591281803	6.48936374082899	252.48419018470082	1243.3325228680803	4734.227907697001	157.62708971559505	418.3246925403806	998.4287324676897	26998904.554519754	135767337.34253976	615507307.5264206
1640	1640	0.0	10.43920399314635	10.530512454758938	0.07872812018937397	0.5132391107824035	286749.40400270623	0.06854650871030957	4.133094230614422	4.273102765961085	674.3646738886309	201.6135060519319	10.13531516204748	15.04555111476316	37.91044144048303	229.1428020128349	991.9452862733466	102.78118274385565	273.5604366149365	662.8550369914776	1569165.820888653	11725320.472694954	60602740.0464211
1641	1641	0.0	14.75973242374844	2.9867051202630583	0.61711752248229	0.5897242014009026	32109.763834025613	0.4839283357493772	0.9214782758079945	4.751325340999756	493.4790885744774	95.87840066307609	19.25549399846046	45.39435769682207	0.6966920095043504	2.156623969399786	7.238166351871036	48.52146675751766	129.19972989680394	315.372560031512	9275.417828437056	33940.025766200495	154581.20039224453
1642	1642	0.0	15.59889063623211	2.94080624904072	0.19757055224470688	0.7329695445544635	5090.937474625823	0.2706904208796544	1.4230734351810708	4.097390130977146	185.0703413851346	47.67418954921393	9.959687210831753	52.47679394746834	2.981915891559535	9.560820779424352	37.363540373106886	24.612751892152943	65.66727181013857	156.10101389008344	3422.954491803748	13081.675311232395	61339.2670320696
1643	1643	0.0	8.283217975059486	208.354647423655	0.21771118512385107	0.10443314957664816	5700065.7297931	0.12298195406719442	7.625118662007054	3.952504988003056	807.1009003380119	305.0413710901595	4.437593324142842	0.6689161379718447	185.87677541895636	753.4241723845902	5893.915596580307	151.22109445174078	403.7375160694993	1003.167491161172	11429475.257980583	62967243.61975371	891727071.4841228
1644	1644	0.0	8.273788777930589	176.4090330527993	0.628526750599594	0.5882677266653358	20856352.93944578	0.5923924415759544	5.043414748026925	4.460027118038852	1009.333810027321	326.0492223292676	9.086613805153073	-0.4536764233328068	21.747835152793815	96.28771164025426	7734.3145347435375	165.79551915523666	441.86853231111957	1074.8217204110979	2198954.7083431664	12515278.542249845	1759590085.283661
1645	1645	0.0	9.418348981857196	137.90643707874904	0.6636117922372478	0.8424591607245433	26928616.713329148	0.7037742366245011	166.8966602729245	4.666205986985005	1002.509429310378	290.8288942720855	11.66885514016331	5.68215954907049	9.855098182484095	52.3738525458984	567.1200505493551	146.53722272388836	390.4483005719768	957.3735758797137	1149602.7315369414	7394093.688508917	110242228.14401063
1646	1646	0.0	8.024315699919786	8.943722906781174	0.19058140186042957	0.42657458250595753	356158.83027379576	0.1370015140669691	2.3153797736018134	3.781514274014626	850.3230093038944	292.6785501675845	5.959842872559017	0.9449678266545916	9.512936009796581	49.50479220736931	2874.570520282243	143.3589641710114	384.45115111335303	968.1532297300141	610638.2000289452	4615046.307406431	488294576.60073173
1647	1647	0.0	9.20706706740718	96.55811108889426	0.49253330081699537	0.0814846913942595	693097.3025316508	0.19209252110424618	31.464617667580143	4.213206268032081	560.3618472188815	169.2095347036043	7.285972655168422	7.252944017695732	24.773466426916684	99.21272689867791	368.88583402278783	85.73449381485557	227.98897088731007	553.7952656080602	732358.0380718294	2975416.333527234	14946914.809402099
1648	1648	0.0	11.36314936816871	84.96536761441386	0.5452707696144443	0.48095265644006824	817143.2862807921	0.39777347566061705	27.958889462990513	3.605598184978589	453.7741473862441	124.4951220005697	3.506148260474518	22.42683556396639	19.765041955181577	73.37287863412267	416.6410132011488	63.09766599986477	168.14387020981036	410.8297418676121	305256.59678244544	1200977.500609262	8529437.286125964
1649	1649	0.0	8.194973747226102	436.64251892111554	0.2006069906723759	0.2829728366057033	31924121.26771061	0.08994216947307948	25.022881453214836	4.54401556000812	1309.117334140753	319.9178450455183	8.841307777604664	-0.9255396121048373	435.047022929001	1602.4607391548184	10372.965006571218	162.6736755890081	432.9429997757077	1053.4299746246886	86327105.67982355	379037090.62583447	3271875989.9785647
1650	1650	0.0	8.978561593276673	116.29462571457208	0.13498606747465125	0.24821478730821084	15918137.739953376	0.19348725111631385	159.7497577636445	4.215326667996123	879.755026665629	280.8430350456852	8.50584852534527	5.788807436939893	185.58774162657082	594.3747359326239	2047.4458029100226	146.22950353644512	387.6613908404089	923.556540351497	16592503.768272828	59167278.48656629	257792061.2259065
1651	1651	0.0	8.998289960212235	322.65595073082693	0.5163054201089304	0.10407550824119835	17425806.953530744	0.47417570970058026	24.587633544405495	4.334457464981824	747.0400640359478	247.2097578335218	5.145043676914976	5.390688573899914	51.818923477536714	298.52429646300504	3988.344686870852	124.04959889643726	330.4696216142139	810.8915115604186	3202553.541277554	20050562.023533233	407930850.00552386
1652	1652	0.0	11.74320499547791	2.5244379172367437	0.18627929937818896	0.5737124782334013	46305.087675430004	0.12129045097525844	0.7714623196445723	3.97554549400229	631.8573199230756	151.4294535933006	9.665728156575575	21.89760130299079	2.7437673929325435	9.44072659131635	43.50428645358015	76.31179613601296	203.2443202634429	497.4887806337797	86752.75010970277	351537.1089360042	2238237.6270069
1653	1653	0.0	8.356965009920232	35.40770065734625	0.08474396819534745	0.6490584329743696	10309283.979186218	0.12360902789499766	6.45224304152038	4.460236984014045	1299.895026373039	357.1456885267291	9.339591551578046	0.1420774800962115	94.05202567680207	373.10025555878934	2070.9382486219233	182.25412627440255	484.8606567304762	1176.7605628486108	19377595.116965905	94226331.46407337	691898438.3149123
1654	1654	0.0	8.098562414118128	26.58200341942283	0.1613784336537165	0.06577971971991566	269643.9465616719	0.040641478625836835	6.559122148676823	4.125318261969369	834.0283239690735	313.1982510965764	4.258258172440301	1.511668323305586	35.45596016104954	173.94485920619786	2616.272284269898	159.67921026403394	426.50685578117725	1066.817577858165	2272286.6818650295	17813001.758627824	397721453.54751134
1655	1655	0.0	9.951055042108777	3.8194417838711887	0.12127928209287572	0.3872763300917498	86303.04986313355	0.05383742706874772	1.1233917193313359	4.59760939097032	868.0403837652053	240.2519513597394	12.10200096380163	8.21644287078513	6.982311373423666	25.911545356075035	298.60078906369637	118.28600330406243	315.94934921190463	786.7930122541327	480074.3446227191	2227664.2272072555	40741880.33800875
1656	1656	0.0	8.053284632999638	1015.3354872940648	0.6184849297683103	0.48088226656202326	80795447.11498359	0.5212934829802203	127.99206721783236	2.60333393199835	867.3948183861507	285.1343671534726	5.327633911180547	7.444478898288063	198.73029486689262	707.0539432560136	2690.9034785621807	147.7155588386771	391.9355925244171	938.6850836413889	20122048.623402845	75262499.84317787	305127596.4618459
1657	1657	0.0	8.489197353172727	1063.38504848242	0.5613655273273731	0.24000646104754014	122681661.04693703	0.4390081493560823	11.703965882418153	4.578030781005509	1202.244651243489	313.7453732419763	9.626153461624357	0.8630379867192155	115.5432202531982	809.8517728564399	4715.919217873853	158.81474286549314	422.8913624515542	1033.2186966476788	22505056.980526768	166158066.1660141	1266269384.6151645
1658	1658	0.0	8.69250493095441	319.5085995612884	0.5084147399332845	0.8679716171674151	96823912.20152682	0.6898908644927718	149.6382394127791	4.599317969987169	1081.657297920332	308.1286347217878	10.11702319519214	3.24431747191584	95.17642397568342	311.4144630859179	1103.7362170022895	157.55433035447584	419.0099700993525	1014.9449239324938	12871678.831976257	49998434.564539865	239083893.9633628
1659	1659	0.0	8.192040213036861	148.5025193495433	0.3881090385636364	0.5012665198888449	4980655.413241601	0.24121464675162416	15.986600322313192	4.285760179976933	762.7429539856931	236.5715174174267	7.257992775770238	3.32544531040783	67.13263988994555	213.62330597610782	872.1082465798281	118.5352586186242	315.75422141347326	773.8935832502593	3927236.2302298443	14790697.880963719	84911355.01301284
1660	1660	0.0	9.445588916262466	69.55646084686873	0.5397306534433983	0.0913216087870216	3171221.71157219	0.43706645257340054	141.9186895687787	4.637156896991655	825.9437662516716	245.8011636188898	11.72965512785732	6.256970180867837	11.63558062089924	55.19302173139651	906.2523333600124	123.64285439641878	329.54483883906096	808.5746502747041	744929.8906081533	4711609.147062296	109347155.52364652
1661	1661	0.0	11.46527486987622	11.730440088145862	0.3494308361929457	0.3361291633350531	129684.19346937163	0.20578222576889346	4.094700567764684	4.572572187986225	537.8118178019972	147.2868492342879	15.2829844412178	16.68807296788298	6.033848293226286	19.48450456086388	97.22800931691339	73.23418000875728	195.31130273869792	481.8273813582814	125048.64714201726	497015.6623958567	3505151.206900383
1662	1662	0.0	10.61867742577179	31.198118468082974	0.35473975037353755	0.6014393693044565	537199.5380748091	0.299317924044891	6.710201509072593	4.129245956020895	526.5078651123176	141.3051654547019	4.958961828191388	16.19388629428932	11.013519467995069	65.00526925511996	623.6328290405953	70.28069606616077	187.54456145853914	464.22805275162693	248824.98299253234	1638698.746659846	21865125.79161067
1663	1663	0.0	8.240124607555327	708.3638365581721	0.3309667131810844	0.9914447841317833	3436567608.4493494	0.8812297169921136	153.02279969341825	4.40941229701275	1410.439054671806	377.3910432116732	8.673721734612815	-0.4866843178620111	294.9176949144494	1587.5809926175996	10481.46479814517	189.48335432174076	505.4021202025431	1244.511579765495	73618816.6795191	464683844.1655693	3984014499.5501695
1664	1664	0.0	10.05346636353565	262.3317199812754	0.7965224171071347	0.798121461512558	29307716.68569612	0.7786258115823024	15.508535180623355	4.619147079007234	874.1888739809749	257.8606307071627	11.47673459112575	9.243239314618634	33.21227301753761	110.33082152127069	441.34604267989357	130.93848143914022	348.5319680926251	848.4842650199207	2724852.777670967	10388405.349887077	62187996.58859575
1665	1665	0.0	9.124430044457146	538.8265202255565	0.23430279892322792	0.17311851701754752	64024939.198870815	0.18832175944265078	8.342978539537226	4.616535687004216	1215.374746301111	355.4171320712601	6.173345212700683	-1.952371547532459	436.018501671707	1921.9392742605505	22153.601592485484	181.0237118281932	482.30831623779954	1174.5328661052138	69955746.75645809	438494918.67556804	5860338428.34554
1666	1666	0.0	9.951136169551756	103.81013274205408	0.33000502866495907	0.13255732505474374	1428353.361718755	0.08535150733479967	36.02473503340829	4.083293797972146	882.9517084075057	271.4044323028647	6.304606722058013	9.077347496929919	51.63340243337135	197.68954569112492	1049.2716230534409	136.55784560425582	363.6767207232448	892.9579935431434	4454765.75979773	20058263.13026419	145418248.56307036
1667	1667	0.0	10.82445621611482	7.035641260246781	0.5032690086847397	0.709527885784299	407438.17210607906	0.47003822561080205	2.0789895582590483	4.616698608035222	783.0721102510861	199.1794491716	13.75977418364357	12.08491493221059	1.9841731033407972	6.959815289503546	36.42622121702813	99.49998348402312	265.2947163417484	653.7936671927209	109596.72968753934	458259.02945504116	3312476.219567447
1668	1668	0.0	17.71647271475866	60.49471227123029	0.43046010104641275	0.5832432652108127	131986.381076863	0.30855394957022203	9.82549559125107	2.678478198999073	266.3356693735828	65.08035163277883	8.16080629354147	85.2481698129977	22.19311965234018	76.69931661414415	327.83726388657493	32.97022106970593	87.79366943212784	214.38855666003997	72204.33925922232	293969.9418595207	1420451.6880569546
1669	1669	0.0	9.456930776891284	2.5277164080383354	0.12241514437101053	0.3725961283718688	47827.76737918356	0.04069386664227598	1.6256652416079924	4.488080117036588	861.7889232062284	249.4054537395272	10.93879852526272	3.372217832967079	4.428885078289206	15.713795089387117	104.32382108648123	124.63348446306543	332.2201381426778	816.8741513759271	318888.6502875669	1418991.9923063952	15678795.642849375
1670	1670	0.0	8.062202756631894	2927.4562344963574	0.2651836680050887	1.0000000000000049	138162365462.54523	1.000003681480472	115.45106578305453	3.221674758009613	1951.439774148485	438.4333604256115	8.773619035290167	-3.854030767263186	1921.9405974074919	8565.59875247278	29791.055196525995	220.36528670384428	587.565801851802	1443.580389847817	928838175.8790916	4604345616.096421	17625903378.40251
1671	1671	0.0	8.33729759578906	316.20388083331324	0.1115419931368217	1.0000000000000002	195930218014.57962	1.0000036529442242	33.911670193749885	2.682318325969391	2212.432136614128	491.3271880646785	9.083573346048224	-3.30203251959721	925.7007293194379	6964.472855044266	29736.967113187166	247.36428318222306	659.4056584158975	1617.9722601949425	643377572.1876044	4888741231.814696	22443375745.45042
1672	1672	0.0	8.663064943134033	5035.761871266184	0.8129058725091918	0.7842362086132317	1022583255.3049525	0.7595055546283399	56.22896717006223	4.422628552012611	1262.389251046997	331.6363809333311	9.32093630057574	-0.3573203006953081	199.89253913705187	1268.6151039273282	8302.924415625128	168.75612280020664	449.12205957834817	1092.4622662284505	40475049.909730755	293681714.94736207	2513762454.319387
1673	1673	0.0	18.01566036766113	0.03278490801606121	0.0018642096144390555	0.4166179327719541	178.20730585313635	0.00756365534167277	0.0725471918093782	4.001005603000522	250.4260872631423	47.00657061821138	17.42368841118014	84.1857182256022	4.5032307876042825	15.823004596141157	50.78563293942351	23.463010619508168	62.62076281539129	154.53589317136928	7879.884203842853	34504.8838751073	157019.6120892099
1674	1674	0.0	8.090454938269056	9191.94400235236	0.37169299469109085	1.0000000000000058	137970503362.0864	1.000003349023994	100.88375739510253	3.19296683097491	2173.060265841654	388.5754739701328	9.310482843232123	-4.520020101694534	4200.149760103705	13753.736352192698	33756.565204158476	196.4514240894414	523.2279677953466	1278.4309135979645	2062295210.6405954	7126717732.429246	20050882506.72769
1675	1675	0.0	8.123579224389474	291.0250714769689	0.18900808659282178	0.9822864082626842	1503118645.513738	0.845674515193437	40.162046956969384	4.580431142007001	1382.115294470744	341.4948821864327	9.064179580563206	-0.2523335330232223	314.53970386548013	1326.9310748538194	6022.66540853025	173.6834088254475	462.24266999789234	1124.4014767714425	75778113.20545597	362039428.3757458	2129528748.309817
1676	1676	0.0	13.25154077985845	50.69858175603301	0.3131661809499496	0.7826103502771478	962559.5683704789	0.543721216991297	8.02258235504127	4.179244655999355	335.9226056422391	129.034489491407	6.942228076476162	32.36414258453671	29.495774648337413	98.39932119505927	408.37649649383155	68.42600013915859	178.22740656806178	418.87958084068464	207033.0269330417	822526.7242423324	4538279.157258508
1677	1677	0.0	9.289704313896019	13.454926249791692	0.11755144098769801	0.4126097831412668	339585.2294320655	0.06914251192459678	1.5246144959291965	4.439824602974113	760.1125022134918	237.530630823794	11.91738717510722	3.150154551365664	25.335077818683622	90.49297097737352	336.4229909053829	119.13541965598597	317.5036721512306	779.0164159723619	1321436.9544009108	5776953.92497107	34694109.439920455
1678	1678	0.0	8.018907689349408	9614.947999538108	0.8692761354427905	0.9839085546941435	10650261739.464949	0.9813475472872436	40.001986071911595	4.588477295008488	1316.878382073043	348.8236701941381	8.565823422472729	-0.8630479071054116	55.07226203863478	596.1131714265434	12744.438000240803	177.18947744113666	471.714139928725	1149.6212793646077	12367435.694069818	158641544.3965949	4062852500.884648
1679	1679	0.0	15.53171539763829	0.4975109791437285	0.06464416094154884	0.06825522863010815	24970.645478894443	0.2014905513118237	0.36080660045998975	4.842513692041393	458.9890040877962	104.2262756879136	16.50789902120005	53.04202915841692	1.816530041817438	7.398858342170731	40.34431275682628	52.37099104353263	139.56948164157006	342.69565734436526	24706.871361807098	117546.40351183017	812554.6234890261
1680	1680	0.0	8.157152330000734	25376.882656601814	0.8089665756114796	1.0000000000000127	247989424424.54935	1.000003507091173	149.00546825440873	3.151917301991489	2092.036120128174	414.4055828181022	9.13363368849624	-4.444066138100716	3028.6398762014155	11414.795983982127	31532.479823091562	206.21175280068064	550.0029939793308	1358.0386562272017	1557246395.266044	6039428229.599285	19152441678.89148
1681	1681	0.0	8.292972336945	308.8600614376967	0.2311315022536229	0.2627771415069515	25078612.17860449	0.16842797625873024	169.12429657263812	4.453376156045124	1091.839518215617	316.9911800582094	6.645771052731534	-0.4200035795483493	241.58663991592135	1263.4317280635044	11733.920170576466	162.41593656633097	431.80368043636895	1044.4433985300245	34175318.61667036	211232145.92509443	2619018658.3255286
1682	1682	0.0	12.08536153461284	2.616235659681718	0.2804133128622723	0.4531809891236111	26879.442989604428	0.13728715375717884	161.50615762733364	3.969866455008741	590.9240239157625	128.9216621538689	12.85489078371653	24.80536910147307	1.6707298070922907	6.182498971362021	24.77191559123355	65.1867958789287	173.58254986036735	423.87783419774183	43523.08176908475	173821.36880894125	919340.323336424
1683	1683	0.0	10.71282351670427	8171.362929775245	0.982180309293369	0.23899817570299237	188023109.62048236	0.9477999933014114	63.28912769693839	4.392300780978985	542.0566984150241	167.3023380112947	3.571925636515493	13.32180277816674	66.53720290692974	357.31856072218085	3512.8401633593407	84.04486324803844	224.31574094891522	553.4732732168168	1902939.5638203325	11902049.151926197	120378945.696659
1684	1684	0.0	10.31040464933652	139.7948477804804	0.10232584337015718	0.8147624377001322	10556452.08137352	0.28612446058260294	74.76706813230948	3.579665970988572	510.4283805903552	168.7630711252171	2.501060252684468	16.23326549496815	318.5039478635162	1173.1432258412447	8125.7929539755405	90.24714761511433	237.38791471931359	551.457545935716	5928644.555503178	29139439.42924523	241242567.34938878
1685	1685	0.0	12.22619410499002	43.55147180853314	0.49144197260224526	0.7769511692373513	400428.5309857027	0.49759514835767527	9.605654283288082	4.074504625983536	383.1546223869898	87.97231067495002	6.199143004883513	23.94821945830111	14.119198362191149	44.67333905761321	157.39617286152463	44.28268469431981	117.97767966724285	289.13757645452245	107052.99821048038	403849.52367109247	1966727.903340932
1686	1686	0.0	8.275356805165861	150.0761949343153	0.1925551798027654	0.11079100568705554	2935401.6913120584	0.046987640744749065	54.489933178926684	4.342710327007808	944.5379782854567	302.7807942271299	8.038470490638435	4.543438278292932	157.79034727426324	606.2928134682277	2733.4255432624045	156.8409104703336	416.37760949405424	997.7923278534817	17384596.8817503	74740686.69607289	414399662.68142486
1687	1687	0.0	8.332953698592643	4554.007318915051	0.8622204301670575	0.033462486587824615	987819083.4819424	0.8381239316970778	108.24638940621777	4.449198426969815	1202.717150990447	315.7628456418734	9.334622373424336	0.001465559187524557	204.07410984153185	931.3103064703702	5632.102449695482	160.9661578482103	428.24391674283083	1039.8782987889508	35278206.91633311	196339730.69509846	1486263044.3425565
1688	1688	0.0	8.241677341947836	2804.9193622955186	0.29290208876618656	0.9585803703283655	7781972587.749198	0.8280070008510084	43.92713762920626	4.334562765958253	1519.175257533862	338.247995010092	8.278165219199948	-3.322520603675662	1431.8460151574554	8220.242693602	30149.96488533175	169.348403263323	451.80538291093285	1113.6877163683232	407668813.11767346	2498196961.3004785	9948320245.4493
1689	1689	0.0	11.88626975710885	96.78104846340537	0.8240807081590109	0.6077068459059211	1137363.3130121017	0.7855141662667747	154.74343949481397	3.169572009006515	413.832908797411	102.8436859114045	5.442254362694413	26.07460234685237	9.79879626317825	31.429798965997225	144.32287922017954	51.26479602793728	136.7044575579547	337.89245444197195	94515.43486561617	358828.13219346624	2224445.4882758767
1690	1690	0.0	8.108550780787498	34061.89329725113	0.9460927623066329	1.0000000000000047	355623799983.7486	1.0000036704614688	69.1680609483988	2.72399414202664	2238.89389000085	506.5090345251538	9.009695201738989	-3.192468936762537	1359.3319783931772	7643.523229852115	29413.16811274379	255.86691566129684	681.6281493337881	1667.3540349408997	947034921.9597827	5580260399.36862	23865822561.39358
1691	1691	0.0	11.35508050769519	40.05004363241846	0.35861911570108557	0.4798866689949755	397410.2322431039	0.22051260852672552	4.895852704971506	4.461962457979098	487.1725243774814	140.8640104904324	4.136501387404259	19.62707628616512	18.981630525715687	67.31018452404194	1061.967609545437	70.6979332558796	188.72034550804483	464.89175427177406	348130.99114755134	1541216.9200395735	28174508.30689292
1692	1692	0.0	8.734386938286013	2682.382490094577	0.9433394148846059	0.23166692417377321	456941167.2940093	0.9094454698145142	107.61409265131145	4.591907205001917	1125.472613718345	317.9331996498671	9.313869372911075	2.335361542900478	61.83799010338599	244.76049181132674	1761.849000393111	161.60046587411875	430.1508684611889	1048.249306611341	9648417.31668375	46135380.384283915	418153384.27174866
1693	1693	0.0	11.81907224326753	90.8010812412794	0.7308287285526199	0.5092319325402033	2561419.7343429863	0.6767298325327142	157.06909134277637	4.177963991009165	599.5826038321854	157.6478271078215	10.78157146377586	24.96597971059058	5.084146474535506	20.84201295208426	298.86070896771605	79.04500469280674	210.84497320486798	519.0923658335032	143425.84138266183	767243.3936922128	13706176.16212595
1694	1694	0.0	10.49907459644767	42.76463401614613	0.5554969133064702	0.17747945676357876	1200972.3443357458	0.41388143226596913	3.4582309666707554	4.108742511016317	703.4574915978178	189.8594933189259	11.07789183493805	15.67811899101167	7.9568715209635865	33.76215777840631	296.9641130856952	95.80036368867036	255.18912405844435	624.2179331471498	348918.64400516904	1833584.39376557	22114450.336772878
1695	1695	0.0	8.235125426120742	257.6631490798324	0.07788532287527618	0.5421225489126741	13674209.146161262	0.06660598128175191	14.448190768605249	3.563094667973928	721.8472323220562	258.9566195653741	2.390402179560438	6.497844940252306	850.0447870188978	3681.0282423970466	14955.619512265315	134.79017983849428	357.2392910161318	851.0578681621155	56314882.19651457	251992114.59264114	1133751591.9547675
1696	1696	0.0	8.518191461595043	836.7757642754292	0.5207808165695237	0.8979826646190296	238245988.9248791	0.7314382440649997	157.36834419986604	4.222291644953657	1018.836477215486	321.9376738525514	8.721799890080877	4.81353330994408	235.56083113978397	785.7497795276122	2670.550466279403	167.40386991038145	444.035242600085	1059.895147390177	32757232.47553623	115067211.58716618	464671727.4907067
1697	1697	0.0	9.820870337940692	1.7703850328672965	0.06687042556353964	0.27018289178438404	15046.263043338355	0.01767715523961034	0.971363315995591	4.553837969026063	694.4802697931932	202.3840580064544	11.24331844537275	8.157212628505002	5.850363745940472	19.80816569583126	252.44264533402537	101.3403846745233	270.10718306419085	664.1684741046108	236302.25023694974	1040692.2418293951	20911377.703416426
1698	1698	0.0	8.117939798998185	4880.492546902376	0.33953095045926934	0.015104908657201481	8891663600.549265	0.9795494767439767	62.028976529126965	4.22005792503478	1098.346907723847	308.4150184131246	2.27103056265061	-2.092919207803954	2331.9474531536584	8987.926084148337	29638.471909991116	155.71636982169116	415.27838248101307	1018.1026723657162	311279335.01328677	1425888171.821896	5780619190.9829
1699	1699	0.0	8.887065635338104	4.865280349583576	0.0700988723129179	0.7145829870686007	1567591.6678524914	0.17140655580482594	1.9754011803108953	4.596776686958037	996.5186006565276	294.072992045835	10.21406749203697	2.063343208945609	17.036735983349114	78.38682304619941	1241.7107839741354	149.9556287363506	398.9442331710467	968.3566925314518	1971371.5200789818	11064865.193786502	241505328.8526408
1700	1700	0.0	8.990267341045056	15.199083356246206	0.09653121437931919	0.7582271846579008	2333344.2783474782	0.22067280607512588	6.3689915136338335	4.19633366499329	745.2916718339407	226.8041050011267	8.445805801326038	7.610226676731105	35.46100292883524	142.96154456030038	846.7661617320957	113.82972025380252	303.26782995605686	743.0266650587448	2025476.7471292205	9735304.396701377	80681614.89888859
1701	1701	0.0	43.57103345188376	1.144193289760557	0.6001906879303506	0.019933802519335273	276.227638433962	0.9939052047325188	1.0424780761211059	4.058540711004753	72.81278153234871	4.264417175620264	16.94798729433433	612.9236993779521	0.276131743650046	0.8620931909665335	2.9510142256171648	1.4004013942485614	3.788404414634769	10.843347701899532	2.9444318672017937	11.338750565604787	60.77184844401561
1702	1702	0.0	9.515775264215245	14.031940630872937	0.5009812916686072	0.23244660555590502	161860.77360559386	0.27860372377719694	1.4909973645845092	4.538285519985948	580.6266506578128	178.2466675315775	12.47767678216779	5.724867028274486	3.71083075382272	13.990297046155666	55.98608102256925	84.7806034930826	226.38312626242293	567.9261297822648	99803.4770531942	416029.1576450953	2724406.6492930762
1703	1703	0.0	8.411781606356497	245.28356781293954	0.24957046224466464	0.40973269016940117	24552229.126130514	0.20856029547410684	25.851887316026772	4.489055635000113	1150.632801920863	369.5676074843635	7.873471774583297	-2.146215528086408	174.11680644265434	1022.5936422782335	20657.363694496882	195.71044377717067	517.9110756178356	1217.2537638902324	22605871.826004434	212603649.22854957	5190176860.164808
1704	1704	0.0	8.311530340500617	0.5147230558521625	0.013207840325906923	0.14420523093305251	5885.107135844699	0.0027594342979387035	0.5015217249878473	4.647824548999779	1018.776508222806	297.4718498814703	9.578703262755816	-0.03336955980223211	17.77233568651478	255.59469489007083	1968.8459530059006	154.77711226969996	410.2187561412245	978.857737553712	1885601.6353878914	36216179.6766394	414681123.6365429
1705	1705	0.0	9.446618882095414	241.349378851013	0.3315660922811302	0.03329286776622121	1060423.7885399775	0.09792941738938676	50.24735194591935	5.439187693991698	505.6834755166869	160.2460723340058	2.173477919453914	11.44602941359737	109.60171012791533	570.2065212405337	4251.738598879381	82.48770519002119	218.6339292139483	524.942143225004	2694314.882091264	13455307.218528047	119691190.81153259
1706	1706	0.0	8.03980728863953	32282.590769402934	0.9277588918888291	0.9993624120777899	22676048556.935337	0.9998267322346465	58.79320626925464	4.385110389965121	1464.734743963129	318.1243453899847	8.408911326246011	-3.799502456850439	1907.7030862113766	8507.163331806747	29699.39069718768	159.4580774230442	425.3466393613969	1047.1777711443426	471846226.7070941	2341379099.192621	8987383789.605442
1707	1707	0.0	8.592079313595727	23.88052699889949	0.06366589627836282	0.1776955994127366	1281806.593921646	0.04264657265569224	3.529906029998801	4.245550433988683	920.3315049625396	298.8485421600705	4.696469148502437	2.736503201248908	103.52221441346076	921.5701521058977	7318.738109328437	150.91764383995508	402.0726838489584	983.685413984458	11043332.159734685	118590958.84116103	1181896860.8913643
1708	1708	0.0	9.403718118372398	571.3491489774269	0.9137801390318008	0.2867967550839184	55815846.26122631	0.8699435212912026	22.37134441441447	4.138561486033723	858.0957410556762	253.928910651667	7.77972426447691	8.691351173609855	42.87323231316638	130.57929555957176	514.9567071375983	128.9850976518219	343.2953688863189	835.4926549458369	3121278.9040590287	11692075.432624029	70468449.86519502
1709	1709	0.0	11.09764261799804	8.589645900207778	0.3245415144978635	0.028601237461865683	89600.16454896035	0.29889106047909414	3.8205426806172	3.938070882984903	423.117557835661	112.8688427699615	11.40717883306054	17.23510441529204	4.57564483744895	16.384742615827342	71.96055744454738	56.69460638014152	151.07178369608152	370.39263397500457	50344.90276078799	211540.68377121945	1402295.4996590419
1710	1710	0.0	8.71437969227341	3.5145421393218097	0.09434544124312934	0.28414663320957995	72195.35449318477	0.047384866592167584	1.6157520873612743	3.900063642009627	796.1834514089347	271.7466945558179	5.896469220244672	2.506525851138268	8.975308595310075	59.27591614292397	1374.1148728712726	129.5728178516133	348.0429462829575	890.4705598940964	492702.3583193563	4587301.479741951	178387850.00525272
1711	1711	0.0	15.23581818038601	4.235810115675031	0.68919731650362	0.4491494037057251	14893.565119986992	0.585244738098918	1.9773478949093877	3.992716441047378	275.9863288366196	79.01567942200947	9.099340715769113	49.48433869823597	0.6075355601041665	2.119264581980329	22.396381656190748	42.248817919105505	111.80714104109444	255.73586340915102	2406.497758835712	10369.234963607043	97364.41541159643
1712	1712	0.0	8.002690186969216	21371.773381654682	0.7077077727807135	1.0000000000000147	195615974236.18982	1.0000033173646814	131.5512028468417	3.051968100015074	2158.055774602125	370.1471249339397	9.600299988099216	-4.906317802718934	3857.4300812072725	12776.847700398	32565.957286731504	186.6946618810598	497.39109139052334	1217.5737146933036	1822070450.9400442	6325664738.683578	18604939396.50885
1713	1713	0.0	8.612258523139209	69.30729554594592	0.32665920574996027	0.6947545685202182	8939264.125061618	0.32192436458359147	132.38847122725576	3.908039381960407	1039.14202015311	305.5670771880505	8.44454961934452	4.677049420349312	33.90912757019793	145.52284360002278	989.8962040109911	155.02954686056262	412.7459420704944	1006.6166419612642	4008741.45346011	22554518.590251587	212009293.95748857
1714	1714	0.0	9.849978952977649	46.35785993470705	0.39183040656818474	0.4280750619143568	1848431.292900456	0.28896145096463655	3.635186668941001	3.977087098988704	770.1852127452918	256.5251613051405	7.805700873870517	7.588653166692499	15.506317524666125	78.30033807827103	1054.0381657686528	128.02833486723512	341.7131562865733	844.6390161740374	1003506.0567938996	6317282.533726023	107781306.96686146
1715	1715	0.0	8.566784056399497	71.18259228446817	0.30076630344073485	0.38855043190080907	7355028.6499740025	0.23515880148304455	145.86304731424886	4.627571370976511	1143.341455810844	318.7758828186446	10.30319764183721	1.964547486243268	35.37096450086925	242.05300852458672	1683.4650095129684	162.16547277541576	431.5853256779121	1049.6455370168787	5464770.798744211	45460093.65655558	425532926.9255387
1716	1716	0.0	8.05589792010469	10898.22798306587	0.44584268820291967	1.0000000000000044	238864603061.82718	1.0000043642779417	42.432820782178936	3.274599705007859	1961.546526433507	527.5248771849183	3.307787032174831	-2.983361228121604	3206.0078898754823	13020.691458150406	33323.41161146138	264.6823487549864	706.2050205898736	1740.5659941379104	1690546341.7329686	7447587009.970424	22383095875.56095
1717	1717	0.0	43.87102887790457	0.13195925476464676	0.32514013575919143	0.047325615031386666	115.02616887392227	0.6607171449352899	0.2193109667780702	7.227567798981909	136.4260642530927	16.96934055001695	40.35614098946605	624.9320795459522	0.07500777135226765	0.23293772639641713	0.7779468348356405	8.586326005485745	22.864987637410124	55.81954437301012	18.613088864540817	67.63744113070403	296.01698692001315
1718	1718	0.0	12.3411482080035	192.2507006061687	0.4075023093357423	0.8840001466917778	3557988.380500578	0.6376067521856431	4.528223677327647	2.649113680992741	365.9491818194278	95.30411585297821	5.903384569722771	31.95603454935056	82.20785259096705	254.64485775159375	867.5177471624628	47.78879578591932	127.40771344261907	313.2314703921987	636433.7877554103	2277759.871317716	9897692.56206945
1719	1719	0.0	9.071512071563191	5.743915884413882	0.03537298533004177	0.6695613976220193	1939786.006505426	0.13343507055870577	2.373109632713129	4.505160057975445	829.9665358897411	317.4173226706892	7.84274991318324	1.607248550314256	48.820583069154445	224.54237441564658	1774.1540417812673	158.3296913919229	423.3750579017261	1069.0289937212483	3491742.7123007495	19607321.920135982	284788014.0529615
1720	1720	0.0	17.02457725283938	4.176797281246172	0.4849202384922923	0.007090432531139282	117880.98381453408	0.7241601842823906	1.0579310912756967	4.840613859996665	436.5705168065805	85.63834252935467	19.79741132311038	71.14636945779026	1.3160675922148877	4.385482807440642	17.10874748606316	43.26094124949253	115.21846712729507	281.5967448410833	13161.613838384068	52359.332841951786	266335.9388109874
1721	1721	0.0	13.04784356242514	387.33401726490155	0.6792858107869734	0.6722829359550357	7671501.255113681	0.6254722646355013	20.95371147273319	4.431698152970057	501.7319620950413	146.1820640004515	10.73864556672241	35.71804630901696	62.65517833001541	214.59750260397342	888.1260280519444	75.85002264920081	201.29789090222835	480.72920072279226	1144204.4238636133	4809416.364168006	23708955.879682392
1722	1722	0.0	15.24440704585154	0.06311094793091786	0.02901584193118837	0.7356536843724037	2335.557474768246	0.13462721530053334	0.1608803948301806	4.595498774026055	374.2535649354288	88.8983187925634	18.39314346890944	49.28801482825423	0.4965422960748104	1.6993987678832574	7.590530984270066	44.860875347982414	119.54905711895287	292.80928533156936	3838.5679935900794	15734.121211711245	86424.18646695864
1723	1723	0.0	8.31245382053489	15207.16155758088	0.9478994952750984	0.24527919894583225	251852548.21253785	0.7698878483472884	125.3733126543829	3.762251726002432	515.5866144995691	181.6104802269886	1.981718467592666	6.256868095689475	671.334682512495	3460.961387368021	12547.666709753965	92.87541631631132	246.9609356146761	597.4304581080894	15856183.156306138	87032862.26780315	437266098.43841153
1724	1724	0.0	17.78869405061441	0.6729102370296617	0.145660900438749	0.5197352462020504	1668.8239791479941	0.05882189075756234	0.379043824810191	4.697902712039649	403.7119957790397	70.32145266198813	21.83759531393439	80.01267308582423	0.9754505427640646	3.3589637481667642	11.946881007238456	35.30372888412779	94.08470666756028	230.92159332411853	7281.71882455694	28063.871326326804	131466.49035329634
1725	1725	0.0	8.002070883050434	281.5305621154903	0.33232136617682484	0.6408623972888229	53151480.76916391	0.3493796991293767	7.34343086068409	4.650776404014323	1140.735371087699	334.2869593930519	8.837780762465215	-1.355744031351466	127.2219121240881	607.3124000127557	5704.834908305633	173.51433152876552	460.1959213626268	1100.6376068078666	19964748.142727908	114239503.24999459	1606290030.7408102
1726	1726	0.0	8.16046462484241	2589.2208954760868	0.7243652783120992	0.5565362677100757	278309602.5383432	0.660202016054036	129.57941449078126	3.93834530498134	943.3524459231561	324.0662364267028	5.251961746942484	1.543794212491768	115.74173158833518	819.7335619633294	7135.08609019373	163.39359286066735	435.594411281014	1066.328895036337	10328279.651198497	104438461.30692188	1440646091.3527913
1727	1727	0.0	12.47056555344513	53.57053969823848	0.693875397324138	0.8849145522683954	1781411.5124592518	0.7536528473321081	9.987136945313281	4.752868730050977	540.5136573187194	134.4778764893443	14.33321852454836	24.19002643633427	10.654154750331957	31.84801921022597	108.04720241299076	66.89022173244547	178.3890689015371	439.93301595746834	205754.84689331191	745875.8966386853	3573001.118161109
1728	1728	0.0	8.264339652980407	118.60268323890236	0.14658012531300277	0.3326064406336493	3394366.6665294236	0.09283511467034652	4.482803901377834	3.726154753996525	787.2666024410481	305.4568758743863	3.687951595811107	0.8848679850886256	170.8149973534885	614.8375718685369	4340.5820771898225	152.81730442667833	407.79831511033376	1010.6279271785006	9247618.170015942	47252746.22162626	655136180.2956513
1729	1729	0.0	10.2812896483151	351.2968463736556	0.6288123829429406	0.4096157778262195	2289168.355685804	0.4066001305744364	20.142170609346806	2.592377184017096	424.6433370179396	111.365369150535	4.362455013972092	16.40186863997411	78.93606378449722	246.0890806737589	812.2186798274256	55.91361176394105	148.97987949331736	365.36292706777544	858159.0345265495	3216632.7294806	14930438.4043035
1730	1730	0.0	10.06866040450617	306.7618273246706	0.9567869050268277	0.20959129737733942	12892081.975831721	0.89287339528633	35.46341965513784	4.767531250952743	748.3603858191312	201.1802319551614	12.69386166392384	10.03273819410241	6.515775857907737	23.138193026926835	159.69955512246761	101.89054562966885	271.2522426390841	661.3710158411479	329663.072499644	1449323.574702899	13797070.2885597
1731	1731	0.0	20.77289858703021	0.21720001560640595	0.09366511579631626	0.20776770459238195	958.2096224750896	0.09233795138378073	0.38386612064612297	4.790471231972333	351.0867228496163	61.13279304935314	20.68563574200488	115.084723099421	0.4943673414696819	1.5537726877937499	5.416172061375435	30.77630219649984	81.99371828656666	200.87547196759414	2385.637534794706	8858.321877079288	41342.4130917183
1732	1732	0.0	8.032386490297583	1054.992112030454	0.08431541874903503	0.9999999999999988	81587934704.527	1.0000034908631696	50.7839139763809	3.315607531985734	1821.944366353303	367.753327099007	8.149197709909615	-3.81452772518433	3417.4528488922233	12638.469842575963	33281.652024901174	185.0712616047706	493.1976819135798	1209.4324617062537	1306761182.226576	5035419155.269267	14962347612.33577
1733	1733	0.0	10.35621375087876	2.321171487537157	0.21632148359893735	0.3003734679625247	32643.473478776257	0.10358606483429288	0.5701306152119858	4.563819600036368	688.2021185251662	178.5361703637458	13.83380802898586	11.18503886476491	2.10846446497627	7.837485624411258	45.78163860756119	85.48187027810206	228.69065321931976	578.8420005103335	75829.78990040043	341579.8615857692	3159756.7967028227
1734	1734	0.0	10.12275128230945	4.724305245114508	0.08628777956364071	0.5971988741912201	308424.315217856	0.1237954607383768	1.341848919234429	4.099313583981711	725.8025275371022	209.8674822757439	10.02255188320039	13.50816096339025	12.279344119044964	47.417202051823494	447.02798505550635	103.9538132634633	277.3930881170203	686.8919378303174	577326.0875408356	2795736.7028265055	39595903.17121266
1735	1735	0.0	8.20647209372988	1180.6763354007119	0.6277404862641075	0.9999999999997738	162039831052.6119	1.0000047866723443	91.58130138919603	3.336623904004227	1573.372360967424	506.9402315676382	9.890818885691644	-0.9355320186271113	51.69688290219276	376.0099896933068	9621.372678197464	270.9401135415569	713.5878062556646	1662.6709121434778	13077223.099212991	155964649.9120052	5905705416.22907
1736	1736	0.0	9.921948451928808	82.51305649481627	0.5743959445664353	0.812842439918718	10282086.986421369	0.6502846364731728	6.262068374334506	4.530502879002597	833.9333254440653	236.1641718775637	11.96819453813749	9.873708162135582	11.831764142819381	60.25687793153571	337.9831135866432	119.2932950500699	317.6973290016492	776.2188677427985	929806.6529692148	5220998.070558141	41835912.14457274
1737	1737	0.0	10.67719883544649	195.45050762852176	0.7186725573903157	0.09864844906924795	467300.000707151	0.32115538894139567	41.88546292974862	3.403748158016242	381.563903904014	113.9895743483719	6.047496882368705	17.68279610004519	28.883666375532254	96.4431624797676	492.81654925738826	55.40574954167431	148.07536112315785	371.44014542125234	253843.1350134224	927404.7700784006	7356264.447560452
1738	1738	0.0	10.24672377193905	3677.7847533151503	0.9584888769810395	0.562146019352579	164863130.42207766	0.951218221249182	162.77792148395264	4.40294849302154	627.7688627333517	174.3829268113271	4.648444780513643	12.09552149052374	36.17502555703364	123.32792854870846	1515.2475328290552	87.41561618592868	233.05944543921015	573.5023304170389	1265540.0139030358	5242197.97411181	78485965.32612588
1739	1739	0.0	10.4349774607833	6.694678216879789	0.09953383139571599	0.05637791193339726	360240.3032901148	0.15486692466137214	1.6501333596569383	4.718726446968503	662.2408204683716	194.0510154970096	12.03828397267708	11.00102696205071	15.021740433468047	56.83952494850127	461.4388202003014	92.49781805314842	247.96468684223828	632.9800365510741	507920.1304422131	2293513.7866777265	35409025.31110491
1740	1740	0.0	12.15714464236338	50.64612590320732	0.3273287186914544	0.17588827725949116	326573.9986152361	0.2376496987032395	7.966310668862262	4.322834060993046	399.2059198781417	102.0262576998728	9.025051576937248	24.74567071371118	27.028853148619017	93.31124577493237	381.1814313727114	51.77991608723386	137.83912962264077	335.80392764010867	257657.28923047296	1058247.1805446683	5726136.060610725
1741	1741	0.0	15.60067758967875	26.56888945621384	0.7457496802766979	0.36257506755029734	8328.962016064188	0.5481304385433774	0.8927247995732183	3.626573144982103	136.8695190651067	34.38063008761802	4.387689220843299	56.63635221014507	4.709621181791274	13.844732845954377	44.877149868054985	17.16119327936687	45.76526257877185	112.8485961645692	1964.2923553893195	7076.958703017112	33638.120294212655
1742	1742	0.0	25.69241988814619	0.3188332304561935	0.11104058101619518	0.728837510188608	505.7080007317519	0.16153819398626038	0.36044644125802067	4.483436902984977	215.7055383496739	32.33674706776677	16.88350210738676	196.7615014917295	0.6084664199290232	1.9391066878891672	6.82363466112819	16.230255054817945	43.24805282701797	106.11559928954188	658.3814973845166	2469.54451017133	11651.979044513315
1743	1743	0.0	10.78564679465685	42.44989889919262	0.5419801704515465	0.639320118875111	739874.8879956367	0.44217375782514284	9.488710506766544	4.265322506020311	521.8549681194748	145.9076975513221	5.926575064437067	13.31305469287361	11.418273999164441	37.268008968000316	189.23569353418065	72.03112008793784	192.4310934438268	480.8093724715008	236964.49457482045	919748.7527969147	5689847.888665711
1744	1744	0.0	46.59379305677798	0.25818115062648156	0.331578739722316	0.12488364177111293	137.92337811648375	0.4018878341543076	0.2315422390966444	5.96990156499669	150.3686285272172	21.79514585047703	38.16878075518883	709.6572190339552	0.1426013856842307	0.44658853079834165	1.5210463444418891	10.963563964248948	29.212252849105056	71.61074165242647	53.32975880784468	196.3792124044876	888.0086751152252
1745	1745	0.0	8.771283532987367	4.894786766798032	0.17744873031867878	0.7067572793286385	801467.0880536513	0.3855845020124502	1.2604968942408614	4.128980744979344	755.8213455521616	339.0375496747525	9.79623315119527	-0.3646999242939026	5.710449916205909	25.704978432564104	565.3137816057439	141.92570006130666	390.24125130670063	1207.6659999287822	246329.9205002655	1451196.5206386524	193312198.2769766
1746	1746	0.0	20.31700688718418	9.455167471831572	0.6232564606708103	0.045539096271772855	65929.670734908	0.6333340475884874	1.7079610785390982	4.210111068037804	332.6112311490794	73.70134841534126	13.81606897170387	113.4916391528043	1.528168912359945	5.992281279639663	29.933754786618138	36.74102502233035	98.13748948893544	243.89534085647674	8293.072148367855	38434.85946844466	231885.36804698405
1747	1747	0.0	8.364021460022927	14.94336107371929	0.29550100681214647	0.34677066781919125	702351.2475364665	0.21813891551494377	3.6805752134684924	4.243359860032797	925.6259456592969	336.2081355334703	8.849792045403747	-1.317360901137833	8.473216664059414	51.19164742598847	9172.086945982981	171.44230057729123	459.4023994798923	1107.3167472506932	609762.7524436098	5425718.687914735	1942129775.2310917
1748	1748	0.0	8.265036065318421	412.9324734438577	0.5826449931916174	0.7995897154008341	67314451.81680661	0.6083166609140827	41.11163605978919	4.055661842052359	1001.885198715048	294.3769484027493	8.40130337413521	3.757432214392377	53.73237493323486	281.4464350282222	1703.4081170671166	150.1486407964045	399.4566413165235	969.3535868861103	6171829.953123572	39969927.411328346	321415045.01048815
1749	1749	0.0	15.42138219723281	16.497365713680285	0.621531837514028	0.14943836479423295	67058.71181258578	0.5423611734616446	2.335025619157071	3.739876244042534	306.8708388398107	72.67283671580611	17.65839600260382	55.56111918088688	3.3010108580393323	11.115909510976472	60.549189861337894	36.267483823302825	96.76586281009344	238.94205980712556	14069.895737373705	56974.94250777788	416613.9477382432
1750	1750	0.0	10.38463411277118	0.4778400343340911	0.07710656777584624	0.5324377786929432	13163.000122984326	0.07017923944469662	0.23574068158563516	4.721588955027983	660.5246780216725	192.4534017285681	11.64200417142972	9.935143666861316	1.3714589866814864	4.867367172311265	35.42603387580977	90.28070541212082	241.82930497113296	624.2499401007194	47043.40651441407	207574.79576239834	2422358.2121000746
1751	1751	0.0	8.144222370631661	538.4068734029507	0.18440559046985056	0.9482261217589768	1853260758.7418869	0.5494081880451741	40.28922456167743	4.645633556006942	1467.776903445509	376.8555629288196	7.176003076389538	-2.192462054011671	629.8152737806142	4353.026344459013	26049.484554368595	191.75270956010468	510.5383426344463	1242.470582217927	177913463.50870675	1417271881.0446143	9495459202.523453
1752	1752	0.0	8.576244149276436	8.022466991530024	0.22940430066240564	0.6545440094307322	512597.8569273492	0.297981330487624	1.5430647411107503	3.759208261966705	706.5580878324305	272.2579933276397	7.334986622803844	2.055141608942553	6.562097419310403	37.073034214658286	523.3381984801961	119.5845798133854	323.7336144322604	880.4421416681519	243158.6012212694	1909937.5623241877	63922850.98656411
1753	1753	0.0	8.603100236620302	76.20524019252463	0.30802705467185326	0.06833249067982866	5908252.433346081	0.2191752021529409	12.817529720715546	4.629241148009896	1041.542464081177	303.7991016077693	10.49202646347996	2.008478514144624	41.91183441235055	176.94061464065632	1771.1497447552647	155.19292589979773	412.7754351645026	1000.3304585869927	5161085.789305274	27682662.792086896	371194178.5986816
1754	1754	0.0	8.251251150577787	32813.02435317637	0.9298344678165529	1.0000000000000033	505211360560.1091	1.0000036120380849	68.47091176594864	2.653651483997237	2389.433659775446	520.7235735111188	9.066487125507068	-3.699243646336073	1603.2948247317186	8621.936130220647	30013.25261040756	262.26888540909977	699.0745933552519	1714.1698377287682	1229721687.2232418	6897750030.081799	26492544234.552723
1755	1755	0.0	13.59684432956148	15.212197319452631	0.05935100143114527	0.7112446335340398	594267.4738379644	0.1646787576477934	157.6628636780052	4.316724303003866	461.0160961065679	128.0706237466805	11.31407618194869	38.15777698518446	63.404539469813656	220.12884610892317	773.0066147598228	65.95139522489359	174.84797073235364	420.32647167790094	791092.4267667249	3539354.453366436	15981681.861456577
1756	1756	0.0	13.55999791456278	1997.5188756023613	0.9828065792825565	0.2871856737243755	30563315.81039948	0.946556719561572	22.00866769055723	4.309897380997427	467.1050153113142	130.0815598101051	10.84393173318583	39.60788990089697	51.58525369555873	245.99439484070666	1115.9409654614333	66.1883735501263	176.14878918657905	428.74319144381604	922576.8315215808	4693268.682719984	22630946.8111046
1757	1757	0.0	9.455693441608169	13.100849243218303	0.14925722782820922	0.4825717304868165	559957.9428730952	0.10397953484042544	6.706159589268878	4.707174776995089	835.8942839591889	245.2253460476699	11.13395735550951	5.903325377902502	18.44225193708269	63.83184987915544	509.6908639598316	123.24543645114238	328.41556531868673	805.4559930758169	1265945.241503581	5586702.610898791	63037919.672260135
1758	1758	0.0	9.72129853619086	163.87208422748307	0.10290434530306289	0.5867722904941971	4509490.585000484	0.12542412876227121	20.52268046334436	3.973179685010109	526.1226297398719	169.7943726598052	2.190905353439749	12.68748753025338	455.7995049889253	2567.8867102173103	11026.00774959914	86.29321700927596	229.64863044574622	557.9160174705625	9895261.8462397	68143534.41392325	380929763.7008108
1759	1759	0.0	8.379647868336964	199.17487317915524	0.3992279383792423	0.6763710853715593	31613331.068970375	0.36875234499859355	62.72531895233148	4.632830301008653	1165.304507682928	321.549057026663	9.423223005782411	0.2077814026802187	57.00589371677234	349.08450949591384	3704.920594606907	164.4338052125911	437.2535062281253	1058.9701131862828	9044077.728394315	70051542.00333947	951266531.8452407
1760	1760	0.0	9.021439624148682	43.026913280276226	0.15064907177178355	0.1665394873984579	699734.9347594663	0.0752672826576131	3.321818375770895	4.548419939994346	735.2439761451868	287.9059119198215	6.783933178662163	1.611826920345652	63.72650632028749	285.98264144915925	2917.1600438796445	140.69360517326322	378.3113368998319	993.4718221866785	2877273.476099423	18393154.356402438	402855170.34040046
1761	1761	0.0	9.715287564803562	2337.43280191275	0.742380726192088	0.6677173992477048	204064161.06056157	0.71989262698867	41.4263639478022	3.992553661984857	781.2209598462606	260.7933474326215	3.864352701541121	7.066042366500265	105.41315127157104	799.5480659448561	4966.3371416104155	132.2273745320333	352.2840182268985	861.8903844951161	7232980.351340235	68231346.5942504	536968856.2569243
1762	1762	0.0	11.00876803007138	9.150267827282322	0.16749813944947284	0.7181711453142983	586608.7825428689	0.16455621212479618	1.1212142486710028	4.660967607051134	796.9712590442016	218.2099788719195	10.89010858426862	15.44700295322902	11.553550535296274	61.533314164401524	429.6209358726103	109.97679169553021	293.14598087478714	719.75606527763	789109.1912926835	4928529.6024854565	41113991.50063015
1763	1763	0.0	8.054395419432124	32836.52457524265	0.9455657837293063	1.0000000000000013	450687901201.0018	1.0000038703760654	115.68820209256917	2.768841901968699	2394.295784017527	591.4942221052108	8.575242897657839	-3.054999550448128	1599.9922083859005	7369.029881764341	28206.528486027368	300.45901970616023	799.9719972358193	1948.9521467369402	1297799592.0105019	6687028398.487741	28887438124.997807
1764	1764	0.0	9.801750556849392	5.140673576918488	0.07091680882529029	0.3394395084717662	91438.52949237007	0.035818899298639406	1.4249294176139473	4.50482994801132	736.8246364109463	238.6822665172956	11.73100332855227	5.506969649704363	18.764285419534396	91.93621560912611	784.3596180250369	114.29198328065002	306.23077362789707	777.7224140267837	893476.3207699398	5539162.016057102	79747874.67506935
1765	1765	0.0	18.40188040809116	15.208918828649317	0.5810358235135663	0.10893237951294742	37357.153027056556	0.4610259014923547	1.8299797404624616	4.159184956981335	262.6025651377902	72.52469415478991	14.97170685474009	87.74855512400202	3.567643187982205	11.78409731605209	57.69985111378025	36.7012632337032	98.07511637373537	242.04839238442392	11268.47049767424	43043.55849072591	232966.5053197489
1766	1766	0.0	8.552702092409511	1669.3550603249623	0.9575864952647967	0.8219599167933987	240026944.88881883	0.9597658684474014	24.721644377076473	4.079378221998923	820.2814384276135	260.2709558714276	8.862474419024208	3.793490794201242	22.857443789045092	80.53422503446865	760.5033662862929	131.9400518619899	351.2007165786795	856.0681025677858	1601567.9495921142	6953062.146224753	93896460.15093242
1767	1767	0.0	10.18677966804267	13.120520188026736	0.2564180196666523	0.10330629195041793	457.31263382586025	0.001413151332718448	4.044382523779586	3.688764096004888	458.2063954850818	179.296930351801	7.413276243125477	10.18731326339742	9.686062733823098	33.57599992915404	157.17546533512686	96.14989274342912	252.7210455200963	589.0010336277309	122812.5452124478	579892.1906917098	4980045.475204332
1768	1768	0.0	11.70223406154072	20.66760601332539	0.23151549247353903	0.3508769001756653	176193.39298594193	0.11760367544109265	0.9011304026843333	4.007828341040295	522.575142949798	132.6963289355265	5.655138425364758	19.74221102843563	17.20120960755909	67.72185407848467	300.95024999943774	65.38134292549239	174.56462589719018	436.3098691830994	353152.506603405	1573321.400074182	9092980.005878873
1769	1769	0.0	10.04110381027291	139.06046584090663	0.6837125012823017	0.2956242033828413	1008383.071192953	0.4126165182414003	13.390761936131392	3.480693196994253	484.1666916978973	141.627280069429	3.833693516201814	13.41258771866788	25.970575221424827	81.37015155999029	364.86438722599013	68.78851775502187	184.15554542000552	463.594707823308	353802.98978396645	1417956.2540704268	10876731.51291832
1770	1770	0.0	16.47728922128808	0.7171698628513458	0.09103861138076583	0.34292190694426206	672.880201019956	0.028025894019041465	0.5549916963915585	4.674866989022121	290.9329495590592	66.17450700145882	24.52632125599835	64.26148415138528	1.6718620357530274	5.1063397548728275	17.18527089293976	33.60515147989889	89.44387790668247	217.77587005948362	5944.700774499063	21498.633469107517	100519.43118641133
1771	1771	0.0	11.03084480663764	70.42198241849181	0.5715601026235316	0.5184301512773627	1389802.0806075523	0.4561944416579916	3.0542896256771352	4.171109732997138	567.6194373233367	151.6223818517958	9.489533920361755	17.96963488033701	10.828132790951962	54.75808699551061	237.9541179545717	77.10054708188227	205.18014589763396	499.146678628116	319111.2441268571	1668410.373102585	9824880.594569666
1772	1772	0.0	17.26208548532377	4023.573735141932	0.27623897752988313	0.5895946659415616	3100659.9483744926	0.08090744996764464	25.723557397710756	1.945116954972036	223.6498439383801	71.44245888887752	-0.00035006883896926	85.85433415194606	2796.15282667194	8418.413521813793	24841.903405421388	38.35552618061183	100.89535987284134	233.69173153769898	7741910.037911186	20763336.29646323	52763259.10935646
1773	1773	0.0	9.493040070198713	60.50782623443684	0.5306204220442768	0.23464788106970683	863515.2800307999	0.33152941930897306	15.178174088783043	3.072368622000795	594.4686940279956	160.8725695842112	4.057023857046769	10.11408967407823	15.269003921245226	54.20227122455896	280.3544319349676	79.63029878682153	212.67578926824956	529.8416794012288	414414.7187357177	1844097.127975434	13230176.588096822
1774	1774	0.0	8.426472524497578	254.41088620460883	0.3417376602698179	0.025867474207392605	16512023.301694117	0.24032233426302088	9.193150519468187	4.505947541969363	1105.471317498206	366.7722202301067	7.978304643629681	-1.156801197672995	95.61160903887203	595.2429175311787	12112.070149718462	195.22044283852233	514.998764588609	1204.5642089065814	11601793.800527858	97730623.858171	3407799201.4951806
1775	1775	0.0	14.22700268715482	31.394827916177373	0.7605247676136657	0.14567893943569063	205134.81367238166	0.5957838789816351	3.793127328518349	4.616115849989001	399.725603719815	88.31396611944467	18.42028864706136	40.18457961932211	4.705364867669498	14.862756282345364	52.31585797401507	44.59629964606131	118.75868522278853	290.12253396775986	39320.80924488981	147419.1583702021	713069.7025700456
1776	1776	0.0	10.58083770831363	73.1759146918505	0.17573568885417687	0.6495607098775481	1591981.4677110354	0.13711497225921548	18.479532621530605	4.426897754019592	549.9776525866955	173.6291100850238	3.740957228138889	13.97616985633892	87.81638056275617	514.5241318608399	4710.071480994095	87.19352865142366	232.60968512973875	573.2593198576353	2775307.8933332562	17590611.413885895	175604784.77388862
1777	1777	0.0	10.40342423223162	3.78337838505352	0.08290410077187581	0.37754668260738283	83892.20795430522	0.03478898362515185	0.9463835698903728	4.512501835008152	795.4518178163769	242.1079199033252	9.953373361255606	8.348885878220239	10.93435667543297	47.17577612451926	453.56080431115436	122.22336264071316	325.71755672247207	798.6452042055571	760357.447208801	4255986.2013995545	45471374.7526377
1778	1778	0.0	10.36366104170002	14.1237383733182	0.7113306637152758	0.8367731080484245	1707144.9974181796	0.7549964866939943	2.4994807901523095	3.782121071999427	795.3888233949259	258.6662344404583	9.194747827537004	10.58301574573411	2.0028962157736245	6.84880307142082	40.11052277032604	129.63303667450577	345.8313042102594	866.4667297284166	134512.19065603535	568366.3038398428	4716500.62944104
1779	1779	0.0	8.7964741389725	5.681624559183526	0.22080225899314218	0.5349915382235794	374380.8989753414	0.17904603544136263	1.441773516717997	4.567757249984425	904.7835539406874	290.9247304418434	9.970448272999496	2.312080492014223	4.971383833365666	23.989618789690354	637.032142167184	148.38659046082307	394.75510497912614	956.1045592108611	442990.1698966824	2792983.37927524	100926994.07235475
1780	1780	0.0	8.044536743723981	339.28445607657295	0.3851691515830712	0.058489441522175084	73169460.94108325	0.4564739282325994	17.973765837850063	4.6800405329559	1124.103683341209	287.358522395725	9.51582403762903	0.5234138665983505	122.59599485249194	520.9586309171233	2592.992844044426	146.3409836297319	389.3776379035904	946.1233460108812	18718238.06851523	87185046.8674866	594652862.1554496
1781	1781	0.0	10.02344566676646	27.027878168441177	0.19508186634710373	0.12165015815064259	1549210.8706097093	0.1819894612399306	4.281902297612876	4.155472577025648	775.0703134813135	217.3279171667699	9.742191072436302	13.50964696684442	27.994313186280312	122.90191777614676	689.4662221970888	109.62012482822229	292.0634453654867	715.9854880099626	1792158.1756342084	8626866.3873789	65070311.91355426
1782	1782	0.0	10.1226181827178	1.4392574619050815	0.017935574822471854	0.44062730316168364	29692.322194579807	0.01035909604349427	1.914798440437208	4.639639890985563	720.2626028140037	198.4738818825021	12.91933493568751	9.2934382899297	17.739177282258233	54.148949352854785	207.9010425033137	95.99541122212963	256.41505763145767	641.7382905567398	735308.4356940547	2724556.8832735987	16572547.450305635
1783	1783	0.0	20.55489634882817	1.744157106454466	0.46283510746759865	0.5728833985784402	2426.5405391356962	0.3357796652018669	0.9753550746049747	4.321173568954691	243.7061938976951	48.65859110389309	18.40731587690811	114.16946715806	0.6168761793485088	1.95050928969143	6.825574252691783	24.571083459806317	65.4450581777609	160.0297047309184	1215.166974807302	4539.98281988887	21259.832836721354
1784	1784	0.0	8.1753433828156	2835.9732271683565	0.28780460167570726	0.9999999999998787	115551057771.55727	1.0000039179186857	74.61637724841347	2.983858787978534	1870.278273516544	440.6977046059896	8.910635466119217	-3.987684998134076	1599.28705171679	7691.03305784102	28224.227870529765	218.3219493064712	583.3159448223187	1450.714747123481	718875662.3352042	3854817441.3155985	15892051017.778427
1785	1785	0.0	10.29004556058174	7.570035260908463	0.33965653853506556	0.7066897972565768	207016.33053679302	0.34985240475605733	2.299376319811503	3.613305576960556	560.5213328779793	143.5780261644328	5.558958439248139	10.94682572015752	3.849071297716876	13.86032155483629	82.92718837668136	71.67062354956045	191.08493257733517	470.71118234932334	90834.36019247535	407368.1698239354	3228777.0420297603
1786	1786	0.0	12.30414064511236	45.820187443244144	0.4378346134024784	0.7659374190001389	621640.1741113946	0.46623855438253237	6.070100277101075	4.414023973047733	420.1678038219086	110.9211410974928	6.460491190898207	25.51524568837416	14.942156569229343	57.191118786086065	341.581877486037	55.70439914519255	148.5053873832225	364.8276426644654	160164.53946610508	716757.2191953446	6719079.38417408
1787	1787	0.0	8.310822449079398	6.294702339083766	0.0066616459120036236	0.024381791387849443	966902.1757389733	0.012117731291330243	8.795176727382055	4.414167640032247	1226.729428114484	359.0314778685544	7.460213475981579	-2.501007876238948	271.7232526808897	2390.8525800577363	25856.525659580002	183.6596899173851	489.795378976904	1187.0877131482628	42477450.961364955	582353741.3690252	6518727557.025403
1788	1788	0.0	8.783792258670399	15.47447658358113	0.0821037223470138	0.08941893722384134	2298201.9535234342	0.08233000058507306	15.495844352943125	4.501714253041428	1156.086696717622	301.5419639642396	9.918198814300842	0.5488489361013271	49.70035080507515	256.7079800797126	2096.8278449582735	153.04093362265462	407.3919747187026	992.706305686292	8232891.805419279	48611212.705994144	506353340.6115689
1789	1789	0.0	8.554402232718669	7.979846611109152	0.27173276375071675	0.6082574963308465	569660.0958575986	0.2851537180776792	3.5152903567224207	4.487626090005506	804.2742104037849	253.3383430796447	10.96130597426449	1.612548181293321	5.229239475705753	20.244883253744046	183.11336857548199	127.57521476951058	339.78332342608314	831.1656247835034	333368.50727308076	1623699.1601770672	23797604.79582561
1790	1790	0.0	16.01501298209531	13.520496065823103	0.25742081264540223	0.4965650346521947	76894.3923806052	0.15106610358496156	2.183799808066463	4.296218092029449	439.0206097041729	105.1551985096789	15.52849638635602	62.02968635730782	9.9454317265241	35.046022192049946	127.44996377474119	52.907585979133614	141.02151911848551	345.90474694610754	111061.82636065916	481963.36744986475	2473388.884581179
1791	1791	0.0	8.9290579936875	343.95302697805954	0.4075159827695748	0.027251864789335972	1737372.1117831825	0.13658010312381028	40.26105613441831	6.876875816029496	731.636160840869	315.6853425769719	7.102613301888482	-0.6743705514994471	107.46166228428626	515.5253687780148	4462.5263647683305	170.18369672491121	447.99464790643765	1031.483598501335	3710087.142170684	33345906.143716734	639750127.5985683
1792	1792	0.0	8.633644347236356	13.848345145984434	0.11751418901997908	0.2269884899022883	840019.4856436586	0.07274178566727443	2.9480448311161256	4.710559753992129	1000.470888009392	304.7507934411432	8.88188715738953	1.654032052152873	31.9452552011459	181.1312621788891	1708.6707546219686	155.31069614845057	413.27160698044736	1003.4879276739224	4202349.766740887	27386308.992507637	327565716.73825544
1793	1793	0.0	9.294651500040029	261.1776912191224	0.5353549780068159	0.4359678087353878	27170659.812582646	0.4022662139794229	146.21266849910992	4.532680258969776	1149.241194435847	325.6119015370725	11.42934818065001	4.468997258608846	32.833417395695385	226.54897795492565	1251.1695351127476	165.15312901398693	439.7403586906413	1072.3256661859864	5999026.493600516	44057151.19256659	308342572.1611827
1794	1794	0.0	25.68605111249001	9.835472404817875	0.22266603479041466	0.061232141981511376	16938.4896699494	0.37485159077387076	5.675003740017384	3.61425165500259	163.8779586549404	37.91552272127853	10.11070151774914	199.5048379462646	8.655780381022662	30.45133585996235	117.38143461427507	19.032176721344428	50.78223915494749	125.62484595806899	7101.344343069436	26922.344200509688	123732.66411473232
1795	1795	0.0	11.65473053888374	6.288145357480641	0.46465045830872587	0.12421615299155896	160108.0866370704	0.4226419829590896	2.396790649505203	4.775793839013204	596.5364775766616	140.0650637800202	13.13115412626088	18.15302544515238	2.068614996723863	7.104262145051952	50.992739734743324	70.32039002439205	187.37441657072458	459.5917329829645	52132.26542241723	221876.57405381746	2174642.0188740226
1796	1796	0.0	12.87316140672977	1.6195744559934102	0.08208575254044305	0.09692534286062165	22144.154289158898	0.1449108967372004	0.8774347687249312	6.217440131993499	355.9414845605596	84.48237314608423	6.329096542982391	29.05077960836024	4.776501853502998	20.162848863221885	108.85103086547596	42.351021507924315	112.8958647553585	277.6883437648778	34523.48531659275	166101.66050490848	1048389.7902951067
1797	1797	0.0	8.176970329266364	26310.177190075967	0.8503204398771174	0.9999999999999966	215749513634.61536	1.000003860470393	103.46764217526409	3.224916342005599	2038.518651215415	464.2105074937248	8.54487910802844	-3.798790923292199	1881.2647430742265	9060.81822428758	30113.036963074257	226.75229313439763	606.8285900091334	1526.8311598090354	1028164862.0102814	5145487555.467913	18976420665.039875
1798	1798	0.0	10.75684078372673	17.494026917368842	0.7330750052627251	0.1417523361397107	477127.06088435923	0.5638776882862733	4.048717863267625	4.612777848029509	664.7247307633413	179.3245882521268	12.45038762874336	11.99983189107601	2.423823970221582	8.34790107471763	33.751621872064874	90.84927543675315	241.83002144487023	589.2637447378443	90200.96206521563	374243.52168862795	2175141.2328546103
1799	1799	0.0	12.64109052841395	99.666120368824	0.2543778874606462	0.05474694508540325	621175.6387246285	0.3410646379579455	17.179919048464708	3.838431637035683	277.4501283199641	74.28489650712353	1.926421311970586	33.57727819604082	73.84343764468088	288.4187070773889	4515.063149886868	37.60588249851321	100.11029955922831	244.23589230992832	283713.30395207135	1326345.704903019	20221391.98506667
1800	1800	0.0	8.318799634625877	6.307816302290123	0.04035218869814198	0.25249039567890047	365843.35717740795	0.022348682823675765	0.9875845890655709	4.723040490003768	1115.235365829821	307.0209432999808	9.143568262254831	1.049325791478545	110.95436115918683	574.350209398262	2739.5264376951072	156.37912775077166	416.11209079360765	1011.4590013170624	17132135.38603724	102086678.93863809	626422587.7760814
1801	1801	0.0	8.099303911745253	624.434472037025	0.4846324210929638	0.3446855865279083	46608250.577629425	0.4027597085578689	40.23418126005218	4.09796639700653	936.4992685753467	330.5400627885604	5.511819238845106	-0.136751512476895	163.4725642561121	659.3257104935575	9084.680001059052	170.72592465831997	453.33976744623214	1086.837115517903	14674754.486473348	73102478.21015453	1963153007.0641954
1802	1802	0.0	11.81299811722864	207.4104420727844	0.5778222976167561	0.844483934465902	10901055.360795127	0.6308516410685195	27.15059189715084	4.354586213012226	617.8135678258886	169.4065052262198	11.69785344114553	25.88218331024029	44.98555198281047	157.54840299416497	801.8776381340198	86.64926791538801	230.59531218289118	557.9272625720919	1404737.5874075238	6369665.498720409	35761355.02822404
1803	1803	0.0	8.059097714998645	4196.468226055402	0.3004454814034751	0.6869655849207115	988707639.7447815	0.3015241323985911	108.66729004606401	4.546973161981441	1403.315681638956	308.2172834124175	7.304690696162132	-2.730633699551633	2281.623691801106	9689.2401558162	31500.004775204055	155.95741381264384	415.359126867085	1014.554941819303	515450043.18475735	2429403287.754148	8717130749.809227
1804	1804	0.0	9.745181999958833	322.7084065836544	0.7313187919820076	0.19437854817684566	21257552.899245426	0.6091406170537687	8.697918531363783	4.746013488038443	876.2569179598768	258.5128294547944	11.35929832375167	8.206210893668837	41.46787724703982	131.1875554552572	869.3072334210581	131.1512350013552	349.1403648633245	850.5283272250126	3191319.4167757495	13247925.279813373	118643872.69974507
1805	1805	0.0	10.79335697104169	4.927571674814094	0.12710273428300747	0.05584882693107157	153887.85989882884	0.16738911550212004	0.7273939828240812	4.415448093030136	549.8975829391723	129.7448339625389	7.148256925952555	16.61625302120577	8.7447898776646	36.97248950715904	136.65489934927285	65.38396304923367	174.14274798510746	426.1513590137929	198878.73995141254	943641.9501125941	4692809.640693956
1806	1806	0.0	10.07951914999072	37.492820807165984	0.14619110036999364	0.32594670913619705	75134.06739572571	0.00970393497175309	6.18148648250839	4.273698339995462	678.8881426631474	197.7398711838236	10.22192082049053	14.49779446958201	53.15846136194682	189.83087850318208	1012.841867098226	101.16295271186345	269.1180028752075	650.9534626268567	2376945.0018891683	10481808.479563348	59610589.078814246
1807	1807	0.0	12.47744313683542	14.805664460052155	0.7721863176934943	0.9833479466993054	1231629.2365281235	0.9400713929184875	4.445424409451037	4.619231323013082	543.5500336263187	124.4809257043492	12.31397987337991	22.43973722994485	1.9940684419309578	6.479330367269725	26.008135220232962	62.88391822285746	167.48159463255388	409.3802446956004	39574.42737868416	152793.89592073334	864714.6084308428
1808	1808	0.0	12.4068355196718	2.017091465688125	0.2667923829119922	0.41796117632747554	5093.864997604617	0.10719729869582642	1.3987560488071853	3.978125791007187	389.5821536025675	83.05403439151549	9.345429702214119	27.01189060566304	1.449133378017315	4.559916412308051	18.998047103464284	41.41751640836395	110.39483352344678	271.7638428843562	10704.946812535223	40528.50498547916	242670.29478132504
1809	1809	0.0	8.128674899144867	403.4904199352775	0.1550088077653639	0.11617721906880442	31499300.467148993	0.10174215056700671	135.2108112676397	4.397122964961454	1207.750300525336	348.0093342174271	7.351324071852375	-2.603201589251689	576.2450315565193	3602.5388716173898	23687.39137446147	179.11193595916825	476.3230497888958	1148.2350423904122	91509991.77906883	793279707.1773082	6159512658.656167
1810	1810	0.0	18.21574444875333	1.24582650461035	0.2734136474857146	0.05937125054198945	10741.140454263963	0.40591843634896513	0.8609503623217923	4.81616321700858	333.8841815805795	64.5020199287122	23.9310408067427	84.66655921916161	0.8656026189453407	2.7593202221486215	9.721230306213839	32.420817255887584	86.39124937723437	211.9107434849214	4037.1431614938115	15150.402382085022	70743.49247635622
1811	1811	0.0	10.54839536449186	3.383402507257561	0.18337964171848603	0.5630680460549466	13490.100392318858	0.18571253650139355	2.836773250781004	3.695016082026996	333.8037306904819	113.2109965854449	8.75480435877142	12.7437004973833	3.742847000568335	12.98820765348582	99.66336469379215	42.31867604595544	114.81636011222002	339.90138727735257	14892.90334778892	66611.00753697733	1044853.5139136119
1812	1812	0.0	8.177965466936238	3.3276681636302547	0.037819330537590214	0.06304083496482013	178545.93697946137	0.02494861768730739	0.8671350009985374	4.635452307004016	1096.772943544108	318.9026556908468	8.401254498889168	-0.509809766937869	36.46989071509036	544.3992396660801	7684.774504090379	165.54092921589165	439.0174816028964	1049.683924870728	4810181.538913024	93892183.27318597	1874456028.28375
1813	1813	0.0	9.561486200221978	62.212641451279	0.1430430200513821	0.4038168699023182	1309156.2629458827	0.07725923708257312	19.072633142167557	4.165892952994909	697.3540012975812	211.5719837010397	4.347873327887006	9.482589129719704	98.22830873513021	381.90914094024845	2711.694046861716	106.924652144618	284.8261485994676	697.0255660157641	4762750.355717028	21738099.938600883	216727033.86384135
1814	1814	0.0	9.06472441012964	22.883865795209996	0.3009016621821256	0.38681279340788227	536964.3363907816	0.20956857028223846	6.407369912136152	3.935945314005949	694.9842680334496	217.6729289240408	6.127400168332449	5.542083652672164	13.521426344495643	53.80859361185226	1287.0540554518238	103.33569330200748	277.12521139378987	710.7616178371111	502461.37172436586	2733573.6312967516	117526591.94229123
1815	1815	0.0	8.050669523633436	2673.150259997318	0.4053846340925528	0.24868408338722514	277560490.17265236	0.2934326089234977	16.61474874267575	4.452855173032731	1263.757710537127	358.9971094587161	6.332610762567393	-2.203071709719742	649.6831194445411	4150.210494891643	24644.45277613246	178.29600867287627	477.3146130378441	1195.232294460982	116905996.90682364	972774582.9410288	6938702120.089543
1816	1816	0.0	8.833178390977737	1312.2356142874933	0.8389300527664465	0.2956146735651802	21806991.326093804	0.6998435630513468	9.078759851614361	5.239563253009692	538.9027779081338	188.928145894136	2.879052510382781	6.846794529275243	88.25556634563512	327.41964358507977	1975.0711492008788	91.58241763295746	245.76383052390526	626.103414282827	1720988.4566139472	8446508.157297658	90341915.47432029
1817	1817	0.0	10.35419839184373	4.01287274116588	0.04819991530344409	0.29061743689558234	112830.10344764078	0.050806053976937056	1.5193196781992389	4.347391651012003	548.6533607894098	191.479561723598	5.823372738370436	11.65337283894391	25.627918104417834	120.14619305173261	840.9403086613125	99.39231744256625	263.8964652558031	629.7371685963027	658483.0381905158	3449005.7486863374	37671720.96501896
1818	1818	0.0	8.491481635576703	16376.297605357739	0.6026306100106983	0.9942411579160068	448663798464.578	0.9942454324190712	79.20204117424058	2.476976931036916	2629.617817228705	597.7386033432058	9.103657200680157	-4.535985081018279	2736.0608601922777	12162.488793322702	32651.38015562906	277.26863727283853	743.7459337955179	1938.3417476825057	2552749187.8558183	10873987791.871729	33134806045.384495
1819	1819	0.0	8.865949604871364	485.8985647244372	0.6551988951636082	0.26774537299707046	29308942.926141378	0.4228082318194879	124.5968559482494	4.045695049047936	950.4872872366875	297.4713353726146	7.48255670433685	4.761087439126434	94.1711262123313	308.5013327511218	1142.1551063517538	152.10561604709335	404.6179735619311	980.784116996322	10108469.266669167	38971474.10224661	195204887.1729158
1820	1820	0.0	9.252168141067724	1.9015246649315767	0.09344226066657321	0.15559470588650703	56363.44066342552	0.04621772903904511	0.6985895195749148	4.646036212041508	902.4874981545962	273.95301047125	10.92108181963478	3.321771995192497	4.67244584893589	27.80370025583025	765.6866916876119	136.39007735202892	364.26705330772313	901.3265408786519	358821.21981424483	3094668.2084558774	127527472.73532917
1821	1821	0.0	19.71960465902303	0.47128305273087867	0.1750532536354268	0.6325524504877635	1743.3475087443774	0.14972041267632988	0.4331641624351165	4.824734048976097	340.1500922769309	60.08572728572796	25.43596240043448	104.4807773611102	0.5469253423972775	1.7207797423109943	6.019107672372219	30.437390535587667	81.04357835613041	197.6773731931723	2480.871091422975	9203.892603354527	42954.296514846166
1822	1822	0.0	8.391011932865924	141.5258909237199	0.7038253971912143	0.2675437862566772	8701619.064256888	0.6477603424630395	6.936249457981176	4.573110041965265	810.3490388660633	288.62977117533	9.675870369135625	0.6214379540806849	9.582998764867739	44.40729818209745	1328.990413418407	138.3113956616287	372.1086726707234	951.2640293156858	509967.38702617784	3328599.4847857985	215968226.92778873
1823	1823	0.0	8.328863765987014	845.168700727526	0.6684449189321817	0.10802720659362135	36576331.40620101	0.544929760456941	13.003937193798366	4.307235663000029	782.7487799735026	269.1684448418826	5.627929081546057	2.137196428481293	65.99521826337022	411.3365231084654	4173.710546691469	135.1355997963867	360.18992712852753	884.3882493932448	4454055.197285183	29094713.0378868	566947256.6740502
1824	1824	0.0	8.313548252628452	53.832818962367824	0.3997639031750054	0.499500741318486	1078472.6188328576	0.3844084600912989	5.473136863552724	3.84538466099184	622.0609235291647	334.3899285974571	5.923214344721217	0.5020999187747458	16.98711482061744	81.36279411718807	4909.407825023639	125.58017163726714	364.28627311697517	1124.632347301913	319469.147801458	2074125.537790789	841513524.536461
1825	1825	0.0	11.48479107416658	54.51474504910034	0.608625535586694	0.7407181654847058	845615.488131584	0.6065209502457158	6.493790084622489	4.648213994980324	424.6644286028081	121.5795052360697	6.049983646801088	13.51729292553039	9.691617976163338	35.93021229691484	320.0857091926504	58.6929037602053	157.15624050937663	398.3836466023837	108400.43398129636	507813.60719468154	6340198.9431938315
1826	1826	0.0	8.51583323463599	150.18110663996248	0.37148780583415786	0.6755843546796189	25817058.962681778	0.34575179874907547	17.60933422383327	4.681772637006361	1201.1817678064	320.489785475627	9.979770802840559	1.812397427737808	58.33914617030745	264.406941332262	2298.159601101504	163.06183317348632	433.9333863169036	1055.4517460714183	10260462.872303795	56025787.201424524	607639556.3830673
1827	1827	0.0	14.32689221110514	204.5778260202059	0.45196528188745044	0.6109134168776639	2466005.773745019	0.4007226465178267	121.74105906921841	4.312716512009501	454.9439470333228	125.0640543228979	10.9154621606732	45.7985813309061	66.29907495604074	237.19750664573047	763.7967873847002	64.38826204931496	170.8607747605568	410.55914099844324	872478.9299803006	3572659.0007120166	15064233.067768177
1828	1828	0.0	8.381079448900344	1086.2558003144206	0.5100951440621527	0.504712672400728	149025673.79757655	0.3504391340972157	151.05229894999852	4.398221983981784	1361.681620376187	336.1178349430408	9.463674721563136	0.06598678078027709	295.75680517478156	1051.6438882622338	4108.210036559593	170.561242781808	454.0174169885672	1106.0910881153322	66406976.742407836	267196734.87151808	1403773714.0958424
1829	1829	0.0	8.599832575544655	10.019067889708367	0.05670572371850554	0.5835411816316776	4180276.080298948	0.1558632159244382	3.6099079418341544	4.521283451991621	1149.098098618415	351.1020958962226	7.972498276692217	-1.113478755192023	42.75575271832172	183.85373317680398	14340.980407439081	181.79432409721812	482.4053463333179	1155.658144486109	5935346.773285631	34447599.38835245	3841004578.5611587
1830	1830	0.0	9.869458812204607	41.08604672572563	0.16068065669400458	0.27336167476200035	777862.5300364743	0.07274612294508455	55.48923359993642	4.743334294005763	787.2393907273403	243.1500312094381	11.67467377605318	8.70557659183366	54.02071067293169	219.31516434560558	946.7784788195639	121.66667726945411	324.7766460691678	800.0747389773671	2956534.7829981176	16240269.135928223	102401768.51241782
1831	1831	0.0	8.286849508061199	874.3341548986575	0.2637739306418552	0.03932873262024202	67376815.61392772	0.15752844909293415	130.83613125519764	4.553754319960717	1220.775371268997	314.9035491508794	7.184441446902865	-2.13414442785434	549.6831431053777	3228.1489047435784	25382.17423423994	159.9207232207625	425.9187974876794	1038.1581035483691	99831910.7751429	691249887.4545876	5928208248.111829
1832	1832	0.0	8.059939303105798	200.01416682437062	0.23138029521019224	0.40713808205331226	22802481.785780005	0.17437557005118495	133.6750456684865	4.731159807008225	1282.059981580698	383.2877388604997	6.571209854007028	-2.282337720558788	156.11115816685174	1312.3009369285314	23501.723200565466	197.640385253055	525.7835430075219	1265.8397483610306	29664524.38000368	371845156.10804236	6918252950.845728
1833	1833	0.0	11.21083561444812	5.350496988221175	0.061149956664955984	0.7203188227484885	156961.41856395893	0.06597616208242399	1.1847087287838391	4.189139852009248	542.9703022576911	160.0283779023314	3.299962334077197	19.92411902035921	74.12127959799707	439.225383936971	2692.4832168827807	81.04250402073501	216.29042396615654	529.4676731801558	2043348.7019705824	13499286.06007275	98141563.00696859
1834	1834	0.0	8.123012572816231	307.6011209698702	0.5237167772677725	0.5229764389342861	42270277.73706105	0.46938361874951035	38.174192096380956	4.61748873104807	1134.555317399303	324.053275216449	9.76207674233248	0.5491071918666697	37.600555475717805	263.14759420818376	2527.7842964851707	165.75716880421123	440.78817039910587	1067.0987143923344	5759401.876508744	52027720.06415033	651924677.310853
1835	1835	0.0	8.763183395776657	16.458023824062998	0.045094186109861455	0.01592064285316322	1942380.7489604766	0.22405602457862708	2.1280272544727836	3.732544623024296	556.8144115929206	191.5883222798128	3.540501745891259	5.777561435439662	84.74078391784246	290.6454698666785	5879.742682208181	89.75468938635464	241.47651587142752	633.1947769462736	1649750.2273662754	7378425.430948489	357682263.67601013
1836	1836	0.0	16.45622008704517	0.1303200093638437	0.03848129903428199	0.10397297500197913	1018.1841045558391	0.0760292580953447	0.28920089473893107	4.646419506985694	291.7997684885894	77.84295148045646	16.06194295540576	60.48781762792923	0.7507151149096899	2.4302377351840074	9.383543282011544	39.774870376125364	105.7817582415604	256.31656386872237	3194.8015681036054	12326.58381276627	63910.03513234541
1837	1837	0.0	12.30066027547437	23.35596847064049	0.686792862910007	0.30963583389250116	637030.1503910257	0.5858906745333294	2.905885596702316	4.748735020984896	633.508514859908	153.3027103889605	13.20570146168097	23.97544419853049	3.3257582922048994	11.50660553650454	185.7133025651281	77.27037678712315	205.85800240992967	504.1402953127565	102428.5990961466	437722.0993393371	9543913.923661709
1838	1838	0.0	10.19251367431314	6.09471440018592	0.30327453630256107	0.40875872783123113	94301.26519313638	0.184637789233599	1.1012670664502038	4.059007988020312	613.4201803000619	174.9257203811009	7.030535774243072	9.603529600959883	3.3874733492491425	13.759493330995074	100.59306481985905	87.45023964912446	233.00807129241082	571.8341178510109	106043.14010969103	534834.1049446955	5859687.911426625
1839	1839	0.0	8.889438776578967	13.612293808267948	0.2242303923256884	0.16473455854238275	256189.14441722783	0.1171831718140445	4.589157274193168	3.650895991013385	687.9629847469542	199.5516752272102	8.77380402245861	5.830201059501913	11.97077656815035	36.843698846125044	170.78404320429317	98.42341770083601	262.58300948978	650.8246105162488	485433.1324184134	1814465.4341381893	12492301.395489218
1840	1840	0.0	11.10381127027525	11.222274013897007	0.3053822547200184	0.7272535552990894	688719.3566575034	0.345866841010966	2.8349319795501264	4.679619052039925	722.5588814684713	203.815176712442	11.86497504343459	13.24424120914486	6.564824802871154	22.854833428045385	132.2158448110835	102.22797674555852	272.524282318622	670.1854171120793	312569.0142754971	1323443.472930527	10831430.254838824
1841	1841	0.0	17.26897772568062	27.91962766647588	0.8871387883976847	0.6315015309493052	170857.841489997	0.8411391561018315	4.949126703709827	4.816053805989213	341.6850937799402	66.71269569173266	21.41414015475255	73.22892573435485	2.5928482149113328	8.340560913706087	29.55745317401486	33.811372511360105	90.0170403422344	219.49302896105496	12956.682600125618	49113.08178674612	231176.14469933588
1842	1842	0.0	10.17688222781028	0.8507683630167995	0.056129329927645175	0.5336425187716691	10946.086068256824	0.07055906238759273	0.5559620671425918	4.132373826985713	454.3966349450108	135.1933596226555	5.152556356693761	9.90339821968815	3.478165856356674	12.550048208908873	444.17133106322547	61.40435414643861	165.51947339063588	440.84915958543934	39321.33616814646	181231.94357423743	13044156.727183156
1843	1843	0.0	8.196321289903752	1793.5705198162307	0.24357771040682302	0.9998118193362404	31069580494.280697	0.9997948465822747	71.66397041449211	3.524475091951899	1564.645371299977	382.4536859328043	6.798699642177812	-2.900123675044263	1308.251256815115	7118.786830796133	29124.740378462717	190.36365232391404	508.1724914993499	1258.576962677842	399244936.8470114	2470852332.2855954	11293189700.764301
1844	1844	0.0	8.071237825403049	5970.734992031387	0.7495692570241808	0.8833680755041801	2934400301.6021247	0.823810475054349	69.13502367732997	4.667099948041141	1403.229908982977	331.6411000764242	7.460726800375726	-1.562052517746318	534.5357731033994	2189.964551274324	15126.722182840404	168.09646978850628	447.54620810972074	1091.6646122566324	126504728.6193857	607867814.4923486	5143480658.554662
1845	1845	0.0	9.649581576511364	837.1954110980178	0.5868798269236053	0.6023069657043588	38560147.24193617	0.526385520653273	28.666032757382702	2.645438125997316	734.3027192675734	251.5487253743892	5.140201926359751	14.07274052064587	183.47719377230558	630.792690366793	2163.47169280632	133.88806518983745	352.00938318201395	820.3591997398922	8726329.803137355	34901768.871729374	168672044.8096078
1846	1846	0.0	14.51183437885497	0.5540649454714361	0.010002244115850649	0.7099300047975506	45987.115951475	0.06142657822450492	0.14833086100449838	4.278093389002606	443.2207848806023	108.0048636076485	12.4410062642903	49.17223640649807	14.022108067719456	53.32348401428956	196.2903271493929	54.80118223093052	145.86217898567327	355.3564805660447	201255.06103537037	791445.0261710727	3518032.2860361207
1847	1847	0.0	8.220152069304557	25.073897650683396	0.06746773593915903	0.27664861439003513	655146.5697303122	0.01605004022827228	13.721667285390177	4.684944477980025	1099.738286130695	310.1068653330447	11.3493648026416	2.796436081684352	91.78823426565093	319.85206287939036	1409.788386743943	158.45251921763827	421.41673875607603	1021.3397255564983	13404714.441819094	51825869.44096306	322147002.3164045
1848	1848	0.0	11.86764274792659	4.7505331715273575	0.175018001493155	0.8139252162879654	344655.0043859489	0.49244555140449436	1.2344673123765855	4.558105017000344	462.6594143615233	123.8905433425505	12.97493976852762	21.52174838407899	5.711494283864228	21.15515886973249	76.23629116086165	63.06085386918551	167.79809560761475	407.7907094446597	84789.6386705282	354539.9453213718	1871159.4719429822
1849	1849	0.0	8.134142066562335	358.3783865051676	0.06517768501521277	0.20317045525336755	39587170.920287885	0.04456345214274	14.066203234203607	4.232514514005743	1436.207740531869	304.681239878123	7.735447405434289	-3.652671161564879	2467.093830213698	10947.379488257444	31888.66610215204	150.1772895926133	401.1594799150653	999.6706958439056	574215414.065395	2644870906.669147	8657417392.941462
1850	1850	0.0	8.583785991275734	392.1599557248667	0.4856328537923917	0.30291195329356646	39984613.649752095	0.31794374823445765	10.02233446838798	4.499572389991954	1212.456432954519	333.0381804017222	7.861576243978784	1.461059819895214	119.67595141210683	412.25309733720496	3517.250992541439	169.6358436246419	451.3461302180938	1096.71601480024	20892941.844332565	88863269.59786548	983888422.8023752
1851	1851	0.0	8.885552087784289	316.41370424457284	0.3615222158265101	0.9095709860045241	41723347.3516176	0.678885945942149	32.31179850829516	3.482600576011464	629.6727064929105	200.1157691144819	3.739630297364418	9.01776653699579	150.9357692519263	511.8725842423491	2074.48416311443	100.3723581642978	267.45952225295366	655.8682100274574	4735401.065348338	21139403.887611702	134232952.33888435
1852	1852	0.0	11.08601653676554	114.93077354110412	0.21086029777058243	0.1544494078421142	112725.06096662866	0.10103822309972184	8.512159949309417	3.623653975024354	318.3995541799443	105.4064161301886	4.574960147978139	21.3543873084027	106.00511310045775	434.695163148994	1640.8028034404122	51.288154929798225	138.6821701656669	345.18549580999763	339173.9975183617	2398187.637263821	16177663.168155534
1853	1853	0.0	11.90459981586377	2.835894543389321	0.09311906709998706	0.2737179481042457	53820.273255844186	0.048030292884847586	0.8964320823691644	4.829670519044157	658.621839264873	201.2867548010201	11.57663942767195	21.55308531390362	7.5158552805421435	44.91571806290506	430.01650336358733	102.92644755973129	274.10511724892604	664.1124968268969	363141.9216852201	2500482.8810472963	25444448.627674248
1854	1854	0.0	10.36351819988976	520.5718834421713	0.4157165952559899	0.6831075771233177	16583322.147970447	0.38852162439672494	18.69698260703177	4.145186465000734	589.2021978144605	184.3526180276847	3.483051858286638	13.03428233610425	175.62632160395827	728.5908673371679	3848.87336814379	93.1242954984881	248.31146593203857	608.9247226384683	5521517.4104693895	28150722.890855182	191076268.770517
1855	1855	0.0	10.18409299804219	0.21638039290600442	0.01738192854835053	0.030953097238512	178016.4894608837	0.3272628485875748	0.2733491269379718	4.672136246983428	640.1484011628764	165.6977930686139	10.26743591147802	8.005120630223319	2.808585322477906	9.15913751039352	37.878095949385205	83.16390634067602	221.56852756570584	543.1282205101719	90467.75865972483	358784.5246828841	2147489.3614216293
1856	1856	0.0	18.14363553500181	52.21980148797798	0.4187208135513856	0.12005070507690989	71959.51887664144	0.4515451733156713	97.62213739850982	3.635198324976955	196.0822267805926	51.28780319656786	5.178457809091338	87.23837831712568	17.990042795429485	70.15974251719406	368.8372803554372	24.78587662346203	66.51513486533253	167.76583440464668	16885.685934291858	89665.12436490733	634711.4925570209
1857	1857	0.0	9.719416235955705	2.0523352418054617	0.1675245353182734	0.877704149376044	491117.0454330585	0.5556580075719247	1.4288531125889572	4.512131813040469	587.89920800814	172.1133974315852	10.68459764545735	6.270408731711507	2.5862549124391165	11.98926546463845	63.87479403298147	83.23337338657007	222.30211748990342	555.3641271128447	67308.96695154873	384582.1209907416	3285118.4311293704
1858	1858	0.0	12.75671477804779	98.0268749680103	0.5790406130471586	0.12796703633847145	877558.4613449438	0.5260895117476397	3.8340506303501827	3.502488431986421	411.2805339331288	91.18985546240268	6.087944255903174	33.79576128069218	25.412374178133874	78.55558612747689	269.0750247031541	45.64825067174161	121.70804296066137	299.39345903836664	212591.0482178171	801183.0193083349	3857039.3029891877
1859	1859	0.0	8.751353043330548	131.55927888683445	0.5786748746889157	0.5840998383093494	15490791.502467498	0.535874735523432	129.5840365773877	4.607306538964622	1019.162161873235	317.9692243388635	9.761161922889816	1.38505756904216	23.819517113646018	96.07807994583699	1919.6347011010816	163.16813413019315	433.6057173442424	1046.2964626175751	2294498.700687525	12996733.403205128	435737456.8607966
1860	1860	0.0	9.451951557021394	135.9131146713695	0.7509619283324579	0.529449144206121	4884837.150669857	0.7133341488835685	3.058841901717666	4.131782115029637	612.108818708693	184.4051611165972	7.859976372157171	7.069500387267046	13.215603089830305	46.158274490235435	384.04687149002876	89.53340821380937	239.2328394479423	606.2237635681201	398812.5884329639	1821736.348502692	18182649.087453526
1861	1861	0.0	10.28269950445369	51.406735769179804	0.266722294365566	0.4188627041431473	1179910.9493959667	0.1375682574392362	10.537317346285567	4.25574587698793	714.715268033447	200.5577810636852	10.96975257455244	16.12042116884648	36.00932716759932	131.03977279675996	775.9605943846766	102.31501721860934	272.1856613657567	660.4370682274307	1899827.0473877545	7919548.407557938	55665292.309552185
1862	1862	0.0	8.614552827696226	1758.3201867172413	0.9564214562227427	0.866383166286521	529298930.80431443	0.9640091201673477	116.2328345050176	4.025614020996727	1136.423829051871	322.6767409467466	9.152151998805081	5.290229542694633	24.226865761539614	230.1700822667142	1151.3568528823705	163.39136731532813	435.1843627792273	1063.1132674232394	4317300.92100652	41554128.73329213	284464689.63870907
1863	1863	0.0	11.0272060953886	3069.29686053674	0.9282544159955727	0.07966968330131315	7171613.725696562	0.5393207992566792	26.40689754566512	4.24654342001304	356.8602778973926	124.9595034727115	1.65167065826008	15.90131585783936	149.19433515635532	561.9927508803411	2547.292511788731	65.33414242192936	172.04414159897402	408.65761739196785	1445703.2490788982	6192528.137012854	31474660.70268816
1864	1864	0.0	9.107634302799916	9.687940318745627	0.19442609092689978	0.005163158967193829	1276168.1110358853	0.2934918197600475	3.3180298284997645	4.497842682001647	829.7758422457845	290.5980408486639	8.69091037939092	1.824753629779535	10.054461022301775	52.21867108909262	1445.7801082291205	145.34938129803515	390.079654010177	1016.395716820856	665390.5272027572	4712841.214120322	259071000.19225335
1865	1865	0.0	17.01963714314733	26.647573235453592	0.8820648223059779	0.08850701635686287	44710.133966853056	0.7777289760176852	7.156477096196614	6.249922694987617	234.9338605880601	56.78839219357868	13.88813297285341	70.63445763060557	2.1319198965769606	6.993065251045129	29.591893677861663	26.79825502777524	71.75234664737906	185.65783976093368	4150.393467394306	16015.33735968956	82582.99556669638
1866	1866	0.0	8.247691326523888	9782.806728580148	0.47274835705834084	0.9999999999999907	386747366740.21436	1.000003663866396	27.392383480884757	2.753003957041074	2485.982990161227	551.5943203776419	8.623888300605117	-3.642708236915592	1696.0379306657137	10900.36695081357	32865.13825719733	276.8733892001128	738.2921443796322	1815.62874911152	1475284791.126068	9167183831.479023	30543821136.238083
1867	1867	0.0	10.68595725184625	152.64653172277278	0.29435027567469096	0.6306395340015105	1912817.4781433416	0.24558916847107734	22.013196628083758	3.625794741034042	447.2833353974805	131.4709348582001	2.876764128410418	19.39630363658278	86.4460578528081	436.5267246386522	7268.225592153245	66.54894576162621	177.1525882586675	431.65758317380164	1404075.6216488201	7979077.413384108	137549981.50536662
1868	1868	0.0	10.66812370599432	177.30078255083342	0.7669198959181331	0.6583292460728712	6226503.005828045	0.6981508094137773	16.40537632197063	4.650020083005074	628.8089444139382	174.67639140827	15.76375842482687	13.77901755839578	31.320314252196134	93.62754291233128	255.85894188187905	87.50243600669478	233.17364329097705	571.893109149198	1018915.0293109068	3416482.1177952997	13373840.248562414
1869	1869	0.0	15.6058491364327	3.232591930383525	0.8127260914791469	0.6353889220205476	14998.968734481747	0.7419753281862288	1.0222819309066113	7.100205606024247	315.3676821759812	65.94454967417882	24.14406574296899	54.36569692653021	0.3707067660904796	1.2096549817473146	4.769561679912522	33.48543315021101	89.12080574916837	217.02320965815355	1586.5488971485138	6156.2796062672605	32916.47273502558
1870	1870	0.0	8.042328132696532	30818.86265215306	0.8671634961970707	0.9999999976465023	109428294289.13565	1.0000041537145414	109.06687012704896	2.830566471035127	1697.806503117058	404.3784718015443	5.080290690070478	-3.48089577928048	3206.2078566083387	13168.038908888328	32864.216117183125	196.68628866558038	526.2183430843504	1327.532837584874	1168953394.9346027	4784092077.797477	14173388396.215988
1871	1871	0.0	9.445502654005574	0.3696498378810873	0.043725624133329546	0.5009864409823174	8238.770449474057	0.04920880770500605	0.3523684945995674	4.481107126979623	571.0426012985431	159.8435750267704	12.41187456635842	4.156711002134323	1.9130878355806442	6.4798470450241865	28.125255428758738	75.3201721532455	201.10828125555656	503.3194060163268	43556.001894505884	181394.2854896814	1209032.747331593
1872	1872	0.0	18.25960920766114	7.0979325854771185	0.8622645049238639	0.046736668818451725	56194.45432285993	0.7648541034569657	1.3005083582442418	4.79181934701046	404.5693921244218	78.90607921621805	17.5964878667529	80.52709242564481	0.8142198635189875	2.495722244901029	8.27145608997075	39.689087006447835	105.76349611479498	259.42472062546955	6344.4911610220415	22963.28039789303	102481.73313146384
1873	1873	0.0	8.397709493711579	9.091254992853447	0.41645060278785945	0.6121698368087558	666007.7462981879	0.41981887343021784	1.5082554137429347	4.447283355984837	865.6154247745228	313.3987561850184	9.768066864934436	-0.3850786239608186	3.3718368674624526	12.550772169542336	1393.5797051440911	141.90678782987345	385.4693516981945	1041.467429720235	199014.7487440959	986583.4900923336	306872819.4483318
1874	1874	0.0	8.817742908658506	51.07888668901755	0.51249098836276	0.49259888688523645	1959551.3386100768	0.46328670066986305	6.780343198486749	4.713703226996586	713.4399113815939	242.7626064126458	10.04669747588198	3.721063413177029	9.540917181954294	47.96799228683917	1104.6455451572579	113.67600618540484	306.66863110321526	798.6857518233217	371520.839006126	2456463.397130852	118608591.66530904
1875	1875	0.0	9.400272836657399	98.93173842925907	0.4292219511268903	0.05335762170085558	5424039.742657786	0.39366067297381796	103.09180289169326	4.159038150042761	746.2926121190062	224.1292223111004	7.9796312790195	8.171649223408146	30.23528898301839	131.12751486072435	774.1636481171905	113.42588936166646	302.0125251111866	737.0570424878476	1770338.7122648708	8909544.629744697	70950609.6505099
1876	1876	0.0	8.175353520302638	1749.71742685372	0.7692283922140611	0.19863973452449138	123858939.8714263	0.6755172396812854	169.74535148617525	3.679538948985282	823.7003737160205	318.9307780543543	4.34533051034545	0.3992546873412742	142.3995961284997	608.3504292058599	4007.0291501290203	159.5315984516859	425.499826010735	1045.793253536798	9262250.440140225	51222078.04848326	683496232.5603305
1877	1877	0.0	22.34558544301241	1.2638582040191841	0.3597633411373774	0.3023612572196206	961.4830314522208	0.49794127264012933	0.619581591433343	4.058727547992021	198.4189840472711	54.79502138583867	16.18420631797382	138.59957912212	0.6044100654866128	2.0603599943385573	7.374835737526976	11.297138075134455	44.00770448509837	173.91625233602545	185.81682579074368	971.7066165814018	11151.007312256259
1878	1878	0.0	12.02053008034888	6.497968768783309	0.7943273799676012	0.7797377294717734	130495.97349637383	0.7558383634417056	2.2683991201613156	4.469544349005446	510.9286704431489	113.1482101169716	14.75637936299321	20.62923307644942	0.8102942072455568	2.6275681922326877	10.060019059797842	56.896285154482484	151.60159029002057	371.77864554799146	13113.065728882044	50876.38376714764	265780.4504416059
1879	1879	0.0	8.468224480491008	195.7652427454898	0.21064610734860942	0.6276138271988158	17445231.45878544	0.19317782643477807	3.6184982287339342	2.574270163022447	872.6412267958289	285.1912241477949	5.596295350001688	9.104135926570022	184.36123430320967	598.7529140015172	2207.969595541663	148.7328954674391	394.2823998687892	937.4165730552236	18182071.26935964	61688225.214575104	255517531.94650328
1880	1880	0.0	8.235065281105717	30694.647192658416	0.9494576182621892	0.9999295327998445	405835083337.119	0.9999338379881062	95.15069486090697	2.882099075999577	2561.696290205307	689.841929428271	7.536940313510902	-2.716841788866601	573.2294842784734	3365.1953552594887	23565.734193645123	348.03108321091486	927.4399184088329	2272.3129533899846	563515806.7088239	3781821868.0971484	30369291630.102722
1881	1881	0.0	21.77744852082425	0.5516060773702313	0.34387284679289276	0.09730665014891755	379.7457170170195	0.16635752845636612	0.5303317056582755	4.718423566955607	209.8803501775265	62.47115255204699	20.64879280868994	125.5921098264451	0.2902599032541106	0.9158074161527769	3.2407426330130575	31.359906171101642	83.63033679993123	205.22644316425985	477.80481519452803	1827.6193690494988	9022.587018566921
1882	1882	0.0	8.034331244365262	20901.768940335456	0.7947320961747146	0.9999999936097032	49682562950.99602	1.000003543621141	60.09081644188106	3.427657836989965	1583.322892904039	333.4535910058013	7.607982637365361	-3.168216319348992	1050.863400066004	6466.624765675818	29728.51726274608	168.4686637451266	448.7810985736103	1097.369403966976	322634455.7944951	2120976908.2227156	10334701071.137701
1883	1883	0.0	8.66164583965269	245.23111196011385	0.3800337612568147	0.3302233633414686	18962500.84495899	0.22556766696095104	20.29912940014153	3.904217715957202	1125.392599959192	315.455948363516	7.815937875543681	2.273196329545747	102.94062242949713	372.87431756937684	1615.6614735003711	161.07656531322164	428.4674605437466	1039.108449495474	16027740.09420371	66616892.67858806	391327071.04743135
1884	1884	0.0	8.245984288883005	235.21204407040202	0.5126232447047027	0.7279659466917017	34364334.16258142	0.511786718624393	7.37134296739559	4.70431743201334	1016.05541299217	333.4049343654507	8.395516325570197	0.3537378979348014	61.81516509336444	224.28943514527268	1371.946390250761	169.17776738701434	450.5276081606495	1097.1341450108168	6858682.074211258	32548453.771730278	313434611.4387956
1885	1885	0.0	9.45423279243564	1097.796087936134	0.9690181178180948	0.5772645833002178	115053990.1597601	0.952916109882961	127.42849311450492	4.642950718000066	814.7230073943792	245.4930098105131	13.93073196507851	7.740138579911337	30.78621393792119	109.25050306878444	490.61859235676894	122.46332694011335	326.4484100521097	803.4240937327297	2156559.430311439	8844257.576056592	53361273.1575226
1886	1886	0.0	8.615237813025988	164.76383372550802	0.15896634029910625	0.23588870835732054	2957391.5949486657	0.06760026986692753	173.67712473653356	3.633613992948085	825.3620766910902	342.2305288344528	3.307595915548051	0.5228619028733608	217.14244407466597	797.2906634546556	5324.331477410812	171.8742326580358	459.70521802441795	1158.1357877160249	12881838.955831304	70391089.66256778	966549082.2274147
1887	1887	0.0	12.37418598347514	42.01713811338092	0.5479350717264934	0.7239069846045649	843474.6507105099	0.5203943654790044	2.935005922784018	4.790478300012182	515.330413133039	124.3409743168239	13.69801932822356	23.0704329882245	7.6046843798741675	35.21105461844516	181.19275198715206	62.836601832388	167.35649329137146	408.9598984720687	156494.04824238914	773761.7032864185	5053074.073115913
1888	1888	0.0	8.159515130306998	703.9575449207633	0.5684475483126296	0.16207017066554633	68799501.60659488	0.5249223591726931	11.303395270829785	4.450218169018626	953.7545343078662	330.6903152793339	7.01816737999173	-2.439050718439543	107.07233834050244	451.1369634248988	15901.903919825321	181.30661321198568	474.31517309952415	1081.1176552133625	7824730.677855785	56214690.7638708	2978339629.1251807
1889	1889	0.0	13.02748445577201	20.52335241805472	0.1908228105760472	0.1648133576013232	109153.17494204233	0.10879462207615213	8.507212449396066	3.677332477003802	415.4542524317341	103.8071223064674	2.901778287816107	35.4051086829281	21.78056851455725	88.49433866972271	534.951962307734	52.54492507068363	139.93696033935385	341.48638567819165	248088.20704040123	1116271.9266913969	7724248.088414107
1890	1890	0.0	11.56282968396001	0.1606460492787005	0.03921989374629304	0.1873668133898504	1287.99632103475	0.027756796406873237	0.3728852950616775	4.009147903008852	464.5729014319967	110.0832017465702	7.86671055342039	18.46963573500736	0.9069623285353328	2.921576227814604	12.388462916853744	55.58934385123757	148.03889802738757	361.9000792230099	12005.899314132015	46522.702821031475	285840.7265828086
1891	1891	0.0	8.114718816489793	35878.124745490226	0.9509583904772965	0.9999999999999999	187584232858.25208	1.0000036026285344	110.9067715558275	3.360993093985599	2118.153210374949	456.7029566576209	8.485447415525813	-3.685059115558511	2950.3808681828414	11225.829623572754	31568.283521551453	229.30240183058868	611.2838286164317	1501.8253509411384	1642336101.6527452	6630522236.7017975	21425440258.982224
1892	1892	0.0	8.95626508226647	34.51595115930818	0.15107849810038126	0.08611762321335603	2417946.979580835	0.11101019801555391	2.4493421362608974	4.069058288994711	946.6581195846504	278.8750679175709	7.912099716747356	5.523608671099488	50.846590751200054	196.64850020926315	892.4454928444466	142.27545737515038	378.525692074517	918.8344208474662	5442459.349935005	24061680.530193202	146768713.72606102
1893	1893	0.0	22.3209610918544	0.2926053040433451	0.10750583210611506	0.005460042175101509	862.9178220084026	0.8691136235794407	0.4131750370037296	3.550784263003152	128.4904813320399	7.427922959591828	15.23176641475251	137.1611987790556	0.5765863754702298	1.821508930468504	6.813315520722146	3.7074836726638694	9.875331497581655	24.170677697405523	55.81253564014512	207.01906275869374	1044.1869935450486
1894	1894	0.0	10.62437048063517	40.99424898328076	0.35558363816281713	0.7361639457892847	3437002.4947533053	0.38316294493064584	4.970016942680312	4.655396346992347	809.0694506259506	232.1376435159318	12.51255160746715	12.43369136167548	18.70699835041858	68.78223872293552	489.4610619280754	117.61092451908644	313.2219952373101	764.8573243242138	1287796.817893467	5718958.091446053	51134610.485311195
1895	1895	0.0	8.588478751015208	405.3788306369514	0.6091738422816378	0.02707805110606551	19511227.948318053	0.5128174664659291	156.27055044556553	4.362280989997089	785.5407862089752	249.9819681380176	5.068189556566299	3.593914077387392	50.84755078483576	226.707714087625	5562.247178942856	123.67647337254084	330.25662440832923	821.1269674905793	3140677.642779144	18137536.277875114	629317118.0170726
1896	1896	0.0	11.98419113181293	41.24341428420271	0.2729431346136726	0.6246562583962525	848877.2096989969	0.2875478169914954	14.114212333978701	4.243461574951652	508.8788176284756	148.5156141938725	10.44944193281451	25.88091004683322	25.30391402618553	126.04532484814474	814.6802306561701	73.68958869196081	196.706358916169	486.3913644420187	455827.4235243206	2541178.946639879	24519294.628778458
1897	1897	0.0	8.625789417634337	142.78483139154474	0.2634603005435578	0.05158044476448824	1665970.3333671156	0.13006201555056174	26.592715845354885	4.147482728003524	673.0099279878588	247.821356754689	5.244010958882207	2.895581903171206	94.43081443343453	391.0665975354449	2407.418209692734	120.77293976422868	322.9221322278323	806.2500360191011	3433566.2511010966	19667529.138696738	222687939.57778496
1898	1898	0.0	10.17482663671949	172.7371233550087	0.42167570030219753	0.4599025261400864	4343818.520861615	0.25432388700239733	22.83130839990849	4.334169109002687	692.7839942585126	201.0510698251104	10.34580570962598	14.9764952228071	64.72134400505158	232.96268932858092	1410.2146697932196	103.16194102737427	274.11006637779565	661.1433166048271	3136626.1723512844	13298260.716602756	90203650.51026064
1899	1899	0.0	11.4912658913425	251.15862332941285	0.5724474918779455	0.6954605034021902	6366533.073248647	0.5569828767379965	14.873321690231492	2.68721938400995	526.2572365882132	156.7880147083028	6.223983543770625	26.09548878988015	60.19866786892864	201.03249361252816	803.6153085389954	79.86169785789252	212.6942461851187	518.5793246307157	1516262.2354437886	5299938.134190728	23155053.065738704
1900	1900	0.0	8.160214741585257	763.7572171420788	0.418491925751756	0.23400046338426664	52424540.952951774	0.3632603869712183	23.167387308857606	2.725999999034684	828.8277221250844	299.4609027248882	2.57271688424648	5.430208997967268	234.0596695124447	1065.485363939836	6522.839479669241	157.30443730657203	416.80616690355635	988.8357058395052	21239331.49021948	95080440.90073442	703406971.8121072
1901	1901	0.0	10.63908881733621	372.856201885046	0.886150244346394	0.4270733004215469	23555053.57716093	0.8189851636346667	159.26863304516746	4.644256149011198	822.3351417623317	219.5430016504011	12.83882319786029	12.20462985152336	10.299758003508254	43.72085609235594	412.47645464740316	110.77304697174395	295.10104554844145	722.3127620327755	704636.5145852773	3662446.9049625136	43828064.28818204
1902	1902	0.0	8.38057527909862	7659.393806196306	0.5676082904235663	0.9880470959118766	16463921169.703318	0.9770816576185182	74.5492839594203	3.152371242002118	1540.113214645848	387.2233114938593	7.536362298125272	-2.730531538056884	1082.0748926125427	5779.473656188183	28009.55826722984	195.45706678666784	520.9261685044946	1275.968303336609	329794022.9671001	2031754711.0425758	10831118235.480701
1903	1903	0.0	11.2749287382541	0.3376845525654283	0.09780327010722888	0.8654146521533151	42134.538445878825	0.46651709000019614	0.35083768249734365	4.592729013995267	497.9765911214178	120.8378040532117	16.70781607823619	17.44934234445804	0.7416886287085681	2.428335062000213	9.707980193887913	61.03348295450593	162.54308723797527	397.20526907833863	12123.001471531745	47777.18974363719	263885.9735205871
1904	1904	0.0	8.555028273992539	4063.8598301120605	0.26499084985716387	0.9251082604217481	812673296.2394114	0.8584162235294931	25.99566266250574	1.945964282960631	584.6169730053514	216.9731464804099	-0.00027860741278651	12.72660823478149	2965.684859732717	8877.170921223402	25608.217799120936	114.62966706993603	302.3070873102397	709.0996507842694	132036353.93798475	355475908.8793226	923188735.6495687
1905	1905	0.0	8.251814067055264	36727.48991444345	0.9517350072769459	0.9999999999997885	87208900639.97472	1.000003502752476	105.24013917868879	3.20866871799808	1714.877684878183	345.5170166088731	7.924861900850624	-3.808118349705351	2352.4981863862513	11926.938105047368	32969.788611575175	172.8396050834558	460.9840101602913	1135.868030574005	828805317.901095	4090145774.447442	12758212008.666386
1906	1906	0.0	8.733384062184395	0.14589284067147285	0.010721678284081586	0.08360717220109266	4795.801228186484	0.02056461121497952	0.21584310713468374	3.998463944997638	623.3461516361542	257.8738086762621	6.13347669760967	2.709794533285202	3.584799594479258	18.605583180170083	1706.385774458385	108.32803179038308	300.7128096370378	853.0779304805924	79277.55726902011	556738.5392551972	197420375.28091714
1907	1907	0.0	9.821101222632743	144.04377185936116	0.21407043559230773	0.8068000502115981	33123218.334265407	0.4916177946477421	20.788980937621115	4.302946794021409	800.0102805867161	250.7460890571542	9.691900451432048	12.10940654418444	133.17830485958714	428.72395458841515	1478.329050577262	129.97746908309523	345.0224289929703	825.0080337577463	9903391.287552161	34018071.77031192	137128413.23517567
1908	1908	0.0	8.148692957466295	11.422261952795832	0.04181096644523109	0.4860767650771822	2073254.6469585386	0.08973356038061014	1.3594488630313706	4.580856068001594	971.2803324617507	329.4907353103118	9.179643590691596	-0.2640054413318093	79.44366563580384	376.34811514243717	3109.1258591777882	170.60699759905071	453.27175704253204	1084.4795222268529	7299067.69227272	43845980.60744041	731940633.0874246
1909	1909	0.0	11.59280403683013	94.99754946733042	0.763163123278666	0.018687205904066397	1653273.2002680271	0.702621245840689	29.158855519279093	4.034779171983246	483.915296965848	124.8126370289524	11.95077041889547	21.84612259948539	10.70734477701704	39.5523600486791	171.63128609364114	62.84599795228968	167.42016566434575	410.1848066173991	186342.12849266187	787194.8620796617	3909114.1090898407
1910	1910	0.0	9.057927658601763	213.91496782317796	0.33339140711197734	0.056463894717758555	196034.16732359826	0.01817695556736394	2.4360384023095794	4.251265695027541	744.0116156653463	247.9182028870651	8.959462400074173	7.248217535688966	109.81197542748762	394.0917262293355	1558.6495106927375	130.65316068022514	344.7668481737867	812.0582358164371	6267405.743795569	26787928.37838097	127790192.74805604
1911	1911	0.0	8.597510955111801	240.66745276427898	0.22265547298187374	0.14586365177685426	284379.1776998963	0.006105699553539794	7.7445851400631796	4.177471247967333	959.0787813206257	301.6562693892565	8.774447423848596	4.726798054292208	212.05198997235087	671.1672485904967	2054.6687304862444	156.543386319437	415.24418155997637	992.9169380274053	22806732.50118889	82485881.80536458	320163622.8628387
1912	1912	0.0	9.092534742158739	112.20306919416899	0.24412450570093758	0.5569661933797909	4135884.1579183363	0.22356226256631123	7.82863283938975	3.999918323010206	673.8019682686387	242.3603770595001	4.456871305605665	4.252213848555686	82.77480908845267	385.3661487964088	2534.4684921742696	120.654708785337	322.3580926542489	808.8425426368902	3347922.2648219834	21463346.00605653	207617070.0914579
1913	1913	0.0	8.181927443475429	4159.539305665925	0.604875793928119	0.0536432589113868	1073286844.8537194	0.6187214343280096	45.86665551140964	4.378926960984245	1270.021535601894	308.6404456384738	8.212990464945502	-2.276961579573999	407.97915884603685	2421.1852117368053	21156.57499610343	157.00156122379462	417.7848348630282	1016.0552335042812	80399742.22911385	555299317.8566681	5462588997.194222
1914	1914	0.0	8.030176105368849	78.3690441215942	0.09410709726837363	0.8623663150274324	71075125.52196845	0.4591218668694985	168.2976294514471	2.566686063015368	998.0008585098849	324.4934940908328	5.365248467722107	6.862720341393074	178.36478039595943	569.0659937919205	2114.4466264532475	168.0964320018794	446.4731662334947	1070.3977460620956	23970185.65527979	81072562.82691395	347879009.66719997
1915	1915	0.0	8.371243392018272	27.185245726918243	0.11727751273019245	0.07359358536547352	4824361.094290294	0.13227592722530981	3.4131061108230845	4.495767268992495	1150.49372601297	302.0033184111113	9.631022718860933	0.4755390348503745	58.56304292854853	368.31100523506217	2979.009683352697	154.01902615965128	409.726186266991	994.5087336334907	9505481.077576872	68681779.04502012	765682105.589799
1916	1916	0.0	9.213749125664862	15.90068038778808	0.5990971074873066	0.6911083446236413	267886.0601388527	0.5546768311669072	1.6628553114768547	3.671378430968616	479.3865553879862	151.0194534385514	9.634321230969986	5.459810490096048	3.2341840996324325	11.430524420589489	59.411629005986995	68.63670880164534	183.17620341680663	457.7337606995824	50576.90574700816	215030.19322785866	1720910.685612757
1917	1917	0.0	10.90929253836385	223.9864915657105	0.45558015984580363	0.6787466576110894	10756236.301100204	0.469541633890507	142.5762874299015	4.284120552008972	665.2724691446649	207.4162027338419	10.05854845707828	16.63115444126745	73.50252851195377	259.2369403802243	926.4505787476204	108.10902597912957	286.7420850308001	681.7561502882572	2903937.6533817993	11987050.341079764	52719404.75745486
1918	1918	0.0	8.068402609883863	436.22287209846246	0.3310141158119839	0.3497848970581164	42874771.73254187	0.21923824561228075	23.902490865692023	4.658210007008165	1223.433585611196	321.771446477163	8.34539255868986	-1.240209616119991	208.35559816956567	951.7981276888422	13945.949444304277	164.98154657061673	438.5152346090514	1059.7077567386286	37326000.14030366	204938693.0514283	3718990312.9909463
1919	1919	0.0	8.296299647013521	43.380990286852544	0.04961947482995173	0.045801725729944946	3460272.9779041293	0.06887872483013864	27.908313619149336	3.987744222977199	941.7441628252587	320.6329302251308	5.200789561976972	-0.4035258476570507	239.6594792835495	1217.6498100514793	13146.177462175789	167.86559740585028	444.51079866571854	1054.6736001381582	18359168.82762258	151255323.4191951	2505737566.8868403
1920	1920	0.0	9.324721884155865	95.6270197012494	0.1785008540883524	0.05095394775747431	23917072.143173985	0.34320487446414344	36.10265693139847	4.467074118962046	956.277337477302	278.9983835536589	9.852500962786081	2.327322124334363	110.67142011421839	412.14334405397966	2099.8151354763813	142.73364350898726	379.52880866379246	918.4178301720235	10158318.543985514	48783843.02843577	359779360.5759798
1921	1921	0.0	8.951053479329103	261.70224974737994	0.36247719382805826	0.533145849402553	31253517.138358526	0.26888903068380204	160.4485486753437	4.724365191010293	1170.717592294405	336.2428946505773	10.53877354657271	3.606581212049245	117.65746216813962	427.48472494599815	1874.2828643759226	171.78563799352787	456.94276804439505	1107.7765291665705	20547152.716320876	86089788.95966318	504754435.5112529
1922	1922	0.0	10.13004797479269	2.8883503962150203	0.11033820445532132	0.38402603931779694	63466.768262709935	0.04555630607116341	0.6425405704843732	4.435827528999653	829.8654130819245	262.3114162680909	6.478366304223034	2.076590276064806	5.769791094697338	22.861235058261347	297.09316731747947	126.40534291100289	338.12196729048776	856.2577923589233	394943.1420633476	1869134.467224745	39537510.60718065
1923	1923	0.0	16.16717776461696	163.24261399355987	0.45696717381658863	0.2597476755789997	1059968.6613979237	0.3590869449944586	105.07183935391409	4.299368918989785	374.7721252429866	103.7190856769409	11.24158253680163	62.67710177452825	52.710496538662966	187.95815026194182	633.7227872873929	53.508221818970924	141.86025394714346	340.8971256117336	457099.6603498366	1786528.6823151861	7416939.899851636
1924	1924	0.0	8.833793943573772	24.968985945032767	0.10504023500434759	0.46784772872708125	1688205.4000050381	0.08411532594594825	5.123888054730106	4.642178171023261	969.155237325725	302.2663939521572	10.18616129178316	2.657465703287811	56.512003331034215	232.97360123057578	2020.8678384113728	153.98099073973253	409.6481948775007	993.7002095179232	5220103.432746198	28248565.85910353	390052401.84460264
1925	1925	0.0	8.056369736532528	2950.117162917212	0.6386517164146528	0.16054482412661122	228796590.3352244	0.5125183026198207	20.059047854128334	4.12167339399457	895.5587678637978	300.3965517551213	4.098658607236124	2.818912190832445	518.5397731358853	1936.6056589875186	7615.333022831719	153.5942889914512	408.611710109774	992.7380984346842	50946024.65804654	218077526.37066334	1197215952.2552402
1926	1926	0.0	8.708925375092994	50.72480968244675	0.19160991507053587	0.1573098867441467	3601978.015057599	0.1441059766041201	5.40882307866477	4.532160806993488	1118.709549801321	327.6877586176821	7.153483260196067	-2.37552302677309	55.2035948775641	1168.8644371827727	24989.745901927487	171.92650182420357	455.41574285036006	1078.9898290455826	7452205.366706451	227745759.10025087	5205122979.378103
1927	1927	0.0	20.71204940810402	3.616175354171454	0.6223975084759038	0.7354288541513503	15371.659278237408	0.5740433950188325	1.0804992504547073	4.768501332961023	305.68905986024	64.8700831338424	28.74013268838451	114.8102305161337	0.7997232285049513	2.5403607615031243	9.042509783594646	32.77537404885277	87.29012935316155	213.3669557784632	3183.7836236861276	11910.071989668359	56019.177074515406
1928	1928	0.0	8.29859265174822	45.37431269422913	0.07174224906387187	0.8029565891773517	45153501.44105049	0.2582449175771688	11.248082799037418	4.605559185962193	1240.375328144512	326.2595268308202	9.147400236659115	-0.726435570737115	169.2274690965798	621.6706463391381	4061.5156120713027	166.67007473422905	443.25511476243196	1074.381124688468	31473114.20696074	136652615.29139295	1226138276.3206034
1929	1929	0.0	12.71342470620265	4.724305245114508	0.1245459135499949	0.43751212132833095	14831.866986229434	0.04123831172860553	9.657294928756945	4.399536465993151	448.4569418237465	97.02336008080314	8.585135354184821	29.61135707668637	8.343245095718913	29.82269444884387	136.76030032817883	48.6221512278903	129.59563374119813	318.4299824952261	100102.13069499354	404655.9069380485	2399836.366424939
1930	1930	0.0	8.041431390211178	30718.147414727897	0.9165151519358151	0.9718059282113837	17077874843.744343	0.9821238156772458	147.00840314774996	4.346855812997092	1604.126140484081	355.1596324253649	7.690275769054912	-3.199088180386878	1394.6100447185845	7497.2243207188385	29170.014448127273	177.93534350283903	474.6379985113879	1168.8164811370575	446678042.734694	2591418517.5324903	11056377800.143154
1931	1931	0.0	15.68090350284466	67.69427807155601	0.3853736360559731	0.9809098966874112	5463721.50774351	0.8309517217493592	22.473646356461515	4.272070851002354	445.0783192857001	121.2194904139573	13.00319690092389	58.4202214637435	26.11016186879952	102.34626965811721	407.88665488573446	61.354393033064355	163.4647951858709	399.7702221385844	334563.04031331255	1493072.2630099547	8208649.999921439
1932	1932	0.0	8.015564640303062	14.035219121674542	0.3835595839061519	0.07899865047890868	471628.63040559203	0.26885994604910857	1.9352348401873163	3.817291157029103	827.8802543512866	289.2348528406132	7.40707044183752	0.8780336620024558	5.450611617815516	24.84191849921087	1322.3908398762264	143.46212114713217	384.18759624848315	952.0517335683717	294643.0923515734	1988218.3184584053	219852900.82743412
1933	1933	0.0	8.503528013851426	575.7554406148174	0.7768079753986131	0.4476343948021347	63833401.75779986	0.7200188927185593	139.4171332118617	3.858973306021653	1040.088384738247	290.9205948634802	7.34793423557576	2.111511023841967	7.867677502504239	63.245360993385695	1592.4031917399268	148.19402897685165	394.33271165325107	958.5642380505601	1013412.0429495167	10955009.662477909	306161834.8958086
1934	1934	0.0	8.125800125385528	29277.919519547268	0.9424044957924114	0.17627325837975888	336565351.00720805	0.5152569239920867	100.30231615878303	1.941777831001673	561.429485748714	213.0556287921955	-0.00026839973595471	10.62785385086715	2958.8195142656814	8856.405374043428	25572.455450574682	112.36343441874516	296.52638099098726	696.4861030684401	120113373.82557036	324509616.28870314	857324061.6443312
1935	1935	0.0	9.699869780347539	23.02811939047945	0.7797352935075357	0.5837705715507333	1295652.1237231777	0.6574291067956407	2.562346142731337	4.545767473988235	803.7118029021691	221.6016183443868	14.12831054484955	7.81683746361044	2.949284032611019	10.246000698380023	35.661649197758024	112.33459528245407	298.96233154875745	727.8353837423061	186537.56346932947	751370.8313764031	3750399.418381408
1936	1936	0.0	12.24951299315131	49.41341336180798	0.12361526355439893	0.7670779081203289	4325582.877046796	0.2798273995966524	10.278158438289775	4.284768372017425	601.0912388824205	165.5040074922212	11.50498806713973	27.96269688405791	84.94579091019008	279.18104535879297	1039.1078121928992	84.81550802616187	225.47409959753088	544.8198602148386	2783551.2825368685	10449017.686648864	43082310.23694015
1937	1937	0.0	8.451222377828236	35.56506821582382	0.08656103813140223	0.11776286911197162	2167002.1756662196	0.05643000088636226	4.472247514258418	4.5633751580026	1263.490636515236	325.0399207196298	6.760692080909807	-2.984475545269094	321.4182441638712	7684.398549891627	30937.94715713619	161.90729616408362	433.4299446534417	1076.3332549836764	64680686.91213288	1594133945.0312216	7157355633.653861
1938	1938	0.0	9.073101195950299	1.5933465295805682	0.11136003527205439	0.2266156313620772	13455.841601980286	0.03310226170779216	0.7926338824210893	3.730002608033828	654.4668346878912	200.0225685435479	7.78653733065147	5.21273169547699	3.085236321599633	10.615299473168868	58.06766397791403	98.6928278680864	262.97130770276385	646.6359625355561	110681.32454834295	474987.6185926896	4094491.317969745
1939	1939	0.0	8.660952485256628	192.56543572312282	0.16664588326523747	0.5613074856177425	11735442.60048795	0.08979800016592694	162.17533791637248	4.253228775982279	981.3786991557056	306.633334950882	9.552166228939809	6.819766560984233	234.73382435066483	708.0133314664666	2239.5031974513604	158.60476478560315	421.08220305897873	1009.7072066815246	29187474.767509732	97406299.45760022	355681385.33922666
1940	1940	0.0	9.520756487227436	1063.8046953049864	0.7520541220201024	0.7518770234139703	127582027.5265233	0.7906493467373836	120.69413973718362	4.268501101993024	839.9946973435173	259.7131667089953	9.353969728721806	9.838460645171358	116.11688057176869	455.1792022235937	1930.4047801753666	133.43697517003204	354.47008348814586	854.0217390534885	9943063.423128607	44006351.480535224	212690837.0661692
1941	1941	0.0	9.211112088091921	217.16723069836667	0.793213512133542	0.04704752940236616	7601613.238095322	0.615984103990569	32.815517526690556	4.507552060007583	813.900766446538	256.478492595991	10.08175506282312	3.857843612947478	4.425541290779129	42.38117917992381	404.97381236548716	129.44129672543795	344.90974744117943	846.1753962307395	356716.9981325631	3770369.76694254	46984196.99409975
1942	1942	0.0	9.63685292554091	6.438955934354559	0.10649015765857091	0.3541770164646796	163095.775735597	0.07303238709590833	2.3552730020631274	4.457017155946232	796.4476151601531	295.0718394948651	6.841396816597067	1.22119692655197	15.679579853032696	102.29668639454566	1665.2057048554482	143.49992920983357	386.42473219725196	982.8230490073644	794530.160469517	7315258.32639967	269285094.3225188
1943	1943	0.0	14.60146288854622	5.383281896237211	0.7175915979487357	0.4706851509544998	33670.7793777164	0.5392702313977675	1.4026450069596488	4.699292336008511	420.1752380012014	80.31189945161047	20.33462881841733	44.67535831023042	0.9265422775150113	2.915587083880088	9.988559344288559	40.62970231459457	108.17936302591755	264.1397795830593	7913.7825149522305	29418.191955322145	135974.0235064112
1944	1944	0.0	16.74280893483022	1.9662748582632397	0.6831656973959721	0.043961959858632126	10327.074079683389	0.6661133492960106	0.9487564451500238	4.523318997002207	311.7280326375198	68.09788054111173	24.39920236631754	64.05607515805258	0.3790041461377176	1.1807375534593658	4.010859373690207	34.399140919903516	91.62882113435916	224.0886807328966	1608.1542830365347	5906.60943951148	26873.658925923984
1945	1945	0.0	12.39499725831298	15.762983774122477	0.1654993671584085	0.31283604486836414	53539.878467504546	0.07770604769381025	3.642172686393199	4.311345761991106	391.8481096453837	95.07471760350103	10.21453554530207	28.99608566260329	19.69138918702724	64.47807720857577	253.7045007258903	47.97028770212097	127.78854471456475	312.6790610513897	169062.09169598954	665249.067549945	3441734.129553162
1946	1946	0.0	10.33504346951839	29.008086612608707	0.8346430854969092	0.42641305811259644	712807.6063474996	0.730074960729402	3.2600599244141253	4.697078361990862	592.6704515485551	146.2071598083913	15.22797329394589	11.85255082272387	2.97177003874015	9.66923455043616	40.30040800411986	73.21458531010205	195.0780349873478	478.556690358797	75666.63684894126	297621.50758153654	1764734.3992907996
1947	1947	0.0	11.49892209692704	1296.079211617161	0.6605081776128345	0.30514338268406793	23752186.024184633	0.5195116127350176	23.89252859203182	4.138366727973334	528.47062088908	165.6867937952474	2.5268550690949	16.34061151157228	145.0240208519101	734.9993054864726	3545.511479520992	84.88924151218725	226.17691330525662	547.3107286278901	3960777.4626183696	21892079.96789385	122002364.60566674
1948	1948	0.0	10.39603481149056	20.969227167073317	0.2594189925866581	0.11364292303360567	332563.1255432395	0.2309294322927297	2.9263830397807298	4.374041617964394	493.3417372437741	127.2239348491965	8.520184727391072	14.63509588250766	14.763799566989437	60.713466716118994	378.56733869128993	63.80245693040155	170.01816539525805	417.20574255708385	269436.3616720335	1253456.6061201491	10149840.915355274
1949	1949	0.0	8.834495166513808	199.6469758545877	0.3207488532509661	0.027477579109843144	17189394.050953474	0.26665033799731136	6.753268638419404	4.380488619033713	1011.260196719586	338.6476009277418	7.300667204265645	-0.768008706736024	79.76618193431099	872.1173170621548	9917.824603272176	175.5272132643745	465.9133131628072	1118.8526341099448	9111971.888225736	134092015.52612306	2307925176.244133
1950	1950	0.0	10.07065648452625	213.75760026469956	0.5887304235103931	0.692849259537885	15885255.306975441	0.556039852854914	155.54207376476904	4.136876264004968	812.0862141293618	227.7244978057591	9.920038716480814	13.54690552003799	22.893626461824542	153.62083027698452	699.6203576141033	115.28182234037297	307.02911700728566	749.9727126870617	1915295.4490527352	12494561.267708002	72405561.76672702
1951	1951	0.0	8.141705013168261	9087.032296702158	0.5094149938778497	0.22903631654134074	125835872.29336213	0.20852207666390765	141.59295068975396	1.94657518301392	562.3694304910822	213.0674367007909	-0.00031438806245986	10.75305889696974	2959.011111372553	8857.397489497569	25573.96957336681	112.38077444633575	296.5581074013871	696.5029656947506	120550945.07027291	325596623.79464525	859007680.6241556
1952	1952	0.0	9.360365477355188	276.8619912139925	0.7451459296036548	0.16033788824537232	19086077.475684114	0.7115884571838059	14.909836810452124	4.63991826097481	759.1596060194704	256.6956053792183	10.40487836585612	3.61197323251173	27.1677391858369	103.439472350303	593.4292705802322	129.18812077967857	344.59118890560285	843.5953287004763	1227247.2544295788	6473713.311974952	68117570.70822535
1953	1953	0.0	13.81246804957055	2.599843205673677	0.26927030277004205	0.5981099731827126	14338.566381451064	0.17753983035467186	0.4799067400160354	4.618250536965206	426.2425819676263	82.27358971344216	17.24023828927422	34.62550731446962	1.8375118262557644	5.885565771877686	21.751997004607876	41.63003059110241	110.845246879017	270.5801126442966	16637.282587998492	63001.936065814145	312703.47463502386
1954	1954	0.0	8.407023150090073	458.8838005191406	0.6907184789237959	0.20698301767039554	25705528.53090794	0.6007439439777174	14.408359413633331	3.928582544031087	805.3985699995001	271.2040333714577	5.876599793147108	2.48869515093017	71.10724414232806	229.98230968330128	2439.6251453549476	130.1255151587377	348.67121814279017	886.312268716981	3714828.3330881926	16157180.465711933	365282247.2789822
1955	1955	0.0	12.25315137511374	5.052154325274982	0.662682632209656	0.5903959733253815	36803.36230975098	0.5804755371586612	1.2945322887842543	3.971806932007894	371.0257889618302	91.33182299812225	12.42176455512611	25.09967370764399	0.7515593674177568	2.7824148482590254	17.460309556547198	46.4260863113995	123.54896974602411	300.5428988893427	5772.042880704872	26111.91394875958	221321.22426715685
1956	1956	0.0	8.258952049149142	86.76198057370615	0.10920616487880436	0.05737157328931924	4256170.65704064	0.06749581747989805	7.27656918219443	4.374742735002656	1147.075886152867	335.8065299301311	7.931377351620704	-2.612882839303019	208.24908673725133	1565.7862596516168	23977.634003023468	175.60557178470958	466.160411071672	1106.805315117881	25757542.236672726	311739606.0413576	5218009852.918324
1957	1957	0.0	10.03479010455909	104.64942638726748	0.2602672731335564	0.06318361358751921	1265848.4368030082	0.30931693932705034	8.56292104597642	3.476480096986052	447.2638515269431	178.7379952394736	3.702445905480252	13.58655387824559	72.03893505736464	336.65736262843507	3374.2230292778568	85.68952606742715	236.0528014416888	585.3507626674177	627123.4480579969	4750749.291654372	90899157.03388174
1958	1958	0.0	8.102744183188948	72.91363542772193	0.1703372962480576	0.9177380143642168	107078458.19904062	0.4831915546183759	19.999984959465163	4.63218696101103	1304.106521992037	337.7959284297761	10.52451198823496	1.270561171426479	92.15861850874533	463.9371365919214	2732.9826040378853	171.84493770081122	457.294163702624	1112.0714131847767	20640576.84214741	115261951.54502107	853121602.0801151
1959	1959	0.0	9.000387259125791	1608.9259178696188	0.9048687138195987	0.5311662099381798	265713105.3496426	0.8408145577086332	29.206136239810277	4.550177342956886	1134.828277434422	318.6502370653047	9.896338669717412	4.014456036949007	87.91041904662957	321.56933074986426	1562.9619507278649	162.65141850225814	432.67616866904564	1049.5725140165514	13919077.016691718	61065917.01347045	376711496.70742154
1960	1960	0.0	8.996313686865228	107.90168926246196	0.1761812965675494	0.10143512768776866	22356815.663706012	0.3715472968949769	3.2827945814835933	4.376978767977562	776.5511600357638	261.4209374410751	8.144290972371934	7.436046591839156	127.06737545257963	476.4544057241115	1846.028703329018	136.07267801807154	361.7424968548097	863.8825519964067	9270740.254237793	36108958.415737346	156459570.55039883
1961	1961	0.0	15.21758999357016	1.744157106454466	0.35099062290149635	0.024658924279600185	14512.92990256936	0.5190377750858904	1.0661848574194275	3.712850277952384	302.3572816586039	68.62198940237424	15.24105065326564	52.07597939584556	0.8927261131608152	2.8294376451342433	10.01137949771781	34.88370451515476	92.8387285388572	225.8931603197342	3608.2793720320665	13574.584806348012	64745.331808954405
1962	1962	0.0	8.09806633947829	104.07241200618735	0.18609136650088934	0.14619008794551394	7029116.604533777	0.14222982824797195	10.644055159048307	4.413253014034126	1074.397132335762	308.8861155496702	8.980824501396118	-0.8358291765149748	117.86907103814102	615.3155576111118	8046.6973852044375	160.11557083395155	424.8323850758593	1017.3862478652961	13790369.529768215	98553113.53925852	1835981110.7468212
1963	1963	0.0	8.434962079745153	0.6983185407421063	0.012221220282961557	0.10609239970294358	190440.07475750856	0.02488696620721888	0.6031752633649746	4.624641752976459	1114.80122954617	314.7638930366521	10.52833719554255	0.8836935819214774	26.723516359903986	299.9734523509182	2134.7448024285054	160.9425332203018	428.11571709951045	1037.5209537217468	4180095.7476352286	50717887.299189955	517415158.6537835
1964	1964	0.0	10.08929929891408	77.05764780094137	0.5704053035723584	0.45983558502552174	1351252.376541374	0.4322047797896212	4.567228647335264	4.226687677029986	549.2384151655699	150.1935299583448	5.817084022293299	9.809126125555052	18.86849567184913	62.07734236970495	268.1439653985961	75.42330741093434	200.90381775851017	492.8182164979458	451846.96174683067	1737894.1548840916	10175363.58167416
1965	1965	0.0	9.607653566923045	940.2187060476926	0.7453070537447833	0.40254987113642915	10185098.454460196	0.5451188338621366	24.01197989932826	2.756322372006252	488.6568437756331	165.9439612089983	2.357684938892362	13.2220070134854	116.69628615263373	418.5002876637763	1764.0878711134776	80.5606001769653	214.76536624403155	534.07902039464	2157111.389996256	8655260.187604524	48598385.42747277
1966	1966	0.0	12.73315303305116	1.1941902744850519	0.18996730397398115	0.5291329888850397	17996.898693180643	0.10240248726127199	0.8498011326004478	4.813439037010539	641.4138776619038	161.8660414086547	11.51220289831021	25.68578794374607	1.270612099198542	4.9369891272479105	91.46255754362325	79.59992108000563	212.8259569117521	533.2372805571079	42253.511126813464	207726.64946774772	4646786.729203733
1967	1967	0.0	8.309224165960147	222.51772768659083	0.1960996285859366	0.6803160884819174	29215200.939595394	0.21353747826993116	73.25131732736597	4.211434761993587	975.4529543547793	308.7055459545172	8.013178821966443	4.168251564174609	227.72498935764096	756.4993332377874	2643.0768448906915	160.18231963695814	424.99376639644686	1016.4649955996467	26797369.732251406	98850611.2466919	428287412.67048377
1968	1968	0.0	14.63906686854504	0.4524317306216428	0.11153049925055396	0.041388340671426355	30707.597017702778	0.4010168868446503	0.32648730299306017	4.730521294986829	494.5493488183611	99.60285221934883	18.78805034975948	41.90383055872561	0.8555334000262503	2.6854347796300995	9.334921526887124	50.25506510737483	133.8588977770674	327.42685732196287	11857.5241035768	44003.09428909331	206845.07060804087
1969	1969	0.0	8.133813188666114	233.42854507433398	0.3548061835690411	0.6703905134367499	35005694.77559118	0.32928539185753963	8.752212953329133	4.249391614983324	1054.353625612242	319.2949817325222	9.55067338836842	5.127048255862538	100.40309815151907	448.3254991842908	1999.6790454640407	164.14485296350244	436.3303987103484	1052.6181415316	15330426.412823232	76528918.95042452	375818098.69876766
1970	1970	0.0	8.031859425796902	13989.346478378688	0.5357374582154117	0.9999999999999961	396289893302.3708	1.0000033516790523	116.36828147139668	2.681309190986212	2591.859605477479	463.2466796094103	9.738000591188587	-4.909708056162169	3717.8126037939937	12628.643495485294	32811.722950372605	233.4980715331185	622.1456782999144	1523.8064926887985	2697561518.985771	9642971490.401953	28246738656.956654
1971	1971	0.0	8.26420123053535	13132.427666617798	0.5394678906887858	0.9834276301410418	14328546794.019949	0.9764273789524036	121.680082995448	4.375330212002154	1516.069682998404	317.9781079060959	6.909592057901844	-3.384722153337136	2993.8147209259278	11657.193933679266	32482.951073863136	160.0877990082936	426.63834170278415	1045.9972108738766	785503651.5967876	3210227965.574206	10134435767.917011
1972	1972	0.0	8.072630956472302	5.796371737239578	0.02455181566121223	0.10504336254684651	59316.209923586845	0.005254248793277416	0.9243549790307437	4.51469445094699	971.3197875596363	337.7109797344488	7.733293860795439	-1.177459615497578	92.74485145651184	859.3037564903497	11419.786296495302	177.9063290319193	470.46277850808906	1108.8586222982967	9389586.395131974	110126306.2599556	2554128776.6467943
1973	1973	0.0	16.6056338989838	4.50464636140689	0.2369296304556374	0.4724628352116231	3999.944585253015	0.11764911956060625	0.8299081003088431	4.063484686019365	246.8170212782582	46.79290162800783	19.14086465767559	67.03151497833625	3.703053202708761	11.869125550768679	40.97321695293741	23.578536226991446	62.80917837497526	153.75177571858922	7565.729507970062	27902.246399685402	120637.2915862995
1974	1974	0.0	12.61917247024152	50.84283535130214	0.7427965969829153	0.19138954048390808	404074.1238737612	0.5550814151948706	14.696709041277115	4.033262740005739	445.6305179252582	94.84539979731387	6.051430014109705	25.99864015349073	8.087508015499832	25.4407312030367	90.40362664163509	47.892311197741776	127.54499285107829	311.72563062336593	91166.35387064838	335097.1742787173	1574865.9512585502
1975	1975	0.0	12.28333870529489	93.21405047126446	0.2844829131703578	0.11408816348084468	824649.5714899605	0.20152623660572697	4.517207987684219	4.214009576011449	447.0244917361336	118.1917878417748	4.449452545502748	26.94285828291348	58.99654392699339	224.20423481172773	973.9266883326997	59.806293310597084	159.32065639752113	389.4699105325293	815957.0643932807	3682779.189029647	20570923.179178976
1976	1976	0.0	8.02475206364542	866.1510418578358	0.38861651053074525	0.9999999999785393	126056467985.1029	1.0000040811154784	59.006836891800056	3.635339940025005	1701.503505088614	444.2514969397673	7.251640361628061	-1.414393017603002	302.6097305462726	1504.8560379972757	12901.718442709705	225.13259837763871	599.5156716966717	1463.3068130856727	120553618.62957689	710214555.5474806	7321930436.6667385
1977	1977	0.0	9.932983048008126	2443.1838012094727	0.9947746856505434	0.026013320890353294	171236171.78136858	0.9493431279534068	53.41584378764785	4.699636239965912	907.8000156338275	263.5009297529754	12.12201239497769	9.643027832376031	15.3575550445298	107.40416250214432	797.8682028246184	133.5895821084697	355.79983215995264	868.3921723453423	1508319.9035236966	13147565.3017481	113313387.55047606
1978	1978	0.0	9.64856995972607	14.530271232718341	0.02872339058431589	0.1678399756334838	98589.28164849678	0.01931296144720661	5.310700473547274	3.644521099980921	503.6398003249735	170.3652141822594	1.739612714069557	12.54687348534813	215.8915622023972	1160.8923864750855	5754.851812261112	86.85698339613498	230.77950331144416	558.3143288768999	4001921.3954822104	27577798.567060716	185557449.8812617
1979	1979	0.0	10.7678042221562	0.4983306018441318	0.015792410608260362	0.11063875873343379	108412.76756290389	0.08069024110703195	0.44239190013731183	4.781659659987781	701.7491684410779	193.5909560515691	11.71658963639818	14.93498448191528	7.8319613723460115	43.96419373973693	579.4719723277079	96.88529090245572	258.41220374359966	636.8016163048342	349602.31702833914	2738962.0170324217	41859187.51228281
1980	1980	0.0	9.499241904688153	103.91504444769707	0.6149901272803255	0.8190158627891079	6684503.338506665	0.6550452544091625	8.172442343641583	4.036976332019549	690.6787119879382	215.980570603323	10.06074386777531	9.242787290565271	18.25861525738134	67.64234621669429	477.9613100270547	106.68792283120831	285.04628029557784	708.0098631457672	693063.6956791003	3260942.8932376266	39467678.13939007
1981	1981	0.0	9.966053634956468	199.2797848848049	0.5426458294797576	0.036025177334725024	33918828.955579326	0.662137417513404	13.1681318793822	4.536467320052907	912.4640510241802	284.623513027744	8.28071113170985	6.852069551487414	51.353137983344006	176.28671948790972	720.6459356124559	145.37255835469614	386.7756948351812	939.3478973116289	4713699.667332855	18620348.880364418	118299900.57884888
1982	1982	0.0	10.25738711858877	30.607990123792987	0.4667096280110265	0.14438985031837898	544594.0627779968	0.3604019392248705	6.7831293218763555	3.946001095988322	554.7042720657568	171.047318216407	6.472977270309505	10.19345461621496	8.239919955303126	34.404977802705616	444.78668116700743	84.95721242309111	226.74034111942314	560.6064585514841	211744.77655577016	1030560.3498837956	18249642.677424204
1983	1983	0.0	9.814363387566134	385.23578315187575	0.46371450695771127	0.09130158679669234	13663912.710470716	0.2724167229475492	121.91180106300185	4.106538127991371	826.1231653463321	282.7661117437762	5.324075595846875	8.876190202618805	110.11200171007448	440.05475027788486	2089.609048909618	144.76746634260383	385.1123573432186	932.8309112180381	8603793.691405438	40197804.528073505	265196702.1268669
1984	1984	0.0	8.159402835184048	404.95918381439856	0.16677580591499905	0.38019977603959915	49241537.41027765	0.14143009851443686	72.49857521265446	4.371918247954454	1217.192204817524	300.212222350586	8.499015277999405	-1.604323017745526	558.1075108505364	3604.6862311700606	19882.314587153534	151.85611865591022	404.6563233520943	989.664463786453	95816244.53571771	716138754.1905683	4923090150.893822
1985	1985	0.0	11.00704342959826	14.281105931796462	0.06644259129500679	0.19016454098431193	328449.17537078034	0.04357764141577607	1.396862878111816	4.245221538993064	629.6463065249332	188.6565974103061	9.203361037379288	19.62817157167097	56.696970536171136	238.9949720957521	1382.9239180093202	96.91143548794025	257.4914263709572	621.0152534840238	2389202.5384365655	10432570.869165575	67918266.05739354
1986	1986	0.0	18.10620180638996	1.3663110415693789	0.1521911349793982	0.23132398725297051	531.1297640165976	0.05179967027836446	0.9323531901008022	4.045854680007324	206.8085680815932	45.99118523613333	8.81290290078357	85.06496271443876	1.8573490627913365	6.119542238364272	27.95568308946881	23.311242762398848	62.08422748451849	151.2896860902387	2559.112133536411	10164.83672779626	64092.08668966986
1987	1987	0.0	11.05609832756213	10.438714712313288	0.40674139895488953	0.5286352276423661	72261.37276143066	0.23144238111958423	3.304307033351532	4.575796267949045	471.8536169386657	110.1783548375278	14.96974240118922	13.82822598716934	4.653479710450935	13.590787274061094	44.7044430455536	55.56950399110667	147.9999606422479	361.82004237881927	60482.05195176634	211838.13121251191	1033353.8401272965
1988	1988	0.0	8.643804101108412	402.65112629001726	0.6135779548981128	0.02325679806794435	132940254.43270893	0.7439011769142695	23.182671718572873	4.492923795012757	1076.178081372605	288.0810080692951	10.16376288350635	1.072698488609778	48.22817329626655	237.13523203188052	1792.6270646379594	146.88407225211995	390.73928774763226	948.561776382443	6804428.191613135	39157101.301771216	369510302.3078042
1989	1989	0.0	11.07533350482423	630.3095275534996	0.7215327304579454	0.08100665027063732	27138654.729543906	0.7300699509377918	28.911054274616728	2.680626525019761	612.6368348293142	190.0386283809601	5.753881522082924	23.29816079056269	71.22883399875258	260.7590310485837	1455.20395146154	97.74798322129618	259.93406170210835	627.826336921068	2853318.4564181794	10911068.658897096	61110627.3074698
1990	1990	0.0	8.68907121218048	675.6313843949238	0.490829301989326	0.023006310192925563	8555773.466144312	0.23009978489157618	67.98442932243577	4.338565967045724	775.5324336667406	262.5766515033578	5.422017936749551	4.233909910584387	87.11842655065492	707.7660078892883	6218.821878319526	134.29738663646106	356.7743626288983	863.0662912391072	6441859.592582493	52893640.93317158	669406620.8807353
1991	1991	0.0	9.287883478775294	1.6130174743901977	0.03529398393863924	0.09019669811934856	48081.08450767044	0.0352670690380911	1.654301510785221	4.193427819001954	660.849720331809	218.9673969909377	8.23621687809053	6.20533266401229	14.075764943781676	160.45446107081523	1507.6006995894027	106.20876145926718	284.7254670289054	717.9923860181075	577113.6121352818	6945684.025624562	114173250.37970151
1992	1992	0.0	9.34147594152288	3.8194417838711887	0.061007172578954244	0.648144221245487	644191.4455638976	0.07980200254568316	1.196008401303564	4.595076813013293	1065.468978890537	315.9696272015026	11.58836284214596	6.185447936154547	23.765580147114502	262.71822073750866	1477.9129662452049	160.38198674325793	427.02701614079535	1041.2520860294107	3760663.2228369876	41953803.579846315	324182621.5235046
1993	1993	0.0	9.89098910179088	63.406012103055616	0.5907776879523593	0.40250323957229506	1574973.0365911867	0.4807413268333084	18.96335686948828	3.473799002007581	612.8582944371404	173.4656591168705	9.10363069529268	10.46847863315457	9.393189928852786	41.785391280452195	257.2556286989554	87.11151876445103	232.17233071088754	569.7389204667562	309465.88355776994	1728313.8981341003	13275431.395271549
1994	1994	0.0	8.2855020604351	31258.652522244207	0.8788882557249285	0.9976926499010585	24863589573.53863	0.9987797342402107	61.48346682197831	2.939105844008736	1663.662255579617	338.6235574497679	7.805594851702723	-3.752739515990252	3003.4056044289655	12334.133056823308	32707.951955151068	169.79566849169578	452.67787993162005	1113.107087889084	975530409.4807118	3998348656.73043	12189264890.16783
1995	1995	0.0	9.215329924326209	98.66945916513423	0.34076163864642756	0.027273590869914596	557598.3482531009	0.3094351860910638	14.369432677595375	3.133874993014615	329.679706740488	107.3276009141425	5.13054233877849	9.141102486354761	49.29250284134416	186.27182198483803	831.7887285693641	50.93357010393299	136.3157384903348	344.03584739407324	296603.2834662003	1265302.4628448521	8596632.819833996
1996	1996	0.0	18.46585714016058	1.6228529467950619	0.20587966683037748	0.5073510027120399	6143.3570272404095	0.10089176360550384	0.7285749222221044	4.809058926010039	409.7330429682403	89.38497380939098	18.93300805204573	88.68586051695483	1.564685001705376	5.581663097566107	22.141935621994932	44.54015778699534	118.88586561829754	294.28633205373546	14699.577672135394	60077.276429937105	304465.29595002445
1997	1997	0.0	8.067992740794752	12.051732186704216	0.09977073504856758	0.007142539369062146	12138589.564040335	0.3146585276624558	1.8388031202397483	4.607645496027544	1103.103732872304	283.4575667651807	9.67439024506804	0.5229996576704887	33.78848304212081	323.58109020614864	3305.2425424926864	144.3483392378555	384.0725168636252	933.1678824241602	4616717.78515145	54665490.61663064	730760318.8814663
1998	1998	0.0	8.228107639874429	1959.7506615680302	0.23714925042095114	0.07458894767895198	522688455.26794714	0.2973929093862419	2.26623568335326	4.553693522990216	1243.546071850089	303.3667054242445	7.256198612468004	-2.80565938711861	1524.34781433799	6874.55509093268	27652.361833691117	153.47438586934982	408.91623334460337	999.50061054414	270651301.93821317	1419321123.4392571	6563858559.51084
1999	1999	0.0	13.07159055692243	1.2810702807276169	0.13960595415603103	0.06823502079342286	52913.428132418485	0.26335927831827416	0.6996777553445143	4.838584221026395	525.5558286426563	117.6777148125024	16.16533954019851	30.80380845663736	1.946643451397305	6.868639610369194	26.006466720256913	59.30151660793382	157.990881690445	386.9057719083923	36180.802857559655	148353.19083475537	737922.0508296672
2000	2000	0.0	8.064809763145318	2244.2712072944723	0.724627712615111	1.0	363838224475.40015	1.0000083199074083	42.257907761921025	2.813546620018315	1723.650986692368	625.3551944382311	9.31205879273292	-1.594593609226224	57.09747739233273	338.40060655346724	12028.18155690443	326.5086241894835	865.8978289744621	2052.2865816837625	19248130.92848809	176367156.49183843	10370930245.48325
2001	2001	0.0	11.36237967124767	18.45134623143895	0.2907773122861349	0.8097528377586964	1573570.160564275	0.36512363854403607	1.7783262390969496	4.14840574702248	690.9829032501234	191.8065441144852	9.94404475570538	20.57806348712278	10.505543190676873	57.06037117275826	402.56938461516563	97.34636439147368	259.37524973633185	632.8832873291565	510382.410058699	3302509.161418706	26884333.56883428
2002	2002	0.0	9.360952245868361	60.90124513062938	0.2774168716830042	0.3347725509211416	1094227.4360213515	0.22343221579762013	16.349336198045876	3.424996518995613	525.1876672683942	160.3892056015862	2.11252980675309	9.404694680750103	37.936488751851265	190.37032834519368	1516.0270163640828	80.28443280850422	214.20210464865812	529.7238042671711	914395.8611855849	5205083.4085191395	51157060.23818171
2003	2003	0.0	8.012051806714425	493.7144867954342	0.6048461901699224	0.11825083172764293	45942481.82299313	0.5110063947610088	32.83034889622479	3.779238681949209	1129.309701872137	327.4414489572894	6.737664099093167	0.9671360471141357	21.01451443031761	222.3366647143975	5233.464118443127	166.43039215156386	443.114275004065	1079.3786469618185	3318212.2465215763	42099739.49762254	1285440826.5054204
2004	2004	0.0	9.472547420197259	81.88358626090653	0.5352784597205574	0.017287251190147915	2081594.4686242237	0.42304015392854805	4.450639011791634	4.491873984981794	710.0668171559445	265.6101562988272	8.895816379274535	3.048676690052229	12.618665456143393	67.05473676567303	1980.3602030221016	135.344809791143	360.1627824611951	861.1438738976215	333487.1027028646	3684014.352854332	207123907.29390186
2005	2005	0.0	11.94339151572578	110.26220263960991	0.8600725901280852	0.48844064808686183	1136635.5804872622	0.7597036598205839	20.933210756075976	4.138748161029071	434.5039679585079	104.9806073016128	15.89938961752911	24.40310428027641	7.523496441116212	26.585916053744015	131.52080420131682	52.80528561763015	140.71681678112532	345.11094892338434	90337.98158857961	389034.125190602	2213467.3341923165
2006	2006	0.0	9.86439978787733	1.3704091550713549	0.11074807046852217	0.31916319283697914	5155.1706608582335	0.033621307141881156	0.45660623198471856	3.979193067993037	471.3123013885522	134.8452373534016	8.607534386116905	8.406545003958806	2.636691708652715	7.996598367648456	25.198991332043228	67.45952959255266	179.7183453493305	440.17061661055664	38373.67160241024	137857.31924824324	671301.1978928113
2007	2007	0.0	8.650239780336205	442.1503834677637	0.6176802293931686	0.15489471587835743	9523752.101018997	0.4525641275802166	14.048252388116987	3.444065353018232	629.1722077041929	189.8002103331787	3.7971644126776	6.556220573610436	78.96207926543384	290.6921742578125	1379.7638682304346	92.27731076622774	246.52388849657586	617.165993375263	2466254.794261589	11742083.495183771	82201383.04323713
2008	2008	0.0	8.218004879002162	595.8984880998888	0.5963296969791129	0.02987619333087469	29258611.107803535	0.4971861063568356	15.587756148966973	3.998154772969428	777.8499091150971	290.9665123668915	5.619865870893131	0.2898107877084166	122.31290020307026	431.6652400832518	2252.0586606282714	147.74822631319375	393.6482216374311	958.7752168161034	6119387.03603725	29629517.097509306	298515145.637332
2009	2009	0.0	23.5038987078954	20.54958034446757	0.1726763160231079	0.7371852286541212	14414.08371284008	0.2478227518640406	1.9266819540024307	3.640927679953165	147.9457536477669	29.68253705333633	7.756578420211028	162.7221617295243	24.52875563449212	83.55669633749687	268.46859518009506	14.39102488604874	38.47598426047841	96.62338451421844	10670.429775089971	42644.791436228326	186039.6816876829
2010	2010	0.0	20.64673388986085	1.0327246025059262	0.033595729709737426	0.9720912304480023	427909.9612212455	0.8206587608331197	0.47426470537725784	4.719868761021644	328.4119314116461	79.55885931696024	18.12202574349379	115.5151761902863	7.458869881938783	23.57151269915632	75.18078811265838	40.282469841407135	107.29241236263186	262.0035088330074	40671.882432203005	145733.33410748807	627824.1052343486
2011	2011	0.0	9.345627841738612	18.805423238013056	0.07970972407451471	0.337422824239811	334842.65338934574	0.06698003474000871	5.441495017525715	3.959793969988823	673.5096579754002	290.9805764395586	3.845911593580891	3.39912684197233	61.36909857377683	337.52958793726816	5143.306715902182	146.5159887991133	400.9828309176208	inf	1839607.3711930537	19474981.578322794	1027011036.149571
2012	2012	0.0	13.40427932703389	4.599722594653322	0.676669046585988	0.4407194468944816	58157.21070399292	0.530796735100612	159.029545631258	4.683215335011482	512.1160293268497	113.0660479505182	17.6864368906344	32.45097575083332	0.7028726554870451	2.4325829017074416	11.478222712025264	57.24208921577082	152.41942674949792	372.00543449149694	12152.635042389367	51453.459861898904	290762.8263940616
2013	2013	0.0	8.173722745531721	305.60779856248723	0.22730223792203363	0.11805781272215844	1510714.152562178	0.04758329630984032	37.12511166310667	2.566421013965737	775.6958954995197	280.5163543352519	3.404462044535132	5.886150641349397	262.6414267668436	829.290207136325	2750.8819709277595	143.5139733536937	381.73312701786404	918.027071112438	9989783.801400132	52959285.90063179	309730372.28638375
2014	2014	0.0	8.95411196726602	23.500222065913174	0.13655880903794504	0.8493385951683001	17759511.15210214	0.34110590524757023	9.954362494966531	4.571398112049792	1127.924317266336	328.0118120320952	10.7069876937952	3.175080513853212	41.31524472228987	217.8806721754263	1423.2282216959873	166.7498762236496	443.83916441688405	1080.1259150854066	6717073.826718427	41695286.53567916	360675605.87069535
2015	2015	0.0	8.128977005200532	3923.697791361813	0.8251862789393876	0.4566595430713155	498704051.2219522	0.730879702624646	37.01264138145709	3.95750029804185	1078.538398968714	302.8211143792307	6.116172750467834	2.344033565532984	328.1998105345433	1217.3407324017146	5399.420608224574	154.7956607052006	411.76030090881625	998.0995950614655	41145361.4430843	191621469.51419336	1130672133.2770119
2016	2016	0.0	9.73224500012111	1549.3360690596808	0.9218232988365894	0.4533410818619199	195527400.72159016	0.8807351466404141	140.3111812827503	4.613535720971413	971.4238971107478	283.4828296919623	9.507307399913262	7.158858942262462	63.49826496308724	243.77574788501357	1311.6275342344127	144.01050664054787	383.3366411695689	933.8735466017027	7147667.974311895	31342745.690204497	227939455.93367934
2017	2017	0.0	11.0729219709385	162.08858523138287	0.9111414757680706	0.09989069122195796	3472721.7205605055	0.8533819261865473	12.237637315696993	4.811911455006339	520.6426444491483	119.8523332478926	13.43120566164333	17.28228494608068	15.031454803528264	51.24785077181131	154.41454275674735	60.50513186062352	161.12419793758022	393.6983434630971	269365.8960515254	1011467.1802518467	4448635.827398052
2018	2018	0.0	17.08994353045592	27.421297064631748	0.5630374492480724	0.6813067704616628	83225.20943638655	0.4807744971467757	7.176912195178462	4.220640601997729	265.5056576381165	79.74608233283769	4.073698829167217	70.83574709794128	5.686881483243444	21.418487447995805	208.46911797089925	40.99574170503362	109.63826388149158	262.7028477241049	19550.81715883327	90672.40165310685	957511.6697359208
2019	2019	0.0	9.54461783983565	324.2820821684233	0.6741670571557098	0.37656366986667833	6370465.3023146335	0.5718778801391924	19.788905101937218	4.018472696014214	548.1065455197789	172.41043139072	5.967490077023964	7.793149386739184	34.71186218228158	151.9608286736343	1002.8641452960255	85.72054596109837	228.73422329874995	565.4233631847937	711432.0901812742	4322163.145412765	46317651.545807734
2020	2020	0.0	8.223961448599537	448.8122767766405	0.4966522432878655	0.1098266565347335	45068779.21205139	0.3422429461251415	144.23890886230566	4.676258951949421	1163.302520235482	312.4544087143879	10.45684981040541	1.065357509567473	128.08479458542294	453.8079028550823	1838.8775642816645	159.474895411611	424.20047265619917	1029.097154251668	20847152.939854834	85250562.33121108	462438097.8723247
2021	2021	0.0	11.12862509847109	18.136611114485387	0.08599134560503689	0.3863684337422561	26443.232309752617	0.0300779811698683	2.709118970293305	3.481385532999411	345.8252853373643	87.70876506149348	5.185212301492918	20.15913943850897	44.63491714398227	132.33727444290318	442.77317279714345	41.797659768451865	111.74552595785678	280.921122465224	226309.9814205851	834242.06845842	4425668.6048761485
2022	2022	0.0	8.380088925791089	2202.3065250339164	0.3490565068944517	0.30636332212421247	14947003.195681592	0.13223628053899	169.16933421970816	3.979489050048869	604.5840482375662	217.4986541023037	2.349579918996961	6.769621018098976	940.2101225404202	4031.4745521267773	14257.515345454718	111.93759585828343	297.31778276609043	714.7930678361702	30508685.952375278	167163864.8855446	747015752.1077739
2023	2023	0.0	9.213443331125477	35.82734747995038	0.18394532302614383	0.2159338942368857	107232.23581509182	0.08834998006129587	6.945565196524668	3.243971579999197	544.7040781306107	223.496857719915	2.765203217948547	7.134021403839498	40.393416151575366	150.15701740764953	763.4770378683515	112.8293837462549	300.58228379872423	766.7900478980534	561520.6925978098	3730077.524348172	46287994.57049692
2024	2024	0.0	10.68848711903546	292.59874706171087	0.5132638830415979	0.879872605940165	32356035.482826144	0.6823123791175765	175.706399587301	4.371051030000672	714.6940990981307	211.5440814667112	10.24957518821609	17.5961773823022	67.97827757168658	279.48372290319844	1109.4654438357586	108.36008122488897	288.19595729623916	696.692406140704	3494750.0936743603	16871630.845205095	78643806.9133599
2025	2025	0.0	9.184569858319291	124.58265046102076	0.6121230163468059	0.6472668699341778	12671843.596420078	0.5642031378022265	7.11424916543906	4.617885365965776	956.3683176108804	305.1575986205499	8.176988658100983	1.602761971590192	15.616976823883016	72.71240350960218	1274.893905286118	152.66959243260533	407.44233009797983	1004.1152735736573	1439695.0358241533	8743809.519057766	258028256.61106858
2026	2026	0.0	8.177059608534595	660.7339221924232	0.5031311038490761	0.8361378004082944	132539539.89508185	0.5491380894209779	38.31845175072538	4.20293164200848	983.0198151795825	345.4609896716736	5.624249263543033	1.510645242966357	73.4721746222245	648.1934043732219	8274.832137188772	176.82566700757263	470.04478111085723	1136.226158094572	7175663.718357575	94659714.75272167	1814323268.5905278
2027	2027	0.0	10.91464348814097	12.733658273438323	0.09555911647266106	0.11529931928582134	736935.6653807915	0.1320157914871835	6.570664768000327	4.644979438045993	679.808751002543	195.7371656045852	10.50262081102945	12.9489351658647	29.11924692993053	93.46653720281172	382.844644469613	99.46238004252598	264.74664980201123	644.4442225009482	1222509.626052085	4751519.332320502	27278666.504458047
2028	2028	0.0	8.18064203686625	40.24675308051462	0.21530100393236645	0.3349329379422498	2058043.054656803	0.14260913937773748	2.9565417814749537	4.100142855022568	991.7347247253877	309.4353359150995	8.764736877926232	3.418614179358003	36.48994826637221	193.31627962314414	1374.084909788969	157.98584614210165	420.35531082038085	1018.4051871772414	3363411.3381816666	25465989.98152895	282234006.789585
2029	2029	0.0	17.45047929338223	518.2638259178602	0.9863237210956362	0.0074132332698584385	5187376.2663242705	0.9822012819937693	131.64005273579724	4.366208634048235	368.1976389047945	85.41964269147996	14.18460008272632	78.8814747516588	11.713454024457613	44.99456228181768	169.665420761553	43.30060667071052	115.28352300367715	281.14173995155727	97286.19527409002	380036.9963400997	1856855.0921639502
2030	2030	0.0	87.95916217231805	0.07294642033573627	0.5452677598598139	0.6647027390653035	0.6110694250998213	0.3911988013424472	0.16481361371726996	4.809931788011454	50.72566916294227	5.642603899207516	50.00876398020459	2622.624331753101	0.020435019176625234	0.06399205414073333	0.2148863779088855	2.8312543041232345	7.547568486040923	18.54723288829794	0.24674650483524982	0.9047240936518909	3.9968317297626017
2031	2031	0.0	8.558282639323696	48.46920801094567	0.1341357282936754	0.4721785456383814	3323410.535414629	0.09210083121061564	7.159480103172931	4.128638809954282	997.2309081479448	283.7612496912898	8.340279254835455	5.388697991332421	80.5225123078586	310.8072215176468	1225.7181107728875	144.79111013920158	385.16916340042644	934.594492976418	9459747.47438896	41731670.72152354	219405550.09394062
2032	2032	0.0	10.10999099662835	13.127077169629814	0.24545527676846096	0.4499430568978627	680945.5354524653	0.1670896621439865	3.5012779739238455	4.55574603297282	906.0709218627046	267.6298303497812	12.73842948824754	9.32947799611666	10.220995444143094	36.56345856335558	404.7691534203646	134.7642562020851	359.0115664817664	878.8610581075683	861624.0851404542	3764783.2652476933	64478325.275876835
2033	2033	0.0	8.213657420400718	35250.333098870746	0.9517259486821885	0.8195990793248548	9886096255.403368	0.8725816361962133	121.33420635731096	4.506752654968295	1577.575897947911	356.0468888664572	7.449079431570624	-3.385780005915386	1540.1876126737782	7434.835024688807	30036.99860893496	178.95206055769472	477.1826152975584	1172.4487813862602	464578821.51839626	2558062903.585002	10902266421.118057
2034	2034	0.0	17.75937675439465	2.2851080887194746	0.08498866304059359	0.5515748168541837	4414.692982720665	0.0547388754728695	0.7250090215194587	4.210413130989764	290.337677875598	76.94908925770021	10.34520713440708	79.37663079651506	5.89070893122766	21.311855565109738	102.04417291800516	37.666298258514246	101.29104074383562	254.79681766409317	20488.82258420277	87975.17300381354	607033.7128929817
2035	2035	0.0	9.292711456201914	552.4125861073526	0.4494080372921968	0.17033455436455242	8639691.167265438	0.2944067521269865	168.60001629402646	4.149235810036771	551.8547492864149	201.4105909926344	2.938284982634428	5.840609572431116	184.3525934313933	651.6831143346387	2983.8093127184675	100.80337877493997	268.97282923319943	668.5684301110065	4954095.043289418	20975683.820680175	149388965.12421256
2036	2036	0.0	8.157746855689846	10379.544510325908	0.4191387346459408	1.0000000000000084	241037976059.4684	1.0000034418372306	62.11521360527941	2.681117278989404	2321.547561542779	452.9929643724559	8.642599359073824	-4.29522371205492	3798.745276359672	13357.307082982843	33404.99307923451	228.2948945293556	608.2809350358591	1489.7878583564104	2386231304.195954	8626860948.297033	24655519178.222282
2037	2037	0.0	8.098450167811661	42.56792456805148	0.23050510828551557	0.07935618459003883	3348030.093595696	0.16868868177029078	7.873750104081942	4.642900982988067	1172.172886400002	327.4686148441332	8.215130015631981	-1.710175999094148	31.894349235994728	592.4335885990279	17813.18227740219	169.41467859160093	449.75832507470955	1079.102039645542	4797649.657886175	121815021.43481725	4240602266.079144
2038	2038	0.0	9.024081758782291	23.657589624389214	0.30831656464107426	0.05739911926065674	1572017.7327066704	0.27163167636342306	3.166474142176331	4.565410763025284	892.352257851496	286.074405038736	9.268975302845329	0.6890467258030335	12.703889231096033	63.947393904594485	1875.4927143454954	141.0379607442975	377.3963946337684	941.6878131496567	946842.6982445321	6308408.284770308	353658767.4095268
2039	2039	0.0	12.01644780177577	101.39716351206474	0.8703207350153169	0.48364478602767097	1414398.4750846652	0.7708123083885992	8.829125136763192	3.824826096999459	471.2422890021372	111.425278808403	11.78394795211369	23.08824996654474	11.191458207948571	34.68097428676648	114.21248228705458	56.447451850376865	150.28718417080108	366.4718901502193	149550.9976450041	553699.9689393407	2560011.4588653613
2040	2040	0.0	9.37691190422843	56.0884206338747	0.18351344559381386	0.11784194410044878	1158151.99323517	0.11271093790001618	158.28792681738946	4.397948963975068	647.8401323541798	198.6934155295598	4.890537115322487	7.89613546164142	63.4351768054338	310.4573933962041	4232.14954590983	98.63990520872414	263.42757542691504	654.6873148194826	2666324.868224259	15300981.27861591	249109995.92939013
2041	2041	0.0	8.147662592733774	293.2806731484446	0.3830619432646137	0.5166285750276834	43999848.496791795	0.31291388929444164	8.652079815422132	4.627067526977044	1257.004231052706	337.1024454652349	10.39449150563286	1.081810253362495	102.4303476920522	478.15040478274204	2215.5761503021326	172.3004336770598	458.2424167379181	1110.4817451820477	20624348.139895234	109210348.16954711	659227704.3638092
2042	2042	0.0	15.28976536001616	380.20002128060645	0.7052655235462795	0.7088617526915338	3159278.81834043	0.6582687961595018	67.25256329145931	4.324006779002957	391.4662406391909	115.4970803259298	10.59682848351538	51.13597955560936	53.11944733083539	198.54299978278536	739.9094174372498	61.31251235832326	161.51712037689867	376.66529735012443	310113.58129047666	1626071.242639987	10056920.705665978
2043	2043	0.0	13.46329961037269	49.3871854353908	0.40299275268900286	0.08996129269046756	551843.7787140084	0.3209232423165746	29.03430643626807	4.71418814099161	461.8158501105695	120.0172970607304	11.83411250988393	31.88937505410511	20.5977846692286	67.42922682383495	254.74893167712275	59.618721474891856	159.26569012391923	395.56089643978123	296736.60582670773	1119716.521250262	5437824.575467402
2044	2044	0.0	8.405307709923136	163.50489325769152	0.1331664796208227	0.044766114096323695	32984295.77509169	0.20906362088802338	50.80380332930094	4.135817876027431	994.6901643589308	311.0599273864385	8.08099373087503	3.768574285902659	266.53564547286175	949.5423602170558	3355.0052949859196	160.1430811476481	425.80164745321315	1026.3978446061537	31004460.919271845	130390631.99802175	581959522.1966476
2045	2045	0.0	12.11160846349738	6.307816302290316	0.14824590418179684	0.011882100354385371	209363.2995775373	0.3529768953303484	2.4765196791670965	4.26191654196009	407.4146441174415	117.8844044729979	5.479989339847094	21.12673495431587	8.87074601381021	30.060869304299896	142.68718135648143	59.4260290878164	158.37991822761944	389.3787606424181	92974.59480272543	384655.1204775044	2639389.4799957876
2046	2046	0.0	8.63680060005491	362.78467814250484	0.4122383190431427	0.6914575970964771	57645097.084120005	0.40011223365456267	148.81646441945534	4.49689984502038	1103.431023221323	391.7963682500402	4.933451382520609	-0.378492447302953	72.2777085117314	644.1967111415204	7497.153196876994	207.3341950827188	549.3819402344935	1322.0215353534777	9102316.398038747	125308953.89412355	2400987260.0764008
2047	2047	0.0	9.47591123316405	164.8162895783227	0.5488902717578448	0.42063541193665666	424643.14090227673	0.4483796394055094	1.4274898761585315	3.486764073953964	290.789615272797	115.8708227036327	3.787338878676346	10.27243540367249	36.431289098941555	139.1919185925837	1090.4993113212354	46.325685318403	125.24178938669829	363.8712174739649	118990.21724353053	530903.3453384707	10306084.183166971
2048	2048	0.0	11.35881367654543	14.884348239290402	0.7643306063024358	0.8475576191449732	585188.5747503147	0.7998928270980127	3.331501791941308	4.612090517010074	589.7816399034839	133.8529535598752	14.54410592741781	16.91257086262715	2.2650638076287377	7.108365378338765	24.317153946690684	67.62691352530055	180.0982069842069	440.10216206562575	54704.293596303694	202619.47168196566	966623.6048763421
2049	2049	0.0	17.77422454925703	1.9736514625668522	0.5836614746427031	0.8148241549032814	6582.910049999002	0.6222522949545884	0.8818841105441327	4.52484202204505	263.6071546241164	49.9471865470634	26.54091681780836	78.60361391119672	0.4891218350473347	1.5499908279883483	5.490991634952092	25.173031938505687	67.06285247950427	164.23201137629098	1151.4742971681653	4320.382048950244	20478.932775384834
2050	2050	0.0	10.94233680241529	1.7900559776769749	0.16843711809403306	0.2186124136737631	15547.487185806354	0.06430567098912073	0.756583528437687	4.580974709009752	593.814627511807	157.9130436568769	11.95231180321995	10.00313075060526	2.1693239333132555	6.88171868907273	25.791456738823342	79.10997150927119	210.71649359226348	515.998810577393	58420.88434675006	222608.1383594613	1200460.7328098533
2051	2051	0.0	13.9952865291214	104.88547772497155	0.5069395225654909	0.06948529489797546	2883983.2748918873	0.6550672854723114	12.612430985375642	4.277135239972267	454.8645070110068	118.9309491730286	12.28595642494788	42.40095794887681	30.61299275377243	102.57825338895304	453.97839820172464	60.029342234448904	159.85591086670428	391.211117622781	403990.83816973644	1647247.6707327196	9300885.309390288
2052	2052	0.0	14.78311587724654	44.666158681077036	0.7402997137495276	0.8262552775252363	25864.890218075445	0.8092972949498027	9.445354061679954	5.787695091974456	140.7265507370308	50.67794922043792	6.871061303621424	44.32197357329186	5.870519260794437	19.936392444076002	83.83618383730908	9.127945428039837	27.01692160328585	158.28560906734384	901.5165820899185	4127.6652519642685	66179.48022865063
2053	2053	0.0	10.50035448686495	6.452069897560791	0.05622461126787291	0.08913364874246058	679150.4167374359	0.17365379813508344	4.593486608779659	3.969814534997568	618.0294820317972	180.1358605698731	4.657181603411082	9.973927577614877	26.230111741219158	98.96092171455817	1429.7402140048982	88.94575086337841	237.57028113615456	592.7054475204915	819376.8937712235	3845764.041049696	85422669.72195382
2054	2054	0.0	8.390114215887513	11.487831768827844	0.030613045740610516	0.042016410222237746	1180989.6904539391	0.025763126199399376	2.6637847065179407	4.6114643010078	1201.630186591873	323.6223645054239	8.661436969220308	0.6315469118636046	173.71088111247627	990.6006232980061	5945.78961065141	163.92723731557544	436.56648456069865	1066.0966112323526	29886436.56994508	203953526.98257905	1630715882.7843013
2055	2055	0.0	8.312510565951902	8.117543224776755	0.02486051993475205	0.6590920434515092	3031930.3984316825	0.10657779964773627	4.608158199949804	3.925481420010328	882.5023078479979	298.6950518280614	5.229853239748497	1.717925628738442	79.75148389149373	373.0939260368467	3940.9457744663364	148.2219816109665	395.875998860736	988.6599110646014	6887484.232782144	41460951.848570384	643593113.5363479
2056	2056	0.0	8.080057009576667	77.79202974051215	0.21273377265583626	0.04964407957222218	21178016.38669561	0.27268529684485693	151.87342319254813	4.648096231976524	1167.354626928671	301.3091158568829	9.830183136255917	0.3586000394476776	69.16563721663584	374.92870569104196	2380.398898495698	153.27440773390754	407.8914963596343	992.4345209603168	11842426.786343021	69970203.04245465	602302286.5238935
2057	2057	0.0	11.02779110033176	0.02540830371244742	0.0016878043250809595	0.14881598747634006	6274.430270019203	0.018998017958500285	0.10617191710409304	4.519739755021874	604.5683513447315	161.3048764303212	14.32886526028603	13.71674348553192	3.6808497841438936	15.298213120069038	103.03301381887059	79.8432287103044	213.20501603801097	529.2184746870342	98613.07167253063	527854.9573177961	5324096.163110822
2058	2058	0.0	8.567971425749118	40.8893372776293	0.21206400834772826	0.025899913014560766	4706843.444894449	0.22048302525362642	2.2049413358702696	4.623342689999845	993.6960352805189	279.0952322120691	9.997688065302324	2.297146661400788	37.1843870127732	284.47184306158084	3608.0215547268654	142.85644599395266	379.8566179596738	920.0388848486261	3932130.9815262915	39384666.45291114	643886893.7730038
2059	2059	0.0	11.88351277936285	8.199505494816721	0.3735732333036188	0.08984606561161104	9173.453661079677	0.10291629413804089	1.7736727181304297	3.858332166040782	330.8175246114839	99.49376152164135	5.454149230395291	20.42989283474989	3.8794409698604535	12.277327002327157	47.44953497261981	49.472135991574305	131.9104370409152	324.77836098778243	20360.792630031658	78383.03252573086	461394.3915067589
2060	2060	0.0	11.2166877749455	2.399855266775652	0.17481363768675295	0.2372993988428348	37565.007157419124	0.0843032145416357	0.6233549248315529	4.759861831029411	669.4477973152653	185.3919280938103	12.16288557917036	15.89399902308515	2.8245246196932503	12.167090479717507	202.34408397303548	92.41553058733507	246.6757881927242	610.6556068737557	113050.41775725276	662000.2098711336	12722133.470949756
2061	2061	0.0	8.666213375977796	376.6330232885027	0.2616405439897389	0.31278512063526964	30975084.652216505	0.21858967830618828	26.226573365803187	4.058725176029839	1042.602584625987	375.226149485013	2.862126968206972	-1.301029482399116	228.31438445527237	1709.628584362959	20057.45623288905	200.09914936316204	528.6354806702226	1252.3400761437524	25585130.15237034	273339804.0477788	5020357027.724483
2062	2062	0.0	8.473074680778248	93.47632973538677	0.3424806229010176	0.46177099502846697	1744861.1918835666	0.21253650216461273	29.25440878126446	4.223072382970713	631.8881152843784	210.8307350433119	5.623947898480682	3.979444918973367	47.380416166420574	157.3625635333407	752.4124123720824	104.87617303590775	279.47292080492747	688.2914528652632	1606511.3990018445	6678106.9469153015	52954273.2439433
2063	2063	0.0	12.56910412763546	7.137274475096583	0.1055077380524692	0.21995589046980743	11701.391229143663	0.07259448961547178	0.6270286764255795	2.665699934994336	274.5406703778027	70.33951463423537	3.219332436407765	30.39732341121434	14.421630568774098	47.03384457096565	221.28758707654325	31.69784590525009	85.11686876686048	223.82384550697367	39099.97770090577	156592.39948900434	1145540.0610532202
2064	2064	0.0	8.045815627901375	71.02522472599546	0.22427014668549772	0.02862506959814835	10721899.467426699	0.19772488144881517	16.327910260899	4.585868884983938	1310.148696594618	338.9770806861804	8.455018826822911	-1.447178639217099	53.65703822137131	1039.0214423178845	18521.779067183033	173.47668383041673	461.17691390726964	1115.9808984116994	11049638.18932115	273193333.5092193	5497044929.234266
2065	2065	0.0	10.58733143577838	290.5529688015092	0.8211788640302302	0.4472945797741453	16452527.376269212	0.7424451801134713	139.42337346078142	4.636454774998128	761.766754719712	224.4156324790322	12.33214075853082	12.54424066777199	14.550754577194255	59.52559371924519	465.3859296852537	112.74452282283085	300.57704255729027	737.4760305520939	728881.0144577898	3994086.866105228	48106693.13490492
2066	2066	0.0	9.467334241718394	610.5861268910962	0.1056699731947523	0.43410155387180877	12348299.085512325	0.1640572973699678	167.01772287048573	3.790719088981859	447.8969338881226	148.6201688650389	1.398306771664082	11.53363005941322	1276.6571802931746	4091.5416733348447	10830.581159674713	75.6266538335264	201.1898354395925	487.99728761804033	16051937.793514071	65282334.81505187	249215767.05974743
2067	2067	0.0	10.34016554794862	784.2674555969543	0.8400232722526085	0.4674259205759197	22074452.82170699	0.7413564832752777	1.3541527758408942	4.162800065008923	584.3361569280409	194.7788694582378	5.435483790475644	11.45166420096397	77.88813183627714	266.0324422423994	1036.6182311301368	99.30905790880456	264.5152812217981	644.249479115276	2417264.7982805083	9368973.031023683	47925577.962762274
2068	2068	0.0	8.563754734927203	17.782534107911914	0.05668403677317072	0.04016340382571631	11497997.82570544	0.22637215248305906	2.6941006374702043	4.556107772979885	1038.69552186177	295.9811341917838	9.228504983523035	1.83574414802711	79.53124782336927	264.26268968958084	1596.3134783965634	151.02237396933833	401.76548442412434	975.5306701617516	9795049.147798443	39675951.650555655	321970016.65367365
2069	2069	0.0	8.314211642270816	1.5081057687388189	0.004587579924255081	0.24091615880120842	16595.022490027786	0.0024956868959107865	0.45952638420878467	4.021046202979051	670.737385996772	253.3962801096154	4.618251555611035	2.373981675335198	135.53325225862855	655.4212293476104	4183.3186843438325	126.60904406985583	337.6101641559416	832.7585411335674	5521067.74903313	35867861.155237794	373821022.57036614
2070	2070	0.0	8.239409937061167	8.497848157763066	0.07635760353625813	0.3726604599306444	630296.6775402203	0.06939253198231642	1.3438530889520903	4.559435639996082	1032.486921734188	355.6405384758638	8.851621852712094	-0.5654966042975345	29.74773539677626	198.20720810071793	3635.8805169159996	183.4572787774955	487.92219089630635	1170.5404629529116	3103212.623871881	29093266.268461306	1033057215.1158377
2071	2071	0.0	12.62579202083217	0.16884227628271584	0.016127549974993837	0.041001900145675535	65327.079544233784	0.2935013291147695	0.37571752242300827	4.866025231021922	507.3045884713923	109.1687783130805	14.99326226849339	29.5489625027319	2.4083153281291576	8.165099214942249	34.31597945569714	55.273234894137715	147.16436931182238	359.04515714083243	38605.08464068209	156462.9920427117	879242.0841376582
2072	2072	0.0	12.23253603344624	2.6031216964751467	0.34438043273846186	0.5771938080784851	6446.939981779488	0.2389241601596905	0.8570912784593581	3.747449735994451	294.6099872009266	69.57297409684547	13.54140594777285	23.87036971470885	1.3367528791605743	4.425382795829233	19.1067102747083	35.26973804188151	93.89088154992561	228.8550651391428	5092.630364177987	20446.4852792326	119686.84205477462
2073	2073	0.0	8.933251958628212	1392.388157405311	0.1914177665928387	0.9157653416180411	462994540.59500057	0.7076542177840757	17.264872062317377	3.592607445025351	678.8111941621036	232.7041589834491	1.926334182488009	8.967848837146498	1463.654807536339	4658.727765045584	13434.595710573558	120.17636259332403	319.01310276910635	764.8788828044981	70258769.76616935	252715148.07016778	887854901.4615711
2074	2074	0.0	10.35849546580039	0.265557754930096	0.010299223257781298	0.5829918375454936	73738.19651115684	0.031346423620051106	0.27181644352063783	4.64948059496237	981.1488360995725	273.615233423713	11.80936162159468	9.305651863156918	6.96335719093072	45.72043853470428	732.0715280668911	138.24228479145745	368.24879878552224	900.5512871318922	780007.8567173277	6453089.145584066	118609238.57858498
2075	2075	0.0	8.07542146349208	11141.623140177944	0.4194677299350233	0.9999999999999966	388114818799.9817	1.0000033718872612	120.55133690267068	2.615808464004658	2545.057038586644	467.3499690754851	9.544814830586969	-4.597582837822642	4611.827313440315	13885.044900010456	32401.485673522737	236.4219365157819	629.5919972445272	1537.605750630986	3117007441.709449	10080928994.792274	28312900005.040848
2076	2076	0.0	8.799889136717901	39.28943376644797	0.04171461414001577	0.5117025826441088	10909772.184754936	0.06117113004561327	5.727969859597345	4.579768045980018	1288.57909828135	326.897753483997	6.230836622019972	-2.413078393042479	425.3219290567208	5503.116795486396	28472.13691480873	165.8322978673425	441.80281412072304	1077.8769384570876	86552216.92459935	1274949249.4398813	7300148714.895828
2077	2077	0.0	9.406460074767548	77.42483877072118	0.4560859762607906	0.4675184908178504	3988511.994674118	0.31124911155558616	11.438308809698391	4.613311434979551	873.0024145852514	256.0414238144467	11.36825090434756	7.821514495662445	27.528003400782886	88.65720534027622	350.817148325432	130.7199384338768	347.68634352988124	842.7909777098762	2200266.467133242	8480135.251510108	48641421.99831581
2078	2078	0.0	27.706638881741	161.35420329182432	0.7086340486043097	0.6712565387178459	102307.77215897456	0.6507328247085642	7.024346983935196	3.689765641000122	156.8761928749142	34.97517644211385	3.645862401194201	235.9297982269749	25.67614318794334	85.15167525915689	348.6572971955446	17.5252524137955	46.645073241692415	114.24035223134725	15507.308369790273	59084.14021687055	327350.3933881594
2079	2079	0.0	8.02908034893037	21.467557768917313	0.1627147175116892	0.3432112061367562	702204.4560640275	0.1160618406193598	8.546328278221289	3.958917576004751	801.5340551912606	289.8159948348306	7.580907628179813	1.435905672338564	27.927562683481366	134.2948040863995	2003.0296488266285	141.96231011058774	380.33510987294403	954.0486428420984	1551590.310176846	10685016.12888527	290278785.7257104
2080	2080	0.0	8.402419549452096	4424.756097552796	0.28856594671700003	0.9999999998991717	83466626706.05804	1.0000035961056506	127.56803641985935	3.503819830017164	1806.582812113251	392.0606042602728	6.472817160011662	-3.02921837105119	2727.663700986413	9928.670348445734	30944.80270053324	197.5947224902693	526.4708805497887	1289.5794071796424	1044104814.6346095	4284337368.0858774	15224444460.200788
2081	2081	0.0	9.30776560724925	192.82771498723739	0.6933229366599342	0.5440787577577652	24295605.844929423	0.5930404779206403	7.2102253936198055	4.516211169015151	1066.647355256578	328.0962287788275	6.630752644267943	2.907117636091915	33.51683510268953	106.57234302472264	543.193631639436	166.14057711949442	442.91497108673695	1097.9227821949253	4388988.890636954	17099762.715593677	130057797.99791813
2082	2082	0.0	8.773857598323358	31.578423401069664	0.3061255632878638	0.6637302347444332	5241592.806157684	0.35207727999981026	10.39909804791455	4.507966093020514	1043.359810849371	329.9195504296775	9.172875244373518	0.3597034892327775	18.136008525167494	71.16018678323401	700.3296316761594	163.84445409518105	437.7056889493491	1089.4833030589725	2139301.434923624	10290698.764306596	176519896.3810339
2083	2083	0.0	17.144803452085	11.973048407464935	0.8789368227032346	0.5779895708755386	75088.3842844069	0.8347950864581527	1.5407171446705459	4.700965970987454	335.1155154605573	72.06758969388855	15.19131334915915	65.64151147876254	1.1013107238542161	3.5842854930628607	13.17148297028468	36.35585434761356	96.87036843714753	237.26957074886744	5651.1510896404225	21701.454582133927	105657.56482834795
2084	2084	0.0	9.484605213317977	2.1638039290600846	0.20660546856959844	0.8030990512967335	156417.69800544123	0.43736895418710714	1.0732963690528026	4.556323643017095	560.167601586295	160.7007276799021	12.66283797446301	6.082544967731223	2.082212302179251	7.116067963044861	34.61841883123576	77.84107226048923	207.62048153654632	514.6936770754261	48396.00744441099	200533.80894852887	1496656.262853093
2085	2085	0.0	8.648097354448574	1122.765073881103	0.5445207971794362	0.3414464630401399	59084247.9889129	0.272706545949001	50.49250755642147	4.279027135984506	1028.556608353648	335.069996930534	7.633703636904347	4.568859443975775	284.34988852797136	986.0621455329166	3116.979087377724	174.84238355848106	463.9625688177772	1104.4586501659678	39407585.79454497	141861732.07104468	565663975.101104
2086	2086	0.0	10.15445853388213	2.2523231807034123	0.04154616254511118	0.469314970658759	22389.597661691838	0.027249254205961214	0.652321381411372	3.707428843015805	488.4854229841595	140.1936015835225	6.413750103563906	11.42964181807974	13.299377118861422	54.465575380346024	239.9487488061305	69.49304187738448	185.47873149090657	459.5777220504504	238333.2787225721	1137699.689586019	6834278.318296489
2087	2087	0.0	8.600822718096282	58.645643459124784	0.5137987239849179	0.3759302604643128	2690331.162631297	0.3960918145288054	11.182475283255561	4.024509262992069	779.3517682538527	253.3190300056727	7.607723158094057	3.451084064333223	17.212622151260685	56.19563854594056	266.03810289241613	126.70410281709087	337.5772718794781	828.2026959901323	1022995.9545273212	4048507.5768249664	30674184.43899987
2088	2088	0.0	8.40077654411706	1161.7922283833832	0.632274788584653	0.10575509779465624	12592834.152570447	0.1133965932762747	105.41284350973132	4.275224764016457	975.8085782814238	314.6537943560775	6.681490190969591	3.071028466951838	222.06571977403243	757.6274696898759	3549.4189695165496	163.39924644280256	434.0548077852859	1038.8689997710596	24891965.808818396	94827112.66441911	591091975.7891868
2089	2089	0.0	11.10507699991418	3.4129089244718678	0.459876338929695	0.06754595887216251	85457.68126541033	0.41388670864792104	0.7750678977114875	4.642701948003378	610.201942480507	134.4563562227655	14.71941150792661	15.7540046556921	1.1885428103496924	3.8725848861796948	16.0108703447943	67.77244049350145	180.4918982984616	441.2579450443729	30256.821629331684	118874.34796752268	690699.0453503877
2090	2090	0.0	16.23835646147083	24.693592717696358	0.47146528564463175	0.6809129138328786	19263.42277681684	0.39878415589442057	4.366785717258075	3.779930425982457	176.044841709749	40.35427895894216	7.400409492689754	64.15264614361796	8.324463495052907	26.985630026071515	103.14588515869907	20.485139261604303	54.47485052987486	132.3388619212647	7637.85395085618	27678.20137254844	123379.96694707806
2091	2091	0.0	8.625864352313078	242.66077517164857	0.5696512335275999	0.2406713316647801	27300291.844735507	0.5041440171679721	7.687503901391179	4.034105739032384	1021.008755407601	295.7079089662255	8.861792142900148	5.381208512198866	32.364002778035385	175.2062561606498	1148.1870174212459	149.79304148015274	398.9823277145391	975.2954346552606	4306661.869509528	26748441.239574704	216681089.09892067
2092	2092	0.0	18.7643841900866	211.18726347623357	0.9182627250820505	0.9375326581527409	2318199.567928313	0.9600072621111704	40.443664768768606	4.422850447997916	314.5378810301267	77.17211952492256	11.58546013474047	92.24795488321587	12.289642694369316	42.88843481462539	191.77575606165954	38.02765918707246	101.56272863677776	252.9955537566498	54927.20417397296	225840.97841517456	1422820.0639453079
2093	2093	0.0	8.337523567388647	1358.8164115967545	0.3500380583949376	0.870611038648577	885622954.8538988	0.48011506685465166	43.532645059382936	4.332378833030816	1331.479008699344	310.3310219720294	7.927701885153846	-2.443430812041756	537.3643122046852	4042.746066769385	27929.460075058545	156.66368389332342	417.5105526662901	1022.3950809973268	105336606.7799978	1016486213.1878365	7156702906.642413
2094	2094	0.0	8.227713853749208	185.95599826707144	0.5634027725438924	0.02186556540428927	30221710.882926367	0.5327500117566337	173.06288358653262	4.508115701028146	1138.260846595018	298.9704312735493	9.359861304624616	0.06057134184377577	33.018951074201915	133.9911738104344	3952.229809248176	152.00229385896273	404.5216849379741	984.3330049708904	4551898.423843732	24729487.54027032	963680726.2850969
2095	2095	0.0	9.761936291398055	2.8391730341909494	0.1883791492813008	0.5606135761440819	105422.07619894168	0.12744588889824374	0.5766197510049462	3.792276756954379	782.0422015179245	216.0570731140907	8.698378472298987	8.383010627618464	3.0826651508587144	12.586299758050288	92.25668223089679	107.70600105208484	287.1802844731344	707.9488234552575	194107.80670369553	906310.3640766649	8440429.085043618
2096	2096	0.0	11.21466313287619	42.47612682560527	0.5533673669681202	0.375709699250467	1324276.872766848	0.43297275612754493	5.1719102415333165	4.607057137007359	667.5653410252548	203.3063645343081	9.328991538092499	13.29300016899056	7.615205468000295	33.48275426972527	212.63748156245012	103.37246274416736	275.2779200358884	670.2512216587395	347965.40672007954	1832784.7660220389	14165082.34217241
2097	2097	0.0	8.251567993680508	1376.2317547347873	0.7030908342884686	0.9999285568485184	21824153553.87075	0.9994460967196024	147.48807607010818	3.335689360974357	1478.819417959106	360.7235404689483	8.654201842293556	-1.101476313994755	153.6043960002162	645.0864777030326	5362.746072963918	183.23580745864115	487.68979191288076	1187.4022478106374	41944434.754497945	201982174.20159924	2277161935.837883
2098	2098	0.0	9.177281948212428	78.8936026498512	0.14282753114984378	0.138716233385185	2508268.578506468	0.11320334725987084	11.470430516736897	4.662511717993766	830.1728875125928	295.7764833745512	6.61804972548346	1.37509657688186	118.80932335870423	435.0529957593387	1757.6653713294813	150.0692112217115	400.0844500355439	978.9114187425064	5807348.569404471	30667642.014708254	284083378.47113335
2099	2099	0.0	8.67875867684474	2765.472560970535	0.9533663311412711	0.6430442996443354	363608682.5684178	0.9482888276602295	23.655689581987925	4.185273912968114	770.6981303041237	286.9478400493643	3.06948040914809	2.784510568329863	131.11010592818954	390.7362163818802	1446.72452384492	142.30391479953744	379.88709863169333	941.4550410799525	7036310.6906033745	26804946.82721815	171979437.36973715
2100	2100	0.0	9.558824161311307	131.1920879170532	0.5127761489064104	0.1066202477276177	2978382.5676680286	0.35169031609886875	20.91505617819615	4.074331149982754	652.9067918197527	194.1054261845646	5.061204335146499	8.796881225951914	36.118276046515305	125.34516261269437	1983.6121225889538	96.18730109951127	256.8436618933466	639.9528330301791	1316252.8288364012	5815792.943789399	128787555.85185464
2101	2101	0.0	9.967536056805795	18.857879090837002	0.31018044464047195	0.31888382081340727	499151.8618880291	0.19297929536821054	1.9312733495919865	4.669690460024867	764.1221842628277	231.6785780308358	12.23700038212218	8.998362941944624	10.426421698411376	50.18533469151896	885.954092683574	113.99498653096452	304.84870457512363	762.4433683873413	525482.834685527	3514436.6656138706	90231381.98157229
2102	2102	0.0	8.79333634396235	53.66233744068966	0.12140980474690274	0.41037554255977016	3744132.7878060006	0.07659123947518168	68.51071899926511	4.736062074021902	1078.497284699059	311.3934917602517	10.40849364763961	4.032848108611466	108.03459280124974	434.9092434974256	1666.2519530201023	159.28232755221222	423.5567177049621	1025.7246063256312	14887786.663772812	68062237.81307182	369297705.67730373
2103	2103	0.0	8.177455344390571	3083.564852505363	0.695063789559992	0.7701862224831333	786361998.0026865	0.6856139897921368	158.4174857984917	4.604268541035708	1306.304096145997	325.1401193670069	8.358480635561339	-0.1300989531138129	275.6933595393242	1313.9874410884074	8957.932533213372	164.88393791716953	439.01204479897933	1070.3897948706517	55821930.32303835	323565215.87011635	2813659173.571197
2104	2104	0.0	9.239431282273543	1457.6432383202794	0.6928544941015478	0.9081611230503227	546673156.0340794	0.8043014687651169	14.255606006556365	4.587567875976674	1236.300717587486	345.0041253775665	8.44604404050424	4.456581885350896	211.42647496153575	806.2455702910221	3010.038556409074	174.8567779220075	465.5667132702695	1137.003579809413	41277491.02089845	179047157.66847822	872337343.0535759
2105	2105	0.0	8.867344334821663	202.951694582595	0.7381786497724944	0.2206879620704598	13906275.375707878	0.5963033618895759	7.419811243403317	4.504564438015223	906.0403608614354	283.9276487388324	12.43326156542022	2.833892653196979	30.54556239934413	98.51071568272394	432.05991502656786	141.96694192936206	378.6662254462493	932.2383857531703	2300512.8138574623	9572347.442078913	69301157.01861708
2106	2106	0.0	14.46591596393498	2.4490326287996633	0.31593338178222663	0.5730159135251071	17456.337050473707	0.17218006988410312	0.895281435931743	4.051039061043411	492.8616892593797	112.4537154176196	14.09820825640389	45.18685474978867	1.447618878314883	4.418682985501379	16.58821651514766	54.10425041918967	144.82090730302667	370.7012109881526	20923.736334294288	75485.0270864435	371280.2040052004
2107	2107	0.0	8.237284571924638	9.54696521427707	0.03731576774076399	0.5478483851411765	768370.593474605	0.08664125942035945	0.7483790242803082	3.091519680980127	646.0746984947532	231.4643037324457	3.427110607883874	4.564007362130964	58.494342640258786	204.88678397428407	1078.2750911380906	112.83458841232164	301.17561006885404	751.7480195788655	2134135.8421062436	9041491.310594585	79042858.85593401
2108	2108	0.0	9.543639223588212	1942.335318429665	0.7385136307784832	0.23445579924420268	239994345.6343855	0.7312649084905155	51.60487993292808	4.446298344992101	870.775487248621	328.1872689398317	6.624947341056477	0.6240523316325064	140.69465326331806	710.7293797389653	4795.906328430896	167.36168732746478	445.69717982439875	1089.495999810008	10527134.925752336	71350471.9465858	882930394.9128516
2109	2109	0.0	28.43209905902005	8.678165151851159	0.5904820535140664	0.8448263225192796	11088.666946883353	0.701420778985103	5.039058744685141	4.207478902011644	169.6264928448312	34.97280403760725	24.47493223933773	247.5370159776924	2.1143596743908133	6.738447877767062	21.74297063190433	17.6246910661213	46.964902478823205	115.06611576194524	1621.9054503194482	5804.704870258705	24127.98076637699
2110	2110	0.0	9.691380632499351	62.84211168518311	0.26459732830572974	0.598267451917415	3516399.4164316887	0.2872095904623128	160.110043534298	4.591016409976874	657.9674054715142	242.027838271225	5.600744739360113	3.807960610795693	38.27382881449803	224.63002465319016	1643.0017114631032	117.86314088428912	316.2581060072787	823.5080032675505	1856235.674133089	10809399.105689373	130301025.54893197
2111	2111	0.0	8.11407086207474	3360.5317554251724	0.3973606906912957	0.1982313340191723	523701054.9891133	0.32965844563166424	13.211097225156266	4.512310357997194	1380.454757321927	299.7647578816146	7.406117066918583	-2.761790479821724	734.2003684493027	6253.588003543391	29414.161990760582	151.38621498288512	403.29045834484555	986.5055298700648	170307260.27338472	1560724513.1376085	7764088831.494552
2112	2112	0.0	9.613954660456358	47.36763510160182	0.4654423796575248	0.2574241837468936	218375.0888170994	0.1491015371455571	3.707018911276056	3.926599327009171	544.1189768959507	161.8340150776355	8.408479066715923	9.059478164952576	16.50743745537107	52.33658308339372	178.72084564691372	79.25949090918942	211.71599403214105	527.45860261521	323207.1923387221	1311226.2342386204	7271109.895021476
2113	2113	0.0	8.738947037863706	13.940142888429413	0.03558591665902396	0.177493970256202	1524880.290798502	0.11121737671581108	7.866821450035568	3.585549876035657	650.5127539538557	219.2565927107097	2.563927564490708	7.009150322608033	100.18544805205238	408.1583985449649	4319.616538966612	110.73039940754688	294.90793500612443	725.6983885540456	3211792.931787624	19046749.952924218	323800139.8956026
2114	2114	0.0	8.394316019301568	182.86110295037048	0.2609510727089596	0.3596635114466273	5115039.658349743	0.108494591066113	24.252718837565702	2.624374389008153	807.2130876746076	268.6475802442461	5.257666990928499	8.340928656936555	129.88576257465618	518.3376490303657	2418.617156400243	138.80085836192393	368.56331899625263	885.1991988225006	10832655.063759986	45923930.969957404	231424549.11337164
2115	2115	0.0	13.18959427404541	0.4819381478361011	0.014540215234574308	0.7359550556138655	42977.91757400345	0.043170068964751306	0.43756616592461073	4.819346620992292	596.3932861473115	155.540517193722	11.54815863891122	30.25919178009442	10.926486110359747	47.33354074805535	259.6217588134602	78.56510568957367	209.40728991176059	512.9044589392342	344202.6975203777	1641584.1838062333	12346672.498835653
2116	2116	0.0	8.217991911218828	39080.86929561711	0.9846095955596821	0.9999999999999973	408901160562.1562	1.0000039792892585	106.62624865201258	2.665850087010767	2362.441606058946	555.1951680636114	8.645812616657107	-3.891280541431535	1558.0512704827559	9068.786132933401	30721.50056057443	270.5787122185998	724.5777783000267	1829.0078420243117	1207313233.692614	7151025501.140801	26652349285.147385
2117	2117	0.0	9.378589612917864	87.70618592455662	0.44016687953928785	0.43476679145581826	2853283.003885961	0.30914625379782174	3.49336790439728	4.718158401024994	739.4578505644757	210.4510526905879	11.26712478143206	6.192650323506722	32.805384820912174	106.23807976471842	395.7082143710082	103.94425502630293	277.22737898364085	685.4351541040642	1577656.3134029065	6216720.684105949	33962103.52248033
2118	2118	0.0	8.833945078484716	5.16690150333124	0.05957699611823669	0.019074005439382462	227555.9877437222	0.09710047128141194	2.113089683616524	4.264900327951182	672.6480694216514	241.2650037770135	6.338472695519902	4.764161994329639	22.542531423418485	144.7541567842489	1076.3611033875238	121.51567396122289	324.18491168841933	790.4020136048482	669217.4497270599	7360881.757002984	98177025.6424405
2119	2119	0.0	12.46998923037177	1.9113601373364069	0.16892614872935693	0.29437773025430813	6008.711092242701	0.07005932725549589	1.2346249965379406	4.180315711011644	410.240088171032	93.45527945320093	5.825720753100125	28.3738954700584	2.3235706504381692	7.957177727991929	44.16501131566513	46.42721620019097	123.83278724647607	306.1006849152587	21256.747292761014	87644.91678895422	735074.2733475149
2120	2120	0.0	8.494699166573204	10.648538123616719	0.015560082742932826	0.5417228030343574	853622.6754849589	0.028094358365487727	5.472949879082576	3.6073992549791	714.5604377449563	248.7241655162761	2.347408886120029	6.537720050463328	308.2355163862256	1487.528006079229	7011.82918311213	129.25769702406	343.2961829893354	827.327768910176	15782576.757098189	92684959.46198569	589277792.7683041
2121	2121	0.0	8.731791334027212	121.0681083217044	0.46314956584136197	0.6652203038614567	24176338.578202523	0.46182235728226806	125.02057091068771	4.65833072696114	1165.996900001334	330.09544488338	8.569076621683823	1.033137176883346	16.700066301057973	156.34383532668738	2734.976836581823	167.7156731073526	446.4134953862391	1086.2131410598831	2589188.798755153	32114091.662212893	759238045.3009522
2122	2122	0.0	12.83734748482948	7.914276795077042	0.22858960767647243	0.026637660587149743	483110.1477423731	0.5460809358478673	1.2909928192324565	4.346358462003991	465.3612197103537	99.11137171261605	8.652735432792706	28.88551852111554	6.629541490900684	26.130062732196173	118.64370599725936	49.415671956220194	131.70333068937947	323.89658616170044	88509.64331917181	401435.394457328	2244342.654117844
2123	2123	0.0	8.40652934982539	151.17776784364406	0.4057929203870092	0.12891879983818894	9893555.158372505	0.3239451288989273	4.3355199375104565	4.402813408989459	975.87107415573	325.0297163625458	8.188677992498233	-1.244520069954733	49.33317215587233	225.18455775467467	12250.173036705404	171.00446937202253	452.5491191570743	1068.232409078084	4177082.917194483	27068226.07563889	2558728637.518247
2124	2124	0.0	10.69277277113956	23.041233353688394	0.28374751329195774	0.11240156941941046	1125670.5029674775	0.49579634606184503	20.355930040842804	3.886004025989678	560.8263704490729	158.5549634394108	12.58733689039002	15.82076914529944	14.980145563811485	47.23607161185408	141.76188655140533	77.69486054490363	208.2412611667499	519.5860372476977	260955.03359149554	1143137.81711892	5459824.424220269
2125	2125	0.0	8.704573273862946	30.437508602111336	0.0905621111290991	0.5362327691837611	1438003.9858089557	0.04966184856551883	11.047368213424381	4.181177712976933	890.2983402681978	281.8948326485302	9.081069853455652	5.73741399651562	80.27566052178526	314.94811791486006	1667.0625293952126	146.00453551404382	387.46657770808565	927.6567959243553	8101370.465617029	35262273.0467421	218617860.98698506
2126	2126	0.0	8.706015923000871	51.380507842766946	0.2555907312672348	0.05028890110427017	1422266.681928632	0.14566122641193427	5.910167298651244	4.497709774994291	955.6325533045236	318.284491738595	8.64806889166855	0.7942815004109036	33.445633602107414	279.7909373287356	5592.11011852065	168.33988568617212	444.57509776584675	1045.020717102043	2540488.801391352	35593781.18048848	1134963200.4122784
2127	2127	0.0	12.96544340756692	193.98174374940368	0.6911907757618194	0.6817400381236577	6319182.182954869	0.6425232655404916	20.111373540556578	4.261602420010604	599.3261499199109	153.5943352384078	11.96065561180936	33.93117575635827	29.030360120208098	100.16451130833342	502.77514892357203	78.27913429701664	208.36567100379926	506.008963787401	897881.9283783732	3681998.2486709002	21279325.957983352
2128	2128	0.0	10.51156854339136	85.293216694576	0.39814773964396943	0.1542527797142799	1748678.116800057	0.22268856692435	50.7612840301141	4.593550692021381	682.9836937809965	225.0306739895538	10.9031745402561	10.55974924434607	32.19603825440601	124.66188266828891	627.2784656372587	113.97679266450803	303.9771468529826	744.8953956647299	1503897.566824224	6685446.063591246	43886115.11423361
2129	2129	0.0	8.26815983142682	126.73334042688404	0.13361716193253653	0.13721588026677248	3056846.3140011122	0.0575990102672893	10.821214472424105	4.015861182007939	871.011712107233	301.7656504521893	5.001665586425494	2.523995173431816	210.9930410335865	942.1824495131845	6226.200013890851	151.28536144750865	403.5742499029228	994.3647062246347	15796508.917169308	89911044.58521572	1042671025.701808
2130	2130	0.0	9.575475327213482	8.340480599285758	0.41363032731494087	0.7933555205405174	942630.9520724495	0.5137300010072263	1.403487349500053	4.730389352014754	858.4122430280506	230.434731452151	10.95915100814108	6.241099628395218	3.4020331700321313	10.97353932078695	56.622410089882095	113.99337620378708	304.0167997602738	751.5202569331323	229361.7976612208	895559.1870465503	7367783.42867882
2131	2131	0.0	8.624298263751337	1880.2275886840337	0.6457895539779722	0.5897705709985734	107468036.6577404	0.5881489005568185	20.34247871635342	4.398812644009013	767.8442639144146	356.5027975534898	1.639447256813866	1.179542058752868	224.52710252533726	1010.0967335564568	7819.800811975169	184.07395865850208	495.3395475994355	1253.1132193736719	7417880.3841966875	60828754.10967893	1494437003.2500322
2132	2132	0.0	8.343892316880963	19.14638628137876	0.32665550182861347	0.8982412869942789	7702018.754459778	0.46153826326959996	5.562986619112768	3.936772482004017	1023.750119192335	311.0874204625726	7.793727013674975	2.369939215985682	8.172251129768721	68.25924481876973	1176.5537673583883	156.2070436564636	416.60683045017106	1023.5678330339625	885313.1279740025	10860655.079531448	262345627.75364244
2133	2133	0.0	9.06777268465236	80.04763141200992	0.3003783710484006	0.43975084054083946	7170547.908165135	0.20474793772096442	28.70962497741325	4.622927171993069	1141.469108381001	307.2741940167367	9.644433656083983	2.827387893496954	43.046373647594095	206.54013755280147	1627.7763006924833	156.74786058350628	416.9814221760755	1011.947015614123	6917942.88907364	39131698.974018596	387826436.0691618
2134	2134	0.0	8.34988821490686	3.6325678081795854	0.02732567715250709	0.3510560615511976	124745.83128991464	0.016213039063481854	0.6876760374410529	4.574795688036829	902.7117561866895	286.13967133756	9.989845030714957	0.4422708623363958	48.955478252944474	252.73753631028933	1733.7075691081525	144.58608306444023	385.36311150323627	941.7845519258071	4175322.6961489953	25220221.674021225	288865386.1295831
2135	2135	0.0	8.190274809820227	406.63777110476167	0.588487722560322	0.07045268574932807	10463261.185529638	0.493745438287635	30.79839204772831	3.421405266039073	590.748547141882	205.872595479131	2.276880595415722	4.281727320563331	70.11171508533154	283.10521757774563	2932.1250886845555	101.12138891968561	270.2051046320958	680.6694660318873	2230003.9389580195	10794424.807679256	167929920.8474055
2136	2136	0.0	11.27711026915862	228.70751832001866	0.4965378922108542	0.2116342676676357	3154646.093676283	0.3543375894361463	89.61047425148533	4.321511966001708	594.4767257179465	200.6557053179425	8.551803723768558	18.1737332990094	52.07236681968712	231.99013090241849	1227.5099712852812	101.80870456552623	271.6095873217104	656.7163062017344	1097900.298789825	7068419.688578733	60013883.971322946
2137	2137	0.0	8.078855173422568	10382.901684906961	0.4383115546257196	0.9999831700669138	30208920254.024982	0.9999801180201326	158.14770784232994	4.252271039993502	1663.989158492928	305.8867999953787	8.856622321623636	-4.344400167229089	3653.798804426015	12498.115221765585	31857.04083571815	154.48386287339508	411.47608227874525	1006.0947432007126	1039925103.8682278	3695939557.507398	11226211853.675741
2138	2138	0.0	10.36835926518287	994.3531461637776	0.6871910204862209	0.0030002009593582475	99359619.71444207	0.8640776927221759	126.69617955971901	4.181750111980364	685.3164123981624	214.5332451965328	9.258664107547329	12.44205406723558	188.44239030337377	605.1941047862506	1873.5397029090934	112.03347113715438	296.3873722873144	703.0139743268535	8810103.23398656	30615893.307259303	117040734.36481582
2139	2139	0.0	17.9555857325138	15.408906767547252	0.5200611160696444	0.2739859978341239	32869.09613766561	0.34007636501056276	17.365048069364995	4.057357816025615	297.9643450233808	62.1999424385624	8.80378194909887	80.84172832761114	3.888670891838573	14.465471934964926	46.69318323642081	30.568236476494974	81.70598435337678	204.114056862285	15342.64296015432	60632.1157946094	249351.19850629283
2140	2140	0.0	13.74683422029547	2.12692090754191	0.4040898800020362	0.08111738712972702	34779.138442263975	0.5321227504774276	0.6240330263290682	4.547668183979113	405.9934650693008	95.29146920320069	14.70036367998513	31.06051916248317	0.9075576969592347	2.869028181696042	10.56077221453135	47.15094074981329	125.86003589690353	313.53494128099015	8290.041466674136	31081.156140760806	151129.66655167376
2141	2141	0.0	8.050421836736913	955.1161682503214	0.10245545747944687	0.9999999999999929	204121850052.15356	1.0000036598183832	80.888278634052	2.584941031993367	2223.149585658702	490.7207894654176	8.675947653219225	-3.996074257846452	2334.020133880588	8721.272610115491	29783.57424550918	245.78615922314975	655.698271676187	1615.0223937137923	1463851299.638291	6072637406.38226	22709071698.151665
2142	2142	0.0	9.720087072230271	2262.7356674890793	0.9819924900549658	0.3130819626705364	230907210.79751328	0.9572076174925064	120.50177697704456	4.060597746982239	856.8471971516444	266.6731301942222	7.54882040691967	7.905375527097245	36.33757717645085	167.1073468553442	985.496555611135	135.0847618543346	359.7882557335571	879.7525983820865	3049900.571384878	16035958.49721132	129715781.00881037
2143	2143	0.0	9.440942975572217	162.14104108422427	0.38582145332590395	0.10222068117695345	7692072.944362767	0.2523815633414069	158.0573582795631	4.135396555007901	911.0436282584863	265.9921242281948	9.018045414849482	9.253556770530686	56.76779666552151	253.50228468058873	1036.4057474881934	134.85967237844136	359.09526400600953	875.8801268555574	5231899.573398618	27213280.455184717	151689758.92099681
2144	2144	0.0	8.312566720248661	37.073173984560526	0.27974709564408506	0.5772719605935116	4255814.921772744	0.24670818156588054	2.8451880712102433	4.523123373044655	1106.946699397629	312.796603684116	9.274554482737118	0.1094942736584827	23.87917045093722	112.84756075272466	4203.74647136073	160.081716063175	425.6168721964799	1029.7324074155188	3072696.092385376	20014626.48809928	1044420024.2376146
2145	2145	0.0	8.211529209532745	36.45681771386019	0.04394560719448475	0.47038085697915605	678221.5803006064	0.00942138796845354	12.791375995445774	2.66278776503168	888.3832358043392	307.0995078681574	3.970364337876476	6.707098862472461	197.8063852747027	847.4674149710687	4180.573322136057	160.6187522712181	425.04274762158457	1008.7501000416989	19374728.48484946	89977442.12460873	545252256.6059785
2146	2146	0.0	10.40717661709881	12.635303549388984	0.33614420972843023	0.44251341263076316	160818.65415894456	0.20047344222776997	2.3746664077605706	4.625848239986226	593.8336907108371	151.7660494877708	14.41984981582987	11.9104941268519	6.764667420469457	23.040305695762736	184.83834935504066	74.7478914596337	199.5279381914291	495.3809445658863	160322.92169081143	712719.813056402	8838112.207854016
2147	2147	0.0	9.929569233316139	45.85952933286349	0.19810637056939706	0.8905382317139423	27193483.339433078	0.5177333775332866	11.966278349163497	4.663459180970676	963.2758096240613	289.5869907394376	11.21049576155783	8.70106667710534	46.49087914026834	197.9425288058173	865.2202848002607	147.37434474785334	392.2231597077505	953.5481322999648	5280421.370853973	25283360.970221363	149080339.14773315
2148	2148	0.0	8.12605981707299	30.503078418142206	0.30074811164169846	0.078947433865525	2351305.9287643065	0.2753989888732281	3.744646905513426	4.691852157004178	923.9823360064958	313.7031703885576	8.969212380143935	0.6182506720488328	17.034650934035763	86.35203523451709	3166.155387218787	160.52367576329584	427.34713746931345	1032.9663113346223	1393283.5777269471	9622212.938313697	627632306.9698155
2149	2149	0.0	8.141832501767425	3765.9105860619575	0.8063545677510436	0.5402262642233444	487170352.8422667	0.7439594199633855	44.726602287012135	3.493263430020306	979.0215371490262	356.4966703590386	4.589498957293054	-0.3037086955537895	142.3058570004432	971.0144775994663	7177.581664449257	183.4171928631406	487.39226247945123	1171.862693678253	15613457.687912764	126664156.40759987	1713082195.5447934
2150	2150	0.0	11.70058502099164	59.393139361890874	0.3868882702060606	0.6053735379555795	1927146.8769142572	0.31325784976450227	3.5920191009152043	4.178967060986906	687.1546168294619	178.1520204914654	10.99811993598423	24.73800094880886	20.857465695064302	94.716911540442	480.89394945666976	89.97058966418308	239.71244454180794	586.8737375119426	903395.5007524273	4814489.438940434	31201324.09154316
2151	2151	0.0	8.883784126752422	12.904139795120644	0.4853734984444711	0.29893090689314084	351054.95510344155	0.3463425542615448	2.902683499975171	4.415613855002448	705.2623634857317	230.6925673613546	11.35725999109026	2.619503795455051	3.6579363575689414	13.669209982289816	144.63158567789787	110.26142877740153	294.9786823687874	746.3391987370737	150798.2634637576	753807.2939714256	13553452.943229582
2152	2152	0.0	12.53592224636771	16.444909860856477	0.049533854287109026	0.6455507156082534	419813.79711377283	0.04589125803706759	7.016898815770678	4.275748642976396	570.4392767741941	162.5843844908266	10.17933732190354	30.84220355206866	80.21527241742182	305.4387300186412	1111.1449384715463	83.28933707521753	221.42705413940445	535.432081449397	2507577.967141118	9963893.749620337	39886857.03250705
2153	2153	0.0	9.59540051236787	1.890869569826368	0.1460906297383185	0.01071526003994899	109915.6796325755	0.21684876946018586	0.9670270446286724	4.365083345968742	633.3172070365938	228.0622788265424	10.86495366256787	2.058506206309276	2.8907243849098063	14.342461657216596	211.02802539759807	106.67517816562474	285.68410543622514	732.7556904511059	96289.36859199953	639673.5380126891	14950053.50571357
2154	2154	0.0	8.55312537535617	11934.755634901658	0.845077238332523	1.0000000000000069	209490103652.6556	1.000004152410103	69.32118813137954	3.503670342033729	1928.458770051747	524.7647259598606	8.2061650124739	-1.730347237589764	645.2457807498635	3142.543937064672	15959.747901995308	268.5600502099687	714.1499834793983	1728.8484530570292	351031270.92662114	1913455289.21687	12591578642.029497
2155	2155	0.0	10.39459940192341	1.6990778579323902	0.28717137335991005	0.04030924864755532	129907.70071054564	0.43110523166219983	0.5183831630669001	4.51052890002029	689.018356194249	178.7210614028147	13.08291470012054	7.1946766796424	1.1076845552697834	3.602804151509221	14.299028011693276	89.3522608103508	238.07297037053524	584.1211269705448	42998.24821714289	168609.50253764857	954079.7676734583
2156	2156	0.0	8.599923831163894	1603.8901559983465	0.8950611002209625	0.1166766432823468	206784242.70132738	0.8142895756012256	27.305396647002432	4.650294284976553	1048.243924260503	290.3778477537891	11.02603280038419	3.804353208372714	106.94950725978589	407.2744889071554	1643.8024024066895	148.08792630411438	393.9719217721124	956.3638132539802	13986599.661968006	61232320.92978483	321675795.8761
2157	2157	0.0	8.816361365098016	4.15712633643663	0.08901473634477816	0.9446425490305402	7283385.365524283	0.7215630889181139	1.5664707338311556	4.602722867042758	842.4229477409377	246.7231377517396	11.54492930787372	3.46530520361886	10.257527347983682	34.80982011653561	171.09170104498668	123.1885955715668	328.3154901809721	807.1255174031371	701509.4461892579	2929974.6108729886	21970360.330480363
2158	2158	0.0	9.10316548306108	243.34270125837912	0.6591201634911917	0.050923353607735616	12887417.272696363	0.6378330199126482	5.365032398271039	3.941519603016786	684.2880283013604	217.1501115476205	9.649102464448035	8.317660102460852	45.33145137843186	146.8605914980783	656.311398160186	107.85623190036006	287.708086722449	710.6313429277382	1840357.3489348264	7456050.015662061	47753210.25134312
2159	2159	0.0	10.42012430271605	3252.262875192893	0.9672489045857452	0.5469074889244798	505059987.6116059	0.9467717256589269	144.73255362817943	4.649380464979913	985.084454069704	294.7755723283594	9.587448816200567	7.381696380282754	68.38339492827501	378.63779567293926	1887.7918999277965	149.2600100727359	397.66506556321826	974.033839616438	8405111.492295628	54039045.196446024	336524654.56982607
2160	2160	0.0	8.38831641721838	107.6918658511557	0.2655829256165818	0.4954135480313944	9719673.802714271	0.2532172708856632	5.971046745451331	4.498257433006074	971.4260443301313	340.4247795900881	7.772108170337366	-1.383429654109967	70.19768968877952	307.2494055466528	6953.227852533262	176.23284318098763	468.27084863395044	1119.4043750487922	6630664.127047098	37821395.61065312	1673760218.6507692
2161	2161	0.0	12.89289456327083	9.291242931751375	0.5439121782402702	0.34149850470255705	69385.47937424554	0.3129577250457508	1.9850319912485037	4.826338384009432	497.3272627315159	109.915108934005	15.74778288018046	29.89730475924927	2.5085606312643045	8.143470519069593	29.855852658652587	55.45044463382288	147.68086841968432	361.0639488556976	37872.15315727641	146441.05981469483	738526.7582290529
2162	2162	0.0	8.714748707524192	136.07048222984932	0.43733235380010227	0.22749034672949944	2789915.3396597686	0.3183199447752296	12.813852134617434	3.116601634013932	601.8763302817048	233.6131305789994	2.870765582202957	5.621272929272657	45.67540172616331	167.8308782725201	897.9991418844312	123.8871356181462	326.5393205845587	763.906298799727	1372177.8135499686	6135328.276512425	52421000.96528658
2163	2163	0.0	17.15659239620605	257.08613469870807	0.7065192993157705	0.046387320141804814	259510.96192915345	0.15205884770231345	54.542635000324054	2.605875400011428	376.3368472633326	99.30271326785507	8.951147668145815	79.44797690855522	41.00882352659271	131.20260861896531	561.9519075764133	50.634937120650136	134.7103591865989	327.0546763971031	356217.67069442774	1252637.7684885522	6117606.617092399
2164	2164	0.0	10.11713013526732	184.64460194643206	0.656078714057647	0.05775900273826452	7653754.160568555	0.557021698390856	11.148937319962362	4.150968415953685	701.361806625895	202.6747623213148	6.917095062195205	11.77754717270669	34.05938715470816	114.79934627798254	458.12990955008786	102.97225466640771	274.07475493052095	667.18698907882	1538985.3740053135	6184802.506291112	35271804.53045736
2165	2165	0.0	8.004364312624954	283.7861637870004	0.3429489594221175	0.02537032671016504	30885212.45362842	0.2775668474445878	93.74054974723408	4.569064437993802	1147.704446935321	302.9087076742633	7.739791061954517	-1.28814823670132	96.88436123732338	782.5863361984611	14264.385527371029	154.3898205296548	410.80928677946156	997.9504894954018	15892622.323781291	149175235.87029707	3234970413.849744
2166	2166	0.0	10.98907378336598	0.2852286997397315	0.02039459865867055	0.2840007953339764	946.4356158756115	0.00478296166893275	0.5143183867169259	4.272503615007736	526.4819836574709	119.7688151008812	8.754082699403014	16.59667649644667	3.7464578925109038	19.020462831620662	127.67076830854168	60.36194796210924	160.78879704539446	393.5561842817366	72778.37658314599	446216.4310378738	3800609.1864638296
2167	2167	0.0	22.08106972089906	13.454926249790756	0.8547766227486381	0.7841245527919619	23059.287990176355	0.807290507849724	1.7558467746306787	4.007970092003234	223.2756112296398	41.38880634625549	15.84035395799378	137.282965680391	1.3883515509584021	4.555347669913269	16.338356868833877	20.427335532273133	54.5448759980566	135.61439682612288	2017.723400648483	7686.658607631401	36510.669514645924
2168	2168	0.0	9.270542594693211	6754.635256658679	0.9423288595683907	0.3375023389975539	325227285.0003545	0.8820990418044958	136.29094336066458	4.130117426044308	666.5831826614323	220.3903830487343	4.15649236582078	7.215172157419145	161.6257602872599	892.0973862298505	5090.749467846736	111.76559816596261	297.7884837844432	731.2324252669882	7456734.834720221	47792124.38745188	366694244.95238185
2169	2169	0.0	13.82841364242505	19.395551582299966	0.7659625822381506	0.4773201043751184	186457.949356534	0.570469240346666	3.168729443775425	4.763633971975651	483.4984365429715	101.2537050320279	20.69653846645917	39.01838537638243	2.643739217885288	9.328854360251086	30.44347160221849	51.23178927162337	136.41193770848014	333.0270385618496	36866.03953520224	146743.49232479453	659371.1343987095
2170	2170	0.0	10.3134808148874	99.35138525186817	0.4711424752646545	0.032472862088846303	1789488.1906719713	0.23382328874785532	34.64689404909501	4.636389476014301	809.1440012601716	250.7385145625126	11.31953027487535	9.834602979719016	19.018146180487555	115.2225072901678	741.0362626204796	126.38128692286364	337.22069569328437	829.4817122463884	1368022.379251309	9328351.848756427	81133108.5063937
2171	2171	0.0	8.602702530869234	3246.387819676455	0.9392979717463656	0.9740383278173298	1398836090.9224012	0.9752834846330136	25.27793185201563	4.591596790996846	1144.554756017226	324.8190194053668	10.55820537950063	3.060234951129387	61.31707313631253	297.92290358391205	2269.174254225621	165.45840633688317	440.28282259611103	1070.0892609050038	10371337.506883353	58661831.60722795	572153706.0845177
2172	2172	0.0	18.82956121201605	1.1228830995501164	0.17958878645968024	0.3055481708694392	738.0794924016903	0.09307664189621236	1.6437120792686044	4.081634027999826	226.7437119244036	41.03094159974983	16.89768671013431	92.98030194441249	1.2671525851007168	4.014569107342221	14.334374259915315	20.62287909996212	54.95445047103891	134.74691530602726	1831.5268555024384	6900.138810571106	33720.29450867007
2173	2173	0.0	11.815165336859	46.58079730921508	0.7200306984510579	0.11065445017175873	427851.4177927024	0.6789649773892071	9.565391677827623	3.973057609982789	386.3701473826921	94.07222827395123	9.286323680188367	22.5162362240297	6.314120804268654	21.938579552971753	84.67489478613676	46.53089916010066	124.22484719889593	308.2226177079474	47362.25383648422	206049.79104656013	1140359.0074403326
2174	2174	0.0	11.27024131192811	0.1450732179710713	0.051180519378841965	0.5655248997128066	1448.9067267550354	0.058772783195305996	0.2707631305867055	4.135830826999154	413.2593663513334	99.43459870444929	9.889598372223453	16.57785569739005	0.6362882206871868	2.1630609190488332	12.030102590072856	50.103295012665	133.47229893825886	326.7169381200698	6221.890613413686	25697.768833947546	198579.57637589338
2175	2175	0.0	8.873985583352848	211.2921751818878	0.54797581594399	0.2856913195257535	14933416.290194655	0.43560276543597565	15.691735601131006	4.589289458002895	901.3224842126506	293.3694687615154	8.3095400052143	4.327577499910939	48.50554623245253	180.46521196900102	732.7746274604389	149.44647068267102	397.73671497571877	967.7922331901707	4443160.266566257	19341881.08446034	115222442.39341569
2176	2176	0.0	13.01608479414883	41.99091018696775	0.6066238929452252	0.41135990658652	356623.9567508855	0.4242092352875665	13.36805960280184	4.380443028989248	448.3788808227081	112.8972979151215	7.034314470934248	30.05332301876854	9.259750540791021	30.69604092629618	109.30891617970121	57.09012854618038	152.00123672027615	371.2822216507893	123706.43642246824	468532.1954894852	2164214.35239482
2177	2177	0.0	9.76350492810298	20.890543387832405	0.7088865283770455	0.8880658501466189	2224372.571708471	0.7581733779150008	153.0468430733428	3.777336774975993	823.0098452669638	219.5829922926278	10.92208322104307	9.680228856424463	3.1748162778036266	10.896234118957674	46.02591326377943	109.20098665648777	291.47540149932513	720.3932728337634	181786.7778564466	801272.3888608433	4966807.434879392
2178	2178	0.0	13.83197276085007	17.40222917492559	0.09990510206650895	0.8774518650708168	2541420.434875315	0.4078772494991537	5.861103554351091	4.315121010004077	532.4234876899774	132.7141705006346	13.12163055805312	43.59775550403244	40.313196606282126	140.49382297939502	548.1618605764785	67.52921788469337	179.6890170351898	436.87541589595253	918016.3099904568	3591353.959542752	16539147.0836242
2179	2179	0.0	12.03704325177282	129.3561330681626	0.4380437636309334	0.71244752402796	1530422.6407404647	0.3986863949477592	18.332745753887114	3.699621771986131	432.1290111142466	114.1369652759487	2.923117203257995	28.06124660653133	30.19344373128428	174.69017768093266	1379.3692882968155	57.40922247584962	152.98027055378265	375.9202140531966	379152.35427910206	2667686.8362318515	25692741.26805953
2180	2180	0.0	8.29142985122639	32.64065442078981	0.1812406511053277	0.06912577902406768	1166336.4823512405	0.12514920716789682	8.681960419635738	3.937671335006598	825.0420469095964	266.8534059505026	6.162990875815211	2.701643683171021	38.648322269494244	249.56366802390622	2079.010076676249	132.90687546013567	354.5428463871125	875.3203152488776	2733790.7729162932	21495268.582935095	302314298.3455438
2181	2181	0.0	8.43263253732612	141.15869995394894	0.3119190446986262	0.3567617210792458	7146241.72913909	0.18895647179614927	8.285092628422017	3.964145141013432	939.504465022347	293.5006047177324	8.723613793007218	4.452847342184626	81.27460847649222	261.51546603130316	1132.5230558258593	148.3660855742546	395.1834262820362	964.8546296678633	7666375.332545854	27357708.442905985	199100939.00268936
2182	2182	0.0	10.59410080781368	1151.9305280522526	0.7365581172927194	0.2939593438316251	22122547.920640744	0.6592673201285183	46.22885100084186	4.450213748961687	547.1646585963415	164.799369558791	3.718102729587592	14.43959677374057	38.1244978295878	202.39944698396238	3463.762335697495	81.50129807411929	217.9853371579489	544.5100479805544	997113.5110506135	6901185.637439698	121006159.1543797
2183	2183	0.0	8.688956481310674	6.871716720166388	0.05567429246431635	0.40953712112410523	901123.2233572763	0.10651931262227667	4.094153977656446	4.628025801037438	960.223581474892	317.7435082808945	10.63712765551162	3.014934413659286	34.614314970020466	308.137701961845	2097.6682606186164	166.99868412534875	441.4812257746696	1042.8519705784684	2428489.137950716	39550322.64731768	413716802.1594402
2184	2184	0.0	8.857347360946727	106.69520464747167	0.20597702301545287	0.5208208411828613	9712981.01461049	0.18439887085133824	30.688826748112014	3.874455886951182	957.020080245366	318.0831404441874	4.993058689116215	2.015397019359328	102.33446191980632	509.9689141573723	6713.687340288581	161.2709787949169	429.57469821432596	1052.2274134736604	10990608.980837146	68670631.58309874	1290685332.794257
2185	2185	0.0	8.74559520120073	257.08613469871756	0.5180534288773779	0.8606921769393652	77658948.34435375	0.6241464190935299	5.8406118475201865	4.491396969999187	1158.534496175697	332.301311672866	10.68467949524445	3.113161423447656	71.40258228487092	242.51705766176272	1269.8735800807701	169.65814386420834	451.31496650867837	1095.3657743806436	11538714.095891852	47167254.61476765	344665774.3046804
2186	2186	0.0	9.728445175709716	4809.152587059293	0.5952015296050078	0.05311440963174345	166700959.53892934	0.6393260678995154	32.453595313354164	3.974022128037177	536.1223356019469	172.2386017402416	1.816099075419141	12.34130073413427	1028.8464779877072	3589.9048126192097	11955.131579811996	89.33096539512235	236.93079570103276	566.14210868027	28529325.932442423	107670809.76585016	399834272.478047
2187	2187	0.0	9.367605321703373	111.04904043199043	0.5060622563283294	0.5486403021285386	2288993.590450904	0.4224376680309417	9.59689774242709	4.286723258031998	575.3138716150186	184.2427637276401	7.969241314542975	8.273922592606732	26.102356724487905	108.4172478663582	1091.9501959237673	86.22891581330782	231.54999886301937	597.6680986724127	615628.7794891573	3363885.5960616576	56920113.58818546
2188	2188	0.0	8.890551015040113	232.06469290086608	0.2393264425324003	0.04850075021153672	8429286.32956029	0.19165163646977146	4.746074999469272	4.359894044988323	711.7113774245605	236.6982490407697	4.658369668628199	5.575486528316803	184.21114262478304	777.7813460094569	6599.368714630578	118.70537120311383	316.5582182960387	781.2861760773192	8961509.39189914	50527757.894407354	574820512.1915375
2189	2189	0.0	8.178240171078151	232.9564423989034	0.48301260737248086	0.6603911359719657	28044146.666622642	0.42978049636202587	153.87576122643594	4.100192075013183	1047.254126160114	289.8247096337445	6.814689164760896	2.559193144221617	67.60645970003965	246.64793184009727	1044.3335353782184	147.65347876846045	392.8605537155961	954.6364905820449	8734539.343094176	36987723.64156885	210163572.64771983
2190	2190	0.0	12.34806094879618	13.127077169630654	0.2556416201357502	0.46745078604119417	232239.3426855792	0.1833220664009053	2.192283784389829	4.155658462957945	581.0019650930146	150.4842289350487	10.9072534684037	28.26727213566308	8.87218634672879	53.104927623794126	288.94260985686856	75.887996046946	202.23723332380058	495.81938653285323	268382.0515958568	1739130.9055557037	11753920.46569388
2191	2191	0.0	11.91380504597599	10.34691696986824	0.8011862113865752	0.446349583329518	152625.31401807832	0.6661769654484241	2.0264841409803562	4.52356930100359	514.5168022642285	118.3841223650691	18.70325448378454	23.35105495639874	1.225018580610658	4.032281951787558	15.683939323082791	60.07597868873597	159.9143077623266	389.50143740624634	21188.852887646754	83370.10208968105	442853.88952085946
2192	2192	0.0	12.36863744433358	10.019067889707783	0.2057342091894074	0.40644595747534396	67032.04021483513	0.11154377784828849	1.6863146210163302	4.229203633032739	469.8764421739967	115.1059883821752	12.96479325448708	26.79469601497839	9.66977204845016	39.83297910250691	214.82114858686356	57.963708573501606	154.42965047898508	378.32187200158756	145618.03940908873	688360.2348208316	5097961.047976935
2193	2193	0.0	16.88430271722646	1.4802385969251952	0.3524677823625233	0.06216834368993058	1686.8108897144232	0.5052663798177119	0.68871882595345	4.171346349001396	161.0549083630133	31.87653392094357	14.86456955319152	67.49477217999424	0.7510445497514051	2.3968747338443004	8.97391507797159	15.773688400831503	42.071986062597915	103.82468890026684	436.00505596987875	1655.42218243803	8275.074858080241
2194	2194	0.0	8.325969533473417	1215.7168450881745	0.7183078712069066	0.6666706259003711	240626279.35252362	0.6897657801502369	44.28035736696453	4.569199839024805	1152.037964888067	368.6130043471089	8.632551673263041	-0.5299376214582772	102.1946687228633	407.4381550270635	3880.4717601182924	190.7150203550009	506.3624620936241	1213.8105487415373	15407300.204857524	81953919.24010834	1166583159.8258643
2195	2195	0.0	8.243921668737764	104.33469127031516	0.11715299509546659	0.3302455870156486	5754254.481894494	0.08583644018660079	11.610348669558162	4.439088370010722	990.2388897332951	341.0821433628988	7.320365436415907	-1.054458956361403	231.66481000667318	1242.8887248596357	8746.384504785456	177.8552763825927	471.3578804992352	1121.1435679579547	24438858.941645842	169817909.61205086	2009619059.2239206
2196	2196	0.0	8.826789557121968	11.720604615741046	0.36638524529574534	0.09080983871424818	118611.7594780107	0.18245398148246328	3.633358112897734	4.493405197979882	628.4746791522714	250.0822823237845	8.956583199221718	1.293799123923068	5.3730385798032225	19.073795848455124	251.77837533620348	102.09716124708928	277.21457622309646	810.9345278363005	134358.21285122394	628412.7175051753	22201097.875340752
2197	2197	0.0	8.063891338963122	1289.9943326895866	0.1938227136497308	0.1969027725529381	141144970.49695262	0.14010868913322264	97.86453769894375	4.477337958989665	1302.114329644625	305.3917068809865	6.720010281579466	-2.830388256163971	1367.5782489234348	8129.172442698787	29809.012096863047	152.69382444640405	407.473186614254	1005.6092015539219	280216406.2522799	1740971064.477511	7264824218.932327
2198	2198	0.0	9.560154445303132	493.085016561499	0.5702611424437056	0.6456014978946933	26724789.312873792	0.5052438673089518	67.96650868078257	4.238102720002644	728.3943160623988	250.8546259735577	7.663917872117627	7.679629371840297	95.21038017850006	387.62208230350797	1713.9681883475662	130.53537917693086	345.21115956828146	823.2624989549115	4634950.361569634	26138419.768887833	150666161.59817567
2199	2199	0.0	14.00592115667628	2.7793405770614648	0.25287971868319803	0.320580903893487	3559.536559220638	0.15756669081088984	1.4526394572645511	4.445142515993211	302.8949487955975	94.49612892499893	8.49061767731554	39.9543959365973	2.052392316544586	9.475458671104601	110.37880911893781	43.639536842068026	125.10282870445263	308.06555452797056	4949.911261673484	31141.823675793716	988750.5920221503
2200	2200	0.0	8.655731241626686	21.19216454158239	0.11838723025773554	0.26375827427025084	678481.3545285742	0.05596997749006769	1.982742553120848	4.57480536197545	971.1301216040247	298.1562572455839	9.649155008743351	0.5467944199016029	40.760965797133	212.74923246374763	1900.6795910004082	151.34971928187906	403.0768029240252	981.3708420500748	3720585.466917983	26196734.110702727	420146917.8717231
2201	2201	0.0	12.92483531133273	16.98913933392146	0.4019961470308026	0.5080895194092082	345963.282593873	0.3306121034978947	8.512756522427006	4.757841062033549	578.4083372959971	139.9521629113462	14.44695537324135	28.87803348472971	6.378030007855474	23.721840769617792	120.44664586177254	70.56014330675987	188.00047499729453	460.56661913800235	166410.43533529053	695902.7074076039	4754525.117217618
2202	2202	0.0	12.67486211836461	87.28653910195682	0.3252320593588652	0.5495429584139745	340584.61334558885	0.2266078058071999	4.9812650330650525	3.391158376995008	340.6041672147729	86.82151749272928	6.143400925000986	31.89479000726306	48.394194674018294	159.51164834156324	560.3477324614537	43.230968080846026	115.48845867424495	286.5244295432967	289174.4397121023	1140100.9286427335	4986391.668197411
2203	2203	0.0	14.55833309530851	45.452996473462804	0.5779214447117857	0.7974778557678289	312127.3966070739	0.5831245982245868	7.982476623409553	3.701006613962818	338.1505096473342	79.8187770512944	3.628617360799716	48.83268354053281	10.002541381003223	34.6315206430602	206.2021647591751	38.24792295739712	102.42156883575575	261.55310634197883	50821.250546170464	218000.91640611735	1821413.773480033
2204	2204	0.0	8.09119555290895	30993.435730356905	0.881029001923867	0.9999205469350595	25167745703.417973	0.9999893537959552	80.26140983544931	4.380941900948528	1438.611148935066	309.5935847844596	7.37405959502026	-3.442068530055966	1686.2011962089427	10167.00927299911	32407.86653142614	153.54865275516386	410.0290228521176	1017.8252611318849	421499995.15665203	2558217786.2963643	8791452758.075932
2205	2205	0.0	9.4874694104319	3522.5154289507827	0.5295307541642443	0.2734024264420588	15597880.304740675	0.19155057322145397	65.18593379563004	3.621353598020505	511.2548717497194	167.0403031005041	2.106613604365144	12.93780248690317	706.7133640870367	3176.9441794521385	11699.53310851957	85.93975758038994	228.10853026774203	548.1964029382607	16610008.716926405	76785272.95611654	352053596.4845538
2206	2206	0.0	10.94118803950801	6.871716720166396	0.09027727069673032	0.5570578199414437	310524.29600532836	0.0741066709174743	9.117534554614187	4.749735938967206	773.8974743009803	214.6234030083561	12.59053727737789	14.51248280397511	18.549097897024264	71.81682279608609	342.5577563171335	109.13939645469429	290.49118465374113	706.8750214266169	1159308.0140808453	5161586.494745359	31840014.867067993
2207	2207	0.0	8.070998463015092	112.25552504699431	0.2649906811310884	0.09837341491776667	9100978.098545764	0.16199297295457346	11.819072823522458	4.626709733973257	1129.713071651611	313.3851112247604	9.884575649384399	1.496313928110321	80.18083330400374	287.937816508482	1867.9492622002028	160.05514855460865	425.7151246677971	1032.0217262841823	11937939.51404121	53835274.402593255	450813455.5308893
2208	2208	0.0	10.78454012933017	6.747134069705387	0.634436661301959	0.84754675556987	187111.99754095264	0.7125341903244087	1.3332133543020566	4.538304827990942	493.7402166641235	122.1141393051685	14.03420254641549	13.77048783015876	1.4469239113662602	4.639745630652845	17.236339983885763	61.68319451080521	164.23207808223384	400.86341004695873	23346.79107512944	87663.96320743133	473641.93160693796
2209	2209	0.0	8.6708274322437	75.22169295204152	0.5486492028404777	0.131019453182965	4768962.297808543	0.4025500903386708	13.737482417520354	4.501573072047904	970.2767252902404	310.2446929247822	9.345323160080895	0.6562079978164812	14.571426783838616	61.13288139062981	2180.741975795794	158.66827029592537	422.04206893708965	1021.1578569669949	1482102.5521196353	7853195.785163286	444148611.589188
2210	2210	0.0	22.8463145215591	5.212800374553836	0.11607798297844218	0.13543050351060462	7257.002578038897	0.11542158413681068	4.365174738214098	3.624325836950447	199.2023827289959	47.59957279608108	9.21290588601319	153.2641972119274	9.88480111268337	37.287115117276734	191.21277724818077	23.88533454689494	63.73987709002441	157.78983430177527	14752.36371141986	63843.50151381282	343963.8227606797
2211	2211	0.0	9.972977382635138	110.1048350811302	0.5873662098829253	0.7065155656787352	5371333.967999659	0.5633128842928997	10.100557663144789	4.301847540948074	681.9541180880682	191.318266233697	6.164468445285184	9.611081774473117	17.153754619923443	76.56991459651927	844.7839160241547	96.62313331330097	257.2161484095976	629.7173201084381	785954.4150735603	4013231.502036174	55164917.39658985
2212	2212	0.0	21.08666262918026	37.86001177694433	0.6395892539547138	0.673889666664873	175018.92265133536	0.6038593476928477	17.67747754511423	4.450574604037683	305.1463524879809	66.96125406123348	15.29800816490086	126.2300442108628	6.783481636989064	23.603559429585022	96.60939604794955	33.652644514460064	89.70149344747023	220.27812030869703	28938.522258511155	119851.30483709069	563866.4008473072
2213	2213	0.0	9.044783674264727	306.3946363548712	0.5446103823999523	0.40983083829604117	24285396.848454893	0.4874079629506531	153.55740023030774	4.044988680980168	903.2577040348995	273.5958688690047	7.863574188048242	6.256957245292201	43.05425914217014	238.71027805947585	1610.5486018454214	139.1638573012076	370.3824297878548	900.628958809149	3447905.846946298	26290046.35454031	238251273.06044632
2214	2214	0.0	8.281107319775275	14.92696861971151	0.19664089350018837	0.0250520373160779	700268.2664158299	0.13142107419343352	3.7977031800045524	4.633417283010203	969.1420257980196	309.4673799803432	8.189343656451749	-0.5044937521372552	15.250083053403594	69.52273847167005	7118.558554077432	158.43822744178192	421.6643302445591	1018.9113459237353	1263625.948268932	8634148.8026841	1522967554.857779
2215	2215	0.0	13.19756844835142	42.29253134071645	0.2766762098614316	0.6165223567652877	1137588.261504681	0.29073376866743045	18.839761304121286	4.177783200982958	530.6686238904466	159.2162255893678	9.259282326110771	34.46199533672402	26.221764620888788	112.76261017946842	554.3708222049295	82.3881618387818	220.47372123255923	524.2695475736941	641105.7552209327	3013352.287617474	17352490.534276314
2216	2216	0.0	14.18844623915105	5.963574768121513	0.8638450856860206	0.018239344806307033	18584.018481541792	0.8263686354301814	1.6035388886047837	6.32045645697508	252.6418953407493	57.06607861319318	14.60622680601369	39.75787357310782	0.6326191306330408	1.9842346074170696	6.995656427300508	28.85353705766937	76.84806079562162	187.80662481860796	1522.5442234499674	5664.341831801308	27446.868364716334
2217	2217	0.0	8.889529317412078	17.04815216835175	0.04526901351200393	0.7008070388144654	3742790.560521476	0.08906924112169491	3.847809253236308	4.249025393975899	911.9710309050706	282.390363945873	8.765819232933357	6.360748382149157	112.1014058118979	447.9951427666659	1801.1992596741502	144.9840301263033	385.3597005445581	929.7214023882716	11886568.139202716	52208322.62029719	255927158.85519832
2218	2218	0.0	10.70916930576225	13.081178298407337	0.42674287507323083	0.4023888045062494	16207.548515793398	0.3229674023461521	5.6101737710872674	3.23942147300113	229.3047838868877	70.59338003909909	3.364837993827372	14.17253526297168	5.037982657387322	16.575367767894765	69.28817053865704	29.518825937592027	79.23442599630945	206.80071917313356	8260.479419287296	34189.15360319484	232892.56163931353
2219	2219	0.0	8.662675086476964	14.979424472537064	0.29942602496083787	0.05205447064597002	520279.35367791593	0.2525112024146879	1.4556989418763253	4.270180690044072	734.091488417545	272.3583252372479	9.261193693244737	0.2327294041880474	8.994715656645274	32.86132350020358	347.76888187011474	122.76659949185353	331.7493937993628	904.6973278498924	372185.1199398693	1784308.72756812	48552737.47751486
2220	2220	0.0	9.142373466639812	290.29068953738056	0.4143861245761406	0.21474975470272753	8211128.648803493	0.2901655942730553	39.77749412525702	4.089110254019033	699.4231261451412	224.5128076595312	4.238017016286847	6.518346502630813	92.73541011336546	470.13692941461534	4789.933177410105	112.80937473277606	301.07140986117577	747.2602519322182	4467431.10959018	31362522.235712186	389404752.31256145
2221	2221	0.0	9.42881231433616	18.241522820134694	0.6195739792417273	0.304979144632377	714905.5155958042	0.4741935024287418	3.049126886418104	4.611567492014728	762.9911467688455	223.466967804668	11.19210700424997	5.956005626028578	3.367407403358826	11.782308610987128	97.66202189490154	112.80037308978865	300.3716999596869	733.7413611315947	177219.3513688924	801427.6530018627	10841421.19015571
2222	2222	0.0	11.20903371636346	45.21694513574866	0.3368222974172539	0.06208016741725241	1879896.1198489247	0.4599841068768777	8.747588533131923	4.07591026002774	476.7427972923203	160.6268146624161	3.949658670252912	17.44540671172212	20.84597402713978	95.40490060513	1430.8053809186338	83.44555280318832	222.0176761192734	528.7136870054912	443771.5618283637	2268378.2852890664	39133066.834434524
2223	2223	0.0	8.662450904475334	1047.43846922341	0.43796787644839996	0.8991439444327262	182973142.7167471	0.6651151921081038	17.355193172985857	3.634549651003908	713.0484502091175	249.6215664336974	1.664846811347212	6.876600849188479	287.5278185809578	1432.0650023165729	7512.351784031394	127.00093151269141	337.74229735875804	821.2166107265855	17295168.540794834	88236395.29136994	610367573.4490913
2224	2224	0.0	8.591036779732509	5.947182314113629	0.3405209080246916	0.26898276202649085	140128.8442977733	0.21672418458870163	1.3758151518702197	4.633787204977125	739.763583817848	253.5331489435642	9.697178170174446	1.479623882934548	2.9028639188939374	12.081064590178464	520.198141752011	116.59724175761448	313.8551222097195	827.256885839532	124707.98305217816	718818.5071782683	67035192.25244028
2225	2225	0.0	8.050683257534395	179.60884007517728	0.39604039005907665	0.201428548464135	5486981.4538423885	0.3061182271359605	12.686265021273634	3.214439585979562	685.7255361642284	246.6863459908155	3.942112871083536	4.362045051926705	70.23406808655713	263.6627387066031	1300.9492585946346	122.18572902648907	326.1108537276924	808.4639057705893	2882163.844737224	13357158.30044759	111378683.7340937
2226	2226	0.0	8.177367734444893	4919.10005458188	0.7220991094215132	0.12270862223361971	2671168645.019837	0.909743480188693	127.66408114762906	2.747163722990081	659.9836210970943	355.5125940640813	-1.518773047112897	1.609900849144023	267.38173817115654	1457.0646587722788	13445.517608266106	227.6034357311852	580.0724861163245	inf	3344304.050595864	63699958.5848728	2307594288.580487
2227	2227	0.0	8.076037019853754	128.56929527578313	0.1090122007228708	0.5826806662637217	13338302.735291597	0.08418493435707558	14.966802748317319	4.055006187991239	1065.978077555518	333.2695123682862	4.6727831833292	0.5554798366496083	254.50674601635464	900.5715290580993	5516.651279263458	171.14292285440513	455.1553526033632	1099.9770538740745	37465941.74433686	151118358.14363176	1190269901.855295
2228	2228	0.0	8.10914577214602	1220.1231367255596	0.7912063625290009	0.42719975848903685	192414842.44853646	0.6564598466106905	164.730664653397	4.567329648998566	1264.222038320392	327.1553812113593	10.51707206649945	0.3528933198629968	144.56413158133117	496.2023282712507	1941.6529064856218	166.68692044217732	443.4735602464591	1077.211466433378	28023987.008090433	110640079.99523365	571858332.9595757
2229	2229	0.0	9.67613945958276	950.2902297901999	0.7328905975747738	0.09906166366379716	126264928.38566607	0.6648927309233568	161.0160307402933	4.669923253008164	1027.576242743878	309.1144146832195	8.244825418324723	4.331689297644296	122.50714389086063	469.13457060502583	1710.33886833828	158.10502179663933	420.54798012381514	1019.0921747211916	16156010.289219093	70251401.14125209	339781030.6064116
2230	2230	0.0	8.794069384849019	21210.629001773115	0.819417269163644	0.6816804772254446	3494250664.0809965	0.6912437545248044	135.37206216674423	4.202520367980469	1369.861749750129	324.2950890469369	7.121652163099879	-2.760937040616548	976.9843917850069	5391.942875268228	28104.587492620703	163.6071609555588	435.9861547242251	1067.5490249093511	229703084.30870143	1455603797.1511893	7907616708.430114
2231	2231	0.0	12.03115148469293	6.930729554595313	0.45547487521322433	0.8535633290729422	519019.8113258117	0.5664365990982436	1.4635095158443052	4.133937484002672	662.6420069265814	159.6259819859402	10.84184178102923	25.37154120952844	2.0877610378075007	8.367845586940138	68.51287038021589	79.64364738111055	212.42158198872198	524.3949111460258	73916.8520592301	376068.3321764151	4062873.5985842026
2232	2232	0.0	8.270406362732558	234.47766213084844	0.29281023421343594	0.03851230253497863	39783241.2579548	0.3202832431600945	33.07056867509035	4.347024091985077	1115.918213380372	337.1290363022737	7.930595571590056	-2.88569975066475	117.79237455726033	1344.0498526272136	22940.385160009173	178.96589195100546	473.87515761385407	1108.9615980961112	13017677.384524165	262059025.61907896	4774456539.101271
2233	2233	0.0	21.30217924269446	5.153787540124881	0.5010967003181163	0.8144388100900279	11643.214919901757	0.5405857155676812	1.5285450388456745	4.741759917000309	243.2278230866008	41.51201112643879	23.39510392525445	123.9857707516515	1.6656984278914109	5.137628971669272	17.76240846588455	20.835177727595152	55.53120229667542	136.33224593793904	2750.4329972492974	10132.989294691653	48153.176847180504
2234	2234	0.0	15.21965291912688	1.8425118305026316	0.2505135049519188	0.7904075579544583	15208.25652157624	0.37487733421785263	0.9158824761754746	4.250183862983249	331.6348763159867	65.27335754322127	12.35950157672828	53.04706014144413	1.4263222719487454	4.441266070222983	15.632595006193498	33.00158506709829	87.88545299300472	214.6553796231865	6524.127722619065	24126.865563761316	116203.36168073308
2235	2235	0.0	8.618375151236	3.2522628751932694	0.0061202867924295525	0.629524096196161	26135987.779602293	0.25334490537926635	0.910408722381616	4.388155423977878	1109.712659858315	391.8161967629122	6.597185050435541	-1.454898845581742	149.57329901666262	711.7637177696071	15093.568780381027	210.17662305738577	557.540459890437	1430.6157977452565	17864128.273616605	130408822.44340971	5862978139.084099
2236	2236	0.0	14.09747511754701	7.678225457361444	0.35357734590617695	0.3550676157331532	30821.69375292283	0.19714460170880352	2.08341591488677	4.646469277970027	409.9200899391817	83.73690596702886	18.19822429669066	38.61147556412982	3.6762824552701763	13.298514527218153	70.74649941659581	42.11517267019411	112.21519423436297	274.98999350132647	31425.46135539825	139011.13683535834	975581.7694864369
2237	2237	0.0	9.010383560435207	83.40480599286175	0.225287015965098	0.10528301065620313	5698411.469051519	0.19575119904310168	151.74889942692852	4.195113225025125	863.7174430676547	251.0482211280721	8.507046683875473	8.057688441181476	71.70477017000755	257.9391006281036	961.0047013576842	127.8895988700873	340.30592216559694	826.9276942094158	5869373.608525851	24562054.630521443	121969032.81650274
2238	2238	0.0	8.014961122293792	15359.073707362983	0.5585727422143655	0.9999999999999998	167795999094.25946	1.0000034073156485	117.57455788841233	3.260578158020508	2023.012798116491	384.797909850391	8.714238010232961	-4.023359291166528	3759.6166411228505	13161.443759552283	32739.66769787601	194.60449937600083	518.2484209638087	1266.0822710625005	1696531524.151484	6142887119.38587	17992783618.721912
2239	2239	0.0	13.71398235287721	5.012812435655856	0.11226999004400852	0.28400244307252887	9053.759203009997	0.031083712678034923	2.623797515661588	3.905109669023659	400.0990663492296	82.35226645076327	14.83105468337585	39.34110619386634	9.302424655940506	28.019342760499544	86.06462560823523	41.36523175509598	110.2407383817278	270.53374102931446	71399.75369906511	255022.92275719446	1075910.6824693014
2240	2240	0.0	8.122140995052181	5455.408693871993	0.8159888212315972	0.6540807347201109	1152469401.008916	0.7878971885099747	37.39425818701012	4.383929832023568	1231.914889205531	322.7196397361374	8.670905749628158	-1.10074274835041	202.61850583548232	956.5552882420884	12371.492373353905	164.3379456952698	437.29154121385716	1063.0245053938597	36512477.32322539	210608295.18289125	3362885830.828639
2241	2241	0.0	8.848763259519272	683.3948506131139	0.4480410452637394	0.4784481270631345	45480960.773584574	0.38598620070784506	61.24878346472174	4.329459995962679	825.9485754244467	272.1394977251888	5.145378544668255	4.619861295987672	195.0064039584986	850.12641060645	5164.794678931886	138.52224654367353	368.60282813464266	897.9369317114146	14639673.019423721	79243451.26823066	656145052.9484515
2242	2242	0.0	8.086226888988774	828.1730044120443	0.3752412723396291	0.21545595341531218	60716619.6493201	0.22584445703855058	96.3429932460822	4.539144109003246	1239.436227640084	326.7889729090058	9.30257723637423	-0.5244583557455339	241.0089005369624	1478.1791534192942	10350.24944241824	166.16933171640312	442.26916788350195	1076.4555516890068	47529036.675041996	320625784.3543557	3059503068.7707014
2243	2243	0.0	8.605781620276746	14.45158745348001	0.12237517236074529	0.17922571532869652	474376.9452698519	0.03855309964210071	7.4621208753787265	4.393946811032947	1137.232668208377	344.9414710963794	7.299196620933936	-0.8607519543031987	25.821715895177267	106.74887698434884	8256.476965053665	178.34156861381393	473.4253562699374	1137.5960432689722	3521599.871838235	20791629.17625721	2252850169.065166
2244	2244	0.0	15.00205760558296	96.44008542003317	0.6353633315970759	0.21453491777860614	40397.357472999574	0.1544985274255116	13.14864540054922	4.928862640983425	267.0378264943362	83.4004165439116	9.78093876387278	45.22845615473079	19.057839389489676	65.08347923610236	227.8700870472142	38.55523968681149	103.88820347619858	270.97725523310123	55714.87320043072	222873.388489423	1204453.65577432
2245	2245	0.0	9.104338682683515	7.4716805368604104	0.09973962283214817	0.2589421988819131	314184.9307164379	0.048051137183729165	1.6908605505522238	4.588472139963415	1028.268649888625	282.3838831476298	10.98047094880971	3.890120204377479	20.5424885137624	230.28921148100534	1546.1597450924644	143.31609050264922	381.5394200872531	930.0221319564033	2765326.09375913	33945142.024880156	299785005.5914901
2246	2246	0.0	13.56248981051895	3.8030493298632004	0.33628581546398856	0.8853344206503113	181220.13870747897	0.5769179153913246	1.3548600629411285	4.655663327022921	552.3233571167495	110.7699398100154	17.78792292595411	35.43404526161981	2.0654776140528335	6.451345784456297	22.139467812455756	55.89824055553231	148.88885087095287	364.16192933416556	37802.43711412984	139506.5396899257	650719.6392450543
2247	2247	0.0	13.03573836853001	1.4261434986986523	0.08284841864631884	0.07163877075214803	49677.11378450105	0.19968193378107948	1.0698364505144762	4.802194839983713	470.9306570048582	108.6284571467244	15.32464586102003	30.00139404799032	3.746097241819464	12.504890762694234	68.4386332426002	54.34924773066115	144.8824913575333	356.4197223355832	49779.89440356708	202573.80524090145	1572347.0410586898
2248	2248	0.0	10.83295067638176	444.9305436675391	0.5393506182801908	0.07803611032896642	3926242.5029191906	0.16420954236281765	53.021568433965825	4.398521034047008	648.8718682036761	210.6951233961142	8.592943691552243	16.35831438560852	110.393482806817	391.67424320092374	1480.690517287989	110.54096913959484	292.9575795174301	692.8098158168266	5036813.72148744	18413200.799839087	78519465.1498405
2249	2249	0.0	8.938165245954844	5.983245712931299	0.19631642582805084	0.28468784092503774	155432.8875423411	0.09346024874314059	2.326543931252238	3.889138758007903	895.1486186051256	268.4653777314002	6.950749641513308	4.009800701807162	6.120708717773959	25.070273944836703	357.28367174204436	131.3029071701933	351.818285511431	883.4287704521132	414737.0676522259	2296352.7857263237	60688044.8245296
2250	2250	0.0	8.239906311355142	47.57745851290852	0.08994523781662142	0.09671521770134317	882066.3759524464	0.043210926067631196	4.855851065037824	3.978581793024205	796.4774249620091	286.7566133077389	5.287741059298073	2.673716263205046	135.92632130253094	514.182738813081	4946.715737726419	144.09235479337485	384.2547011771203	941.3884679527775	6946708.010988728	38811058.78015849	720558400.0337896
2251	2251	0.0	8.379407290262467	2300.5038815234957	0.5564546672752859	0.9999997804894563	78488854179.9734	1.000005599262799	161.17040755089653	3.392074592004064	1396.521145556854	486.4738785013336	7.38204995269683	-1.144246221453686	334.7082852731979	1828.372459292296	10655.366176021982	251.89645962736859	668.4626986166472	1599.4792021418652	91064296.10879982	583727860.9450234	5363091324.679978
2252	2252	0.0	8.116093726276981	1224.31960495168	0.24636894192234868	0.14073506006918096	165942235.9852616	0.26950413069247486	42.139917352654834	4.124403588997666	1004.448556644217	339.6557581091956	4.432954960175088	-0.05644035056944174	880.9807711981096	3659.9353061095853	12780.26157106865	175.40775624258117	465.95574368763107	1120.8940573381958	98290752.87008454	518049103.80170983	2727002444.9786334
2253	2253	0.0	9.788012612588622	8058.05828767128	0.9289743874446208	0.12712677716886678	178872325.75430673	0.7690104414142269	142.15124585740594	4.419675140001345	590.3353811065824	202.7493706835183	3.451731604490698	8.883549199860704	304.5011769648273	1383.9407462993204	6950.837785418666	102.74160177366707	273.65118551355766	668.0287253952906	11211574.982060233	57588918.85744545	341228926.661195
2254	2254	0.0	8.074026682378639	16356.15455787356	0.5815214970110966	0.9999339437711854	29701140366.784767	0.9999703180427897	56.139354930718014	3.218116084986832	1629.448679879643	316.7553362963103	7.797962205931501	-3.88963827952135	3718.218976534513	13104.019859090984	33353.804647732635	159.49009448527158	424.99707531574904	1041.7298810560644	1067182311.6985795	3903281877.747489	11355542922.472795
2255	2255	0.0	13.68117495877965	13.251659820090866	0.5358877885283336	0.08471816252885513	30084.422037170327	0.35850076372674283	2.6724112501135275	4.320659356017131	304.7516587422495	87.09329463631846	5.38912371183379	34.265075206555	2.913303881919724	11.415793427475862	121.46340040519124	40.48616524998744	108.35942723408715	276.57749117339523	12131.689785071398	59947.61793471962	944861.2423558088
2256	2256	0.0	8.265509960738237	361.36837011618763	0.38239086047920934	0.37290585372469454	17006684.097131953	0.256619722051886	10.05551526248438	4.148167639039457	867.1591054376896	286.0364132050597	4.727359937783544	3.42226339325459	133.65900045414676	586.1642115478695	4911.172846767145	145.10353212134987	386.35972200905405	944.1388104079363	11398213.488145037	61433450.10284683	739717990.196493
2257	2257	0.0	45.36427551237968	0.010655095105219893	0.019704816643926783	0.91224507722555	226.66223496327575	0.6255881694037416	0.0899982099781575	4.863515769015066	131.3536725383046	26.7683398178542	30.79772559649719	671.4739563984307	0.12028905269659963	0.3786477393289609	1.3213518562377382	13.755775130027814	36.24597847958918	87.65178448933784	41.70842741369436	150.16616068735695	649.2066327606964
2258	2258	0.0	8.71338383761877	8.471620231349979	0.17033366731529276	0.6020888875829046	743919.7507787433	0.2081078365596316	3.0126266054058983	4.627952881040983	853.3018239360531	275.6167388322843	9.358177269462141	1.193417363286807	10.189850647054753	35.405939843642386	372.2072350595384	134.1356963253495	358.7815810209946	902.2033509033878	705614.6100314972	3055577.0966375857	57522788.394662336
2259	2259	0.0	10.25660231986907	85.12273517289093	0.5006695344022359	0.2805559953766629	1784609.2115198981	0.22159602221659552	14.226213326541432	4.623639175028075	773.4836390768878	221.2612279875453	10.25772891134476	11.48778713182265	27.542227431733416	84.95985072764506	313.2675261294918	112.50800588310437	299.3920132494419	727.968519925718	1570134.4999680119	5769277.727162865	31127256.333792653
2260	2260	0.0	8.1271038209914	906.6469602392832	0.33952676010202226	0.6171253285823666	124968713.33823693	0.3341310759509026	159.1396084235649	4.030124315991998	995.3814555563242	334.0465134559427	4.312215764220573	2.153954767233676	398.6136839591211	1802.7383056682168	8397.91888527609	170.75268759495827	454.32449192852687	1105.1711227416354	52839017.31783679	275297235.4188707	1698837397.4168653
2261	2261	0.0	8.109476735558518	16148.009733861763	0.6433280343801023	1.0000000000000082	120165336553.52393	1.0000034427624833	81.07292390607067	3.304496702970937	1907.413259377236	372.6504397048296	9.133013544043937	-4.192348167491001	2911.2889308981676	10562.227754383091	31081.183049603133	187.9577462437867	500.77937830926726	1225.909243956134	1196866075.2743793	4697894417.407019	15569970498.89953
2262	2262	0.0	9.233653241688634	601.7735436163264	0.5307390278847716	0.9133760966813448	137572270.6536559	0.7572916126510684	166.10152435261023	4.218210112012457	896.6730969545148	299.8234416121575	9.528483681677898	8.581252425672083	162.84356378500703	548.2091571005134	2034.4829791784937	158.12866728958988	418.28535536381844	983.7744906787532	15302338.592837749	58017562.54439786	254322266.68788937
2263	2263	0.0	12.4102993446359	393.261528634203	0.8605019527139345	0.8735560333236375	2712875.237169715	0.9369294192294745	13.211943257442655	3.68622839305317	267.1524874678699	69.4551337623241	5.582208634619185	30.68112624159452	44.85939684071352	141.64341160657125	451.20760034201305	35.27505932071372	93.89100301801523	228.52657720738532	137315.808776392	515516.08264748246	2149653.922161929
2264	2264	0.0	10.21206706407878	78.68377923853912	0.8610742162483063	0.6971453751643775	4483872.835252335	0.8067736711466742	8.81961883795519	4.679746078967582	735.0756258871562	189.7813898671269	13.622605626504	10.1148787431689	9.152315746481655	27.248271197904714	92.56081473338551	95.61229538691805	254.65811098836173	622.9711700891346	407803.5470013511	1475565.3813947884	7227789.998887453
2265	2265	0.0	8.261637760993457	114.0914798958895	0.2905294875184674	0.009527680787690158	64396252.78731466	0.49871640543974866	2.447749880259841	4.54180314700352	1149.141397405655	320.0102021243803	9.238897269989698	0.1988868644298365	64.89537346597167	328.0860779336282	3388.6451857375523	163.13197926890007	434.0287126889791	1054.21160843679	10910004.200047622	64825249.71114349	828187290.692075
2266	2266	0.0	11.7074475515642	14.222093097366589	0.2655900293479737	0.4374331601047058	24080.405330786445	0.15966703871162294	2.341299830215273	3.700095331994817	274.4216137745665	76.22721377667716	6.169453296545562	23.40329586361445	9.992778303373155	35.5584958482896	163.77554537516693	37.36005702150047	99.6649941155845	247.2589677536194	32450.879028409836	142296.34259057845	887650.2589591893
2267	2267	0.0	8.098874154905245	49.25604580333085	0.09009419463930633	0.014942771665035236	4704311.208194692	0.101667844424074	7.597318359389464	4.527017278014682	1036.46990196175	309.27725270397	8.415480937409404	-1.495438895707358	136.50097055067403	979.6196523505106	19677.17905015542	162.13463047847483	429.4652285680236	1018.8732426372536	14207104.059610462	150439883.9594958	3668332473.23555
2268	2268	0.0	8.027196044800712	29569.993708078608	0.8464600220140798	0.9999999999999921	516574945883.55835	1.000003390296086	47.67293515810401	2.600094687950332	2584.447140553412	483.7578328732601	9.8788194212547	-4.565888339788954	4177.740439182243	13546.230086872403	32958.73688020346	244.82159497585553	651.9328651474852	1591.5531886470792	3052025043.696795	10443137276.440184	29881730267.009544
2269	2269	0.0	8.941397026293266	157.57738188838567	0.8804772367556463	0.3369296674672631	7629085.61265108	0.8445861261023494	4.628809480523224	4.514768067980185	689.1314487851871	234.9701893745894	10.38130182945095	1.974484734826688	2.3032789566743657	9.343256032431048	220.75782659232826	105.48724060797713	283.90541074597945	757.2024492753378	83446.66216507138	444340.2159668259	21807899.211349946
2270	2270	0.0	9.918432835160527	12.799228089470345	0.03130070206753339	0.24340495669147577	1603906.4775476374	0.06024649851195046	9.306481348561729	4.182180586038157	782.0058263793437	247.8203833548815	9.282058153210754	10.85132600540575	99.48416106420777	331.97657296291544	1299.4166628811392	128.2391444731469	340.39896160984154	815.557295279945	6740119.801403831	25312759.498032723	115497150.49638298
2271	2271	0.0	8.12908925900171	578.692968373043	0.3662491880607989	0.009581925919985853	260579007.96146354	0.5938103031202385	28.957502830105874	4.536812860984355	1123.68280221641	267.1788638030453	8.013112183108412	-1.516672757457549	211.48710311455886	1034.7865563431658	12889.253248972384	135.83237330479574	361.47861634715605	879.4743649838392	31280492.304398417	168107456.28982654	2578077785.5906057
2272	2272	0.0	10.15637932887188	308.80760558484064	0.6953732083380777	0.1575312103794067	2067532.3159665335	0.6877931866063804	115.3878441405909	3.505662581999786	319.4986761833082	123.9526449063159	3.792094839318137	13.82311451930839	31.871213334625548	128.00991130334972	831.019131997434	53.076129573180935	145.6145635509385	410.2404390345254	127599.45855796084	653013.7463901585	10015509.770444151
2273	2273	0.0	9.314178717195318	7.094654094675641	0.07459643709286853	0.15251005913727486	135383.94392773407	0.03891771945579921	4.406188810662373	4.065925756993238	722.9132693941904	230.2687417607607	4.928421513104633	5.889823970144027	27.533041414758948	212.08508810636047	3762.982778950548	114.87689884324561	306.6412577981738	760.8686505564061	1425636.649986797	13991171.755955346	355685578.9341439
2274	2274	0.0	8.906681304840474	212.3412922384073	0.25610224909989526	0.5066566102655427	5819767.024316375	0.21316566243880275	15.91288317255763	3.669106075016316	621.4477502880619	199.3385909773923	2.432352371732952	9.15817307037941	142.89525903051597	792.748286496488	4765.739910567881	99.65489257253842	266.0458587280121	658.8580471023943	5216298.644448944	33224875.630359918	286745953.54397166
2275	2275	0.0	9.523005198715044	11.396034026382099	0.44195892860740377	0.5047640740852228	605838.6369507272	0.34696046379925616	1.5774685364509267	4.529246087011416	860.607474012052	236.4650362702037	10.70832140325091	4.573680490435424	3.7475181222677074	14.25071526131439	143.4977518957334	117.54453012239094	313.6233653747803	776.6265725271608	259994.25480192775	1240911.4771480106	19886889.211092047
2276	2276	0.0	9.312022375435317	221.73088989420242	0.42548274074097453	0.49466638709652966	21482734.063550428	0.3376158264417512	7.996682470271812	4.581228760012891	1039.36145274087	300.3666799650563	8.674030233528192	5.083349162636005	72.57064327278088	318.54197537377587	2397.2646688535647	153.1616361380511	407.50995587966736	989.766999226552	9206842.231625695	52690361.80036291	482445201.3972551
2277	2277	0.0	8.559731171336342	388.59295773275045	0.4429264279607167	0.28720953927060067	13292085.977173146	0.41302603093160856	25.87099098533762	4.104471878963523	787.6589898064891	368.3498543509938	4.046303046040673	-0.8946027941415879	58.05064370875089	767.0575801727425	15396.500357719719	243.47525654572246	585.5111905335463	1180.957472311982	1200654.0995122148	65999117.825234435	2862093171.1708813
2278	2278	0.0	8.425680683980522	65.4649043264721	0.10410758078880643	0.9163286947536476	137939228.44898352	0.40870447501427976	15.483273416352693	4.561975164979231	1328.939468559288	344.9796902590269	7.682883357910273	1.099004003936112	171.73673952521256	796.5541139456035	5626.370689957579	174.76670125185797	465.3213699299861	1135.7431751547542	40476407.51207688	208651239.13873056	1808517908.1957088
2279	2279	0.0	8.105941992912472	576.5947342600823	0.09762574311559037	0.9999999999999978	353443745696.3327	1.000004133857554	18.955960140030047	2.825310938991606	2518.852004941235	624.4662786482533	8.179834352635723	-3.597244219278859	1543.620171219168	7312.94975632372	30331.18388350845	307.6879115141801	823.2303484032868	2059.9643752458414	1306390183.8319275	7331852974.9289255	31568518988.356743
2280	2280	0.0	16.54488515756155	1.478599351524392	0.411211504259724	0.3715063473933075	4321.462831877723	0.20865653272610252	0.681758295169736	4.716018222039565	394.9199176679133	68.60157300528029	21.60449637753812	64.99931986093823	0.6222005603592775	1.9382895865732137	6.717208641661552	34.56572821319418	92.08346945933727	225.45717307604502	4098.6567403300705	15132.632575333519	70889.71367540772
2281	2281	0.0	23.33036276733595	13.58606588185594	0.1058555091142211	0.7260290797869446	57130.91346376294	0.1883164487940739	7.796672844233896	2.623732145002577	239.9867767840888	60.84825225251046	10.00298044073742	163.1225588743419	26.899743414420474	81.95048082632908	266.6117118046287	30.279142827222273	80.84951229754171	201.1070454058065	61336.84307343174	204248.0039110831	783656.2928762598
2282	2282	0.0	8.22298732957754	477.34826071379086	0.666636293413176	0.24044680634873172	49496013.63313879	0.5914235584262405	21.582093603864834	4.568902744969819	1027.791182693814	318.0120641661759	9.800129564658453	0.247096773604119	51.49423384711479	226.0590301716832	3028.163762835167	162.4150149317819	432.2165720662582	1047.0597364933774	5452556.929565279	30008896.154557988	718106651.8152448
2283	2283	0.0	8.285130753493378	26414.249602082462	0.7951762719803995	0.999999973378242	48178760164.359116	1.0000034480750921	94.28559272902312	3.269064874970354	1677.927006261933	328.4429782675638	7.827821516433554	-3.979155429049415	3757.1852981122065	12990.414071776675	33005.30204559493	165.2003627575998	440.2830655244388	1080.0230664605306	1155450555.8081203	4156422508.743258	12140719099.425426
2284	2284	0.0	8.090351518513542	25.42797465725779	0.20730815317185955	0.9733665712979827	51217601.5667328	0.5113114148224259	152.77533286360296	4.442027589015197	1388.096841279752	372.0584396164497	9.591945280663943	-0.4769220189024703	24.161175029712982	140.85216126528235	7135.536246358995	190.45311178685301	506.2916493967234	1224.7795376830304	5249587.440736286	45999013.781589724	2737340058.6391068
2285	2285	0.0	8.163918371479259	216.74758387576554	0.3474725265117165	0.4025172153362337	8154899.793145706	0.27593648318816544	8.946682905201849	3.962906527973246	752.9794957901742	261.2235607153862	5.922226708865631	3.72383809749701	91.22760524588125	409.2269854059372	2821.9455629398094	129.5527827238916	345.7099000888261	854.3571600237651	4783920.428111507	27388524.82006637	336350483.3859435
2286	2286	0.0	9.316077334805174	2740.2937516140814	0.8696581099934765	0.49304571212784426	130699982.02221274	0.8137197462385932	122.13419887556087	4.394841337983962	682.2018011254241	222.3951993479208	4.751510869787871	6.945977115884332	45.18254617351534	378.3205798713875	3559.321660339049	108.96305055397602	291.39399976328593	729.4301032433141	1972023.015256272	19478701.576910328	285063007.4841736
2287	2287	0.0	8.283782226005213	1217.6052557899218	0.5942820437444876	0.2473215909740252	170609912.99242327	0.4987594182669251	25.071608656732696	4.603314947977196	1264.886800797834	338.5928970599646	9.081325187842019	-0.9080646518135259	109.9324753151695	727.7327172417139	10049.652119630437	169.69179265972684	452.6113237811155	1116.2538624498877	21511584.23666832	171883924.07783133	2944355405.4697814
2288	2288	0.0	8.278406049736274	1.675308799620716	0.045507315457523324	0.08069216958803983	25485.460254458365	0.03989898076672894	0.934041560575801	3.93930117902346	610.8525576389023	246.0477245131248	7.52519030486755	1.285392228455102	8.43500563391735	30.77663660953005	337.1514995274566	104.71110718907175	284.98875485898463	801.0085536547942	184047.02228369916	955978.6608587797	27806883.172808297
2289	2289	0.0	8.814058056653074	61.24220817399635	0.2947486417568425	0.3069077303606293	2069079.3309801295	0.1812736430956187	16.609384094848103	4.351846111007035	794.9563899813837	250.3562609783695	5.409107527854888	4.281523445853227	38.13927256671908	151.6721237296802	4098.838084348527	123.89022626019971	330.70270161972735	821.7060203931862	2358621.4268139177	13043772.969435737	458774001.70207995
2290	2290	0.0	8.25323164800828	992.4647354620672	0.5454476764390283	0.4068943237049756	100608514.22875172	0.4134820245871768	33.03260489336689	4.134955462010112	1073.315466466617	334.8689762296393	7.083225941941959	3.458888472480177	216.48464444049105	833.3468030533443	4575.648740448931	172.64967517186176	458.78365850404066	1104.8269713656878	33706129.882761344	145524184.4388858	920443733.158588
2291	2291	0.0	18.22797948881426	636.6042298925954	0.9145142083823515	0.11955469687004047	1243049.3964816863	0.898102344476664	10.983536865894562	5.432826691016089	217.1570422263591	55.343842460451	4.403856099838379	89.49883074594648	21.460465902672343	76.65198770492428	549.9849930825203	27.831662814558342	74.24360681120513	183.27202902918552	42251.35035978559	174996.163946332	1265244.951470195
2292	2292	0.0	10.274254560759	14.330283293819067	0.366165647129933	0.632359218625585	583778.8381352207	0.318568150509637	2.4388039101411727	3.991379767016042	707.8057691725149	192.8242497590691	10.14603235494385	12.42165640924837	6.005892379462489	25.57513194399857	164.82208723308113	97.10074536063723	258.7262971705385	633.9671131184847	277766.6011725967	1439254.7197402723	12811844.208863758
2293	2293	0.0	8.489691300310826	76.12655641328551	0.612043453910036	0.35829832360828384	2407670.0768960314	0.4505341838473179	6.744645741566674	3.906251534004696	694.7961404787654	228.7471676311925	8.889880206487181	3.307782938788054	15.449215695607228	52.98498229513185	239.35697365941624	114.45818786904545	304.84878647220603	746.6846340751864	702986.6245116594	2929352.0252484805	20032450.821069553
2294	2294	0.0	8.589534483021456	4.353835784532932	0.005721495216412565	0.02343426032764809	1326993.1838045206	0.012520460730026623	2.394830537660471	4.524472682038322	1163.389692527435	295.396516102773	5.605917509427204	-2.362047244778218	477.6516446172642	4384.435466111473	27844.412163834306	148.76813027759886	396.67531530373515	973.1433301013265	76602384.02244091	814360814.3381531	5575463678.600819
2295	2295	0.0	8.237070079015549	211.18726347623502	0.4735555687781047	0.16612642206376624	10387258.262796126	0.3988037456944702	10.451323286295695	3.912522857950535	794.9062983388297	259.0891673186514	5.661508141059818	1.861240117522348	53.82642273508276	237.72573637517587	4099.538069421216	128.45301410017214	343.00895917842183	850.1741816879322	3128726.9638049244	17868655.205266744	536449364.6560002
2296	2296	0.0	9.816722632567343	52.6525622737899	0.2603456145283463	0.6288425462650746	5185363.096083915	0.21790828973353996	169.44944962134727	4.567048929980956	1029.952221702634	289.0681020134369	11.59715985528618	8.163203005716852	36.097096226044776	155.71332356307346	903.0824607318042	145.9555441052429	388.8451785469698	952.068904120623	4547685.937980434	23119476.39230722	174574366.82016584
2297	2297	0.0	9.354115779949051	59.69476051564178	0.19967854265268045	0.10576510464278406	1129351.1233885647	0.11142028891297234	1.3795425740845348	3.956827176036313	722.0053453814991	253.6067279207358	4.651147135335215	5.48053707569715	59.849394596068485	443.586489256928	4512.340717576665	126.42362080881458	337.9563289175593	843.7431095400132	2868433.671532303	27188325.807552803	477036842.7046202
2298	2298	0.0	12.19947516260003	4.517760324613316	0.26130372211593206	0.5138761751984402	19411.47909315521	0.1649233497391762	1.865848814066242	4.504046751011629	373.875363436669	94.14719862359345	9.613831399093218	16.49955735751491	3.299865419177661	10.55232816998021	39.44555412845175	46.62186931597722	124.37208806023108	307.58533887363853	24747.733109901154	93846.54776254106	508755.8683758495
2299	2299	0.0	8.938163721577071	122.11722537822348	0.1584301879901234	0.4143057617587619	4964687.368526115	0.07552724371115974	20.896937416102	4.261910145985894	897.9072546513145	280.2283209158135	9.43264792843131	8.311299545820455	167.61158553272148	696.9992471858417	3202.672417826116	144.8148152743122	384.5488341878979	923.2064269798045	18445506.089503944	82767601.10343336	397325602.819781
2300	2300	0.0	8.515604163343166	241.29692299818035	0.5734151565197597	0.05105440329782749	6659062.319036646	0.44834299147614926	8.064044096481853	3.959876979992259	681.8334634419709	245.1118436364002	6.752319572748384	2.492419595681852	53.393923438284645	186.08870506612345	1001.2367438461986	119.74754800367145	320.64514901261856	803.3099700150692	1753117.5044460464	8588421.397662329	92488677.28948978
2301	2301	0.0	11.41171821333553	2.049056751003826	0.04777130449522412	0.16574459414835466	63024.544786659055	0.12571703178194835	1.971718456123028	3.941446715965867	425.4938634694541	111.9463978469113	11.48666842404881	20.91530246542514	10.055134179990157	33.20866625037659	113.36108927927421	55.12729895855051	147.07093166161877	364.38182767613284	111951.92243699642	401126.6972232063	1896359.8065746983
2302	2302	0.0	8.18808221549092	162.245952789875	0.15122131133242506	0.48453005338693994	12440785.234842788	0.1449632854229968	75.23582073896436	4.275804781005718	983.3967320910451	357.8504536185032	5.976923059397534	2.179623522767353	230.44053178450366	1058.801910353752	5999.789510948641	189.3405824187961	503.8017220837803	1182.3392015655772	22035922.05193709	146289010.6361461	1092382683.4834151
2303	2303	0.0	10.36024120836308	3.9440244343322632	0.24887932707856503	0.17388941233332467	89694.79249146517	0.16385154782544803	1.2810913377912663	4.674145943019539	719.7740743370247	186.1855109161876	13.83899605396102	11.72320089858669	2.9496729079982775	13.587973811615395	87.97024571064023	91.04575674051773	243.32799395234952	608.2219575396526	119299.09246710023	707932.0738668711	7029172.399087301
2304	2304	0.0	11.32868426519655	8.353594562492527	0.11762652139409721	0.646543866676498	77509.11490635255	0.11299041621422257	0.5376775565404156	3.465378313034307	383.7205171514146	116.3971609543329	5.469926055790765	22.41133147100942	15.755749025656483	65.11759471911368	391.4161759956804	60.19303777769289	159.70605195239625	382.1225977149145	160216.9862871191	694706.6602936322	4935787.811230485
2305	2305	0.0	10.70089049618007	2.4293616839901917	0.19742854144215904	0.6856969162879683	10466.512833403416	0.23221652798508832	0.7215988180675683	3.936837564979214	276.9914794202151	69.96657726393428	9.925121542591643	13.42096251708021	2.469321061456568	10.589739030482239	74.38848298645213	35.06569788372826	93.46260609371973	229.45003439533724	8367.833127229165	44170.4706360961	420210.07728577347
2306	2306	0.0	19.6638600178381	1.232712541403925	0.22183264992509172	0.1047509665980561	5764.414697465548	0.3449870717671897	0.8712745150766344	4.516756216995418	267.8639699272442	50.00724340236027	10.56539529643471	103.21748057541	1.0877047531149113	3.6305817376709224	15.986584114109874	25.149668575649827	67.02001977819404	164.43224709325298	2726.916490921831	10599.41741304404	61603.00282907903
