simulation_id,mjd_time,gps_time,longitude,latitude,ra,dec,inclination,distance,mass1,mass2,spin1z,spin2z,redshift,mass1_detector,mass2_detector,mass1_source,mass2_source,radius1,radius2,compactness1,compactness2,mej_dyn,mej_wind,mej_total,phi,costheta,distmean,diststd
0,63662.0147,1677716492.28,5.923145,1.0533621,339.37121,60.353203,2.0301308,263.14581,1.3659209,1.2671858,0.015990772,-0.0024503579,0.0569541,1.3659209,1.2671858,1.2923181,1.1989034,11.93925,11.97706,0.16895,0.15624,0.00234,0.037451,0.039791,51.900778,0.443352,553.355833,194.809759
2,61540.7227,1494436860.49,1.6527006,-0.55067389,94.692769,-31.55129,2.0945929,909.13148,1.6104411,1.5608706,0.032291868,-0.041412955,0.1815606,1.6104411,1.5608706,1.362978,1.3210246,11.781583,11.82253,0.20186,0.19497,0.003644,0.039254,0.042898,61.478027,0.500171,1089.464086,313.045394
4,62705.4287,1595067461.08,3.6229343,0.58563957,207.578845,33.554676,2.6432339,349.08993,1.4150862,1.4066268,-0.040099972,0.034306415,0.0746318,1.4150862,1.4066268,1.3168103,1.3089384,11.916394,11.919723,0.17536,0.17427,0.002645,0.055384,0.058028,53.634255,0.878368,340.888005,81.303502
6,62504.9482,1577745946.75,2.9578287,-0.54325895,169.471101,-31.126445,1.7584817,314.73277,1.5346666,1.4188523,-0.0014393299,0.025860287,0.0676134,1.5346666,1.4188523,1.4374741,1.3289944,11.843665,11.914252,0.19135,0.17586,0.003125,0.04603,0.049155,46.818128,0.186585,613.537831,207.609617
7,63089.1874,1628224210.82,0.51457126,-1.0153521,29.482761,-58.17539,2.9566765,842.37707,1.5360664,1.5297589,0.019823776,0.03570795,0.1694475,1.5360664,1.5297589,1.3134975,1.308104,11.842539,11.846699,0.19154,0.19069,0.003283,0.021134,0.024417,17.517073,0.982952,640.240711,173.213419
8,64498.452,1749984667.46,5.9830292,0.95627987,342.802322,54.790801,0.48259436,748.66564,1.5915635,1.5078309,-0.031539638,-0.042971096,0.1521858,1.5915635,1.5078309,1.3813428,1.3086699,11.798158,11.862006,0.19921,0.18771,0.003471,0.019588,0.023058,73.109327,0.885794,679.068174,191.739689
9,63693.0711,1680399763.57,4.4502202,-0.50073823,254.978835,-28.690187,1.6443882,388.9405,1.4577543,1.3677543,-0.0080807877,0.02516183,0.0826948,1.4577543,1.3677543,1.3464129,1.263287,11.892418,11.938539,0.18102,0.16918,0.00274,0.020333,0.023073,62.922851,0.073525,786.240654,241.164331
10,62392.53,1568033006.59,2.7040567,-0.39850663,154.931036,-22.832748,1.079266,256.2305,1.4291681,1.4141759,0.045078045,0.0053008415,0.0555137,1.4291681,1.4141759,1.3540024,1.3397987,11.90968,11.916801,0.17721,0.17524,0.002697,0.062065,0.064761,32.569322,0.471976,371.563409,79.925665
11,63896.4357,1697970461.01,5.0818308,0.52572448,291.167457,30.121794,0.78474245,812.17774,1.6156213,1.4745132,-0.034072492,-0.046273797,0.1639184,1.6156213,1.4745132,1.3880881,1.2668528,11.776426,11.88335,0.20259,0.18324,0.00361,0.03829,0.0419,73.79822,0.70757,1019.452513,312.4811
12,61597.4793,1499340627.07,4.4136631,0.11584202,252.884268,6.637259,1.039474,522.91544,1.5309626,1.34936,0.012065459,-0.048075434,0.1092317,1.5309626,1.34936,1.3802009,1.2164816,11.846026,11.947856,0.19085,0.16678,0.00317,0.053312,0.056482,51.112895,0.506674,991.327792,300.591471
14,61106.6229,1456930636.74,0.066162298,-1.2565751,3.79082,-71.99645,0.50810262,814.33998,1.5526356,1.5522156,-0.020615914,-0.026950315,0.1643153,1.5526356,1.5522156,1.3335182,1.3331574,11.829773,11.830156,0.19382,0.19376,0.0034,0.01396,0.01736,49.945359,0.873669,770.098399,211.991032
16,61715.5693,1509543605.83,5.4703317,0.13633982,313.426919,7.811696,2.1433292,381.31009,1.4858618,1.4111353,0.045275933,-0.010908158,0.0811572,1.4858618,1.4111353,1.3743253,1.3052082,11.876128,11.917976,0.18476,0.17485,0.002886,0.066306,0.069193,59.884391,0.541763,646.749849,225.624429
17,62191.4404,1550658872.57,1.4080519,-0.76610009,80.675431,-43.894302,2.184316,943.20635,1.5989634,1.5789452,0.01518056,0.014508676,0.1876879,1.5989634,1.5789452,1.3462825,1.3294277,11.791556,11.808801,0.20025,0.19745,0.003639,0.034414,0.038053,63.706187,0.575749,1215.921778,309.172635
18,62787.0327,1602118039.06,1.3161058,-0.64388903,75.407308,-36.892124,0.53546069,807.6489,1.7417361,1.6350672,0.037512878,-0.042043759,0.1630865,1.7417361,1.6350672,1.4975121,1.4058002,11.63482,11.757578,0.22107,0.20536,0.004544,0.00073,0.005274,54.388716,0.860034,874.542896,307.527456
19,63152.952,1633733470.1,0.60789625,-1.1208054,34.82989,-64.217419,2.1703644,747.74467,1.3833785,1.3620273,-0.04875001,0.049084723,0.1520146,1.3833785,1.3620273,1.2008342,1.1823004,11.9311,11.94091,0.17122,0.16844,0.002479,0.027072,0.029551,22.685745,0.564286,1155.151948,270.065201
20,64187.12,1723085586.89,6.2480482,0.34796534,357.986792,19.936945,2.1290409,450.61109,1.6105179,1.4398252,0.011346923,0.048875005,0.0950158,1.6105179,1.4398252,1.4707714,1.3148899,11.781514,11.90293,0.20187,0.17863,0.003609,0.022946,0.026555,35.29605,0.529698,613.086582,224.225529
21,62784.489,1601898270.49,3.3265122,-0.19651118,190.59511,-11.259261,2.7759645,973.16495,1.7336717,1.7142824,0.017469473,0.03638284,0.1930448,1.7336717,1.7142824,1.4531489,1.4368969,11.645612,11.671048,0.21984,0.21691,0.004685,0.000191,0.004876,70.685018,0.933899,1029.408351,337.298534
22,62754.4648,1599304172.93,0.37307845,-0.43503502,21.375821,-24.925671,2.8834601,216.89843,1.3569967,1.2518538,-0.03288522,0.028293448,0.0472683,1.3569967,1.2518538,1.2957488,1.1953515,11.943495,11.982318,0.16778,0.15428,0.002305,0.045431,0.047737,28.476937,0.966868,196.172658,40.278797
23,61175.8505,1462911904.17,4.3268888,-0.99590663,247.912467,-57.061247,2.5670556,822.04283,1.6224718,1.6081701,-0.042628302,0.048646415,0.165728,1.6224718,1.6081701,1.3918099,1.3795415,11.76966,11.783317,0.20357,0.20154,0.003817,0.015586,0.019403,37.330021,0.839444,1332.790446,309.678724
24,61122.1904,1458275671.52,5.0874881,1.0580646,291.491596,60.622636,0.032352303,265.57688,1.5156138,1.3506298,-0.020322531,0.048148259,0.0574598,1.5156138,1.3506298,1.4332591,1.2772399,11.855802,11.94718,0.18878,0.16694,0.003061,0.032117,0.035179,40.924613,0.999477,237.375987,37.176927
25,62929.0599,1614389190.48,0.6882847,-1.2607025,39.435808,-72.232932,2.215733,658.18471,1.5255721,1.4905297,0.019690734,0.043864934,0.1352145,1.5255721,1.4905297,1.3438625,1.3129939,11.849578,11.872805,0.19012,0.18539,0.003154,0.044074,0.047228,41.364299,0.601148,1139.027818,314.964569
26,62533.6251,1580223630.65,3.9745839,0.49656095,227.726883,28.450847,0.2298142,287.12256,1.4844417,1.4612129,0.014468505,0.039720961,0.0619269,1.4844417,1.4612129,1.3978756,1.3760014,11.877148,11.890136,0.18457,0.18148,0.002955,0.023473,0.026428,51.776375,0.973709,471.566567,215.924137
27,63937.1314,1701486569.44,4.858365,-0.18128858,278.36381,-10.387071,2.5045249,906.346,1.6064906,1.5774061,0.032545282,0.045608097,0.1810581,1.6064906,1.5774061,1.3602131,1.3355873,11.784489,11.809787,0.20131,0.19724,0.003665,0.017854,0.021519,71.58455,0.803843,902.091641,319.18689
28,61562.3785,1496307924.42,2.0425071,1.4369196,117.027036,82.329429,2.6032899,76.352281,1.4836929,1.3732362,-0.028331115,0.0031951632,0.0170114,1.4836929,1.3732362,1.4588753,1.3502662,11.877696,11.936438,0.18446,0.16989,0.002861,0.036077,0.038938,29.441563,0.85858,77.111118,9.203747
29,61087.4008,1455269848.62,1.2936349,0.20900274,74.11982,11.974975,0.85637728,431.13638,1.4228972,1.3822712,-0.027540409,0.029323342,0.0911451,1.4228972,1.3822712,1.3040404,1.2668079,11.911625,11.931724,0.1764,0.17108,0.002624,0.041163,0.043787,22.290083,0.655179,466.673232,116.983188
30,62571.6357,1583507741.42,0.65005231,-0.50868992,37.245254,-29.145785,0.72564183,281.72,1.5268407,1.3958048,0.018642965,0.033856474,0.0608092,1.5268407,1.3958048,1.439317,1.3157925,11.848584,11.926743,0.1903,0.17282,0.003087,0.056253,0.05934,26.848229,0.748074,378.668011,96.410353
34,61831.1749,1519531933.56,2.8979198,-0.817129,166.038574,-46.818043,0.50603784,609.62741,1.495279,1.4003118,0.041318821,-0.044315815,0.1259751,1.495279,1.4003118,1.3279859,1.2436437,11.869353,11.924095,0.18604,0.17342,0.002922,0.027133,0.030055,68.215494,0.874672,529.528999,152.516833
35,61173.6503,1462721804.5,6.2359393,0.61046712,357.293003,34.97719,0.58003979,469.11392,1.5649671,1.3079121,0.045307498,-0.020473034,0.0986767,1.5649671,1.3079121,1.4244109,1.1904431,11.820109,11.962748,0.19552,0.16145,0.003607,0.043496,0.047103,53.748649,0.836441,513.979201,169.679781
36,63536.094,1666836939.94,5.953362,1.0564065,341.102517,60.527634,2.6786883,274.64191,1.5009732,1.2926342,0.029549954,-0.015800433,0.0593424,1.5009732,1.2926342,1.4168914,1.2202232,11.866147,11.96825,0.18679,0.15949,0.003081,0.048363,0.051444,32.154407,0.894759,260.541977,49.124469
37,61390.5755,1481464141.19,0.64970793,-1.2490297,37.225522,-71.56413,0.55016537,594.99868,1.4774085,1.214307,0.0099860853,0.0021189441,0.1231727,1.4774085,1.214307,1.3153885,1.08114,11.881887,11.991892,0.18362,0.14953,0.003182,0.02004,0.023221,63.956816,0.852438,688.007546,202.879313
39,63129.1183,1631674234.8,1.760018,0.42264284,100.841603,24.215651,2.0859287,549.7697,1.5419418,1.3616868,-0.0088750049,-0.029627899,0.1144516,1.5419418,1.3616868,1.383588,1.2218448,11.836663,11.941069,0.19237,0.1684,0.003227,0.047739,0.050967,66.6822,0.49265,903.831097,262.051187
40,61983.6741,1532707862.45,2.9315055,-0.86738032,167.962893,-49.697232,0.76199356,818.03173,1.6006692,1.5022765,0.043616821,-0.033693787,0.1649926,1.6006692,1.5022765,1.3739737,1.2895159,11.789956,11.865548,0.20049,0.18697,0.003516,0.019978,0.023495,65.79086,0.723461,784.24579,283.830744
41,61607.2362,1500183623.63,2.259286,-1.1365445,129.447553,-65.119203,2.7925235,45.161105,1.2693973,1.2082697,-0.035069687,-0.031619574,0.0101143,1.2693973,1.2082697,1.2566869,1.1961713,11.976311,11.994715,0.15652,0.14876,0.001999,0.021136,0.023134,70.135592,0.939691,44.315196,4.566707
42,62329.1303,1562555278.53,2.9056879,1.2707842,166.483653,72.810571,1.9704058,337.09581,1.4906204,1.4322381,-0.033793128,-0.020949654,0.0721888,1.4906204,1.4322381,1.3902592,1.3358077,11.872738,11.90787,0.1854,0.17762,0.002928,0.06448,0.067408,30.134461,0.389059,620.95339,264.967351
43,63805.0602,1690075620.73,2.6486352,-0.50389484,151.755618,-28.871048,2.064026,416.65484,1.5674752,1.4355621,0.026236278,0.009010291,0.0882549,1.5674752,1.4355621,1.4403567,1.3191415,11.818224,11.905,0.19586,0.17807,0.003313,0.061481,0.064795,60.302516,0.473473,777.788139,287.277835
44,62372.3275,1566287515.66,5.9949238,0.021170318,343.483832,1.21297,0.43965655,891.9953,1.5727542,1.4065805,0.012991131,0.03533588,0.1784651,1.5727542,1.4065805,1.3345785,1.1935699,11.813435,11.919744,0.1966,0.17426,0.003376,0.055287,0.058663,42.63237,0.904898,963.00548,358.617898
47,63627.6938,1674751159.92,2.9711651,-0.85420156,170.23522,-48.942144,0.47246759,531.54896,1.58906,1.4838157,-0.04208859,0.015365125,0.1109133,1.58906,1.4838157,1.4304086,1.3356719,11.799853,11.877606,0.19887,0.18448,0.003441,0.027167,0.030608,65.519913,0.890448,515.547466,172.749053
48,61439.202,1485665474.15,4.4746258,1.3703616,256.377173,78.515936,0.75069522,937.85533,1.7469506,1.3947993,-0.018378295,0.033739516,0.1867281,1.7469506,1.3947993,1.4720732,1.1753318,11.628277,11.92705,0.22185,0.17269,0.005614,0.015048,0.020662,58.709441,0.731215,1148.314466,315.777093
49,63704.7,1681404495.31,0.78863491,-0.74576362,45.185452,-42.729108,3.0147455,758.01979,1.7205863,1.5016492,-0.042950856,0.011226705,0.1539229,1.7205863,1.5016492,1.4910757,1.3013428,11.672098,11.865834,0.21768,0.18688,0.004487,0.022269,0.026756,61.586847,0.991966,515.456983,173.851367
51,61829.2666,1519367055.45,3.3677992,0.77688945,192.96068,44.512487,0.28794958,547.09832,1.5533811,1.4795011,-0.018496163,0.03227527,0.1139337,1.5533811,1.4795011,1.3945005,1.328177,11.829024,11.880658,0.19392,0.1839,0.003252,0.035282,0.038534,54.36971,0.958828,545.177415,129.214615
54,63370.876,1652562100.48,3.443184,0.1814024,197.279911,10.393592,0.78492779,201.94454,1.4153555,1.3837323,-0.0021537248,0.00087503646,0.0441092,1.4153555,1.3837323,1.3555627,1.3252755,11.916267,11.930906,0.1754,0.17127,0.002603,0.023769,0.026372,25.645726,0.707439,231.567538,36.987892
55,62980.2354,1618810760.18,4.9244172,-0.7883589,282.148322,-45.169638,1.8345198,636.1651,1.5434741,1.4139571,0.0089874279,0.040147429,0.1310364,1.5434741,1.4139571,1.3646547,1.2501429,11.83537,11.916894,0.19258,0.17522,0.003177,0.040809,0.043986,47.701615,0.260677,1055.727718,345.335437
56,64252.0065,1728691780.48,1.83562,0.4586396,105.173279,26.278113,0.29204783,894.24051,1.5843487,1.4735875,0.039203469,0.045115449,0.1788712,1.5843487,1.4735875,1.343954,1.2499987,11.804152,11.883804,0.19821,0.18311,0.003411,0.016116,0.019526,74.080184,0.957656,617.668381,186.531788
57,62355.6288,1564844747.44,3.1449831,0.10284024,180.194258,5.892312,2.1496501,522.03287,1.5051083,1.3833671,-0.029882161,0.019506785,0.1090596,1.5051083,1.3833671,1.3571032,1.2473334,11.864106,11.931107,0.18734,0.17122,0.00297,0.063431,0.066401,71.243284,0.547065,769.401174,214.956104
58,61231.5782,1467726771.1,0.76001756,-0.43612031,43.545799,-24.987853,1.7467004,266.89504,1.5632357,1.3814974,-0.046354297,0.01998063,0.0577338,1.5632357,1.3814974,1.4779103,1.3060917,11.821213,11.93217,0.19528,0.17097,0.003347,0.029411,0.032759,17.590424,0.174998,478.832728,132.306796
59,61067.0442,1453511036.83,6.1431696,1.0029309,351.977691,57.463708,0.24455566,789.0404,1.6785186,1.3640102,0.0050549104,-0.0074199716,0.1596608,1.6785186,1.3640102,1.447422,1.1762148,11.712564,11.940033,0.21163,0.1687,0.004708,0.04478,0.049488,24.888889,0.970245,789.385798,260.871613
60,63894.005,1697760446.84,5.6752451,-0.83875026,325.167592,-48.05685,0.67784196,714.20334,1.5761582,1.5430881,-0.026196728,0.030599698,0.1457583,1.5761582,1.5430881,1.3756463,1.3467833,11.81061,11.835667,0.19707,0.19253,0.003459,0.02438,0.027839,22.903726,0.778928,913.325244,305.478193
61,62836.5747,1606398474.83,2.8555272,0.53618581,163.609657,30.721184,2.3653622,474.42982,1.5729724,1.5568618,0.042536236,0.027923441,0.0997255,1.5729724,1.5568618,1.4303319,1.4156822,11.813234,11.825271,0.19663,0.19442,0.003482,0.031137,0.034619,58.558795,0.71356,604.32042,204.505302
62,63713.3542,1682152219.27,5.7932387,-0.70698433,331.928127,-40.507218,1.6944828,249.28188,1.2939995,1.2587047,-0.0095442799,0.047109065,0.0540637,1.2939995,1.2587047,1.2276293,1.1941448,11.967766,11.979813,0.15967,0.15516,0.002107,0.046649,0.048756,64.06712,0.123371,444.53789,152.106298
63,61820.4896,1518608719.44,2.5716602,0.88136944,147.345276,50.498749,0.44577934,669.98543,1.7106529,1.6140658,-0.0053095122,0.0096325793,0.1374457,1.7106529,1.6140658,1.5039425,1.4190267,11.675121,11.777967,0.21637,0.20237,0.004297,0.002798,0.007095,27.810682,0.902275,637.947875,157.013036
64,62207.7931,1552071742.64,5.6886937,1.3958371,325.93814,79.975575,2.1528602,784.22467,1.6567793,1.4783194,0.047251434,0.010039293,0.1587723,1.6567793,1.4783194,1.4297712,1.2757635,11.736079,11.881378,0.20847,0.18374,0.003924,0.04665,0.050574,45.351162,0.549749,1294.803582,307.459248
65,61105.3636,1456821828.96,4.3717974,-0.41336165,250.48554,-23.683878,2.0776688,145.683,1.4642051,1.2737686,-0.030193093,0.0095786906,0.0320985,1.4642051,1.2737686,1.418668,1.2341541,11.888524,11.97481,0.18188,0.15708,0.002858,0.058291,0.061149,65.442182,0.485445,187.44167,41.966346
67,64365.2231,1738473696.95,4.7052079,-0.098321887,269.588554,-5.633429,2.8689112,933.45201,1.6695235,1.565715,0.029809331,0.046201513,0.1859376,1.6695235,1.565715,1.4077667,1.3202339,11.722731,11.819585,0.21031,0.19562,0.003978,0.024863,0.02884,58.968093,0.963052,989.587879,334.299162
68,63337.5377,1649681672.99,2.8842017,-0.62290109,165.252585,-35.689604,0.67594119,685.304,1.6064088,1.4931088,0.024224658,0.036895791,0.140334,1.6064088,1.4931088,1.4087179,1.309361,11.784549,11.870893,0.2013,0.18574,0.003547,0.049147,0.052693,47.534232,0.780118,754.696493,282.594248
69,64266.2178,1729919636.54,5.264589,-0.13011912,301.638731,-7.455276,1.9897103,589.39499,1.5550871,1.4407852,-0.048744187,0.040787333,0.1220969,1.5550871,1.4407852,1.3858759,1.2840114,11.827143,11.902708,0.19417,0.17875,0.003239,0.044405,0.047644,50.420861,0.406769,1134.709837,332.208244
71,61929.2374,1528004531.61,5.093636,-0.46150996,291.843845,-26.442573,2.7323746,998.57935,1.6808623,1.6350202,0.031674909,0.043804656,0.1975676,1.6808623,1.6350202,1.4035637,1.3652843,11.710405,11.757629,0.21196,0.20535,0.004158,0.008101,0.012259,45.501633,0.917432,865.779046,230.8231
72,63140.1226,1632625014.03,5.8901188,-1.0422688,337.478948,-59.717603,2.3472769,970.27009,1.6628781,1.5334254,0.0073291442,0.047601029,0.1925284,1.6628781,1.5334254,1.3944138,1.2858607,11.729291,11.844547,0.20936,0.19118,0.003922,0.011161,0.015083,32.852907,0.700773,1164.765093,339.423684
73,63374.7499,1652896808.41,1.6106473,-0.94189716,92.283293,-53.966732,0.48051984,667.00344,1.5238815,1.4897321,0.00028958336,-0.016492715,0.1368824,1.5238815,1.4897321,1.3404038,1.3103661,11.850948,11.873386,0.18989,0.18528,0.003146,0.024756,0.027902,48.90132,0.886755,599.513428,158.259769
75,62111.424,1543745447.36,0.27226585,0.07745962,15.599684,4.438109,2.7225028,521.59717,1.5326753,1.4067828,-0.008902227,-0.0045424643,0.1089746,1.5326753,1.4067828,1.3820652,1.2685437,11.84503,11.919649,0.19108,0.17429,0.003117,0.018864,0.021981,56.333118,0.91346,483.472775,139.590182
76,63968.3823,1704186650.67,3.1433295,0.43418349,180.099514,24.876882,2.9929583,425.66635,1.5732741,1.453836,-0.02225997,-0.015644036,0.0900546,1.5732741,1.453836,1.4432985,1.3337277,11.812958,11.895058,0.19667,0.18049,0.003344,0.030285,0.033629,67.399375,0.988974,345.460536,118.066942
77,64315.0651,1734140044.38,2.1966371,0.31428303,125.858035,18.007091,0.073094225,367.47938,1.577361,1.3532881,-0.021824089,-0.04268808,0.0783627,1.577361,1.3532881,1.462737,1.254947,11.809815,11.945641,0.19724,0.16729,0.003541,0.036159,0.039701,53.177481,0.99733,307.573538,56.486299
78,64096.9929,1715298605.59,4.4774684,0.54934635,256.540042,31.475227,0.3786023,458.53077,1.6074004,1.481561,0.0010769128,-0.04111226,0.0965847,1.6074004,1.481561,1.4658242,1.3510684,11.783843,11.879252,0.20144,0.18418,0.003552,0.024847,0.0284,60.667292,0.929182,418.313369,76.302289
79,63586.7344,1671212271.52,3.1900581,-1.2925824,182.776866,-74.059516,1.5065925,124.46144,1.3926598,1.3637634,-0.038297897,-0.034630133,0.0275151,1.3926598,1.3637634,1.3553668,1.3272442,11.927535,11.940138,0.17242,0.16867,0.002506,0.060999,0.063505,24.604298,0.06416,406.090066,151.60551
80,61971.1264,1531623737.15,2.2933055,0.47677426,131.396726,27.317153,0.085611234,934.97224,1.7860966,1.4560837,-0.016234449,-0.020167856,0.1862106,1.7860966,1.4560837,1.5057163,1.2275086,11.570472,11.893573,0.22796,0.18079,0.00573,0.012613,0.018342,42.693448,0.996338,963.937813,375.982089
81,61985.6561,1532879109.13,4.3969779,-0.29969775,251.928276,-17.171416,2.0407824,246.16822,1.3888783,1.3218259,0.016015093,-0.038807499,0.053413,1.3888783,1.3218259,1.3184556,1.2548031,11.928533,11.957585,0.17194,0.16324,0.002446,0.032373,0.034819,15.559897,0.452874,542.75759,189.849742
82,64371.7611,1739038578.9,3.0377629,1.142181,174.050993,65.442151,0.65178005,648.37843,1.4745124,1.4508562,-0.039624176,-0.018468861,0.1333562,1.4745124,1.4508562,1.3010141,1.2801415,11.883351,11.896988,0.18324,0.18009,0.002903,0.043997,0.046899,29.800732,0.795005,651.721949,168.016975
85,61035.9957,1450828449.57,2.8854634,-0.44592625,165.324875,-25.549692,1.4954367,522.3571,1.453425,1.4188946,-0.010779153,-0.042593597,0.1091228,1.453425,1.4188946,1.3104274,1.2792944,11.895322,11.914224,0.18043,0.17587,0.002777,0.024342,0.027119,58.587703,0.075288,937.103101,270.070206
87,63506.1749,1664251929.91,4.9998883,0.13156479,286.472498,7.538107,2.0790728,235.43173,1.4192434,1.3091362,-0.014921454,0.02232705,0.051165,1.4192434,1.3091362,1.3501624,1.2454146,11.913988,11.9623,0.17591,0.16161,0.002562,0.059764,0.062326,74.508597,0.486672,373.861306,80.66069
88,63471.8616,1661287257.56,5.4568462,1.2509321,312.654257,71.67313,0.96921259,782.55203,1.6188886,1.5259271,-0.012548526,0.023309779,0.1584635,1.6188886,1.5259271,1.3974446,1.3171991,11.773142,11.849293,0.20306,0.19017,0.003637,0.014069,0.017706,20.950686,0.565949,982.859201,330.64485
89,63179.4134,1636019735.18,4.3508961,0.75817656,249.287984,43.440317,0.73414287,502.24745,1.4867765,1.4681556,0.0061670048,0.044295987,0.1051925,1.4867765,1.4681556,1.3452647,1.3284161,11.875481,11.886599,0.18488,0.1824,0.002977,0.065142,0.068119,39.089659,0.742405,697.84466,274.246266
90,64465.381,1747127333.06,4.1511292,1.4699447,237.842183,84.221627,0.837385,439.02733,1.5782496,1.4150594,-0.036413114,0.039674176,0.0927156,1.5782496,1.4150594,1.444337,1.2949933,11.809251,11.916406,0.19736,0.17536,0.003403,0.052853,0.056256,63.004258,0.669408,622.115656,146.616468
91,62091.578,1542030759.37,1.3751702,-0.46703729,78.791449,-26.759266,1.9183487,217.88079,1.4856632,1.4654732,0.0052168793,0.032707249,0.0474754,1.4856632,1.4654732,1.4183275,1.3990526,11.876269,11.887909,0.18473,0.18204,0.002968,0.026319,0.029287,27.242138,0.340598,452.717472,119.605555
93,62189.9015,1550525909.61,4.298287,-0.31136216,246.273704,-17.839738,2.8573772,991.40296,1.7575818,1.6562811,-0.027823831,0.017137028,0.1962924,1.7575818,1.6562811,1.4691908,1.3845119,11.61265,11.736702,0.2235,0.2084,0.004687,0.000105,0.004792,48.305097,0.959882,779.429237,232.185252
94,61276.2879,1471589693.45,3.2975846,0.57397112,188.93768,32.886123,0.88878494,394.60223,1.4745524,1.3645322,-0.038921499,-0.0064274967,0.0838338,1.4745524,1.3645322,1.3604968,1.2589866,11.883331,11.939814,0.18324,0.16877,0.002816,0.059501,0.062317,58.984278,0.630356,486.955212,141.542756
96,62549.7935,1581620574.49,2.3066977,1.0246288,132.164043,58.706906,2.1312238,119.18734,1.3736958,1.3316683,0.014218414,0.010849938,0.0263713,1.3736958,1.3316683,1.3384004,1.2974528,11.936248,11.953857,0.16995,0.16451,0.002407,0.05484,0.057247,51.959127,0.531548,181.022017,27.037915
97,61913.6698,1526659492.33,2.9724515,-0.042321864,170.308926,-2.424864,2.4296594,917.57871,1.5601913,1.4931965,-0.0011609149,-0.046190226,0.183083,1.5601913,1.4931965,1.3187505,1.2621232,11.822898,11.870829,0.19487,0.18575,0.003301,0.046931,0.050231,26.281484,0.7571,1186.084221,308.910535
98,62201.8535,1551558556.74,5.8243892,-0.80310806,333.712919,-46.014702,2.7219579,743.47197,1.5439063,1.370993,0.02662464,0.040046119,0.1512199,1.5439063,1.370993,1.3411046,1.1909045,11.835058,11.93732,0.19264,0.1696,0.003224,0.055765,0.058989,36.323074,0.913238,785.012724,259.996361
99,63921.0013,1700092927.37,3.9170715,0.66409494,224.431665,38.049837,1.0771633,727.17171,1.5885027,1.5857211,-0.026226596,0.028351413,0.1481822,1.5885027,1.5857211,1.3834936,1.381071,11.800283,11.802799,0.19879,0.1984,0.003622,0.012266,0.015888,62.027507,0.473828,946.048845,313.321071
101,64274.1958,1730608934.89,5.5494821,0.96150342,317.961903,55.090088,2.4469084,384.77279,1.6156818,1.3100312,-0.019804411,-0.048142319,0.0818554,1.6156818,1.3100312,1.493436,1.2109116,11.776367,11.961973,0.2026,0.16173,0.004211,0.034738,0.038949,48.253591,0.768256,386.168823,139.913533
102,61650.0658,1503884098.97,5.2918127,-0.57083059,303.198534,-32.706184,1.7186163,277.28798,1.4030114,1.3179609,0.018416198,-0.0098309524,0.0598911,1.4030114,1.3179609,1.3237316,1.2434871,11.921954,11.959032,0.17379,0.16274,0.002495,0.023656,0.026151,15.313777,0.147282,452.086412,134.619128
103,62303.7813,1560365118.9,0.67546942,-0.012283228,38.701547,-0.703777,0.84779266,396.76753,1.4082504,1.380553,0.011517295,0.042807672,0.084269,1.4082504,1.380553,1.2988017,1.273257,11.919025,11.932718,0.17448,0.17085,0.002577,0.062549,0.065126,60.659446,0.66164,561.875115,136.771089
104,64250.207,1728536299.98,2.509917,0.27129061,143.807651,15.543807,0.9989039,537.11139,1.4211448,1.2979054,-0.03024673,-0.02907991,0.111995,1.4211448,1.2979054,1.2780136,1.1671864,11.912695,11.966372,0.17617,0.16017,0.002575,0.050386,0.05296,17.118681,0.541224,810.69143,268.320461
105,61216.3296,1466409296.51,5.0662051,1.1242633,290.27217,64.415542,2.1928357,348.61697,1.5172968,1.3607635,0.0051661749,-0.03289356,0.0745356,1.5172968,1.3607635,1.4120489,1.2663736,11.855004,11.941513,0.189,0.16828,0.003059,0.03403,0.037089,59.744027,0.582694,484.252436,153.045362
107,61323.2618,1475648241.7,5.2381856,-0.13717783,300.125927,-7.859711,2.4413243,729.05255,1.6745494,1.5497209,-0.0048819458,0.011417296,0.1485332,1.6745494,1.5497209,1.4579896,1.3493044,11.716767,11.831901,0.21105,0.19342,0.004006,0.00854,0.012546,27.148834,0.764669,536.026037,177.376803
111,61569.7685,1496946413.14,2.4767271,-0.67572109,141.90601,-38.715967,1.7971532,194.44873,1.3930288,1.2319104,-0.047470122,-0.038594506,0.0425205,1.3930288,1.2319104,1.3362124,1.1816654,11.927459,11.992888,0.17247,0.15169,0.002492,0.034097,0.036589,72.484409,0.224429,327.219265,110.363569
114,63083.2449,1627710779.04,2.7444202,-1.4862271,157.243695,-85.15454,2.9367676,489.32036,1.5595805,1.387386,0.039171214,-0.030359143,0.1026564,1.5595805,1.387386,1.4143849,1.2582215,11.823247,11.929117,0.19479,0.17175,0.00331,0.032664,0.035974,37.076445,0.979097,393.647845,78.057141
115,61526.6529,1493221232.75,0.32968952,-0.79797473,18.889818,-45.720584,2.276701,264.86588,1.4076632,1.3461596,0.040072701,0.046581494,0.0573119,1.4076632,1.3461596,1.3313604,1.2731906,11.919263,11.949227,0.1744,0.16636,0.00253,0.055811,0.058341,34.615897,0.648723,300.955497,83.052771
116,64388.2673,1740464715.75,5.1284243,0.2598158,293.837068,14.886349,1.9350621,293.43968,1.5495476,1.4752513,-0.0074501573,-0.039095332,0.0632317,1.5495476,1.4752513,1.4573942,1.3875163,11.831998,11.882989,0.1934,0.18333,0.00323,0.044778,0.048008,23.933283,0.356263,858.265218,309.401713
117,62563.5008,1582804891.04,3.1017807,-0.70862947,177.718943,-40.601478,0.86431187,747.68049,1.7333567,1.5824739,-0.034153395,0.029333935,0.1520026,1.7333567,1.5824739,1.5046465,1.3736721,11.646076,11.805965,0.21979,0.19794,0.004465,0.007885,0.01235,33.336253,0.649164,1016.39188,327.90814
118,62755.3129,1599377449.21,4.0843913,1.2658593,234.018383,72.528395,2.3158491,466.43981,1.3967875,1.3885033,0.014240338,0.02470729,0.0981486,1.3967875,1.3885033,1.2719476,1.2644038,11.926358,11.92867,0.17295,0.17189,0.002562,0.042134,0.044696,67.599046,0.678011,437.300894,136.228344
119,61863.3052,1522307983.42,2.5151402,0.84237622,144.106918,48.264602,0.33771869,804.38871,1.5483913,1.3664232,0.015779753,0.047209156,0.1624872,1.5483913,1.3664232,1.3319642,1.1754308,11.832597,11.939052,0.19324,0.16901,0.003265,0.022866,0.026132,74.78006,0.943513,696.67153,230.469046
120,62648.3609,1590136798.34,5.3682316,0.66546764,307.577014,38.128487,0.70076211,258.37448,1.5369391,1.2464301,-0.01810165,-0.04284953,0.0559606,1.5369391,1.2464301,1.4554891,1.1803756,11.841762,11.983945,0.19166,0.15359,0.003643,0.054756,0.058399,37.098572,0.764351,246.712381,58.874202
121,63316.6977,1647881100.51,5.2731852,0.71180215,302.131257,40.783259,1.2761184,439.66873,1.4312542,1.4083769,0.048661271,-0.015147209,0.0928432,1.4312542,1.4083769,1.3096611,1.2887274,11.908616,11.918975,0.17748,0.17449,0.002691,0.056662,0.059353,41.916638,0.290432,644.892314,212.432908
122,63629.12,1674874384.21,2.0077762,-0.017791802,115.037102,-1.019395,1.9503137,638.53446,1.4787018,1.4611265,-0.041430616,-0.005167221,0.1314869,1.4787018,1.4611265,1.3068661,1.2913331,11.881153,11.890188,0.18379,0.18147,0.002937,0.04457,0.047507,58.324256,0.370472,1011.864826,307.070618
123,63638.5383,1675688126.21,0.70555018,0.27950434,40.425048,16.014419,2.7058516,477.58077,1.5501598,1.4111721,-0.013524043,0.03337528,0.1003465,1.5501598,1.4111721,1.4087924,1.2824797,11.831646,11.917963,0.19348,0.17486,0.003219,0.054242,0.057461,68.171747,0.906558,429.88607,120.414747
124,63022.6189,1622472690.48,3.8362108,0.08757742,219.798688,5.017817,1.4155443,302.91526,1.3296231,1.2527777,-0.0150274,-0.047872208,0.0651847,1.3296231,1.2527777,1.248256,1.1761132,11.954677,11.981966,0.16424,0.1544,0.002205,0.04382,0.046025,50.58266,0.154629,727.799769,235.261281
125,64165.2592,1721196813.96,0.26452254,-0.37696982,15.156025,-21.59878,1.9024783,292.50478,1.4393826,1.3632452,-0.0094382392,0.036123164,0.0630387,1.4393826,1.3632452,1.3540265,1.2824041,11.903043,11.940362,0.17857,0.1686,0.002661,0.044659,0.04732,38.491542,0.325634,467.536974,110.095272
126,63860.9275,1694902551.03,4.6411839,-0.3127962,265.920249,-17.921902,1.0974869,305.31711,1.5348058,1.5186549,-0.011764786,-0.022449623,0.0656789,1.5348058,1.5186549,1.4402141,1.4250586,11.84356,11.854335,0.19137,0.18918,0.003249,0.033609,0.036858,39.75731,0.455834,400.07391,122.185519
127,63649.6684,1676649767.88,6.2452573,0.1998847,357.826885,11.45255,0.9725678,481.72632,1.503296,1.4344846,-0.030461261,0.040439399,0.1011629,1.503296,1.4344846,1.3651894,1.3026997,11.865074,11.90591,0.1871,0.17792,0.002982,0.017895,0.020876,56.737089,0.56318,1003.5377,330.841543
129,61194.6193,1464533527.76,2.3095923,-0.89997378,132.329891,-51.564699,2.459659,532.97398,1.7122398,1.5962048,-0.0072547072,-0.047466458,0.1111906,1.7122398,1.5962048,1.5409056,1.4364816,11.673629,11.794217,0.2166,0.19986,0.004294,0.003274,0.007568,15.193096,0.776355,631.601375,224.68995
130,61024.0729,1449798313.78,3.8860093,-0.39857275,222.651932,-22.836536,0.76079108,684.71885,1.6280744,1.5653499,0.0037695893,0.037907298,0.1402238,1.6280744,1.5653499,1.4278551,1.3728444,11.764971,11.819844,0.20435,0.19557,0.003737,0.00983,0.013567,52.17536,0.724291,845.599206,245.074404
131,61743.5655,1511962474.62,1.9103822,-0.4255028,109.456837,-24.379515,0.65576879,771.82209,1.5977048,1.5057199,-0.0026881627,-0.0093066331,0.1564802,1.5977048,1.5057199,1.3815237,1.3019851,11.792746,11.863716,0.20007,0.18742,0.003502,0.038401,0.041902,36.329581,0.792579,749.646898,223.080507
132,63322.3326,1648367952.8,3.7665533,-0.50485578,215.807607,-28.926105,1.7766403,836.40098,1.6551228,1.6363525,-0.010137712,-0.040408168,0.1683558,1.6551228,1.6363525,1.4166256,1.4005601,11.738364,11.756197,0.20822,0.20555,0.00404,0.006391,0.010431,62.65184,0.204393,1226.919353,327.71178
133,62439.1912,1572064538.64,0.71953116,-0.69707687,41.226099,-39.939563,0.80138823,576.89082,1.5437028,1.4292993,0.023576105,0.048316863,0.1196915,1.5437028,1.4292993,1.3786858,1.2765117,11.835203,11.909633,0.19261,0.17723,0.003175,0.040984,0.04416,20.579438,0.69571,574.125835,163.98933
135,62408.4219,1569406070.81,5.8789558,-0.36531957,336.839355,-20.93127,2.8192632,558.35538,1.3921498,1.3543961,-0.023454675,0.034513193,0.1161138,1.3921498,1.3543961,1.2473189,1.2134929,11.92764,11.944986,0.17236,0.16744,0.002491,0.065203,0.067694,50.292136,0.9485,426.303261,120.135953
136,64096.0541,1715217493.0,1.0877956,-0.93325096,62.326097,-53.471341,2.6635506,524.26663,1.5733746,1.5595167,0.0014885865,0.048050949,0.1094951,1.5733746,1.5595167,1.4180996,1.4056094,11.812867,11.823285,0.19669,0.19478,0.003491,0.021028,0.024519,43.858373,0.887897,527.786325,150.180383
137,64134.47,1718536623.28,4.6260748,-0.74187415,265.054562,-42.506258,1.361949,161.82237,1.4158643,1.3624306,0.0095919762,0.024530155,0.0355645,1.4158643,1.3624306,1.3672391,1.3156405,11.916017,11.940725,0.17547,0.16849,0.002575,0.038937,0.041513,53.539532,0.207332,203.308858,61.729848
139,64182.1134,1722653017.85,0.27723363,0.85686919,15.884317,49.094988,0.79754999,553.4722,1.4897645,1.464541,-0.036089641,-0.035114268,0.1151688,1.4897645,1.464541,1.3359095,1.3132909,11.873362,11.888359,0.18529,0.18192,0.002979,0.05375,0.056729,18.891216,0.698462,596.287764,161.398495
141,62098.5733,1542635148.34,4.1894615,-0.41654151,240.038462,-23.866071,2.0136162,595.54942,1.5997892,1.4855624,-0.030143106,0.03354879,0.1232784,1.5997892,1.4855624,1.4242144,1.3225238,11.790785,11.876341,0.20036,0.18472,0.003504,0.023296,0.0268,49.799027,0.428489,1080.838407,295.1358
142,63418.6953,1656693695.77,2.338996,-0.23861764,134.014599,-13.671784,0.60829461,523.59314,1.6346208,1.3517046,-0.028561459,-0.010055573,0.1093638,1.6346208,1.3517046,1.4734759,1.2184502,11.758069,11.946571,0.2053,0.16709,0.004176,0.019746,0.023922,48.689075,0.820624,767.694771,269.556078
143,61950.7161,1529860292.02,0.56705449,0.53023299,32.489829,30.380112,0.93772536,684.92014,1.6314094,1.6160114,0.049782802,-0.046886646,0.1402617,1.6314094,1.6160114,1.4307325,1.4172285,11.761442,11.776045,0.20483,0.20265,0.003877,0.010799,0.014676,48.639606,0.591623,851.152716,247.199106
144,61667.1344,1505358831.52,6.0878719,0.4483674,348.809366,25.68956,1.8628483,149.86546,1.4420677,1.3032941,0.026476348,0.049467978,0.0329983,1.4420677,1.3032941,1.396002,1.2616614,11.902393,11.964428,0.17892,0.16086,0.002677,0.025989,0.028667,51.20926,0.287918,199.645849,65.489001
145,61646.2136,1503551273.1,1.6716207,-0.81259341,95.776811,-46.558173,1.4161733,226.98068,1.4188345,1.3706418,-0.041965826,-0.014908315,0.0493907,1.4188345,1.3706418,1.3520556,1.3061311,11.914264,11.937453,0.17586,0.16956,0.002595,0.066024,0.068618,55.588076,0.154008,410.223601,107.395638
146,62197.3767,1551171762.55,2.8172398,-0.64517575,161.41595,-36.965848,2.1398185,313.18568,1.3499356,1.3274709,0.039491263,-0.043984064,0.0672959,1.3499356,1.3274709,1.2648185,1.2437703,11.947557,11.955499,0.16685,0.16397,0.002337,0.060277,0.062614,63.29934,0.538809,386.640599,112.846098
152,62504.8517,1577737602.22,2.1289086,0.7046711,121.977478,40.37468,2.554734,764.71427,1.7508677,1.4268912,0.031237156,0.024861412,0.1551641,1.7508677,1.4268912,1.5156875,1.2352282,11.622166,11.910272,0.22247,0.17692,0.00536,0.028562,0.033922,31.189243,0.832684,889.940706,250.914319
153,63908.3221,1698997447.33,0.31444664,-0.76507391,18.016465,-43.835506,1.6948255,261.54838,1.3349625,1.2847356,-0.029046873,-0.0036038438,0.0566216,1.3349625,1.2847356,1.2634253,1.21589,11.952486,11.971029,0.16493,0.15848,0.002243,0.063768,0.066011,64.502965,0.123711,498.591229,175.156851
154,61419.6188,1483973484.67,4.7741119,-0.022494061,273.536463,-1.288815,1.1141118,456.73735,1.501248,1.1862877,0.013991686,-0.038459454,0.0962297,1.501248,1.1862877,1.3694648,1.0821525,11.866018,12.000297,0.18683,0.14598,0.003636,0.06001,0.063646,44.895341,0.440975,697.480773,187.145519
155,63572.2405,1669959994.25,1.2191877,-0.14589199,69.85431,-8.358995,0.61579192,407.00399,1.5091316,1.4516193,0.0019137002,0.048109641,0.086323,1.5091316,1.4516193,1.3892107,1.3362685,11.860737,11.896485,0.1879,0.18019,0.003026,0.025548,0.028574,19.623497,0.816316,427.172662,93.930985
156,62860.0922,1608430384.05,1.9602538,0.69764788,112.31427,39.972279,0.23216416,600.41174,1.6649883,1.5771888,-0.044497388,-0.041719789,0.1242107,1.6649883,1.5771888,1.4810287,1.4029299,11.727442,11.809925,0.20966,0.19721,0.00396,0.022406,0.026366,18.513056,0.973171,529.555262,124.400763
157,62007.8087,1534793089.63,0.13616679,1.1552326,7.801782,66.189952,0.590588,806.19144,1.4235318,1.4098856,-0.035738268,-0.034915576,0.1628186,1.4235318,1.4098856,1.224208,1.2124725,11.9113,11.918419,0.17649,0.17469,0.002674,0.045257,0.047931,35.054299,0.830613,747.142792,237.379919
158,62724.8685,1596747060.36,3.8528281,0.36127899,220.750789,20.699761,0.94861961,629.90888,1.5898173,1.4512502,0.0067428129,-0.043729672,0.1298457,1.5898173,1.4512502,1.40711,1.2844675,11.799314,11.896727,0.19897,0.18014,0.003448,0.051412,0.054861,62.093819,0.582805,1222.148086,300.674513
159,62049.7972,1538420899.9,5.3488975,0.71424288,306.469252,40.923103,0.36999163,543.82445,1.5311976,1.4909291,-0.044087982,-0.0010964803,0.1132987,1.5311976,1.4909291,1.37537,1.3391996,11.845895,11.87251,0.19088,0.18545,0.003176,0.056899,0.060075,57.460856,0.93233,512.653861,155.192376
160,63086.2868,1627973601.26,1.2212013,1.3617844,69.96968,78.024499,2.3317278,197.64324,1.4828965,1.3063975,0.0035506153,-0.03261293,0.043198,1.4828965,1.3063975,1.421491,1.2523007,11.878282,11.9633,0.18436,0.16126,0.002918,0.034049,0.036966,62.316898,0.689596,233.059418,43.16411
161,62518.4537,1578912820.27,0.85419749,1.200377,48.941911,68.776536,0.80267652,826.52323,1.5765773,1.4428047,-0.039023576,0.031979563,0.1665488,1.5765773,1.4428047,1.3514886,1.2368147,11.810325,11.902162,0.19713,0.17901,0.003367,0.020592,0.023959,46.036143,0.694784,1029.049135,300.217064
162,61575.4194,1497434649.99,5.3718585,-0.92466847,307.78482,-52.979601,2.7143407,623.65425,1.5336152,1.4675088,-0.033124696,-0.015910319,0.1286539,1.5336152,1.4675088,1.3588003,1.3002293,11.844419,11.886923,0.19121,0.18231,0.003149,0.02662,0.029768,41.41194,0.910108,577.761581,184.46315
163,61408.0408,1482973139.75,4.5540799,1.2205137,260.929558,69.930284,1.617918,513.2995,1.6221216,1.4890058,-0.012813108,0.0063772102,0.1073548,1.6221216,1.4890058,1.4648616,1.344651,11.769946,11.873906,0.20352,0.18518,0.003648,0.029462,0.03311,23.847152,0.047104,940.783274,287.361217
165,62913.4349,1613039192.26,0.18559801,0.6751724,10.633983,38.684529,2.6178135,694.90282,1.5834339,1.4384102,0.016901245,0.013900865,0.1421392,1.5834339,1.4384102,1.3863756,1.2594001,11.805049,11.903344,0.19808,0.17845,0.003415,0.053305,0.05672,34.691565,0.865935,854.105938,327.265497
167,64158.4456,1720608119.27,3.5914157,1.0817035,205.772962,61.977045,0.39030658,638.10002,1.7220644,1.4749941,-0.0023586993,-0.046912807,0.1314043,1.7220644,1.4749941,1.5220593,1.3036844,11.666893,11.883115,0.21797,0.1833,0.004609,0.031438,0.036046,41.041162,0.924792,607.001833,143.177999
168,62203.8519,1551731222.42,5.7895981,-0.27501469,331.719536,-15.757181,2.2861707,606.22686,1.5135695,1.4213696,-0.01496684,0.034668792,0.1253244,1.5135695,1.4213696,1.3450072,1.2630754,11.856912,11.912547,0.18851,0.1762,0.003018,0.017001,0.02002,20.316026,0.6559,627.08995,207.763385
169,63565.5004,1669377650.42,2.6158273,-0.3192832,149.875864,-18.29358,1.4291389,209.82171,1.4789102,1.4041122,0.0018866518,-0.020539198,0.045775,1.4789102,1.4041122,1.4141763,1.3426523,11.881027,11.921155,0.18382,0.17393,0.002851,0.04317,0.046022,28.236717,0.141184,636.694367,217.948399
171,63305.3147,1646897611.73,3.3942205,0.33221484,194.474509,19.034508,0.48578925,669.35686,1.506157,1.2588339,-0.014268797,-0.021701028,0.137327,1.506157,1.2588339,1.3242955,1.1068355,11.86341,11.97977,0.18748,0.15517,0.003247,0.03937,0.042617,50.893518,0.884307,748.846333,235.891379
172,64260.4422,1729420624.09,3.6881278,-0.58235305,211.314157,-33.366372,1.6919373,366.49919,1.5627313,1.4924033,0.0027263744,-0.047805128,0.0781643,1.5627313,1.4924033,1.4494371,1.3842077,11.821509,11.871415,0.19521,0.18565,0.003311,0.024463,0.027775,59.139787,0.120845,1035.969799,299.804773
173,63873.4336,1695983077.63,3.6232482,-1.0429928,207.59683,-59.759086,2.8032567,781.77162,1.6961899,1.5902841,-0.033198346,-0.03982991,0.1583194,1.6961899,1.5902841,1.4643542,1.3729237,11.692368,11.798999,0.21423,0.19904,0.004176,0.004825,0.009001,74.900851,0.943308,605.261846,156.970083
174,62983.1184,1619059848.29,1.6349989,0.11970944,93.678536,6.858846,1.0454228,297.9872,1.4930217,1.3746425,-0.017204266,0.0098443374,0.0641696,1.4930217,1.3746425,1.4029923,1.2917514,11.870957,11.935839,0.18573,0.17007,0.002908,0.034488,0.037396,70.9868,0.501536,586.840706,224.598677
175,63299.6067,1646404440.67,4.2365082,-0.17916126,242.73404,-10.265184,1.6323387,298.92318,1.4428212,1.4365631,0.025235414,0.028573919,0.0643625,1.4428212,1.4365631,1.3555732,1.3496935,11.902156,11.904265,0.17901,0.17821,0.002782,0.065355,0.068136,53.553912,0.061504,983.245529,345.397655
176,64144.3526,1719390485.5,0.48667678,-1.0630781,27.884525,-60.909888,0.89403531,953.1625,1.6785074,1.530458,-0.016882909,-0.021812431,0.1894712,1.6785074,1.530458,1.4111374,1.2866709,11.712573,11.846307,0.21163,0.19078,0.004041,0.015923,0.019964,40.274883,0.626271,1001.291871,311.902695
177,62398.3157,1568532898.46,3.6002255,1.1446322,206.277726,65.582594,2.4308296,776.65579,1.651815,1.5796143,0.040343228,0.01889072,0.1573741,1.651815,1.5796143,1.4272092,1.364826,11.742502,11.808344,0.20773,0.19754,0.003886,0.017233,0.021119,53.170642,0.757864,1109.20009,315.983113
179,62143.7815,1546541137.05,2.7478534,1.166954,157.440403,66.861539,2.5033937,475.07098,1.4373387,1.3695754,0.033242911,0.0097231855,0.0998519,1.4373387,1.3695754,1.3068475,1.2452362,11.903808,11.937853,0.17831,0.16942,0.002659,0.054025,0.056683,62.139097,0.80317,419.096192,101.301809
180,61037.8388,1450987689.69,1.0998779,0.18324504,63.018362,10.499167,0.45650245,592.35366,1.5580959,1.4956783,0.034714685,0.040771778,0.1226651,1.5580959,1.4956783,1.3878546,1.3322569,11.824227,11.869087,0.19459,0.18609,0.003295,0.030769,0.034064,22.100171,0.8976,538.414021,141.456723
181,63892.9288,1697667462.84,4.6476739,0.10130288,266.292099,5.804227,0.24157796,875.66559,1.7715822,1.4758545,0.010189893,-0.046745642,0.1755064,1.7715822,1.4758545,1.5070801,1.2555053,11.592396,11.882691,0.22568,0.18341,0.005308,0.022616,0.027924,39.594293,0.970962,704.023921,213.404431
183,63803.4325,1689934981.8,3.4069805,-0.25070282,195.205604,-14.364213,2.3652261,925.48106,1.678918,1.4736513,-0.035457303,-0.034621489,0.1845051,1.678918,1.4736513,1.4174003,1.2441071,11.712225,11.883772,0.21169,0.18312,0.004139,0.043274,0.047412,65.388137,0.713464,1068.486841,324.487597
184,61365.5908,1479305464.27,5.2268026,-0.20825069,299.473729,-11.931886,0.49255223,513.52839,1.5185864,1.4919583,0.015902796,0.040226576,0.1073996,1.5185864,1.4919583,1.3713085,1.3472629,11.85437,11.871746,0.18917,0.18559,0.003132,0.027464,0.030596,38.029977,0.881129,501.557947,148.067153
185,63019.0008,1622160090.05,2.0196435,-0.43051059,115.717049,-24.66644,0.87644498,974.70365,1.6909692,1.5588468,0.011502212,-0.042664309,0.1933192,1.6909692,1.5588468,1.4170301,1.3063117,11.699891,11.823702,0.21343,0.19469,0.004127,0.014038,0.018165,49.312336,0.639887,1192.355737,356.112052
187,62623.9359,1588026483.53,3.4307938,0.64122526,196.570005,36.739501,2.5600182,707.80286,1.6905396,1.5089291,-0.0048036099,0.0075662135,0.1445597,1.6905396,1.5089291,1.4770218,1.318349,11.700494,11.86094,0.21336,0.18787,0.004169,0.016434,0.020604,50.266162,0.835599,612.83851,195.909027
189,61415.4818,1483616048.48,6.0312702,0.49978689,345.566328,28.635679,1.2340786,366.51249,1.6067782,1.3804267,0.021916217,0.013001041,0.078167,1.6067782,1.3804267,1.490287,1.2803459,11.784279,11.932792,0.20135,0.17083,0.003726,0.029725,0.03345,26.068575,0.330391,587.03687,158.577794
190,64431.9888,1744242249.86,1.1854649,-0.07989711,67.922136,-4.577767,2.6738206,926.75751,1.5557781,1.5171551,0.033928392,-0.028304632,0.1847347,1.5557781,1.5171551,1.3131869,1.2805864,11.826381,11.855071,0.19427,0.18898,0.003322,0.015764,0.019086,36.734126,0.892575,1116.118515,343.935993
191,61751.4356,1512642454.37,0.52133984,0.12459066,29.870573,7.138519,2.4383925,522.48763,1.5523177,1.4319034,0.040094269,-0.0074097617,0.1091483,1.5523177,1.4319034,1.3995583,1.2909937,11.830066,11.908137,0.19377,0.17757,0.003223,0.045463,0.048686,35.070677,0.762777,595.890632,158.685882
193,61235.3196,1468050034.06,1.2222786,0.99177116,70.031405,56.824302,2.0137482,627.37287,1.484568,1.4532666,0.023208414,0.015023365,0.1293627,1.484568,1.4532666,1.3145184,1.2868024,11.877056,11.895424,0.18458,0.18041,0.002939,0.041699,0.044639,16.571803,0.428608,961.30861,280.719067
194,63081.9658,1627600265.56,0.30862576,0.80514587,17.682953,46.13146,1.9557562,322.82656,1.4989469,1.3805851,-0.022456353,-0.033389312,0.0692725,1.4989469,1.3805851,1.4018381,1.2911443,11.867157,11.9327,0.18653,0.17085,0.002938,0.019705,0.022643,16.451506,0.375522,708.956554,235.840577
195,63586.0334,1671151701.17,3.3250693,0.51664022,190.512437,29.601304,2.1316934,278.48738,1.5128897,1.2590157,-0.009056878,-0.0054826323,0.0601397,1.5128897,1.2590157,1.4270664,1.1875942,11.857358,11.97971,0.18842,0.1552,0.003312,0.032066,0.035379,64.901823,0.531946,465.128543,127.937827
197,61113.5521,1457529316.08,3.7558125,0.38693987,215.192205,22.170021,1.3115605,256.20758,1.4852431,1.2642253,0.0078673117,-0.037173772,0.055509,1.4852431,1.2642253,1.4071345,1.19774,11.876569,11.978037,0.18467,0.15586,0.003043,0.065221,0.068264,31.384249,0.256342,435.677934,187.843561
198,63305.5117,1646914631.95,5.0411405,-1.1331709,288.836075,-64.92591,2.8401796,744.59697,1.6474808,1.4732959,-0.037776548,-0.017153691,0.1514292,1.6474808,1.4732959,1.4308138,1.2795367,11.745153,11.883948,0.20714,0.18308,0.003854,0.021547,0.025402,46.084726,0.954918,998.797471,338.273813
200,62863.0216,1608683481.29,0.49164946,-0.82726102,28.169439,-47.398565,0.96624213,398.13008,1.6356719,1.554411,0.030311685,0.0032361024,0.0845427,1.6356719,1.554411,1.5081674,1.433241,11.756919,11.827901,0.20545,0.19407,0.003762,0.013158,0.01692,32.923534,0.568395,668.24206,158.898126
201,61361.4275,1478945756.68,1.981707,-0.58903659,113.543447,-33.749311,0.57356282,471.65937,1.7499772,1.3651406,-0.036077325,0.0077836687,0.0991791,1.7499772,1.3651406,1.5920765,1.2419638,11.623429,11.939564,0.22233,0.16885,0.006067,0.031499,0.037566,71.440755,0.839973,671.178989,228.764414
202,61603.8336,1499889638.39,0.37590483,0.60940753,21.53776,34.916479,1.1075276,663.77661,1.5390549,1.3842581,0.043746717,0.048235246,0.1362724,1.5390549,1.3842581,1.354477,1.2182449,11.839639,11.930623,0.19196,0.17134,0.003173,0.066313,0.069486,30.557806,0.446875,1197.713031,306.096738
203,62987.91,1619473845.51,2.4929766,0.51910815,142.837038,29.742706,0.46699952,462.30534,1.5181645,1.5153731,-0.03628728,-0.010716384,0.0973315,1.5181645,1.5153731,1.3835059,1.3809621,11.854583,11.85592,0.18912,0.18875,0.003189,0.026222,0.029411,40.779409,0.892923,378.797488,99.835994
204,62037.2516,1537336960.33,2.7077719,-0.27087169,155.143902,-15.519805,2.5127141,687.40042,1.5775712,1.4566069,-0.022527936,-0.030285412,0.1407285,1.5775712,1.4566069,1.3829506,1.2769093,11.809682,11.893213,0.19727,0.18086,0.00337,0.045779,0.049149,67.363815,0.808688,675.422811,209.799063
205,64284.1051,1731465094.34,2.0302906,-0.80946645,116.327083,-46.379011,1.639288,734.63817,1.4904561,1.343126,0.028420937,-0.013692009,0.1495749,1.4904561,1.343126,1.2965281,1.1683676,11.872859,11.950045,0.18538,0.16598,0.002913,0.056783,0.059696,65.516014,0.068438,1153.52375,277.273761
206,63865.5908,1695305463.4,4.9980363,0.59401379,286.366386,34.034483,0.89392357,195.03285,1.406251,1.3148183,-0.024966744,-0.044430631,0.0426444,1.406251,1.3148183,1.348735,1.2610419,11.919905,11.960207,0.17422,0.16234,0.002507,0.030068,0.032576,26.166085,0.626358,227.16481,52.020234
207,64442.4852,1745149141.25,0.94355497,-0.23686472,54.061718,-13.571349,0.69719857,216.89774,1.5775765,1.3888065,-0.044685992,-0.049053725,0.0472682,1.5775765,1.3888065,1.506373,1.3261231,11.809678,11.928559,0.19727,0.17193,0.003444,0.051947,0.055391,63.158599,0.766644,243.141793,40.520855
209,61908.8479,1526242879.7,1.2138507,0.8908627,69.548522,51.042673,2.5951844,457.93277,1.3802475,1.37368,0.031003711,-0.0027434687,0.0964664,1.3802475,1.37368,1.2588143,1.2528246,11.932896,11.936254,0.17081,0.16995,0.002493,0.036813,0.039305,42.491213,0.854396,425.576719,101.319274
211,64394.0327,1740962844.56,3.098499,-0.37175419,177.530916,-21.299946,0.65159435,343.67599,1.4777879,1.4478203,0.038900455,-0.043624044,0.07353,1.4777879,1.4478203,1.3765688,1.3486538,11.881679,11.899145,0.18367,0.17968,0.002907,0.048491,0.051398,43.978132,0.795118,219.253421,112.422802
212,62509.3185,1578123540.22,2.9154949,0.070592939,167.045553,4.044677,2.557693,289.26952,1.3828628,1.3433312,0.021735629,-0.04941734,0.0623706,1.3828628,1.3433312,1.3016765,1.2644658,11.931388,11.949998,0.17115,0.166,0.002448,0.050896,0.053344,23.008798,0.834319,275.785295,50.482771
214,62216.3158,1552808101.7,5.8301885,-0.5497207,334.045195,-31.496676,0.99415863,639.32483,1.5435291,1.5015275,-0.042767269,0.0070556726,0.1316371,1.5435291,1.5015275,1.3639789,1.3268631,11.835329,11.865889,0.19259,0.18687,0.003244,0.038926,0.04217,19.836091,0.545208,851.51215,256.797061
215,61176.2233,1462944114.96,2.4309434,-0.070334479,139.282797,-4.029869,0.65541865,918.9289,1.7718468,1.4567384,0.011234619,0.044471469,0.1833261,1.7718468,1.4567384,1.4973444,1.231054,11.592081,11.893123,0.22572,0.18088,0.005464,0.008785,0.01425,58.676358,0.792793,1099.848477,333.103372
217,61184.6784,1463674631.98,1.4056076,0.38842116,80.535383,22.254893,0.48351293,628.31262,1.6453269,1.5473334,-0.045333362,0.0158704,0.1295417,1.6453269,1.5473334,1.4566323,1.3698772,11.747715,11.833114,0.20682,0.1931,0.003811,0.031645,0.035456,44.787669,0.885367,1012.496159,388.072727
218,63422.0394,1656982621.8,2.7160386,0.60887332,155.617549,34.885871,0.86566507,703.18794,1.608315,1.4776606,-0.047376285,-0.044992194,0.1436945,1.608315,1.4776606,1.4062453,1.2920064,11.783217,11.88175,0.20156,0.18365,0.003559,0.027069,0.030627,41.211042,0.648134,1215.367223,321.372867
219,62602.7515,1586196145.92,0.12577348,1.1184857,7.20629,64.08451,2.384295,618.40194,1.469865,1.3915177,0.031967936,-0.012890193,0.1276517,1.469865,1.3915177,1.3034743,1.233996,11.885717,11.927776,0.18262,0.17228,0.002804,0.026771,0.029575,58.770494,0.726695,1116.957478,315.831117
220,61792.8257,1516218557.71,1.4549246,0.24253691,83.361039,13.896341,0.6855619,558.87952,1.4787859,1.3438295,-0.027538558,0.0337149,0.1162152,1.4787859,1.3438295,1.3248216,1.2039162,11.881103,11.949881,0.1838,0.16607,0.002845,0.019445,0.022291,60.930774,0.774063,712.075404,204.161726
221,63148.8961,1633383038.63,3.7300539,0.32409469,213.716346,18.569258,2.541009,848.92241,1.7566594,1.4389286,0.02822256,0.021512056,0.1706417,1.7566594,1.4389286,1.5005952,1.2291793,11.614169,11.903173,0.22336,0.17852,0.005354,0.024566,0.02992,24.53449,0.825006,937.428857,303.848913
222,61885.0034,1524182712.96,4.4135718,0.95865889,252.879037,54.927108,0.43723797,437.88834,1.535515,1.2573417,0.0090048354,-0.028515599,0.0924891,1.535515,1.2573417,1.4055197,1.1508963,11.843,11.980273,0.19147,0.15498,0.003558,0.052817,0.056375,51.613509,0.905925,536.882968,192.593794
223,63021.7111,1622394260.51,1.2100719,-1.2786817,69.332013,-73.263065,1.0607187,592.88931,1.5318353,1.4790193,0.018782991,-0.037470909,0.1227679,1.5318353,1.4790193,1.3643383,1.3172974,11.845532,11.88096,0.19097,0.18383,0.003157,0.016419,0.019576,23.121245,0.488245,1276.171018,290.188791
224,62257.2306,1556343143.09,4.031471,0.34390534,230.986274,19.704325,2.1021455,547.67258,1.5579404,1.5397115,-0.00093329315,0.0032167656,0.1140451,1.5579404,1.5397115,1.3984537,1.3820909,11.824345,11.83894,0.19457,0.19206,0.003383,0.033996,0.037379,60.082505,0.506697,842.833828,275.042272
225,63882.4328,1696760611.33,3.5367413,0.79044241,202.64035,45.289014,0.85950457,674.07484,1.6706433,1.3183432,-0.018575555,0.0035287475,0.1382176,1.6706433,1.3183432,1.4677714,1.1582523,11.721388,11.958888,0.21048,0.16279,0.005017,0.026874,0.031891,54.417309,0.652813,697.743686,239.847899
226,63872.4366,1695896937.02,3.1511528,0.73537123,180.547756,42.133668,1.1108201,524.86416,1.5357168,1.5000326,-0.018739019,-0.010904028,0.1096116,1.5357168,1.5000326,1.384013,1.3518538,11.842834,11.866601,0.19149,0.18667,0.00321,0.044451,0.047661,72.396877,0.443927,855.706274,235.754632
227,62670.7264,1592069178.39,5.5954605,1.3321121,320.596271,76.324401,0.60940499,542.92656,1.5135848,1.3667964,-0.012378166,0.0038720063,0.1131244,1.5135848,1.3667964,1.3597625,1.2278919,11.856902,11.938907,0.18851,0.16906,0.00303,0.02599,0.029019,19.137481,0.819989,511.984076,133.963873
228,62227.8669,1553806116.66,4.9835796,-0.93989845,285.538078,-53.852214,1.4896516,483.92976,1.4501962,1.4476563,-0.016816666,-0.015429258,0.1015965,1.4501962,1.4476563,1.3164495,1.3141438,11.897434,11.899266,0.18,0.17966,0.002827,0.052095,0.054922,18.423283,0.081056,846.443665,248.150746
229,62268.9593,1557356500.48,5.7147301,-0.044020889,327.429916,-2.522211,2.4526001,845.37691,1.6006523,1.4620953,0.047848611,-0.027123828,0.169995,1.6006523,1.4620953,1.3680847,1.2496594,11.789972,11.889625,0.20049,0.1816,0.003515,0.031281,0.034796,31.931224,0.771887,906.35406,304.150405
230,63820.0008,1691366490.56,1.2575132,0.19767047,72.050199,11.325684,0.93761341,400.57757,1.4194747,1.3684281,0.0072140231,-0.042298512,0.0850341,1.4194747,1.3684281,1.3082305,1.2611844,11.91383,11.938284,0.17595,0.16927,0.002594,0.066406,0.069001,30.702341,0.591714,521.052005,146.743016
231,62148.6282,1546959893.6,2.9030363,0.33186676,166.331728,19.014565,0.51506374,476.56645,1.5081448,1.4159964,0.013034416,0.030389558,0.1001467,1.5081448,1.4159964,1.3708579,1.2870978,11.861709,11.91595,0.18776,0.17548,0.002989,0.023663,0.026652,29.818728,0.870261,815.55931,272.865922
232,61731.7078,1510937972.61,5.6076887,-0.14047514,321.296895,-8.048633,0.67897107,454.60839,1.4504821,1.3973299,0.038362854,-0.0081297525,0.0958081,1.4504821,1.3973299,1.3236644,1.2751593,11.897239,11.926099,0.18004,0.17302,0.002735,0.034856,0.037591,69.375275,0.778219,599.608959,190.718974
233,61296.4092,1473328172.58,4.3114984,-0.62837488,247.030662,-36.003229,2.6095669,286.80784,1.5103122,1.4440214,0.040414873,-0.010976041,0.0618618,1.5103122,1.4440214,1.4223246,1.3598958,11.859562,11.90164,0.18806,0.17917,0.003021,0.022055,0.025077,29.972772,0.861781,310.094615,67.667524
234,62633.4259,1588846417.76,3.4314621,-0.51295783,196.608296,-29.390319,2.2632882,385.1159,1.4094372,1.3399068,-0.041511078,-0.0071911459,0.0819245,1.4094372,1.3399068,1.3027131,1.2384476,11.918579,11.950786,0.17463,0.16557,0.002532,0.066085,0.068616,31.316984,0.638457,489.811525,138.52341
235,62687.4623,1593515164.71,3.8694162,-0.84721878,221.701217,-48.54206,0.74513939,496.63119,1.5072833,1.3635211,0.046098793,-0.0079779551,0.1040916,1.5072833,1.3635211,1.3651796,1.234971,11.862504,11.940242,0.18764,0.16864,0.002994,0.06217,0.065165,60.563896,0.734993,453.366488,120.950075
236,63943.1805,1702009212.03,1.3110338,-0.68109908,75.116704,-39.024103,0.70043087,746.1009,1.5264037,1.4841393,-0.049814906,0.034490914,0.1517089,1.5264037,1.4841393,1.3253381,1.2886409,11.848918,11.877369,0.19024,0.18453,0.003145,0.027753,0.030898,41.984391,0.764565,886.688642,255.370407
237,61774.3354,1514620999.81,0.83811952,0.60308843,48.020711,34.554422,0.028362409,660.71046,1.5954862,1.3537474,-0.038754565,0.023714105,0.1356925,1.5954862,1.3537474,1.4048576,1.1920017,11.794923,11.945369,0.19976,0.16736,0.003716,0.049199,0.052915,61.602633,0.999598,623.061346,177.782673
238,62333.4695,1562930179.16,1.1488825,0.64815062,65.826118,37.136295,2.4018749,467.20433,1.3673481,1.3404387,0.011756505,0.0048374253,0.0982996,1.3673481,1.3404387,1.2449682,1.2204672,11.938694,11.950653,0.16913,0.16564,0.002402,0.060649,0.06305,18.921969,0.738659,573.162972,187.194602
239,63829.4201,1692180313.44,0.33067654,0.027722878,18.94637,1.588404,0.56521328,789.94707,1.5654428,1.498641,-0.021347508,-0.0059666386,0.159828,1.5654428,1.498641,1.3497198,1.2921235,11.819779,11.86732,0.19558,0.18649,0.003332,0.038502,0.041834,44.254272,0.844474,953.047131,283.56085
241,63882.6826,1696782197.89,0.88933544,-0.7960911,50.955167,-45.61266,2.4290075,491.75943,1.5915264,1.4475331,0.0057517098,0.030954623,0.1031355,1.5915264,1.4475331,1.4427298,1.3121989,11.798183,11.899356,0.1992,0.17964,0.003462,0.039011,0.042473,17.016816,0.756674,627.541907,181.013349
242,62346.1388,1564024807.38,3.1038789,0.51002878,177.839161,29.222497,2.576237,366.45986,1.5491891,1.2343782,0.02650469,-0.032096529,0.0781563,1.5491891,1.2343782,1.4368873,1.1448972,11.832191,11.989673,0.19335,0.15203,0.003887,0.030093,0.033979,18.759192,0.844398,425.28892,128.75928
243,62606.9341,1586557522.64,4.846853,-1.5120291,277.704221,-86.632886,0.98743065,285.99471,1.5859742,1.4130819,0.030018811,-0.044311282,0.0616937,1.5859742,1.4130819,1.4938152,1.3309695,11.802554,11.91725,0.19844,0.1751,0.003463,0.020268,0.023732,69.386247,0.550836,349.929588,101.160513
244,62061.5006,1539432071.39,4.0044558,-0.34932314,229.438417,-20.014742,2.5227178,464.56523,1.4083349,1.3677846,-0.015594678,-0.016051535,0.0977782,1.4083349,1.3677846,1.2828957,1.2459572,11.918992,11.938528,0.17449,0.16919,0.002558,0.064444,0.067002,23.354722,0.814532,470.052908,133.077819
245,64263.9421,1729723013.23,5.4543809,0.096667931,312.513005,5.538664,1.3107881,389.57784,1.3878045,1.3872379,-0.035691328,-0.008012031,0.0828231,1.3878045,1.3872379,1.2816539,1.2811307,11.928943,11.92918,0.1718,0.17173,0.002539,0.064621,0.067159,46.945241,0.257089,831.298179,265.728121
246,61415.2532,1483596292.76,0.51256723,0.50564658,29.367939,28.971415,2.1084968,446.98579,1.5470573,1.4436479,0.044359696,0.019609172,0.0942966,1.5470573,1.4436479,1.4137458,1.3192473,11.83325,11.90182,0.19306,0.17912,0.003195,0.046318,0.049513,39.665736,0.512162,965.972602,326.071991
247,64268.123,1730084243.52,5.3519914,-0.29885894,306.646519,-17.123356,0.53519597,488.45449,1.5346794,1.4482451,-0.0084923253,-0.0021113709,0.1024862,1.5346794,1.4482451,1.3920169,1.3136174,11.843656,11.898831,0.19135,0.17974,0.003135,0.032456,0.035591,35.8406,0.860169,538.791956,133.45064
248,63393.5326,1654519633.04,3.2040593,1.1657867,183.579075,66.794658,0.25601211,847.09236,1.7391325,1.4770832,-0.043964542,0.011464582,0.170308,1.7391325,1.4770832,1.4860469,1.262132,11.638905,11.882061,0.22066,0.18358,0.004822,0.015675,0.020496,68.990001,0.967408,750.200479,208.5242
249,62860.5025,1608465836.97,5.6595275,0.47928397,324.26704,27.460949,2.1792959,329.71287,1.5481813,1.3955034,0.040503075,0.035550411,0.0706813,1.5481813,1.3955034,1.4459778,1.3033789,11.8327,11.926843,0.19321,0.17279,0.00322,0.052651,0.05587,16.309404,0.571637,374.750535,111.242559
251,61114.3067,1457594517.98,0.83981345,-0.2723871,48.117766,-15.606631,2.8725667,809.10867,1.5763902,1.4356209,0.009560459,0.024279798,0.1633547,1.5763902,1.4356209,1.3550383,1.2340354,11.810451,11.904954,0.19711,0.17808,0.00337,0.057656,0.061026,54.827381,0.96403,582.292004,188.453772
252,62664.5867,1591538706.41,5.4835346,1.0148018,314.183389,58.14386,2.3213761,756.8469,1.6757795,1.5425125,0.045439443,-0.041631588,0.1537052,1.6757795,1.5425125,1.4525196,1.3370075,11.71527,11.836146,0.21123,0.19245,0.004016,0.027574,0.031589,72.803666,0.682063,905.553611,271.827376
253,62427.1184,1571021444.95,5.6664008,-0.73761495,324.660851,-42.262224,2.9139666,179.76953,1.3973919,1.3583585,0.045402958,-0.02742169,0.0393992,1.3973919,1.3583585,1.3444228,1.306869,11.926067,11.94275,0.17303,0.16796,0.002511,0.058438,0.06095,48.610091,0.974205,157.370106,23.920555
254,61564.2658,1496470986.74,4.7270539,-0.16557062,270.840238,-9.486498,2.3047972,181.81388,1.4195424,1.3823707,-0.032984564,-0.041912217,0.0398347,1.4195424,1.3823707,1.3651616,1.3294139,11.913784,11.931667,0.17595,0.17109,0.002613,0.050888,0.053501,71.209348,0.669846,231.031256,36.458061
256,63297.4336,1646216682.1,2.2996409,0.67215191,131.759718,38.511468,2.2035469,731.80044,1.4394417,1.3375081,-0.039944939,-0.038390708,0.1490458,1.4394417,1.3375081,1.2527279,1.1640164,11.903027,11.951514,0.17858,0.16526,0.002652,0.021861,0.024512,18.135473,0.591365,1040.005152,317.062276
257,64399.0282,1741394452.39,4.7611751,0.065408248,272.795239,3.747617,2.856042,322.74608,1.3254787,1.315195,-0.012135578,0.0088376633,0.069256,1.3254787,1.315195,1.2396271,1.2300094,11.956237,11.960066,0.16371,0.16239,0.002261,0.026179,0.02844,40.127599,0.959507,286.297058,59.520166
258,62967.6608,1617724314.47,5.7500315,-0.004373339,329.452537,-0.250574,1.9435364,250.21652,1.4070294,1.336087,-0.028760291,0.025558403,0.0542589,1.4070294,1.336087,1.3346147,1.2673234,11.919537,11.952039,0.17432,0.16508,0.00252,0.064751,0.067271,30.609467,0.364169,649.969168,262.58941
259,63501.6365,1663859808.8,2.0712658,0.71327951,118.674789,40.867906,0.71142627,507.0537,1.3543904,1.3337106,-0.013289801,0.031996414,0.1061335,1.3543904,1.3337106,1.2244366,1.205741,11.94499,11.953003,0.16744,0.16477,0.002358,0.049598,0.051956,58.849258,0.757431,528.051178,121.975937
260,61239.5766,1468417834.86,4.6217538,1.0408177,264.806987,59.634461,2.465213,786.36266,1.6653293,1.5774951,-0.04016226,-0.027710434,0.1591669,1.6653293,1.5774951,1.4366605,1.360887,11.727168,11.80973,0.2097,0.19726,0.003963,0.00622,0.010183,73.877825,0.779844,767.966472,200.872434
261,62461.8345,1574020917.54,4.7259967,-0.16394093,270.779665,-9.393123,2.6682302,801.15459,1.6768387,1.4241427,0.0058708569,0.017686934,0.1618923,1.6768387,1.4241427,1.4431963,1.2257097,11.714097,11.911031,0.21139,0.17657,0.0043,0.017332,0.021631,30.391804,0.89004,692.252581,192.569602
262,61407.2547,1482905223.91,0.76380595,0.18000085,43.762857,10.313289,1.8719496,294.34312,1.3728841,1.3230802,0.014644833,0.045899165,0.0634181,1.3728841,1.3230802,1.2910107,1.2441769,11.936582,11.95712,0.16985,0.1634,0.002395,0.052586,0.05498,54.250476,0.296622,625.152874,172.830932
263,63144.7854,1633027878.67,5.6923055,0.014588209,326.145081,0.835843,2.9977902,790.89863,1.5867538,1.3903947,-0.035702901,-0.0402508,0.1600035,1.5867538,1.3903947,1.3678871,1.1986126,11.801811,11.928053,0.19855,0.17214,0.003516,0.016417,0.019933,26.885858,0.989678,760.962778,236.974375
266,64284.6876,1731515422.64,4.2405911,-0.39283841,242.967973,-22.507983,2.3632611,774.43325,1.5703104,1.5283547,0.022821287,-0.015499647,0.1569632,1.5703104,1.5283547,1.3572691,1.3210055,11.815725,11.847535,0.19626,0.1905,0.003403,0.019818,0.023221,48.919815,0.712086,1199.038663,347.343723
268,63316.2221,1647840004.3,5.7721017,-0.38747946,330.717066,-22.200938,0.9992799,439.02223,1.5925966,1.4379157,0.0010612105,0.047904155,0.0927146,1.5925966,1.4379157,1.457468,1.3159115,11.797441,11.903537,0.19935,0.17838,0.003478,0.040369,0.043847,42.835949,0.540908,603.464745,157.348044
269,61268.8107,1470943659.81,1.8148269,-0.5048804,103.981922,-28.927516,1.6084017,266.61995,1.3842558,1.3575064,0.041805712,-0.037430047,0.0576766,1.3842558,1.3575064,1.3087703,1.2834796,11.930624,11.943213,0.17134,0.16785,0.002473,0.053895,0.056369,73.32032,0.037597,598.113624,168.541384
270,62241.3317,1554969478.39,2.9599966,0.92772345,169.595313,53.154638,0.16433975,424.16046,1.4008882,1.3027992,-0.034151647,0.024604137,0.0897541,1.4008882,1.3027992,1.2855085,1.1954983,11.923639,11.964608,0.1735,0.1608,0.002483,0.051952,0.054435,51.511636,0.986527,327.50776,78.667894
271,62927.3218,1614239023.94,5.8441969,-0.11301474,334.847817,-6.475268,0.37895069,919.94489,1.6213077,1.5613414,-0.044815825,-0.046621228,0.183509,1.6213077,1.5613414,1.3699158,1.3192476,11.770672,11.822278,0.20341,0.19503,0.003697,0.016031,0.019728,35.970382,0.929053,1377.099983,285.050518
272,62411.2271,1569648443.45,3.5520778,-0.51312455,203.519066,-29.399871,0.76890648,741.06832,1.5343397,1.3674949,-0.0011834272,0.023773109,0.1507726,1.5343397,1.3674949,1.3333127,1.1883277,11.843908,11.938638,0.19131,0.16915,0.003163,0.053089,0.056251,21.845747,0.718671,838.81108,253.21727
273,63917.754,1699812366.77,5.2445701,0.094288055,300.491732,5.402308,0.4687137,708.24365,1.5385355,1.4286313,-0.0047304611,-0.021963803,0.1446423,1.5385355,1.4286313,1.3441191,1.2481029,11.840185,11.909852,0.19189,0.17714,0.003147,0.027905,0.031051,24.07481,0.89215,640.36773,179.42433
274,63851.3485,1694074929.82,3.7848114,-0.77059072,216.853719,-44.151596,2.8574158,383.6585,1.6998918,1.4716445,0.045478188,0.046635211,0.0816308,1.6998918,1.4716445,1.5716008,1.3605793,11.687718,11.884789,0.21478,0.18286,0.004365,0.020115,0.02448,28.519016,0.959893,245.463862,85.775149
276,63141.4086,1632736118.48,3.2742427,-0.50111745,187.600288,-28.711915,2.4654502,360.66493,1.4230093,1.3565321,0.042004361,-0.029676974,0.0769822,1.4230093,1.3565321,1.3212932,1.2595678,11.911565,11.943755,0.17642,0.16772,0.002594,0.056525,0.059119,30.058,0.779993,404.098798,83.890909
277,62307.1028,1560652100.61,4.790031,0.095737099,274.44856,5.485332,0.90244836,329.4241,1.5251113,1.3943065,-0.030055838,-0.047963408,0.0706222,1.5251113,1.3943065,1.4245093,1.3023328,11.849951,11.927176,0.19006,0.17263,0.003078,0.049516,0.052594,66.036963,0.61969,431.327012,110.72819
279,61893.6773,1524932137.43,2.268873,1.1132985,129.996847,63.787305,1.3745557,272.71477,1.2751596,1.2749073,-0.0097883792,0.034330386,0.0589426,1.2751596,1.2749073,1.204182,1.2039437,11.974333,11.974419,0.15726,0.15723,0.002091,0.062687,0.064778,48.673367,0.194983,597.833547,208.757911
280,61370.5601,1479734811.83,5.874813,0.60689815,336.60199,34.772703,2.3210035,599.02406,1.5545541,1.4861734,-0.00077805026,-0.023856065,0.1239447,1.5545541,1.4861734,1.3831233,1.3222834,11.827741,11.875907,0.19409,0.1848,0.003266,0.044683,0.047949,46.403455,0.68179,803.636888,254.793537
281,62242.1419,1555039477.49,6.0968216,-0.6972725,349.322146,-39.950771,0.35755234,131.49476,1.4488841,1.2856204,0.036444985,-0.045107421,0.0290374,1.4488841,1.2856204,1.4079994,1.2493427,11.898362,11.97072,0.17982,0.1586,0.002736,0.04743,0.050166,21.886132,0.936756,135.14176,29.629495
282,62446.1038,1572661787.2,2.2685089,0.75730723,129.975986,43.390508,0.458061,767.95304,1.7485325,1.6079831,0.033755358,-0.022984391,0.155764,1.7485325,1.6079831,1.5128802,1.3912729,11.625736,11.783445,0.2221,0.20152,0.004588,0.001064,0.005652,66.608382,0.896912,1153.541108,376.138066
283,63365.3802,1652087270.55,1.8835973,0.31375003,107.922176,17.976553,0.97036324,428.17333,1.4086827,1.3925932,-0.048944555,-0.007113534,0.0905545,1.4086827,1.3925932,1.2917123,1.2769588,11.918858,11.927549,0.17453,0.17241,0.0026,0.03658,0.03918,58.368858,0.565,547.170454,145.6648
284,63303.5594,1646745948.87,2.0867478,-1.0546816,119.561842,-60.428804,2.2472446,464.98856,1.5809264,1.4617659,-0.016887724,-0.034371375,0.0978619,1.5809264,1.4617659,1.4400048,1.3314661,11.807336,11.889811,0.19772,0.18155,0.003389,0.026907,0.030297,19.060102,0.626027,515.700682,135.399502
285,61245.3785,1468919119.43,3.9958425,0.076123507,228.944911,4.361556,2.089067,650.29161,1.5340594,1.4412219,0.0036856622,0.0011286507,0.133719,1.5340594,1.4412219,1.3531214,1.2712338,11.84411,11.902608,0.19127,0.17881,0.003127,0.028052,0.031179,57.470106,0.495379,905.3623,270.241058
286,62383.4076,1567244834.99,3.7366092,-1.0332911,214.091937,-59.203219,0.48568384,534.57143,1.6801118,1.3352391,0.047452134,0.036380132,0.1115012,1.6801118,1.3352391,1.5115699,1.2012934,11.711165,11.952374,0.21186,0.16497,0.005005,0.060971,0.065975,47.612293,0.884356,529.032489,162.019111
287,61636.226,1502688347.45,0.94341058,0.58134498,54.053445,33.308614,0.61309606,685.86467,1.7334432,1.3439117,0.027964753,0.018420285,0.1404395,1.7334432,1.3439117,1.5199782,1.1784156,11.645948,11.949861,0.2198,0.16608,0.005995,0.030646,0.03664,19.903521,0.81787,669.238879,261.569769
288,61548.8445,1495138580.09,4.2141921,1.4744574,241.455421,84.480186,0.93860635,407.73367,1.6186891,1.3867931,5.7848308e-05,-0.015807068,0.0864693,1.6186891,1.3867931,1.4898618,1.2764218,11.773352,11.929375,0.20303,0.17167,0.00382,0.057845,0.061665,42.498038,0.590913,619.026873,211.689894
290,63895.5575,1697894588.08,2.1667949,0.63788976,124.148203,36.548391,1.8425238,460.64542,1.6289369,1.4821823,0.0040433772,0.046333095,0.0970032,1.6289369,1.4821823,1.4848972,1.3511194,11.764043,11.878804,0.20448,0.18426,0.003699,0.037368,0.041067,44.081777,0.268396,953.644791,317.671014
291,61146.7033,1460393579.53,3.9607418,-0.39396986,226.933789,-22.57281,2.15494,295.24778,1.4446743,1.4168122,0.040374533,-0.035705169,0.0636047,1.4446743,1.4168122,1.3582812,1.3320853,11.901286,11.915515,0.17926,0.17559,0.002746,0.058094,0.06084,24.946472,0.551485,409.011958,88.716527
293,62467.1401,1574479319.67,2.9569903,0.61323147,169.423064,35.135575,0.71602085,253.8231,1.4671925,1.2428435,-0.028566663,-0.045839732,0.0550117,1.4671925,1.2428435,1.3906884,1.1780377,11.88708,11.98439,0.18227,0.15314,0.002969,0.044059,0.047028,71.741889,0.754424,292.984034,60.493712
294,61588.7128,1498583203.5,1.804113,0.37750026,103.368061,21.629172,0.23073075,372.39088,1.5074588,1.4761415,0.044674779,0.036932531,0.0793562,1.5074588,1.4761415,1.3966277,1.3676129,11.862348,11.882547,0.18766,0.18345,0.003061,0.043912,0.046973,65.998522,0.9735,319.31575,68.296844
296,64077.6558,1713627875.22,1.0466466,0.2274869,59.968433,13.034039,2.4541077,494.57902,1.4717981,1.3735273,0.036464783,-0.020734258,0.103689,1.4717981,1.3735273,1.3335261,1.2444876,11.884709,11.936318,0.18288,0.16993,0.002804,0.04271,0.045515,55.14134,0.772844,540.588435,131.498387
298,62949.6418,1616167469.21,5.8786827,-0.010913643,336.823708,-0.625306,2.4580728,626.85398,1.5124067,1.4160837,-0.012170874,0.031306063,0.1292638,1.5124067,1.4160837,1.3392856,1.2539884,11.857708,11.915905,0.18835,0.17549,0.00301,0.026503,0.029513,42.737734,0.775355,935.179635,293.78681
299,61809.8322,1517687922.44,0.46975227,0.47324235,26.914822,27.114789,0.5856409,642.81265,1.5888949,1.5780873,-0.011958391,0.014195756,0.1322997,1.5888949,1.5780873,1.4032458,1.393701,11.799977,11.809355,0.19885,0.19734,0.003599,0.032987,0.036587,39.705932,0.833358,628.176714,196.961452
300,62758.4955,1599652429.64,0.19909456,-0.12609517,11.407278,-7.224721,0.28176883,634.26293,1.5921256,1.4659341,-0.016584118,-0.026402884,0.1306745,1.5921256,1.4659341,1.4081202,1.2965129,11.797776,11.887688,0.19929,0.1821,0.003458,0.026908,0.030365,54.058408,0.960565,583.398084,192.947163
301,63560.2023,1668919893.17,4.7807677,-0.015442317,273.917812,-0.88478,0.15839202,842.89441,1.6746877,1.5533405,-0.03149524,0.042490935,0.1695419,1.6746877,1.5533405,1.4319176,1.3281614,11.716596,11.829067,0.21107,0.19392,0.004007,0.007453,0.01146,47.725912,0.987482,843.899416,250.828032
302,64353.413,1737453303.9,3.8346853,0.2061824,219.711283,11.813381,0.85052097,337.67509,1.319468,1.2929497,0.020639784,0.0341461,0.072307,1.319468,1.2929497,1.2304946,1.2057645,11.958467,11.968138,0.16294,0.15953,0.002212,0.051818,0.05403,18.736386,0.659592,693.067896,247.166494
303,61771.561,1514381289.68,1.5338507,-0.39259285,87.883172,-22.493913,2.8775739,664.02854,1.641949,1.5718381,-0.026489145,-0.037752987,0.1363201,1.641949,1.5718381,1.4449705,1.3832706,11.751467,11.814293,0.20633,0.19647,0.003821,0.011944,0.015764,45.750159,0.965349,595.989732,171.507308
304,64101.6362,1715699785.89,3.2598236,-0.22885233,186.774134,-13.112273,0.13319403,644.73082,1.4685001,1.4186468,0.032141066,-0.023083486,0.132664,1.4685001,1.4186468,1.2965011,1.2524869,11.886423,11.914389,0.18244,0.17583,0.002827,0.065052,0.067879,63.384217,0.991143,524.188762,120.436438
305,64270.0644,1730251982.12,0.92949887,0.45731894,53.256362,26.202445,1.119159,358.82359,1.5783696,1.2590728,-0.01039193,0.001036924,0.0766088,1.5783696,1.2590728,1.4660568,1.1694803,11.809175,11.979691,0.19737,0.15521,0.004092,0.066698,0.07079,42.554393,0.436439,834.09742,283.872904
306,64207.4719,1724843990.67,3.6495164,-0.7063425,209.101887,-40.470444,0.92628558,476.07329,1.417788,1.3539933,-0.007749939,0.028102922,0.1000495,1.417788,1.3539933,1.2888402,1.2308476,11.914941,11.945224,0.17572,0.16739,0.002573,0.065404,0.067977,18.117395,0.600807,776.474765,226.731598
307,63223.9502,1639867719.52,1.1333215,-0.57318174,64.934539,-32.840895,2.4411384,670.37894,1.5025576,1.4194567,0.0070049728,-0.037745753,0.13752,1.5025576,1.4194567,1.3209065,1.2478521,11.86542,11.913842,0.187,0.17594,0.002965,0.035392,0.038357,62.176692,0.764549,598.406294,186.982637
310,63204.3723,1638176183.9,2.4322494,1.0281292,139.357625,58.907464,2.4656442,468.5658,1.647318,1.5325847,-0.039036749,-0.0029779996,0.0985685,1.647318,1.5325847,1.4995133,1.3950744,11.745327,11.845086,0.20712,0.19107,0.003815,0.010184,0.013999,27.081827,0.780114,482.74926,122.843451
312,62411.2372,1569649313.47,4.7868644,0.38726129,274.267127,22.188437,2.6636926,871.40831,1.4577235,1.4438979,0.027840276,0.048421521,0.1747336,1.4577235,1.4438979,1.2408971,1.229128,11.89244,11.901701,0.18101,0.17915,0.002838,0.064069,0.066907,30.51725,0.887963,879.354345,250.842239
313,63633.3926,1675243537.61,0.25149491,0.68343764,14.409597,39.158092,0.70245956,624.08674,1.4868846,1.404797,-0.020661005,0.039338805,0.1287363,1.4868846,1.404797,1.3173002,1.244575,11.875405,11.920711,0.1849,0.17403,0.002886,0.038825,0.041711,24.882381,0.763255,719.136955,188.81476
314,62859.5291,1608381729.15,2.3943979,-1.4311552,137.188894,-81.999153,0.66047941,844.92738,1.7536607,1.5554742,0.018089163,-0.022314286,0.169913,1.7536607,1.5554742,1.4989668,1.329564,11.618915,11.826713,0.22288,0.19422,0.004703,0.009526,0.014228,34.812904,0.789698,582.424262,159.234429
315,63371.0332,1652575690.74,5.9754239,0.38683036,342.36657,22.163747,0.47183317,733.22744,1.5185688,1.4444679,-0.021788994,-0.016657045,0.1493119,1.5185688,1.4444679,1.3212852,1.2568111,11.854379,11.901403,0.18917,0.17923,0.003057,0.063626,0.066683,60.40509,0.890737,681.620745,179.251985
316,62499.6027,1577284088.12,5.4411388,-0.93397711,311.754289,-53.512947,1.0934048,434.12792,1.6108287,1.6024861,-0.042803173,0.045458397,0.0917408,1.6108287,1.6024861,1.475468,1.4678265,11.781231,11.788173,0.20191,0.20075,0.003755,0.027858,0.031613,46.163152,0.459464,581.869488,157.832378
317,63560.2376,1668922948.73,1.6336887,-0.99440015,93.603468,-56.974932,2.5695192,644.60598,1.5409793,1.3678076,0.042101058,0.015851017,0.1326403,1.5409793,1.3678076,1.3605196,1.2076276,11.83761,11.938519,0.19224,0.16919,0.003209,0.031782,0.034991,27.292876,0.84078,843.294141,271.658955
318,63885.6503,1697038604.92,2.9581162,-0.75514656,169.487574,-43.266711,0.33621066,459.36579,1.5595788,1.4774123,0.014919595,0.0097264022,0.09675,1.5595788,1.4774123,1.4220003,1.3470821,11.823248,11.881885,0.19479,0.18362,0.00328,0.032577,0.035857,67.669805,0.944012,532.645288,175.04704
320,61512.5269,1492000742.0,3.0079459,1.2840389,172.342605,73.57001,2.0196205,778.5047,1.6300202,1.6097588,-0.029991402,-0.0098774763,0.1577159,1.6300202,1.6097588,1.4079622,1.390461,11.762879,11.782159,0.20464,0.20176,0.003852,0.022163,0.026014,67.774911,0.433906,1126.89333,322.329556
321,63915.254,1699596363.99,5.7900749,-0.87323536,331.746855,-50.032701,2.2527952,318.04282,1.4275431,1.4021852,0.029597201,-0.024247942,0.0682923,1.4275431,1.4021852,1.3362851,1.3125482,11.91013,11.922599,0.177,0.17367,0.002669,0.03375,0.036419,67.234706,0.630346,350.022041,86.658361
325,62891.0379,1611104089.21,6.1989485,-0.59408946,355.173586,-34.038819,2.0814387,243.15524,1.4319471,1.2875249,-0.023977054,0.046624085,0.0527828,1.4319471,1.2875249,1.3601543,1.2229729,11.908103,11.970053,0.17758,0.15884,0.002637,0.026483,0.02912,29.327773,0.488738,408.383586,129.479209
326,63956.3307,1703145388.91,2.7059897,-1.0575461,155.041789,-60.592928,0.78302715,717.99593,1.587123,1.4580658,-0.035296684,-0.0073231616,0.1464678,1.587123,1.4580658,1.384359,1.2717896,11.80147,11.892203,0.1986,0.18106,0.003429,0.039859,0.043288,42.074361,0.708781,924.260302,290.10864
327,62509.556,1578144054.0,0.47751542,0.16288504,27.359618,9.332625,1.0154619,457.37618,1.4700791,1.4023975,0.025954487,0.0069413951,0.0963562,1.4700791,1.4023975,1.3408773,1.2791441,11.885605,11.92243,0.18265,0.1737,0.002814,0.065156,0.06797,74.099379,0.527228,662.911403,214.728522
328,62326.6417,1562340260.78,0.95225813,-0.47650962,54.560372,-27.30199,1.0688141,335.01364,1.5736496,1.3574394,-0.044530586,-0.0046781925,0.071764,1.5736496,1.3574394,1.46828,1.266547,11.812621,11.943249,0.19673,0.16784,0.003494,0.05154,0.055034,61.320749,0.481164,644.882574,246.509782
329,64202.7126,1724432783.51,4.6620857,-0.011661618,267.117834,-0.668161,2.457632,893.02715,1.6816547,1.549429,-0.045920672,-0.030233351,0.1786518,1.6816547,1.549429,1.4267613,1.3145774,11.70951,11.832062,0.21208,0.19338,0.004058,0.018326,0.022384,16.630045,0.775076,1032.662593,315.510311
331,61879.0924,1523672004.51,5.4809086,-0.14758854,314.032931,-8.4562,0.4125869,387.41105,1.4948117,1.3263107,-0.00084946711,0.021303213,0.0823869,1.4948117,1.3263107,1.3810327,1.2253574,11.869673,11.955931,0.18597,0.16382,0.002962,0.022384,0.025346,18.912275,0.916087,523.043817,181.952532
332,63954.7431,1703008225.17,1.1147251,0.961756,63.869044,55.10456,0.94262435,245.49643,1.5166222,1.4802267,-0.0068339104,0.034999299,0.0532725,1.5166222,1.4802267,1.4399143,1.4053596,11.855322,11.880181,0.18891,0.18399,0.003101,0.045177,0.048278,42.835883,0.587667,399.894682,101.307394
334,62694.072,1594086239.13,2.7437606,-0.18709931,157.205902,-10.720001,2.5482786,467.49745,1.4800421,1.408513,-0.0029219138,0.016201249,0.0983575,1.4800421,1.408513,1.3475049,1.2823812,11.880304,11.918923,0.18397,0.17451,0.00286,0.06755,0.07041,69.553212,0.829092,466.99344,110.464323
335,62799.334,1603180879.83,1.0586328,-0.79662894,60.655191,-45.643476,2.7444862,753.79977,1.6509067,1.4214215,-0.028461056,0.037808953,0.1531396,1.6509067,1.4214215,1.4316625,1.2326535,11.742995,11.912513,0.20761,0.17621,0.004021,0.020183,0.024205,47.322108,0.922184,916.766038,340.104455
336,62079.639,1540999226.32,3.2825398,-1.1922261,188.075677,-68.309524,0.50946362,190.86098,1.4584231,1.4125554,-0.00028065797,0.014449518,0.0417588,1.4584231,1.4125554,1.3999623,1.3559332,11.891956,11.917454,0.18111,0.17503,0.002784,0.043732,0.046516,44.86875,0.873006,176.026401,34.274063
338,63005.6477,1621006379.47,5.5112781,0.27991721,315.772975,16.038075,0.14151438,826.69371,1.6490542,1.5539804,0.025505179,-0.022002728,0.16658,1.6490542,1.5539804,1.4135801,1.3320822,11.743832,11.828379,0.20736,0.19401,0.003839,0.030624,0.034463,21.328422,0.990004,858.869438,270.489912
339,62138.2392,1546062283.75,4.5391755,-1.2388617,260.075599,-70.981547,2.8385888,774.20606,1.7490571,1.4747975,0.048825796,0.037344337,0.1569212,1.7490571,1.4747975,1.5118205,1.2747606,11.624878,11.883211,0.22219,0.18327,0.004973,0.023193,0.028166,54.406806,0.954444,794.83621,268.22574
340,61137.4429,1459593488.87,3.1067007,-0.60668804,178.000838,-34.760664,2.8892045,572.25609,1.4816276,1.4555551,0.012827949,0.020877423,0.1187983,1.4816276,1.4555551,1.3243027,1.3009987,11.879205,11.893931,0.18418,0.18072,0.002934,0.051412,0.054346,64.32619,0.968319,584.540469,159.664575
341,61951.9951,1529970796.26,2.9706448,-0.047163587,170.205409,-2.702274,2.3934337,867.35905,1.568279,1.4541523,0.043539604,0.035747785,0.1739979,1.568279,1.4541523,1.3358448,1.2386327,11.817547,11.894854,0.19597,0.18053,0.003315,0.04792,0.051235,37.8252,0.732943,863.135189,272.872593
343,61022.3267,1449647440.73,5.2706069,-1.0437053,301.983531,-59.799909,0.82526049,582.45096,1.4577566,1.3651529,-0.019392977,-0.024464438,0.1207619,1.4577566,1.3651529,1.3006835,1.2180579,11.892417,11.939559,0.18102,0.16885,0.002739,0.03601,0.038749,61.536711,0.678366,703.06489,169.102822
344,64424.2418,1743572905.61,4.1440716,-0.33546595,237.437813,-19.220783,1.8442885,198.96456,1.2941843,1.1393019,-0.043078517,0.0087207917,0.043478,1.2941843,1.1393019,1.2402603,1.0918313,11.9677,12.012647,0.15969,0.14006,0.002116,0.03327,0.035386,72.868599,0.270095,303.187454,81.426351
345,64380.1152,1739760374.25,2.9774141,0.78322457,170.593262,44.875462,1.6721365,418.83507,1.460049,1.4386423,-0.047609718,-0.0019243392,0.0886906,1.460049,1.4386423,1.3411055,1.3214427,11.890866,11.903264,0.18132,0.17848,0.002834,0.058098,0.060933,27.225988,0.101167,989.016514,323.364269
347,62383.0435,1567213379.96,1.2616816,0.74760266,72.289031,42.834477,2.2126536,755.6756,1.6092892,1.2709343,0.026551376,0.01562218,0.1534878,1.6092892,1.2709343,1.3951506,1.1018186,11.782522,11.975785,0.2017,0.15672,0.004456,0.058538,0.062993,46.399778,0.598684,997.989939,274.972729
348,63549.298,1667977764.35,5.5979622,-1.480296,320.739608,-84.814713,2.4322541,535.05216,1.6747047,1.5412567,0.045033581,-0.0079766753,0.1115947,1.6747047,1.5412567,1.5065785,1.3865275,11.716575,11.837329,0.21108,0.19227,0.004008,0.027622,0.03163,32.228277,0.758793,658.381404,179.359504
349,62210.3213,1552290182.16,3.5379181,0.70234676,202.707775,40.241505,0.46189913,769.50118,1.5005214,1.4583897,-0.024127149,0.048278857,0.1560506,1.5005214,1.4583897,1.2979721,1.2615275,11.866362,11.891979,0.18673,0.1811,0.003004,0.061337,0.064341,62.571265,0.895208,850.159295,275.687454
350,63348.826,1650656988.7,1.0446722,1.1091473,59.855308,63.549459,2.3581423,436.52499,1.4124915,1.3855019,-0.045765837,-0.039986507,0.0922179,1.4124915,1.3855019,1.2932323,1.2685215,11.917478,11.929984,0.17503,0.1715,0.002598,0.044097,0.046695,49.655602,0.708483,610.25789,221.778482
351,63819.0052,1691280463.02,4.5857241,-0.04787565,262.742637,-2.743073,0.63906986,427.17817,1.5052681,1.4350329,-0.043825716,-0.0056546073,0.0903561,1.5052681,1.4350329,1.3805289,1.316114,11.864008,11.905436,0.18736,0.178,0.002991,0.041581,0.044571,53.074945,0.802651,447.54919,113.396815
352,64313.6469,1734017506.39,4.1111756,-0.80798741,235.553011,-46.294268,2.7746731,488.807,1.6295757,1.4078231,0.038404111,0.029503165,0.1025555,1.6295757,1.4078231,1.4779988,1.2768728,11.763353,11.919196,0.20457,0.17442,0.003854,0.051282,0.055136,62.87485,0.933437,522.323131,155.644559
353,62400.743,1568742610.22,0.34668035,0.14332217,19.863321,8.211755,2.4300959,627.00726,1.7212873,1.4722247,-0.02398112,0.025280398,0.129293,1.7212873,1.4722247,1.5242167,1.3036694,11.670506,11.88449,0.2178,0.18293,0.00461,0.026484,0.031095,38.758228,0.757385,1131.990569,378.924729
354,63741.5429,1684587728.05,3.623863,-0.91990841,207.632055,-52.706869,0.32439481,698.24002,1.5991836,1.5076861,-0.033531226,-0.039274862,0.1427659,1.5991836,1.5076861,1.3993973,1.3193306,11.79135,11.862141,0.20028,0.18769,0.003512,0.040606,0.044118,69.905404,0.947844,566.075706,195.039932
355,61930.7496,1528135181.47,0.40708754,0.19537013,23.324398,11.193884,1.2616038,278.26714,1.4397065,1.3568875,-0.033291112,0.0034948286,0.060094,1.4397065,1.3568875,1.3580932,1.279969,11.90296,11.943556,0.17862,0.16777,0.002659,0.05896,0.061619,46.981732,0.30429,424.654176,121.538659
357,64466.1631,1747194906.67,1.8676142,-0.50223232,107.006411,-28.775792,1.9720442,394.20696,1.4639465,1.3924899,-0.032350927,-0.027352927,0.0837543,1.4639465,1.3924899,1.3508103,1.284876,11.888652,11.92757,0.18184,0.1724,0.002781,0.063085,0.065866,24.477289,0.390567,667.328141,172.828019
360,61090.1936,1455511144.67,0.17868476,0.56218194,10.237883,32.210652,0.97274572,294.2027,1.4151407,1.4000029,-0.021147368,0.0062591883,0.0633891,1.4151407,1.4000029,1.3307835,1.3165481,11.916368,11.924334,0.17537,0.17338,0.002631,0.034945,0.037576,56.753947,0.563032,599.561923,198.67524
361,63112.3508,1630225529.09,4.184513,0.89913685,239.754934,51.516747,0.89762242,984.28934,1.624311,1.5687589,-0.027167742,-0.026919392,0.1950269,1.624311,1.5687589,1.3592254,1.3127394,11.768306,11.817129,0.20382,0.19604,0.003725,0.019147,0.022872,62.595681,0.623471,1110.425312,331.185366
362,63308.2709,1647153026.85,5.1849131,1.283024,297.073638,73.51186,1.9245565,480.78236,1.5472779,1.4133207,-0.047014198,0.045533877,0.1009771,1.5472779,1.4133207,1.4053679,1.2836967,11.833142,11.917155,0.19309,0.17513,0.0032,0.021,0.0242,34.005701,0.346428,873.500863,281.9938
363,63408.1594,1655783394.46,3.7330024,0.67793324,213.885282,38.842713,1.9594022,852.5894,1.6735388,1.5112994,-0.046825673,0.014652881,0.1713102,1.6735388,1.5112994,1.4287751,1.290264,11.718012,11.858629,0.2109,0.1882,0.004019,0.02588,0.029898,66.430755,0.378899,1257.385742,304.042022
364,61421.3565,1484123621.83,1.2351592,-1.1325008,70.769409,-64.887516,2.8738631,514.61521,1.4105417,1.3741183,0.02664902,0.016820015,0.1076119,1.4105417,1.3741183,1.2734982,1.2406135,11.918186,11.936068,0.17477,0.17001,0.002574,0.019317,0.02189,69.368595,0.964374,381.093981,98.060544
366,64284.8542,1731529824.52,4.9357014,0.085454877,282.794859,4.896204,0.54964161,692.06858,1.6063547,1.5961321,-0.012122956,0.030736804,0.1416065,1.6063547,1.5961321,1.4071002,1.3981456,11.78459,11.794289,0.20129,0.19985,0.003718,0.020285,0.024003,31.614269,0.852712,743.957309,217.575086
367,61634.1415,1502508241.58,0.69895372,0.55931534,40.047098,32.046408,1.2786084,475.61881,1.4828137,1.4453663,-0.022568069,0.035976149,0.0999599,1.4828137,1.4453663,1.3480616,1.3140173,11.878343,11.900866,0.18435,0.17935,0.002919,0.043929,0.046848,74.011288,0.288048,831.772898,242.236209
369,63179.6369,1636039047.14,4.4780977,0.37416013,256.576098,21.437796,0.24194822,713.34795,1.5186591,1.5044894,0.044489892,-0.039881297,0.1455982,1.5186591,1.5044894,1.3256473,1.3132784,11.854333,11.864463,0.18918,0.18726,0.003162,0.028651,0.031812,23.442692,0.970873,658.709087,234.462722
370,61779.3663,1515055664.33,6.1018659,-0.0031120339,349.611163,-0.178306,2.2414479,607.21834,1.4811213,1.3924303,0.030773186,-0.0086636479,0.1255142,1.4811213,1.3924303,1.3159508,1.2371504,11.879564,11.927582,0.18412,0.17239,0.002853,0.047416,0.050269,27.12094,0.621497,679.921889,227.460618
372,62075.2575,1540620662.51,6.2214986,0.15285842,356.465612,8.758142,0.58370069,650.17825,1.4525804,1.4240623,-0.042399241,-0.011214993,0.1336975,1.4525804,1.4240623,1.2812769,1.2561219,11.895864,11.911064,0.18032,0.17655,0.002783,0.018648,0.021432,26.05349,0.834429,741.136008,213.835617
373,62912.6049,1612967481.02,2.4452153,-0.73338784,140.100517,-42.020028,1.2844428,288.14916,1.5332287,1.3195118,0.012654323,-0.012812988,0.0621391,1.5332287,1.3195118,1.4435292,1.2423155,11.844678,11.95845,0.19115,0.16294,0.003263,0.019134,0.022397,68.639383,0.282456,826.408794,242.405053
375,62460.177,1573877707.77,3.6222808,-0.70460259,207.541402,-40.370755,2.4244473,851.65287,1.5921655,1.5153936,0.039723774,-0.046260943,0.1711395,1.5921655,1.5153936,1.3595011,1.293948,11.797749,11.85591,0.19929,0.18875,0.003482,0.045249,0.048731,54.257553,0.753685,1005.786313,325.698043
376,61560.7896,1496170639.74,1.112374,-0.45231523,63.734335,-25.915754,1.1087505,432.25344,1.5509055,1.2547401,0.026009734,0.035844526,0.0913676,1.5509055,1.2547401,1.4210661,1.1496952,11.83117,11.981212,0.19358,0.15465,0.003757,0.036161,0.039918,24.126257,0.44578,678.396252,222.96086
377,61598.2774,1499409586.09,6.0594999,-1.4283774,347.18377,-81.839997,0.91577464,470.77769,1.5249938,1.3053442,-0.00075289201,0.0019263637,0.0990051,1.5249938,1.3053442,1.3876131,1.1877508,11.850047,11.963684,0.19004,0.16112,0.003238,0.023892,0.027131,41.419405,0.609176,687.557894,207.092871
378,62463.5068,1574165401.94,0.31640906,1.0478205,18.128904,60.035692,0.21016601,778.38045,1.5357309,1.4856517,-0.012233324,-0.034184802,0.1576929,1.5357309,1.4856517,1.3265443,1.2832865,11.842822,11.876277,0.1915,0.18473,0.003184,0.039635,0.042819,51.917882,0.977996,824.264435,279.365738
380,63650.4904,1676720790.63,1.463866,1.4391909,83.873344,82.459564,0.90480291,540.76697,1.6124261,1.4656458,0.031973136,-0.0034519734,0.1127052,1.6124261,1.4656458,1.4491046,1.3171915,11.779656,11.887826,0.20214,0.18207,0.003594,0.046474,0.050068,20.007845,0.617841,803.480417,276.958877
381,64142.8763,1719262927.21,4.6709487,0.91021055,267.625647,52.151223,1.0480541,688.33946,1.568888,1.4964801,-0.0055338608,0.025115903,0.1409052,1.568888,1.4964801,1.3751256,1.3116603,11.817015,11.868573,0.19606,0.1862,0.003345,0.023738,0.027083,67.944982,0.499258,1009.330134,295.810478
382,61294.4468,1473158623.07,4.9539067,1.0216079,283.837946,58.533821,1.9412484,186.15358,1.7066093,1.3349188,-0.032176644,-0.02772066,0.0407583,1.7066093,1.3349188,1.6397749,1.2826406,11.679872,11.952503,0.21577,0.16493,0.005524,0.043065,0.048589,63.216212,0.362037,522.426847,193.006479
385,62375.8637,1566593039.65,5.1592255,-0.68512814,295.601847,-39.254951,1.5370605,284.13052,1.5391304,1.3974147,0.0088185102,0.040095797,0.0613081,1.5391304,1.3974147,1.4502202,1.3166909,11.839559,11.926055,0.19197,0.17303,0.00316,0.020899,0.024059,45.312406,0.033729,637.837694,258.358523
387,61350.8595,1478032676.47,3.4886629,0.080768324,199.88566,4.627684,0.5337279,511.25365,1.5822327,1.4778079,0.029474226,-0.00082878345,0.106955,1.5822327,1.4778079,1.429356,1.3350208,11.806189,11.881668,0.19791,0.18367,0.003399,0.016809,0.020209,73.027597,0.860917,580.086189,171.425327
388,61058.0737,1452735984.14,0.47078075,0.39434089,26.97375,22.594069,2.5590731,878.29429,1.8014642,1.4268027,-0.048680847,0.034772215,0.1759832,1.8014642,1.4268027,1.5318791,1.2132849,11.545444,11.910291,0.23042,0.17691,0.006397,0.017982,0.024379,40.065659,0.835079,795.988383,231.274258
390,63316.0154,1647822147.63,2.94292,-1.3226845,168.616895,-75.784239,2.5216141,682.45251,1.6444012,1.5355272,-0.029586275,-0.023912565,0.139797,1.6444012,1.5355272,1.4427141,1.3471936,11.748838,11.84299,0.20669,0.19147,0.003797,0.025514,0.029312,74.046619,0.813891,634.11297,169.802812
393,63108.573,1629899129.25,1.3695349,0.13089915,78.46857,7.499969,1.9254089,345.54621,1.5389103,1.4439904,0.049869284,0.04717083,0.0739108,1.5389103,1.4439904,1.4329964,1.3446093,11.839792,11.901655,0.19194,0.17917,0.003153,0.046862,0.050015,55.0752,0.347227,557.497088,138.031116
394,61570.5669,1497015398.02,5.0820912,-0.59009727,291.182377,-33.810083,2.6364608,247.06892,1.3489904,1.2827183,-0.0053395119,0.0092757903,0.0536013,1.3489904,1.2827183,1.2803614,1.2174608,11.948042,11.971731,0.16673,0.15823,0.002284,0.056052,0.058337,53.080276,0.875111,225.659808,48.892165
395,61818.3449,1518423418.73,5.3759443,0.235139,308.018919,13.472472,2.2005083,328.34828,1.4100559,1.3405172,-0.033829598,-0.027696412,0.0704023,1.4100559,1.3405172,1.317314,1.2523489,11.918358,11.950634,0.17471,0.16565,0.002534,0.068763,0.071298,24.957294,0.588912,608.539696,265.61802
396,61082.9771,1454887642.7,0.71145964,0.066431899,40.763635,3.806267,0.25493645,662.6222,1.5585142,1.4012596,-0.0013524811,0.026898986,0.1360541,1.5585142,1.4012596,1.3718662,1.2334444,11.823926,11.923341,0.19465,0.17355,0.003283,0.04178,0.045063,67.915665,0.967679,614.195397,193.775255
397,63922.3152,1700206453.0,2.4101748,0.64676222,138.092844,37.056746,1.4787157,204.72134,1.3982899,1.3385649,0.018434106,0.027945333,0.0446968,1.3982899,1.3385649,1.3384648,1.2812951,11.925548,11.951166,0.17315,0.1654,0.002491,0.034516,0.037007,40.649381,0.091951,455.678839,126.818195
398,64411.4171,1742464854.25,4.6512595,-0.66582073,266.497539,-38.148718,0.65125817,600.54722,1.6124677,1.4867124,0.031145449,-0.047214117,0.1242367,1.6124677,1.4867124,1.4342778,1.3224194,11.779613,11.875526,0.20214,0.18487,0.003584,0.0452,0.048783,24.734004,0.795322,615.144427,178.037755
399,61474.1084,1488681381.93,5.2590401,1.0446633,301.320802,59.854798,2.3921413,593.77452,1.5096311,1.5026621,0.011301114,0.025135695,0.1229378,1.5096311,1.5026621,1.3443586,1.3381525,11.860237,11.865372,0.18797,0.18702,0.00313,0.028301,0.03143,15.756451,0.732063,660.509377,212.314974
400,61810.1632,1517716522.64,2.0578375,0.50332838,117.905404,28.838592,0.60038585,607.18229,1.5480546,1.3338317,0.02496155,-0.017345463,0.1255073,1.5480546,1.3338317,1.3754283,1.1850938,11.832762,11.952952,0.1932,0.16479,0.003345,0.039515,0.042859,48.585341,0.825118,666.608097,180.83573
401,64039.4333,1710325458.04,4.1277535,-0.34462831,236.502854,-19.745748,1.8976815,241.16614,1.4456519,1.2960661,0.015238322,0.020602068,0.0523665,1.4456519,1.2960661,1.3737152,1.2315729,11.900682,11.96703,0.17939,0.15993,0.002704,0.021647,0.024351,46.643977,0.321095,399.327182,122.513105
402,64242.6233,1727881070.5,5.968359,0.36857225,341.961781,21.117634,0.64317763,630.87107,1.4657997,1.3535889,-0.017045785,-0.019205795,0.130029,1.4657997,1.3535889,1.2971346,1.1978356,11.887752,11.945463,0.18209,0.16733,0.002774,0.018656,0.02143,58.161217,0.800194,742.948913,251.457969
403,62468.6958,1574613738.56,0.35254943,0.95609993,20.199594,54.780491,3.0211849,630.40159,1.5453116,1.5389427,0.023975607,0.014839471,0.1299396,1.5453116,1.5389427,1.3676055,1.361969,11.834172,11.839757,0.19283,0.19195,0.003339,0.053844,0.057182,68.415483,0.99276,528.257598,130.892534
404,61177.1787,1463026653.61,5.1186611,-0.57468008,293.277678,-32.926743,1.0142186,487.74768,1.5860505,1.4114962,0.031926562,0.043292103,0.1023473,1.5860505,1.4114962,1.4387938,1.280446,11.80248,11.917846,0.19845,0.1749,0.003467,0.055664,0.05913,19.764395,0.528284,717.498772,203.40365
405,61137.8714,1459630508.51,4.899307,-0.35842646,280.709614,-20.536323,0.94344153,929.73285,1.7662493,1.4700708,0.018247101,0.02425542,0.1852695,1.7662493,1.4700708,1.4901668,1.240284,11.600966,11.885609,0.22483,0.18265,0.005264,0.019904,0.025169,58.889789,0.587005,1333.060078,302.145703
406,63008.8245,1621280857.5,1.4531135,0.40326562,83.257271,23.105418,2.327544,451.12931,1.5960413,1.4812792,-0.018287426,0.0034751914,0.0951186,1.5960413,1.4812792,1.4574142,1.3526199,11.794378,11.879453,0.19983,0.18414,0.003481,0.031317,0.034798,26.244717,0.68656,558.125782,196.768968
409,62375.1329,1566529898.93,3.2570612,-0.94377308,186.61586,-54.074214,2.7086471,324.27723,1.4037194,1.3733123,0.0023069745,0.020855899,0.0695695,1.4037194,1.3733123,1.3124153,1.2839861,11.921429,11.936407,0.17388,0.1699,0.002552,0.026529,0.029081,66.490623,0.907734,314.935793,58.114703
411,61100.2835,1456382912.1,4.7064599,0.18233549,269.660289,10.447054,0.96234999,223.75406,1.4057224,1.3652017,0.043902162,0.02439213,0.0487121,1.4057224,1.3652017,1.3404273,1.3017888,11.920178,11.939539,0.17415,0.16885,0.002546,0.025666,0.028213,64.143811,0.571593,307.462389,71.796116
412,63041.3834,1624093941.44,5.7248674,0.068417465,328.01074,3.920032,2.4977144,815.92485,1.552991,1.47899,0.026843128,0.020461886,0.1646061,1.552991,1.47899,1.3334903,1.2699487,11.829425,11.880979,0.19387,0.18383,0.00325,0.026654,0.029903,47.447625,0.799774,1041.197564,315.629485
413,61039.5589,1451136305.06,5.8730696,0.19192226,336.502101,10.996335,0.27638362,601.61587,1.6036935,1.5208592,0.025532761,-0.030557632,0.1244414,1.6036935,1.5208592,1.4262134,1.3525464,11.786959,11.853102,0.20092,0.18948,0.003549,0.032787,0.036335,57.614568,0.962049,508.798004,123.939392
414,63755.8019,1685819698.14,0.9893524,0.10512127,56.685717,6.023005,2.5496517,411.47786,1.3702588,1.3682851,-0.033296015,0.037225403,0.0872192,1.3702588,1.3682851,1.2603336,1.2585182,11.937597,11.938338,0.16951,0.16925,0.002459,0.055105,0.057564,33.861007,0.829859,457.284191,135.011285
416,62072.5149,1540383703.59,0.61903444,1.0636603,35.468061,60.943246,2.4939905,475.52356,1.4448937,1.4121021,-0.0022338703,0.038454757,0.0999411,1.4448937,1.4121021,1.31361,1.2837979,11.901157,11.917624,0.17929,0.17498,0.002738,0.051226,0.053965,43.270074,0.797533,561.353919,153.897889
417,61140.903,1459892438.11,5.3866849,-0.23214516,308.63431,-13.300938,0.26083712,462.77281,1.5648773,1.4108266,-0.0052877955,-0.014280259,0.0974239,1.5648773,1.4108266,1.4259552,1.2855804,11.82017,11.918086,0.1955,0.17481,0.003315,0.029788,0.033103,64.298214,0.966174,334.492896,111.065999
419,63059.2328,1625636129.63,2.1702203,0.99206918,124.344464,56.841377,1.6568574,653.60809,1.429959,1.4068606,-0.0065470516,-0.0019853517,0.1343477,1.429959,1.4068606,1.2606003,1.2402376,11.909361,11.919613,0.17731,0.1743,0.002685,0.066756,0.069441,42.555912,0.085955,1192.017502,272.765238
421,62391.8955,1567978184.92,2.2934744,1.4073471,131.406404,80.635049,0.51649189,794.03248,1.4466556,1.4374991,0.0063910981,0.0048335302,0.160581,1.4466556,1.4374991,1.2464926,1.238603,11.899993,11.903727,0.17952,0.17833,0.002794,0.054766,0.057559,36.467896,0.869557,765.421719,250.587376
422,64408.3014,1742195663.0,3.1750016,-0.57729427,181.914192,-33.076525,1.725003,113.28836,1.4769128,1.3146247,-0.037402269,0.0035647141,0.0250898,1.4769128,1.3146247,1.4407643,1.2824483,11.882151,11.960279,0.18355,0.16232,0.002865,0.046389,0.049254,44.652747,0.153596,121.649208,9.813166
424,62904.6953,1612284093.54,6.0153612,0.7437063,344.654809,42.611232,0.6782167,448.50413,1.3819196,1.359132,-0.030791155,-0.0052007696,0.0945979,1.3819196,1.359132,1.2624906,1.2416724,11.931926,11.94234,0.17103,0.16806,0.00247,0.049684,0.052154,64.694955,0.778693,588.055105,258.671399
425,61963.3371,1530950746.35,3.0767364,-0.6931162,176.28401,-39.712633,2.16194,494.5588,1.5386773,1.3607552,0.0058309612,-0.014865017,0.103685,1.5386773,1.3607552,1.3941272,1.2329199,11.840037,11.941517,0.19191,0.16828,0.003205,0.03827,0.041475,35.112483,0.557311,872.050561,273.501367
426,63483.036,1662252730.67,1.8329844,-0.37156826,105.02227,-21.289293,0.38186379,540.20354,1.5348411,1.5094031,0.036172567,0.031978805,0.1125957,1.5348411,1.5094031,1.3795137,1.3566501,11.843533,11.860465,0.19137,0.18793,0.003227,0.026058,0.029286,25.425696,0.927972,428.156067,112.830753
428,61950.222,1529817599.57,4.9870554,0.37350348,285.737227,21.400173,2.225737,383.42105,1.4640927,1.4371607,0.0011990693,-0.045445145,0.0815829,1.4640927,1.4371607,1.3536574,1.3287568,11.888579,11.903903,0.18186,0.17829,0.002844,0.03501,0.037853,57.720841,0.609112,530.228039,117.695548
429,64164.8515,1721161589.32,3.451641,-0.45997711,197.764462,-26.354747,0.82583592,221.51086,1.5707858,1.402504,-0.0081224687,0.0087081099,0.04824,1.5707858,1.402504,1.4984982,1.3379607,11.815282,11.922347,0.19632,0.17372,0.003367,0.053107,0.056474,64.558693,0.677943,283.512011,47.52066
430,62311.5269,1561034341.88,2.8759808,0.19791073,164.781562,11.33945,2.8871651,937.24777,1.7800433,1.7514818,-0.026701315,0.021511271,0.1866191,1.7800433,1.7514818,1.5000967,1.476027,11.580043,11.621411,0.227,0.22256,0.005088,0.000104,0.005193,21.038249,0.967808,760.68739,213.445493
431,62924.54,1613998671.38,5.7257444,-0.17592193,328.060989,-10.079584,2.5546904,795.9009,1.6809584,1.5592746,-0.017803968,0.038162497,0.1609252,1.6809584,1.5592746,1.4479472,1.343131,11.710301,11.823431,0.21198,0.19475,0.004053,0.008372,0.012425,29.392447,0.83266,928.420895,338.669098
432,61177.0059,1463011724.6,4.3477904,0.98410048,249.11004,56.384804,0.41371418,436.16135,1.4949264,1.46969,-0.027910153,0.018924739,0.0921456,1.4949264,1.46969,1.3687978,1.3456906,11.869594,11.885808,0.18599,0.1826,0.003006,0.018587,0.021594,23.518319,0.915634,396.300113,90.303895
436,62491.4243,1576577480.36,0.27656104,-0.40902773,15.84578,-23.435563,2.9690568,807.94841,1.7682191,1.6606877,-0.037010063,-0.029996004,0.1631415,1.7682191,1.6606877,1.5202098,1.4277607,11.597816,11.731786,0.22514,0.20904,0.004775,0.000112,0.004887,35.876485,0.985153,1019.663042,315.434413
437,63913.2724,1699425152.39,5.0471351,-0.36595503,289.17954,-20.967679,0.66751033,500.22467,1.5043849,1.4860323,-0.041154164,0.034608562,0.1047962,1.5043849,1.4860323,1.3616855,1.3450737,11.86452,11.876007,0.18724,0.18478,0.003072,0.05699,0.060062,42.021059,0.785365,846.676503,284.917884
438,63819.7708,1691346616.74,1.6834542,0.66687951,96.454821,38.209381,2.4216331,442.63961,1.4437737,1.414924,0.01720928,-0.009090934,0.0934336,1.4437737,1.414924,1.3204036,1.2940191,11.901761,11.916469,0.17914,0.17534,0.00274,0.053442,0.056182,59.92958,0.751832,606.929266,196.689466
439,61785.115,1515552350.2,5.2406398,-1.4487561,300.266542,-83.00761,2.2649077,893.49653,1.6949674,1.6479774,0.028325985,0.048307501,0.1787367,1.6949674,1.6479774,1.4379526,1.3980879,11.693809,11.74466,0.21405,0.20721,0.004267,0.002876,0.007142,54.068855,0.639703,1049.973515,324.790644
440,61791.2767,1516084729.07,2.1472155,-0.68016122,123.026386,-38.970367,0.57629666,960.01712,1.5213065,1.4165114,-0.0086473882,-0.0077528444,0.1906973,1.5213065,1.4165114,1.2776602,1.1896487,11.852821,11.915679,0.18954,0.17555,0.003054,0.021506,0.02456,52.255714,0.838486,882.955892,286.145696
441,63860.5686,1694871544.41,2.6300483,0.47915627,150.690668,27.453632,1.1362782,454.62173,1.5186825,1.4199694,0.013003136,0.00022104216,0.0958107,1.5186825,1.4199694,1.3858986,1.2958163,11.854321,11.913491,0.18919,0.17601,0.003042,0.041128,0.04417,36.142497,0.420973,1009.663529,310.938279
442,64256.3945,1729070900.26,0.92713773,-0.6038153,53.121079,-34.596068,0.66741986,619.70161,1.5068767,1.4174185,0.04983578,-0.013313947,0.1278998,1.5068767,1.4174185,1.3360023,1.2566883,11.862852,11.915166,0.18758,0.17567,0.002984,0.040542,0.043526,65.486853,0.785421,775.326546,214.03624
443,61333.7632,1476555560.59,4.1330643,-1.188433,236.807141,-68.092195,3.0454318,637.2666,1.6776857,1.4316879,-0.045883152,-0.04506286,0.1312458,1.6776857,1.4316879,1.4830425,1.2655851,11.713286,11.908303,0.21151,0.17754,0.004274,0.019725,0.023999,43.27723,0.99538,630.828716,203.361029
445,62575.2052,1583816150.56,3.2089105,-0.94891909,183.857028,-54.369059,2.4252409,894.20259,1.7127849,1.4982822,-0.038391741,-0.0025808984,0.1788643,1.7127849,1.4982822,1.4529109,1.2709539,11.67308,11.867516,0.21668,0.18644,0.004417,0.018322,0.022739,73.746296,0.754206,912.03874,295.800268
446,62181.09,1549764591.96,1.7086878,-0.10944515,97.900599,-6.270745,1.1267508,289.30861,1.4014655,1.3953623,0.03663766,0.013864914,0.0623786,1.4014655,1.3953623,1.319177,1.3134322,11.923175,11.926887,0.17358,0.17277,0.002587,0.038214,0.040801,53.048528,0.429596,422.805544,178.766143
447,64047.4096,1711014606.93,4.1617052,-0.81850326,238.448144,-46.896782,2.8554764,976.22509,1.5667134,1.5452323,0.020848629,-0.040659361,0.1935904,1.5667134,1.5452323,1.3126055,1.2946085,11.818836,11.834217,0.19576,0.19282,0.003428,0.036686,0.040114,22.575884,0.959347,1106.835088,330.496623
448,61292.3372,1472976352.2,3.9185816,0.3820147,224.518187,21.88783,0.94635531,582.84337,1.5547317,1.3569767,-0.015692081,-0.0025857675,0.1208374,1.5547317,1.3569767,1.3871162,1.2106811,11.827541,11.943506,0.19412,0.16778,0.003336,0.048963,0.052298,55.570654,0.584644,742.163234,246.442861
449,61738.9408,1511562903.03,5.6289065,-0.72261922,322.512586,-41.403032,2.2556161,962.33139,1.6001389,1.4902346,-0.039091386,-0.028794099,0.1911109,1.6001389,1.4902346,1.3434005,1.2511301,11.790457,11.873021,0.20041,0.18535,0.003508,0.015506,0.019014,34.506241,0.632533,1080.046584,307.063877
450,63633.6392,1675264843.29,4.9474606,-1.0391015,283.468612,-59.53613,2.2673575,718.95557,1.6411303,1.5270382,-0.010266589,-0.04883618,0.1466472,1.6411303,1.5270382,1.4312425,1.3317419,11.752197,11.848437,0.20622,0.19032,0.003773,0.02199,0.025763,56.179632,0.641584,758.727384,211.450984
451,61179.5285,1463229677.93,0.015255494,-0.93900282,0.874075,-53.800899,0.39178622,216.03828,1.3524112,1.2703915,0.015709204,0.017201184,0.047087,1.3524112,1.2703915,1.2915939,1.2132626,11.946159,11.975971,0.16718,0.15665,0.00229,0.050764,0.053054,19.178469,0.924228,206.470868,51.373234
453,62723.8738,1596661117.13,1.1516184,-0.41742447,65.982874,-23.91666,0.25178281,571.21656,1.535697,1.337738,-0.031297624,-0.033211981,0.1185978,1.535697,1.337738,1.3728768,1.1959061,11.84285,11.951435,0.19149,0.16529,0.003232,0.042918,0.04615,25.492886,0.96847,474.213235,128.485348
454,62547.3746,1581411585.29,2.8229207,-0.59008175,161.741442,-33.809194,2.6929272,684.2821,1.6232987,1.6220077,0.028679927,0.048765722,0.1401416,1.6232987,1.6220077,1.4237694,1.4226371,11.769032,11.770042,0.20368,0.20351,0.003866,0.021075,0.024941,66.344236,0.901027,693.317801,187.328273
455,62170.4041,1548841334.53,1.0126882,-0.18317902,58.02276,-10.495385,0.65655746,501.13394,1.5436765,1.3475602,-0.039362566,-0.013780908,0.1049744,1.5436765,1.3475602,1.3970247,1.2195398,11.835221,11.948699,0.19261,0.16654,0.00327,0.050585,0.053856,28.630773,0.792098,731.654686,230.647827
456,62381.0031,1567037086.15,3.8435135,-0.71655514,220.217102,-41.055585,1.2623229,553.01785,1.6618848,1.4294248,-0.034761255,0.025812753,0.1150808,1.6618848,1.4294248,1.4903717,1.2819025,11.730379,11.909586,0.20921,0.17724,0.004107,0.020277,0.024384,65.222468,0.303604,1127.786842,350.35202
457,62854.7921,1607972451.49,0.84530425,-0.11192293,48.432366,-6.412712,1.8446321,128.31689,1.4967458,1.4174178,-0.021040246,-0.0101825,0.02835,1.4967458,1.4174178,1.4554829,1.3783418,11.868409,11.915166,0.18623,0.17567,0.002938,0.020398,0.023336,31.756565,0.270426,229.18659,61.582964
458,61564.7858,1496515907.18,6.2495231,-1.1720403,358.071298,-67.152963,1.6502941,530.87388,1.6122607,1.4897844,0.010472904,0.025299503,0.1107819,1.6122607,1.4897844,1.4514646,1.3412033,11.779825,11.873348,0.20211,0.18529,0.003582,0.038784,0.042366,53.572915,0.079414,1286.161232,319.464796
459,63001.9856,1620689971.59,4.3555894,0.91098951,249.55689,52.195854,2.0958549,833.01655,1.5752617,1.3785419,-0.04461962,0.049186814,0.167737,1.5752617,1.3785419,1.3489867,1.1805243,11.811269,11.933871,0.19695,0.17058,0.003449,0.017769,0.021218,56.649034,0.501264,1077.177108,294.668043
460,63819.0132,1691281154.38,5.4179442,1.3301107,310.425336,76.209729,0.66272918,316.72992,1.5889412,1.3676748,-0.025031744,0.032921626,0.0680231,1.5889412,1.3676748,1.4877404,1.2805666,11.799942,11.938569,0.19885,0.16917,0.0036,0.045298,0.048898,45.759285,0.788316,410.108912,131.657473
464,63660.5633,1677591083.17,0.6824449,-0.10062544,39.101213,-5.765413,0.7959336,421.33091,1.3803447,1.3065797,0.043035932,-0.027580119,0.0891892,1.3803447,1.3065797,1.267314,1.1995893,11.932839,11.963234,0.17082,0.16128,0.002405,0.067219,0.069625,33.318641,0.699618,556.695247,156.529038
467,61538.6497,1494257749.18,5.2282641,-0.85059518,299.557467,-48.735514,0.48204347,559.43388,1.5542552,1.5503878,-0.016941863,-0.0043664274,0.1163224,1.5542552,1.5503878,1.3922996,1.3888352,11.828075,11.831507,0.19405,0.19351,0.0034,0.035867,0.039267,27.758663,0.886049,443.219927,111.592468
468,61522.3731,1492851457.65,2.1722578,-0.17724297,124.461204,-10.155274,2.1230619,441.83261,1.5381362,1.5088823,-0.036809482,-0.044073064,0.0932733,1.5381362,1.5088823,1.4069092,1.3801511,11.840597,11.860986,0.19183,0.18786,0.003238,0.032214,0.035451,16.991361,0.524617,884.289234,257.358701
469,61938.6103,1528814346.81,5.2498957,0.39769328,300.796866,22.786146,0.43034162,635.75542,1.5910855,1.4820873,-0.006667357,0.0022121386,0.1309585,1.5910855,1.4820873,1.406847,1.3104702,11.798473,11.878873,0.19914,0.18425,0.003452,0.041565,0.045016,33.236784,0.908823,1270.406526,312.8707
470,62263.7615,1556907415.25,3.3958217,-0.62983172,194.566251,-36.086699,1.1590699,211.84372,1.5403262,1.3511498,-0.027277709,0.049971707,0.046202,1.5403262,1.3511498,1.4723029,1.2914808,11.838288,11.946888,0.19214,0.16701,0.003236,0.040361,0.043597,54.189767,0.400192,379.400333,76.74458
471,62429.5945,1571235385.82,2.752943,-0.46618628,157.732015,-26.710506,0.58960788,986.68525,1.7085689,1.4057056,0.013307255,0.025228007,0.1954533,1.7085689,1.4057056,1.4292226,1.1758766,11.677318,11.920187,0.21607,0.17415,0.004841,0.033735,0.038576,71.298289,0.831159,921.784593,264.219325
472,63378.9403,1653258856.37,0.85899873,0.43575132,49.217002,24.966712,0.27318991,292.42357,1.3749381,1.3708541,0.020992203,0.015541093,0.0630219,1.3749381,1.3708541,1.293424,1.2895821,11.935707,11.937372,0.17011,0.16958,0.002475,0.066989,0.069464,67.272269,0.962915,216.665182,56.417532
473,61198.3815,1464858580.69,2.1733375,1.054205,124.523066,60.401497,2.1704718,382.4855,1.4975395,1.4149773,0.035360063,-0.026221271,0.0813943,1.4975395,1.4149773,1.3848228,1.3084749,11.867936,11.916444,0.18634,0.17535,0.00294,0.03636,0.0393,60.963887,0.564375,474.238646,126.958419
474,61121.3545,1458203443.76,6.020454,-0.27834446,344.946605,-15.947963,0.78267559,803.82572,1.6020169,1.5760319,0.046752642,0.048949618,0.1623837,1.6020169,1.5760319,1.378217,1.3558621,11.788644,11.810699,0.20068,0.19706,0.003643,0.038186,0.041829,62.306841,0.709029,1125.662376,316.633418
476,62371.687,1566232172.23,5.5260074,0.99283673,316.616902,56.885354,2.0300154,229.99789,1.4408781,1.3699685,0.018058718,0.036671035,0.0500246,1.4408781,1.3699685,1.3722327,1.3047013,11.902687,11.937706,0.17877,0.16947,0.002672,0.064527,0.0672,54.899094,0.443248,350.992024,101.326109
477,63440.0729,1658540718.5,1.7079125,-0.073994649,97.856178,-4.239581,0.6498436,96.184951,1.466567,1.151315,-0.0095983542,0.016356806,0.0213609,1.466567,1.151315,1.435895,1.1272363,11.887384,12.009118,0.18219,0.14157,0.003471,0.028007,0.031478,30.617211,0.796178,99.321396,17.989661
478,61677.0237,1506213265.71,0.56065878,0.48142447,32.123382,27.58359,2.7643513,242.34834,1.384369,1.3795854,0.040309515,0.0034989936,0.052614,1.384369,1.3795854,1.3151726,1.3106281,11.930564,11.933278,0.17135,0.17072,0.002514,0.02112,0.023635,69.431702,0.929684,233.444048,35.209355
479,63245.2657,1641709373.13,2.3409328,0.42434142,134.12557,24.312972,2.3619388,594.10195,1.6571217,1.6524916,0.013273236,0.031302301,0.1230007,1.6571217,1.6524916,1.4756195,1.4714966,11.735678,11.741955,0.20852,0.20783,0.004104,0.003153,0.007257,55.243939,0.711157,652.046992,194.923321
480,61909.3985,1526290446.91,0.17095879,0.29989888,9.795217,17.18294,2.6794634,553.46691,1.6347569,1.4948953,-0.0010013502,-0.016257479,0.1151677,1.6347569,1.4948953,1.4659292,1.3405116,11.757919,11.869615,0.20532,0.18598,0.003734,0.012835,0.016569,48.626438,0.895105,543.547884,129.845808
481,64101.3014,1715670857.31,0.66811156,-0.36071865,38.279973,-20.667656,1.9794782,277.95439,1.3542582,1.3424776,-0.043099819,0.046271027,0.0600292,1.3542582,1.3424776,1.2775668,1.2664534,11.945068,11.95019,0.16742,0.16589,0.002373,0.022565,0.024938,21.659368,0.3974,540.54887,173.178542
482,64134.9148,1718575057.15,0.31080053,0.46246803,17.807559,26.497466,2.253664,565.31677,1.5850097,1.5271905,0.049696391,-0.022652487,0.1174592,1.5850097,1.5271905,1.418405,1.3666633,11.803498,11.848326,0.1983,0.19034,0.003465,0.039252,0.042716,41.823333,0.63102,614.708279,300.299191
483,62040.5052,1537618068.57,0.5772652,0.24926674,33.07486,14.281932,0.78801375,153.47698,1.4914028,1.3182171,0.032198848,-0.0033790642,0.0337744,1.4914028,1.3182171,1.4426772,1.2751497,11.872159,11.958936,0.18551,0.16278,0.002953,0.021078,0.024031,42.621496,0.705255,276.010131,76.86093
484,61804.9781,1517268529.2,5.5560004,-0.53836808,318.335374,-30.846219,0.62808295,429.20466,1.5247225,1.3972508,-0.035349874,0.026072185,0.0907601,1.5247225,1.3972508,1.3978532,1.2809882,11.850268,11.926139,0.19,0.17301,0.003074,0.032818,0.035892,66.873817,0.809155,423.559927,122.904192
485,62439.5639,1572096739.15,5.1911494,-0.25596304,297.430951,-14.665602,0.80615853,658.54041,1.5653769,1.4595668,-0.049837598,-0.029102318,0.1352818,1.5653769,1.4595668,1.3788444,1.2856427,11.819825,11.891182,0.19557,0.18126,0.0033,0.05433,0.057629,47.798893,0.692276,849.472054,271.214795
488,61841.8605,1520455169.36,5.792377,-0.056681583,331.878755,-3.247615,0.64112555,485.55477,1.502235,1.4055219,-0.049711506,0.028450891,0.1019162,1.502235,1.4055219,1.3632934,1.2755253,11.865567,11.920288,0.18696,0.17412,0.002957,0.018062,0.021018,37.824033,0.801423,572.815465,180.652342
491,63353.3435,1651047292.21,3.8719514,-0.57466426,221.846474,-32.925837,2.4002624,433.51215,1.6046415,1.3444252,0.018758639,-0.043924002,0.0916182,1.6046415,1.3444252,1.4699658,1.2315892,11.786043,11.949733,0.20105,0.16614,0.003857,0.056856,0.060713,73.60802,0.737571,538.431767,135.405913
492,63891.2264,1697520378.61,3.4039109,-0.59007973,195.029728,-33.809078,1.2684977,215.12911,1.5025998,1.371213,-0.01585862,0.027340118,0.0468953,1.5025998,1.371213,1.4352914,1.3097901,11.8654,11.937236,0.18701,0.16963,0.002962,0.031561,0.034522,21.643236,0.297715,479.335779,118.894141
493,63355.8225,1651261478.39,4.61139,0.33044993,264.213185,18.933386,0.40668008,679.4691,1.5769334,1.5540241,0.017112017,0.011454246,0.1392349,1.5769334,1.5540241,1.3842039,1.3640946,11.81009,11.828331,0.19718,0.19401,0.003488,0.016408,0.019897,40.352906,0.918439,497.818924,166.713132
494,63885.2266,1697001993.25,4.2969406,0.47576749,246.196561,27.259469,0.54824189,377.98949,1.495389,1.4030266,0.0098645182,0.0063029014,0.0804872,1.495389,1.4030266,1.3839951,1.2985129,11.869279,11.921942,0.18605,0.17379,0.002924,0.052378,0.055302,17.521481,0.853442,366.811354,72.963974
496,62389.4726,1567768847.85,1.6008085,0.35243506,91.719571,20.193041,0.65625406,803.72041,1.5723297,1.4969847,0.034299229,-0.039281865,0.1623643,1.5723297,1.4969847,1.3526996,1.2878791,11.813831,11.868264,0.19654,0.18626,0.003363,0.041276,0.044638,59.394247,0.792283,764.360947,221.873225
497,61547.1094,1494988669.94,3.4284658,-0.27303557,196.436621,-15.643786,0.50976936,606.84691,1.4808777,1.4120889,-0.014309945,0.030674745,0.1254431,1.4808777,1.4120889,1.3158175,1.2546959,11.879735,11.917629,0.18408,0.17497,0.002866,0.061701,0.064567,70.084593,0.872857,669.101678,194.491104
498,63582.8283,1670874784.49,1.6485118,-1.0748115,94.452769,-61.582163,2.6229941,453.83799,1.6197072,1.3530379,0.020375844,0.024931434,0.0956554,1.6197072,1.3530379,1.4782998,1.2349119,11.772279,11.94579,0.20318,0.16726,0.003985,0.052021,0.056006,31.80224,0.868515,469.15484,97.26871
499,62261.6608,1556725908.35,2.7285108,1.1444746,156.332153,65.573564,0.20257607,475.71935,1.5332682,1.5000865,-0.0049792142,-0.032088904,0.0999797,1.5332682,1.5000865,1.3939059,1.3637401,11.844652,11.866574,0.19116,0.18668,0.003201,0.051821,0.055022,66.500501,0.979552,321.344686,89.683381
500,63349.4479,1650710715.55,5.0896611,-1.0744399,291.6161,-61.560872,2.0701912,651.37462,1.5771966,1.5184308,-0.024826041,0.0065265049,0.1339243,1.5771966,1.5184308,1.3909187,1.3390936,11.80992,11.854449,0.19721,0.18915,0.003415,0.024874,0.028289,32.533094,0.478894,846.058446,264.68964
503,61947.2538,1529561146.06,1.9780099,-1.0211809,113.331619,-58.509356,2.244801,384.02004,1.5427602,1.3834442,0.03887237,0.045024149,0.0817037,1.5427602,1.3834442,1.4262318,1.2789494,11.835934,11.931064,0.19248,0.17123,0.003198,0.025641,0.02884,69.64621,0.62412,530.04087,103.213228
506,61284.3037,1472282259.57,2.5643265,0.16358063,146.925086,9.37248,0.34715533,250.78639,1.4597039,1.3140712,0.031604558,-0.048677412,0.0543779,1.4597039,1.3140712,1.384422,1.2463,11.891092,11.960484,0.18128,0.16224,0.002764,0.056783,0.059548,60.237714,0.940344,199.051097,48.420097
507,64474.0363,1747875152.96,4.4345031,-0.70054964,254.078312,-40.138538,1.711325,240.41709,1.4870537,1.4414872,0.040933992,-0.032002038,0.0522097,1.4870537,1.4414872,1.4132675,1.369962,11.875285,11.902544,0.18492,0.17884,0.002927,0.057167,0.060094,63.294407,0.140067,457.549341,142.709714
508,61546.7053,1494953754.0,5.5006965,-1.3028583,315.166694,-74.648282,2.6188228,790.12028,1.6485309,1.5067561,-0.0070690336,-0.0026830288,0.15986,1.6485309,1.5067561,1.4213189,1.2990845,11.744188,11.86295,0.20729,0.18756,0.003827,0.043688,0.047515,16.080393,0.86644,917.069033,275.440301
509,64459.4735,1746616926.57,1.5702333,-0.78262727,89.967741,-44.84124,0.9931384,542.85896,1.5389922,1.3569872,-0.012833966,0.035348154,0.1131113,1.5389922,1.3569872,1.3826041,1.2190939,11.839705,11.9435,0.19195,0.16778,0.003214,0.037968,0.041182,72.768621,0.546063,592.877929,165.940115
511,64420.4798,1743247869.61,2.9842283,-0.56189207,170.983687,-32.194044,2.6116859,602.57259,1.3862314,1.3666008,-0.040572232,0.018957653,0.1246247,1.3862314,1.3666008,1.2326169,1.2151616,11.929633,11.938983,0.1716,0.16903,0.002494,0.037039,0.039533,58.60026,0.862854,601.208185,147.935994
512,63778.3634,1687769012.62,5.8727149,-0.75131183,336.481778,-43.046997,0.23292457,361.14741,1.5114473,1.3623681,0.024445868,-0.033818048,0.0770801,1.5114473,1.3623681,1.4032822,1.2648717,11.858497,11.940753,0.18822,0.16849,0.003021,0.056933,0.059954,33.285066,0.972995,342.598089,70.23862
513,63307.9804,1647127921.73,4.5086607,-0.98404967,258.327229,-56.381893,2.4029844,452.52206,1.3856204,1.3779512,0.014553903,0.027451845,0.0953947,1.3856204,1.3779512,1.2649508,1.2579495,11.929926,11.934198,0.17152,0.17051,0.002514,0.035359,0.037873,64.76368,0.739406,622.700263,177.50307
514,63022.3247,1622447270.0,2.6422832,-0.68682532,151.391676,-39.352192,1.2239949,577.0363,1.5943273,1.4430325,0.014253742,-0.035578009,0.1197196,1.5943273,1.4430325,1.423863,1.2887446,11.796017,11.902079,0.19959,0.17904,0.003485,0.057289,0.060773,31.891272,0.339891,755.58779,256.453254
516,64031.3554,1709627525.32,5.7063703,-0.14399159,326.950935,-8.25011,2.0553833,283.24632,1.5932739,1.4726886,-5.0306459e-05,-0.018230369,0.0611251,1.5932739,1.4726886,1.5014948,1.3878557,11.796922,11.884253,0.19944,0.183,0.003464,0.051455,0.054919,67.36523,0.465843,511.904661,140.265547
519,62013.0383,1535244929.34,0.5805043,-0.15254278,33.260446,-8.740057,0.97476329,529.17699,1.6806865,1.3567765,0.0075495056,0.019981598,0.1104516,1.6806865,1.3567765,1.5135162,1.221824,11.710591,11.943618,0.21194,0.16775,0.004804,0.034543,0.039347,21.754823,0.561364,573.478092,177.478389
520,62636.8842,1589145216.66,4.4072901,0.26110014,252.519122,14.959936,0.3506787,367.44526,1.3906325,1.2394258,0.016303809,0.04973724,0.0783558,1.3906325,1.2394258,1.2895859,1.1493663,11.927989,11.985249,0.17217,0.15271,0.00247,0.057367,0.059837,57.221159,0.93914,352.910446,73.166199
521,63167.8649,1635021944.74,5.0765129,-0.51549204,290.862764,-29.535518,2.4722398,959.13996,1.5853275,1.5710169,0.047664304,-0.0075205287,0.1905405,1.5853275,1.5710169,1.3316032,1.319583,11.803185,11.815066,0.19834,0.19636,0.003566,0.035733,0.039298,47.441909,0.784223,1125.390989,307.229312
522,62439.1667,1572062417.9,0.79741697,-0.30913276,45.688627,-17.712002,3.0911295,930.91031,1.6777116,1.5116208,-0.011533566,-0.018481419,0.1854811,1.6777116,1.5116208,1.4152159,1.2751117,11.713263,11.858346,0.21151,0.18824,0.004053,0.012064,0.016117,20.792068,0.998727,669.273071,246.920806
523,62496.2026,1576990321.72,3.1072591,0.91928019,178.032832,52.670875,2.4412398,983.28012,1.6402753,1.6311768,0.042524082,0.024728541,0.1948473,1.6402753,1.6311768,1.3727908,1.365176,11.752881,11.76168,0.2061,0.2048,0.003962,0.016205,0.020167,29.51363,0.764615,1265.560901,349.467405
524,62155.9963,1547596501.45,1.0828796,0.06716762,62.044431,3.848421,2.5130578,382.94377,1.5904859,1.4433417,-0.032190807,0.023617251,0.0814867,1.5904859,1.4433417,1.4706477,1.3345903,11.798866,11.901955,0.19906,0.17908,0.003458,0.0382,0.041658,15.744242,0.80889,443.616056,122.851877
525,62974.8114,1618342119.37,3.1217993,-0.89454637,178.865924,-51.253732,2.6957595,849.94661,1.6648135,1.5690721,0.042498006,0.048629084,0.1708285,1.6648135,1.5690721,1.4219106,1.3401383,11.727582,11.816852,0.20963,0.19608,0.00395,0.022939,0.026889,43.126078,0.902252,988.571913,374.042625
526,63977.0108,1704932155.27,0.48646355,-0.07527731,27.872308,-4.313072,0.78063173,590.66065,1.6556352,1.4777616,-0.041716168,0.034574469,0.12234,1.6556352,1.4777616,1.4751637,1.3166791,11.737598,11.881694,0.2083,0.18367,0.003915,0.023539,0.027455,33.075916,0.710469,713.704284,185.15313
527,61705.3493,1508660599.51,2.9718609,-0.48424906,170.275087,-27.745427,2.5693688,833.9899,1.5914744,1.4786867,0.0032010689,0.041973172,0.167915,1.5914744,1.4786867,1.3626628,1.266091,11.798217,11.881162,0.1992,0.18379,0.003453,0.052621,0.056074,50.901449,0.840699,1060.718705,361.420996
528,64270.5156,1730290968.92,0.3331356,-0.4748813,19.087264,-27.208694,1.7367711,544.25378,1.6663528,1.4859182,-0.010524365,-0.044898346,0.113382,1.6663528,1.4859182,1.4966587,1.3345988,11.726295,11.876087,0.20985,0.18477,0.003994,0.024161,0.028155,32.834268,0.165214,977.746275,286.318708
530,63411.8068,1656098524.49,0.4011967,0.6390564,22.986878,36.615235,2.972428,833.20274,1.6841415,1.4895385,0.0037481299,-0.022834458,0.1677711,1.6841415,1.4895385,1.4421846,1.2755398,11.706236,11.873525,0.21245,0.18526,0.00415,0.010393,0.014543,32.995147,0.985726,765.050543,194.9605
531,63881.4562,1696676237.51,1.0567661,-0.20645689,60.548237,-11.829108,0.94775129,156.62806,1.3681599,1.2332114,-0.038238179,0.033398323,0.0344509,1.3681599,1.2332114,1.3225953,1.1921411,11.938385,11.991191,0.16924,0.15187,0.002363,0.065596,0.067959,59.591592,0.583511,206.044427,49.433994
532,62946.6674,1615910483.45,4.4486294,-0.7826441,254.887689,-44.842204,2.3504613,473.79867,1.5512355,1.5374154,0.039857477,0.047073845,0.099601,1.5512355,1.5374154,1.4107258,1.3981575,11.830938,11.841312,0.19362,0.19173,0.003353,0.017461,0.020814,17.88857,0.703041,578.587696,145.29667
533,63728.3085,1683444268.51,4.856621,1.084959,278.263886,62.163572,1.1924937,904.81181,1.6270461,1.5941106,-0.023394338,-0.041015579,0.1807812,1.6270461,1.5941106,1.3779404,1.3500475,11.76603,11.796212,0.20421,0.19956,0.003795,0.01441,0.018205,69.1737,0.369344,952.097379,314.704202
534,61056.7014,1452617418.16,6.2744562,0.8908847,359.499859,51.043933,0.98843976,332.10088,1.6697249,1.3988836,-0.0034110896,0.032061991,0.0711692,1.6697249,1.3988836,1.5587872,1.3059408,11.722486,11.925155,0.21034,0.17323,0.004342,0.055127,0.059469,66.135832,0.549994,423.377594,85.555889
535,63864.3315,1695196658.45,2.3061212,-0.48853187,132.131012,-27.990814,0.67184504,140.90517,1.5148271,1.4187833,0.039166381,-0.0062655242,0.0310692,1.5148271,1.4187833,1.4691808,1.3760311,11.856198,11.914298,0.18868,0.17585,0.003023,0.064196,0.067219,55.068281,0.782675,158.261236,19.350961
536,61140.486,1459856408.99,5.9695572,0.33407892,342.030433,19.141312,2.4596818,403.65203,1.5339124,1.3329417,0.014123468,0.038001759,0.085651,1.5339124,1.3329417,1.4128964,1.227781,11.844214,11.953325,0.19125,0.16467,0.00323,0.046621,0.049851,50.593294,0.77637,496.927643,131.114048
537,64114.6968,1716828223.01,5.3533823,-0.55909295,306.726212,-32.033666,2.0633394,355.58541,1.6404924,1.3017446,-0.036771089,-0.029659347,0.0759516,1.6404924,1.3017446,1.5246897,1.2098542,11.752713,11.964989,0.20613,0.16066,0.004663,0.048015,0.052678,68.53815,0.472868,624.66342,156.840167
540,64471.8696,1747687952.76,4.9702795,-0.63297601,284.776038,-36.266854,2.4097677,475.38102,1.5473377,1.4490143,-0.0066208628,0.0054863277,0.099913,1.5473377,1.4490143,1.4067819,1.3173899,11.833112,11.898267,0.1931,0.17984,0.003199,0.037261,0.04046,26.119811,0.743956,886.06351,288.797728
541,62029.2361,1536644418.56,1.2292897,0.21823845,70.433112,12.504142,2.5222596,502.04765,1.4987321,1.4543912,-0.046449368,0.012808338,0.1051534,1.4987321,1.4543912,1.3561304,1.3160084,11.867271,11.894699,0.1865,0.18056,0.002991,0.030953,0.033944,19.73815,0.814266,606.110554,196.531711
542,61736.1149,1511318749.42,1.6196672,1.2374791,92.800095,70.90233,0.26239228,753.02349,1.4819194,1.4139693,0.046261855,0.017906618,0.1529954,1.4819194,1.4139693,1.2852778,1.2263442,11.878995,11.916889,0.18422,0.17522,0.002873,0.033696,0.036568,29.37061,0.965772,1032.970486,322.095405
543,63678.7718,1679164299.23,1.8846371,-0.40432251,107.981752,-23.165973,0.71034193,363.97111,1.517159,1.4673927,0.019681334,-0.035638099,0.0776523,1.517159,1.4673927,1.4078372,1.3616569,11.855069,11.886981,0.18899,0.1823,0.003081,0.048484,0.051565,62.674697,0.758139,424.877533,134.057123
544,61885.5922,1524233583.49,4.7071085,0.047216724,269.697451,2.705319,0.84897713,470.21668,1.6247748,1.3414214,-0.0010800567,-0.034366553,0.0988944,1.6247748,1.3414214,1.4785541,1.220701,11.76797,11.950424,0.20389,0.16576,0.004114,0.053136,0.057251,17.080216,0.660751,617.297815,171.261188
545,64029.4683,1709464482.67,4.654386,-0.45628512,266.676674,-26.143212,2.4275421,173.18751,1.4251161,1.4201058,0.033841679,0.02112772,0.0379952,1.4251161,1.4201058,1.3729506,1.3681237,11.910697,11.913397,0.17669,0.17603,0.002699,0.058178,0.060878,49.96841,0.755715,199.820456,43.667784
546,61359.9491,1478818017.87,4.1690418,0.29992682,238.8685,17.184541,2.2211722,617.96854,1.5136628,1.3653863,-0.016780242,0.046351155,0.127569,1.5136628,1.3653863,1.3424126,1.2109115,11.856854,11.939464,0.18852,0.16888,0.003032,0.057511,0.060543,74.726251,0.605486,610.031338,194.553888
547,61440.8432,1485807269.39,2.2935937,-1.0261145,131.413239,-58.79203,2.4628164,882.42241,1.4972656,1.4124667,0.0051136924,-0.036115523,0.1767317,1.4972656,1.4124667,1.2723934,1.2003303,11.868096,11.917488,0.1863,0.17502,0.002937,0.021483,0.024421,66.341766,0.778342,830.420964,282.523323
548,64427.0304,1743813848.26,2.3511981,-0.29426826,134.713728,-16.860329,0.67476123,200.25859,1.4902879,1.2455678,0.049324575,0.038487157,0.0437522,1.4902879,1.2455678,1.4278178,1.1933559,11.872982,11.984082,0.18536,0.15348,0.003158,0.043538,0.046695,46.286741,0.780856,210.598638,33.920057
549,63358.4361,1651487300.84,3.1924564,0.4327763,182.914278,24.796255,2.862743,360.51538,1.4302364,1.3724095,0.04889329,-0.038609374,0.0769519,1.4302364,1.3724095,1.3280411,1.2743461,11.909227,11.936772,0.17735,0.16978,0.002635,0.020392,0.023027,18.818455,0.961373,386.965143,112.737687
550,63964.1053,1703817114.67,0.68722339,0.98779849,39.375,56.596684,0.57095531,343.41099,1.3684728,1.2315289,-0.0043797693,0.04169373,0.0734761,1.3684728,1.2315289,1.2748051,1.1472346,11.938267,11.993368,0.16928,0.15164,0.002365,0.046754,0.049119,64.882411,0.841385,279.323959,87.098453
551,62135.1528,1545795621.71,5.2313379,0.70556646,299.733583,40.42598,0.5119007,451.57547,1.3324698,1.3252589,-0.018780364,-0.027995967,0.095207,1.3324698,1.3252589,1.2166374,1.2100533,11.953523,11.956318,0.16461,0.16368,0.002293,0.040956,0.04325,50.93871,0.871815,441.952583,107.869122
553,63367.6931,1652287103.86,6.0332066,-0.29600875,345.677275,-16.960052,0.29531022,841.02813,1.6081713,1.4271867,-0.038489844,0.033112924,0.1692012,1.6081713,1.4271867,1.3754445,1.2206511,11.783316,11.910209,0.20154,0.17695,0.003612,0.0555,0.059111,21.89598,0.956712,931.437495,308.34745
554,63079.8464,1627417146.58,5.5435832,-0.44729785,317.623921,-25.628279,2.3192443,407.16044,1.6748499,1.4639615,0.01562616,-0.010366651,0.0863544,1.6748499,1.4639615,1.541716,1.3475911,11.716395,11.888644,0.2111,0.18184,0.004126,0.024162,0.028288,20.631437,0.680502,581.996774,187.597016
555,63111.0254,1630111014.33,0.52528019,-0.0035677462,30.096338,-0.204417,2.9575276,493.01495,1.5812801,1.4950063,-0.036735292,0.017693403,0.103382,1.5812801,1.4950063,1.4331212,1.3549309,11.807037,11.869539,0.19777,0.186,0.003405,0.019044,0.02245,69.577609,0.983108,414.001617,85.46248
556,63388.8636,1654116233.76,1.6464797,-1.4690656,94.336338,-84.171259,0.6042841,998.02499,1.4830272,1.4707971,0.034508274,0.033947198,0.1974691,1.4830272,1.4707971,1.238468,1.2282547,11.878186,11.88523,0.18437,0.18275,0.002972,0.02352,0.026492,55.152016,0.822909,1010.325357,292.352232
557,63013.7571,1621707031.95,4.1751468,0.025117913,239.21829,1.43915,0.26890773,158.70293,1.3757069,1.3047671,-0.0038897503,-0.012520363,0.0348959,1.3757069,1.3047671,1.3293191,1.2607713,11.93535,11.963894,0.17021,0.16105,0.002388,0.057807,0.060195,64.757208,0.964062,154.427547,25.084287
558,62501.7183,1577466878.48,3.7820389,-0.25092341,216.694867,-14.376852,0.64301254,798.39321,1.6481803,1.5235784,0.030398265,-0.025514613,0.1613841,1.6481803,1.5235784,1.4191518,1.3118643,11.744476,11.851189,0.20724,0.18985,0.00382,0.029023,0.032843,67.738734,0.800293,890.297614,304.865694
559,61965.7294,1531157440.78,1.1058197,-1.0170448,63.358802,-58.272375,2.1470157,598.45217,1.7664814,1.6111867,0.0018817552,0.0093038528,0.1238351,1.7664814,1.6111867,1.5718333,1.4336505,11.600646,11.780893,0.22487,0.20196,0.004749,0.000565,0.005313,49.306341,0.544858,902.405521,276.691518
560,63690.0347,1680137412.47,4.7452891,1.0108156,271.885038,57.915468,0.94620773,746.454,1.7521053,1.4675057,0.037281357,0.022079021,0.1517746,1.7521053,1.4675057,1.5212224,1.2741258,11.620712,11.886925,0.22265,0.18231,0.005063,0.009333,0.014396,46.046781,0.584764,1015.485087,318.268693
561,61791.9535,1516143200.83,4.8139932,-1.1900218,275.821493,-68.183227,2.4828547,462.03987,1.4532657,1.3596719,0.036995803,0.027939204,0.097279,1.4532657,1.3596719,1.3244268,1.2391306,11.895424,11.94206,0.18041,0.16813,0.002717,0.05386,0.056577,40.825645,0.790765,588.284746,132.824472
563,63423.2401,1657086360.18,1.9311026,0.27559777,110.644029,15.790589,1.7358203,348.67114,1.5077598,1.4977824,-0.02161196,0.046182896,0.0745466,1.5077598,1.4977824,1.403159,1.3938738,11.862073,11.867796,0.1877,0.18637,0.003111,0.019169,0.02228,34.016795,0.164276,554.117901,157.980215
564,61816.6649,1518278263.57,5.5912102,-0.73830431,320.352747,-42.301721,1.5474782,152.46253,1.4776824,1.3932772,-0.042622874,-0.013744703,0.0335565,1.4776824,1.3932772,1.4297064,1.3480416,11.881738,11.927407,0.18365,0.1725,0.002838,0.059318,0.062156,41.075758,0.023316,200.184614,73.973157
567,63188.6556,1636818261.39,3.589199,-0.81302762,205.645955,-46.583051,1.4968209,376.36949,1.5285229,1.4820598,-0.039411434,-0.037336178,0.0801601,1.5285229,1.4820598,1.4150892,1.3720742,11.847429,11.878893,0.19052,0.18424,0.003149,0.048793,0.051942,61.432779,0.073908,930.231369,314.00844
568,63614.7739,1673634885.98,0.4291391,0.14174865,24.587859,8.121599,2.416311,522.74757,1.6672269,1.548119,0.040494165,-0.0077515223,0.109199,1.6672269,1.548119,1.5030909,1.395709,11.72543,11.832731,0.20997,0.19321,0.003954,0.009588,0.013542,51.115406,0.748313,604.32077,174.437127
569,61765.4986,1513857498.01,4.2048261,-1.2105853,240.918789,-69.361428,0.25230439,728.72826,1.6078303,1.4701232,-0.019868567,0.049159638,0.1484727,1.6078303,1.4701232,1.3999726,1.2800681,11.783549,11.885582,0.2015,0.18266,0.003559,0.017619,0.021178,68.551397,0.96834,626.230289,181.529499
570,61209.8016,1465845272.18,3.7057495,-0.70902447,212.323806,-40.62411,2.4607223,764.65667,1.6179478,1.5074739,0.016421602,0.03825369,0.1551534,1.6179478,1.5074739,1.4006346,1.3049989,11.774123,11.862334,0.20293,0.18766,0.003621,0.048894,0.052515,41.602801,0.777025,873.445365,332.168274
573,61458.4081,1487324877.88,5.5488196,0.48452723,317.923944,27.761365,3.069823,774.80172,1.5596476,1.3756668,0.018947507,0.023629905,0.1570313,1.5596476,1.3756668,1.3479735,1.1889624,11.823207,11.93537,0.1948,0.17021,0.003332,0.035346,0.038678,51.425375,0.997426,748.581511,267.698149
574,63120.9894,1630971900.9,2.6591299,1.0762926,152.35692,61.667024,2.1362363,241.75029,1.3940916,1.2787738,0.032834882,-0.0055470932,0.0524888,1.3940916,1.2787738,1.3245667,1.2149999,11.927227,11.973092,0.1726,0.15772,0.002456,0.037184,0.03964,52.878453,0.535787,379.250595,92.036506
575,63973.0624,1704591011.24,0.21700116,-0.36482083,12.433251,-20.902694,2.3957329,503.55267,1.5976602,1.4846206,-0.0014196795,0.030384519,0.1054482,1.5976602,1.4846206,1.4452601,1.3430033,11.792789,11.877018,0.20006,0.18459,0.003491,0.047831,0.051323,50.50183,0.734505,665.459315,209.502472
576,61157.4889,1461325456.74,3.4984927,-1.0545746,200.448866,-60.422674,0.89904195,465.43472,1.4427334,1.432105,0.041147844,0.019988295,0.09795,1.4427334,1.432105,1.3140247,1.3043444,11.902187,11.907978,0.179,0.1776,0.002771,0.065676,0.068447,57.158026,0.62236,620.048226,179.913351
577,63569.5294,1669725758.73,0.78217057,-1.1249948,44.815073,-64.457454,0.73882997,455.76769,1.5515019,1.5466707,0.040944611,-0.034503582,0.0960377,1.5515019,1.5466707,1.4155552,1.4111474,11.83074,11.833444,0.19366,0.19301,0.00338,0.052982,0.056362,29.246008,0.739257,536.549594,122.862492
578,62194.6153,1550933176.54,2.7475903,-0.68888221,157.425328,-39.470043,1.8382991,256.67294,1.4013626,1.3319892,0.0051603087,-0.0088431608,0.055606,1.4013626,1.3319892,1.3275433,1.2618242,11.923258,11.953724,0.17356,0.16455,0.002497,0.057171,0.059667,45.741827,0.264324,700.445756,294.281054
579,62674.8493,1592425397.06,0.91015938,0.68551326,52.148291,39.277017,0.80539459,801.63361,1.5475701,1.4902728,-0.026657614,0.0049632341,0.1619805,1.5475701,1.4902728,1.3318383,1.2825283,11.832999,11.872993,0.19313,0.18536,0.003241,0.032136,0.035376,21.253488,0.692827,1018.415022,305.890584
580,64251.0084,1728605545.87,0.65428127,-0.17605447,37.487555,-10.087178,2.5004354,184.15946,1.3446906,1.3255952,-0.025464208,-0.013330024,0.040334,1.3446906,1.3255952,1.2925566,1.2742015,11.949664,11.956195,0.16618,0.16373,0.002321,0.02202,0.024341,38.07068,0.801404,204.292794,33.037825
582,62161.9003,1548106601.03,5.3091191,0.89361644,304.190117,51.200451,0.49408194,809.77715,1.5531202,1.4880037,0.02742526,-0.045076456,0.1634775,1.5531202,1.4880037,1.3348949,1.2789278,11.829294,11.874616,0.19389,0.18505,0.003262,0.050043,0.053304,44.260024,0.880404,814.765114,223.866267
583,62628.6793,1588436306.82,1.5087543,-0.55171227,86.445254,-31.610785,2.338806,794.46465,1.7142541,1.5559271,0.015086451,0.012728218,0.1606606,1.7142541,1.5559271,1.4769641,1.340553,11.671097,11.82622,0.2169,0.19429,0.004318,0.011885,0.016204,54.133456,0.694705,826.908669,252.154782
585,61047.8885,1451855980.22,4.3547628,-0.55027738,249.509529,-31.528571,0.57172983,825.29484,1.5659044,1.462958,-0.00035047481,0.02980904,0.1663238,1.5659044,1.462958,1.3425983,1.2543326,11.819447,11.889157,0.19565,0.18171,0.003304,0.034749,0.038053,72.031863,0.840966,794.033585,264.499904
586,61285.5955,1472393870.93,2.4419626,-0.9996178,139.914151,-57.273881,1.0760491,872.59252,1.5949484,1.5399003,0.029140386,0.0046728658,0.1749486,1.5949484,1.5399003,1.3574623,1.3106108,11.79544,11.838739,0.19968,0.19208,0.003532,0.044427,0.047959,51.039064,0.474809,1232.514755,321.189258
587,61905.0706,1525916515.16,1.8136693,-0.86378944,103.915596,-49.491489,2.4718295,597.59727,1.9348755,1.5529926,0.00056486017,-0.020340516,0.1236712,1.9348755,1.5529926,1.7219232,1.3820703,11.252613,11.829424,0.25392,0.19387,0.008066,0.000133,0.008199,59.615635,0.783969,642.864599,168.892729
588,61097.4828,1456140935.62,2.1094349,-1.3261695,120.861717,-75.983915,2.454854,421.33447,1.3804953,1.3567173,-0.040278923,0.045178169,0.0891899,1.3804953,1.3567173,1.2674514,1.2456205,11.932752,11.943651,0.17084,0.16775,0.002462,0.043438,0.0459,45.375964,0.773318,442.47149,116.76223
589,63209.8136,1638646316.6,0.48307795,-0.84722723,27.678328,-48.542545,2.5573713,705.66145,1.349909,1.3155167,0.03917319,-0.018907497,0.1441583,1.349909,1.3155167,1.1798271,1.1497681,11.947571,11.959946,0.16685,0.16243,0.00232,0.018213,0.020532,53.046242,0.834142,757.47148,262.958414
592,62492.3942,1576661281.1,5.9117392,-0.29113518,338.717706,-16.680817,1.7995749,338.32379,1.2777452,1.2305887,-0.028499721,-0.03342377,0.0724393,1.2777452,1.2305887,1.1914383,1.147467,11.973446,11.994484,0.15759,0.15151,0.002036,0.042536,0.044572,19.255933,0.226788,678.847499,238.329175
593,62918.5082,1613477527.3,3.4518442,-0.39368369,197.776104,-22.556414,1.0132369,374.11623,1.563595,1.4372979,0.031506173,-0.017244285,0.0797049,1.563595,1.4372979,1.4481688,1.3311951,11.820995,11.903829,0.19533,0.1783,0.003289,0.018484,0.021773,30.263495,0.529117,747.530497,320.370529
596,61611.2652,1500531727.02,1.8201832,-0.34058251,104.288815,-19.51394,1.1698534,574.20101,1.5533912,1.3503551,0.028217528,-0.028876064,0.1191733,1.5533912,1.3503551,1.387981,1.2065648,11.829014,11.947331,0.19392,0.16691,0.003341,0.022941,0.026282,36.711186,0.390287,925.457225,268.144084
598,62035.7621,1537208263.7,4.6312177,0.88621854,265.349228,50.776582,0.65517153,790.41618,1.5746593,1.5592414,-0.04038036,0.018315625,0.1599145,1.5746593,1.5592414,1.357565,1.3442727,11.811752,11.823451,0.19687,0.19475,0.003495,0.016213,0.019708,43.349601,0.792943,1035.473027,284.144986
599,63323.3857,1648458939.2,4.4095265,-0.31769003,252.647258,-18.202298,0.8047128,662.12744,1.5584343,1.5558436,-0.0044011783,0.025760568,0.1359605,1.5584343,1.5558436,1.3719088,1.3696282,11.823982,11.82631,0.19464,0.19428,0.00343,0.037711,0.041142,17.738925,0.693318,890.595274,295.84809
600,64378.5595,1739625961.63,2.0695438,-0.35735066,118.576125,-20.474685,2.3949781,618.29401,1.6312905,1.437966,0.029513603,-0.019975622,0.1276311,1.6312905,1.437966,1.4466526,1.2752096,11.761563,11.903516,0.20482,0.17839,0.003785,0.046304,0.050089,23.401446,0.733992,731.198768,225.469505
601,61176.4587,1462964450.34,5.0524598,-0.45740134,289.484623,-26.207166,2.0540664,402.27781,1.5425063,1.4846238,0.01715015,-0.020452937,0.0853753,1.5425063,1.4846238,1.4211732,1.3678437,11.836151,11.877016,0.19245,0.18459,0.003211,0.042148,0.045359,31.608858,0.464677,1085.3966,367.456113
603,64116.3451,1716970636.63,3.2357876,-0.2667496,185.396973,-15.283626,0.7357541,556.66651,1.4998486,1.3422756,-0.008251033,-0.013444887,0.1157871,1.4998486,1.3422756,1.3442068,1.2029855,11.866692,11.950235,0.18665,0.16587,0.002971,0.067051,0.070023,73.291961,0.741325,859.792742,278.760702
604,63019.0842,1622167293.28,4.9331005,0.47187878,282.645839,27.036663,1.564403,708.62368,1.5203135,1.4275539,0.042922581,0.039207077,0.1447135,1.5203135,1.4275539,1.3281171,1.247084,11.853429,11.910128,0.1894,0.177,0.003053,0.035108,0.038161,34.88082,0.006393,927.275178,280.014479
606,62973.7185,1618247694.99,4.5272825,0.54345665,259.39418,31.137772,2.2682414,415.80736,1.4438611,1.3973465,-0.007663168,0.037647888,0.0880854,1.4438611,1.3973465,1.3269741,1.284225,11.901719,11.92609,0.17915,0.17302,0.002712,0.032047,0.034759,43.922463,0.642261,529.541241,123.430098
608,62750.9749,1599002647.05,4.0255885,-0.91767064,230.649231,-52.578655,0.38955894,761.17211,1.6477001,1.6025116,0.036679727,-0.044223262,0.1545075,1.6477001,1.6025116,1.4271887,1.3880478,11.744928,11.788147,0.20717,0.20075,0.003912,0.020229,0.024141,26.765863,0.925077,929.096666,303.615348
609,61242.8793,1468703189.58,1.6836617,-0.28350103,96.46671,-16.243413,2.2864079,305.77718,1.3193728,1.169553,0.029541688,0.032443437,0.0657735,1.3193728,1.169553,1.2379485,1.0973748,11.958502,12.005269,0.16293,0.14386,0.002197,0.029544,0.031741,51.646804,0.656079,412.77164,87.013176
610,61314.569,1474897177.97,2.7110075,-0.27963737,155.329288,-16.022041,1.2591624,200.17542,1.2969112,1.2739764,-0.012544073,-0.0031467309,0.0437345,1.2969112,1.2739764,1.2425681,1.2205943,11.966728,11.974739,0.16004,0.15711,0.002133,0.068705,0.070838,31.840993,0.306614,494.08521,116.709513
611,63103.192,1629434208.51,2.9167043,-1.0433128,167.114846,-59.77742,2.5654913,783.446,1.5579253,1.522118,0.036281818,-0.0074442692,0.1586286,1.5579253,1.522118,1.3446288,1.3137239,11.824356,11.852279,0.19457,0.18965,0.003341,0.01449,0.017831,27.419555,0.838593,912.725096,264.360405
612,62193.355,1550824290.0,5.4209299,-0.91664155,310.596404,-52.519692,0.96123459,432.45389,1.736282,1.5257177,0.018706947,-0.031937411,0.0914075,1.736282,1.5257177,1.590865,1.3979359,11.642459,11.849461,0.22023,0.19014,0.004591,0.019211,0.023802,45.994358,0.572508,592.241459,135.192238
613,64210.4382,1725100281.33,2.8775862,0.85359678,164.873544,48.907493,1.8242022,335.94147,1.3974558,1.3595687,0.024346071,0.049400309,0.0719533,1.3974558,1.3595687,1.3036536,1.2683096,11.926033,11.942114,0.17304,0.16812,0.002513,0.019762,0.022275,15.330348,0.250703,686.721107,272.498833
614,62423.0669,1570671396.5,3.0337645,-0.30506118,173.821902,-17.478718,0.77449249,706.57743,1.4683447,1.4308625,0.0016003807,-0.041971958,0.14433,1.4683447,1.4308625,1.2831479,1.2503932,11.886503,11.908873,0.18242,0.17743,0.002845,0.062243,0.065089,15.459842,0.714776,641.481158,164.623026
615,61501.4851,1491046731.11,3.8190714,0.048205085,218.816673,2.761948,0.32253391,721.70024,1.57542,1.4361271,0.043752938,-0.043733512,0.1471603,1.57542,1.4361271,1.3733216,1.2518975,11.811147,11.904568,0.19697,0.17815,0.003364,0.040368,0.043732,28.144129,0.948435,632.051599,173.334332
616,63501.5159,1663849393.25,1.8124098,0.74487957,103.843432,42.678456,2.9339086,977.16119,1.7505042,1.4987013,-0.048260965,0.032609087,0.1937573,1.7505042,1.4987013,1.466382,1.2554489,11.62266,11.867288,0.22241,0.18649,0.004865,0.022562,0.027427,17.203282,0.978511,676.599706,159.99295
617,62026.737,1536428492.64,0.82090113,-0.025883199,47.03417,-1.482998,0.2441101,449.50854,1.5860545,1.3135026,0.012585915,-0.023335852,0.0947972,1.5860545,1.3135026,1.44872,1.199768,11.802476,11.960695,0.19845,0.16217,0.003811,0.020693,0.024504,21.481545,0.970353,357.427674,83.247726
618,62839.1461,1606620638.94,1.3943477,-0.2249481,79.890238,-12.888577,1.6834213,198.6788,1.466759,1.2569583,-0.047768039,0.026326078,0.0434174,1.466759,1.2569583,1.405726,1.2046552,11.887291,11.980406,0.18221,0.15494,0.00292,0.046711,0.049631,35.331639,0.112387,556.133975,174.869514
619,63442.4147,1658743052.34,4.3488308,-0.58767288,249.169651,-33.671176,2.5695478,338.05168,1.3860577,1.3787599,-0.030637093,-0.036722523,0.0723838,1.3860577,1.3787599,1.2925015,1.2856963,11.929715,11.933749,0.17157,0.17061,0.002517,0.068314,0.07083,63.155141,0.840796,495.048364,193.798462
622,64150.9244,1719958285.23,1.104561,-1.1386403,63.286684,-65.239284,2.4909305,710.95414,1.4891656,1.4402543,0.011516097,-0.044983766,0.14515,1.4891656,1.4402543,1.3004109,1.2576992,11.873792,11.902829,0.18521,0.17869,0.002934,0.04292,0.045854,49.322919,0.795683,812.085364,315.207581
623,63772.6692,1687277035.31,2.1422724,-0.12972768,122.743167,-7.432849,2.7291281,677.61475,1.5378727,1.4659202,-0.0014908007,-0.010709737,0.1388853,1.5378727,1.4659202,1.3503315,1.2871535,11.840863,11.887695,0.1918,0.1821,0.003166,0.04553,0.048696,45.760064,0.916136,591.428409,183.361641
624,63367.2637,1652250004.92,3.3700937,0.60776071,193.092146,34.822124,2.5163795,502.84589,1.4830392,1.4386599,0.032793054,-0.034632656,0.1053098,1.4830392,1.4386599,1.3417408,1.3015898,11.878177,11.903258,0.18438,0.17848,0.002909,0.05178,0.054689,32.609329,0.810838,563.271797,150.032022
625,63378.7161,1653239492.36,5.6675356,0.53692238,324.72587,30.763386,1.1636417,667.45815,1.4658359,1.4486434,-0.048985922,0.0088750095,0.1369683,1.4658359,1.4486434,1.2892496,1.2741282,11.887735,11.898538,0.18209,0.17979,0.002872,0.039783,0.042655,70.905223,0.395998,1161.339419,315.712472
626,64310.7363,1733766030.36,4.7148701,-0.072914571,270.142158,-4.177697,0.86390658,523.40217,1.5125716,1.4518177,-0.042347278,-0.047318359,0.1093266,1.5125716,1.4518177,1.3635043,1.3087379,11.857585,11.896356,0.18837,0.18022,0.003041,0.047092,0.050132,38.820902,0.649472,640.916379,181.604589
627,62035.3843,1537175625.08,5.3267439,0.98809029,305.199944,56.613403,1.056176,545.92743,1.4989503,1.4567563,0.020435688,-0.0069241874,0.1137066,1.4989503,1.4567563,1.3459113,1.3080252,11.867155,11.89311,0.18653,0.18088,0.002996,0.045254,0.04825,20.225566,0.492204,924.800637,254.445208
628,61003.8923,1448054715.28,5.3208281,-0.87037195,304.860994,-49.868639,2.1704105,370.98716,1.5861306,1.5438474,-0.025423572,-0.036513419,0.0790724,1.5861306,1.5438474,1.4699019,1.4307172,11.802403,11.8351,0.19846,0.19263,0.003501,0.045019,0.04852,52.023991,0.564324,662.953739,188.787932
629,61951.841,1529957476.76,3.8125509,1.1106327,218.443076,63.634566,0.74077218,855.77252,1.5155271,1.4681789,0.0022044175,0.033472842,0.1718901,1.5155271,1.4681789,1.2932332,1.2528299,11.855844,11.886587,0.18877,0.1824,0.003076,0.018272,0.021348,21.830304,0.737948,996.986248,304.960261
630,61762.6198,1513608771.2,1.8544487,-0.23646314,106.252084,-13.54834,0.25368112,555.61994,1.5324902,1.3214128,-0.031345122,-0.031518252,0.1155845,1.5324902,1.3214128,1.3737105,1.1845026,11.845144,11.957739,0.19105,0.16319,0.003251,0.0317,0.03495,35.713389,0.967995,437.196085,100.131378
632,63316.421,1647857196.54,0.10860377,-0.057669824,6.222538,-3.304238,0.21700568,647.2653,1.6177663,1.6097391,-0.047512946,0.027831993,0.133145,1.6177663,1.6097391,1.4276781,1.4205941,11.774308,11.782174,0.2029,0.20176,0.003804,0.026874,0.030677,45.444716,0.976547,665.82381,219.083609
633,63217.9906,1639352805.77,4.7203275,0.48247768,270.454844,27.643935,2.260377,822.08206,1.5940033,1.50707,0.01878881,0.0059377357,0.1657352,1.5940033,1.50707,1.3673803,1.2928065,11.796307,11.862689,0.19955,0.18761,0.003483,0.048762,0.052245,67.453351,0.636214,1063.003021,299.012164
634,63077.1148,1627181140.13,1.8888472,0.44034228,108.222973,25.229754,0.63439008,285.58194,1.4981431,1.4584196,0.042056587,-0.03700775,0.0616083,1.4981431,1.4584196,1.4112014,1.3737831,11.867593,11.891959,0.18642,0.1811,0.002996,0.038886,0.041882,44.612795,0.805433,247.597141,60.911557
637,61056.8521,1452630435.23,4.9797491,1.0863967,285.318606,62.245946,0.35560538,423.65416,1.5035096,1.4848195,-0.036227639,-0.01422192,0.0896531,1.5035096,1.4848195,1.3798058,1.3626535,11.864971,11.876874,0.18713,0.18462,0.003067,0.045799,0.048866,57.135526,0.937436,382.553131,129.818486
638,63550.7232,1668100901.67,5.9843335,-0.43067086,342.877053,-24.675623,2.4323933,518.38163,1.4753286,1.4130712,-0.041116433,0.038480793,0.1083473,1.4753286,1.4130712,1.3311068,1.2749354,11.882951,11.917255,0.18334,0.1751,0.002846,0.031174,0.03402,74.56901,0.758884,416.666698,119.892353
639,62132.3564,1545554014.74,5.7631856,0.17329908,330.206211,9.929306,0.72373622,751.27024,1.5318123,1.459307,0.0034536201,-0.032614429,0.1526698,1.5318123,1.459307,1.3289255,1.2660235,11.845545,11.891356,0.19096,0.18122,0.003132,0.024982,0.028113,22.889347,0.749337,1292.959078,278.247054
640,63327.696,1648831349.08,5.219651,0.035043235,299.063973,2.007829,0.7309455,285.51599,1.5869723,1.4245893,-0.048639052,-0.0091080105,0.0615947,1.5869723,1.4245893,1.4948947,1.3419333,11.801609,11.910864,0.19858,0.17662,0.003454,0.037367,0.040821,31.483892,0.744544,286.915712,55.774345
641,62948.0245,1616027734.78,1.2049625,-0.39949839,69.039266,-22.889572,1.7423824,249.56847,1.4627444,1.3915147,-0.036979852,-0.00085958876,0.0541235,1.4627444,1.3915147,1.3876404,1.3200679,11.88927,11.927777,0.18168,0.17228,0.002775,0.035432,0.038207,38.674565,0.170745,843.108772,259.349564
642,62199.5582,1551360249.85,5.6528005,0.77485716,323.881611,44.396045,2.028717,187.74094,1.321061,1.128389,0.012653283,-0.0071333052,0.0410958,1.321061,1.128389,1.2689139,1.0838474,11.957871,12.014921,0.16314,0.13869,0.00228,0.048659,0.050939,40.309691,0.442084,251.409799,63.534009
643,61471.0169,1488414281.17,6.1761211,-1.3809907,353.865673,-79.124939,2.8363786,804.74552,1.5822928,1.4734493,-0.028129677,0.037146131,0.1625528,1.5822928,1.4734493,1.3610503,1.2674257,11.806133,11.883872,0.19792,0.1831,0.003399,0.018086,0.021484,39.661265,0.953783,893.920715,308.763028
644,61330.4661,1476270692.65,5.8909385,0.57387552,337.525913,32.880645,0.38426631,313.61692,1.5069913,1.4535772,-0.049258882,0.0022542959,0.0673844,1.5069913,1.4535772,1.4118543,1.3618123,11.862756,11.895224,0.1876,0.18045,0.00302,0.06427,0.06729,69.45666,0.927074,440.249165,161.723145
646,63910.3142,1699169561.93,1.8778523,-0.24600105,107.593011,-14.094822,0.73894973,248.40245,1.3485473,1.3432608,-0.042296489,0.027791142,0.05388,1.3485473,1.3432608,1.2796024,1.2745862,11.948256,11.950014,0.16667,0.16599,0.002361,0.069627,0.071988,57.841959,0.739176,286.071635,50.812254
647,64214.3914,1725441834.73,1.8912925,-0.31954825,108.363078,-18.308766,2.4994118,785.43612,1.5627047,1.4011028,-0.039781831,0.022109573,0.1589959,1.5627047,1.4011028,1.3483263,1.2088937,11.821524,11.923467,0.19521,0.17353,0.003312,0.050574,0.053886,51.474313,0.800791,824.996192,271.470138
648,63274.2582,1644214323.34,1.3082926,0.49670988,74.959644,28.45938,0.64301837,274.24601,1.472846,1.3372345,0.018354262,-0.014000761,0.0592603,1.472846,1.3372345,1.3904476,1.2624229,11.884173,11.951611,0.18302,0.16523,0.002818,0.045298,0.048116,33.562363,0.80029,358.377451,88.620864
649,61362.0194,1478996894.33,2.0691409,-1.2781314,118.553041,-73.231535,2.5189482,692.92591,1.4230535,1.3690404,-0.034878409,0.035978266,0.1417677,1.4230535,1.3690404,1.24636,1.1990534,11.911541,11.938054,0.17642,0.16935,0.002607,0.033592,0.036199,64.427423,0.812339,1078.541327,306.822337
650,62407.0953,1569291448.39,2.4396285,0.95573035,139.780417,54.759315,0.67737083,432.57918,1.4566669,1.307697,-0.011211149,0.036249372,0.0914325,1.4566669,1.307697,1.3346377,1.1981474,11.893172,11.962826,0.18087,0.16143,0.002754,0.060161,0.062915,72.303631,0.779223,529.496187,176.278791
651,63551.2872,1668149632.11,3.0251229,-0.020363744,173.326775,-1.166757,2.9863432,872.09532,1.664901,1.4741066,0.021620764,-0.013383749,0.1748583,1.664901,1.4741066,1.4171079,1.2547101,11.727512,11.883549,0.20964,0.18318,0.004004,0.035922,0.039926,64.271897,0.987973,750.973521,236.547773
652,63729.3731,1683536253.32,4.7457933,1.2087245,271.913927,69.254812,0.66008517,181.62782,1.4629629,1.3733324,0.014930207,-0.0037527944,0.039795,1.4629629,1.3733324,1.4069724,1.3207722,11.889155,11.936399,0.18171,0.1699,0.002765,0.025704,0.028468,15.093906,0.78994,178.791233,34.621797
653,61413.7652,1483467729.38,0.098933519,-0.43118327,5.668473,-24.704982,2.4996851,431.98675,1.4583584,1.3713245,0.026174419,-0.021312901,0.0913145,1.4583584,1.3713245,1.336332,1.2565805,11.892001,11.937193,0.1811,0.16964,0.002744,0.06458,0.067324,53.184082,0.800955,565.559018,177.876191
654,61000.1075,1447727707.38,0.7512605,0.7959086,43.044056,45.602204,0.64951998,614.69541,1.6580865,1.5129799,0.021299544,-0.045715551,0.1269439,1.6580865,1.5129799,1.4713124,1.3425513,11.73463,11.857296,0.20866,0.18843,0.003895,0.03538,0.039275,18.068123,0.796374,654.701639,198.762262
655,63492.4797,1663068660.67,0.77887484,-0.34633078,44.626241,-19.843292,0.83383039,575.17715,1.6280976,1.4137427,0.034853718,0.039238103,0.1193614,1.6280976,1.4137427,1.4544879,1.2629904,11.764946,11.916984,0.20436,0.17519,0.00382,0.05776,0.06158,30.456433,0.672044,1100.986222,301.868066
656,62248.0866,1555553101.62,0.41305262,0.26107914,23.666172,14.958733,2.4590272,763.70629,1.7153144,1.5183013,-0.0090589294,0.022263171,0.1549773,1.7153144,1.5183013,1.4851499,1.3145724,11.668883,11.854514,0.21708,0.18914,0.00439,0.020998,0.025388,18.571482,0.775957,1099.766414,338.056013
657,61890.6847,1524673572.68,5.7124211,-0.42794906,327.29762,-24.519675,1.2830487,219.63247,1.5367595,1.4281605,0.031653662,0.029734715,0.0478445,1.5367595,1.4281605,1.4665912,1.3629508,11.841926,11.909982,0.19164,0.17708,0.003137,0.04638,0.049517,51.227727,0.283793,531.878997,172.672383
660,61045.1411,1451618612.86,3.0552438,0.3161746,175.052575,18.11547,0.67100767,930.27515,1.5875742,1.3907875,-0.046973173,-0.0029095226,0.1853669,1.5875742,1.3907875,1.3393103,1.173297,11.801066,11.927949,0.19866,0.17219,0.003522,0.036424,0.039946,56.195395,0.783196,1101.706995,308.462287
661,62891.0479,1611104958.6,1.769394,-0.43597696,101.378808,-24.97964,2.7861379,774.11687,1.5771855,1.4739264,0.027591472,-0.011515168,0.1569047,1.5771855,1.4739264,1.3632804,1.2740258,11.809928,11.883637,0.19721,0.18316,0.00337,0.056147,0.059517,21.869258,0.937488,734.015576,263.763653
663,63979.0276,1705106400.39,0.87245331,-0.57926659,49.987892,-33.189531,2.8016605,390.40779,1.4984022,1.4776032,-0.038879463,-0.010857085,0.0829901,1.4984022,1.4776032,1.3835788,1.3643736,11.86745,11.881781,0.18645,0.18364,0.003034,0.058243,0.061277,38.030333,0.942777,422.958582,92.77666
664,64351.7108,1737306227.83,5.713999,-0.19800799,327.388027,-11.345022,0.35160221,605.78852,1.5474958,1.3630712,-0.026477487,0.048143854,0.1252405,1.5474958,1.3630712,1.3752578,1.2113598,11.833035,11.940438,0.19312,0.16858,0.003266,0.019149,0.022415,42.374191,0.938822,749.007397,222.778634
666,62980.1073,1618799691.07,1.6583535,0.38109002,95.016656,21.83485,2.6139723,370.85875,1.6017453,1.5117622,0.049762978,0.0078316278,0.0790464,1.6017453,1.5117622,1.4844081,1.4010168,11.788914,11.858225,0.20064,0.18826,0.003529,0.013838,0.017367,37.143181,0.864008,386.306243,109.211772
667,62800.6146,1603291523.51,5.0300126,-0.84120533,288.198493,-48.197515,0.57881529,502.65992,1.4725,1.2458571,0.0056325704,0.026575392,0.1052733,1.4725,1.2458571,1.3322496,1.1271937,11.884349,11.98404,0.18297,0.15352,0.003001,0.037387,0.040388,22.2615,0.837111,837.537321,313.637676
668,61297.6973,1473439468.97,5.2915258,0.89636536,303.182096,51.357952,0.84050988,205.57971,1.4025762,1.3223109,-0.013479822,0.012997671,0.0448784,1.4025762,1.3223109,1.3423344,1.2655165,11.92229,11.957405,0.17373,0.1633,0.002495,0.060221,0.062716,40.136867,0.667083,261.499932,53.255346
670,62921.0548,1613697553.19,5.078395,0.049492522,290.9706,2.835713,0.14364171,782.23901,1.5310066,1.4680193,-0.019198494,0.040560806,0.1584057,1.5310066,1.4680193,1.3216498,1.2672756,11.846002,11.886668,0.19086,0.18238,0.003138,0.06277,0.065909,60.070683,0.989701,767.998308,264.265224
671,62329.9268,1562624091.48,2.6868076,0.60515136,153.942736,34.672619,1.4685756,415.16682,1.5425872,1.3107711,-0.036177528,-0.028086913,0.0879573,1.5425872,1.3107711,1.4178748,1.2048001,11.836081,11.961701,0.19246,0.16182,0.003375,0.024967,0.028342,19.26046,0.102043,645.938673,234.566611
672,63124.9735,1631316126.94,0.60070215,-0.63871681,34.417698,-36.595778,2.0891164,773.07045,1.556005,1.4030052,0.0025452919,-0.015227376,0.1567111,1.556005,1.4030052,1.3451976,1.2129262,11.826137,11.921958,0.1943,0.17379,0.003264,0.045632,0.048897,19.810801,0.495422,773.248729,273.787989
673,62360.5422,1565269265.6,1.33835,0.4191695,76.681807,24.016643,1.0757235,337.49025,1.4343468,1.3743078,0.043617462,-0.020625646,0.0722693,1.4343468,1.3743078,1.337674,1.2816816,11.906031,11.935986,0.1779,0.17003,0.002652,0.037221,0.039873,36.286278,0.475096,586.222398,193.188322
674,61841.0469,1520384872.93,4.1059082,-0.81555271,235.251211,-46.727728,0.34536142,702.9063,1.4106395,1.401618,0.017347604,-0.0008990388,0.1436416,1.4106395,1.401618,1.2334629,1.2255745,11.918152,11.923053,0.17479,0.1736,0.002623,0.067874,0.070497,71.503543,0.940953,682.873656,206.356602
675,61332.3785,1476435917.23,0.29247382,-0.41228434,16.757516,-23.622153,2.8206398,559.48229,1.5161534,1.4221522,0.033769758,0.045692063,0.1163317,1.5161534,1.4221522,1.3581567,1.2739513,11.855543,11.912054,0.18885,0.1763,0.003031,0.058614,0.061645,55.114359,0.948935,623.915262,189.703325
677,62102.2146,1542949755.64,2.9517879,0.32253699,169.124989,18.480008,2.1141654,417.34537,1.4939164,1.3519652,-0.022873812,-0.02449228,0.0883929,1.4939164,1.3519652,1.3725892,1.2421665,11.870306,11.94642,0.18585,0.16712,0.002925,0.060586,0.063512,55.720197,0.517023,631.936321,159.233978
679,61338.2569,1476943815.89,0.84148113,0.51894195,48.213317,29.733184,0.75668092,903.6195,1.5665137,1.518658,0.048160695,-0.00022503046,0.1805659,1.5665137,1.518658,1.3269176,1.2863814,11.81899,11.854334,0.19573,0.18918,0.003368,0.033251,0.03662,36.715199,0.727119,1080.731209,301.349188
680,61619.1393,1501212055.93,1.9021102,-0.057368707,108.982887,-3.286985,1.019005,231.36619,1.4398421,1.3797431,-0.022830552,0.047855621,0.0503119,1.4398421,1.3797431,1.3708709,1.3136508,11.902926,11.933187,0.17863,0.17074,0.002677,0.038911,0.041588,50.619647,0.524214,362.561793,67.084479
682,64455.6766,1746288872.35,0.62446548,0.098550308,35.779236,5.646517,2.6628134,215.89707,1.4609398,1.366639,0.01043748,0.011581745,0.0470572,1.4609398,1.366639,1.3952817,1.305219,11.890302,11.938968,0.18144,0.16904,0.002753,0.031505,0.034259,15.607871,0.887558,228.453382,42.472706
683,62554.3624,1582015333.61,4.8330088,-0.50369182,276.911007,-28.859415,0.91629192,753.06341,1.5018172,1.3651681,-0.017819274,-0.041669671,0.1530028,1.5018172,1.3651681,1.3025269,1.184011,11.865757,11.939552,0.18691,0.16885,0.002961,0.020036,0.022997,53.165763,0.608766,971.035732,278.142125
684,62861.5512,1608556440.19,3.1065386,1.3527004,177.991551,77.504024,2.3122803,546.76879,1.5159877,1.4323638,-0.02690407,0.0088884192,0.1138698,1.5159877,1.4323638,1.3610098,1.2859347,11.855622,11.907767,0.18883,0.17763,0.003036,0.059373,0.062409,69.797217,0.675383,678.604121,234.178044
685,64057.6649,1711900661.09,4.2242813,0.7388953,242.03349,42.335582,2.6271213,923.87114,1.6058363,1.5111075,0.046730125,0.010600866,0.1842156,1.6058363,1.5111075,1.3560338,1.2760409,11.784994,11.858804,0.20122,0.18817,0.003552,0.043636,0.047188,51.754408,0.870553,1058.945275,321.438892
686,64484.4912,1748778453.51,3.9049356,-0.51891381,223.736329,-29.731571,3.0854003,705.24862,1.6563482,1.4066076,-0.042895105,-0.006782744,0.1440809,1.6563482,1.4066076,1.4477544,1.2294651,11.736615,11.919732,0.20841,0.17426,0.004142,0.057887,0.062029,67.421916,0.998422,488.414758,157.321684
687,63039.5006,1623931267.48,4.2631216,0.024578872,244.258875,1.408266,0.75950113,613.69299,1.5754178,1.4682601,-0.023654842,-0.0052905249,0.1267523,1.5754178,1.4682601,1.3981935,1.3030904,11.811148,11.886546,0.19697,0.18241,0.003358,0.059697,0.063055,58.438383,0.72518,694.140414,219.404338
688,63843.6584,1693410501.48,2.7885716,-0.57449005,159.773384,-32.915855,2.875774,972.00079,1.6701978,1.6034203,-0.030049929,0.046229972,0.1928372,1.6701978,1.6034203,1.4001893,1.3442072,11.721915,11.787231,0.21041,0.20088,0.004031,0.011328,0.015359,22.233505,0.964878,876.394843,263.548219
689,62144.2936,1546585383.76,3.1064413,-1.5245283,177.985976,-87.349037,0.41223761,709.99907,1.5314611,1.4955419,0.0031055789,0.011330305,0.1449711,1.5314611,1.4955419,1.3375543,1.3061831,11.845746,11.869177,0.19092,0.18607,0.003186,0.050692,0.053877,69.147198,0.916227,650.28705,179.686209
691,62070.1039,1540175390.73,3.3299153,-0.79207562,190.790093,-45.38259,0.55238922,785.7438,1.6754142,1.4735648,-0.027523351,0.010776989,0.1590527,1.6754142,1.4735648,1.4455031,1.2713527,11.715706,11.883815,0.21118,0.18311,0.004105,0.043339,0.047444,18.986631,0.851273,956.260828,306.123976
692,62409.463,1569496023.23,1.8370838,-0.082110172,105.257148,-4.704566,1.7106331,377.8858,1.4932568,1.2861284,0.010136612,-0.012944294,0.0804663,1.4932568,1.2861284,1.3820485,1.1903457,11.870785,11.970543,0.18576,0.15866,0.003039,0.061926,0.064966,47.038048,0.139381,851.679524,267.118775
693,63353.7754,1651084614.23,0.022109564,-0.83559875,1.266785,-47.876282,2.7879082,729.56757,1.5603219,1.4882586,0.029639256,-0.037802504,0.1486293,1.5603219,1.4882586,1.3584208,1.2956823,11.822826,11.874436,0.19489,0.18508,0.003295,0.02586,0.029155,23.528227,0.938103,621.834879,197.325639
694,63387.6709,1654013184.83,5.2321609,-1.1607596,299.780737,-66.506626,2.4802663,773.40063,1.6136341,1.5663349,0.0098066932,0.0065665394,0.1567722,1.6136341,1.5663349,1.3949454,1.3540565,11.778408,11.819127,0.20231,0.1957,0.003669,0.022879,0.026548,15.702397,0.789178,805.198539,275.646615
695,62103.338,1543046823.04,5.303536,1.1951171,303.870229,68.475166,0.73899052,604.45363,1.4009362,1.3972782,-0.02530896,0.0071175843,0.124985,1.4009362,1.3972782,1.2452933,1.2420417,11.9236,11.926125,0.1735,0.17302,0.00259,0.024144,0.026734,40.322056,0.739149,635.698428,152.24325
696,61466.2347,1488001099.06,2.5901149,-0.42470718,148.402652,-24.333929,0.66012358,510.93766,1.3609718,1.3071428,-0.018779079,-0.0035432507,0.1068932,1.3609718,1.3071428,1.2295421,1.1809114,11.941411,11.963029,0.1683,0.16136,0.002342,0.068015,0.070357,32.702442,0.789916,615.004889,208.422738
698,63213.3869,1638955045.96,2.4835647,0.2581936,142.297775,14.793404,0.38279777,515.65158,1.6015304,1.5080149,-0.036242691,0.027846609,0.1078143,1.6015304,1.5080149,1.4456668,1.3612524,11.789126,11.861833,0.20061,0.18774,0.003525,0.036568,0.040093,44.16003,0.927623,742.053457,258.144709
699,61449.1405,1486524158.73,4.1387548,-0.82214882,237.133182,-47.105658,0.52386763,868.02411,1.5614053,1.5158364,-0.01095202,0.0078245786,0.1741188,1.5614053,1.5158364,1.3298529,1.2910418,11.822244,11.855694,0.19504,0.18881,0.003342,0.023714,0.027056,49.631993,0.865891,767.699043,221.598723
700,63024.7238,1622654552.49,1.2529527,0.039650583,71.788902,2.271811,2.4140965,506.54771,1.3845511,1.2474213,0.012922564,-0.032788243,0.1060345,1.3845511,1.2474213,1.2518155,1.1278322,11.930469,11.983736,0.17138,0.15372,0.002431,0.053174,0.055605,17.624344,0.746842,593.733142,166.316097
701,63426.9774,1657409269.52,1.3558725,-1.0404858,77.685772,-59.615445,2.0775502,550.89887,1.5287739,1.5195191,0.015392237,0.039497821,0.1146703,1.5287739,1.5195191,1.3715032,1.3632004,11.847275,11.853878,0.19056,0.1893,0.003232,0.042393,0.045625,22.380198,0.485342,929.248842,316.339322
702,63452.1402,1659583334.51,4.3044839,-1.204214,246.62876,-68.99638,0.31006471,986.63423,1.6151329,1.5482635,-0.038390794,-0.01961433,0.1954443,1.6151329,1.5482635,1.3510734,1.2951365,11.776904,11.83266,0.20252,0.19323,0.003644,0.021985,0.025629,48.518544,0.952314,788.826193,220.922192
703,63637.1524,1675568384.26,3.2710135,0.3675236,187.415268,21.057551,0.16343071,251.63334,1.6492338,1.4327177,0.010740972,0.025140826,0.0545547,1.6492338,1.4327177,1.5639149,1.3585997,11.743731,11.907469,0.20738,0.17768,0.003965,0.018664,0.022629,35.590041,0.986675,351.615423,117.215013
704,64055.008,1711671107.08,2.0160742,-0.19772253,115.512543,-11.328666,0.75281839,906.65509,1.7130855,1.3265877,0.043866479,0.0058194108,0.1811138,1.7130855,1.3265877,1.4503983,1.1231667,11.672747,11.955828,0.21672,0.16385,0.005782,0.045385,0.051167,58.750409,0.729765,1087.180788,304.69847
706,62749.8565,1598906017.17,5.4277523,0.11768122,310.987299,6.742637,0.87497653,386.70744,1.5014956,1.2087786,0.0043971298,0.046164806,0.0822452,1.5014956,1.2087786,1.3873895,1.1169175,11.865904,11.994444,0.18686,0.14882,0.003473,0.04499,0.048463,54.137499,0.641015,484.486082,131.881634
707,63555.8722,1668545772.91,1.4682175,0.23560717,84.122666,13.499296,0.52215743,854.66035,1.6347225,1.5394701,-0.041486019,0.041257344,0.1716875,1.6347225,1.5394701,1.3951864,1.3138914,11.757957,11.839197,0.20531,0.19202,0.003741,0.033297,0.037038,65.736262,0.866745,672.574004,215.528369
708,63167.1046,1634956253.17,1.7447797,-0.93730658,99.968513,-53.703711,0.75768459,760.2844,1.7310398,1.4496823,0.0024209058,-0.043978843,0.1543429,1.7310398,1.4496823,1.4995889,1.2558506,11.649538,11.89779,0.21943,0.17993,0.004868,0.024806,0.029674,56.54957,0.726429,815.601928,315.710255
709,61653.2398,1504158335.79,4.9560441,-0.23516607,283.96041,-13.474023,2.4171123,157.05706,1.3160514,1.2284561,-0.036485692,-0.026294277,0.0345429,1.3160514,1.2284561,1.2721091,1.1874385,11.959747,11.996431,0.1625,0.15122,0.00215,0.062849,0.064999,40.795865,0.748844,188.360264,59.694275
710,61089.9138,1455486966.61,2.950154,-0.57270637,169.031373,-32.813658,2.4993649,792.24518,1.7338888,1.5302085,0.024810653,-0.049770753,0.1602517,1.7338888,1.5302085,1.4944075,1.3188591,11.645299,11.846446,0.21987,0.19075,0.004553,0.012726,0.017279,55.377997,0.800763,832.302182,295.782951
711,61995.8948,1533763733.03,3.4835331,0.2842959,199.591744,16.288955,0.95732437,510.64852,1.5294681,1.3560158,-0.030058448,0.040085654,0.1068367,1.5294681,1.3560158,1.3818372,1.2251273,11.846865,11.944048,0.19065,0.16765,0.003147,0.045697,0.048845,31.52287,0.57571,738.889549,213.272508
713,62550.618,1581691810.8,4.3470797,0.19678108,249.06932,11.274725,2.9464731,726.77994,1.6035243,1.6001163,-0.030721268,0.029177963,0.148109,1.6035243,1.6001163,1.3966655,1.3936972,11.787128,11.790478,0.20089,0.20041,0.003721,0.030478,0.034199,33.37881,0.981024,788.429897,242.258907
714,63159.8708,1634331255.6,6.192887,-0.90845694,354.826288,-52.050749,1.0490604,574.15847,1.660477,1.5426337,0.014909012,0.018167332,0.1191651,1.660477,1.5426337,1.4836748,1.3783791,11.732035,11.836041,0.20901,0.19247,0.003907,0.018628,0.022534,62.33911,0.498386,1171.310504,359.160845
715,63974.8577,1704746119.54,1.7744348,0.0064976416,101.667625,0.372287,1.7439302,781.36022,1.7516068,1.4434296,0.0025761262,0.019552572,0.1582434,1.7516068,1.4434296,1.5122959,1.246223,11.621267,11.901918,0.22258,0.17909,0.00523,0.012466,0.017696,41.785171,0.17227,887.928518,305.064357
717,61686.86,1507063122.73,1.1055978,0.65563189,63.346088,37.56494,2.7607746,856.48406,1.80133,1.5644218,-0.0013835755,-0.031321533,0.1720196,1.80133,1.5644218,1.5369452,1.3348085,11.545712,11.820472,0.2304,0.19544,0.005251,0.000689,0.00594,62.90282,0.928361,769.664909,284.571849
718,61439.4243,1485684674.47,3.9723073,0.28910256,227.596443,16.564357,0.45072636,691.48998,1.5970547,1.5212185,0.022321033,0.031156738,0.1414977,1.5970547,1.5212185,1.3990871,1.3326514,11.793378,11.852878,0.19998,0.18953,0.003514,0.041265,0.04478,64.345342,0.900131,566.833672,279.839169
719,64372.1798,1739074754.12,1.1888945,0.35107382,68.118637,20.115048,1.2448826,192.76015,1.3595316,1.2328588,0.03546246,0.042182957,0.0421621,1.3595316,1.2328588,1.3045299,1.1829818,11.942133,11.991656,0.16812,0.15182,0.002323,0.050511,0.052834,66.45374,0.320175,398.440731,172.550476
720,61378.156,1480391092.76,4.9979672,0.89251925,286.362427,51.137586,0.33620722,535.67027,1.5970132,1.4561216,0.0072438512,0.020954035,0.1117149,1.5970132,1.4561216,1.4365313,1.3097977,11.793418,11.893547,0.19997,0.1808,0.003494,0.045849,0.049343,69.998114,0.944013,546.527043,173.87811
721,62674.7187,1592414117.6,5.0214808,-0.12935686,287.709657,-7.411602,2.0020642,236.00851,1.3238713,1.1895312,0.014664063,-0.024336202,0.0512859,1.3238713,1.1895312,1.2592876,1.1315011,11.956828,11.999544,0.1635,0.14639,0.002196,0.028973,0.03117,40.859113,0.418023,457.713835,132.690127
722,63049.4731,1624792889.59,3.8973915,-0.5182436,223.304084,-29.693171,1.0876949,286.14,1.3601427,1.3467708,-0.030943905,-0.04715775,0.0617237,1.3601427,1.3467708,1.2810703,1.2684758,11.941821,11.949012,0.1682,0.16644,0.002394,0.024761,0.027155,34.132009,0.464528,570.852983,169.908581
723,62894.8105,1611430042.88,1.8687028,-0.15805443,107.068784,-9.055852,2.5380878,609.72379,1.4768547,1.4123476,-0.027541856,-0.00072917361,0.1259935,1.4768547,1.4123476,1.3116014,1.2543124,11.882181,11.917533,0.18354,0.17501,0.002851,0.017752,0.020603,49.931925,0.823352,576.661742,170.915207
724,61301.1125,1473734542.29,3.9192684,0.33487937,224.557538,19.187175,2.7745901,581.58013,1.4443265,1.3523921,0.048151708,-0.0043881247,0.1205944,1.4443265,1.3523921,1.2888932,1.2068525,11.90148,11.94617,0.17921,0.16718,0.002676,0.035712,0.038388,37.270345,0.933407,664.215603,187.594863
725,61199.5942,1464963356.79,4.1567639,-0.28239245,238.165028,-16.179896,2.738156,878.02637,1.7133611,1.3696026,-0.019088803,0.021832477,0.1759346,1.7133611,1.3696026,1.4570207,1.1646928,11.672415,11.937843,0.21676,0.16942,0.005246,0.038471,0.043717,51.06445,0.919717,888.742352,287.075513
726,61369.192,1479616606.46,0.89730539,1.2758201,51.411812,73.099107,1.2063519,750.33483,1.502242,1.3957715,-0.022814453,0.010639972,0.152496,1.502242,1.3957715,1.3034683,1.2110858,11.865564,11.926755,0.18696,0.17282,0.002954,0.036901,0.039855,57.335152,0.35643,929.958661,327.182494
728,63049.5569,1624800133.6,2.9932586,1.1714873,171.501085,67.121278,1.8533176,391.13325,1.5007304,1.4604429,0.016432126,0.035248689,0.0831361,1.5007304,1.4604429,1.3855418,1.3483466,11.866262,11.890613,0.18676,0.18138,0.003008,0.037866,0.040874,56.304301,0.278778,649.12644,195.822928
729,62905.2071,1612328312.02,4.6030876,-0.65171698,263.737492,-37.340632,0.29299158,564.1771,1.4744844,1.4735981,-0.041689669,0.0068079025,0.1172391,1.4744844,1.4735981,1.3197573,1.318964,11.883364,11.883798,0.18323,0.18312,0.002955,0.061338,0.064293,37.473173,0.957384,473.520161,143.755027
730,61818.0928,1518401633.51,3.2892524,-1.2346311,188.46028,-70.739151,1.2559425,494.32751,1.6276952,1.4470586,0.014687492,-0.033049855,0.1036396,1.6276952,1.4470586,1.474843,1.3111695,11.76537,11.899703,0.2043,0.17958,0.003734,0.028913,0.032647,25.011612,0.309677,917.259856,293.273637
731,63232.2095,1640581318.49,0.050561623,0.48813634,2.896968,27.968152,1.1414901,323.27404,1.3277155,1.3234301,0.047440937,-0.02077425,0.0693641,1.3277155,1.3234301,1.2415935,1.237586,11.955407,11.956991,0.164,0.16345,0.00228,0.044799,0.047079,40.83176,0.41624,522.307947,196.419203
732,63870.2363,1695706830.62,2.0391442,0.24969149,116.834356,14.306269,0.5801648,685.90527,1.5126208,1.3714171,0.029679691,0.039270596,0.1404471,1.5126208,1.3714171,1.3263401,1.2025258,11.857549,11.937158,0.18838,0.16966,0.00302,0.057107,0.060127,23.555649,0.836372,589.385892,213.193851
733,61145.5264,1460291895.46,4.3506375,-0.18126339,249.273167,-10.385627,0.662716,137.14145,1.3264192,1.3100522,0.037416641,-0.028837401,0.0302573,1.3264192,1.3100522,1.287464,1.2715777,11.95589,11.961965,0.16383,0.16173,0.002254,0.03861,0.040864,68.405822,0.788324,205.598874,54.218266
734,62743.4548,1598352912.93,6.1663472,0.72066164,353.30567,41.29087,2.6016182,607.46899,1.5795672,1.4601279,-0.015465978,0.042810418,0.1255621,1.5795672,1.4601279,1.4033585,1.2972432,11.808377,11.890814,0.19754,0.18133,0.003381,0.043149,0.04653,35.752648,0.857722,429.995451,126.463101
735,63412.5864,1656165886.62,2.1965644,-0.19256714,125.85387,-11.033284,1.0766985,513.19142,1.5481866,1.5195903,-0.04433521,-0.0059307878,0.1073337,1.5481866,1.5195903,1.3981211,1.3722966,11.832698,11.853839,0.19321,0.18931,0.003298,0.051444,0.054742,24.267585,0.474238,946.267571,310.990229
736,61883.0917,1524017544.75,2.8020066,-0.4787373,160.543152,-27.429627,1.0062585,194.64333,1.476578,1.3408403,-0.034737716,0.028154466,0.0425618,1.476578,1.3408403,1.4162979,1.2861016,11.882325,11.950557,0.18351,0.16569,0.002835,0.066748,0.069583,16.526866,0.535025,309.792579,54.828995
738,62077.1982,1540788339.76,5.6575054,-0.32502146,324.151182,-18.622358,0.59604164,547.89106,1.5197431,1.4919112,-0.031839094,-0.0050826542,0.1140874,1.5197431,1.4919112,1.3641148,1.339133,11.853755,11.871781,0.18933,0.18558,0.003136,0.02252,0.025657,53.749343,0.827564,547.180257,150.509198
739,63147.7327,1633282519.86,0.73497034,0.30797684,42.110699,17.645773,0.65423195,630.96525,1.3865525,1.2687619,-0.045334349,0.025017637,0.1300469,1.3865525,1.2687619,1.2269867,1.1227515,11.929484,11.976528,0.17164,0.15644,0.002427,0.066602,0.069028,53.214139,0.793516,640.041984,179.369384
740,64142.7735,1719254050.74,0.23397558,0.45780256,13.405813,26.230155,2.109041,466.20121,1.5531405,1.4081487,0.012952662,0.039545488,0.0981015,1.5531405,1.4081487,1.4143871,1.2823484,11.829274,11.919065,0.19389,0.17446,0.00324,0.040547,0.043787,35.43625,0.51263,650.309831,160.15841
742,63834.7355,1692639562.7,0.11436681,0.27661748,6.552736,15.849014,1.8403227,543.18604,1.5221745,1.4547258,0.025888839,0.0280871,0.1131748,1.5221745,1.4547258,1.3674174,1.3068261,11.852239,11.894481,0.18966,0.18061,0.003084,0.028706,0.03179,19.302713,0.266275,910.083292,305.945313
743,63040.9558,1624056996.26,5.8891629,-0.58286098,337.424179,-33.395474,2.4945864,502.77049,1.4841093,1.350204,0.006610204,-0.033962583,0.105295,1.4841093,1.350204,1.3427269,1.221578,11.877391,11.947413,0.18452,0.16689,0.002871,0.04109,0.04396,39.577734,0.797892,494.245381,116.455002
744,63555.776,1668537465.45,6.1367767,0.83715483,351.611405,47.965439,2.976384,684.55035,1.5633178,1.4513171,0.0095311293,0.027956515,0.1401921,1.5633178,1.4513171,1.3711004,1.2728707,11.821163,11.896683,0.19529,0.18015,0.003286,0.061351,0.064637,33.67305,0.986384,581.880931,162.467934
746,62276.8786,1558040732.99,4.9895477,0.16908201,285.880025,9.687686,2.9078283,749.37992,1.5046255,1.503101,0.0045208266,-0.027229287,0.1523185,1.5046255,1.503101,1.3057375,1.3044145,11.864388,11.865167,0.18728,0.18707,0.003116,0.038892,0.042008,55.627238,0.972801,673.446289,187.53029
747,63243.3793,1641546393.7,1.4299624,-1.0497894,81.93081,-60.148502,2.977906,296.1355,1.3899584,1.387489,0.0072909498,0.0049221268,0.0637878,1.3899584,1.387489,1.3066125,1.3042911,11.928179,11.929073,0.17208,0.17176,0.002544,0.034667,0.037212,51.346755,0.986633,265.284339,53.185854
748,62631.6356,1588691731.16,4.2038464,0.70456675,240.862656,40.368701,0.43691555,759.99092,1.5802801,1.5255287,0.035837393,-0.027422132,0.1542885,1.5802801,1.5255287,1.3690513,1.3216182,11.807853,11.849613,0.19764,0.19012,0.003441,0.03803,0.04147,36.875624,0.906061,978.130866,319.225967
749,61664.7765,1505155105.66,4.204075,0.72729416,240.875754,41.670886,0.75881371,482.22249,1.5024754,1.4843994,-0.018942548,-0.037576594,0.1012606,1.5024754,1.4843994,1.3643232,1.3479093,11.865457,11.877179,0.18699,0.18456,0.003062,0.027584,0.030646,28.073553,0.725653,602.484037,157.141476
750,63456.084,1659924072.02,3.0487708,0.23937296,174.6817,13.71506,2.8634716,191.91736,1.393766,1.3560968,-0.0042366416,-0.039774098,0.0419832,1.393766,1.3560968,1.3376089,1.3014575,11.927301,11.944002,0.17256,0.16766,0.002497,0.021494,0.023992,74.282158,0.961573,253.307787,81.85665
751,62947.6262,1615993324.33,2.718017,-0.50926292,155.730903,-29.178616,2.5415379,200.63338,1.4892013,1.2560834,-0.04970109,0.047683369,0.0438315,1.4892013,1.2560834,1.4266682,1.2033392,11.873767,11.980716,0.18521,0.15482,0.003105,0.02429,0.027395,42.240097,0.825305,205.945344,47.629241
756,62255.1755,1556165584.38,3.398741,0.48388683,194.733515,27.724673,2.0628045,638.0421,1.705403,1.4778205,0.010503446,0.017349083,0.1313933,1.705403,1.4778205,1.5073477,1.3061952,11.681564,11.881661,0.21559,0.18367,0.004404,0.013221,0.017625,56.296454,0.472397,689.652723,238.591398
757,64189.6872,1723307389.08,2.4539786,0.64776084,140.602617,37.113962,2.210683,715.63584,1.5583961,1.4909653,-0.023652077,-0.04918112,0.1460263,1.5583961,1.4909653,1.3598257,1.3009869,11.824008,11.872484,0.19463,0.18545,0.00329,0.021582,0.024872,23.433178,0.597105,897.045712,271.183231
758,61073.2694,1454048895.23,2.0812753,-1.0773543,119.248291,-61.727854,0.33155964,703.55826,1.5477292,1.315514,-0.047180659,0.03562416,0.1437639,1.5477292,1.315514,1.3531894,1.1501622,11.832921,11.959947,0.19315,0.16243,0.003404,0.024302,0.027706,44.135382,0.945536,594.027745,182.554551
760,62105.206,1543208218.94,2.0482076,-0.88984479,117.353651,-50.984351,0.5638318,516.57842,1.5017372,1.2124068,0.015339321,-0.034601925,0.1079953,1.5017372,1.2124068,1.3553643,1.0942346,11.865793,11.992552,0.1869,0.14929,0.003453,0.05133,0.054783,16.652203,0.845213,469.513457,139.883808
761,61199.0849,1464919352.69,4.9886076,-1.1899143,285.826161,-68.177067,0.99542154,104.04337,1.4727203,1.380273,-0.006826798,-0.013349215,0.0230767,1.4727203,1.380273,1.4395014,1.3491393,11.884237,11.932881,0.183,0.17081,0.00281,0.026593,0.029403,45.327307,0.544149,143.304555,22.61221
762,63682.8456,1679516278.43,3.7469789,0.33835429,214.686077,19.386273,2.2476452,308.76978,1.6526999,1.3047331,0.003991955,-0.041598749,0.0663888,1.6526999,1.3047331,1.5498098,1.223506,11.741744,11.963906,0.20786,0.16105,0.004842,0.033445,0.038287,72.841044,0.62634,798.915291,267.875758
763,63457.3761,1660035712.12,4.5670234,0.020076028,261.671166,1.150272,1.0540766,580.89624,1.473838,1.3986467,-0.022057616,-0.037956402,0.1204628,1.473838,1.3986467,1.3153833,1.2482759,11.88368,11.925316,0.18315,0.1732,0.002826,0.063135,0.065961,38.052403,0.494031,842.968401,260.238835
764,62159.7328,1547919328.95,6.1425291,-1.0683565,351.940993,-61.212318,2.72638,703.468,1.5579753,1.3567535,0.016052703,-0.0056469574,0.143747,1.5579753,1.3567535,1.3621678,1.1862357,11.824318,11.943631,0.19457,0.16775,0.003362,0.040759,0.044121,17.339761,0.915031,553.387242,187.727915
766,63364.8202,1652038879.63,6.1932171,-0.24115652,354.845201,-13.817251,2.7394997,889.72751,1.6376678,1.5334459,0.045575698,-0.026145335,0.1780547,1.6376678,1.5334459,1.3901458,1.3016763,11.754926,11.844534,0.20573,0.19118,0.003754,0.030629,0.034383,16.857347,0.920244,831.225056,281.670348
767,62385.7803,1567449835.2,1.1465232,-0.82414005,65.69094,-47.219747,0.91534455,445.64734,1.3889027,1.3687962,-0.043451255,0.040633924,0.094031,1.3889027,1.3687962,1.2695278,1.2511494,11.928525,11.938145,0.17194,0.16932,0.002505,0.026539,0.029044,38.279206,0.609517,510.377079,146.584254
768,63646.8883,1676409564.53,4.7124884,0.8546323,270.005696,48.966824,1.2549482,536.16969,1.5145871,1.3367363,0.0092457574,0.035177793,0.111812,1.5145871,1.3367363,1.3622691,1.2023043,11.856325,11.951792,0.18864,0.16516,0.003078,0.027142,0.03022,24.601496,0.310623,1073.987083,283.839897
769,62589.6428,1585063557.61,5.1838014,0.14879071,297.009942,8.52508,0.79241363,421.51652,1.6814067,1.3783302,-0.042955682,0.038022573,0.0892263,1.6814067,1.3783302,1.5436707,1.2654214,11.709799,11.933989,0.21204,0.17056,0.004638,0.016346,0.020984,16.401126,0.702129,920.985001,340.943651
770,62442.979,1572391807.7,0.66817125,0.17468688,38.283393,10.008821,2.6406653,423.43742,1.5547978,1.2200609,-0.019877708,-0.033371442,0.0896098,1.5547978,1.2200609,1.4269308,1.1197228,11.827467,11.993444,0.19413,0.15022,0.004095,0.026308,0.030403,60.372817,0.877138,333.63078,78.378838
771,64271.5547,1730380744.44,0.43377351,0.12478112,24.853391,7.149432,0.17364845,485.86438,1.4625058,1.4432801,0.014861388,-0.015515648,0.101977,1.4625058,1.4432801,1.3271654,1.3097188,11.889399,11.901981,0.18165,0.17907,0.002851,0.03102,0.03387,42.511381,0.984961,497.584182,133.93613
772,61878.0768,1523584257.81,2.9214697,-0.17020334,167.387884,-9.751933,0.069256512,351.31895,1.4361484,1.428612,-0.033690102,-0.039096705,0.075085,1.4361484,1.428612,1.3358464,1.3288364,11.904553,11.909858,0.17815,0.17714,0.002746,0.026255,0.029001,32.354686,0.997603,300.454694,60.425258
773,61421.5657,1484141693.61,0.70848796,-1.0795235,40.59337,-61.85214,1.192299,594.95097,1.3775356,1.3317839,0.025652755,-0.033641137,0.1231636,1.3775356,1.3317839,1.2264782,1.1857435,11.934423,11.953809,0.17045,0.16452,0.002418,0.022244,0.024662,69.004991,0.369525,1047.034051,271.957593
777,63045.9009,1624484255.45,3.0308097,0.70696556,173.652604,40.506143,1.5360599,691.19201,1.5123776,1.4546071,0.017122651,-0.018635596,0.1414417,1.5123776,1.4546071,1.3249714,1.2743595,11.85773,11.894559,0.18835,0.18059,0.003044,0.022205,0.025248,21.968338,0.034729,1135.707852,295.814692
779,64392.6263,1740841334.03,2.3727422,-0.61640364,135.948114,-35.317327,0.50150444,926.15739,1.5414943,1.4640241,0.045128301,0.01855982,0.1846268,1.5414943,1.4640241,1.3012489,1.2358526,11.837094,11.888613,0.19231,0.18185,0.003181,0.037485,0.040666,72.35513,0.87686,898.148977,267.672445
780,62322.4372,1561976996.23,2.0157057,-0.04035714,115.491429,-2.312294,0.89045422,188.0572,1.4164377,1.3448873,-0.024975378,-0.01316212,0.0411631,1.4164377,1.3448873,1.3604379,1.2917163,11.915719,11.949611,0.17554,0.1662,0.00256,0.028313,0.030873,33.838003,0.629059,275.561204,69.831059
782,61217.1287,1466478335.32,3.1007058,0.70849457,177.657356,40.593749,0.75136378,384.83539,1.4879581,1.4826072,-0.015267865,0.0080777927,0.081868,1.4879581,1.4826072,1.3753601,1.3704142,11.874648,11.878494,0.18504,0.18432,0.003015,0.034026,0.037041,68.30422,0.730759,521.727067,172.763761
783,62187.5684,1550324330.83,3.926001,-0.47475023,224.943288,-27.201185,2.6502892,626.22565,1.5916794,1.4762218,-0.003383184,0.029159146,0.1291441,1.5916794,1.4762218,1.4096336,1.3073813,11.79808,11.882506,0.19923,0.18346,0.003454,0.035992,0.039446,51.176573,0.881719,724.600414,219.4975
785,62770.7608,1600712150.27,5.8561936,1.1696952,335.535177,67.018598,2.058796,209.68428,1.36336,1.3247252,0.0090737067,-0.013174904,0.045746,1.36336,1.3247252,1.30372,1.2667753,11.940312,11.956514,0.16861,0.16361,0.002369,0.054029,0.056398,64.602442,0.46886,284.225628,64.758755
786,61566.7305,1496683935.21,2.9163811,1.0604603,167.096328,60.7599,2.4260855,580.49528,1.4880797,1.1923401,0.040901704,-0.023337416,0.1203856,1.4880797,1.1923401,1.3281853,1.064223,11.874563,11.998984,0.18506,0.14674,0.003427,0.019675,0.023103,74.04079,0.754761,662.006345,184.055836
787,63303.3578,1646728528.74,1.1886995,0.07464779,68.107464,4.277003,0.64092372,542.51364,1.5539963,1.5008531,-0.030959457,0.021624989,0.1130443,1.5539963,1.5008531,1.3961676,1.3484218,11.828361,11.866203,0.19401,0.18678,0.003285,0.049914,0.053199,32.304326,0.801544,752.434653,234.202694
788,64492.1229,1749437833.24,1.5891543,-0.6300939,91.051834,-36.101721,2.5727748,441.36624,1.5452311,1.3756618,-0.03387006,-0.046304154,0.0931806,1.5452311,1.3756618,1.4135186,1.2584031,11.834218,11.935372,0.19282,0.17021,0.003226,0.048386,0.051612,72.668129,0.842538,372.273543,97.714588
789,62581.0882,1584324435.54,2.5098788,0.77930232,143.805462,44.650734,0.4609494,538.94408,1.6548419,1.3599152,-0.023998744,-0.017448887,0.1123511,1.6548419,1.3599152,1.4876974,1.2225593,11.738793,11.941936,0.20818,0.16817,0.004391,0.019387,0.023778,38.368914,0.895631,618.086703,192.061816
790,62241.5499,1554988333.56,5.0909448,1.0988705,291.689651,62.960642,0.31962382,295.86016,1.414814,1.305331,-0.0017296643,0.018435404,0.063731,1.414814,1.305331,1.3300487,1.2271251,11.916519,11.963688,0.17533,0.16112,0.002543,0.063562,0.066105,38.130714,0.949354,291.997172,61.347903
791,62402.4646,1568891358.05,3.0350892,-0.25737185,173.897802,-14.746321,2.5348367,363.16358,1.5218382,1.4508934,-0.029163361,0.016994382,0.0774887,1.5218382,1.4508934,1.4123937,1.3465509,11.852471,11.896963,0.18961,0.18009,0.003078,0.061069,0.064147,35.423226,0.821502,417.440971,87.943412
794,61403.0116,1482538622.35,6.0741261,-0.17107247,348.02179,-9.801731,2.435288,734.54701,1.6764962,1.4775026,-0.046892005,-0.045058118,0.1495579,1.6764962,1.4775026,1.4583835,1.285279,11.714459,11.881836,0.21134,0.18363,0.004105,0.01309,0.017195,47.484456,0.760765,1000.827718,283.807656
795,64091.4576,1714820355.07,6.1045707,0.89598907,349.766137,51.336392,2.6803783,481.0911,1.6454951,1.4988504,0.030026272,0.044348372,0.1010379,1.6454951,1.4988504,1.4944945,1.3613068,11.747506,11.867208,0.20685,0.18651,0.003809,0.021087,0.024897,24.248703,0.895513,478.142916,132.388209
797,62451.8898,1573161696.23,1.9802399,-0.98494053,113.459389,-56.432935,2.7720713,715.5782,1.6158003,1.5843512,-0.043356155,-0.035729882,0.1460156,1.6158003,1.5843512,1.4099288,1.3824866,11.776251,11.80415,0.20262,0.19821,0.003722,0.029394,0.033116,48.222689,0.9325,722.674894,186.566793
799,62355.4604,1564830200.01,1.3043845,-0.37811835,74.735727,-21.664586,2.532016,849.2147,1.5974757,1.5430783,-0.04062547,-0.030724785,0.170695,1.5974757,1.5430783,1.3645532,1.3180873,11.792967,11.835675,0.20004,0.19253,0.00355,0.037938,0.041488,47.502289,0.81989,891.228411,288.953165
800,63308.916,1647208756.53,1.9025467,0.65139845,109.007896,37.322382,0.71017165,247.55129,1.4624655,1.3913438,0.048042568,0.038639026,0.0537021,1.4624655,1.3913438,1.3879307,1.3204337,11.889421,11.927815,0.18165,0.17226,0.002774,0.026724,0.029498,60.714109,0.75825,249.760587,69.561114
801,62547.117,1581389324.49,5.0345295,-0.10528752,288.457292,-6.032531,2.3307377,408.09125,1.4472103,1.3344506,-0.0085973089,-0.011600087,0.0865409,1.4472103,1.3344506,1.3319428,1.2281642,11.899593,11.952695,0.1796,0.16487,0.002688,0.028399,0.031087,65.018998,0.688879,655.7686,225.650306
802,63268.8171,1643744218.97,1.8542724,0.39302406,106.241983,22.51862,0.16075327,957.82991,1.8065271,1.5379645,0.033678936,-0.011989479,0.1903062,1.8065271,1.5379645,1.5176995,1.2920747,11.536896,11.840771,0.23124,0.19181,0.005454,0.002412,0.007866,41.426481,0.987107,1053.612637,371.00705
803,61215.062,1466299776.14,3.8054228,0.94453367,218.034666,54.117793,0.6000029,452.24654,1.4520572,1.3822737,-0.006300485,-0.040016045,0.09534,1.4520572,1.3822737,1.325668,1.2619585,11.896201,11.931723,0.18025,0.17108,0.002726,0.042406,0.045131,33.139995,0.825334,443.922397,135.385329
804,63848.0317,1693788357.14,0.5003835,1.1879521,28.669863,68.064642,0.45477358,936.92206,1.7007751,1.5755019,0.0034063429,0.012706665,0.1865606,1.7007751,1.5755019,1.4333656,1.3277888,11.68686,11.811085,0.21491,0.19698,0.004202,0.011706,0.015908,30.560094,0.898361,1133.396622,309.474994
805,64291.7638,1732126813.35,1.5485408,-0.23339404,88.724852,-13.372493,1.3302971,532.86129,1.5573785,1.4973737,0.031896684,-0.020852852,0.1111686,1.5573785,1.4973737,1.4015681,1.3475666,11.824802,11.868033,0.19449,0.18632,0.003294,0.03095,0.034244,26.67743,0.238188,1248.574256,295.644341
806,63270.6789,1643905070.77,3.02959,1.4314307,173.582721,82.014938,2.3340038,125.26807,1.4571657,1.3654155,-0.018931503,-0.013917687,0.0276898,1.4571657,1.3654155,1.4179042,1.3286261,11.892827,11.939452,0.18094,0.16888,0.002736,0.041368,0.044104,18.458855,0.691243,140.758304,29.172117
809,64340.9808,1736379154.89,3.6352358,-0.81293194,208.283669,-46.577569,1.1584001,398.19385,1.2608809,1.2248016,0.019153223,0.01524275,0.0845555,1.2608809,1.2248016,1.1625785,1.1293121,11.979105,11.996735,0.15544,0.15077,0.001989,0.057336,0.059325,35.546879,0.400806,703.398484,226.801132
810,61530.0131,1493511549.87,6.1681908,-0.83250762,353.4113,-47.699173,0.43519796,292.95231,1.3994319,1.3316603,-0.042361145,0.0044165064,0.0631311,1.3994319,1.3316603,1.3163305,1.2525834,11.924764,11.95386,0.1733,0.16451,0.002489,0.01947,0.021959,31.214862,0.906787,286.977361,65.774276
811,62670.9567,1592089073.7,2.5626577,0.82520031,146.829471,47.280495,2.4868393,378.97791,1.6356863,1.3504471,-0.024873279,0.018220573,0.0806867,1.6356863,1.3504471,1.513562,1.2496194,11.756903,11.94728,0.20545,0.16692,0.004197,0.028194,0.032392,72.985043,0.793198,380.201267,98.562713
812,63106.3236,1629704774.35,0.42728549,0.55629482,24.481655,31.873345,0.46995537,190.24937,1.4141488,1.3206897,0.047352136,0.0056501297,0.0416289,1.4141488,1.3206897,1.3576321,1.2679081,11.916813,11.958009,0.17524,0.1631,0.002541,0.055058,0.057598,48.46253,0.891588,163.259374,30.380532
813,63036.0783,1623635580.18,3.113215,-0.65720613,178.37408,-37.655138,0.88103236,873.67942,1.4687553,1.4159079,-0.046150112,-0.01987765,0.1751459,1.4687553,1.4159079,1.2498493,1.2048784,11.886292,11.915995,0.18248,0.17547,0.002825,0.062797,0.065621,35.836622,0.636355,898.046914,282.935666
816,62405.1162,1569120460.0,2.3155014,0.84559312,132.668458,48.448917,0.78105664,766.75139,1.5974641,1.4605053,-0.032400287,-0.0099110015,0.1555415,1.5974641,1.4605053,1.3824377,1.2639142,11.792978,11.890573,0.20004,0.18138,0.003494,0.037031,0.040525,49.828056,0.71017,1302.69986,288.231289
817,62183.2954,1549955143.39,1.5713505,-0.39536492,90.031752,-22.652741,2.2994278,586.96713,1.5620452,1.2676462,-0.047930365,0.037300754,0.1216304,1.5620452,1.2676462,1.3926559,1.1301818,11.821897,11.976906,0.19512,0.1563,0.003808,0.044919,0.048727,23.351802,0.665849,632.922701,183.575107
819,61443.8841,1486070002.42,5.4656842,-0.65284844,313.160637,-37.40546,1.069734,283.53223,1.4312352,1.321588,-0.0082218194,-0.025717487,0.0611843,1.4312352,1.321588,1.348715,1.2453897,11.908629,11.957674,0.17748,0.16321,0.002615,0.023132,0.025746,41.642625,0.480358,498.194697,171.197529
820,62371.0986,1566181335.05,2.8521293,-1.3246298,163.414972,-75.895697,3.0725925,650.0109,1.4903195,1.3878204,-0.0063623727,0.023396128,0.1336658,1.4903195,1.3878204,1.3146022,1.2241883,11.872959,11.928936,0.18536,0.1718,0.002895,0.039998,0.042892,52.574059,0.99762,934.0172,307.42807
821,61569.3129,1496907048.49,1.2877938,-1.1114922,73.78515,-63.683812,0.88313486,606.95583,1.6072689,1.4570804,-0.045595302,-0.014248218,0.1254639,1.6072689,1.4570804,1.4280945,1.2946487,11.783934,11.892886,0.20142,0.18092,0.003564,0.037504,0.041069,44.33387,0.634732,811.767462,228.756163
822,63570.2799,1669790598.57,3.8731555,0.93838776,221.915464,53.765658,2.6214015,868.19602,1.5865961,1.4562775,0.0073839455,0.039685021,0.17415,1.5865961,1.4562775,1.351272,1.2402823,11.801959,11.89344,0.19852,0.18082,0.003426,0.025878,0.029304,39.106728,0.867724,949.85498,292.124217
824,61730.9083,1510868892.89,0.69371957,-0.045498333,39.747204,-2.606862,2.3505962,660.08852,1.6931269,1.554875,-0.0090453449,0.009572479,0.1355748,1.6931269,1.554875,1.4909867,1.3692405,11.696302,11.827381,0.21377,0.19414,0.004145,0.010381,0.014525,74.630903,0.703137,599.758217,153.10765
825,61204.9786,1465428566.32,0.52446719,0.30259406,30.049756,17.337363,2.3883347,580.81782,1.5338271,1.368133,0.037264625,0.011071627,0.1204477,1.5338271,1.368133,1.3689413,1.2210593,11.844273,11.938395,0.19124,0.16923,0.003158,0.036082,0.03924,67.818886,0.729464,798.318787,241.314457
826,62933.2815,1614753938.08,2.0142079,-0.46692858,115.405612,-26.753037,0.5748315,835.13077,1.5876732,1.5206333,0.019067216,0.015468216,0.1681236,1.5876732,1.5206333,1.3591654,1.3017743,11.800979,11.85324,0.19868,0.18945,0.003467,0.013805,0.017272,52.404357,0.839284,882.325658,253.649335
827,63083.3041,1627715889.17,5.4056468,-1.1674217,309.720747,-66.888336,0.79396667,600.62373,1.5014255,1.4872845,0.02088819,0.032976052,0.1242513,1.5014255,1.4872845,1.3354892,1.322911,11.865936,11.875123,0.18685,0.18495,0.003066,0.031471,0.034537,49.162642,0.701022,805.928155,224.889003
829,64051.6957,1711384927.73,0.99555975,-0.049111772,57.041372,-2.813897,2.3118729,649.87834,1.5675153,1.384071,-0.036941677,-0.026873194,0.1336406,1.5675153,1.384071,1.3827268,1.2209081,11.818191,11.930723,0.19587,0.17131,0.003375,0.026941,0.030316,52.239629,0.675083,871.62227,292.783388
830,63019.4356,1622197657.6,1.4457771,0.55566342,82.836926,31.837169,0.56012298,786.19966,1.6168454,1.4678612,0.030500797,-0.042914852,0.1591368,1.6168454,1.4678612,1.3948702,1.2663399,11.775228,11.886747,0.20277,0.18236,0.003623,0.027427,0.03105,27.078726,0.84719,937.596869,308.400958
831,62209.183,1552191828.17,4.5148433,1.4906037,258.681466,85.405301,1.0142377,468.62517,1.4140263,1.3950806,0.008601334,-0.02098592,0.0985802,1.4140263,1.3950806,1.2871398,1.2698942,11.916865,11.926971,0.17523,0.17273,0.002619,0.023611,0.026229,38.708265,0.528267,765.029977,277.452051
832,63810.5416,1690549210.97,5.3973067,0.32607472,309.242895,18.682705,1.2540388,455.684,1.5074665,1.2441229,-0.042989666,0.043619579,0.0960211,1.5074665,1.2441229,1.3753991,1.1351268,11.862341,11.984247,0.18766,0.1533,0.00333,0.064275,0.067605,17.367572,0.311487,1058.042018,295.525028
833,62890.9761,1611098755.3,5.7868634,-1.2537883,331.562849,-71.836778,0.50260776,537.26144,1.5351646,1.465506,-0.049898345,-0.012929266,0.1120242,1.5351646,1.465506,1.3805137,1.3178724,11.843281,11.887893,0.19142,0.18205,0.003154,0.043983,0.047136,43.532762,0.876329,583.421743,182.388377
834,61277.481,1471692776.07,3.1876446,1.4430621,182.638582,82.681368,0.33166721,755.11865,1.713957,1.4501076,-0.038072306,0.044400666,0.1533844,1.713957,1.4501076,1.486024,1.257263,11.671583,11.897495,0.21686,0.17999,0.004631,0.032086,0.036717,47.581475,0.945501,865.53878,299.47938
835,62980.477,1618831627.44,3.1699469,0.36732689,181.624579,21.04628,0.39948683,881.0496,1.7120418,1.6186463,-0.033090338,-0.015379549,0.1764828,1.7120418,1.6186463,1.4552204,1.375835,11.673817,11.773397,0.21657,0.20303,0.004313,0.005328,0.009641,28.664984,0.921261,780.199806,233.202681
837,64178.0649,1722303226.14,0.40365642,0.25853386,23.127809,14.812899,2.5475276,628.02045,1.6498577,1.6124357,-0.039550842,-0.015289113,0.1294861,1.6498577,1.6124357,1.4607154,1.4275835,11.743432,11.779646,0.20747,0.20214,0.003946,0.012219,0.016165,72.841731,0.828672,855.768481,280.112418
838,62387.0942,1567563355.95,0.90182197,1.1541939,51.670593,66.130439,0.11681396,548.01333,1.5849012,1.5596484,0.030397556,0.015868333,0.1141111,1.5849012,1.5596484,1.4225701,1.3999038,11.803606,11.823207,0.19828,0.1948,0.003533,0.014511,0.018044,69.567277,0.993185,486.492807,129.022738
839,62037.1403,1537327340.49,0.86236591,0.87402196,49.409927,50.07777,0.35147838,388.27212,1.4769192,1.3151442,-0.030653618,-0.0084678916,0.0825603,1.4769192,1.3151442,1.3642836,1.2148462,11.882147,11.960085,0.18355,0.16238,0.002865,0.045484,0.048349,58.328594,0.938865,366.602825,64.689519
840,61502.1431,1491103581.8,6.1775552,0.25463683,353.947841,14.589616,0.46605409,880.59996,1.6973669,1.6367691,-0.021410388,0.0031995988,0.1764013,1.6973669,1.6367691,1.4428468,1.3913356,11.690867,11.755774,0.2144,0.20561,0.004253,0.004041,0.008294,47.003198,0.893348,1040.775109,329.222665
841,61530.0593,1493515543.83,4.1694125,-1.1284753,238.889739,-64.656872,2.9054401,545.10036,1.46896,1.387178,-0.008402643,-0.013989076,0.1135462,1.46896,1.387178,1.3191729,1.2457301,11.886187,11.929206,0.1825,0.17172,0.002798,0.055635,0.058432,67.19815,0.972245,431.282061,118.451862
842,62514.7002,1578588514.86,0.7818059,-0.31635701,44.794178,-18.125921,2.9845668,626.03005,1.5367525,1.521998,-0.001496826,-0.038788546,0.1291068,1.5367525,1.521998,1.3610338,1.3479664,11.841933,11.852362,0.19164,0.18963,0.003264,0.033477,0.036742,22.839141,0.987697,558.198628,158.407986
843,63084.8794,1627851996.83,5.1120943,0.52319575,292.901428,29.976908,2.707987,394.51279,1.343071,1.2596483,0.026167996,0.018141648,0.0838158,1.343071,1.2596483,1.2392059,1.1622347,11.950058,11.979503,0.16597,0.15528,0.002253,0.024407,0.02666,62.430588,0.907457,374.244759,84.647022
847,61282.1539,1472096516.52,5.803416,-0.48465856,332.511244,-27.76889,0.56294179,503.83545,1.5827319,1.4085769,-0.033626699,-0.036728431,0.1055036,1.5827319,1.4085769,1.4316841,1.2741496,11.805723,11.918898,0.19798,0.17452,0.003446,0.029559,0.033005,22.489249,0.845689,496.342155,100.707357
848,64288.4901,1731843959.32,4.0000223,0.11484102,229.184396,6.579906,2.9154594,141.1243,1.374385,1.3521427,0.042354203,-0.032837649,0.0311164,1.374385,1.3521427,1.3329096,1.3113385,11.935952,11.946316,0.17004,0.16714,0.002438,0.036659,0.039097,62.65264,0.974541,123.779935,17.182518
850,63642.9677,1676070823.92,2.504986,0.4872655,143.525126,27.918257,0.98992459,823.71905,1.572967,1.4624409,0.016506001,-0.032832074,0.1660351,1.572967,1.4624409,1.3489876,1.2541997,11.813239,11.889434,0.19663,0.18164,0.003343,0.044507,0.04785,31.546054,0.548753,954.348061,302.230975
851,63053.1837,1625113490.89,1.1223433,0.49049933,64.305534,28.103541,2.2762917,309.07767,1.7063378,1.3231568,-0.045004556,-0.0053837409,0.0664521,1.7063378,1.3231568,1.6000135,1.2407091,11.68025,11.957092,0.21573,0.16341,0.00568,0.041436,0.047116,67.625435,0.648411,326.527436,100.926511
852,63899.5353,1698238272.09,4.6372531,0.13944752,265.695031,7.989754,2.372541,472.29568,1.5771627,1.360051,-0.018573711,-0.0042050541,0.0993046,1.5771627,1.360051,1.4346913,1.2371921,11.809942,11.941867,0.19721,0.16818,0.003517,0.0344,0.037918,71.642526,0.718571,773.784024,254.737654
854,61280.6536,1471966893.26,3.8465556,-1.1862023,220.391402,-67.964385,0.98173155,365.3584,1.5643395,1.4236232,-0.030835665,0.048402148,0.0779333,1.5643395,1.4236232,1.4512396,1.3206969,11.820525,11.911257,0.19543,0.1765,0.0033,0.06342,0.06672,23.927758,0.555584,606.19995,129.273508
855,62668.9361,1591914494.63,4.7282786,-0.0031145288,270.910408,-0.178449,2.2891987,647.02458,1.5375646,1.4419642,0.011923177,-0.029256063,0.1330993,1.5375646,1.4419642,1.3569549,1.2725841,11.841167,11.902421,0.19175,0.1789,0.003145,0.045467,0.048613,42.760536,0.658183,916.842496,292.547542
857,63205.3259,1638258579.56,1.6261012,-0.62986141,93.168736,-36.0884,0.51979699,559.73673,1.6084811,1.365683,0.045289944,0.026448658,0.1163809,1.6084811,1.365683,1.4407995,1.2233127,11.783102,11.939345,0.20158,0.16892,0.0038,0.027749,0.031549,73.859243,0.86792,505.110664,147.842746
858,63900.2852,1698303056.81,2.4566462,0.96791276,140.755459,55.457316,0.69732518,880.78593,1.6637665,1.5653505,-0.046700558,-0.0088743011,0.176435,1.6637665,1.5653505,1.4142443,1.3305881,11.72845,11.819844,0.20948,0.19557,0.00394,0.008982,0.012922,44.004446,0.766563,1155.750216,313.680171
859,63742.1435,1684639612.96,4.076538,0.21190924,233.568422,12.141505,2.3689591,699.55673,1.4950455,1.4812893,-0.030710717,0.022676746,0.1430131,1.4950455,1.4812893,1.3079863,1.2959513,11.869512,11.879446,0.186,0.18414,0.003032,0.023603,0.026636,66.812851,0.716075,857.757928,248.366244
860,61969.7424,1531504159.11,5.4221973,-0.63594092,310.669021,-36.436731,2.7314109,512.97428,1.5853104,1.4775146,0.0029736496,0.035182733,0.1072913,1.5853104,1.4775146,1.4317013,1.3343504,11.803202,11.88183,0.19834,0.18363,0.003417,0.025161,0.028578,50.323891,0.917048,513.550622,124.704001
861,64293.0806,1732240581.27,2.9332601,0.46758004,168.063424,26.790363,2.0972708,391.82955,1.5016397,1.4294798,0.038872244,-0.043997285,0.0832762,1.5016397,1.4294798,1.386202,1.3195894,11.865838,11.909564,0.18688,0.17725,0.002969,0.024735,0.027704,37.519794,0.502488,528.879772,149.220914
863,61435.2104,1485320600.45,0.31435401,-0.25224728,18.011158,-14.452705,2.0637912,414.15332,1.3500954,1.3496926,-0.027789579,-0.047460118,0.0877546,1.3500954,1.3496926,1.2411765,1.2408062,11.947471,11.947685,0.16687,0.16682,0.002377,0.02742,0.029797,32.147013,0.473266,520.608237,129.132974
864,64062.9677,1712358824.27,2.7406464,-0.56777879,157.027472,-32.531328,0.13755881,442.48007,1.463261,1.3558744,0.0024020335,0.020334384,0.0934019,1.463261,1.3558744,1.3382645,1.2400512,11.888999,11.944129,0.18175,0.16764,0.002762,0.032167,0.034929,27.193385,0.990554,366.292748,83.739681
865,64398.2909,1741330749.48,0.61839526,-0.10511219,35.431438,-6.022485,0.96998769,449.54648,1.7191601,1.4141656,0.019495467,0.019846437,0.0948047,1.7191601,1.4141656,1.5702893,1.2917058,11.669718,11.916805,0.21755,0.17524,0.004936,0.01826,0.023196,60.707891,0.56531,957.877808,374.094538
866,61620.0373,1501289643.42,5.4863487,0.81492846,314.344625,46.691961,2.6819348,679.0954,1.6346555,1.5469817,0.014779648,0.022660485,0.1391644,1.6346555,1.5469817,1.4349601,1.3579968,11.758031,11.833288,0.2053,0.19305,0.003747,0.035568,0.039316,38.19243,0.896204,599.640871,124.272404
867,63527.2312,1666071195.82,4.2822792,0.94369528,245.356525,54.069757,0.53480634,612.44406,1.6465072,1.4563566,0.019311704,-0.031029436,0.1265136,1.6465072,1.4563566,1.4615955,1.2927998,11.746258,11.893386,0.207,0.18083,0.003878,0.016402,0.02028,45.676528,0.860367,571.070512,147.630076
868,61140.9993,1459900758.88,2.6037028,0.3246006,149.181182,18.598244,0.94874394,848.1902,1.7353323,1.4717001,0.022337391,-0.029836876,0.1705082,1.7353323,1.4717001,1.482546,1.2573172,11.643459,11.88476,0.22009,0.18286,0.004799,0.021098,0.025897,44.539529,0.582704,913.518502,272.117537
869,62418.9799,1570318280.32,5.705031,0.68843326,326.874198,39.44432,0.62244848,490.606,1.4219882,1.2784088,-0.02422824,-0.007499913,0.1029089,1.4219882,1.2784088,1.289307,1.1591245,11.912154,11.973218,0.17628,0.15767,0.002593,0.039223,0.041816,49.636742,0.812453,551.058899,133.667889
870,62806.9915,1603842487.68,1.7146097,-0.60723438,98.239899,-34.791967,2.641875,426.04309,1.5086482,1.3358396,-0.0086522339,0.035069734,0.0901297,1.5086482,1.3358396,1.3839162,1.2253951,11.861218,11.952135,0.18783,0.16505,0.003039,0.068058,0.071097,66.934629,0.877718,422.947581,86.463369
872,63032.2583,1623305534.32,0.10129194,-0.28381355,5.803601,-16.261319,2.6457227,661.83333,1.696432,1.4844859,-0.040991507,-0.016413634,0.1359049,1.696432,1.4844859,1.493463,1.3068752,11.692073,11.877116,0.21426,0.18457,0.004285,0.01293,0.017216,73.844361,0.879555,855.456839,282.691883
873,64275.7804,1730745841.87,1.4291311,1.0787396,81.88318,61.807226,2.3494089,296.41894,1.536035,1.4826272,-0.016605952,0.031194146,0.0638462,1.536035,1.4826272,1.4438506,1.393648,11.842566,11.87848,0.19154,0.18432,0.00318,0.033989,0.037169,39.455053,0.702292,367.166753,65.942316
874,63352.8774,1651007025.84,5.5739971,-0.2409116,319.366509,-13.803218,2.2849283,499.11697,1.5357711,1.4897252,-0.040301585,-0.027129317,0.1045791,1.5357711,1.4897252,1.3903677,1.3486814,11.842789,11.873391,0.1915,0.18528,0.003191,0.060031,0.063222,64.651135,0.654962,603.838447,142.667274
875,62684.4728,1593256870.45,5.8139355,0.59594597,333.113967,34.145189,2.843253,186.20077,1.4291078,1.3006221,-0.028667837,-0.004872317,0.0407683,1.4291078,1.3006221,1.3731277,1.2496749,11.909701,11.965395,0.1772,0.16052,0.002612,0.063089,0.065701,60.871668,0.955826,169.786379,24.548845
876,63833.8626,1692564148.97,6.2365982,-0.067874895,357.330755,-3.888945,0.28054487,788.41395,1.5113643,1.4742374,0.025742226,0.047323909,0.1595453,1.5113643,1.4742374,1.3034112,1.2713927,11.858571,11.883485,0.18821,0.1832,0.003071,0.055398,0.05847,49.411737,0.960905,726.40609,213.311981
877,64326.8649,1735159543.06,0.55802177,-1.0070897,31.972292,-57.701989,2.8112483,514.0137,1.4864177,1.3423601,0.026064307,-0.024348876,0.1074944,1.4864177,1.3423601,1.3421447,1.2120695,11.875734,11.950216,0.18483,0.16588,0.00289,0.030693,0.033582,72.362829,0.945931,406.730863,178.225671
878,61077.2315,1454391221.36,5.9646083,-1.1685886,341.746882,-66.955195,0.75354771,475.36668,1.5010084,1.2913899,-0.024994425,0.022172243,0.0999102,1.5010084,1.2913899,1.3646645,1.1740867,11.86613,11.968691,0.1868,0.15934,0.003085,0.026346,0.029431,27.028471,0.729266,718.715129,266.343651
880,64438.8245,1744832850.73,6.0032704,-0.1651466,343.962057,-9.462203,0.94058575,779.5247,1.7730024,1.5724683,0.019112356,-0.0066431331,0.1579043,1.7730024,1.5724683,1.5312167,1.3580295,11.590707,11.813701,0.22589,0.19656,0.004875,0.00335,0.008225,21.555853,0.589315,1053.824327,323.735384
881,61301.4625,1473764776.85,4.6662334,-0.44659443,267.35548,-25.587976,2.1380377,433.42938,1.4034421,1.3285928,0.0086555583,-0.025238771,0.0916018,1.4034421,1.3285928,1.2856723,1.2171039,11.921631,11.955075,0.17384,0.16411,0.002502,0.066437,0.068939,66.237718,0.537308,998.492198,308.913983
882,63850.3537,1693988980.05,0.72268876,-0.47973838,41.407016,-27.486984,1.2917812,606.22897,1.5209763,1.4367253,-0.015137684,0.0020862838,0.1253248,1.5209763,1.4367253,1.3515887,1.2767205,11.85303,11.90416,0.18949,0.17823,0.003062,0.043834,0.046896,41.348989,0.275409,1063.865469,290.072478
883,61981.1716,1532491647.17,0.88155049,0.92123908,50.509123,52.783111,2.5689598,693.58696,1.5740649,1.4940131,-0.015505126,0.010118365,0.1418919,1.5740649,1.4940131,1.378471,1.3083665,11.812255,11.870236,0.19678,0.18586,0.003368,0.038912,0.04228,65.818131,0.840477,827.123309,224.08633
884,61462.6288,1487689546.5,4.3077808,0.55848585,246.817659,31.998882,0.52400382,613.08362,1.6715325,1.6576314,0.039144204,-0.014219808,0.1266359,1.6715325,1.6576314,1.4836493,1.4713107,11.720357,11.735113,0.21061,0.20859,0.004183,0.003011,0.007193,68.585412,0.865823,881.362831,381.631606
885,62539.4947,1580730763.45,2.5874951,-0.49957938,148.252549,-28.62379,2.608077,192.90806,1.53015,1.3704484,0.014593412,-0.013504757,0.0421935,1.53015,1.3704484,1.4682014,1.3149654,11.846479,11.937526,0.19074,0.16953,0.00313,0.056028,0.059158,18.747456,0.861024,177.98245,55.978817
886,63253.848,1642450887.62,0.41834944,-0.22556786,23.969657,-12.924086,0.74592029,482.77319,1.5654205,1.3535446,-0.0074330867,0.018370818,0.101369,1.5654205,1.3535446,1.4213407,1.2289656,11.819795,11.945489,0.19558,0.16733,0.003434,0.026219,0.029653,68.007886,0.734464,572.084522,178.490538
887,62333.3315,1562918255.94,0.062304517,-0.37075442,3.569786,-21.242664,2.6811858,473.95188,1.3268395,1.3076546,-0.016330354,-0.020868238,0.0996313,1.3268395,1.3076546,1.2066222,1.1891756,11.955734,11.962842,0.16389,0.16142,0.002251,0.034758,0.037009,41.899143,0.895872,451.982686,115.353404
889,61190.9789,1464218997.46,2.4716845,0.90382584,141.61709,51.785406,0.8442477,970.13858,1.6936007,1.5134575,0.029612581,-0.0087337314,0.1925049,1.6936007,1.5134575,1.4202044,1.2691415,11.69558,11.856982,0.21384,0.18849,0.00419,0.018658,0.022848,45.625949,0.664294,1083.497458,304.649169
890,63098.114,1628995466.63,2.275401,0.63249524,130.370874,36.239308,0.9689254,429.61229,1.52972,1.2740423,-0.024226614,-0.047965854,0.0908414,1.52972,1.2740423,1.4023304,1.1679446,11.846721,11.974716,0.19068,0.15712,0.003408,0.043861,0.047269,52.595551,0.566186,560.945403,165.189992
891,64158.4115,1720605168.7,2.1585846,-1.3853087,123.677787,-79.372342,2.2078838,98.724576,1.4816724,1.2737035,0.039751504,-0.013592611,0.0219158,1.4816724,1.2737035,1.4498967,1.2463879,11.879172,11.974833,0.18419,0.15707,0.002985,0.030225,0.03321,70.582956,0.594857,135.666459,23.764111
892,62341.2538,1563602744.66,0.24891327,-0.97822176,14.26168,-56.047978,2.2893575,534.43593,1.638732,1.4958837,-0.040973307,0.024071874,0.1114749,1.638732,1.4958837,1.4743761,1.3458547,11.75405,11.868952,0.20588,0.18612,0.003762,0.016075,0.019837,16.146966,0.658302,670.136617,155.568767
893,61757.1647,1513137449.96,5.7666086,-0.59422998,330.402335,-34.04687,1.235209,104.09624,1.3707207,1.1658345,0.038182848,-0.025836054,0.0230882,1.3707207,1.1658345,1.3397874,1.1395249,11.937423,12.006159,0.16957,0.14339,0.002496,0.050049,0.052545,43.610608,0.329324,320.800098,113.095559
894,62549.0207,1581553807.41,2.4730814,-1.0648023,141.697127,-61.008678,2.0731649,566.35112,1.4379078,1.4268114,0.048319863,-0.037091837,0.1176589,1.4379078,1.4268114,1.2865354,1.2766072,11.903541,11.910289,0.17838,0.17691,0.002747,0.031998,0.034745,56.263323,0.481503,833.488911,266.640732
895,61169.2695,1462343301.82,4.9545421,-0.18844238,283.874352,-10.796953,2.2345747,618.73018,1.4498937,1.4174062,-0.00052732235,-0.040117814,0.1277144,1.4498937,1.4174062,1.2856923,1.256884,11.897643,11.915173,0.17996,0.17567,0.002763,0.047015,0.049779,58.362417,0.616097,666.960628,197.297606
896,63871.7065,1695833863.55,5.0471529,0.46337074,289.18056,26.549188,1.5375411,651.73536,1.6063154,1.4666826,0.013910711,0.0285527,0.1339927,1.6063154,1.4666826,1.416513,1.2933792,11.78462,11.887328,0.20129,0.1822,0.003551,0.020764,0.024314,56.551946,0.033249,1009.577133,304.797974
897,63892.1928,1697603879.23,0.51392574,-1.0568731,29.445776,-60.554368,1.9927775,832.55852,1.5815724,1.5713788,0.0083362384,0.039908441,0.1676533,1.5815724,1.5713788,1.3544881,1.3457581,11.806783,11.814725,0.19781,0.19641,0.003553,0.027155,0.030708,23.066108,0.409569,1274.673316,317.704895
898,63058.0016,1625529758.14,5.1880126,1.1932914,297.251226,68.370561,2.6656051,877.84062,1.584451,1.4076474,-0.029949495,-0.036351685,0.175901,1.584451,1.4076474,1.3474358,1.1970799,11.804051,11.919269,0.19822,0.1744,0.003461,0.041445,0.044906,32.963735,0.888841,889.069364,266.550933
899,62235.8601,1554496731.61,3.4213615,-0.9820181,196.029574,-56.265493,2.9177663,913.20625,1.6976586,1.5371704,-0.041982679,0.0064569644,0.1822952,1.6976586,1.5371704,1.4359007,1.3001578,11.690479,11.841545,0.21445,0.1917,0.004193,0.007552,0.011745,36.522932,0.975055,1153.311841,316.535214
900,63799.2418,1689572907.41,5.8717396,0.64510212,336.425897,36.961629,0.9792999,452.12261,1.4914553,1.4495143,0.028578842,0.025995909,0.0953155,1.4914553,1.4495143,1.3616673,1.3233761,11.87212,11.897909,0.18552,0.17991,0.002956,0.033354,0.03631,63.266232,0.557604,835.315287,306.469753
901,62941.4046,1615455774.3,3.1259232,0.46341266,179.102206,26.55159,2.1741571,844.91081,1.6198562,1.4804703,0.049129619,-0.029030777,0.16991,1.6198562,1.4804703,1.384599,1.2654566,11.772123,11.880016,0.2032,0.18403,0.003636,0.018678,0.022313,31.725592,0.567413,1202.694202,319.371443
902,63890.7631,1697480348.11,3.5787054,-0.22653975,205.044716,-12.979772,0.47645795,513.07834,1.6261263,1.5078907,0.03586808,-0.047694571,0.1073116,1.6261263,1.5078907,1.4685354,1.3617582,11.766893,11.86195,0.20408,0.18772,0.003672,0.01426,0.017932,27.642298,0.888625,511.378187,112.603253
903,63210.1058,1638671556.88,4.0933634,-1.2650839,234.532447,-72.483968,0.85566203,599.84395,1.7424107,1.6270736,0.038471428,0.011561488,0.1241019,1.7424107,1.6270736,1.5500469,1.4474432,11.633839,11.766003,0.22117,0.20421,0.004542,0.002245,0.006787,72.446881,0.655719,781.681194,213.510745
904,63745.4192,1684922633.1,4.00345,-0.5178734,229.380788,-29.67196,0.69928104,619.51604,1.541926,1.3054318,0.021702941,-0.02962311,0.1278644,1.541926,1.3054318,1.36712,1.1574368,11.836678,11.963652,0.19237,0.16114,0.00339,0.033893,0.037283,15.531797,0.765305,613.533288,186.045239
905,63094.9705,1628723867.15,2.1359489,0.41552437,122.380857,23.807793,2.6183755,799.17016,1.6124945,1.5874374,0.024092652,-0.015199558,0.1615271,1.6124945,1.5874374,1.3882538,1.3666813,11.779585,11.801187,0.20215,0.19864,0.003716,0.029533,0.033249,74.869251,0.866216,796.662709,266.357951
906,62449.4937,1572954677.03,3.1104537,-0.4363395,178.215869,-25.000412,0.40179319,991.32578,1.8256072,1.4636988,0.03359489,0.016380322,0.1962787,1.8256072,1.4636988,1.5260718,1.2235433,11.50918,11.888776,0.23424,0.18181,0.006468,0.005999,0.012467,55.609278,0.920361,782.881335,256.58518
907,64352.8105,1737401246.04,5.9065973,0.57112187,338.423097,32.722873,0.16772765,727.243,1.5725953,1.5307467,-0.046013498,-0.037562759,0.1481955,1.5725953,1.5307467,1.3696233,1.333176,11.813583,11.846146,0.19658,0.19082,0.003417,0.040195,0.043613,64.708158,0.985967,681.623299,164.155802
908,62893.8984,1611351238.64,1.2695373,0.89417336,72.739129,51.23236,0.43531161,622.22204,1.6235401,1.5414667,-0.049848018,0.029365384,0.1283807,1.6235401,1.5414667,1.438823,1.3660874,11.768857,11.837121,0.20372,0.1923,0.003679,0.034499,0.038178,32.677164,0.906739,840.918273,303.331209
909,63117.8133,1630697488.41,5.2380121,0.1075653,300.115986,6.163038,2.9845308,413.60365,1.5275403,1.4425254,-0.014955605,-0.033138847,0.0876446,1.5275403,1.4425254,1.404448,1.3262838,11.848076,11.902256,0.19039,0.17898,0.003097,0.045329,0.048426,15.858917,0.987691,341.562649,78.799921
910,61771.7067,1514393880.16,5.4648225,-0.20265699,313.111265,-11.61139,2.0915336,517.04554,1.7545403,1.4169017,-0.0067708367,-0.048578579,0.1080865,1.7545403,1.4169017,1.5833965,1.2786923,11.617664,11.915464,0.22302,0.1756,0.005523,0.02459,0.030113,59.272171,0.49752,950.733297,315.945413
911,63189.7778,1636915216.72,5.7091658,-0.49435313,327.111105,-28.324348,0.72743646,825.04326,1.5309987,1.4047979,0.029587239,-0.037555597,0.1662777,1.5309987,1.4047979,1.3127222,1.2045141,11.846006,11.92071,0.19086,0.17403,0.003108,0.037212,0.04032,65.048676,0.746881,898.467395,283.346538
912,63000.6268,1620572571.2,0.87101604,0.053958939,49.905543,3.091619,0.70682633,266.49044,1.5818393,1.4922966,-0.03002105,-0.016696509,0.0576497,1.5818393,1.4922966,1.4956174,1.4109554,11.806546,11.871494,0.19785,0.18563,0.003406,0.028976,0.032382,59.428568,0.760427,305.449977,54.228016
913,61646.9344,1503613549.54,5.1099141,0.77573049,292.776512,44.446083,0.58506732,655.27526,1.769842,1.5330121,0.0051723919,-0.012303204,0.1346635,1.769842,1.5330121,1.5597946,1.351072,11.594954,11.844818,0.22541,0.19113,0.004965,0.010344,0.015308,23.571017,0.833675,843.950115,365.054346
914,61208.5548,1465737556.24,0.52516432,-0.49714511,30.089699,-28.484317,2.8516245,941.62522,1.6443211,1.5832136,0.023891086,0.0049820658,0.1874044,1.6443211,1.5832136,1.384803,1.3333399,11.748932,11.805262,0.20668,0.19805,0.003853,0.02436,0.028213,60.205675,0.958253,700.390443,231.1788
916,63115.2576,1630476676.28,3.5334497,-0.9017625,202.451755,-51.667185,1.8903837,217.70764,1.4042662,1.3883362,-0.047003398,-0.03167362,0.0474389,1.4042662,1.3883362,1.3406664,1.3254579,11.921051,11.928733,0.17395,0.17187,0.00258,0.067839,0.070419,61.135367,0.314175,277.259974,105.860498
918,63672.9229,1678658960.25,1.0342023,0.12040913,59.255427,6.898935,2.492056,729.14126,1.6649288,1.5855874,0.0028677372,-0.026906823,0.1485497,1.6649288,1.5855874,1.4495922,1.3805126,11.72749,11.80293,0.20965,0.19838,0.003971,0.007677,0.011648,54.512431,0.796364,822.696955,265.678131
919,62831.9048,1605994992.57,5.6125044,-0.14722856,321.572815,-8.435575,2.5203253,608.61427,1.6466884,1.4164902,-0.023491949,0.043205496,0.1257813,1.6466884,1.4164902,1.4627072,1.2582286,11.746042,11.915691,0.20702,0.17555,0.003996,0.046193,0.050189,60.966956,0.813141,656.124089,230.907118
920,61793.7042,1516294459.9,4.9223984,-0.22070167,282.032653,-12.645274,0.59009959,715.01327,1.5936435,1.3572916,-0.043893309,0.0068933928,0.1459099,1.5936435,1.3572916,1.3907233,1.1844663,11.796618,11.943331,0.1995,0.16782,0.003683,0.062915,0.066598,65.755286,0.830885,704.28792,197.756603
921,63332.8269,1649274663.75,2.8391118,-0.08022628,162.669124,-4.596627,1.0813229,639.92773,1.6924656,1.5083578,0.042598095,-0.042243888,0.1317517,1.6924656,1.5083578,1.495439,1.3327639,11.697405,11.861503,0.21366,0.18779,0.004188,0.013213,0.017402,51.816247,0.470161,941.026276,324.356137
922,61280.37,1471942389.73,3.8075174,-1.0111824,218.154677,-57.936484,0.83526334,507.15044,1.5083285,1.2951327,0.03302207,-0.046550876,0.1061525,1.5083285,1.2951327,1.363581,1.1708447,11.861531,11.967362,0.18778,0.15981,0.003132,0.020855,0.023987,20.316283,0.670982,722.146314,218.276235
923,62546.418,1581328930.33,0.079451461,0.54584768,4.552233,31.274768,0.41243959,403.95091,1.362189,1.3071094,-0.0031317339,-0.035630529,0.0857109,1.362189,1.3071094,1.2546516,1.2039203,11.940835,11.963041,0.16846,0.16135,0.002346,0.056762,0.059108,44.257669,0.916146,430.423615,198.325871
924,61571.7837,1497120525.74,2.1712046,0.07168791,124.40086,4.107415,0.2594322,892.11094,1.5433684,1.4049134,0.016838143,0.022318176,0.178486,1.5433684,1.4049134,1.3096196,1.1921341,11.83545,11.92064,0.19257,0.17404,0.003182,0.044991,0.048173,19.65896,0.966536,944.551004,289.920169
926,61645.6067,1503498835.04,5.062535,0.16714615,290.061889,9.576769,2.9061858,823.521,1.6476435,1.4708012,-0.033537714,-0.048466612,0.1659989,1.6476435,1.4708012,1.4130747,1.2614088,11.744985,11.885228,0.20716,0.18275,0.00386,0.044528,0.048388,39.452582,0.97242,688.141403,180.905654
927,61708.0288,1508892108.23,5.0969777,-0.71921615,292.03531,-41.20805,2.7960134,847.68806,1.5736985,1.4854762,-0.047583838,-0.024930315,0.1704166,1.5736985,1.4854762,1.3445627,1.2691858,11.812577,11.876402,0.19673,0.18471,0.003358,0.020688,0.024046,39.426389,0.940879,727.559849,263.736552
928,62353.4747,1564658632.05,3.286479,-1.0178682,188.301376,-58.319552,0.24535869,654.27612,1.5424667,1.4631578,-0.00012802494,-0.048287107,0.1344742,1.5424667,1.4631578,1.3596313,1.2897233,11.836186,11.889053,0.19244,0.18174,0.003185,0.053268,0.056453,18.960591,0.97005,520.65059,131.172157
929,61179.0257,1463186240.18,5.9263177,-0.6170354,339.552992,-35.353524,1.2782213,474.67307,1.3843364,1.3486267,0.0090597472,-0.045025222,0.0997735,1.3843364,1.3486267,1.2587469,1.2262768,11.930582,11.948219,0.17135,0.16668,0.00246,0.028145,0.030604,35.929232,0.288419,975.853807,273.395695
930,62392.277,1568011154.54,5.9550305,-0.026803441,341.198115,-1.535724,0.44762576,869.70214,1.7773185,1.5242533,0.014941451,0.049309237,0.1744237,1.7773185,1.5242533,1.5133538,1.2978735,11.584193,11.850649,0.22657,0.18994,0.005102,0.004161,0.009264,21.659886,0.901477,1098.479213,317.97232
931,62790.9761,1602458750.01,3.7143841,-0.13865599,212.818532,-7.944403,0.27417178,985.03197,1.6540902,1.4908601,0.037616626,0.016509061,0.1951591,1.6540902,1.4908601,1.3839916,1.2474156,11.739931,11.872561,0.20806,0.18544,0.003883,0.017154,0.021037,63.494113,0.96265,823.4702,288.716699
932,62691.53,1593866609.77,3.1398039,-1.375413,179.897512,-78.80536,3.0024256,460.49617,1.6307341,1.275909,-0.030006378,-0.011792204,0.0969736,1.6307341,1.275909,1.4865755,1.1631173,11.762135,11.974076,0.20474,0.15735,0.004769,0.058168,0.062938,71.861282,0.990332,431.867419,90.436965
933,62339.7444,1563472329.96,5.0161259,0.35873024,287.402844,20.553729,2.1189804,164.15848,1.2861358,1.2424399,-0.033033011,0.0020534579,0.0360648,1.2861358,1.2424399,1.2413661,1.1991913,11.97054,11.984445,0.15866,0.15309,0.00207,0.052948,0.055018,19.338989,0.521138,231.299373,45.955065
934,63937.0131,1701476352.28,0.67412597,-0.0084004781,38.624573,-0.481312,0.24746799,797.85612,1.5628272,1.470488,0.029255144,-0.031930119,0.1612852,1.5628272,1.470488,1.3457738,1.2662591,11.821454,11.885391,0.19523,0.1827,0.003291,0.03904,0.042331,72.306912,0.969536,739.496639,250.155568
936,61508.6434,1491665209.79,3.0079439,0.75867914,172.34249,43.469113,2.6111203,582.95053,1.6760659,1.5564394,-0.0024352149,-0.0088217055,0.120858,1.6760659,1.5564394,1.4953418,1.3886142,11.714938,11.825686,0.21128,0.19436,0.004018,0.013863,0.017881,46.354596,0.862568,553.300083,149.660987
938,62769.9386,1600641113.32,4.9209373,-0.52126345,281.948939,-29.866196,2.4953445,853.2174,1.7367771,1.6391127,-0.021911646,0.004602361,0.1714246,1.7367771,1.6391127,1.4826196,1.3992473,11.641946,11.753759,0.2203,0.20594,0.004511,0.00167,0.006181,32.973941,0.798349,919.255595,261.828782
939,61217.145,1466479742.49,4.4122345,-0.40033202,252.802415,-22.937335,2.7439907,516.60072,1.556997,1.4316345,0.025251617,0.022715393,0.1079996,1.556997,1.4316345,1.4052324,1.2920893,11.825144,11.908343,0.19444,0.17753,0.003251,0.034852,0.038103,19.611725,0.921992,581.210222,156.642516
940,61249.0449,1469235895.29,5.1390544,-0.88800562,294.446128,-50.878974,2.192258,754.58511,1.6943084,1.5440598,0.010664772,0.0017659213,0.1532854,1.6943084,1.5440598,1.4691146,1.3388358,11.694619,11.834953,0.21395,0.19266,0.00416,0.02181,0.02597,45.037456,0.582224,933.691989,298.921977
942,63008.5305,1621255450.94,2.2549145,-0.84473024,129.197084,-48.399478,1.7114982,542.91986,1.5332133,1.46868,-0.032926269,0.041354528,0.1131231,1.5332133,1.46868,1.3773978,1.3194228,11.844688,11.886331,0.19115,0.18247,0.003149,0.036606,0.039755,62.670933,0.140238,1192.622744,307.923114
943,62981.0645,1618882389.69,3.2034944,0.26003011,183.546709,14.898628,2.5983924,996.25926,1.6108578,1.4907716,-0.02650466,-0.015214313,0.1971555,1.6108578,1.4907716,1.3455711,1.2452615,11.781204,11.872627,0.20191,0.18542,0.003573,0.028263,0.031837,57.425189,0.856059,969.256323,281.517499
945,64073.1173,1713235752.28,4.2988447,-0.23598558,246.305658,-13.520978,2.3771332,242.85009,1.5603681,1.4166199,-0.041260458,-0.021721747,0.052719,1.5603681,1.4166199,1.4822266,1.3456772,11.822801,11.915621,0.1949,0.17556,0.00328,0.038623,0.041903,18.013561,0.721757,373.501192,208.425819
946,62952.5579,1616419417.52,2.8780184,-0.34659488,164.898308,-19.858424,2.3043534,835.2463,1.511409,1.4755603,0.044312675,-0.010532212,0.1681448,1.511409,1.4755603,1.2938542,1.2631656,11.858531,11.882837,0.18821,0.18337,0.003074,0.030527,0.0336,19.37411,0.669516,786.448817,222.134096
947,64359.2686,1737959222.57,5.5701733,1.1128885,319.147421,63.763814,2.3117455,553.39406,1.5043207,1.4547622,-0.026408165,0.0064618882,0.1151536,1.5043207,1.4547622,1.3489807,1.3045397,11.864555,11.894457,0.18724,0.18061,0.003012,0.053181,0.056193,39.172397,0.674989,662.567656,261.796716
948,61170.432,1462443740.16,2.8313326,-1.2557566,162.223408,-71.949553,1.7257626,497.61319,1.5376272,1.3869497,-0.037867976,0.036071904,0.1042842,1.5376272,1.3869497,1.3924198,1.2559717,11.841106,11.929305,0.19176,0.17169,0.00316,0.042006,0.045166,32.71743,0.154347,737.02017,238.412004
949,61343.0269,1477355941.88,1.2277688,-1.2797287,70.34597,-73.323053,2.4524169,608.70098,1.330164,1.2811717,0.01309773,0.028982033,0.1257979,1.330164,1.2811717,1.18153,1.1380122,11.954465,11.972266,0.16431,0.15803,0.002226,0.029941,0.032167,28.943059,0.77177,805.710552,282.975337
950,61154.2305,1461043934.54,4.0625031,0.96700836,232.764282,55.405498,0.7278669,734.95391,1.4988856,1.4853149,0.029485311,0.039041448,0.1496337,1.4988856,1.4853149,1.3037941,1.2919897,11.867189,11.876517,0.18652,0.18468,0.003054,0.059447,0.0625,31.86027,0.746595,714.869649,218.657955
951,61648.469,1503746137.54,1.8133047,0.84310572,103.894706,48.306399,0.47635591,257.37115,1.3872112,1.3473527,0.019559297,0.028102051,0.0557515,1.3872112,1.3473527,1.3139562,1.2762025,11.929191,11.948785,0.17172,0.16652,0.002466,0.037728,0.040195,63.208965,0.888672,243.219146,57.621756
952,62894.4454,1611398499.55,5.1174116,-0.14847987,293.206087,-8.50727,0.48590613,601.52621,1.4921772,1.4875183,-0.038201029,0.0025958828,0.1244243,1.4921772,1.4875183,1.3270589,1.3229155,11.871583,11.874958,0.18561,0.18498,0.00304,0.042449,0.045488,70.753683,0.884252,652.841891,222.937074
954,63259.5026,1642939445.66,4.6884729,-0.5739094,268.62971,-32.882586,0.042578744,432.43438,1.5472252,1.3924159,-0.03767542,-0.023560556,0.0914036,1.5472252,1.3924159,1.4176471,1.2758029,11.833168,11.927585,0.19309,0.17239,0.003217,0.061774,0.064991,39.306162,0.999094,407.484121,117.523722
955,61159.5481,1461503369.76,1.2226766,-0.6999154,70.054209,-40.102198,0.46527693,850.78118,1.7025303,1.4885977,-0.02607386,0.03679084,0.1709806,1.7025303,1.4885977,1.4539355,1.2712402,11.685213,11.874196,0.21516,0.18513,0.004337,0.026178,0.030515,69.36666,0.893697,956.754233,316.363475
957,64310.8981,1733780015.09,1.7117033,-0.59483442,98.073375,-34.081502,0.93257269,218.18561,1.4570767,1.2367697,0.045736133,0.031180466,0.0475396,1.4570767,1.2367697,1.3909514,1.1806424,11.892888,11.986991,0.18092,0.15236,0.002908,0.023754,0.026662,34.289742,0.59577,267.934016,64.437441
958,63947.5788,1702389227.9,3.2485815,0.58143314,186.130009,33.313665,0.60183286,831.46323,1.5253174,1.5044738,-0.048902454,-0.011923814,0.1674529,1.5253174,1.5044738,1.3065344,1.2886805,11.849784,11.864472,0.19009,0.18726,0.003183,0.058326,0.06151,43.586219,0.824299,908.819964,281.580474
959,62038.1437,1537414032.6,3.6183502,-0.79540069,207.316195,-45.573103,2.2154482,596.81589,1.6401937,1.6163484,-0.0044779772,-0.047096945,0.1235213,1.6401937,1.6163484,1.4598688,1.4386451,11.752943,11.775716,0.20609,0.2027,0.003914,0.015091,0.019005,28.56174,0.60092,637.784801,145.456832
961,61270.1564,1471059927.14,5.260445,0.82568114,301.401297,47.308045,0.77571877,267.3853,1.414767,1.3666925,-0.019143493,0.042188516,0.0578357,1.414767,1.3666925,1.3374165,1.2919705,11.916541,11.938947,0.17532,0.16905,0.002577,0.034971,0.037548,53.428563,0.713918,283.511115,82.484239
962,61594.6048,1499092268.94,5.3677933,0.8151625,307.551901,46.705371,2.1971823,556.66477,1.5975556,1.2976124,0.0042993476,-0.029272845,0.1157867,1.5975556,1.2976124,1.4317751,1.1629574,11.792889,11.966477,0.20005,0.16013,0.004056,0.024063,0.028118,73.738867,0.586221,668.910959,151.439316
963,61444.3054,1486106408.72,1.2519751,0.43482203,71.732889,24.913467,0.39456511,963.38286,1.7069697,1.623721,0.0041968068,-0.017561205,0.1912987,1.7069697,1.623721,1.4328645,1.3629839,11.679377,11.768728,0.21583,0.20374,0.004286,0.005351,0.009637,51.209586,0.923164,949.524389,316.627952
964,61431.4932,1484999432.86,3.0701473,0.58863207,175.906483,33.726133,1.0759572,444.46808,1.4129944,1.172203,0.033924648,0.02443853,0.0937968,1.4129944,1.172203,1.2918253,1.0716826,11.917285,12.004521,0.17509,0.1442,0.00279,0.050507,0.053297,36.468845,0.47489,873.287686,288.530764
966,62814.9659,1604531472.65,4.966893,-0.89549872,284.582006,-51.308297,3.0224903,959.2791,1.7397962,1.6367858,0.0032074404,0.045026677,0.1905653,1.7397962,1.6367858,1.4613194,1.3747971,11.637875,11.755757,0.22076,0.20561,0.004531,0.001168,0.005699,53.869047,0.992916,715.206801,184.798656
967,61860.466,1522062684.61,1.108565,-0.25450194,63.516096,-14.581887,0.17080311,721.46414,1.6898169,1.4841266,0.038557652,0.0195842,0.1471162,1.6898169,1.4841266,1.4731001,1.2937893,11.701287,11.877378,0.21326,0.18452,0.004218,0.037007,0.041225,22.375241,0.985449,805.575834,293.317431
968,62253.489,1556019868.28,1.7857554,1.1775856,102.316248,67.470685,2.4965131,747.74769,1.6592725,1.4124776,-0.03791651,0.01943623,0.1520151,1.6592725,1.4124776,1.4403218,1.2260929,11.733391,11.917484,0.20883,0.17502,0.004149,0.047888,0.052037,68.319545,0.799052,759.26474,257.167265
969,64463.2687,1746944830.82,3.3209341,-0.75363053,190.275508,-43.179849,2.5153165,984.31187,1.742229,1.6548717,0.003863076,0.041227397,0.1950309,1.742229,1.6548717,1.4578945,1.384794,11.634095,11.738747,0.22114,0.20818,0.004572,0.000308,0.004881,45.185037,0.810216,951.69917,270.742515
970,63395.0999,1654655046.88,5.7718801,0.34353501,330.70437,19.683106,0.91153712,476.64317,1.4859191,1.4177984,-0.015837966,-0.030312635,0.1001618,1.4859191,1.4177984,1.3506369,1.2887181,11.876087,11.914935,0.18477,0.17572,0.002893,0.032728,0.035621,41.960985,0.612531,701.591224,239.783739
971,64321.4323,1734690171.72,5.9234775,0.13904522,339.390261,7.966704,1.1942367,260.82835,1.4551388,1.2767211,0.002280681,-0.002960517,0.0564717,1.4551388,1.2767211,1.3773571,1.2084764,11.894209,11.973797,0.18066,0.15746,0.002791,0.030613,0.033404,50.151887,0.367723,931.730662,310.89329
972,61498.9479,1490827520.24,5.6655216,1.5497327,324.610476,88.793143,0.45698649,775.21837,1.5279242,1.4273612,0.043612058,-0.032956656,0.1571084,1.5279242,1.4273612,1.3204677,1.2335588,11.847814,11.910171,0.19044,0.17698,0.003091,0.053142,0.056233,52.487032,0.897386,717.094679,224.342464
973,62337.4882,1563277395.19,3.8391827,1.2200138,219.968965,69.901642,0.80733172,572.54828,1.6251477,1.2863233,0.028123112,-0.039780484,0.1188546,1.6251477,1.2863233,1.4525101,1.1496787,11.767691,11.970474,0.20394,0.15869,0.004562,0.01855,0.023112,19.306548,0.691429,852.544005,297.815114
974,62941.5613,1615469315.31,4.5086652,0.54118929,258.327487,31.007862,0.35740486,618.13223,1.6303168,1.4989719,-0.0092681284,0.0089349157,0.1276002,1.6303168,1.4989719,1.4458287,1.3293469,11.762568,11.867143,0.20468,0.18653,0.003701,0.033018,0.036719,55.957033,0.936808,549.327288,140.512427
975,61268.6532,1470930055.92,0.39437947,0.21661165,22.596279,12.410933,2.7375577,716.14814,1.654222,1.6170258,0.039204786,0.042939009,0.1461222,1.654222,1.6170258,1.4433208,1.4108668,11.739736,11.77505,0.20808,0.20279,0.003978,0.014406,0.018384,29.515901,0.919482,571.701186,159.290551
976,61014.6561,1448984700.95,4.6664809,1.0252891,267.369661,58.744738,2.093394,853.59701,1.6008153,1.3578264,-0.026733694,0.02193324,0.1714938,1.6008153,1.3578264,1.3664736,1.1590556,11.789817,11.943037,0.20051,0.16789,0.003754,0.059554,0.063308,57.837158,0.499133,1211.249077,304.217644
977,63346.5202,1650457760.54,5.3126816,-1.2809197,304.394234,-73.391293,0.55766206,689.44219,1.4323549,1.3962031,0.043688266,-0.034342086,0.1411126,1.4323549,1.3962031,1.2552266,1.2235454,11.907775,11.926599,0.17763,0.17288,0.002673,0.035064,0.037737,64.352088,0.848495,909.667572,298.172727
978,63246.3683,1641804639.88,4.0609645,-0.12072892,232.676127,-6.917258,1.4781941,161.44583,1.4275021,1.342414,0.0069822314,-0.033180545,0.0354839,1.4275021,1.342414,1.3785846,1.2964123,11.910139,11.950204,0.17699,0.16589,0.002602,0.060513,0.063115,63.23751,0.09247,272.276951,69.041123
979,62437.7608,1571940954.14,5.9088028,-0.95764365,338.549462,-54.868939,2.0613208,532.61191,1.5985306,1.3807341,0.035104745,0.026548264,0.1111201,1.5985306,1.3807341,1.4386659,1.2426506,11.791962,11.932613,0.20019,0.17087,0.003646,0.0215,0.025146,48.150058,0.471089,972.028393,262.298188
980,62713.7543,1595786786.59,2.6470879,-0.070514664,151.666965,-4.040193,1.3324145,215.49466,1.4793727,1.4235314,0.042111114,-0.017114032,0.0469724,1.4793727,1.4235314,1.4130007,1.3596647,11.88074,11.911301,0.18388,0.17649,0.002874,0.05988,0.062754,46.210194,0.236131,592.756481,259.172736
981,62454.0505,1573348381.38,4.2477613,-1.3230697,243.378795,-75.80631,3.0471495,584.47888,1.5296415,1.4723648,0.028369371,-0.0097622278,0.121152,1.5296415,1.4723648,1.364348,1.3132606,11.846765,11.884418,0.19067,0.18295,0.003138,0.021835,0.024974,23.572558,0.995544,647.236545,263.798981
982,61084.0177,1454977543.56,4.4204226,0.57373433,253.271559,32.872556,0.52677437,530.61381,1.6480533,1.4100024,-0.025834213,-0.03799193,0.1107313,1.6480533,1.4100024,1.4837551,1.2694361,11.74459,11.918377,0.20722,0.1747,0.004036,0.032013,0.036049,61.520769,0.864433,516.601898,156.373873
984,62173.8006,1549134791.72,5.3001267,-0.46032951,303.674891,-26.374938,2.4095104,403.8643,1.5342547,1.3242509,-0.04432359,-0.04895188,0.0856936,1.5342547,1.3242509,1.4131563,1.219728,11.84397,11.956689,0.19129,0.16355,0.003257,0.058271,0.061528,31.284563,0.743784,433.251177,101.808712
985,61619.7879,1501268092.03,0.42701144,-1.4275308,24.465953,-81.79149,1.9636549,415.16357,1.5003883,1.3497538,0.014370348,0.039414151,0.0879566,1.5003883,1.3497538,1.3790883,1.240632,11.866426,11.947653,0.18672,0.16683,0.002966,0.024962,0.027928,44.801725,0.382831,646.891307,230.113032
986,61344.4847,1477481892.78,2.7092435,0.33471358,155.228218,19.177675,2.0546562,421.15032,1.6769446,1.6165417,-0.0099426326,0.036843006,0.0891532,1.6769446,1.6165417,1.5396775,1.4842189,11.713989,11.775527,0.2114,0.20273,0.004094,0.005379,0.009473,32.056446,0.465199,638.320582,232.631633
988,64348.5215,1737030677.21,0.022277967,-0.85244173,1.276433,-48.841313,0.53870888,881.70602,1.5850784,1.5656438,-0.0062031729,-0.044580258,0.1766018,1.5850784,1.5656438,1.3471664,1.3306488,11.803431,11.819636,0.19831,0.19561,0.00355,0.035532,0.039081,23.029702,0.858372,780.189957,201.893825
989,63097.759,1628964798.85,0.10286041,-0.82250784,5.893467,-47.126228,1.3008146,382.69453,1.5066846,1.4298956,-0.024510125,-0.019644186,0.0814364,1.5066846,1.4298956,1.3932253,1.3222188,11.863008,11.90939,0.18755,0.1773,0.002991,0.052579,0.05557,52.773462,0.266714,576.738767,257.46679
990,63550.297,1668064078.35,5.6709031,0.44863257,324.918814,25.704753,0.94798154,804.62391,1.5283051,1.353011,-0.018065296,-0.045256183,0.1625304,1.5283051,1.353011,1.3146366,1.16385,11.847566,11.945805,0.19049,0.16726,0.003144,0.049869,0.053013,18.259922,0.583324,1087.587832,290.731826
991,62103.7731,1543084413.96,4.1007498,-0.48814869,234.955656,-27.96886,0.53784607,165.94924,1.4474684,1.372115,0.025631116,-0.022503905,0.0364481,1.4474684,1.372115,1.3965662,1.3238627,11.899404,11.936888,0.17963,0.16975,0.002699,0.053428,0.056127,59.918714,0.858814,163.142474,20.765214
992,62376.015,1566606109.96,3.1876134,1.0752572,182.636795,61.607699,0.38916315,468.51897,1.5374403,1.4356784,0.0041052922,-0.004133861,0.0985592,1.5374403,1.4356784,1.3995061,1.3068739,11.841288,11.904908,0.19173,0.17809,0.003142,0.042643,0.045785,34.055208,0.925227,443.020313,145.619203
994,61829.234,1519364233.75,6.1607441,-0.34158866,352.984636,-19.571589,2.465897,602.46796,1.4604242,1.3909845,-0.023044448,0.026927882,0.1246047,1.4604242,1.3909845,1.2986112,1.2368653,11.890624,11.9279,0.18137,0.17221,0.002766,0.030215,0.03298,15.008082,0.780272,586.821685,177.255815
995,61339.3798,1477040836.9,0.032689122,-0.69504396,1.872949,-39.823085,0.73898429,462.64574,1.4716924,1.4352401,-0.037027442,0.0061114887,0.0973988,1.4716924,1.4352401,1.3410735,1.3078565,11.884764,11.905263,0.18286,0.17803,0.002864,0.034404,0.037269,45.667748,0.739153,592.949919,194.214483
996,61626.6107,1501857585.16,1.4580491,0.28630665,83.54006,16.404163,1.1199239,966.39233,1.5528195,1.5477891,0.010466896,-0.029148882,0.1918362,1.5528195,1.5477891,1.3028799,1.2986592,11.829595,11.832892,0.19384,0.19316,0.003388,0.020546,0.023934,17.811115,0.435751,1133.703151,304.720889
998,63791.2992,1688886665.3,0.46585365,0.13811843,26.691448,7.913603,1.0815673,345.223,1.4819968,1.3621015,-0.026939269,-0.01085993,0.073845,1.4819968,1.3621015,1.3800845,1.268434,11.878939,11.940875,0.18423,0.16845,0.002854,0.06424,0.067094,31.570173,0.469945,870.929926,268.977013
999,63371.4103,1652608269.49,1.6319437,0.96296928,93.503486,55.174076,1.1425455,333.40012,1.4626895,1.4227292,-0.044183245,-0.010760006,0.0714346,1.4626895,1.4227292,1.3651692,1.3278732,11.8893,11.911718,0.18168,0.17638,0.002814,0.046846,0.04966,57.418589,0.41528,507.619414,125.094425
1000,62914.2511,1613109710.1,2.8494198,0.25303275,163.259729,14.497709,2.2963027,829.77069,1.7475791,1.4046556,0.0050956832,0.028151711,0.1671432,1.7475791,1.4046556,1.4973133,1.2034989,11.627292,11.920799,0.22195,0.17401,0.005519,0.024554,0.030073,18.761377,0.663514,1037.749015,320.096916
1001,62662.8146,1591385595.55,0.33954928,1.203074,19.454741,68.931063,2.7872733,786.51405,1.6078097,1.594933,-0.045019475,0.020092194,0.1591948,1.6078097,1.594933,1.3870056,1.3758973,11.783563,11.795455,0.20149,0.19968,0.003719,0.020158,0.023877,65.36031,0.937883,1145.605078,353.20372
1002,64228.52,1726662545.38,3.8947745,0.90669192,223.154141,51.94962,2.328678,318.36276,1.5212912,1.3660159,0.039802147,-0.0053893762,0.0683579,1.5212912,1.3660159,1.4239527,1.2786126,11.852831,11.939213,0.18954,0.16896,0.003078,0.065396,0.068475,15.229195,0.687384,373.006749,101.231595
1003,61254.5723,1469713466.21,1.9630449,-0.098564382,112.474188,-5.647323,2.5554346,688.83941,1.6019155,1.5414508,0.026644309,0.018259253,0.1409993,1.6019155,1.5414508,1.4039584,1.3509657,11.788746,11.837136,0.20067,0.1923,0.003568,0.016884,0.020452,29.809432,0.833072,775.557727,270.974541
1005,61982.1028,1532572103.92,1.7403871,0.51061715,99.716836,29.256208,2.8427003,924.01054,1.5635186,1.519482,-0.047030958,-0.039519964,0.1842407,1.5635186,1.519482,1.320271,1.2830855,11.821042,11.853898,0.19532,0.18929,0.003357,0.038314,0.041671,59.454243,0.955663,700.637298,174.605514
1006,62224.7825,1553539624.92,1.3007455,0.79654167,74.527227,45.638476,1.0470397,35.738699,1.3458565,1.3304145,0.019674281,0.047439262,0.0080167,1.3458565,1.3304145,1.3351529,1.3198338,11.949326,11.954365,0.16632,0.16435,0.002332,0.04432,0.046652,33.976209,0.500137,45.998312,11.684706
1007,63738.4903,1684323983.61,3.2281346,0.68381181,184.958488,39.179531,2.0932732,391.75026,1.483427,1.469086,-0.010541073,-0.03418081,0.0832603,1.483427,1.469086,1.3694096,1.3561709,11.877892,11.886122,0.18443,0.18252,0.002969,0.046694,0.049663,21.113543,0.499028,433.299623,97.750351
1009,64473.8012,1747854839.14,0.049508846,1.1615808,2.836648,66.553677,1.0630603,478.51838,1.5038065,1.2982266,0.026570771,0.023860047,0.1005313,1.5038065,1.2982266,1.3664369,1.1796363,11.864823,11.966256,0.18717,0.16021,0.003087,0.018336,0.021423,36.614035,0.4862,866.682387,284.685206
1012,61842.3468,1520497181.66,4.4915297,0.936592,257.345695,53.662769,1.0520762,476.73265,1.5451292,1.5314908,-0.042304937,0.0074277393,0.1001794,1.5451292,1.5314908,1.4044338,1.3920373,11.834277,11.845729,0.19281,0.19092,0.003317,0.050934,0.054251,31.223597,0.495769,629.933605,178.172901
1013,64060.0757,1712108955.84,3.7368249,1.2521024,214.104296,71.740183,0.96708427,377.24681,1.4494001,1.3856576,-0.0013604875,0.02873903,0.0803373,1.4494001,1.3856576,1.3416182,1.2826158,11.89799,11.929908,0.17989,0.17152,0.002718,0.065603,0.068321,65.562714,0.567702,574.733976,155.86954
1014,63907.1797,1698898740.75,2.6173521,0.69245469,149.963229,39.674731,0.49880601,898.56258,1.5823703,1.4738048,-0.023177479,-0.0024785025,0.1796525,1.5823703,1.4738048,1.3413868,1.249355,11.806061,11.883697,0.19793,0.18314,0.003399,0.039499,0.042898,33.800875,0.878154,1111.756075,345.698273
1016,61786.3009,1515654815.05,0.95335332,0.70603386,54.623122,40.45276,2.0446906,614.13045,1.5879941,1.5023384,-0.045751467,-0.00046854815,0.1268359,1.5879941,1.5023384,1.4092505,1.3332362,11.800702,11.86552,0.19872,0.18697,0.003447,0.042184,0.045631,62.335948,0.456355,896.468647,317.898089
1018,62397.664,1568476590.25,1.7648293,-0.01808053,101.11727,-1.035938,0.77786955,118.73644,1.4245301,1.3523175,-0.010598911,-0.022692201,0.0262734,1.4245301,1.3523175,1.388061,1.3176971,11.910885,11.946214,0.17662,0.16717,0.002597,0.065762,0.068358,68.512329,0.71241,147.567406,25.504969
1019,62433.855,1571603493.67,5.6081981,-0.89918978,321.326082,-51.519779,1.2188134,211.22997,1.5334341,1.3531907,0.041564811,0.019340968,0.0460724,1.5334341,1.3531907,1.4658967,1.2935918,11.844542,11.945699,0.19118,0.16728,0.00318,0.053151,0.056332,41.029045,0.34476,343.753617,77.127328
1020,64423.7723,1743532348.16,0.86267889,-0.93913596,49.427859,-53.808527,1.8285743,204.31632,1.4773575,1.4368645,0.02676996,0.019811405,0.0446112,1.4773575,1.4368645,1.4142655,1.3755018,11.881915,11.904074,0.18361,0.17825,0.002886,0.024537,0.027423,69.596589,0.254933,358.555865,153.954171
1022,61633.1217,1502420128.98,0.41512353,-0.36191441,23.784826,-20.736168,0.62559847,939.89327,1.6026505,1.5654692,0.040911527,0.032061903,0.1870937,1.6026505,1.5654692,1.3500623,1.318741,11.788007,11.81976,0.20077,0.19559,0.003619,0.028261,0.03188,37.639083,0.810613,831.83546,271.404241
1023,63797.0529,1689383788.46,1.2775695,1.0468817,73.19934,59.981903,2.2006879,499.2647,1.5113901,1.4308147,0.045235982,0.033813705,0.104608,1.5113901,1.4308147,1.3682592,1.2953144,11.858548,11.908903,0.18821,0.17742,0.003013,0.046766,0.04978,72.844705,0.589057,616.679047,180.475645
1024,62169.6745,1548778294.77,6.246545,0.2240924,357.900665,12.839549,0.45785873,483.03366,1.406331,1.3768996,0.028713646,0.01799139,0.1014202,1.406331,1.3768996,1.2768342,1.2501129,11.919865,11.934759,0.17423,0.17037,0.002566,0.039631,0.042197,20.357371,0.897001,604.847455,173.471759
1026,63558.0462,1668733610.56,5.4847279,0.39814444,314.25176,22.811996,1.237126,533.32996,1.5545385,1.4722901,0.015836833,0.04382035,0.1112598,1.5545385,1.4722901,1.3988974,1.3248838,11.827758,11.884456,0.19409,0.18294,0.003251,0.049206,0.052457,56.221156,0.327513,927.879732,312.017522
1027,62470.0385,1574729745.7,2.7127737,-1.0380389,155.430484,-59.475248,2.6628429,776.00552,1.6724883,1.5963815,-0.013403842,-0.0021905156,0.1572539,1.6724883,1.5963815,1.4452215,1.3794565,11.719254,11.794042,0.21075,0.19988,0.004031,0.01718,0.021211,44.628842,0.887572,756.716063,227.738194
1028,63024.2592,1622614410.37,2.7729255,-0.75816191,158.876928,-43.439478,0.80177452,308.83895,1.5489891,1.3208637,-0.019004692,-0.033868224,0.0664031,1.5489891,1.3208637,1.4525362,1.2386158,11.832295,11.957944,0.19332,0.16312,0.003396,0.064666,0.068062,38.258928,0.695433,477.285155,139.070189
1029,63914.1412,1699500218.25,3.4948706,0.014564299,200.241335,0.834473,0.64286345,242.21091,1.3481249,1.3232258,0.037787626,-0.030253095,0.0525852,1.3481249,1.3232258,1.2807751,1.2571199,11.948452,11.957066,0.16662,0.16342,0.002326,0.041423,0.043749,52.962713,0.800382,382.272606,192.58598
1030,63814.5795,1690898084.85,1.5612782,0.045784316,89.454652,2.623248,0.20342614,911.43928,1.6050539,1.5612963,0.020264029,-0.028826324,0.1819767,1.6050539,1.5612963,1.3579404,1.3209197,11.785665,11.822302,0.20111,0.19502,0.003621,0.013996,0.017617,57.231425,0.97938,894.034156,309.364415
1031,64032.4811,1709724788.7,0.65249911,-0.65226209,37.385445,-37.371865,2.2538487,227.95141,1.5089592,1.3296172,0.0060657309,0.03115361,0.0495947,1.5089592,1.3296172,1.4376589,1.2667911,11.86091,11.95468,0.18787,0.16424,0.003052,0.068282,0.071333,15.261796,0.631164,295.485098,46.340555
1033,61208.6606,1465746697.18,3.9802556,-1.179107,228.051847,-67.557855,0.21326268,895.68427,1.4218606,1.4024581,-0.010323474,0.029595354,0.1791323,1.4218606,1.4024581,1.2058534,1.1893985,11.912234,11.922383,0.17626,0.17371,0.002654,0.060909,0.063564,25.017185,0.977346,948.058229,301.568873
1034,63422.1769,1656994505.24,4.8492555,-0.51718986,277.841874,-29.632796,2.8280914,832.40545,1.675105,1.4980354,-0.02691264,0.029024958,0.1676253,1.675105,1.4980354,1.4346255,1.2829762,11.716081,11.867653,0.21114,0.18641,0.004051,0.013869,0.01792,57.782763,0.95126,844.320268,304.299529
1035,61489.9558,1490050600.72,2.808269,0.81019578,160.901961,46.420799,2.7119651,636.57732,1.6094096,1.5808264,-0.034850079,-0.038070954,0.1311148,1.6094096,1.5808264,1.4228526,1.3975827,11.782431,11.807418,0.20171,0.19771,0.003685,0.034475,0.038161,54.983125,0.909121,531.00541,142.345609
1036,62455.365,1573461952.97,5.3219903,1.2252414,304.927583,70.201161,0.5992135,277.45291,1.419592,1.3721486,0.047429667,-0.040665667,0.0599253,1.419592,1.3721486,1.3393321,1.294571,11.91375,11.936874,0.17596,0.16975,0.002599,0.062877,0.065476,72.96285,0.825779,295.81179,82.169503
1037,62920.0595,1613611554.71,1.0273358,-0.22569289,58.862005,-12.93125,1.1674596,516.31839,1.6370484,1.4744502,0.018844547,-0.0063030027,0.1079445,1.6370484,1.4744502,1.4775545,1.3307979,11.7555,11.883381,0.20565,0.18323,0.003768,0.03298,0.036748,60.662267,0.392489,833.005872,232.420557
1039,62409.5882,1569506838.19,3.2889634,0.96155487,188.443722,55.093036,0.82964546,769.05056,1.6236369,1.4948821,-0.043043045,0.015867235,0.1559672,1.6236369,1.4948821,1.40457,1.2931873,11.768788,11.869624,0.20373,0.18598,0.003657,0.035026,0.038683,72.046362,0.675137,929.960906,308.86491
1041,62818.6409,1604848988.76,0.95478597,1.1958338,54.705206,68.51623,0.539549,751.02042,1.7615949,1.4660677,0.0053318269,0.012487184,0.1526234,1.7615949,1.4660677,1.5283352,1.2719399,11.60748,11.887624,0.22411,0.18212,0.005219,0.01531,0.020529,57.15243,0.85794,790.76869,261.274814
1042,64487.8421,1749067973.78,6.003803,0.86589566,343.992573,49.612167,0.80367073,489.34716,1.5133409,1.5041101,0.018014795,0.019328124,0.1026616,1.5133409,1.5041101,1.3724436,1.3640722,11.857056,11.864667,0.18848,0.18721,0.003145,0.018067,0.021212,32.883133,0.694069,572.648106,141.90106
1043,61473.2606,1488608133.67,4.7200423,-1.0135086,270.438503,-58.069765,1.1266067,192.8094,1.3893331,1.3070876,0.0094657772,-0.014930901,0.0421726,1.3893331,1.3070876,1.3331123,1.254195,11.928377,11.963049,0.172,0.16135,0.002439,0.035266,0.037705,21.321895,0.429726,281.992685,80.59185
1044,63364.0962,1651976326.11,0.4119193,0.90935575,23.601237,52.102247,1.6073926,220.14001,1.3699489,1.3685061,-0.018634907,-0.036281676,0.0479514,1.3699489,1.3685061,1.3072638,1.305887,11.937713,11.938254,0.16947,0.16928,0.002459,0.059746,0.062205,61.909432,0.036588,468.784614,170.549573
1045,62386.0034,1567469110.24,0.30871857,0.66017305,17.688271,37.82513,0.34321899,961.79547,1.6002983,1.5078928,-0.037795425,0.0062545033,0.1910151,1.6002983,1.5078928,1.3436423,1.2660568,11.790307,11.861948,0.20044,0.18772,0.003518,0.013206,0.016724,53.648953,0.941676,851.531831,327.833004
1048,61465.5343,1487940581.19,0.3792348,0.14718018,21.728553,8.432803,2.2954523,322.64191,1.4993671,1.3800367,0.019644704,0.02840428,0.0692347,1.4993671,1.3800367,1.4022806,1.2906771,11.866937,11.933018,0.18658,0.17078,0.002941,0.034147,0.037088,17.891161,0.662878,507.675423,143.568172
1049,61555.5787,1495720415.24,0.99836536,0.55574987,57.202122,31.842122,0.51317629,595.80431,1.5471935,1.362661,0.020609427,-0.027746652,0.1233273,1.5471935,1.362661,1.377331,1.2130579,11.833183,11.940621,0.19308,0.16852,0.003264,0.037015,0.040279,36.603028,0.87119,649.467945,214.472075
1050,64322.4559,1734778605.33,0.74131901,0.78147487,42.474451,44.775212,0.39588167,135.40179,1.4028289,1.3706984,-0.021511121,-0.012955075,0.0298817,1.4028289,1.3706984,1.3621263,1.330928,11.922094,11.937431,0.17376,0.16956,0.002546,0.045615,0.048161,72.407989,0.922657,117.650927,21.303973
1052,64078.6052,1713709910.61,3.3029471,-0.14911779,189.244929,-8.54382,2.585633,291.22265,1.5439187,1.3639607,-0.037206554,0.047641242,0.062774,1.5439187,1.3639607,1.4527253,1.2833968,11.83505,11.940054,0.19264,0.16869,0.003237,0.063469,0.066706,45.024069,0.849394,377.627379,126.538879
1053,64174.6469,1722007906.83,4.494202,-0.28917493,257.498807,-16.568503,0.8552004,360.44009,1.5037204,1.3181042,-0.027285525,0.030136766,0.0769366,1.5037204,1.3181042,1.3962942,1.2239385,11.864866,11.958978,0.18716,0.16276,0.003038,0.035334,0.038372,40.963748,0.656067,607.763103,190.706249
1054,64470.3647,1747557929.41,3.5421667,-0.91060305,202.951202,-52.173712,2.097482,349.95445,1.5772845,1.3898953,-0.044898533,0.032615259,0.0748076,1.5772845,1.3898953,1.4675041,1.2931573,11.809864,11.928198,0.19723,0.17207,0.00344,0.033269,0.036709,42.461976,0.502671,536.81573,107.480322
1055,61729.1039,1510712991.94,2.7806761,-0.049512141,159.321005,-2.836837,0.5965784,893.40595,1.7101037,1.4031559,0.0445891,0.028763249,0.1787203,1.7101037,1.4031559,1.4508139,1.1904062,11.675656,11.921844,0.21629,0.17381,0.004884,0.041226,0.04611,27.532963,0.827263,977.728305,299.879486
1056,62244.0377,1555203273.62,1.3083029,0.16062002,74.960234,9.202849,1.1500034,313.65948,1.4337666,1.2215835,-0.0059289765,0.026649591,0.0673932,1.4337666,1.2215835,1.3432413,1.1444551,11.906547,11.994621,0.17783,0.1504,0.002777,0.041525,0.044303,37.12243,0.408484,461.529805,203.3188
1058,63342.2666,1650090252.65,5.2202769,-0.70669384,299.099834,-40.490574,2.8481779,554.82471,1.6545081,1.5509906,0.03833726,0.015323122,0.1154306,1.6545081,1.5509906,1.4832909,1.390486,11.739303,11.831111,0.20813,0.19359,0.00387,0.013872,0.017743,37.188795,0.957262,472.563056,131.643179
1060,62693.3089,1594020306.05,2.940287,0.1159581,168.466036,6.64391,0.65536085,480.36905,1.5317348,1.1900232,0.0088858763,-0.04225975,0.1008957,1.5317348,1.1900232,1.3913532,1.0809591,11.84559,11.999441,0.19095,0.14645,0.004038,0.041378,0.045416,18.141301,0.792828,564.418955,198.834851
1061,62464.3634,1574239412.89,3.9944638,0.36816114,228.865917,21.09408,1.3519795,387.28382,1.4790093,1.4515537,0.012508591,-0.018542288,0.0823612,1.4790093,1.4515537,1.3664655,1.3410991,11.880967,11.896528,0.18383,0.18018,0.002918,0.023749,0.026667,61.054058,0.217075,813.754777,271.421274
1062,62252.3394,1555920539.8,5.8541683,-0.459558,335.419136,-26.330734,0.83002304,767.68501,1.526544,1.2174607,-0.0070199754,0.0078690144,0.1557144,1.526544,1.2174607,1.3208662,1.053427,11.84881,11.991965,0.19025,0.14992,0.00372,0.02679,0.03051,39.990266,0.674859,856.439201,310.720889
1063,63078.2322,1627277681.1,5.1399869,-0.60317064,294.499556,-34.559132,2.2409911,772.87608,1.7977111,1.5558391,-0.049127187,0.001065122,0.1566752,1.7977111,1.5558391,1.5542057,1.345096,11.552149,11.826315,0.2298,0.19427,0.005238,0.002249,0.007486,64.330793,0.621139,991.371359,276.596793
1064,63014.577,1621777870.82,3.5822059,0.52631465,205.245279,30.155608,0.98338391,303.33072,1.564302,1.3263812,0.0075669877,-0.021236222,0.0652702,1.564302,1.3263812,1.4684557,1.2451125,11.82055,11.955904,0.19543,0.16383,0.003519,0.038367,0.041886,66.02088,0.554209,349.638203,130.292274
1065,61565.1024,1496543267.02,2.2552771,0.98480523,129.217859,56.425183,2.6728267,439.67752,1.5001468,1.4400128,0.004241803,0.017915319,0.0928449,1.5001468,1.4400128,1.3726987,1.3176735,11.866544,11.902885,0.18669,0.17865,0.002975,0.062172,0.065148,27.719643,0.892126,428.264492,127.117648
1067,62651.0894,1590372544.87,4.0973885,-0.51131061,234.763068,-29.29594,0.39652326,785.06348,1.788583,1.4790713,0.02919548,-0.038090752,0.1589271,1.788583,1.4790713,1.5433093,1.2762419,11.566553,11.880928,0.22835,0.18384,0.005569,0.009574,0.015142,54.441209,0.922409,974.773042,341.613679
1068,62937.1512,1615088283.13,2.8839585,0.09826981,165.23865,5.630445,2.38407,513.92096,1.7368626,1.4831139,-0.046492024,-0.043287017,0.1074763,1.7368626,1.4831139,1.5683069,1.3391835,11.641855,11.878122,0.22032,0.18439,0.004761,0.020372,0.025134,43.336908,0.72654,629.283884,199.543143
1069,62996.0043,1620173188.27,2.0765564,-0.49316374,118.977918,-28.256201,2.8660824,720.2527,1.5222028,1.4925191,-0.023339435,-0.015952874,0.1468897,1.5222028,1.4925191,1.3272442,1.3013623,11.85222,11.871329,0.18966,0.18566,0.003146,0.045101,0.048247,67.809404,0.962287,616.928448,177.7874
1070,61735.3752,1511254833.14,5.5867893,0.41752989,320.099448,23.922701,2.1315175,480.81792,1.5194254,1.3812125,0.02455994,0.0016783356,0.1009841,1.5194254,1.3812125,1.3800612,1.2545254,11.853929,11.932335,0.18929,0.17094,0.003053,0.017599,0.020652,27.944441,0.531797,916.869886,306.812809
1071,63597.9499,1672181287.02,3.1539391,0.42369543,180.707399,24.27596,0.70589505,835.0183,1.689534,1.6401345,-0.024902966,-0.016076548,0.1681031,1.689534,1.6401345,1.4463912,1.4041008,11.701517,11.752989,0.21322,0.20608,0.004216,0.004839,0.009056,55.668792,0.761031,958.755442,322.139641
1072,61088.1968,1455338624.27,4.0490076,0.75758542,231.991047,43.406447,2.1349018,210.21739,1.5246576,1.3373272,-0.035772962,-0.028066029,0.0458586,1.5246576,1.3373272,1.4578047,1.2786884,11.850321,11.951578,0.19,0.16524,0.003149,0.026329,0.029478,51.465127,0.53466,264.509295,65.857291
1073,62241.9115,1555019571.12,3.7949472,-0.40408924,217.434458,-23.152608,0.18027983,931.60587,1.707772,1.6271024,-0.02061575,0.04858181,0.185606,1.707772,1.6271024,1.4404211,1.3723803,11.67831,11.765974,0.21595,0.20422,0.004297,0.005589,0.009886,32.718089,0.983794,895.527838,293.700577
1074,63730.7443,1683654722.92,1.6955381,-0.84918147,97.147177,-48.654514,2.6139314,675.80795,1.6634854,1.5524888,-0.048711918,0.012728487,0.1385446,1.6634854,1.5524888,1.461063,1.3635731,11.728702,11.82991,0.20944,0.1938,0.00393,0.01109,0.01502,23.196054,0.863987,857.594538,278.875289
1075,62973.6252,1618239637.33,4.8189661,0.29671235,276.106419,17.000365,0.37366339,989.2756,1.6052899,1.4063231,0.046658692,0.022142954,0.1959141,1.6052899,1.4063231,1.342312,1.1759399,11.785455,11.919869,0.20114,0.17423,0.003634,0.035064,0.038698,54.098386,0.930996,1258.271131,284.78311
1076,61914.0685,1526693937.59,5.6203217,-0.20914581,322.020713,-11.983172,1.3827469,320.63973,1.469517,1.2855285,-0.0044375421,0.0076227558,0.0688246,1.469517,1.2855285,1.3748907,1.2027497,11.885898,11.970752,0.18258,0.15858,0.002869,0.021981,0.024849,59.315847,0.186943,864.954356,286.94586
1077,63432.3359,1657872241.29,3.4853797,-1.0166553,199.697547,-58.250058,2.7030378,803.79044,1.4432276,1.4188425,0.03437057,-0.013941677,0.1623772,1.4432276,1.4188425,1.2416173,1.2206386,11.902002,11.914259,0.17907,0.17586,0.002745,0.068488,0.071233,33.937641,0.905366,586.847909,142.593762
1079,62985.8683,1619297439.51,5.305286,0.46594726,303.970497,26.696811,0.39647143,640.48103,1.580822,1.5662773,-0.044393293,-0.040201557,0.1318568,1.580822,1.5662773,1.3966625,1.3838122,11.807422,11.81917,0.19771,0.1957,0.003536,0.028553,0.032089,53.689956,0.922429,620.143961,170.604217
1080,63786.8526,1688502485.5,2.0079587,-0.32507855,115.047559,-18.625629,0.4168546,518.64991,1.3803328,1.3479732,0.031932307,0.039540051,0.1083996,1.3803328,1.3479732,1.2453385,1.2161437,11.932846,11.94852,0.17082,0.1666,0.002448,0.04888,0.051327,38.707854,0.914367,433.902588,94.717171
1081,63572.5882,1669990034.3,5.5760669,0.57491551,319.4851,32.940232,0.44726768,317.52519,1.3595787,1.3098059,-0.047674089,-0.015641735,0.0681862,1.3595787,1.3098059,1.2727918,1.2261962,11.942108,11.962055,0.16812,0.1617,0.00234,0.021153,0.023494,57.792413,0.901632,294.500305,53.753959
1082,63135.3777,1632215053.62,5.8665799,-0.32097523,336.130268,-18.390526,0.45768538,543.23421,1.5465245,1.3701711,0.012098243,-0.012954033,0.1131841,1.5465245,1.3701711,1.3892801,1.2308576,11.833518,11.93763,0.19299,0.1695,0.003245,0.054642,0.057887,26.952916,0.897078,667.41886,229.582675
1084,62708.6219,1595343347.01,4.1563435,0.50577215,238.140941,28.97861,2.623216,819.86186,1.6643029,1.5700209,0.035478197,-0.0041848957,0.1653282,1.6643029,1.5700209,1.4281838,1.3472779,11.727996,11.815992,0.20956,0.19622,0.003948,0.010701,0.01465,68.4129,0.868625,914.54305,261.606465
1085,61466.1374,1487992692.8,5.5575154,0.42379604,318.422177,24.281724,2.2548495,389.3528,1.4739694,1.4479306,0.047044064,0.01181773,0.0827778,1.4739694,1.4479306,1.3612852,1.337237,11.883616,11.899063,0.18316,0.17969,0.002895,0.061954,0.064848,32.244576,0.631939,501.971995,183.806843
1086,61914.6656,1526745522.61,5.5135642,0.46665823,315.903959,26.737547,1.8634439,370.83482,1.457345,1.32425,-0.029035622,-0.041321401,0.0790416,1.457345,1.32425,1.350592,1.2272465,11.892702,11.956689,0.18096,0.16355,0.002743,0.028179,0.030922,37.067159,0.288488,828.617205,259.543733
1087,62466.8482,1574454098.61,2.780018,-1.3736208,159.283298,-78.702674,1.0800387,810.65293,1.5499014,1.3012235,0.045470547,-0.00095376945,0.1636384,1.5499014,1.3012235,1.3319442,1.118237,11.831798,11.965178,0.19344,0.1606,0.003484,0.027061,0.030545,18.485517,0.471294,924.923228,308.940776
1088,63097.5475,1628946522.39,3.0820674,0.35078806,176.589454,20.098675,2.5407662,704.06072,1.5189059,1.3105051,0.035821006,-0.038222929,0.1438582,1.5189059,1.3105051,1.3278796,1.1456885,11.854205,11.961799,0.18922,0.16179,0.003172,0.019199,0.022371,21.690733,0.824869,837.370011,283.308355
1092,62797.9775,1603063673.42,1.3113467,0.36468563,75.134631,20.894947,0.42987206,328.36326,1.5264078,1.5053672,0.040010105,-0.044144093,0.0704054,1.5264078,1.5053672,1.4260091,1.4063524,11.848915,11.863946,0.19024,0.18738,0.003189,0.036795,0.039985,45.951714,0.909019,311.557861,54.009129
1093,62008.6458,1534865418.65,1.5228929,0.09064833,87.255336,5.193767,0.86024743,547.35302,1.569771,1.4475205,0.022523217,0.027878257,0.1139831,1.569771,1.4475205,1.4091515,1.2994097,11.816221,11.899366,0.19618,0.17964,0.003324,0.041822,0.045145,31.055561,0.65225,851.067362,265.370082
1095,61022.6253,1449673239.8,0.91564622,-0.73804944,52.462664,-42.287118,2.4501991,150.19101,1.4024819,1.352586,0.030278232,0.036113575,0.0330683,1.4024819,1.352586,1.3575887,1.30929,11.922364,11.946056,0.17371,0.1672,0.00252,0.020949,0.023469,65.128814,0.770358,161.184733,21.978357
1096,62736.8373,1597781158.7,4.2655128,0.044213602,244.395881,2.533253,1.0813016,393.82161,1.5884714,1.4408229,0.0077033499,0.0050694557,0.0836768,1.5884714,1.4408229,1.4658165,1.3295688,11.800308,11.9027,0.19879,0.17876,0.003447,0.050834,0.054281,15.881603,0.47018,606.571765,181.541679
1097,61999.691,1534091716.94,5.5892698,-0.89203308,320.24157,-51.109731,2.6432479,235.54248,1.5056085,1.3681536,-0.029830177,0.043756264,0.0511882,1.5056085,1.3681536,1.4322921,1.3015306,11.86379,11.938387,0.18741,0.16923,0.00298,0.040357,0.043337,37.745643,0.878375,207.215807,50.973764
1098,63571.1291,1669863968.13,1.3263372,0.085934094,75.993524,4.923661,0.44281464,805.62592,1.5080277,1.3468511,-0.032479161,0.037209749,0.1627147,1.5080277,1.3468511,1.2969886,1.1583677,11.861821,11.948982,0.18774,0.16645,0.003017,0.04425,0.047267,35.240733,0.903549,782.844836,231.492213
1099,61083.8119,1454959768.62,1.1514064,0.10509222,65.970727,6.021341,2.2602022,472.64433,1.4204991,1.2991553,0.04964484,-0.0036947042,0.0993734,1.4204991,1.2991553,1.2920989,1.1817235,11.913128,11.965923,0.17608,0.16033,0.002571,0.04077,0.043341,16.159658,0.636079,705.731135,208.860318
1101,63046.8973,1624570348.14,3.4044069,0.80060738,195.058147,45.871424,2.1978563,497.33681,1.5453153,1.4067221,0.026935381,0.00547604,0.10423,1.5453153,1.4067221,1.3994506,1.2739394,11.83417,11.919678,0.19283,0.17428,0.003192,0.036292,0.039485,22.462104,0.586767,581.763503,152.314927
1102,64295.1598,1732420227.42,4.3227866,0.50959955,247.677428,29.197903,2.7336231,639.00287,1.4950339,1.3911391,-0.027297767,-0.017698673,0.1315759,1.4950339,1.3911391,1.3211963,1.229382,11.86952,11.927863,0.186,0.17223,0.002918,0.04562,0.048538,39.81856,0.917928,558.219022,129.667161
1103,61610.4324,1500459780.37,2.0241551,-0.65329864,115.975544,-37.431255,2.5835132,235.90177,1.5386641,1.399582,0.023944504,-0.0027273422,0.0512635,1.5386641,1.399582,1.4636331,1.3313332,11.840051,11.924653,0.19191,0.17332,0.003156,0.024364,0.027519,44.571875,0.848274,225.858658,46.126085
1104,62650.7732,1590345224.0,4.5036982,0.96622045,258.042899,55.360354,2.2151847,129.55711,1.3918994,1.3096517,-0.046205544,0.037839213,0.0286184,1.3918994,1.3096517,1.3531738,1.2732144,11.927693,11.962112,0.17233,0.16168,0.002449,0.027172,0.029621,39.257385,0.60071,188.38853,30.190951
1108,61319.977,1475364428.33,4.7754724,-1.1819997,273.614414,-67.723594,0.57394622,855.57825,1.5800999,1.4908124,0.037288485,-0.04294722,0.1718547,1.5800999,1.4908124,1.3483753,1.272182,11.80799,11.872597,0.19761,0.18543,0.003396,0.051099,0.054495,46.856261,0.839765,824.855316,284.687987
1110,63189.8867,1636924628.27,5.7640034,-1.0637722,330.253068,-60.949657,0.6695219,823.90814,1.5647216,1.5286931,0.039994096,0.030623434,0.1660698,1.5647216,1.5286931,1.3418765,1.3109791,11.820274,11.847324,0.19548,0.19055,0.003381,0.052006,0.055388,50.7079,0.784118,978.278867,298.373629
1111,62926.8609,1614199198.21,1.9562875,-0.91244284,112.087017,-52.279124,1.9031426,495.48035,1.5298098,1.3320575,0.01646824,-0.04494289,0.1038658,1.5298098,1.3320575,1.3858657,1.2067205,11.84667,11.953695,0.1907,0.16456,0.0032,0.036385,0.039585,15.595429,0.326262,926.177652,284.202573
1112,62425.7793,1570905752.52,6.0978907,0.49289602,349.383401,28.240862,1.6764188,62.648321,1.4265877,1.3663632,-0.034820653,-0.0037056736,0.0139898,1.4265877,1.3663632,1.4069054,1.3475118,11.910337,11.939076,0.17688,0.169,0.002616,0.031561,0.034177,42.84571,0.105426,209.244273,66.516255
1113,62824.8196,1605382829.29,0.0028117655,-1.2371034,0.161102,-70.880804,0.47736186,518.08452,1.6192282,1.4865069,0.011455013,0.01366151,0.1082893,1.6192282,1.4865069,1.4610158,1.3412625,11.772783,11.875671,0.20311,0.18485,0.003629,0.038455,0.042084,72.809954,0.88821,496.28343,129.515278
1114,64138.0113,1718842594.72,2.7367979,1.0311599,156.806969,59.08111,2.0465278,469.32056,1.7554608,1.432907,-0.00058381505,0.035927261,0.0987175,1.7554608,1.432907,1.5977363,1.3041633,11.616192,11.907306,0.22317,0.17771,0.005386,0.020631,0.026017,46.141937,0.457989,875.085686,280.67036
1115,61687.0301,1507077815.02,3.728472,-0.99822668,213.62571,-57.194176,2.0572582,562.16241,1.6044958,1.528288,0.0084515389,-0.042291772,0.1168498,1.6044958,1.528288,1.4366263,1.3683917,11.78618,11.847577,0.20103,0.19049,0.003561,0.012952,0.016513,55.652536,0.467501,934.049098,278.679587
1116,61078.9758,1454541926.34,6.2001642,0.81460651,355.243241,46.673515,0.74397929,349.25827,1.4624265,1.4336959,0.023159886,-0.041098665,0.074666,1.4624265,1.4336959,1.3608195,1.3340851,11.889442,11.90661,0.18164,0.17782,0.002832,0.024913,0.027744,33.711831,0.73578,404.527325,91.243723
1117,64015.8271,1708285879.13,1.1757936,-0.26755855,67.368011,-15.329976,2.750832,823.07153,1.7854032,1.5122314,0.012636893,0.049750263,0.1659165,1.7854032,1.5122314,1.5313302,1.2970323,11.571701,11.857843,0.22785,0.18833,0.005284,0.009384,0.014668,61.439483,0.92462,711.443727,225.279183
1118,63019.9098,1622238623.71,0.81450487,0.79278935,46.667691,45.423484,0.91103142,489.05452,1.5168615,1.4250123,0.039064153,0.041183774,0.1026041,1.5168615,1.4250123,1.3757082,1.2924061,11.85521,11.910728,0.18895,0.17668,0.003036,0.049374,0.052409,61.375289,0.612931,643.298191,190.283665
1119,64117.3046,1717053534.93,5.9101171,0.84601175,338.624766,48.472903,2.4191691,327.21434,1.6548782,1.4639003,-0.020782418,-0.022406061,0.0701704,1.6548782,1.4639003,1.5463688,1.3679132,11.738738,11.888675,0.20818,0.18184,0.003936,0.013643,0.017579,46.277763,0.750205,332.240666,113.628169
1120,63089.3083,1628234653.56,5.2466487,1.4256882,300.610827,81.685917,2.5937343,679.43336,1.5632128,1.4930153,-0.018145458,0.021732935,0.1392281,1.5632128,1.4930153,1.3721684,1.3105499,11.821226,11.870962,0.19528,0.18573,0.003314,0.024411,0.027725,73.560829,0.853642,769.182127,217.980619
1121,63835.5638,1692711131.6,3.240797,0.12950599,185.68399,7.420147,0.91056711,799.99117,1.5589676,1.3474942,-0.02315546,-0.020299205,0.1616782,1.5589676,1.3474942,1.341996,1.1599548,11.823624,11.948726,0.19471,0.16654,0.003396,0.028603,0.031999,22.533013,0.613298,1203.264836,293.209122
1122,62503.8568,1577651643.08,0.79661452,0.58974159,45.64265,33.789704,2.0978594,543.38193,1.6270865,1.4784828,-0.0043920486,0.044136747,0.1132128,1.6270865,1.4784828,1.4616132,1.3281224,11.76599,11.881283,0.20421,0.18376,0.003688,0.039571,0.043259,16.01686,0.502997,925.462941,258.549811
1125,63624.5098,1674476061.22,3.2507871,0.5235196,186.256381,29.995464,2.2074508,398.15226,1.4672131,1.454009,-0.019213103,0.028871829,0.0845471,1.4672131,1.454009,1.3528348,1.34066,11.887069,11.894947,0.18227,0.18051,0.002888,0.017768,0.020656,61.209493,0.594509,605.571502,203.272102
1126,64195.6451,1723822157.59,4.9394662,-1.2574845,283.010566,-72.048555,2.1194278,217.0504,1.4426874,1.426321,0.020273244,0.037636952,0.0473004,1.4426874,1.426321,1.3775297,1.3619025,11.902202,11.910396,0.179,0.17684,0.002759,0.022476,0.025234,63.429332,0.52152,370.384101,93.529581
1127,63002.4304,1620728402.23,4.8820993,-0.59123595,279.723685,-33.875325,1.7123471,209.31136,1.5416566,1.4147615,-0.047049097,-0.031983829,0.0456672,1.5416566,1.4147615,1.4743282,1.3529749,11.836935,11.916543,0.19233,0.17532,0.003166,0.055859,0.059025,22.212434,0.141079,443.808691,105.844575
1128,61632.748,1502387847.53,2.6614209,-0.75598406,152.488185,-43.314696,2.6869478,424.13019,1.5389958,1.4850387,0.010704142,0.009214157,0.0897481,1.5389958,1.4850387,1.4122492,1.3627358,11.839701,11.876716,0.19195,0.18465,0.003196,0.023632,0.026828,30.93497,0.898417,404.086741,104.137718
1129,61940.7917,1529002816.79,3.1375835,-0.40954799,179.770292,-23.465371,2.8218868,592.2228,1.5272208,1.3559153,-0.014587086,-0.042284676,0.12264,1.5272208,1.3559153,1.3603834,1.2077918,11.848304,11.944105,0.19035,0.16764,0.003132,0.050431,0.053563,16.053142,0.949328,489.94238,143.381992
1132,61695.256,1507788538.05,3.4614474,-0.95697337,198.326327,-54.830535,0.87598004,525.1072,1.4572835,1.2699742,-0.011629401,-0.0077840936,0.1096589,1.4572835,1.2699742,1.3132716,1.1444726,11.892745,11.976114,0.18095,0.1566,0.002819,0.030082,0.032901,32.598517,0.640244,691.608633,210.266139
1133,61863.9996,1522367983.14,0.87344348,-0.70083191,50.044625,-40.154711,2.535396,685.38097,1.687822,1.6630914,0.0014161496,-0.011107488,0.1403484,1.687822,1.6630914,1.4800932,1.4584063,11.70243,11.729076,0.21299,0.20939,0.004275,0.001256,0.005531,61.388512,0.821821,754.707555,286.909318
1134,62072.4541,1540378449.88,3.0003892,0.70348309,171.909638,40.306612,2.4184343,531.17018,1.5186556,1.4572304,-0.04833221,0.019759856,0.1108396,1.5186556,1.4572304,1.3671241,1.3118279,11.854335,11.892782,0.18918,0.18094,0.003072,0.027998,0.031071,46.077632,0.749719,658.515161,152.987062
1135,62942.9683,1615590875.11,1.7655526,0.86771735,101.158712,49.716542,2.8619261,694.78949,1.5519425,1.455654,-0.046617695,-0.019316557,0.1421179,1.5519425,1.455654,1.3588287,1.2745217,11.830389,11.893864,0.19372,0.18073,0.003226,0.049713,0.052939,35.885736,0.961148,583.388892,134.975954
1137,63057.9707,1625527086.75,3.1402561,-0.98280858,179.923421,-56.310784,2.1390766,702.15066,1.6290577,1.4020331,0.044567538,0.041151121,0.1434999,1.6290577,1.4020331,1.4246243,1.2260894,11.763912,11.92272,0.2045,0.17365,0.003868,0.054374,0.058242,37.304358,0.538183,852.063579,330.377079
1138,62492.7491,1576691941.57,2.4752648,0.54133871,141.822226,31.016423,0.35031602,291.65553,1.544177,1.5044161,-0.0033757659,0.018313418,0.0628634,1.544177,1.5044161,1.4528462,1.415437,11.834874,11.864504,0.19268,0.18725,0.003251,0.051817,0.055069,15.081218,0.939264,279.797189,43.004766
1140,63153.9727,1633821661.82,2.5970399,-0.19635594,148.799425,-11.250367,0.80836218,570.15669,1.6507499,1.5877164,0.045949916,0.0033530811,0.1183934,1.6507499,1.5877164,1.4760011,1.4196404,11.743063,11.800941,0.20759,0.19868,0.003895,0.013842,0.017737,32.988032,0.690684,614.821121,160.433574
1141,61285.5122,1472386675.5,4.2805616,-0.34375265,245.258114,-19.695576,2.6017888,430.1043,1.6719238,1.512253,0.034937098,0.0067547966,0.0909394,1.6719238,1.512253,1.5325542,1.3861934,11.719906,11.857826,0.21067,0.18833,0.004004,0.028539,0.032543,53.787524,0.85781,421.982797,134.982546
1142,61307.2588,1474265580.89,4.6525604,0.0025019023,266.572075,0.143348,2.3569762,887.86,1.6799794,1.5410262,-0.015303618,-0.0087909634,0.1777167,1.6799794,1.5410262,1.4264716,1.3084864,11.71129,11.837562,0.21184,0.19224,0.004047,0.0119,0.015948,73.451667,0.707659,1087.299816,325.494723
1144,61601.4031,1499679646.81,5.2339632,0.7696448,299.884001,44.097399,0.5964163,358.20002,1.5393626,1.4359444,-0.014537099,0.0030836404,0.0764823,1.5393626,1.4359444,1.4299934,1.3339229,11.839312,11.904704,0.19201,0.17812,0.003153,0.03044,0.033593,65.82365,0.827354,368.710246,80.787993
1145,62813.2712,1604385053.41,4.4387918,0.63754393,254.324036,36.528576,0.80393331,115.76561,1.4301779,1.297425,0.043127088,0.01292427,0.0256283,1.4301779,1.297425,1.3944408,1.2650051,11.909256,11.966544,0.17734,0.16011,0.00262,0.064723,0.067342,16.415698,0.69388,133.771918,27.170493
1146,61748.9814,1512430408.84,2.2629462,-0.055890156,129.657267,-3.20227,2.3491026,938.22321,1.4805998,1.4541796,-0.006817092,0.026501355,0.1867941,1.4805998,1.4541796,1.2475625,1.2253007,11.879927,11.894836,0.18405,0.18053,0.002928,0.017305,0.020233,68.913636,0.702074,918.949519,269.013801
1147,61991.4954,1533383621.62,3.0742806,1.106265,176.143303,63.384316,0.54786271,735.58861,1.6157081,1.4813608,0.039956048,0.035203397,0.149752,1.6157081,1.4813608,1.4052666,1.2884177,11.776341,11.879395,0.20261,0.18415,0.003607,0.016868,0.020475,61.991905,0.85364,774.477722,295.140325
1148,62401.0949,1568773019.66,5.2851437,1.17142,302.816428,67.117422,2.5775749,886.66986,1.6504134,1.492705,-0.049736325,-0.030576511,0.1775011,1.6504134,1.492705,1.4016236,1.2676888,11.743203,11.871191,0.20754,0.18569,0.003852,0.018795,0.022647,61.822567,0.845114,846.352381,255.73901
1149,63841.5314,1693226733.9,1.6160415,0.7600351,92.592357,43.546804,0.68381372,786.06547,1.5405822,1.4447885,-0.023854676,-0.018686822,0.159112,1.5405822,1.4447885,1.3291055,1.2464615,11.83802,11.90122,0.19218,0.17927,0.003162,0.017333,0.020495,42.479746,0.775169,790.871494,223.50463
1150,61048.5175,1451910327.9,6.2557312,0.25382578,358.426996,14.543146,2.7268586,193.47613,1.3686481,1.302686,-0.044706643,0.042901701,0.0423141,1.3686481,1.302686,1.3130861,1.2498018,11.938201,11.964649,0.1693,0.16078,0.002363,0.027192,0.029555,38.880318,0.915224,181.635626,26.652825
1151,63272.8259,1644090573.24,4.0651543,-0.19386686,232.916184,-11.107753,2.6670351,452.05649,1.4755702,1.436004,0.00038711537,0.027693424,0.0953024,1.4755702,1.436004,1.3471807,1.3110571,11.882832,11.904659,0.18338,0.17813,0.002879,0.046334,0.049212,33.174944,0.889495,395.195709,165.039406
1152,63341.0679,1649986680.99,4.9433242,0.073235232,283.231613,4.19607,2.5022173,961.09954,1.5889518,1.416034,-0.0069587313,0.026252435,0.1908907,1.5889518,1.416034,1.3342549,1.1890545,11.799934,11.91593,0.19885,0.17549,0.003481,0.035648,0.039129,18.941692,0.802469,1124.127199,297.433966
1153,63795.2952,1689231925.98,6.2639466,-0.96498158,358.897703,-55.289372,2.329327,882.02808,1.7652373,1.669069,0.049677618,-0.040102328,0.1766602,1.7652373,1.669069,1.5002099,1.41848,11.602187,11.723287,0.22468,0.21025,0.004763,0.000368,0.00513,28.694122,0.687856,986.222029,291.547459
1154,64264.6353,1729782906.77,2.0916139,-0.49472148,119.840649,-28.345453,2.57223,449.05247,1.6593619,1.3720652,0.027487627,-0.014955258,0.0947067,1.6593619,1.3720652,1.515805,1.2533633,11.733295,11.936907,0.20884,0.16974,0.004371,0.0526,0.056971,29.796218,0.842245,645.917066,192.995372
1156,61070.4825,1453808103.52,2.1823976,-0.079308782,125.042172,-4.544058,1.6306751,161.02689,1.4904156,1.3475885,-0.03874814,0.044706017,0.0353941,1.4904156,1.3475885,1.439467,1.3015223,11.872889,11.948687,0.18538,0.16655,0.002909,0.034978,0.037886,44.044624,0.059843,203.547243,24.71495
1157,61538.243,1494222610.55,4.3553358,-0.65797843,249.54236,-37.699387,1.0221324,230.52392,1.383538,1.3083373,0.027803189,0.030771959,0.0501351,1.383538,1.3083373,1.3174857,1.2458752,11.931012,11.962593,0.17124,0.16151,0.002418,0.031277,0.033695,59.846664,0.521548,333.879664,71.225455
1158,64101.5995,1715696617.32,5.8023617,-0.82187191,332.450837,-47.089792,2.2322433,988.10603,1.7297077,1.4937412,0.010567091,-0.00101876,0.1957061,1.7297077,1.4937412,1.4465994,1.2492545,11.651412,11.870432,0.21923,0.18583,0.004625,0.015449,0.020074,43.42859,0.614259,1063.367087,327.874884
1159,62604.815,1586374431.21,1.0203967,-0.97230183,58.464424,-55.708791,1.1289707,712.16399,1.619819,1.6160443,0.027619265,-0.025398754,0.1453766,1.619819,1.6160443,1.414224,1.4109284,11.772162,11.776013,0.20319,0.20265,0.003833,0.017937,0.02177,18.470667,0.42759,1231.463783,314.994155
1160,62976.0672,1618450627.21,3.4523528,0.81876467,197.805245,46.91176,2.5360393,477.82982,1.3609419,1.3163769,0.0039786061,-0.029092338,0.1003956,1.3609419,1.3163769,1.2367751,1.196276,11.941425,11.959625,0.1683,0.16254,0.002352,0.031758,0.03411,72.467388,0.822187,439.503147,134.208228
1162,63320.5952,1648217844.41,5.9318559,0.72680779,339.870308,41.643019,0.63872174,766.75921,1.7389734,1.4677726,0.048408012,0.0015043264,0.1555429,1.7389734,1.4677726,1.5048973,1.2702017,11.639145,11.886792,0.22063,0.18235,0.004871,0.023597,0.028468,71.563459,0.802858,819.680437,246.382289
1163,63376.7331,1653068159.2,2.5504348,-0.051897912,146.12915,-2.973531,1.0282759,377.39332,1.4788933,1.3759328,0.030429076,0.04890401,0.0803669,1.4788933,1.3759328,1.3688807,1.2735792,11.881038,11.935242,0.18382,0.17024,0.002838,0.038319,0.041156,62.111373,0.516296,788.361972,329.986398
1164,64261.0914,1729476715.96,0.11738859,-0.9915491,6.725871,-56.811579,0.55882556,921.51647,1.7326217,1.6395332,-0.020481529,0.014455891,0.1837919,1.7326217,1.6395332,1.4636202,1.3849843,11.647187,11.753442,0.21968,0.20599,0.004482,0.00138,0.005862,74.479674,0.847878,921.530594,303.32092
1165,64489.323,1749195921.83,4.2270553,-0.091311104,242.192428,-5.231741,2.0843822,96.897719,1.3319795,1.3134966,0.043189416,0.022968183,0.0215167,1.3319795,1.3134966,1.3039234,1.2858298,11.953728,11.960697,0.16455,0.16217,0.002272,0.040691,0.042963,47.66894,0.491304,159.273505,39.983593
1166,63520.5511,1665494034.19,6.2398825,-1.106721,357.518932,-63.410442,2.6274005,290.796,1.3819166,1.3754146,-0.0039967551,0.032886669,0.0626859,1.3819166,1.3754146,1.3003999,1.2942814,11.931928,11.935488,0.17103,0.17017,0.0025,0.032951,0.035451,72.766101,0.87069,291.670426,61.439666
1167,62005.2742,1534574111.66,5.756697,-0.50446959,329.834442,-28.903978,0.30717814,673.50284,1.7067603,1.3762115,-0.014140092,0.0070144461,0.1381097,1.7067603,1.3762115,1.4996448,1.2092081,11.679664,11.935106,0.2158,0.17028,0.005062,0.053409,0.058472,19.536302,0.953191,747.801025,197.582252
1168,64079.1334,1713755544.45,6.239143,-0.53150065,357.476562,-30.452744,0.64160432,714.45795,1.4759249,1.3050314,-0.0031844818,-0.041257915,0.1458059,1.4759249,1.3050314,1.2881107,1.1389637,11.882656,11.963797,0.18342,0.16108,0.002874,0.05741,0.060284,36.940845,0.801137,848.407942,312.162021
1169,61172.2732,1462602822.56,4.9193745,0.65592707,281.859397,37.581853,1.1083054,289.88359,1.453655,1.4467888,-0.027145256,-0.049443683,0.0624974,1.453655,1.4467888,1.3681492,1.3616869,11.895174,11.899898,0.18046,0.17954,0.002834,0.024054,0.026888,28.522876,0.446179,379.539209,99.304687
1170,61808.783,1517597267.91,4.4627148,0.75078705,255.694723,43.016929,2.2916597,722.30349,1.6837991,1.5374133,-0.031393383,-0.0079149005,0.147273,1.6837991,1.5374133,1.4676534,1.3400588,11.706716,11.841314,0.2124,0.19173,0.004079,0.026523,0.030601,26.749985,0.660034,1088.809804,324.74522
1171,64140.85,1719087858.96,0.97811714,1.0022276,56.041984,57.423412,0.99124928,459.68478,1.574046,1.4617292,0.029588324,-0.02992535,0.0968131,1.574046,1.4617292,1.4351087,1.3327058,11.812272,11.889832,0.19678,0.18155,0.003349,0.037284,0.040633,23.448177,0.547645,846.66478,235.750135
1173,61896.6703,1525190731.97,0.79884995,-0.1568506,45.770731,-8.986877,0.28181266,472.58437,1.5623588,1.468782,-0.0091978937,-0.0081758247,0.0993615,1.5623588,1.468782,1.421151,1.3360318,11.821722,11.886279,0.19516,0.18248,0.003288,0.056147,0.059434,52.344818,0.960553,415.895905,95.644131
1174,61772.2787,1514443298.43,4.0681176,0.55320355,233.085969,31.696229,2.2288743,204.25113,1.46433,1.3670465,0.0060480978,0.03413465,0.0445974,1.46433,1.3670465,1.4018128,1.3086827,11.888462,11.93881,0.18189,0.16909,0.002769,0.058794,0.061563,61.879311,0.611597,258.256357,59.686556
1175,61483.4385,1489487506.65,1.1426799,-0.040609134,65.470736,-2.326732,0.66103817,580.04115,1.5263724,1.3687086,-0.0089634981,-0.04376244,0.1202982,1.5263724,1.3687086,1.3624698,1.221736,11.848943,11.938178,0.19023,0.16931,0.003108,0.038623,0.041731,49.697904,0.789355,713.03568,200.913488
1176,64006.8912,1707513813.51,5.1636603,0.65679725,295.855942,37.63171,1.3358716,195.41888,1.3703773,1.181603,0.038802279,-0.015327487,0.0427263,1.3703773,1.181603,1.3142253,1.1331862,11.937552,12.00161,0.16952,0.14539,0.002455,0.01886,0.021315,23.817763,0.23277,335.450757,107.564642
1177,62750.2039,1598936035.58,1.7224173,1.1818987,98.687242,67.717807,1.5955383,480.80532,1.5411427,1.4606991,-0.010318815,-0.020244372,0.1009816,1.5411427,1.4606991,1.3997897,1.3267243,11.837444,11.890451,0.19226,0.18141,0.003177,0.02853,0.031707,63.667426,0.024739,614.139782,174.687377
1178,63362.1262,1651806122.6,5.9857805,-0.70356674,342.95996,-40.311405,0.16395632,522.39244,1.6669638,1.4553676,0.018467173,0.0038910839,0.1091297,1.6669638,1.4553676,1.5029475,1.3121708,11.725704,11.894057,0.20994,0.18069,0.004072,0.032743,0.036815,53.157282,0.986589,407.275669,84.9299
1179,61836.7323,1520012092.54,1.6267613,0.88864839,93.206557,50.915802,2.8815404,445.31539,1.5261538,1.3767919,0.049425078,0.036347663,0.0939651,1.5261538,1.3767919,1.3950663,1.2585337,11.849114,11.934814,0.1902,0.17035,0.003097,0.049069,0.052167,38.289942,0.966377,597.875439,214.580396
1180,63653.1415,1676949841.31,5.9605692,-0.37815076,341.515459,-21.666443,2.5910516,488.41888,1.650337,1.4597901,-0.027826176,0.0081670902,0.1024792,1.650337,1.4597901,1.4969325,1.3240976,11.743234,11.891035,0.20753,0.18129,0.003904,0.022973,0.026877,55.447818,0.852242,943.205967,333.004882
1181,63660.0194,1677544094.8,2.6138253,-0.9261051,149.761158,-53.061914,0.41636416,756.98941,1.5557487,1.4200064,0.042779873,-0.037386734,0.1537317,1.5557487,1.4200064,1.3484493,1.2307943,11.826413,11.913465,0.19426,0.17602,0.003249,0.022959,0.026208,30.594299,0.914565,693.442715,165.13451
1182,62094.0931,1542248060.73,2.6480791,0.27942263,151.723756,16.009737,0.840876,109.81222,1.3592431,1.272214,0.020696487,-0.0092993347,0.0243336,1.3592431,1.272214,1.3269536,1.2419919,11.942282,11.975345,0.16808,0.15688,0.002315,0.061811,0.064127,35.711533,0.66681,131.698411,21.719745
1183,62437.3892,1571908846.22,1.4397962,1.3486333,82.494246,77.270996,2.1035457,554.14336,1.6206628,1.4719667,-0.037838226,0.0071896964,0.1152987,1.6206628,1.4719667,1.4531199,1.3197959,11.771298,11.884622,0.20331,0.1829,0.003647,0.053667,0.057315,70.049151,0.507904,979.93165,304.27549
1184,61733.916,1511128757.89,2.9905599,1.0698275,171.346461,61.296601,0.75720371,479.81482,1.5337548,1.4971782,-0.043787551,0.010604131,0.1007866,1.5337548,1.4971782,1.3933262,1.3600985,11.844324,11.868148,0.19123,0.18629,0.003197,0.039292,0.042489,32.43027,0.72676,451.12092,136.823973
1185,64417.9636,1743030471.45,1.8121954,0.72323027,103.831148,41.438042,2.5028133,937.6441,1.7530142,1.4931978,0.044237787,-0.012952481,0.1866902,1.7530142,1.4931978,1.4772299,1.2582878,11.619706,11.870828,0.22279,0.18575,0.004926,0.008863,0.013788,43.199296,0.802824,1039.819079,306.260508
1186,63259.609,1642948637.3,2.6643905,0.063578924,152.658331,3.642804,2.532585,275.95133,1.5739726,1.3816938,-0.024652296,-0.024275596,0.059614,1.5739726,1.3816938,1.4854207,1.3039596,11.812336,11.932056,0.19677,0.171,0.003431,0.029868,0.033299,68.408468,0.820216,320.736319,61.077403
1187,64270.9036,1730324487.53,3.7225661,0.66851686,213.287326,38.303195,2.386114,434.86412,1.4132859,1.3958713,0.04519977,-0.011554854,0.0918874,1.4132859,1.3958713,1.2943513,1.2784022,11.917169,11.92672,0.17513,0.17283,0.002618,0.018328,0.020946,57.463281,0.727943,465.036878,155.484111
1188,62061.8494,1539462206.39,4.3013162,0.78784684,246.447265,45.140299,1.8282853,385.05542,1.483889,1.4356179,0.044303068,-0.011362859,0.0819123,1.483889,1.4356179,1.3715427,1.3269263,11.877552,11.904956,0.18449,0.17808,0.002907,0.062846,0.065753,18.732194,0.254653,771.482465,236.813678
1189,63736.6182,1684162230.09,6.0073953,-0.15199522,344.198397,-8.708685,0.97516802,124.51357,1.4064259,1.3138381,0.0078371547,0.0029360183,0.0275264,1.4064259,1.3138381,1.3687492,1.2786417,11.919819,11.96057,0.17424,0.16221,0.002508,0.023756,0.026264,23.838183,0.561029,177.916504,37.197341
1190,63680.5053,1679314071.91,4.3407795,-0.11044757,248.708345,-6.32818,0.35705017,300.8199,1.4319549,1.2453779,-0.0015765781,-0.034979646,0.0647532,1.4319549,1.2453779,1.3448702,1.16964,11.908097,11.984107,0.17758,0.15346,0.002704,0.048047,0.050751,15.470495,0.936932,346.794576,82.755138
1191,63420.7948,1656875087.12,6.0026982,-1.0844073,343.929273,-62.131962,0.59887934,449.58621,1.5362601,1.3525823,-0.041031362,-0.0047453913,0.0948126,1.5362601,1.3525823,1.4032175,1.2354465,11.842371,11.946059,0.19157,0.1672,0.003202,0.031,0.034202,52.855307,0.825968,403.037341,116.563009
1192,64379.7364,1739727644.12,2.5051832,-0.98284265,143.536424,-56.312736,1.3629954,237.90384,1.2569669,1.1932857,0.0066601257,-0.039550854,0.0516832,1.2569669,1.1932857,1.1951954,1.1346437,11.980403,11.998808,0.15494,0.14686,0.001956,0.047094,0.04905,41.860406,0.206309,406.84971,106.682917
1193,62377.4437,1566729551.64,4.2384796,0.1979559,242.846993,11.342038,0.49080676,792.043,1.5871826,1.4320828,-0.027010346,-0.0031919608,0.1602144,1.5871826,1.4320828,1.368008,1.234326,11.801416,11.907996,0.19861,0.17759,0.003446,0.045741,0.049187,23.056491,0.881953,939.439732,276.206324
1195,61457.5106,1487247336.65,4.6090604,1.3648727,264.079708,78.201445,0.94593613,677.57872,1.7160656,1.559526,0.011966644,0.021449929,0.1388785,1.7160656,1.559526,1.506803,1.3693524,11.667165,11.823279,0.2172,0.19479,0.004332,0.01444,0.018772,72.476047,0.584984,984.929823,288.51927
1196,63350.981,1650843177.04,3.438492,-0.43653617,197.011079,-25.01168,2.2878614,725.95416,1.6922126,1.3489675,-0.031184754,0.028299015,0.1479549,1.6922126,1.3489675,1.4741107,1.175105,11.697841,11.948053,0.21362,0.16673,0.005077,0.024321,0.029398,46.779583,0.657175,1332.951603,265.782589
1197,63552.5843,1668261701.66,0.70137944,-0.5560373,40.186082,-31.858591,2.6177396,392.1447,1.5668664,1.395726,-0.010828456,0.026810252,0.0833396,1.5668664,1.395726,1.4463298,1.288355,11.818715,11.92677,0.19578,0.17281,0.003349,0.016898,0.020246,29.513598,0.865898,368.545932,72.04298
1198,63012.712,1621616735.41,0.15740135,0.86981113,9.018433,49.836507,2.4720385,274.89706,1.5392205,1.4164915,0.036164459,-0.0065330719,0.0593954,1.5392205,1.4164915,1.4529236,1.3370754,11.839463,11.91569,0.19199,0.17555,0.003151,0.023189,0.02634,45.036214,0.784098,278.325029,62.705743
1199,61723.8626,1510260148.88,3.0656681,-1.2946427,175.649844,-74.177563,1.2554413,257.41808,1.4207564,1.3528797,-0.033811167,0.024221669,0.0557613,1.4207564,1.3528797,1.3457175,1.2814258,11.912954,11.945883,0.17612,0.16724,0.002583,0.064611,0.067194,55.77722,0.310154,473.372922,130.083985
1200,62765.5958,1600265894.76,2.9941431,0.9218631,171.551763,52.818865,1.9623413,424.27495,1.3647866,1.3597906,-0.0073293009,0.041996266,0.0897769,1.3647866,1.3597906,1.2523541,1.2477697,11.939708,11.942,0.1688,0.16815,0.00243,0.063557,0.065987,19.574353,0.381617,679.01461,326.426858
1201,62092.6641,1542124594.34,1.4473884,0.34943455,82.929247,20.021125,0.7432823,591.5128,1.6837876,1.4009247,-0.024968966,0.030345134,0.1225036,1.6837876,1.4009247,1.5000286,1.2480358,11.706732,11.923609,0.2124,0.1735,0.004515,0.038629,0.043144,31.482229,0.736251,531.282627,154.52045
1202,62496.1328,1576984296.12,4.7950227,1.0308703,274.734563,59.064517,2.7175394,899.10731,1.6307239,1.4757066,0.024749319,0.03954481,0.179751,1.6307239,1.4757066,1.3822611,1.2508628,11.762145,11.882764,0.20474,0.18339,0.003718,0.036672,0.04039,63.417929,0.911429,938.346601,342.943089
1203,63258.265,1642832515.34,1.9042708,1.2317568,109.10668,70.574466,1.2970913,595.9066,1.61329,1.4990364,-0.0015119027,0.035940396,0.1233469,1.61329,1.4990364,1.4361459,1.3344376,11.778763,11.867109,0.20226,0.18654,0.00359,0.038543,0.042133,42.579892,0.2703,1170.957257,346.878285
1204,63608.2516,1673071356.19,0.20120146,-0.69623541,11.527994,-39.891351,3.1065843,939.87332,1.6844858,1.5674922,0.020388022,-0.023545886,0.1870902,1.6844858,1.5674922,1.4190041,1.3204492,11.705755,11.81821,0.2125,0.19586,0.00408,0.008401,0.012481,47.794629,0.999387,583.674087,149.62708
1207,61812.7864,1517943164.53,1.7917921,-0.96690385,102.662125,-55.39951,2.2304216,536.12521,1.5069224,1.2516517,0.010346839,0.034475279,0.1118033,1.5069224,1.2516517,1.3553858,1.1257852,11.862814,11.982394,0.18759,0.15426,0.003288,0.065481,0.068769,40.96896,0.612821,704.673276,268.618284
1209,62418.6388,1570288807.06,0.00097764429,0.75976327,0.056015,43.531229,1.6477019,283.9594,1.4191328,1.381112,0.016181573,-0.011648728,0.0612727,1.4191328,1.381112,1.337199,1.3013734,11.914063,11.932393,0.1759,0.17092,0.00261,0.03925,0.04186,17.633997,0.07683,838.455298,294.104789
1210,61942.0655,1529112877.07,1.9755342,0.43686781,113.189772,25.030682,2.9048792,979.66177,1.7112577,1.6294952,0.02930259,-0.017958389,0.1942029,1.7112577,1.6294952,1.4329707,1.3645045,11.67455,11.76344,0.21646,0.20456,0.004323,0.002692,0.007015,24.944987,0.972114,1003.882441,313.025175
1211,61695.2106,1507784618.03,1.1023594,-1.2840525,63.160541,-73.570789,0.48936793,414.35033,1.4399504,1.4121486,0.021027706,0.0022749169,0.087794,1.4399504,1.4121486,1.3237345,1.2981765,11.9029,11.917607,0.17865,0.17498,0.002724,0.044,0.046724,41.732498,0.88263,366.6717,76.181739
1212,63741.8553,1684614713.33,2.4605821,0.25849103,140.980969,14.810445,2.8617027,591.03788,1.5290097,1.5143131,0.00054095781,-0.014164345,0.1224124,1.5290097,1.5143131,1.362253,1.3491592,11.847133,11.856475,0.19059,0.18861,0.00322,0.01708,0.0203,27.551128,0.961086,511.353775,132.765453
1213,64182.3844,1722676432.8,5.5418837,-1.2223319,317.526547,-70.034459,0.56226738,679.26527,1.5391542,1.5060887,0.027497848,-0.044892218,0.1391965,1.5391542,1.5060887,1.3510876,1.3220623,11.839533,11.86346,0.19198,0.18747,0.003235,0.02237,0.025606,17.998742,0.846049,853.671976,288.105738
1214,62295.8126,1559676630.95,3.1832826,-0.11495975,182.388658,-6.586708,0.87769451,409.96401,1.3266621,1.2800076,0.0034035142,-0.045482203,0.086916,1.3266621,1.2800076,1.2205746,1.1776509,11.9558,11.972668,0.16386,0.15788,0.002215,0.056727,0.058942,65.61898,0.638926,724.748701,266.718845
1215,63629.4762,1674905164.73,5.7851083,-1.3758005,331.46229,-78.827562,2.1003483,255.66951,1.4644133,1.4255135,-0.041396714,0.023116969,0.0553968,1.4644133,1.4255135,1.3875476,1.3506897,11.888421,11.910588,0.1819,0.17674,0.002824,0.02123,0.024054,73.871552,0.505147,318.76022,71.061516
1218,64139.4835,1718969793.5,2.0173084,-0.1770738,115.583257,-10.145581,0.57613666,729.8763,1.619637,1.528901,0.041451883,0.011898166,0.1486869,1.619637,1.528901,1.40999,1.3309989,11.772353,11.847198,0.20317,0.19057,0.003644,0.031814,0.035458,62.588572,0.838574,1167.029395,329.055154
1219,63961.4347,1703586379.26,0.15713635,-0.096246684,9.00325,-5.514529,0.45782125,469.99511,1.4015878,1.3273792,0.049776376,-0.035083181,0.0988506,1.4015878,1.3273792,1.2755035,1.2079705,11.923077,11.955533,0.17359,0.16396,0.002494,0.030455,0.03295,66.227095,0.897018,557.117687,261.892888
1222,61639.8469,1503001186.69,0.81392911,-0.94443823,46.634703,-54.112325,0.70283157,360.47498,1.5960844,1.5446367,-0.0139129,-0.0068930906,0.0769437,1.5960844,1.5446367,1.48205,1.434278,11.794336,11.834576,0.19984,0.19274,0.003546,0.025331,0.028877,29.518628,0.763015,385.558088,91.920803
1223,64347.0216,1736901082.97,3.0722958,-0.81353033,176.029583,-46.611854,2.5851111,536.26245,1.5480586,1.4575895,0.014098234,-0.019747648,0.11183,1.5480586,1.4575895,1.3923519,1.3109823,11.83276,11.892533,0.1932,0.18099,0.003208,0.029358,0.032565,72.637619,0.849119,544.74326,132.142576
1224,62318.3675,1561625373.59,3.4577257,-0.3669418,198.113089,-21.024216,0.41425336,607.94066,1.587957,1.4572959,-0.01025099,0.012000433,0.1256524,1.587957,1.4572959,1.4106993,1.2946234,11.800734,11.892736,0.19871,0.18095,0.003434,0.03085,0.034284,26.815542,0.915417,503.141881,116.578528
1225,62187.3423,1550304793.94,5.3907133,-0.52032587,308.865121,-29.812476,0.42783742,624.9731,1.4678385,1.4626129,0.039126422,0.012428476,0.1289053,1.4678385,1.4626129,1.3002317,1.2956028,11.886759,11.889341,0.18235,0.18167,0.00291,0.052711,0.055621,72.085789,0.909865,721.582926,279.904998
1227,61218.5096,1466597651.37,2.3206783,0.9498918,132.965072,54.424791,2.4219868,636.37689,1.6070505,1.5852231,-0.03881424,-0.020265506,0.1310766,1.6070505,1.5852231,1.4208149,1.401517,11.784086,11.803288,0.20139,0.19833,0.003688,0.017113,0.020802,74.689158,0.752066,732.19035,209.150348
1228,62701.6078,1594737331.0,4.532684,0.32037181,259.703663,18.355953,1.9052592,247.61791,1.4153975,1.233798,-0.027457599,-0.047327397,0.053716,1.4153975,1.233798,1.3432438,1.1709018,11.916247,11.990421,0.1754,0.15195,0.002621,0.047573,0.050194,57.703368,0.328262,489.965711,120.736701
1229,61381.5477,1480684135.37,0.16950202,-0.028419817,9.71175,-1.628336,0.3389259,421.94703,1.5848687,1.5131098,-0.02944358,-0.038909714,0.0893123,1.5848687,1.5131098,1.454926,1.3890506,11.803638,11.857208,0.19828,0.18845,0.003444,0.032519,0.035963,73.868624,0.943112,389.141951,94.217586
1231,61869.8894,1522876859.85,1.3625207,-1.2498731,78.066686,-71.612454,2.4328273,448.60207,1.498698,1.4585871,-0.046473267,0.0093794739,0.0946173,1.498698,1.4585871,1.3691524,1.3325087,11.867289,11.891844,0.18649,0.18113,0.002998,0.049114,0.052112,49.172387,0.759166,419.83617,145.541205
1232,62109.2992,1543561866.82,4.9592471,0.66886768,284.143928,38.323295,0.54824653,553.15076,1.5376073,1.4630307,0.017025098,-0.035047844,0.1151065,1.5376073,1.4630307,1.3788883,1.3120098,11.841125,11.889119,0.19176,0.18172,0.003162,0.060271,0.063433,30.572507,0.85344,494.990979,121.384519
1233,63830.8921,1692307498.22,3.1545071,0.49906865,180.739943,28.594527,2.3052368,188.15058,1.5094981,1.4432358,0.028454888,0.028990724,0.0411829,1.5094981,1.4432358,1.4497915,1.3861501,11.86037,11.901999,0.18795,0.17907,0.003017,0.052672,0.055689,41.219753,0.670172,248.975913,57.054161
1234,64064.2103,1712466185.88,2.2992214,1.207167,131.735682,69.165574,0.64131788,671.09613,1.5611471,1.4984818,0.025830236,0.030531999,0.1376554,1.5611471,1.4984818,1.3722495,1.3171667,11.822382,11.867406,0.195,0.18646,0.003312,0.023955,0.027267,50.613656,0.801308,1006.508797,320.194836
1235,62058.6321,1539184232.4,1.9327632,-0.053886614,110.739174,-3.087476,0.4365874,685.30153,1.5488416,1.4250895,0.007383764,0.0076105012,0.1403335,1.5488416,1.4250895,1.3582357,1.2497129,11.832371,11.910705,0.1933,0.17669,0.003205,0.017731,0.020936,19.384894,0.9062,654.504161,194.0721
1236,64005.4434,1707388729.86,3.8932864,-0.2252453,223.068879,-12.905605,2.3305197,831.77394,1.639472,1.5397024,0.027152233,-0.04218287,0.1675098,1.639472,1.5397024,1.4042469,1.3187919,11.753488,11.83895,0.20599,0.19205,0.003769,0.01746,0.02123,52.340596,0.688721,1074.629503,307.057528
1238,64000.3083,1706945053.46,2.8984332,-1.2050447,166.06799,-69.043975,0.3719996,772.44091,1.5501705,1.5477926,-0.048826868,-0.0011103943,0.1565947,1.5501705,1.5477926,1.3402885,1.3382325,11.83164,11.83289,0.19348,0.19316,0.003379,0.037303,0.040683,73.87067,0.931602,727.8541,208.74483
1239,63676.2783,1678948865.4,2.287185,-0.61119144,131.046047,-35.01869,2.3787381,330.84444,1.5548846,1.4749366,-0.03399273,-0.0072355689,0.0709125,1.5548846,1.4749366,1.4519249,1.3772709,11.82737,11.883143,0.19414,0.18329,0.003255,0.017626,0.020881,26.406459,0.722866,364.576841,71.658559
1241,61513.4329,1492079020.48,4.5367814,0.49797447,259.938427,28.531835,0.72513523,468.15891,1.5460794,1.4475907,-0.046597231,-0.0028296385,0.0984881,1.5460794,1.4475907,1.4074612,1.3178028,11.833749,11.899314,0.19293,0.17965,0.003192,0.03965,0.042842,62.555707,0.74841,477.544164,129.562286
1245,63416.13,1656472046.9,1.9574679,0.37156662,112.154649,21.289199,0.60469033,634.93878,1.6926504,1.5970624,-0.02800972,0.032016808,0.1308031,1.6926504,1.5970624,1.4968569,1.4123258,11.697089,11.79337,0.21369,0.19998,0.004157,0.009431,0.013589,69.473928,0.822678,764.351895,211.012604
1247,64307.5842,1733493695.13,1.8256037,-0.028593723,104.599387,-1.6383,2.7303377,782.05322,1.5184714,1.4362448,0.021303146,0.018358548,0.1583714,1.5184714,1.4362448,1.3108675,1.2398828,11.854429,11.904484,0.18916,0.17816,0.00305,0.032944,0.035994,71.622096,0.91662,705.408431,234.175902
1249,63388.8917,1654118658.78,5.3492571,-1.0487985,306.489855,-60.091728,2.3026835,828.38704,1.6314383,1.419585,-0.011784208,0.003476584,0.16689,1.6314383,1.419585,1.3981081,1.2165543,11.761412,11.913754,0.20484,0.17596,0.003834,0.048978,0.052812,72.608136,0.668275,1199.058598,302.718574
1250,62160.659,1547999353.17,2.4961618,-0.70917324,143.019536,-40.632634,2.8611368,825.56974,1.5375032,1.5328587,-0.0014017576,-0.046002698,0.1663741,1.5375032,1.5328587,1.3181904,1.3142084,11.841227,11.844916,0.19174,0.1911,0.003296,0.018831,0.022127,46.287578,0.960929,887.728924,337.101826
1254,62752.0276,1599093603.59,4.1427515,0.93311196,237.362177,53.463377,2.7496638,470.39337,1.4883603,1.4700871,0.027128218,-0.01921969,0.0989292,1.4883603,1.4700871,1.3543732,1.337745,11.874364,11.885601,0.1851,0.18265,0.002986,0.020105,0.023092,73.638474,0.924174,422.19587,79.010898
1255,63260.0377,1642985671.11,0.63817529,0.14743082,36.564751,8.447164,0.55433483,263.94518,1.4638652,1.3683456,0.015508161,0.018865487,0.0571204,1.4638652,1.3683456,1.3847668,1.2944085,11.888693,11.938315,0.18183,0.16926,0.002767,0.055066,0.057833,60.438612,0.850251,246.050427,48.052568
1256,62786.9964,1602114909.6,6.2208208,0.46842671,356.426777,26.838873,0.32457779,873.99997,1.5808441,1.5032069,-0.0064833189,-0.034483204,0.1752041,1.5808441,1.5032069,1.3451656,1.2791029,11.807404,11.865117,0.19771,0.18709,0.003411,0.034451,0.037862,24.700286,0.947785,1118.294825,314.037181
1257,61419.8353,1483992187.58,3.5148604,-1.041635,201.386666,-59.681289,2.2246591,166.11675,1.4209197,1.2019834,-0.022458629,0.0041793448,0.0364839,1.4209197,1.2019834,1.3709037,1.1596739,11.912844,11.997077,0.17614,0.14795,0.002744,0.054074,0.056817,43.614006,0.608257,221.188335,45.743555
1258,62092.2242,1542086585.1,2.4902275,-0.73062257,142.679526,-41.86159,0.61801833,774.09194,1.4830736,1.4402596,0.011729861,0.044731425,0.1569001,1.4830736,1.4402596,1.2819375,1.24493,11.878152,11.902828,0.18438,0.17869,0.002911,0.03862,0.041531,58.099871,0.815028,623.238708,190.734735
1259,63808.3861,1690362977.64,1.0173126,-0.9443076,58.287718,-54.10484,2.3070993,507.27413,1.5677881,1.4832463,-0.015164063,-0.0083468123,0.1061767,1.5677881,1.4832463,1.4173035,1.3408765,11.817964,11.878025,0.19591,0.1844,0.003326,0.025713,0.029039,29.840419,0.671553,730.157242,220.562309
1261,64014.9632,1708211235.14,4.2093417,0.2733426,241.177514,15.661377,1.8892198,485.22233,1.6952417,1.534305,-0.038499706,0.045497805,0.1018508,1.6952417,1.534305,1.5385402,1.3924798,11.693484,11.843933,0.21409,0.1913,0.004175,0.023699,0.027874,53.436911,0.31307,972.8116,302.37943
1262,61480.5501,1489237947.89,4.6637442,0.28935017,267.212859,16.578544,0.6356586,498.4126,1.4694356,1.4311242,-0.020956317,0.0030203896,0.104441,1.4694356,1.4311242,1.3304791,1.2957906,11.885941,11.908704,0.18257,0.17747,0.00285,0.057549,0.060398,54.996029,0.804681,518.530555,109.155432
1264,64333.3536,1735720171.93,1.8941213,-0.28477696,108.525156,-16.316518,0.43114554,650.4882,1.5445983,1.449734,-0.027503,-0.039671062,0.1337563,1.5445983,1.449734,1.3623724,1.2786999,11.8346,11.897754,0.19274,0.17994,0.003186,0.049096,0.052282,24.761985,0.908488,648.060705,214.279273
1265,62150.8792,1547154377.64,0.17279129,-0.36911241,9.900212,-21.148583,0.43252938,639.78344,1.6406228,1.6332191,0.016225326,-0.044057928,0.1317243,1.6406228,1.6332191,1.4496666,1.4431246,11.75261,11.759581,0.20615,0.20509,0.00397,0.007695,0.011665,48.905119,0.907908,667.476682,192.581901
1266,63318.0981,1648002092.59,2.0602542,0.91337996,118.04387,52.332817,1.0029866,236.93205,1.5183428,1.5030913,-0.0028219946,-0.039957973,0.0514795,1.5183428,1.5030913,1.4440061,1.4295013,11.854494,11.865172,0.18914,0.18707,0.003157,0.042782,0.045939,61.297615,0.537787,352.454843,70.1897
1267,63631.388,1675070342.14,0.61868874,0.51292944,35.448254,29.388692,3.0048781,348.24954,1.4170903,1.3587477,0.042045044,-0.035750846,0.0744609,1.4170903,1.3587477,1.318885,1.2645856,11.915357,11.942542,0.17563,0.16801,0.002575,0.036362,0.038937,44.93374,0.990669,405.793894,141.967193
1268,63841.8118,1693250959.35,5.2811978,-0.48701023,302.590345,-27.903631,2.3162343,684.70177,1.5532544,1.3226139,0.038082026,-0.013582304,0.1402206,1.5532544,1.3226139,1.3622403,1.1599632,11.829156,11.957293,0.19391,0.16334,0.003429,0.021785,0.025214,15.726187,0.678294,1043.79391,308.169367
1270,64310.124,1733713127.95,4.2626117,0.28008393,244.22966,16.047627,2.0806149,421.36306,1.581116,1.3486548,0.046640546,-0.026965987,0.0891956,1.581116,1.3486548,1.4516364,1.2382117,11.807177,11.948205,0.19775,0.16669,0.003593,0.062664,0.066258,15.542308,0.488019,1068.276112,314.399611
1272,62095.2184,1542345289.32,5.2707104,-0.74232876,301.989461,-42.532305,2.3560758,535.00225,1.5516382,1.4824018,0.009123628,-0.0061329122,0.111585,1.5516382,1.4824018,1.395879,1.3335928,11.830635,11.878644,0.19368,0.18429,0.003247,0.02141,0.024658,36.421761,0.707023,539.140672,145.71119
1273,64004.7726,1707330769.86,0.070321476,-0.93547075,4.029124,-53.598526,0.7201249,254.01361,1.4712818,1.4249622,-0.022853809,-0.036475596,0.0550514,1.4712818,1.4249622,1.3945119,1.3506092,11.884977,11.910743,0.18281,0.17667,0.002846,0.065325,0.068171,70.571644,0.751723,263.577024,54.505051
1274,61460.9042,1487540537.6,4.8974639,0.80292527,280.604012,46.004229,1.0251364,823.07656,1.5930768,1.5367623,-0.010051347,-0.017516297,0.1659174,1.5930768,1.5367623,1.3663719,1.3180713,11.797079,11.841924,0.19942,0.19164,0.003518,0.028434,0.031952,28.720607,0.518982,1147.457876,306.671188
1275,63467.6432,1660922788.08,0.10170462,1.4882465,5.827245,85.270243,0.75160637,602.95658,1.5565653,1.4004453,0.046376244,0.014619634,0.1246983,1.5565653,1.4004453,1.3839848,1.2451742,11.82556,11.92399,0.19438,0.17344,0.003271,0.025545,0.028816,53.061821,0.730593,717.14113,244.74955
1276,63596.9221,1672092483.41,0.85274862,-0.92828118,48.858897,-53.186594,2.0443739,524.93783,1.5379704,1.5234343,-0.010006275,0.017835778,0.1096259,1.5379704,1.5234343,1.386026,1.372926,11.840765,11.851302,0.19181,0.18983,0.003272,0.038116,0.041389,28.324552,0.456073,758.880489,249.088653
1277,63372.0313,1652661926.14,2.1777582,-0.76711451,124.776354,-43.952424,1.5695873,368.93471,1.5354018,1.4815765,-0.029112374,0.025430153,0.0786572,1.5354018,1.4815765,1.4234381,1.3735378,11.843092,11.879241,0.19145,0.18418,0.003176,0.056189,0.059365,34.300199,0.001209,822.442438,322.785447
1279,61883.1016,1524018394.21,4.7572149,-0.35797457,272.568336,-20.510432,0.52190252,452.13672,1.6042811,1.4527899,0.039888399,-0.016072897,0.0953183,1.6042811,1.4527899,1.4646712,1.3263632,11.786385,11.895729,0.201,0.18035,0.003547,0.046771,0.050318,65.882525,0.866872,400.584462,102.343288
1280,64055.651,1711726665.66,3.9351181,1.2343011,225.465659,70.720244,0.87330881,861.79649,1.7463386,1.6962137,0.048563167,-0.042077198,0.1729865,1.7463386,1.6962137,1.4887968,1.4460641,11.629178,11.692339,0.22176,0.21423,0.004694,0.000342,0.005036,58.731687,0.642294,1081.311648,322.67645
1282,61591.0046,1498781217.32,3.4863898,1.4186559,199.755421,81.282996,2.5950137,730.96314,1.6079386,1.5396348,0.016620554,-0.023054873,0.1488896,1.6079386,1.5396348,1.3995588,1.3401068,11.783475,11.839022,0.20151,0.19204,0.003594,0.033838,0.037433,20.723957,0.854308,800.634718,238.082651
1283,61187.7218,1463937578.96,4.0175053,-0.76308611,230.186098,-43.721614,2.843962,842.06701,1.7490643,1.6872291,0.039282256,-0.016601059,0.1693909,1.7490643,1.6872291,1.4957054,1.4428273,11.624867,11.702753,0.22219,0.21291,0.004686,0.000308,0.004994,40.722121,0.956034,644.833577,227.617323
1284,63511.1275,1664679831.16,4.7120898,-0.42917229,269.982858,-24.589761,1.1871196,221.84631,1.503991,1.3078174,-0.015713829,0.047147869,0.0483106,1.503991,1.3078174,1.4346807,1.2475476,11.864729,11.962782,0.18719,0.16144,0.003063,0.061592,0.064655,16.750186,0.374332,534.921028,240.857271
1285,62664.165,1591502274.29,1.4634314,0.97404623,83.848443,55.808738,0.35073111,689.50151,1.5800429,1.4469109,0.02207388,0.04614428,0.1411238,1.5800429,1.4469109,1.3846376,1.2679701,11.808033,11.89981,0.1976,0.17956,0.003387,0.026812,0.030199,43.853409,0.939122,574.134193,169.825231
1286,63971.8431,1704485659.24,3.3184769,-0.96171743,190.134721,-55.10235,2.5642124,793.14256,1.5334559,1.3479569,-0.040523737,0.016190594,0.160417,1.5334559,1.3479569,1.3214697,1.1616142,11.844527,11.948527,0.19119,0.1666,0.003191,0.042103,0.045294,54.746041,0.837895,922.476225,280.586324
1287,62341.89,1563657713.46,5.0259267,0.26048901,287.964388,14.924921,2.2711561,551.60371,1.5048142,1.423515,0.043236336,0.027091795,0.1148069,1.5048142,1.423515,1.3498429,1.2769162,11.86428,11.911308,0.1873,0.17648,0.002978,0.027807,0.030786,22.110157,0.644493,580.611715,138.457629
1288,61588.9751,1498605863.16,4.2946386,0.8774106,246.064666,50.271924,2.5512189,487.95525,1.6008162,1.4983541,0.025547856,-0.022174539,0.1023881,1.6008162,1.4983541,1.4521349,1.3591893,11.789816,11.867476,0.20051,0.18645,0.003515,0.05291,0.056425,32.333096,0.830733,519.565552,121.707396
1289,63927.5477,1700658537.0,2.0776007,0.24011247,119.037752,13.757431,2.412137,690.038,1.4941646,1.4030166,0.025354696,-0.019506525,0.1412247,1.4941646,1.4030166,1.3092642,1.2293956,11.870128,11.92195,0.18588,0.17379,0.002918,0.064986,0.067904,38.870198,0.745537,956.688777,306.936017
1290,62921.1837,1613708690.61,2.4265603,-0.46853618,139.031664,-26.845146,2.7896455,368.38242,1.484536,1.4045963,-0.0022100133,-0.00040053619,0.0785455,1.484536,1.4045963,1.3764241,1.302306,11.877079,11.920836,0.18458,0.174,0.002876,0.019023,0.021899,70.171861,0.938703,319.057361,64.690142
1293,61662.1853,1504931225.62,5.342661,-0.22428247,306.111927,-12.850439,0.14570006,384.90729,1.4556176,1.2956002,-0.039962967,-0.045744873,0.0818825,1.4556176,1.2956002,1.3454489,1.1975425,11.893889,11.967196,0.18073,0.15987,0.002763,0.054564,0.057326,74.595301,0.989405,344.011868,79.899121
1294,63521.344,1665562539.17,4.2117151,0.12859316,241.3135,7.367845,0.89042201,298.32222,1.6377075,1.2955878,-0.00084390412,-0.03669687,0.0642386,1.6377075,1.2955878,1.5388537,1.2173847,11.754891,11.9672,0.20574,0.15987,0.004679,0.06294,0.067618,17.694678,0.629084,342.620576,69.373323
1296,62788.8977,1602279182.28,2.4162576,-0.58718685,138.441363,-33.643328,2.6655568,602.82421,1.4329642,1.4082848,-0.014817727,-0.033807129,0.1246729,1.4329642,1.4082848,1.2741164,1.2521728,11.907257,11.919011,0.17772,0.17448,0.002696,0.026604,0.0293,60.660475,0.888819,785.340755,242.565547
1297,63115.0954,1630462663.83,2.9242038,0.074783984,167.544536,4.284807,2.0707603,731.20805,1.6431449,1.5533699,-0.0093769463,0.02034421,0.1489353,1.6431449,1.5533699,1.4301457,1.3520081,11.750258,11.829036,0.2065,0.19392,0.003803,0.023813,0.027616,37.303444,0.479394,1022.605978,315.964245
1298,62613.1442,1587094075.47,5.5264396,0.25411813,316.641665,14.559896,0.85068886,217.72693,1.4160526,1.3823693,0.044451603,-0.023102986,0.047443,1.4160526,1.3823693,1.3519138,1.3197561,11.915921,11.931668,0.17549,0.17109,0.002603,0.065192,0.067794,38.547491,0.659465,243.357783,47.714056
1299,63900.4814,1698320014.71,1.3344758,-1.0782093,76.459831,-61.776842,0.86448784,853.71018,1.7315061,1.5720134,0.048200638,-0.0096091511,0.1715144,1.7315061,1.5720134,1.4780067,1.3418643,11.648861,11.814128,0.2195,0.1965,0.004457,0.002974,0.007431,60.255898,0.64903,1210.209248,342.077768
1300,63903.4695,1698578183.22,3.8016911,0.056657382,217.820855,3.246229,2.2477681,729.57742,1.5768138,1.5199593,-0.036299991,-0.042209256,0.1486311,1.5768138,1.5199593,1.3727765,1.3232789,11.810169,11.853633,0.19716,0.18936,0.003415,0.041543,0.044958,70.105586,0.626435,820.294699,237.8511
1301,63482.8609,1662237597.72,6.029152,-0.81316289,345.444964,-46.590802,0.77230155,180.69253,1.2703845,1.2539023,0.043165549,-0.019254835,0.0395958,1.2703845,1.2539023,1.2219985,1.206144,11.975974,11.981533,0.15665,0.15454,0.002047,0.033444,0.035492,72.055716,0.716307,263.075157,85.895185
1302,61368.9048,1479591794.52,4.7047416,-0.3784986,269.561837,-21.686372,0.37778026,800.98263,1.6815033,1.443598,0.04838678,-0.036338783,0.1618607,1.6815033,1.443598,1.4472504,1.242488,11.709688,11.901843,0.21206,0.17912,0.004267,0.046638,0.050905,49.627355,0.929486,699.264344,180.020697
1303,63935.9885,1701387825.84,3.1591036,-0.9128145,181.003303,-52.300418,1.1151692,583.62246,1.6364019,1.5485796,-0.018655724,0.037456897,0.1209873,1.6364019,1.5485796,1.4597863,1.3814426,11.756146,11.832503,0.20555,0.19327,0.003759,0.036999,0.040759,36.42727,0.440026,1160.707864,313.840674
1304,63348.5454,1650632743.31,5.3969187,-0.33785939,309.220664,-19.357917,1.0305383,756.95929,1.5023114,1.4345583,-0.03699377,-0.028347863,0.1537261,1.5023114,1.4345583,1.3021387,1.2434133,11.865532,11.905845,0.18697,0.17793,0.002978,0.063761,0.066738,62.252945,0.514357,1164.984457,290.140483
1305,63439.5846,1658498525.8,5.8211829,-0.4916176,333.529212,-28.167614,1.4125527,380.94226,1.6130176,1.5473184,0.0042556423,-0.041914579,0.0810831,1.6130176,1.5473184,1.4920386,1.4312669,11.779045,11.833122,0.20222,0.1931,0.003632,0.026047,0.029679,30.060083,0.157584,519.668991,167.888735
1306,62270.4399,1557484428.94,5.659035,-0.63284583,324.238822,-36.259395,1.9599304,345.62329,1.4959351,1.4079751,-0.019337518,-0.0087854703,0.0739265,1.4959351,1.4079751,1.3929586,1.3110535,11.868919,11.919135,0.18612,0.17444,0.002929,0.060645,0.063574,48.844442,0.379387,506.717448,159.945112
1307,64077.4784,1713612555.78,4.1872002,-1.1278226,239.908899,-64.619475,2.2821423,586.52321,1.612721,1.4951817,-0.018736112,0.028711713,0.1215451,1.612721,1.4951817,1.4379458,1.3331446,11.779352,11.869419,0.20218,0.18602,0.003586,0.046063,0.049649,36.514708,0.652854,702.794425,195.837653
1308,63538.8006,1667070789.91,5.497646,0.79474122,314.991913,45.535318,2.1355226,295.82122,1.3026555,1.2551416,-0.02057424,-0.020360594,0.063723,1.3026555,1.2551416,1.2246191,1.1799516,11.96466,11.981061,0.16078,0.1547,0.002125,0.034581,0.036706,54.397864,0.535185,298.294831,105.724406
1310,61394.0666,1481765775.08,5.0423761,0.54401834,288.906869,31.169955,2.6936558,525.03022,1.5201021,1.3984759,0.00059039677,0.026408052,0.1096439,1.5201021,1.3984759,1.3699008,1.2602925,11.853552,11.925429,0.18938,0.17317,0.003048,0.058571,0.061619,29.423935,0.901343,573.234589,160.444257
1311,62427.2231,1571030495.6,4.04195,0.63524156,231.586676,36.39666,1.135038,522.78437,1.5343743,1.3223472,0.0075741905,-0.0014396172,0.1092061,1.5343743,1.3223472,1.3833085,1.1921564,11.843883,11.957392,0.19131,0.16331,0.003264,0.019096,0.02236,26.495577,0.422098,880.462613,255.898234
1312,64102.3313,1715759839.46,3.7852756,-0.40228408,216.880316,-23.04918,1.9198308,324.48548,1.4155223,1.3893646,0.0003974737,0.020419584,0.0696121,1.4155223,1.3893646,1.3233978,1.2989425,11.916186,11.928366,0.17542,0.172,0.002613,0.048476,0.051089,70.094345,0.341991,733.107433,273.147788
1317,61165.1885,1461990700.59,3.6602547,-0.27358565,209.717146,-15.675303,1.2251079,228.31804,1.3067292,1.3025746,-0.031221137,0.043135115,0.0496717,1.3067292,1.3025746,1.2448932,1.2409352,11.963179,11.964689,0.1613,0.16077,0.0022,0.029826,0.032025,21.108221,0.338844,825.571629,268.893146
1318,64364.9582,1738450803.78,1.7880887,-0.22896452,102.449936,-13.118701,0.61686645,423.97793,1.549691,1.368036,0.010461088,0.046414252,0.0897177,1.549691,1.368036,1.4221032,1.2554041,11.831918,11.938432,0.19342,0.16922,0.003272,0.022884,0.026156,45.357474,0.815695,928.737245,373.498954
1319,63377.069,1653097178.66,4.6801318,-0.80224788,268.1518,-45.965418,0.78702843,549.9977,1.5832099,1.4525733,-0.030759545,0.040279651,0.1144957,1.5832099,1.4525733,1.4205616,1.3033458,11.805266,11.895868,0.19804,0.18032,0.003405,0.018637,0.022042,28.251167,0.705953,994.109248,337.89029
1320,63209.8159,1638646513.64,0.057956152,0.023576195,3.320643,1.350816,0.93939582,213.13685,1.4395472,1.3171949,-0.044102768,-0.025340386,0.0464749,1.4395472,1.3171949,1.3756155,1.258697,11.903,11.959319,0.1786,0.16265,0.002656,0.054045,0.056701,17.335798,0.590276,361.037791,108.560825
1321,61946.9574,1529535537.16,0.066102331,1.2356086,3.787385,70.795158,0.36129473,761.45956,1.5013746,1.3285351,0.0075518783,0.016379015,0.1545608,1.5013746,1.3285351,1.3003859,1.1506844,11.86596,11.955097,0.18685,0.1641,0.003002,0.034939,0.037941,17.161129,0.93544,751.92158,210.733484
1322,61870.7713,1522953054.91,2.4891329,-1.2204648,142.61681,-69.927482,2.4844193,282.94486,1.4560399,1.3235661,-0.027838363,-0.028212499,0.0610627,1.4560399,1.3235661,1.3722467,1.2473966,11.893603,11.956941,0.18078,0.16347,0.002737,0.055387,0.058124,25.513306,0.791722,313.712146,58.873324
1323,64297.2038,1732596823.57,5.8324049,-0.80398887,334.172185,-46.065169,2.4310308,894.83321,1.6551327,1.5256264,-0.017254457,-0.021416158,0.1789784,1.6551327,1.5256264,1.4038703,1.2940241,11.738349,11.849534,0.20822,0.19013,0.003868,0.011585,0.015453,67.006221,0.757996,857.773967,308.293842
1324,62043.9536,1537916008.16,4.3884165,0.53001414,251.437744,30.367573,2.4222551,140.40002,1.3501558,1.3419088,0.00016225969,-0.048471785,0.0309603,1.3501558,1.3419088,1.3096099,1.3016106,11.947439,11.950316,0.16688,0.16582,0.002362,0.034225,0.036587,31.948725,0.752242,225.629549,43.551682
1325,63714.2685,1682231219.73,4.7208584,-0.12067845,270.485262,-6.914366,1.0065954,282.37479,1.5138165,1.422538,0.018771412,0.0073296064,0.0609448,1.5138165,1.422538,1.426857,1.3408219,11.856761,11.911826,0.18854,0.17635,0.00302,0.043573,0.046593,72.02755,0.534741,353.456064,75.97605
1327,62375.9263,1566598449.78,4.3542644,0.5217914,249.480973,29.896445,1.9415444,403.85749,1.4165466,1.3628109,-0.028311648,0.0063725503,0.0856922,1.4165466,1.3628109,1.3047405,1.2552461,11.91566,11.940554,0.17556,0.16854,0.002578,0.058842,0.06142,49.897338,0.362313,646.267697,228.367297
1328,61487.3892,1489828849.01,2.2232355,-0.80766082,127.382011,-46.275556,2.0736675,588.86597,1.5595032,1.4469318,0.02247388,0.010150854,0.1219953,1.5595032,1.4469318,1.3899374,1.289606,11.823293,11.899795,0.19478,0.17956,0.003264,0.03075,0.034014,41.196851,0.481943,869.816923,277.447526
1329,61037.5035,1450958724.02,1.0128297,0.32830148,58.030867,18.810289,0.15127735,631.84599,1.5685415,1.4946589,-0.017264101,-0.0004594296,0.1302146,1.5685415,1.4946589,1.3878263,1.3224559,11.81732,11.869779,0.19601,0.18595,0.003341,0.041634,0.044976,49.80533,0.988579,904.240432,316.909418
1330,62904.9007,1612301836.71,2.816549,0.074264225,161.37637,4.255027,2.794384,951.9364,1.5038656,1.4949836,0.01400213,0.0057238933,0.1892518,1.5038656,1.4949836,1.2645477,1.2570791,11.864793,11.869554,0.18718,0.186,0.003093,0.057966,0.061059,46.001903,0.940326,1077.39868,297.362733
1331,64415.2259,1742793932.73,2.330706,0.17143314,133.539617,9.822395,1.9985132,422.7429,1.5716205,1.5189268,-0.0080873278,-0.0038028161,0.0894712,1.5716205,1.5189268,1.4425536,1.3941873,11.814498,11.854195,0.19644,0.18922,0.003391,0.038855,0.042246,60.526575,0.414794,579.149657,170.025134
1333,62291.9767,1559345203.01,3.7936773,0.60472673,217.361698,34.648289,2.4218413,626.25952,1.3325537,1.2873807,-0.049257655,0.039853425,0.1291505,1.3325537,1.2873807,1.1801382,1.1401321,11.953488,11.970104,0.16462,0.15882,0.002239,0.029973,0.032212,31.949764,0.75197,720.853084,200.301835
1334,62250.1732,1555733379.8,3.1394857,0.096997379,179.87928,5.55754,0.66498489,390.22495,1.5880519,1.3484708,0.001072446,-0.02410474,0.0829534,1.5880519,1.3484708,1.4664084,1.245179,11.800654,11.948293,0.19873,0.16666,0.003663,0.017857,0.021519,36.183023,0.786926,399.883536,94.756769
1335,62204.3207,1551771723.24,1.4299501,0.71630859,81.930106,41.041459,2.7616964,700.089,1.7559627,1.6459953,0.0092326099,0.022476268,0.143113,1.7559627,1.6459953,1.5361234,1.4399235,11.615351,11.746884,0.22325,0.20692,0.004664,0.000627,0.005291,68.645658,0.928703,793.501962,193.77523
1338,62821.9034,1605130874.4,5.328153,1.0793294,305.280679,61.841019,2.0909777,779.13872,1.5767667,1.5614517,0.040197992,0.037093036,0.157833,1.5767667,1.5614517,1.3618256,1.3485983,11.810199,11.822219,0.19716,0.19504,0.003508,0.01255,0.016058,71.787391,0.497038,1348.436719,290.481462
1340,62542.3271,1580975478.75,1.983757,0.25842326,113.660904,14.806562,0.23643175,784.29768,1.6290078,1.3794436,-0.0013961989,-0.030161705,0.1587858,1.6290078,1.3794436,1.4057886,1.1904216,11.763966,11.93336,0.20449,0.1707,0.00396,0.056838,0.060797,68.553494,0.97218,873.074344,282.037097
1341,64079.7012,1713804601.12,0.2809134,0.65933293,16.095152,37.776994,1.5054093,553.5533,1.5147788,1.4834129,-0.044820795,-0.022639311,0.1151845,1.5147788,1.4834129,1.3583213,1.3301951,11.856223,11.877902,0.18867,0.18443,0.003101,0.04102,0.044122,40.16688,0.06534,915.075302,276.930786
1343,62769.3228,1600587905.42,4.6862434,0.75809344,268.501969,43.435555,2.3202166,393.30865,1.5899534,1.5022308,0.0093705426,0.040535745,0.0835737,1.5899534,1.5022308,1.4673237,1.386367,11.799221,11.865569,0.19899,0.18696,0.003457,0.051878,0.055335,61.82193,0.681214,443.03353,110.971165
1344,62777.1524,1601264388.27,2.3910834,-0.13563732,136.998987,-7.771446,0.76493492,421.78619,1.3982588,1.2307854,-0.020236677,-0.018322365,0.0892801,1.3982588,1.2307854,1.283654,1.1299071,11.925567,11.99426,0.17314,0.15153,0.002522,0.059904,0.062426,43.580144,0.721427,643.961319,190.877695
1345,61484.3006,1489561988.24,0.53018324,0.044878929,30.377262,2.571373,2.9719018,298.77558,1.4735006,1.3791402,0.048284316,-0.021813048,0.064332,1.4735006,1.3791402,1.3844369,1.29578,11.883846,11.933533,0.1831,0.17066,0.002813,0.068721,0.071534,44.852391,0.985637,223.225884,50.955344
1348,64439.5884,1744898855.17,5.0108641,-0.56599218,287.101365,-32.428963,2.2865669,621.94359,1.6435858,1.4779164,-0.036778279,0.033663433,0.1283276,1.6435858,1.4779164,1.4566566,1.3098292,11.749775,11.881608,0.20657,0.18369,0.003815,0.025668,0.029483,27.280807,0.656199,789.871491,206.070365
1350,61874.9051,1523310220.2,4.7169978,1.0942655,270.264066,62.696795,2.7788803,956.01557,1.6561665,1.4833014,-0.033580454,0.023229375,0.1899817,1.6561665,1.4833014,1.3917579,1.2464909,11.736854,11.877984,0.20838,0.18441,0.003911,0.038763,0.042674,50.467818,0.934938,872.061204,247.735025
1351,61256.7742,1469903712.0,5.9842389,-0.17653265,342.871633,-10.114576,0.72402593,565.29369,1.5300461,1.4341458,-0.019921659,-0.025577688,0.1174547,1.5300461,1.4341458,1.3692242,1.2834039,11.846537,11.90621,0.19073,0.17788,0.003104,0.036039,0.039144,26.168154,0.749145,583.880146,151.263687
1352,63321.0119,1648253843.69,3.2132178,-0.29334101,184.103819,-16.807202,2.5304514,451.97941,1.5072256,1.4073109,0.020607394,-0.018869021,0.0952871,1.5072256,1.4073109,1.3761009,1.2848786,11.862555,11.919412,0.18763,0.17436,0.002982,0.041061,0.044043,34.893882,0.818994,568.836976,161.011524
1353,63083.7823,1627757208.34,3.3468204,0.27497587,191.758684,15.754957,2.3101974,525.27181,1.4975144,1.4327097,0.039305543,-0.049334811,0.109691,1.4975144,1.4327097,1.3494877,1.2910889,11.867951,11.907476,0.18634,0.17768,0.002956,0.048132,0.051088,66.301812,0.673846,771.275453,264.790411
1354,62453.0098,1573258463.77,1.2228853,-0.25177538,70.066167,-14.425667,1.3222588,521.78586,1.3593259,1.2813419,-0.0032300912,-0.028268541,0.1090114,1.3593259,1.2813419,1.2257095,1.1553911,11.942239,11.972207,0.16809,0.15805,0.002319,0.063841,0.06616,27.424549,0.245987,974.381717,275.962384
1355,62477.6728,1575389349.53,0.37575644,0.46812274,21.529258,26.821457,1.9012903,420.20194,1.7233995,1.4628145,0.017425281,-0.0010765179,0.0889637,1.7233995,1.4628145,1.5826051,1.3433087,11.659768,11.889233,0.21827,0.18169,0.004688,0.0371,0.041787,19.269497,0.32451,892.956847,297.161896
1357,63747.7237,1685121747.72,2.7903446,-0.087361801,159.874969,-5.005462,2.3059291,986.58237,1.5623329,1.5068136,-0.03439269,-0.018345476,0.195435,1.5623329,1.5068136,1.3069158,1.260473,11.821736,11.862904,0.19516,0.18757,0.00333,0.047268,0.050598,19.140456,0.670686,1238.430092,314.527829
1359,61684.9942,1506901920.37,3.1343125,1.0327248,179.582878,59.170772,2.4511384,419.4696,1.3614781,1.3444284,-0.012453509,0.0065085953,0.0888174,1.3614781,1.3444284,1.2504191,1.2347602,11.941167,11.949732,0.16837,0.16614,0.002393,0.039597,0.04199,71.447071,0.770957,591.502717,236.381654
1360,63870.8866,1695763021.65,4.8016618,-0.86043849,275.114956,-49.299494,1.2006524,500.69783,1.5965975,1.4042566,0.031684852,-0.048032496,0.1048889,1.5965975,1.4042566,1.4450299,1.2709482,11.793828,11.921057,0.19991,0.17395,0.003565,0.035803,0.039368,45.415226,0.36175,679.54725,219.418703
1362,63270.6149,1643899545.24,2.6359831,-0.022070046,151.030706,-1.26452,0.6415623,600.02298,1.400304,1.3698208,0.046876699,-0.033525876,0.1241362,1.400304,1.3698208,1.2456711,1.2185541,11.924101,11.937761,0.17342,0.16945,0.002537,0.056126,0.058663,39.564724,0.801162,586.064377,192.349806
1363,62466.3942,1574414877.59,3.408804,0.50509952,195.310082,28.940071,2.6640001,776.68511,1.4278545,1.3657478,0.025222502,0.0010226578,0.1573796,1.4278545,1.3657478,1.233696,1.1800345,11.910058,11.939319,0.17704,0.16892,0.00262,0.029888,0.032508,63.652715,0.888104,734.354524,214.997027
1364,62603.1002,1586226271.65,2.5875838,0.80085597,148.257631,45.885667,2.2046716,649.32619,1.6397083,1.5548263,-0.042995355,0.01097267,0.1335359,1.6397083,1.5548263,1.4465429,1.3716604,11.753311,11.827435,0.20602,0.19413,0.003785,0.011876,0.015662,65.149556,0.592272,1079.052175,310.050848
1366,61898.2652,1525328533.45,2.813963,0.42151965,161.228204,24.151297,2.2128379,497.11791,1.6210074,1.413966,-0.013267093,0.026633668,0.1041871,1.6210074,1.413966,1.468055,1.2805493,11.770959,11.91689,0.20336,0.17522,0.003753,0.031287,0.03504,34.931462,0.598832,1126.628618,338.3555
1367,63632.4002,1675157792.21,1.3334048,-0.1915674,76.398467,-10.976004,1.889907,450.62117,1.5662776,1.4736179,-0.011260918,-0.0028895922,0.0950178,1.5662776,1.4736179,1.4303672,1.3457479,11.81917,11.883789,0.1957,0.18312,0.003311,0.028018,0.031329,56.617083,0.313722,671.614505,194.21275
1368,62795.0616,1602811740.07,0.47994883,-0.72243172,27.499042,-41.392289,0.6090744,816.11782,1.7108025,1.5193205,0.03962987,-0.045870664,0.1646415,1.7108025,1.5193205,1.468952,1.3045392,11.674978,11.853986,0.21639,0.18927,0.004342,0.012883,0.017224,61.267369,0.820178,726.068053,218.36149
1369,62122.9909,1544744831.73,5.7733156,0.53267487,330.786618,30.520022,0.84915615,244.30399,1.4720678,1.4206085,0.049569904,0.024029518,0.0530231,1.4720678,1.4206085,1.3979444,1.3490762,11.88457,11.913054,0.18291,0.1761,0.002843,0.028894,0.031737,54.279041,0.660617,918.999624,330.649197
1370,63086.1754,1627963973.01,2.5642292,0.51153867,146.919511,29.309007,1.4439562,306.34137,1.3825421,1.3796839,0.022939026,-0.031907247,0.0658896,1.3825421,1.3796839,1.2970782,1.2943966,11.93157,11.933221,0.17111,0.17074,0.002511,0.019694,0.022205,24.095704,0.1265,863.501962,333.390381
1371,64485.0706,1748828516.3,5.3636249,1.3113703,307.31307,75.135984,2.3466534,409.9177,1.3419832,1.2995911,-0.008998587,-0.044894753,0.0869068,1.3419832,1.2995911,1.2346811,1.1956785,11.950299,11.965766,0.16583,0.16039,0.002278,0.018575,0.020854,67.552985,0.700328,398.037279,97.121718
1373,62523.418,1579341731.37,3.3769034,-1.3955058,193.482313,-79.956593,1.9962634,567.34375,1.6292698,1.4803738,0.0049559435,-0.01946587,0.1178506,1.6292698,1.4803738,1.4575023,1.3243038,11.763683,11.880081,0.20453,0.18401,0.003703,0.051404,0.055107,47.345673,0.412746,959.011779,320.221807
1374,64222.4199,1726135497.6,1.0617023,0.29562908,60.831061,16.938299,0.58816327,982.4027,1.7343681,1.6811228,0.031753097,-0.025821934,0.194691,1.7343681,1.6811228,1.4517294,1.4071611,11.644636,11.71012,0.21995,0.212,0.004579,0.000228,0.004807,31.948346,0.831961,1050.294392,343.09536
1375,62207.5589,1552051510.39,5.0281443,1.3771897,288.091447,78.907157,0.36654385,845.21256,1.7029699,1.6876211,-0.020865063,-0.033290451,0.169965,1.7029699,1.6876211,1.4555733,1.4424543,11.684738,11.702531,0.21522,0.21296,0.004433,0.000588,0.00502,40.513691,0.933572,811.73096,233.370435
1376,61191.5645,1464269588.57,4.2073835,-1.2545555,241.065317,-71.880735,1.2614374,254.66515,1.4399856,1.4364362,-0.031959279,0.028876254,0.0551873,1.4399856,1.4364362,1.364673,1.3613092,11.902892,11.90435,0.17865,0.17819,0.002774,0.051925,0.054699,17.254265,0.304448,617.83844,201.682718
1377,61714.8474,1509481230.97,5.0963459,0.78409028,291.999111,44.925064,0.78188849,378.35235,1.4947305,1.1765385,-0.022104298,0.039053705,0.0805605,1.4947305,1.1765385,1.3832919,1.0888225,11.869729,12.003185,0.18596,0.14475,0.003631,0.029137,0.032767,22.672008,0.709584,659.921153,317.835934
1378,62465.433,1574331829.34,6.1046874,1.0375969,349.772823,59.449923,2.7466025,113.03833,1.412403,1.2453043,-0.021024345,-0.042594124,0.0250355,1.412403,1.2453043,1.3779065,1.214889,11.917512,11.984116,0.17501,0.15345,0.002583,0.06783,0.070413,60.932805,0.923,106.088785,23.14746
1379,61768.7223,1514136020.41,3.4155722,-0.044877988,195.697872,-2.571319,2.3860588,290.56503,1.3715601,1.2800721,0.026967175,0.027742973,0.0626382,1.3715601,1.2800721,1.2907122,1.2046171,11.937103,11.972645,0.16967,0.15789,0.002363,0.059197,0.06156,15.000698,0.727906,313.222487,59.350953
1380,61000.7946,1447787074.36,1.4460122,0.23424956,82.850396,13.421511,0.96469414,372.72918,1.5815027,1.4861009,-0.036721101,0.048668624,0.0794246,1.5815027,1.4861009,1.4651349,1.3767528,11.806844,11.875958,0.1978,0.18479,0.0034,0.018194,0.021594,39.99395,0.569668,1011.563927,349.725437
1382,64202.5054,1724414883.01,0.18611533,-0.74111466,10.663623,-42.462742,2.6276694,878.56908,1.6160443,1.5741023,0.047245404,0.0070796235,0.1760331,1.6160443,1.5741023,1.3741487,1.3384847,11.776013,11.812223,0.20265,0.19679,0.003698,0.020653,0.02435,46.350611,0.870823,1096.957921,314.893214
1383,63953.5779,1702907551.96,1.4339812,-0.83077098,82.161071,-47.599671,0.90199441,607.59741,1.4863904,1.366546,0.0015218085,-0.034762453,0.1255867,1.4863904,1.366546,1.3205472,1.2140744,11.875753,11.939004,0.18483,0.16903,0.002876,0.062582,0.065458,18.278065,0.620046,738.529584,192.73726
1388,63598.0228,1672187588.8,0.89007808,-0.13675956,50.997717,-7.835746,2.7514437,564.51583,1.5371526,1.4235343,0.034875216,0.016775709,0.1173045,1.5371526,1.4235343,1.3757687,1.2740791,11.841562,11.911299,0.19169,0.17649,0.003139,0.062807,0.065946,73.38469,0.924852,546.639916,155.211156
1389,61587.3511,1498465551.72,2.6299233,0.61142618,150.683506,35.03214,2.814928,898.073,1.549844,1.5414073,-0.017867696,0.039131328,0.1795641,1.549844,1.5414073,1.3139125,1.3067601,11.831831,11.837179,0.19344,0.1923,0.00336,0.032722,0.036082,28.56752,0.947118,663.548462,151.640407
1391,61421.2725,1484116363.45,4.7568274,-0.22384137,272.546134,-12.825166,2.48444,440.39921,1.4551778,1.2903409,-0.01305733,0.026064724,0.0929884,1.4551778,1.2903409,1.3313753,1.1805623,11.894183,11.969062,0.18067,0.1592,0.002768,0.049752,0.052519,33.251923,0.791735,671.892877,243.487185
1393,61236.6166,1468162094.24,5.3108542,0.11007402,304.289531,6.306777,2.5350465,954.31501,1.6264261,1.4459903,0.039259723,-0.014043749,0.1896775,1.6264261,1.4459903,1.3671151,1.2154473,11.766623,11.900456,0.20412,0.17943,0.003726,0.021329,0.025054,33.236551,0.821622,1154.623378,344.206987
1394,63534.1022,1666664844.68,5.6755489,0.82072816,325.184998,47.02426,2.0057942,436.79314,1.5830357,1.5804559,0.04066734,-0.042684446,0.0922713,1.5830357,1.5804559,1.4493064,1.4469445,11.805433,11.807716,0.19802,0.19766,0.003586,0.042091,0.045677,28.825,0.421408,609.386447,157.580018
1395,64250.8279,1728589945.31,4.3608062,0.87500585,249.855791,50.134142,0.27774659,529.35669,1.5639807,1.1761074,0.046641767,0.015243459,0.1104866,1.5639807,1.1761074,1.4083742,1.0590919,11.820755,12.003321,0.19538,0.14469,0.004789,0.029706,0.034495,15.088429,0.961676,519.029112,149.647847
1396,62506.8754,1577912450.24,3.5807624,0.45205336,205.162573,25.90075,0.54849883,687.91376,1.5269618,1.5009339,0.00064833845,0.017545148,0.1408251,1.5269618,1.5009339,1.3384714,1.3156564,11.848494,11.866165,0.19031,0.18679,0.003181,0.058611,0.061792,58.760688,0.853308,827.543463,331.412047
1397,61416.9924,1483746557.21,4.4359306,0.68718234,254.160102,39.372648,1.5109806,467.0405,1.6293432,1.5487019,-0.044936046,-0.040709754,0.0982673,1.6293432,1.5487019,1.483558,1.4101321,11.763604,11.832442,0.20454,0.19328,0.003719,0.028996,0.032716,73.01073,0.05978,757.588433,239.355581
1398,62793.3749,1602666006.99,5.3783432,0.61783138,308.156366,35.399131,2.3426265,729.88531,1.5305447,1.4511649,-0.015029522,0.034300513,0.1486886,1.5305447,1.4511649,1.3324279,1.2633232,11.846259,11.896783,0.19079,0.18013,0.003118,0.045476,0.048594,28.457609,0.697448,893.295602,253.390975
1399,62220.9117,1553205186.82,5.8720452,0.41991052,336.443407,24.059101,2.4871615,554.47927,1.5911065,1.4886318,-0.036258077,-0.031612445,0.1153637,1.5911065,1.4886318,1.426536,1.3346604,11.798459,11.874172,0.19915,0.18513,0.003455,0.035507,0.038961,54.782832,0.793394,631.897944,173.970918
1402,62311.8872,1561065475.12,5.9082986,-0.48634503,338.520574,-27.865518,0.37242282,947.84191,1.7138256,1.7103552,-0.0086988583,-0.0460657,0.1885186,1.7138256,1.7103552,1.4419847,1.4390647,11.671782,11.675408,0.21684,0.21633,0.004573,0.000169,0.004743,59.51378,0.931448,915.253163,290.468363
1403,63174.6572,1635608798.74,4.4156373,-0.045043072,252.997381,-2.580778,2.3747299,172.59473,1.4106542,1.3405642,0.0080740383,-0.030987272,0.0378686,1.4106542,1.3405642,1.3591838,1.2916511,11.918147,11.950623,0.17479,0.16565,0.002537,0.026778,0.029315,65.905523,0.720091,211.250044,67.242414
1404,63515.5134,1665058775.45,0.84971585,0.79774508,48.685132,45.707426,0.24545154,964.34364,1.6551655,1.4098889,0.020067529,0.042065271,0.1914704,1.6551655,1.4098889,1.3891789,1.1833185,11.738299,11.918417,0.20823,0.17469,0.004114,0.023954,0.028068,40.357752,0.970028,852.297831,241.380681
1406,61387.1126,1481164946.3,4.0796433,0.1515326,233.746343,8.682178,2.43503,643.78406,1.5669448,1.5006626,0.022537106,0.025684617,0.1324842,1.5669448,1.5006626,1.383635,1.3251069,11.818653,11.866294,0.19579,0.18675,0.003341,0.02237,0.025712,33.175854,0.760598,723.420942,203.041599
1407,61124.5658,1458480903.8,2.1779082,-1.010426,124.784948,-57.893145,0.56901158,567.15047,1.6528421,1.393013,0.020639254,-0.00070784978,0.1178133,1.6528421,1.393013,1.4786388,1.2461947,11.741588,11.927462,0.20788,0.17247,0.004166,0.049783,0.053949,34.517708,0.842434,781.293726,306.673465
1408,64480.1561,1748403901.53,4.0018292,-0.58944509,229.287923,-33.772716,0.30841425,554.07215,1.4604997,1.3761469,-0.013976689,0.0038200302,0.1152849,1.4604997,1.3761469,1.3095306,1.2338972,11.890577,11.935138,0.18138,0.17027,0.002755,0.035419,0.038174,57.75728,0.952816,520.25852,129.182383
1409,61814.5492,1518095470.71,5.1311295,-0.67847756,293.992064,-38.873901,2.0142994,394.8572,1.4578851,1.3592953,-0.034265933,-0.0037994547,0.083885,1.4578851,1.3592953,1.3450551,1.2540954,11.892328,11.942255,0.18103,0.16808,0.002738,0.020354,0.023092,64.006768,0.429106,705.02875,231.538024
1410,61188.4068,1463996768.73,0.45912138,0.56126514,26.305717,32.158124,1.9867353,268.52828,1.516096,1.3977291,-0.006639294,0.045462174,0.0580732,1.516096,1.3977291,1.4328838,1.3210136,11.85557,11.925884,0.18884,0.17307,0.003026,0.065785,0.068811,25.896838,0.404049,403.382265,75.414005
1411,61664.5637,1505136717.52,2.9603159,0.37377986,169.613607,21.416008,2.5447934,986.55383,1.6885118,1.514159,0.0012808248,0.021949451,0.1954299,1.6885118,1.514159,1.4124724,1.2666229,11.70211,11.856562,0.21308,0.18859,0.004143,0.030863,0.035006,37.25646,0.827139,873.427233,336.88544
1412,61136.3525,1459499270.74,4.4362887,-0.049588778,254.180619,-2.841228,2.6409265,663.39281,1.6343017,1.4199266,0.041178532,-0.0062571078,0.1361999,1.6343017,1.4199266,1.4383928,1.2497155,11.758419,11.91352,0.20525,0.17601,0.003861,0.05563,0.05949,69.116412,0.877263,754.5333,284.615427
1413,62371.3381,1566202032.53,5.0298172,-0.80829024,288.187297,-46.311619,2.9281649,931.64162,1.6514478,1.636652,0.00097899627,0.034245764,0.1856125,1.6514478,1.636652,1.3929069,1.3804275,11.742726,11.755891,0.20768,0.20559,0.004025,0.013801,0.017826,63.401611,0.977311,966.15793,264.068344
1414,63808.4062,1690364717.62,2.0421678,0.96237405,117.007596,55.139971,0.7070271,883.26074,1.749648,1.6351577,-0.045125822,-0.0097801963,0.1768836,1.749648,1.6351577,1.4866789,1.3893963,11.623936,11.757479,0.22228,0.20537,0.004605,0.000514,0.005119,74.091504,0.760296,1021.280328,289.513146
1415,62194.3556,1550910739.61,3.8829409,0.029678862,222.476126,1.700474,2.6252949,635.946,1.5637757,1.4568083,0.037478525,-0.039117919,0.1309947,1.5637757,1.4568083,1.3826552,1.288077,11.820883,11.893074,0.19536,0.18089,0.00329,0.033832,0.037122,60.254896,0.869653,365.03158,142.442834
1416,62554.6419,1582039480.24,6.2222689,-0.88221077,356.509747,-50.546954,0.59192791,628.33967,1.632761,1.4983357,-0.037186572,-0.03505225,0.1295469,1.632761,1.4983357,1.4455009,1.3264927,11.760058,11.867486,0.20503,0.18645,0.003718,0.039651,0.043369,38.591712,0.829867,753.374586,238.342267
1417,63364.5537,1652015858.33,0.30572275,1.1348445,17.516623,65.0218,0.86467771,682.37482,1.5792102,1.5458401,0.034465366,-0.0036456362,0.1397824,1.5792102,1.5458401,1.3855366,1.356259,11.808623,11.833877,0.19749,0.1929,0.003477,0.038176,0.041654,50.43827,0.648885,741.037691,230.624518
1418,62781.1292,1601607984.79,6.2390117,-0.16816318,357.469039,-9.63504,2.262547,538.6639,1.53656,1.4524307,0.010296571,0.046758117,0.1122967,1.53656,1.4524307,1.38143,1.3057943,11.842107,11.89596,0.19161,0.1803,0.003147,0.023389,0.026536,54.660855,0.637886,831.829965,251.083681
1419,64015.0599,1708219593.45,2.0498989,-0.018301564,117.450555,-1.048602,2.2457562,311.88718,1.5608028,1.4431972,0.034439134,-0.016943701,0.0670293,1.5608028,1.4431972,1.4627554,1.3525376,11.822566,11.902015,0.19496,0.17906,0.003272,0.054335,0.057606,19.707349,0.624866,487.059176,153.319868
1420,64031.1249,1709607606.13,2.296318,1.3401948,131.56933,76.787506,0.66813707,255.25909,1.5047219,1.3752561,0.024545227,0.0021730674,0.0553112,1.5047219,1.3752561,1.4258561,1.3031759,11.864333,11.935562,0.18729,0.17015,0.002971,0.028557,0.031528,47.669818,0.784977,248.188519,43.61303
1421,61034.6874,1450715412.32,5.2153835,-0.017040958,298.819463,-0.976375,0.5617271,614.90799,1.5379812,1.4313266,-0.0034420905,-0.036987437,0.1269845,1.5379812,1.4313266,1.3646871,1.27005,11.840754,11.908565,0.19181,0.17749,0.003144,0.027202,0.030346,57.55925,0.846336,616.030907,183.63082
1423,63723.1621,1682999621.08,0.19708242,-0.85703155,11.291991,-49.104291,1.9827651,396.56612,1.5425193,1.4053878,-0.036935766,0.014613729,0.0842285,1.5425193,1.4053878,1.4226884,1.29621,11.83614,11.920362,0.19245,0.1741,0.003176,0.043143,0.046319,25.039278,0.400414,763.310893,282.981395
1424,62612.5676,1587044258.71,4.0179999,-0.57588262,230.214436,-32.995644,0.31648131,564.50364,1.5571303,1.3831303,0.0063802729,-0.0067705212,0.1173022,1.5571303,1.3831303,1.3936519,1.2379197,11.825021,11.931238,0.19446,0.17119,0.0033,0.046135,0.049435,61.837903,0.950336,437.423215,122.39838
1425,64460.9419,1746743797.69,1.0559903,-1.3484761,60.503787,-77.261989,0.70396064,797.81485,1.6387523,1.5861321,0.018351123,0.028227925,0.1612776,1.6387523,1.5861321,1.4111632,1.3658509,11.754035,11.802401,0.20589,0.19846,0.003831,0.019554,0.023385,50.026367,0.762285,1055.952348,328.302272
1426,62691.3123,1593847797.74,3.3775826,1.0134519,193.521228,58.066517,0.85371633,586.50006,1.5995691,1.3633721,-0.047156418,0.019683747,0.1215406,1.5995691,1.3633721,1.4262249,1.2156244,11.79099,11.940306,0.20033,0.16862,0.003719,0.020842,0.024561,72.133307,0.657187,1125.870342,328.144764
1427,64454.1358,1746155751.89,0.40440482,0.32121021,23.170689,18.403989,1.9823118,523.69315,1.433702,1.4160041,0.049184851,0.022610816,0.1093833,1.433702,1.4160041,1.2923414,1.2763885,11.906605,11.915946,0.17782,0.17548,0.002713,0.062549,0.065262,17.545338,0.399999,1150.727524,307.127978
1428,63640.9928,1675900192.83,5.6457852,-0.66532468,323.479664,-38.120296,2.2020693,379.39541,1.4488299,1.3810581,-0.015766495,-0.025427274,0.080771,1.4488299,1.3810581,1.3405522,1.2778453,11.898401,11.932425,0.17982,0.17092,0.002712,0.031085,0.033797,30.919568,0.590173,613.409463,189.365133
1430,61870.1171,1522896535.11,4.6825758,0.5107009,268.291831,29.261006,2.1079582,255.26417,1.4000712,1.3791133,-0.0080048562,-0.011548725,0.0553122,1.4000712,1.3791133,1.326689,1.3068296,11.924282,11.933548,0.17339,0.17066,0.002552,0.02423,0.026782,51.093233,0.5117,301.328921,99.237769
1432,62884.3824,1610529059.74,6.2005461,-0.42409841,355.265122,-24.299049,0.292292,533.3516,1.5609926,1.4659865,-0.018943312,-0.019258018,0.111264,1.5609926,1.4659865,1.4047,1.3192063,11.822464,11.887663,0.19498,0.18211,0.003279,0.056201,0.05948,32.793595,0.957586,468.717056,97.213726
1433,64472.4747,1747740235.38,2.1604431,-0.23248605,123.784272,-13.320469,2.6805171,879.09191,1.6132519,1.5037041,-0.042270624,-0.046927407,0.1761279,1.6132519,1.5037041,1.3716637,1.2785209,11.778802,11.864874,0.20226,0.18715,0.003591,0.049068,0.052659,57.86545,0.895574,802.180656,238.560897
1434,64001.3571,1707035673.78,0.42655507,1.1131024,24.439805,63.77607,0.84197614,338.63609,1.3086626,1.2077706,0.043191994,0.036016327,0.072503,1.3086626,1.2077706,1.2201948,1.1261233,11.962474,11.99497,0.16155,0.14869,0.002125,0.0634,0.065525,60.540317,0.66599,815.508576,304.053862
1435,61340.7841,1477162166.68,3.0849369,-0.94393113,176.753864,-54.08327,0.38892085,570.49016,1.5596657,1.4151238,0.041951383,-0.044460976,0.1184577,1.5596657,1.4151238,1.3944789,1.2652457,11.823197,11.916376,0.1948,0.17537,0.003277,0.055553,0.05883,21.150958,0.925319,1002.863701,337.434015
1436,63472.302,1661325309.84,4.2957507,0.1659776,246.128385,9.509816,2.7460467,807.83197,1.4700566,1.3341075,-0.046448109,-0.043653055,0.1631201,1.4700566,1.3341075,1.2638906,1.1470075,11.885617,11.952838,0.18265,0.16482,0.002805,0.051558,0.054363,45.831268,0.922786,727.648985,238.755868
1437,62209.5286,1552221684.77,3.8559798,-0.29847564,220.931368,-17.101394,2.9874422,737.18065,1.4496316,1.4143065,-0.022161061,0.0088130547,0.1500486,1.4496316,1.4143065,1.2604959,1.2297797,11.897826,11.916745,0.17992,0.17526,0.002757,0.045499,0.048256,45.533433,0.988142,651.214806,181.784705
1438,61024.4379,1449829853.99,2.0635181,-0.63592481,118.230878,-36.435808,0.74991302,471.74135,1.5077232,1.4757802,0.034663235,0.0090713424,0.0991952,1.5077232,1.4757802,1.371661,1.3426006,11.862106,11.882728,0.1877,0.1834,0.003061,0.020279,0.02334,37.156846,0.731748,696.909473,255.604189
1439,62412.1834,1569731063.03,5.7906323,-0.93782296,331.778792,-53.733298,0.57191429,894.58205,1.6148685,1.4923108,-0.005930157,-0.022179025,0.178933,1.6148685,1.4923108,1.3697713,1.2658148,11.777165,11.871483,0.20249,0.18563,0.003599,0.029068,0.032668,70.975492,0.840866,876.513332,250.106146
1440,61821.6405,1518708155.13,5.7506951,-0.58742501,329.490558,-33.656974,0.54194021,705.67355,1.5862245,1.4586002,0.040385141,0.039985349,0.1441606,1.5862245,1.4586002,1.3863653,1.2748212,11.802312,11.891835,0.19847,0.18113,0.003423,0.031633,0.035056,64.650379,0.85671,555.488558,164.461405
1442,63866.0424,1695344485.41,4.3118999,0.76056689,247.053666,43.577273,1.94749,440.68764,1.565274,1.5116121,-0.02514548,0.018622227,0.0930457,1.565274,1.5116121,1.4320298,1.3829358,11.819897,11.858353,0.19556,0.18824,0.003351,0.025046,0.028396,56.832563,0.367848,948.175324,324.877181
1443,62180.6571,1549727194.11,4.7520134,-0.10068653,272.270312,-5.768913,0.55358495,513.91441,1.4674088,1.4500602,0.030844629,0.022610029,0.107475,1.4674088,1.4500602,1.325004,1.309339,11.886973,11.897527,0.1823,0.17998,0.00288,0.053284,0.056163,57.859598,0.850645,594.116787,176.749389
1444,63896.3329,1697961583.05,0.89483114,-0.62574881,51.270048,-35.852766,0.67398089,172.05813,1.4613206,1.4346271,0.011847116,-0.01011241,0.037754,1.4613206,1.4346271,1.408157,1.3824346,11.890072,11.905785,0.18149,0.17794,0.00283,0.042206,0.045036,42.702969,0.781343,186.242092,27.224247
1445,61002.0928,1447899234.7,3.7235481,-0.36390497,213.343591,-20.850219,2.354447,818.45368,1.6748168,1.5825708,0.0042273916,-0.047472413,0.16507,1.6748168,1.5825708,1.4375246,1.3583482,11.716436,11.805874,0.21109,0.19795,0.004027,0.006445,0.010472,70.259671,0.70587,911.901883,352.167218
1446,62077.367,1540802928.97,0.83325065,-1.2981159,47.741746,-74.376562,2.2962444,513.13565,1.6225585,1.4141943,-0.029452294,0.039951647,0.1073228,1.6225585,1.4141943,1.4652985,1.2771292,11.769591,11.916793,0.20358,0.17525,0.003767,0.025108,0.028875,56.675726,0.663471,964.461916,358.806999
1447,61844.0783,1520646778.81,3.7395268,1.0025132,214.259103,57.439775,0.32488224,694.62229,1.5295414,1.4324545,0.035401586,0.0078939601,0.1420865,1.5295414,1.4324545,1.3392519,1.2542435,11.846823,11.907692,0.19066,0.17765,0.003101,0.04991,0.053011,58.738864,0.947688,583.437187,201.793971
1448,61817.4858,1518349187.99,2.2085304,-0.56053573,126.539471,-32.116332,2.7544882,781.17199,1.5515868,1.4158391,-0.019997127,-0.042082219,0.1582086,1.5515868,1.4158391,1.3396436,1.2224387,11.830675,11.916029,0.19367,0.17546,0.003225,0.020021,0.023246,66.701454,0.926006,984.945948,319.400507
1449,61238.6532,1468338051.82,5.7422809,0.59905276,329.00846,34.323195,1.0748554,137.33072,1.3097169,1.2225509,-0.047513093,0.0477852,0.0302981,1.3097169,1.2225509,1.2712019,1.1865992,11.962088,11.995364,0.16169,0.15051,0.002128,0.062808,0.064936,31.444295,0.475859,209.516986,32.304536
1451,61654.9349,1504304797.37,3.8530897,0.31737403,220.765778,18.184192,1.5980136,326.91382,1.5033627,1.4713472,0.0084738847,0.034343722,0.070109,1.5033627,1.4713472,1.4048688,1.3749508,11.865042,11.884943,0.18711,0.18282,0.003038,0.040275,0.043312,63.424254,0.027214,578.543749,171.962084
1452,62944.4235,1615716607.93,5.0612461,-0.36107178,289.988041,-20.687889,2.7886958,485.16757,1.4584324,1.4217423,-0.0020685171,-0.045542002,0.10184,1.4584324,1.4217423,1.3236335,1.2903346,11.89195,11.912308,0.18111,0.17625,0.002798,0.041669,0.044467,26.714436,0.938375,398.424294,84.626931
1454,62019.7638,1535826006.43,5.6333871,-0.086605776,322.769305,-4.962145,2.3179153,503.82868,1.5405339,1.4210697,-0.014470606,-0.030099227,0.1055022,1.5405339,1.4210697,1.393515,1.2854517,11.83807,11.912744,0.19217,0.17616,0.003158,0.045463,0.048621,35.720517,0.679528,546.33998,134.527159
1455,62460.8817,1573938600.18,3.3731627,0.35655031,193.267986,20.428828,0.52275275,912.87128,1.6280883,1.4934541,-0.0045453025,-0.043468449,0.1822349,1.6280883,1.4934541,1.3771276,1.2632465,11.764956,11.870641,0.20436,0.18579,0.003687,0.043447,0.047134,35.136627,0.866448,981.634457,342.744362
1456,62319.0341,1561682962.62,2.430397,-0.78485968,139.251491,-44.969147,1.944911,829.0554,1.4715034,1.4111906,-0.035168147,-0.02892791,0.1670123,1.4715034,1.4111906,1.2609151,1.2092337,11.884862,11.917956,0.18284,0.17486,0.002829,0.034841,0.03767,73.711528,0.365449,1079.734739,290.805545
1457,64065.6672,1712592067.32,4.2243233,0.74172553,242.035896,42.497742,2.164378,155.33711,1.3328654,1.2760124,0.023590856,-0.0014068948,0.0341738,1.3328654,1.2760124,1.2888215,1.2338471,11.953357,11.97404,0.16466,0.15737,0.002229,0.053546,0.055775,66.392233,0.559334,210.357578,43.599492
1459,64168.5465,1721480835.3,6.0772977,-0.60885172,348.203509,-34.884634,2.9980669,723.25488,1.7618485,1.416766,-0.043126773,0.0097067352,0.1474507,1.7618485,1.416766,1.5354459,1.2347075,11.607079,11.91554,0.22415,0.17558,0.005665,0.026438,0.032103,57.070192,0.989718,709.143968,213.587202
1461,62725.3494,1596788606.23,3.6915958,-0.72677831,211.512859,-41.64133,0.69152267,450.8211,1.471688,1.4198975,-0.015793482,0.039740302,0.0950575,1.471688,1.4198975,1.3439368,1.296642,11.884766,11.91354,0.18286,0.176,0.002841,0.03061,0.03345,58.623406,0.770276,382.215289,106.545199
1462,62155.5458,1547557577.38,3.4127744,0.87658058,195.53757,50.224368,0.37561521,559.82262,1.5308558,1.5306644,-0.046535229,-0.0058403912,0.1163975,1.5308558,1.5306644,1.3712461,1.3710747,11.846086,11.846192,0.19084,0.19081,0.00327,0.05277,0.056039,48.724368,0.930282,464.273641,122.698659
1463,61373.8025,1480014950.89,0.98643343,-0.98705538,56.518472,-56.554107,3.0977395,811.41919,1.7355954,1.5312368,0.04710316,0.026239687,0.1637791,1.7355954,1.5312368,1.4913444,1.3157452,11.643173,11.845873,0.22013,0.19089,0.004568,0.01572,0.020288,71.82544,0.999039,757.442053,210.81118
1466,64336.9101,1736027448.73,4.700894,0.31466542,269.341386,18.029001,0.39201564,789.52242,1.6180612,1.4755026,0.019604688,0.0094265242,0.1597497,1.6180612,1.4755026,1.3951814,1.2722595,11.774006,11.882865,0.20294,0.18337,0.003626,0.040299,0.043925,44.775525,0.924141,646.09585,168.616398
1468,61210.7943,1465931046.14,1.3611116,-0.34818885,77.98595,-19.949752,0.30004859,349.65432,1.5030876,1.4632227,-0.0083227137,0.011546403,0.0747466,1.5030876,1.4632227,1.3985507,1.3614584,11.865173,11.889019,0.18707,0.18175,0.003022,0.057938,0.060959,37.831063,0.955322,366.754007,105.593569
1469,62041.776,1537727861.94,5.5190427,-0.95079943,316.217854,-54.476795,2.3765315,621.34514,1.5606281,1.391795,-0.042142234,-0.025239265,0.1282134,1.5606281,1.391795,1.3832738,1.2336274,11.82266,11.927715,0.19493,0.17231,0.00331,0.059342,0.062652,24.78212,0.72134,931.734751,307.584214
1470,62043.2317,1537853637.23,1.9093861,1.0143222,109.399765,58.116381,2.2923831,614.68419,1.5497837,1.4363091,-0.02163612,0.0050961848,0.1269417,1.5497837,1.4363091,1.3752119,1.2745194,11.831866,11.904438,0.19343,0.17817,0.003209,0.050141,0.05335,62.172339,0.660577,980.391852,284.803574
1471,62121.4045,1544607766.93,4.4945114,1.2333502,257.516534,70.665761,0.88346952,511.54691,1.4653599,1.4410502,0.038281931,-0.023917935,0.1070123,1.4653599,1.4410502,1.323707,1.3017472,11.887963,11.902648,0.18203,0.17879,0.002855,0.059311,0.062166,59.066636,0.634473,871.702239,250.918594
1472,61575.004,1497398759.41,1.7692142,-0.20771091,101.368507,-11.900959,1.860582,421.31659,1.5964068,1.3196438,-0.0040718829,0.025727197,0.0891864,1.5964068,1.3196438,1.4656875,1.2115868,11.794017,11.958401,0.19989,0.16296,0.003897,0.052011,0.055908,38.061302,0.285747,839.922293,286.535327
1474,63741.065,1684546434.71,5.4969698,0.65076266,314.95317,37.285954,2.3246394,672.75866,1.5448629,1.4136303,0.040398896,9.9486431e-05,0.1379692,1.5448629,1.4136303,1.3575612,1.2422395,11.834436,11.91703,0.19277,0.17517,0.003185,0.049882,0.053068,16.511605,0.684446,552.929915,219.286152
1475,61428.7425,1484761771.46,3.0958969,0.71226033,177.381826,40.809511,1.4618786,376.30025,1.6086514,1.38511,-0.032523469,-0.0054176275,0.0801461,1.6086514,1.38511,1.4892905,1.2823358,11.782983,11.930181,0.20161,0.17145,0.003728,0.045488,0.049216,65.33984,0.108703,727.256862,208.891743
1476,63222.1733,1639714191.73,3.1986188,1.202931,183.267358,68.922869,0.76277045,759.59932,1.5670785,1.444574,-0.031740432,0.034144552,0.1542159,1.5670785,1.444574,1.3576997,1.2515631,11.818547,11.901343,0.19581,0.17924,0.003308,0.050911,0.054219,15.685079,0.722925,884.29974,291.082648
1477,61433.4611,1485169456.48,4.0185447,0.81071338,230.245651,46.450455,0.8783703,606.77271,1.6661189,1.4618232,0.023197226,-0.015557951,0.1254289,1.6661189,1.4618232,1.4804302,1.2989032,11.726505,11.889778,0.20982,0.18156,0.004046,0.018067,0.022113,57.221987,0.638406,795.510316,292.779257
1478,61246.8747,1469048394.81,2.8989104,0.67384727,166.095331,38.608605,0.93123905,438.26604,1.5136734,1.4671716,0.024730888,0.018443,0.0925643,1.5136734,1.4671716,1.3854319,1.3428699,11.856848,11.88709,0.18852,0.18227,0.003068,0.058719,0.061787,73.215427,0.59684,436.594415,153.927416
1479,64183.0033,1722729899.91,4.6366598,0.87255394,265.661038,49.993658,1.1782582,783.0736,1.5715953,1.528322,0.0010096823,0.012654111,0.1585598,1.5715953,1.528322,1.3565077,1.3191568,11.814521,11.847555,0.19644,0.1905,0.003408,0.048176,0.051584,41.25968,0.382535,1160.209054,300.269905
1480,61665.4507,1505213356.93,3.8787015,0.053403583,222.233226,3.0598,1.0459711,554.64414,1.6105901,1.3671352,0.026370438,-0.041493672,0.1153957,1.6105901,1.3671352,1.443963,1.2256953,11.78145,11.938776,0.20188,0.1691,0.003816,0.017582,0.021398,29.098404,0.501062,631.4552,174.424851
1482,63874.3755,1696064464.74,3.571723,-0.30996216,204.644653,-17.759524,1.7873096,744.47366,1.5666371,1.5140144,-0.03888898,0.029638742,0.1514063,1.5666371,1.5140144,1.3606293,1.3149263,11.818895,11.856645,0.19575,0.18857,0.003361,0.048551,0.051912,57.292261,0.214826,994.161516,333.585185
1483,62906.208,1612414793.42,2.1230483,-0.80910945,121.641707,-46.358557,1.0838559,245.28549,1.4331973,1.2667984,0.035244717,0.015786381,0.0532284,1.4331973,1.2667984,1.3607659,1.2027765,11.907053,11.97719,0.17775,0.15619,0.002671,0.024376,0.027048,64.027689,0.467924,462.07628,145.150263
1484,61272.4978,1471262229.53,1.750021,0.81560839,100.268817,46.730918,2.8365367,654.73995,1.6435323,1.4155147,0.0056653735,0.00063749309,0.1345621,1.6435323,1.4155147,1.448605,1.2476309,11.749835,11.91619,0.20656,0.17542,0.003966,0.029237,0.033203,47.785819,0.95383,521.771523,151.011368
1485,64344.0687,1736645951.09,4.1512091,1.2604246,237.846761,72.21701,2.6093741,891.95403,1.5568372,1.3149384,-0.0026952524,-0.035237213,0.1784576,1.5568372,1.3149384,1.3210803,1.1158131,11.825294,11.960162,0.19442,0.16236,0.003494,0.055281,0.058775,73.022117,0.861683,875.696075,267.182923
1487,61864.3641,1522399474.9,3.6853322,0.88035577,211.153981,50.44067,1.8011872,341.83617,1.4094038,1.3576247,-0.01484355,-0.0068852899,0.0731553,1.4094038,1.3576247,1.313327,1.2650776,11.918591,11.943148,0.17463,0.16787,0.002549,0.025905,0.028453,18.100123,0.228358,927.07019,266.91253
1488,64008.7587,1707675170.43,4.052833,0.055567973,232.210226,3.18381,3.069558,246.40167,1.4920512,1.1911182,0.0053801628,-0.011635157,0.0534618,1.4920512,1.1911182,1.4163316,1.1306705,11.871676,11.99922,0.1856,0.14659,0.003484,0.060779,0.064263,45.287736,0.997407,203.661084,32.51128
1489,61590.835,1498766563.75,0.11547896,1.0020814,6.616457,57.415035,2.4889968,529.65465,1.4536622,1.3349504,0.026780154,-0.042396166,0.1105446,1.4536622,1.3349504,1.3089633,1.2020682,11.89517,11.95249,0.18047,0.16493,0.002719,0.060931,0.06365,58.107237,0.79451,602.098508,196.124241
1491,63988.8001,1705950745.56,1.6042059,0.52459512,91.914228,30.057086,1.9497422,242.29955,1.4243146,1.3318904,0.044439586,-0.041110214,0.0526037,1.4243146,1.3318904,1.3531346,1.2653293,11.910964,11.953765,0.17659,0.16454,0.002586,0.044136,0.046722,66.758428,0.369941,537.915002,177.924611
1492,61046.3008,1451718811.02,6.0052033,-0.59429948,344.072804,-34.050852,2.6204645,539.84561,1.558523,1.4913113,-0.042253022,0.04519659,0.1125262,1.558523,1.4913113,1.4008865,1.3404729,11.82392,11.872227,0.19465,0.1855,0.003291,0.015098,0.018389,25.755337,0.867258,500.067346,122.12205
1493,62791.2316,1602480828.07,2.6554202,0.54164916,152.14437,31.034211,0.10237036,847.45001,1.8203981,1.4596771,0.017359301,0.036443004,0.1703732,1.8203981,1.4596771,1.5553997,1.2471894,11.512414,11.891109,0.23351,0.18127,0.006404,0.007243,0.013647,63.000209,0.994765,906.981579,384.276979
1494,63693.049,1680397854.02,3.9357482,1.0959868,225.501761,62.795418,1.6885612,268.16989,1.3695297,1.3403515,-0.013192426,-0.030717291,0.0579988,1.3695297,1.3403515,1.294453,1.2668743,11.93787,11.950674,0.16941,0.16563,0.002407,0.050083,0.05249,48.162425,0.117493,677.153686,189.256472
1495,64271.7843,1730400582.49,5.2353488,-0.65024309,299.963391,-37.256185,0.59957132,355.91427,1.5266332,1.3578943,-0.008263225,-0.025054332,0.0760184,1.5266332,1.3578943,1.4187798,1.261962,11.848742,11.943,0.19027,0.1679,0.003125,0.067195,0.07032,38.793221,0.825578,362.569199,85.683777
1496,64182.2075,1722661143.99,5.6774523,-0.50605895,325.294055,-28.995042,2.0792199,220.76868,1.3730957,1.3685596,-0.044972291,-0.031897985,0.0480838,1.3730957,1.3685596,1.3101011,1.3057731,11.936496,11.938234,0.16987,0.16929,0.002466,0.050737,0.053203,22.902902,0.486801,490.03367,166.827666
1497,63868.687,1695572978.55,2.9355886,-0.58650582,168.196837,-33.604308,2.7812932,639.35243,1.5771422,1.4904446,0.031307189,0.028533605,0.1316423,1.5771422,1.4904446,1.3936755,1.3170633,11.809955,11.872867,0.19721,0.18538,0.00338,0.025529,0.028909,66.917746,0.935791,688.576651,244.826477
1498,64108.6697,1716307482.14,3.4117268,1.1929284,195.477546,68.349763,0.40489274,919.77267,1.6268927,1.5177591,0.029249,0.019208558,0.183478,1.6268927,1.5177591,1.3746708,1.2824565,11.766181,11.854782,0.20419,0.18906,0.00368,0.033388,0.037067,24.436392,0.919145,905.742772,281.806033
1499,61697.2689,1507962451.0,0.42897917,0.16185718,24.578696,9.273733,0.72319167,488.78875,1.6239022,1.407602,-0.021789117,0.039022604,0.1025519,1.6239022,1.407602,1.4728578,1.2766764,11.768598,11.919288,0.20377,0.17439,0.003799,0.039914,0.043713,33.587272,0.749697,892.068017,312.973634
1500,61994.645,1533655749.02,1.7247063,-0.13326856,98.818392,-7.635726,0.98026186,445.4903,1.6582413,1.4177022,0.019292481,0.016830431,0.0939998,1.6582413,1.4177022,1.5157602,1.2958889,11.734468,11.914994,0.20868,0.17571,0.004115,0.047103,0.051218,32.402732,0.556805,553.589076,175.487178
1501,62011.3898,1535102499.94,3.2845191,1.1394943,188.189082,65.288214,1.0695733,385.82349,1.4008314,1.3900525,0.047150514,-0.011198939,0.0820671,1.4008314,1.3900525,1.2945883,1.2846269,11.923684,11.928151,0.17349,0.17209,0.002575,0.023012,0.025587,67.284842,0.480498,606.301695,168.764353
1502,62319.6888,1561739526.73,5.3852182,-1.0888017,308.550275,-62.383742,0.84510575,41.911558,1.3154221,1.2585219,0.041444493,-0.048894735,0.0093916,1.3154221,1.2585219,1.3031831,1.2468123,11.959982,11.979873,0.16242,0.15513,0.002164,0.057988,0.060151,55.36218,0.663652,50.968407,6.056587
1503,62376.6223,1566658588.72,0.52719133,-0.62890601,30.205838,-36.03366,0.81318753,363.76971,1.5708695,1.4364557,0.036914888,-0.017038859,0.0776115,1.5708695,1.4364557,1.4577327,1.3329996,11.815204,11.904337,0.19634,0.17819,0.003334,0.041202,0.044536,62.800884,0.687186,386.362599,120.344268
1504,62905.9436,1612391948.18,6.2579111,0.94406198,358.551895,54.090767,0.25217746,702.63965,1.5057805,1.5018364,-0.032067761,-0.042145118,0.1435916,1.5057805,1.5018364,1.3167117,1.3132629,11.863675,11.865748,0.18743,0.18691,0.003116,0.061049,0.064165,30.028074,0.968371,671.113335,201.262526
1505,61559.5792,1496066058.44,6.1451136,-0.64632561,352.089074,-37.03173,2.4787709,453.53583,1.4309627,1.4289891,-0.037590227,0.029991491,0.0955956,1.4309627,1.4289891,1.3061049,1.3043035,11.90881,11.909741,0.17744,0.17719,0.002734,0.034785,0.037519,52.492446,0.788259,939.404484,326.928002
1506,63419.3633,1656751409.13,3.1034698,-1.0785769,177.815721,-61.797904,3.0299087,574.20895,1.6136583,1.50089,0.020885161,0.030422915,0.1191748,1.6136583,1.50089,1.4418287,1.3410685,11.778383,11.866186,0.20231,0.18678,0.003592,0.037044,0.040636,49.304759,0.99377,654.322663,277.899575
1507,61586.4829,1498390539.49,4.2232158,0.69344666,241.972441,39.731567,0.65774484,600.62667,1.4632962,1.441588,-0.019343464,0.020173672,0.1242519,1.4632962,1.441588,1.3015733,1.2822642,11.888981,11.90252,0.18176,0.17886,0.00285,0.064169,0.067019,64.969823,0.791373,561.536742,149.968146
1508,62086.0797,1541555702.99,4.1648184,-0.70023929,238.626517,-40.120756,2.8829099,929.81751,1.7575591,1.4989517,0.019757647,-0.028787002,0.1852847,1.7575591,1.4989517,1.482816,1.2646343,11.612686,11.867154,0.2235,0.18653,0.004959,0.006846,0.011805,69.365224,0.966728,692.429324,249.115348
1510,62761.708,1599929985.5,6.0080958,-0.47956022,344.238532,-27.476777,1.8096182,161.28845,1.4917743,1.479596,0.048129296,-0.031442911,0.0354501,1.4917743,1.479596,1.4407012,1.4289399,11.871883,11.880597,0.18556,0.18391,0.003018,0.061933,0.064951,15.729406,0.236558,445.889079,171.975576
1511,63787.542,1688562043.8,4.7591422,-0.88776107,272.678762,-50.864963,0.032527184,808.32769,1.6527579,1.652549,-0.022465411,-0.020712783,0.1632112,1.6527579,1.652549,1.4208579,1.4206784,11.741681,11.741899,0.20786,0.20783,0.004086,0.008015,0.012101,55.441195,0.999471,839.334963,304.270179
1512,63588.1423,1671333914.13,2.0816558,0.35603224,119.270092,20.399145,1.2796844,408.77707,1.6801466,1.3831517,0.03759759,0.021232261,0.0866783,1.6801466,1.3831517,1.5461306,1.2728254,11.711132,11.931226,0.21186,0.17119,0.004584,0.017409,0.021994,18.110148,0.287018,790.097134,250.5847
1513,63259.3702,1642928007.38,0.69315245,0.28540089,39.71471,16.352266,1.2207415,684.1631,1.6056364,1.5767429,-0.022188178,0.021325454,0.1401192,1.6056364,1.5767429,1.4083058,1.3829633,11.785159,11.810215,0.20119,0.19715,0.00366,0.018264,0.021923,47.93152,0.342949,1172.043628,312.967684
1514,61545.2064,1494824252.0,0.81700494,0.095556439,46.810935,5.474981,0.79990456,378.00159,1.4870893,1.3335975,0.0052567582,-0.036960224,0.0804896,1.4870893,1.3335975,1.3763105,1.2342529,11.87526,11.95305,0.18492,0.16476,0.002903,0.054156,0.057059,32.257964,0.696775,405.271281,79.531003
1515,62914.6587,1613144930.51,5.6566112,0.18953621,324.099948,10.859625,2.3172745,698.62912,1.5902095,1.407086,-0.028435545,-0.013022284,0.142839,1.5902095,1.407086,1.3914554,1.2312198,11.799049,11.919511,0.19903,0.17433,0.003507,0.019079,0.022586,33.406596,0.679058,1033.755422,326.435069
1516,61306.0628,1474162240.14,4.7850033,-0.39509784,274.160494,-22.637439,0.66083753,668.21916,1.4480594,1.3780752,-0.032691103,-0.01803347,0.1371121,1.4480594,1.3780752,1.2734535,1.211908,11.898968,11.93413,0.17971,0.17052,0.002706,0.047552,0.050258,36.17751,0.789478,716.289597,267.344012
1517,62320.7711,1561833042.66,2.7595211,1.0098285,158.108913,57.858911,0.3933963,957.96624,1.4924024,1.3666534,0.047390895,-0.035481344,0.1903306,1.4924024,1.3666534,1.2537714,1.1481293,11.871415,11.938962,0.18565,0.16904,0.002908,0.035,0.037908,52.277547,0.923612,963.816338,279.80957
1518,62447.3079,1572765816.76,1.5734571,-0.12469066,90.152451,-7.144249,2.5286203,183.19688,1.4708774,1.356725,-0.026186125,0.0050318147,0.0401291,1.4708774,1.356725,1.4141296,1.3043813,11.885188,11.943647,0.18276,0.16775,0.002799,0.04955,0.052349,35.042998,0.817942,236.671321,82.654841
1519,61139.34,1459757397.29,1.1660747,0.6018757,66.811159,34.484937,0.36802596,491.59256,1.4152369,1.3509668,0.035686952,0.028359772,0.1031027,1.4152369,1.3509668,1.2829602,1.2246972,11.916323,11.946992,0.17538,0.16699,0.002561,0.019876,0.022437,58.961943,0.933039,474.100453,131.257934
1520,61958.9583,1530572419.28,3.8603267,-0.22292414,221.180427,-12.772612,2.5196865,376.49849,1.4735983,1.3468827,0.0056638979,-0.034648551,0.0801862,1.4735983,1.3468827,1.3642077,1.2468987,11.883798,11.94897,0.18312,0.16646,0.002816,0.062653,0.065469,39.271643,0.812769,412.032405,101.986311
1522,64344.7731,1736706816.9,4.5528887,0.85461612,260.861307,48.965897,2.1569226,592.8606,1.6057632,1.3025467,0.030276503,-0.019956243,0.1227624,1.6057632,1.3025467,1.4301897,1.1601268,11.785054,11.964699,0.20121,0.16077,0.004131,0.066173,0.070303,19.101192,0.553138,682.063502,260.762674
1523,64337.7141,1736096918.61,6.1869026,0.14239738,354.483407,8.158769,0.58539171,879.72518,1.6543839,1.4316198,-0.0040095506,0.0073324846,0.1762427,1.6543839,1.4316198,1.4064987,1.2171126,11.739492,11.908353,0.20811,0.17753,0.00402,0.053885,0.057905,62.025591,0.833496,848.807435,289.516573
1524,62233.1447,1554262119.21,5.8481406,0.6639466,335.073774,38.041338,2.0394101,417.85534,1.4355803,1.3994469,0.0015105442,-0.048096581,0.0884948,1.4355803,1.3994469,1.3188673,1.2856716,11.904986,11.924753,0.17807,0.1733,0.002689,0.056144,0.058833,32.145499,0.45165,517.733493,163.679033
1527,61150.8504,1460751890.95,1.0936006,0.1985594,62.658699,11.376616,2.2336523,233.85628,1.4573725,1.4006795,0.048357861,0.0061737102,0.0508345,1.4573725,1.4006795,1.3868715,1.3329211,11.892683,11.923805,0.18096,0.17347,0.002764,0.023887,0.026651,40.966013,0.615371,351.110245,69.344004
1529,61626.8323,1501876727.65,2.3421133,0.30509651,134.193207,17.480742,0.41747011,592.61745,1.6984009,1.4925299,-0.0232839,-0.011236425,0.1227157,1.6984009,1.4925299,1.5127613,1.3293925,11.689495,11.871321,0.21456,0.18566,0.004283,0.029878,0.034162,56.126633,0.914118,693.337269,180.283145
1530,62372.7623,1566325078.73,3.356603,0.669261,192.319185,38.345831,1.1826854,300.76422,1.510528,1.5063921,-0.0013463583,-0.042914569,0.0647417,1.510528,1.5063921,1.4186802,1.4147958,11.859352,11.863236,0.18809,0.18751,0.003142,0.016673,0.019815,34.947369,0.378441,574.476495,184.85117
1531,64317.2289,1734326998.67,1.2198115,1.292657,69.890051,74.06379,2.3809193,843.40767,1.6249981,1.5326053,0.003490165,-0.0018623597,0.1696356,1.6249981,1.5326053,1.3893199,1.3103271,11.767804,11.845074,0.20392,0.19107,0.003678,0.01161,0.015287,18.395139,0.724372,908.556306,271.288094
1532,61494.1967,1490417014.81,4.4079546,0.231606,252.557195,13.270046,2.2120848,478.24101,1.5786795,1.4473373,-0.026588632,-0.033253956,0.1004766,1.5786795,1.4473373,1.4345416,1.3151913,11.808975,11.8995,0.19742,0.17961,0.003378,0.03025,0.033628,37.435263,0.598228,515.846129,160.117564
1533,63672.3055,1678605609.13,5.3562113,0.24766471,306.888302,14.190143,0.58096817,679.50266,1.673438,1.3831312,-0.026540979,-0.049043151,0.1392412,1.673438,1.3831312,1.4689058,1.2140811,11.718134,11.931238,0.21089,0.17119,0.00449,0.036111,0.040601,71.666915,0.835932,808.868832,272.973793
1534,61380.3889,1480584017.91,3.7026702,0.9855718,212.147375,56.469105,1.1981156,269.73946,1.6999933,1.4455367,-0.046237978,-0.023550846,0.0583249,1.6999933,1.4455367,1.6063057,1.3658724,11.687614,11.900757,0.21479,0.17937,0.004476,0.037961,0.042437,53.504064,0.364113,459.800728,90.870544
1535,64434.4015,1744450709.4,0.10098245,-1.1047829,5.785868,-63.299397,0.81212665,754.4508,1.6786707,1.4662543,-0.021137756,0.013472733,0.1532605,1.6786707,1.4662543,1.4555868,1.2713991,11.712435,11.887534,0.21165,0.18215,0.004158,0.03505,0.039208,55.288749,0.687957,827.038768,237.859243
1537,62335.6577,1563119247.33,3.7461042,0.26965157,214.63596,15.449897,0.4408016,653.40324,1.6080079,1.4114928,0.019113266,0.015946903,0.1343088,1.6080079,1.4114928,1.4176103,1.2443637,11.783428,11.917847,0.20152,0.1749,0.003645,0.036184,0.039829,52.936929,0.90441,632.640775,189.637725
1538,63713.3209,1682149342.56,3.6685765,-0.20812893,210.19395,-11.924909,2.7497591,596.08941,1.493533,1.3691242,-0.023263943,0.044404331,0.123382,1.493533,1.3691242,1.329497,1.2187522,11.870583,11.938022,0.1858,0.16936,0.002913,0.031245,0.034158,26.939528,0.92421,538.864897,135.221598
1539,62199.0688,1551317961.44,1.9671353,0.95298562,112.70855,54.602054,1.9735602,666.55491,1.6566867,1.5976787,0.029061235,0.0012746429,0.1367976,1.6566867,1.5976787,1.4573277,1.4054205,11.736191,11.792771,0.20846,0.20007,0.003946,0.021406,0.025352,40.100032,0.391963,825.663823,247.851668
1540,63196.8411,1637525486.45,1.6305062,-0.56171914,93.421124,-32.184136,1.0549896,527.36977,1.5411496,1.5237964,-0.021924248,0.0364691,0.1100997,1.5411496,1.5237964,1.3882983,1.3726662,11.837437,11.851016,0.19226,0.18988,0.003284,0.032857,0.036141,60.056388,0.493237,816.258164,246.895028
1541,61672.0563,1505784082.03,3.6147322,0.67366268,207.108899,38.598028,0.88258826,667.23054,1.5240045,1.5208822,0.046268117,0.015005095,0.1369253,1.5240045,1.5208822,1.3404614,1.3377152,11.85085,11.853088,0.18991,0.18948,0.003222,0.035156,0.038378,21.082374,0.635154,796.344837,322.125475
1542,61511.0736,1491875174.24,3.9811696,-0.76659744,228.104216,-43.922798,2.2623665,347.64711,1.505384,1.3943884,-0.031454468,0.03278592,0.0743383,1.505384,1.3943884,1.4012197,1.2979044,11.863935,11.927156,0.18738,0.17264,0.00297,0.025256,0.028226,31.671167,0.637747,428.732699,132.111729
1543,64283.2245,1731389013.81,4.117558,0.26948481,235.918695,15.440342,2.52268,332.66773,1.5469237,1.4892285,0.01358664,0.025187999,0.071285,1.5469237,1.4892285,1.443989,1.3901329,11.833317,11.873747,0.19305,0.18521,0.003236,0.051218,0.054455,31.579147,0.81451,338.188067,62.845786
1544,64211.7655,1725214954.84,2.93552,1.0651979,168.192907,61.031344,2.813426,932.02643,1.6802911,1.5423098,0.003432591,0.03498951,0.1856816,1.6802911,1.5423098,1.4171521,1.3007791,11.710992,11.836325,0.21188,0.19242,0.004049,0.022409,0.026458,40.921136,0.946635,738.739082,210.737201
1545,64106.1413,1716089025.52,2.9888354,0.044865196,171.247654,2.570586,2.5154987,604.2391,1.8618301,1.5227117,0.028094358,0.012875132,0.1249439,1.8618301,1.5227117,1.6550426,1.353589,11.432997,11.851852,0.24048,0.18973,0.006594,0.000567,0.007161,73.822124,0.810323,772.689671,240.823208
1546,63189.0171,1636849493.33,4.3457531,0.50590381,248.993311,28.986153,1.9060284,457.56901,1.5772009,1.4105961,-0.02081322,-0.026002348,0.0963944,1.5772009,1.4105961,1.4385343,1.2865773,11.809918,11.918167,0.19722,0.17478,0.003402,0.019978,0.023381,19.050153,0.328988,685.616106,181.33199
1547,63828.9387,1692138725.07,1.4079449,-0.67863611,80.669301,-38.882985,0.70369065,991.53079,1.5511462,1.4455419,0.0037005047,0.043250682,0.1963152,1.5511462,1.4455419,1.2966033,1.2083287,11.831002,11.900753,0.19361,0.17937,0.003217,0.048304,0.051522,46.12206,0.762459,1183.098167,326.472681
1548,61241.6293,1468595187.72,3.2904643,0.8734299,188.529717,50.043847,2.6487943,670.21364,1.4503387,1.3791449,0.018117748,-0.013800123,0.1374888,1.4503387,1.3791449,1.2750356,1.212447,11.897337,11.93353,0.18002,0.17066,0.002716,0.051274,0.05399,25.761881,0.881012,910.065022,309.148634
1550,62171.7616,1548958624.27,5.7096402,-0.052052707,327.138286,-2.9824,0.70971638,461.28784,1.6143659,1.5834467,-0.030048715,-0.026744218,0.0971302,1.6143659,1.5834467,1.4714442,1.4432623,11.777664,11.805037,0.20242,0.19808,0.003713,0.015892,0.019605,73.240593,0.758547,492.847741,121.496887
1552,62097.9609,1542582242.93,5.9582159,-0.32424147,341.380624,-18.577668,2.2192577,693.44972,1.6934879,1.5957996,-0.012799841,0.04479639,0.1418661,1.6934879,1.5957996,1.483088,1.3975365,11.695745,11.794616,0.21382,0.1998,0.004162,0.013106,0.017267,21.79821,0.603961,808.429454,271.144138
1553,63224.7586,1639937563.36,2.5568353,0.61459159,146.495872,35.213504,2.7501581,691.48873,1.546506,1.4412233,-0.047087078,0.036610513,0.1414975,1.546506,1.4412233,1.3548046,1.2625725,11.833527,11.902608,0.19299,0.17881,0.003192,0.02328,0.026472,39.21606,0.924363,1141.188965,355.351005
1554,62245.8522,1555360048.7,2.7376736,0.54229753,156.857143,31.07136,0.41416799,974.80724,1.5564417,1.4733547,-0.032186807,0.024330657,0.1933377,1.5564417,1.4733547,1.304276,1.2346503,11.825684,11.883919,0.19436,0.18308,0.003261,0.035077,0.038338,59.273099,0.915451,951.718093,299.257471
1555,61519.7737,1492626868.77,2.4759103,0.7003808,141.859211,40.128864,0.35741876,375.72478,1.6786384,1.3882426,0.0039087108,0.013732246,0.0800299,1.6786384,1.3882426,1.5542518,1.2853742,11.712462,11.928769,0.21165,0.17186,0.004528,0.055036,0.059564,57.273266,0.936803,333.615923,77.957862
1556,63087.6348,1628090061.61,5.3273899,-0.85529115,305.236957,-49.004573,1.1036315,709.22122,1.5354826,1.3902391,-0.017341609,-0.031227888,0.1448254,1.5354826,1.3902391,1.3412373,1.2143678,11.843026,11.928097,0.19146,0.17212,0.003143,0.037814,0.040957,40.363718,0.450357,1124.336252,304.761119
1557,63850.3437,1693988115.61,5.578776,-0.20326375,319.64032,-11.646155,0.72893107,568.32957,1.4323309,1.4109268,0.020374162,0.0013169684,0.1180408,1.4323309,1.4109268,1.2811078,1.2619636,11.907794,11.91805,0.17763,0.17482,0.002699,0.050287,0.052986,35.79145,0.745887,922.039456,296.71138
1558,62337.4322,1563272562.72,1.8695961,-0.39638399,107.119966,-22.71113,2.0012655,129.82633,1.4016375,1.3030459,-0.036231472,0.042410366,0.0286766,1.4016375,1.3030459,1.3625638,1.2667207,11.923037,11.964518,0.1736,0.16083,0.002486,0.038537,0.041023,38.856743,0.417297,238.749099,63.671774
1559,61462.9405,1487716477.45,5.2420158,1.116629,300.345381,63.978129,0.31098319,929.7496,1.584462,1.4279782,0.0050492117,-0.024778701,0.1852725,1.584462,1.4279782,1.3367913,1.2047678,11.80404,11.910028,0.19822,0.17706,0.003431,0.028454,0.031886,30.856576,0.952033,689.406649,194.551286
1560,61688.4087,1507196928.87,0.96799373,0.47816361,55.461955,27.396757,2.3274868,254.93045,1.4343205,1.3095965,0.0017341355,0.0080025276,0.0552427,1.4343205,1.3095965,1.3592329,1.2410383,11.906055,11.962132,0.1779,0.16167,0.002633,0.069236,0.071869,27.319976,0.686519,259.778849,60.695639
1561,61831.1916,1519533369.48,0.14282147,-0.50993652,8.183067,-29.21721,0.78460589,725.41765,1.5985743,1.528638,-0.029435998,0.031547257,0.1478547,1.5985743,1.528638,1.3926626,1.3317348,11.791921,11.847358,0.20019,0.19054,0.003532,0.027343,0.030875,43.982382,0.707667,590.649936,198.551961
1562,62049.6416,1538407450.12,2.3467375,-0.14240067,134.458154,-8.158957,3.0105454,848.83094,1.8214038,1.5317509,0.010532015,0.028220784,0.1706251,1.8214038,1.5317509,1.5559241,1.3084897,11.51221,11.845581,0.23364,0.19096,0.005732,0.003354,0.009087,31.112025,0.991426,798.111459,220.244475
1564,63249.7827,1642099647.32,3.2449362,1.1091711,185.921149,63.550823,2.3147551,572.54668,1.5488038,1.4384547,-0.031737277,-0.04863645,0.1188543,1.5488038,1.4384547,1.3842765,1.2856497,11.83239,11.903328,0.1933,0.17845,0.003204,0.027084,0.030288,32.2477,0.677206,689.369075,198.143562
1566,63103.3092,1629444332.52,6.2557472,0.81519501,358.427912,46.707234,2.3943478,937.16596,1.729006,1.4819338,0.0055353475,-0.047294061,0.1866044,1.729006,1.4819338,1.457104,1.2488862,11.652368,11.878984,0.21912,0.18423,0.004667,0.013062,0.017729,54.405364,0.733564,1077.304405,307.539823
1567,63436.2795,1658212968.14,0.92121959,0.68184588,52.781995,39.066891,2.3085478,438.58077,1.5208906,1.4336993,0.027759751,-0.025249958,0.0926268,1.5208906,1.4336993,1.3919579,1.3121582,11.853083,11.906607,0.18948,0.17782,0.003059,0.017988,0.021047,73.11224,0.672626,539.291139,154.884239
1569,62268.7569,1557339018.12,5.8536571,0.82588577,335.389847,47.319769,0.38619232,652.4985,1.5493138,1.4944509,0.003970278,0.036456575,0.1341374,1.5493138,1.4944509,1.3660724,1.3176983,11.832124,11.869925,0.19336,0.18592,0.003254,0.044207,0.047461,51.218232,0.92635,598.976223,171.400953
1570,63883.9918,1696895307.93,2.2441162,-0.46076153,128.578387,-26.399691,2.1905975,311.53277,1.5239311,1.2979431,0.0025417108,-0.0092539559,0.0669565,1.5239311,1.2979431,1.4282973,1.2164911,11.850908,11.966358,0.1899,0.16017,0.003254,0.036487,0.039741,19.618768,0.580873,449.691157,144.338487
1571,61714.3068,1509434526.73,1.0634866,-0.67153839,60.933294,-38.476316,1.1822637,163.40564,1.5209006,1.4272858,-0.012539046,-0.035421636,0.0359036,1.5209006,1.4272858,1.4681873,1.3778171,11.853077,11.910187,0.18948,0.17697,0.003056,0.059361,0.062417,19.535017,0.378831,228.215144,54.412261
1572,62641.6426,1589556340.05,4.9848937,0.96439069,285.61337,55.255516,2.4336975,858.38985,1.6609223,1.6125741,0.018531644,-0.033246373,0.1723666,1.6609223,1.6125741,1.416726,1.3754862,11.731509,11.779504,0.20907,0.20216,0.004,0.010297,0.014297,72.085393,0.759732,913.497746,261.192117
1573,63803.2855,1689922287.39,3.899199,-0.7626638,223.407646,-43.697417,2.7088763,330.59864,1.4420636,1.3133955,-0.015063892,0.0060677271,0.0708623,1.4420636,1.3133955,1.3466378,1.226484,11.902394,11.960734,0.17892,0.16216,0.00267,0.068326,0.070997,32.837447,0.90783,358.31592,117.886781
1574,61630.5553,1502198393.07,2.8346076,-0.75288958,162.411052,-43.137395,0.60532268,645.97231,1.4626719,1.4231307,0.0041133591,0.013655971,0.1328996,1.4626719,1.4231307,1.2910869,1.2561843,11.889309,11.911501,0.18167,0.17643,0.002814,0.026511,0.029325,20.524019,0.822319,532.516533,150.294768
1575,61384.5209,1480941023.6,3.9241904,1.0489899,224.839548,60.102694,2.007558,777.95748,1.4841259,1.3776347,0.0045028349,-0.048711904,0.1576147,1.4841259,1.3776347,1.2820551,1.1900632,11.877379,11.93437,0.18452,0.17047,0.002863,0.06189,0.064753,50.942675,0.423007,1081.235545,297.483853
1577,64092.8939,1714944449.83,5.2043407,0.048881126,298.186757,2.800682,1.1833956,353.36396,1.4522983,1.4488379,0.0048613757,-0.0091635296,0.0755005,1.4522983,1.4488379,1.3503465,1.347129,11.896045,11.898395,0.18028,0.17982,0.002835,0.056376,0.059211,52.418927,0.377783,779.822613,244.739142
1579,62200.2538,1551420348.02,2.3876167,1.1129054,136.80036,63.764782,0.20435833,698.4902,1.5760636,1.5384259,0.047803991,-0.016733496,0.1428129,1.5760636,1.5384259,1.379109,1.3461748,11.810676,11.840299,0.19706,0.19187,0.003448,0.042355,0.045803,53.910289,0.979191,587.930364,152.773332
1580,63393.5454,1654520743.77,5.853212,0.53758493,335.364344,30.801348,2.7987719,413.79965,1.5708056,1.5152605,-0.030800986,-0.048279605,0.0876838,1.5708056,1.5152605,1.4441748,1.3931075,11.815264,11.855976,0.19633,0.18873,0.003381,0.048743,0.052124,31.044122,0.94181,328.247831,108.304331
1581,61088.7201,1455383835.93,4.947849,0.57803547,283.490865,33.118993,2.0492284,477.17385,1.5197326,1.489874,0.0052832724,0.033774516,0.1002664,1.5197326,1.489874,1.3812406,1.354103,11.853761,11.873283,0.18933,0.1853,0.003132,0.051422,0.054554,15.906641,0.460388,648.685468,229.029909
1582,63415.1641,1656388597.06,2.8158735,-1.4039611,161.337667,-80.441046,0.73050163,549.05175,1.4882664,1.3309859,0.018263025,-0.0027938774,0.1143124,1.4882664,1.3309859,1.3355917,1.1944459,11.874431,11.954136,0.18508,0.16442,0.002914,0.049909,0.052822,72.900922,0.74484,735.833613,240.263786
1583,62106.3546,1543307454.61,4.068187,-0.29034439,233.089945,-16.635508,0.42619804,560.87625,1.5771168,1.460929,-0.022174857,-0.0077336497,0.1166012,1.5771168,1.460929,1.4124262,1.3083713,11.809972,11.890309,0.1972,0.18144,0.003367,0.021033,0.0244,30.053583,0.910544,431.496257,127.139715
1584,61195.093,1464574452.12,5.857608,-0.35532364,335.616216,-20.358545,2.8006795,829.87977,1.5969779,1.4760376,-0.035020687,-0.03381865,0.1671632,1.5969779,1.4760376,1.3682559,1.2646369,11.793453,11.882599,0.19997,0.18344,0.003487,0.015576,0.019063,55.561577,0.94245,939.354324,302.826013
1586,63134.3447,1632125797.09,1.1780132,0.38589138,67.495185,22.109947,2.4032975,547.48952,1.590193,1.5400782,0.00058599834,-0.035659686,0.1140096,1.590193,1.5400782,1.42745,1.3824641,11.79906,11.83855,0.19902,0.19211,0.003511,0.04569,0.049201,57.397792,0.739617,765.982082,246.164544
1587,61842.8134,1520537491.98,0.12721833,0.79583151,7.289073,45.597787,0.88385314,735.70325,1.7674051,1.6982505,-0.044999473,0.0083728946,0.1497734,1.7674051,1.6982505,1.537177,1.4770307,11.599216,11.689692,0.22501,0.21454,0.004835,0.000285,0.00512,51.600445,0.634177,808.159152,276.795984
1588,62353.8253,1564688928.0,2.7255603,0.89390504,156.163102,51.216986,2.4050305,777.93652,1.7396693,1.4195094,0.047461798,0.04497502,0.1576109,1.7396693,1.4195094,1.5028101,1.2262406,11.638075,11.913806,0.22074,0.17595,0.005231,0.036638,0.041869,33.774444,0.740782,1065.723787,302.457986
1589,61282.0328,1472086055.64,0.63922508,-1.2310917,36.624899,-70.536359,0.32255288,945.76471,1.5064267,1.4318018,0.021221685,0.049970623,0.1881464,1.5064267,1.4318018,1.2678797,1.2050718,11.86321,11.908216,0.18752,0.17756,0.002992,0.040635,0.043627,31.265775,0.948429,745.895976,218.585545
1591,61515.0714,1492220585.13,4.3556198,-0.3859503,249.558632,-22.113323,0.85838702,366.70998,1.5174034,1.4947213,-0.022334356,0.042829174,0.078207,1.5174034,1.4947213,1.4073396,1.3863028,11.854953,11.869736,0.18902,0.18596,0.003135,0.021113,0.024248,50.860097,0.653659,511.982555,134.645213
1592,62042.9203,1537826734.01,1.5010971,1.126913,86.006528,64.567359,0.66635864,494.25443,1.6212983,1.4516123,0.0092262019,0.001758266,0.1036253,1.6212983,1.4516123,1.4690659,1.3153127,11.770681,11.89649,0.20341,0.18019,0.003676,0.019525,0.023201,66.965738,0.786078,487.034446,142.578266
1593,61314.1583,1474861690.97,6.2071326,-1.1523313,355.642501,-66.02372,0.59954532,487.84037,1.5355611,1.4506874,-0.019741089,0.012410905,0.1023655,1.5355611,1.4506874,1.3929691,1.3159768,11.842962,11.897101,0.19147,0.18007,0.003141,0.049037,0.052178,71.804024,0.825592,642.294797,218.324525
1594,64187.8919,1723152280.44,2.1260457,-0.57723524,121.813446,-33.073143,1.1011419,390.2059,1.5012036,1.3689379,-0.03489764,0.039153708,0.0829495,1.5012036,1.3689379,1.3862175,1.2640828,11.866039,11.938092,0.18682,0.16934,0.002955,0.039222,0.042177,21.354348,0.452578,753.563551,211.847359
1595,61021.1647,1449547043.86,0.61044732,-0.12806603,34.976055,-7.337643,2.1050541,483.94018,1.57857,1.4082345,0.013688858,0.038362904,0.1015986,1.57857,1.4082345,1.4329812,1.2783554,11.809046,11.919031,0.1974,0.17448,0.003416,0.02568,0.029096,24.289717,0.509202,712.369964,203.924273
1596,62693.5108,1594037748.18,0.36261096,0.86869016,20.776078,49.77228,2.7932615,922.13578,1.5653021,1.5260406,-0.027062944,-0.0057108063,0.1839034,1.5653021,1.5260406,1.3221536,1.2889909,11.819878,11.849203,0.19556,0.19019,0.003378,0.033703,0.037081,71.684176,0.939944,789.622623,291.042695
1597,61431.3661,1484988449.34,5.9474344,-0.38267534,340.76289,-21.925682,0.19234366,310.10482,1.4323099,1.3910021,0.03601793,0.024875867,0.0666632,1.4323099,1.3910021,1.3427949,1.3040687,11.907812,11.927896,0.17763,0.17221,0.002666,0.020661,0.023326,59.192114,0.981559,297.907974,54.017534
1598,62076.8768,1540760574.66,4.8435546,1.0435849,277.515236,59.79301,1.2352794,571.25808,1.6542548,1.5762043,-0.0022671487,-0.036134835,0.1186058,1.6542548,1.5762043,1.4788541,1.4090793,11.739686,11.810578,0.20809,0.19708,0.003895,0.018672,0.022567,67.979629,0.329257,1082.990695,304.42928
1599,64241.2085,1727758828.89,5.0856264,-1.4092339,291.384929,-80.743155,2.3941149,979.68911,1.6749138,1.6302354,0.0037972029,0.039537141,0.1942077,1.6749138,1.6302354,1.4025314,1.3651188,11.716316,11.762653,0.21111,0.20467,0.004115,0.00474,0.008856,27.157958,0.733406,1198.570175,334.189463
1600,61565.9309,1496614850.91,5.7284753,-0.69829203,328.217458,-40.009186,0.20630503,661.50613,1.4298173,1.3810676,0.041283992,0.012382302,0.135843,1.4298173,1.3810676,1.2588159,1.2158965,11.909424,11.932419,0.17729,0.17092,0.002644,0.058912,0.061556,50.255152,0.978794,514.855813,139.749257
1601,64380.4131,1739786111.48,2.5527672,-0.7839448,146.262787,-44.916728,0.36094862,287.61691,1.5513016,1.3837671,-0.0058461463,0.0060051746,0.0620291,1.5513016,1.3837671,1.460696,1.3029466,11.83089,11.930887,0.19363,0.17127,0.003256,0.032158,0.035414,57.068376,0.935562,261.186981,46.534818
1602,61720.2803,1509950637.6,3.1672615,-0.23459852,181.470717,-13.441505,2.9329095,704.47974,1.5481249,1.2902918,-0.043398506,-0.013932361,0.1439367,1.5481249,1.2902918,1.3533309,1.1279398,11.832728,11.969079,0.19321,0.15919,0.003517,0.040849,0.044366,55.806713,0.978305,754.736653,226.806106
1603,63595.4814,1671968009.2,0.70170235,0.094261778,40.204583,5.400802,1.3048947,755.05975,1.5439312,1.4850209,-0.0040454155,-0.0084962738,0.1533735,1.5439312,1.4850209,1.338622,1.2875455,11.835041,11.876729,0.19265,0.18464,0.003217,0.015821,0.019039,39.489101,0.262779,1062.26806,322.649465
1604,62913.3704,1613033622.9,2.3336198,-0.23556383,133.706566,-13.496813,1.0150572,617.51999,1.5283515,1.4115906,0.020885316,-0.023218984,0.1274833,1.5283515,1.4115906,1.3555424,1.2519835,11.847537,11.917812,0.1905,0.17491,0.003091,0.020215,0.023306,15.923694,0.527571,1034.109548,308.2455
1605,64095.6755,1715184785.23,0.38814134,0.044205964,22.238861,2.532815,2.1042779,501.72329,1.4396196,1.4049958,0.022340106,-0.034743681,0.1050898,1.4396196,1.4049958,1.3027172,1.271386,11.902981,11.92059,0.1786,0.17405,0.00271,0.037544,0.040254,49.975563,0.508534,763.375126,258.586364
1606,62938.9764,1615245978.46,4.4805446,-0.78550269,256.716296,-45.005989,0.48147168,480.93528,1.6518195,1.4574759,-0.00027025429,-0.0068562221,0.1010072,1.6518195,1.4574759,1.5002804,1.323766,11.742499,11.892611,0.20773,0.18098,0.003922,0.031677,0.0356,30.186092,0.886314,542.37243,109.163419
1607,62870.9573,1609369125.87,0.62924908,1.1738644,36.053317,67.257476,2.6126537,669.46929,1.5569065,1.5278278,-0.020644454,-0.046596441,0.1373482,1.5569065,1.5278278,1.3688917,1.3433246,11.825228,11.847879,0.19443,0.19043,0.00335,0.038735,0.042085,42.015255,0.863343,671.421785,182.055655
1608,61684.103,1506824917.31,0.28150431,-0.42099772,16.129009,-24.121393,0.66019497,355.45637,1.5202455,1.4394457,-0.034968764,-0.035465087,0.0759254,1.5202455,1.4394457,1.4129655,1.3378675,11.853469,11.903026,0.1894,0.17858,0.003061,0.030736,0.033796,72.454861,0.789873,337.024391,80.595071
1610,61581.8028,1497986177.08,5.8944582,0.68266592,337.727577,39.113876,3.0030646,935.26948,1.7964235,1.6262466,0.0074393105,0.0062981366,0.186264,1.7964235,1.6262466,1.5143539,1.3708977,11.553925,11.766786,0.2296,0.20409,0.005035,0.000308,0.005343,38.942119,0.99042,751.270584,254.319435
1611,64207.712,1724864737.3,5.2750386,-0.10008515,302.237449,-5.734457,2.3657024,656.11062,1.6600611,1.3468778,-0.023819908,-0.034407577,0.1348217,1.6600611,1.3468778,1.4628387,1.1868629,11.732518,11.948972,0.20895,0.16646,0.004565,0.056247,0.060812,65.388096,0.713798,658.445642,247.4294
1612,62147.4337,1546856689.33,4.8996524,0.29682913,280.729404,17.007056,2.4072649,556.20654,1.698169,1.5082967,0.049652322,-0.04703204,0.1156981,1.698169,1.5082967,1.5220686,1.3518861,11.6898,11.861562,0.21452,0.18778,0.004243,0.027489,0.031732,26.312436,0.742281,492.396944,145.604703
1613,62302.2879,1560236091.9,5.8957585,-1.0111523,337.802079,-57.934759,2.7659935,472.85798,1.6049672,1.5082991,-0.031656342,-0.027511946,0.0994155,1.6049672,1.5082991,1.4598368,1.37191,11.785743,11.86156,0.2011,0.18778,0.003545,0.014358,0.017903,55.34763,0.930288,618.360807,207.778892
1614,63659.3828,1677489092.31,3.136557,0.4935513,179.711478,28.278406,2.5799608,287.82591,1.5486491,1.3425795,-0.025301763,-0.026668824,0.0620723,1.5486491,1.3425795,1.4581391,1.2641131,11.832468,11.950168,0.19328,0.16591,0.003324,0.041499,0.044823,73.620417,0.846387,319.106235,72.521332
1615,62185.8822,1550178639.08,3.6014603,0.63296367,206.348475,36.266147,0.77287593,340.61167,1.5591033,1.3238406,0.036114395,0.028156101,0.0729057,1.5591033,1.3238406,1.4531596,1.2338834,11.823537,11.95684,0.19473,0.1635,0.003479,0.022415,0.025895,21.113586,0.715906,370.921015,89.327626
1617,64332.2186,1735622101.86,3.4285262,0.18653792,196.440081,10.687836,2.6437634,895.15732,1.6855702,1.4677025,-0.013926243,0.001609809,0.179037,1.6855702,1.4677025,1.429616,1.2448316,11.704322,11.886827,0.21267,0.18234,0.004224,0.019157,0.023381,15.499197,0.878621,1011.595132,323.339411
1618,63582.7472,1670867775.35,2.2069731,-0.87265263,126.450244,-49.999313,2.4040022,61.551449,1.3883301,1.3457254,-0.015827435,-0.00072553435,0.0137474,1.3883301,1.3457254,1.3695031,1.3274761,11.928736,11.949367,0.17187,0.16631,0.002468,0.069439,0.071907,41.014968,0.740091,64.678326,8.150468
1619,63091.0023,1628381020.95,2.1052031,0.61122131,120.619253,35.020401,0.72260248,318.60705,1.4865633,1.3682155,-0.037795569,0.026412453,0.068408,1.4865633,1.3682155,1.3913816,1.2806114,11.875631,11.938364,0.18485,0.16924,0.002876,0.024549,0.027425,20.557529,0.750087,313.863882,71.803532
1620,64083.1331,1714101114.55,4.2062435,-0.30302841,241.0,-17.362249,1.1269651,122.6999,1.403999,1.3374141,0.01295689,-0.040842988,0.0271333,1.403999,1.3374141,1.3669103,1.3020843,11.921233,11.951547,0.17392,0.16525,0.00251,0.04375,0.046261,59.903061,0.429403,185.818777,32.69485
1621,61173.6207,1462719244.68,4.1565588,1.0431789,238.153277,59.769748,2.0861277,314.81349,1.4211717,1.2837366,0.0058329001,0.007428847,0.06763,1.4211717,1.2837366,1.3311463,1.2024171,11.912677,11.971377,0.17617,0.15836,0.002584,0.050165,0.052749,69.87292,0.492823,509.135439,105.023034
1622,61899.7194,1525454176.12,4.272224,0.66157654,244.780404,37.905544,1.7766816,331.76473,1.428793,1.4077314,0.022804692,-0.013838709,0.0711005,1.428793,1.4077314,1.3339485,1.314285,11.909803,11.919234,0.17716,0.17441,0.002683,0.05368,0.056363,41.041258,0.204434,527.047578,134.521508
1623,62627.6272,1588345405.47,4.0753407,1.3780323,233.499822,78.955435,2.6182331,818.84765,1.7408183,1.5587334,0.032537294,-0.020674963,0.1651422,1.7408183,1.5587334,1.4940822,1.3378052,11.636247,11.823777,0.22092,0.19468,0.004563,0.007736,0.012299,30.522699,0.866145,1157.921634,323.232201
1625,61794.4249,1516356728.34,3.8669087,0.89740909,221.557548,51.417753,1.2190977,327.45974,1.3742185,1.3279565,-0.016581183,-0.01293576,0.0702206,1.3742185,1.3279565,1.2840516,1.240825,11.936025,11.955316,0.17002,0.16403,0.002404,0.018093,0.020497,41.064199,0.344493,510.297399,136.190486
1626,63603.6682,1672675346.64,4.2669747,-0.9294344,244.479642,-53.252668,2.3365122,290.37704,1.5180852,1.5110088,0.042091041,0.048138085,0.0625993,1.5180852,1.5110088,1.4286525,1.421993,11.854622,11.858896,0.18911,0.18816,0.003177,0.030256,0.033433,58.406869,0.693053,350.438322,89.563078
1627,64217.2281,1725686926.59,2.9277799,0.41312718,167.749432,23.670444,2.7955504,598.20912,1.4483175,1.3507703,-0.048462669,-0.031597977,0.1237885,1.4483175,1.3507703,1.2887812,1.2019791,11.898778,11.947102,0.17975,0.16696,0.002693,0.044422,0.047115,15.54325,0.940722,558.729979,144.972618
1628,62483.1954,1575866502.27,0.64274935,0.15793851,36.826825,9.04921,1.5728807,193.66679,1.4148864,1.3126535,0.023917738,-0.039928951,0.0423545,1.4148864,1.3126535,1.3573946,1.2593158,11.916486,11.961008,0.17534,0.16206,0.002543,0.02217,0.024712,50.367239,0.002084,255.565664,80.941109
1629,62197.4641,1551179316.27,3.3923016,0.50679132,194.364565,29.037004,2.3302068,307.67305,1.376036,1.341215,-0.029394367,0.038305026,0.0661634,1.376036,1.341215,1.2906427,1.2579826,11.935192,11.950471,0.17026,0.16573,0.002426,0.036029,0.038455,51.797501,0.688494,469.734058,175.829344
1632,64365.4276,1738491359.4,6.2529434,0.43105073,358.267266,24.697388,2.2797393,663.23092,1.5984135,1.4940394,-0.0094489486,0.018776288,0.1361692,1.5984135,1.4940394,1.4068445,1.3149796,11.792072,11.870217,0.20017,0.18587,0.003499,0.014934,0.018434,53.261295,0.651032,885.911115,318.415388
1633,62556.9835,1582241793.69,2.096274,-0.40319236,120.107653,-23.101221,1.1718763,316.00921,1.4480549,1.4051805,0.018412835,0.016871231,0.0678753,1.4480549,1.4051805,1.356015,1.3158657,11.898972,11.920481,0.17971,0.17408,0.002738,0.02126,0.023998,29.521325,0.388423,667.579385,240.463685
1635,62711.6694,1595606654.3,3.320889,-0.092815432,190.272924,-5.317933,0.85255392,329.87475,1.57868,1.4072879,-0.0097040729,-0.0045762063,0.0707144,1.57868,1.4072879,1.4744175,1.3143448,11.808975,11.919422,0.19742,0.17435,0.003418,0.035154,0.038572,57.843163,0.658062,570.983081,189.710334
1636,62230.7746,1554057339.4,6.2250634,0.7898834,356.66986,45.256985,2.945766,285.24092,1.5760367,1.4877925,0.036711213,-0.0021027462,0.0615378,1.5760367,1.4877925,1.4846732,1.4015445,11.810695,11.874765,0.19706,0.18502,0.003372,0.020205,0.023577,20.483489,0.980887,248.839947,36.459624
1637,64183.4197,1722765876.24,6.0784722,0.25498916,348.270803,14.609803,0.84315606,610.44658,1.5716239,1.501159,0.02740145,0.040734628,0.1261317,1.5716239,1.501159,1.3955951,1.3330226,11.814494,11.866059,0.19644,0.18682,0.003364,0.038372,0.041736,26.95622,0.665109,737.111936,219.10723
1638,62991.3442,1619770556.14,3.4483301,0.10326236,197.574761,5.916497,0.37324503,626.33818,1.5350344,1.5229722,-0.048942204,0.031152313,0.1291655,1.5350344,1.5229722,1.3594415,1.3487591,11.843383,11.851657,0.1914,0.18976,0.003261,0.044819,0.04808,67.648203,0.931149,656.550208,233.370055
1639,63667.6111,1678200013.16,3.674615,0.93395866,210.539931,53.511889,1.9357271,365.40208,1.6102423,1.4559303,-0.03149532,0.046853739,0.0779422,1.6102423,1.4559303,1.4938114,1.3506572,11.781757,11.893677,0.20183,0.18077,0.003587,0.048939,0.052525,59.323389,0.356885,898.694492,303.001858
1640,63841.3235,1693208769.63,4.9847673,0.14684185,285.606128,8.413418,2.5307358,671.1685,1.469272,1.4350653,-0.039746429,-0.026263326,0.1376691,1.469272,1.4350653,1.2914757,1.2614084,11.886025,11.905409,0.18254,0.178,0.002856,0.02706,0.029916,15.824733,0.819157,674.364674,201.613506
1641,62196.4716,1551093568.28,1.7329225,-0.77532734,99.289145,-44.422984,0.45363663,514.84941,1.4860941,1.4015435,-0.044442449,-0.016051488,0.1076576,1.4860941,1.4015435,1.3416547,1.2653219,11.875963,11.923112,0.18479,0.17359,0.00288,0.025572,0.028452,29.902576,0.898859,493.479089,95.878401
1642,62517.9302,1578867583.79,3.5075728,-0.44544433,200.969118,-25.52208,0.40004526,214.98445,1.4870411,1.4174792,0.021572208,-0.046865467,0.0468648,1.4870411,1.4174792,1.4204711,1.3540232,11.875294,11.915129,0.18492,0.17568,0.002897,0.02221,0.025107,27.864389,0.921043,185.070341,47.67419
1643,63969.6512,1704296282.58,0.4388656,0.3850564,25.145147,22.062107,0.90192959,442.56274,1.6189685,1.4072897,-0.026961699,0.020811318,0.0934183,1.6189685,1.4072897,1.4806487,1.2870551,11.773057,11.919422,0.20307,0.17435,0.003754,0.04464,0.048394,31.24838,0.620097,807.1009,305.041371
1646,62271.3937,1557566836.35,1.4312599,0.35583813,82.005152,20.388023,2.2962664,777.19944,1.5154483,1.4263226,0.035574267,-0.0092500154,0.1574746,1.5154483,1.4263226,1.3092713,1.2322712,11.855883,11.910395,0.18876,0.17684,0.003029,0.051743,0.054772,29.853586,0.663487,850.323009,292.67855
1647,63778.773,1687804402.36,3.3953772,-0.12496236,194.540783,-7.159816,2.3613963,331.84121,1.4290087,1.390429,-0.046023055,-0.011444446,0.0711162,1.4290087,1.390429,1.3341305,1.2981122,11.909734,11.928044,0.17719,0.17214,0.002654,0.01898,0.021634,18.751578,0.710775,560.361847,169.209535
1648,64293.4731,1732274496.35,4.2397564,1.061317,242.920148,60.808985,2.842664,447.59018,1.4432633,1.4004065,-0.0098032733,-0.046168961,0.0944166,1.4432633,1.4004065,1.3187513,1.2795918,11.901988,11.924021,0.17907,0.17343,0.002714,0.065683,0.068398,42.536431,0.955653,453.774147,124.495122
1650,63181.2363,1636177234.82,0.95739307,-0.83525943,54.854582,-47.85684,2.1058097,678.60853,1.4907412,1.4005694,-0.03445473,0.032301095,0.1390727,1.4907412,1.4005694,1.3087323,1.2295698,11.872649,11.923892,0.18542,0.17346,0.002901,0.019647,0.022548,58.964008,0.509853,879.755027,280.843035
1651,63595.6955,1671986509.73,2.1622827,0.097572709,123.889673,5.590504,1.3158579,445.07076,1.6928069,1.47724,-0.0082528056,-3.9904024e-05,0.0939165,1.6928069,1.47724,1.5474736,1.3504139,11.696826,11.881978,0.21372,0.1836,0.004269,0.026911,0.031181,51.403903,0.252186,747.040064,247.209758
1652,63817.8406,1691179845.16,2.6393711,0.46317622,151.224825,26.538043,2.637717,659.20152,1.487413,1.4772051,-0.044295699,-0.0099966778,0.1354069,1.487413,1.4772051,1.3100264,1.3010358,11.875032,11.881996,0.18497,0.18359,0.003,0.051077,0.054077,55.3723,0.875718,631.85732,151.429454
1654,63957.6388,1703258407.83,5.7963353,0.72603414,332.105549,41.598692,1.1178685,401.54575,1.6179965,1.4565882,-0.021323444,0.0026916541,0.0852284,1.6179965,1.4565882,1.4909271,1.342195,11.774073,11.893226,0.20293,0.18086,0.003644,0.051105,0.054748,19.868951,0.4376,834.028324,313.198251
1655,62382.6867,1567182547.37,0.10935474,1.2751659,6.265565,73.061624,0.66874181,792.51071,1.5928571,1.553858,0.032150945,0.046158479,0.1603006,1.5928571,1.553858,1.3727969,1.3391857,11.797247,11.828513,0.19939,0.19399,0.003551,0.035851,0.039402,72.089443,0.784602,868.040384,240.251951
1656,61179.4221,1463220488.05,4.7931221,-0.77068677,274.625667,-44.157099,1.0910519,843.80397,1.7540943,1.3898112,-0.023540466,-0.005216639,0.169708,1.7540943,1.3898112,1.4996002,1.1881694,11.618322,11.928223,0.22295,0.17206,0.005822,0.039294,0.045116,65.30951,0.461552,867.394818,285.134367
1657,62406.5669,1569245802.42,4.2726699,0.82223971,244.805953,47.110865,2.2464298,980.39308,1.5999757,1.5769592,-0.038199079,0.025935807,0.1943331,1.5999757,1.5769592,1.3396394,1.320368,11.79061,11.810074,0.20039,0.19718,0.003637,0.019966,0.023604,63.305419,0.625392,1202.244651,313.745373
1659,63358.1468,1651462301.89,2.3147401,0.062746881,132.624838,3.595131,0.028558279,753.18855,1.5234201,1.3914812,0.010168412,0.014236289,0.1530261,1.5234201,1.3914812,1.3212365,1.2068081,11.851313,11.927784,0.18983,0.17227,0.00307,0.057963,0.061033,64.379028,0.999592,762.742954,236.571517
1660,62576.2264,1583904374.66,4.4322035,1.3859487,253.946554,79.409011,1.0280285,506.0133,1.3771045,1.3464178,0.021707576,0.021913759,0.1059299,1.3771045,1.3464178,1.2452005,1.2174531,11.934652,11.949139,0.1704,0.1664,0.002436,0.021769,0.024205,70.96263,0.516508,825.943766,245.801164
1661,63621.371,1674204874.82,1.5399156,-0.19630108,88.230665,-11.247223,2.0754693,474.27219,1.3749334,1.2582863,0.019956887,-0.035123794,0.0996944,1.3749334,1.2582863,1.2502868,1.1442145,11.935709,11.979952,0.17011,0.1551,0.002379,0.064976,0.067355,47.655238,0.483521,537.811818,147.286849
1662,62249.4385,1555669904.67,6.0798384,0.35514315,348.34908,20.348204,2.4623625,560.19874,1.5029501,1.3754287,-0.046681279,0.036308994,0.1164702,1.5029501,1.3754287,1.3461622,1.2319439,11.865238,11.935482,0.18705,0.17018,0.002961,0.045126,0.048088,27.016921,0.778057,526.507865,141.305165
1665,63221.6045,1639665046.27,4.6241313,1.4733059,264.943207,84.41421,0.4350555,876.81569,1.6987419,1.5334339,-0.011653814,0.02134119,0.175715,1.6987419,1.5334339,1.4448585,1.3042564,11.689057,11.844542,0.21461,0.19118,0.004206,0.023114,0.027321,52.007016,0.906847,1215.374746,355.417132
1666,61652.4693,1504091766.99,4.8619397,0.096538069,278.568625,5.531224,2.3760389,585.67599,1.5374008,1.5058659,0.020400998,-0.032350086,0.1213822,1.5374008,1.5058659,1.3709874,1.3428659,11.841326,11.863616,0.19173,0.18744,0.003228,0.035288,0.038516,59.57289,0.720999,882.951708,271.404432
1667,63622.793,1674327735.64,1.0614219,0.84138634,60.814995,48.207886,0.52234693,890.7424,1.6168852,1.5926093,-0.040506647,-0.0026878182,0.1782384,1.6168852,1.5926093,1.3722904,1.3516868,11.775189,11.797432,0.20277,0.19935,0.003748,0.023602,0.02735,59.275044,0.866651,783.07211,199.179449
1668,62909.9359,1612736878.97,5.2806967,0.23429376,302.561634,13.424044,2.6869191,279.60316,1.3763822,1.2991266,0.042129082,-0.013197343,0.0603708,1.3763822,1.2991266,1.2980197,1.2251625,11.935022,11.965933,0.1703,0.16033,0.002387,0.045405,0.047792,46.286941,0.898404,266.335669,65.080352
1669,61714.2254,1509427489.1,5.6400004,0.27698423,323.148219,15.870027,2.5207751,772.87133,1.5737099,1.4938133,-0.0044472337,-0.028386903,0.1566743,1.5737099,1.4938133,1.3605471,1.2914727,11.812567,11.87038,0.19673,0.18584,0.003366,0.04584,0.049206,19.107523,0.813403,861.788923,249.405454
1673,62021.6891,1535992356.87,4.2077659,0.028309165,241.087227,1.621996,0.4635639,239.17398,1.580934,1.3242243,0.0054513935,0.0053092856,0.0519493,1.580934,1.3242243,1.5028614,1.258829,11.807329,11.956698,0.19773,0.16355,0.003698,0.021041,0.024739,37.266776,0.894465,250.426087,47.006571
1676,63620.1305,1674097691.48,5.2243545,0.27106863,299.333464,15.531088,0.77708072,434.83317,1.453108,1.2384547,0.038483548,0.0049078035,0.0918812,1.453108,1.2384547,1.3308297,1.1342394,11.895525,11.985741,0.18039,0.15259,0.002872,0.020773,0.023646,70.245997,0.712964,335.922606,129.034489
1677,62689.1043,1593657031.66,0.24950634,0.18944174,14.29566,10.854212,2.526325,696.98366,1.4087889,1.4032311,0.024074932,0.022820953,0.14253,1.4087889,1.4032311,1.2330432,1.2281787,11.918818,11.921787,0.17455,0.17382,0.002622,0.030231,0.032853,50.066935,0.816619,760.112502,237.530631
1679,61756.11,1513046325.57,4.1580796,0.6800116,238.240412,38.961795,2.033842,303.93083,1.3782177,1.3069245,-0.014748947,0.023430664,0.0653937,1.3782177,1.3069245,1.2936229,1.2267057,11.934051,11.963108,0.17054,0.16133,0.002398,0.026017,0.028415,47.299917,0.446675,458.989004,104.226276
1681,64385.4492,1740221225.97,4.2573162,-0.66002714,243.92625,-37.816769,2.3488498,887.21603,1.4811213,1.467362,-0.016375709,0.029054579,0.1776001,1.4811213,1.467362,1.2577456,1.2460614,11.879564,11.886996,0.18412,0.18229,0.002958,0.059718,0.062676,31.131211,0.701894,1091.839518,316.99118
1682,63502.9376,1663972223.99,0.9347608,1.2145884,53.557849,69.590789,0.27705205,574.04723,1.428904,1.4216732,0.048130373,-0.02561662,0.1191436,1.428904,1.4216732,1.2767834,1.2703224,11.909768,11.912352,0.17717,0.17624,0.002712,0.028538,0.03125,37.106935,0.961866,590.924024,128.921662
1683,64349.9719,1737155991.36,3.3116485,-0.37001867,189.743482,-21.200508,0.58763929,423.46011,1.3699964,1.3538897,0.036299522,-0.028601564,0.0896143,1.3699964,1.3538897,1.2573223,1.2425403,11.937695,11.945285,0.16947,0.16737,0.00243,0.068929,0.07136,68.720765,0.832252,542.056698,167.302338
1684,62494.8677,1576874983.72,2.7806597,-0.55442449,159.320065,-31.766183,0.42188081,664.48497,1.5639558,1.5583271,-0.0036787484,-0.005266658,0.1364064,1.5639558,1.5583271,1.3762294,1.3712763,11.820771,11.824058,0.19538,0.19462,0.003455,0.025085,0.028541,54.987783,0.91232,510.428381,168.763071
1685,62662.8512,1591388761.03,1.7899041,-0.34097563,102.553951,-19.536465,2.7484489,449.44514,1.56523,1.1736952,-0.049942185,-0.0047339826,0.0947846,1.56523,1.1736952,1.4297151,1.0720787,11.819928,12.004072,0.19555,0.14439,0.004851,0.027104,0.031955,62.243222,0.923709,383.154622,87.972311
1686,64142.8433,1719260075.37,6.1791034,-0.0875919,354.036546,-5.018646,2.0917052,572.98432,1.6953748,1.3342394,0.0386297,0.03243911,0.1189387,1.6953748,1.3342394,1.5151632,1.1924151,11.693329,11.952783,0.21411,0.16484,0.005304,0.051461,0.056765,42.260725,0.497669,944.537978,302.780794
1687,62837.6727,1606493338.49,3.2591631,0.095413404,186.73629,5.466785,1.0326449,630.54568,1.6152756,1.564012,0.028541816,-0.040846297,0.129967,1.6152756,1.564012,1.4294892,1.3841218,11.776764,11.820735,0.20254,0.19539,0.003672,0.029064,0.032737,52.814833,0.51255,1202.717151,315.762846
1689,63475.4762,1661599560.96,5.5062228,-0.44743803,315.483327,-25.636311,2.4529147,441.05207,1.4056526,1.3648865,0.017203329,0.048017136,0.0931182,1.4056526,1.3648865,1.2859109,1.2486175,11.920216,11.939667,0.17414,0.16881,0.002546,0.043578,0.046124,29.903017,0.772087,413.832909,102.843686
1691,61882.6051,1523975496.15,6.2596338,-0.19622587,358.650598,-11.242914,0.70111509,480.21828,1.5527543,1.4830579,-0.044947086,-0.034047823,0.100866,1.5527543,1.4830579,1.4104843,1.3471738,11.829659,11.878163,0.19383,0.18438,0.003253,0.040367,0.043621,57.32765,0.764123,487.172524,140.86401
1692,62563.5426,1582808502.14,5.3150416,-0.13006307,304.529452,-7.452065,2.5492569,890.35066,1.6132517,1.5951796,0.047781651,-0.046379619,0.1781675,1.6132517,1.5951796,1.3692889,1.3539498,11.778803,11.795219,0.20226,0.19971,0.003741,0.025627,0.029368,40.65608,0.829639,1125.472614,317.9332
1693,61432.0745,1485049657.42,5.9356493,0.67306791,340.087654,38.563951,0.44465756,600.71537,1.4916464,1.3748425,-0.046613578,-0.0046813684,0.1242689,1.4916464,1.3748425,1.3267701,1.2228769,11.871978,11.93575,0.18554,0.1701,0.002901,0.028887,0.031788,41.552731,0.902758,599.582604,157.647827
1694,61720.9301,1510006780.85,4.3109962,0.13658258,247.001888,7.825605,1.0612984,527.43474,1.503418,1.4320865,0.037481165,0.0076946605,0.1101124,1.503418,1.4320865,1.3542935,1.2900374,11.865015,11.907993,0.18712,0.1776,0.00298,0.066411,0.069391,53.959339,0.487739,703.457492,189.859493
1695,61003.302,1448003706.78,3.8803484,-0.55612007,222.327586,-31.863333,2.3928815,736.48409,1.7552475,1.4856963,-0.042202572,0.043676311,0.1499189,1.7552475,1.4856963,1.5264099,1.292001,11.616544,11.876245,0.22313,0.18474,0.004997,0.024201,0.029198,71.176837,0.732567,721.847232,258.95662
1697,61137.4277,1459592169.62,0.98357934,1.0464149,56.354945,59.955157,2.4488663,567.18502,1.5236977,1.3406445,-0.017684896,0.022242881,0.1178199,1.5236977,1.3406445,1.3630976,1.1993385,11.851094,11.950604,0.18986,0.16566,0.003135,0.050612,0.053746,18.840381,0.769508,694.48027,202.384058
1698,64420.4934,1743249046.13,4.1801851,-0.25117664,239.506964,-14.391361,1.7367744,419.95932,1.4207779,1.3107825,0.0028835627,-0.036685234,0.0889153,1.4207779,1.3107825,1.3047644,1.2037507,11.91294,11.961697,0.17612,0.16182,0.002569,0.028038,0.030607,64.484594,0.165217,1098.346908,308.415018
1700,61848.2379,1521006175.41,0.59060902,1.0215484,33.839404,58.530412,0.51202256,897.245,1.6681677,1.6063858,-0.029502681,-0.035484719,0.1794144,1.6681677,1.6063858,1.4144034,1.3620198,11.724371,11.784567,0.21011,0.2013,0.004025,0.01276,0.016785,32.542987,0.871755,745.291672,226.804105
1701,63321.5875,1648303576.55,1.7078533,-0.46197966,97.852786,-26.469485,1.9645716,65.486057,1.4129788,1.2846523,0.043609221,0.0069023258,0.0146166,1.4129788,1.2846523,1.3926234,1.2661456,11.917291,11.971058,0.17509,0.15847,0.002542,0.021391,0.023933,41.635167,0.383677,72.812782,4.264417
1702,63936.8489,1701462166.92,0.091525716,1.0836574,5.244037,62.088995,2.3268072,451.29036,1.454892,1.3345789,0.029034446,-0.039190932,0.0951505,1.454892,1.3345789,1.3284859,1.218626,11.894372,11.952642,0.18063,0.16489,0.002725,0.019027,0.021752,16.3148,0.686025,580.626651,178.246668
1704,62927.3116,1614238140.87,3.4426387,-1.3198853,197.248668,-75.623857,2.7474523,698.47715,1.4838184,1.3411424,-0.019387773,-0.011946618,0.1428105,1.4838184,1.3411424,1.2983941,1.1735475,11.877604,11.950488,0.18448,0.16573,0.002876,0.030705,0.033581,33.062765,0.923327,1018.776508,297.47185
1705,61536.0058,1494029314.83,1.7305988,0.90483242,99.156007,51.843079,1.9402216,233.30869,1.3161146,1.2381847,-0.00070414195,0.045398543,0.0507196,1.3161146,1.2381847,1.252584,1.1784159,11.959723,11.985905,0.16251,0.15255,0.002155,0.042191,0.044345,45.157875,0.36108,505.683476,160.246072
1707,63548.4075,1667900828.65,0.68840644,0.6682801,39.442784,38.289629,0.59998611,642.38397,1.6196842,1.5382972,0.039189606,0.011015766,0.1322183,1.6196842,1.5382972,1.4305405,1.3586578,11.772303,11.840432,0.20317,0.19186,0.003654,0.039178,0.042832,18.370565,0.825343,920.331505,298.848542
1708,63100.8799,1629234444.41,2.7167587,1.1180692,155.658807,64.060646,2.5199516,709.71986,1.6159072,1.5544131,0.022552558,-0.021928779,0.1449188,1.6159072,1.5544131,1.4113727,1.3576623,11.776147,11.827899,0.20263,0.19407,0.003658,0.032585,0.036243,44.465744,0.812924,858.095741,253.928911
1709,63559.3771,1668848596.22,1.0861176,-0.85957315,62.229955,-49.249914,1.5906654,216.15675,1.5944385,1.370971,0.0063771797,-0.044054311,0.047112,1.5944385,1.370971,1.5227011,1.3092879,11.795916,11.937328,0.19961,0.1696,0.00364,0.052695,0.056335,70.626638,0.019868,423.117558,112.868843
1710,63694.1132,1680489796.75,2.8552295,-0.22499695,163.5926,-12.891376,2.1515552,632.92724,1.6124921,1.5959125,0.024777448,-0.007422522,0.1304204,1.6124921,1.5959125,1.4264535,1.4117867,11.779588,11.794505,0.20215,0.19982,0.00374,0.018479,0.02222,21.323593,0.548659,796.183451,271.746695
1711,64413.9363,1742682513.19,2.5770939,1.2196272,147.656604,69.879491,0.53861023,263.63359,1.4248733,1.2484223,0.040136382,0.0097683613,0.0570556,1.4248733,1.2484223,1.3479644,1.1810375,11.910771,11.983475,0.17666,0.15384,0.002652,0.035878,0.03853,60.866444,0.858422,275.986329,79.015679
1714,63007.4715,1621163953.88,0.44277444,-0.65606266,25.369107,-37.589622,0.83612369,715.83273,1.6053823,1.5603457,0.049088477,-0.031188102,0.1460632,1.6053823,1.5603457,1.4007799,1.3614831,11.785375,11.822813,0.20116,0.1949,0.00362,0.022144,0.025764,39.580263,0.670344,770.185213,256.525161
1717,62195.7439,1551030690.48,3.675669,0.63830987,210.600321,36.572462,0.82830403,108.02433,1.3530225,1.2224563,0.038281297,-0.03386283,0.0239443,1.3530225,1.2224563,1.3213829,1.19387,11.945799,11.995294,0.16726,0.1505,0.0023,0.069994,0.072294,54.310423,0.676126,136.426064,16.969341
1718,63269.6259,1643814100.01,5.9068708,0.23492494,338.438767,13.460208,0.0076385977,480.21627,1.4893932,1.4374127,0.016529726,0.021859556,0.1008656,1.4893932,1.4374127,1.3529291,1.3057113,11.873629,11.90377,0.18524,0.17832,0.002931,0.018741,0.021672,30.614196,0.999971,365.949182,95.304116
1719,61239.5425,1468414888.47,3.5135747,-1.0627158,201.313001,-60.88913,0.76215519,954.10656,1.6480356,1.5513021,0.039030074,0.0067882281,0.1896402,1.6480356,1.5513021,1.3853227,1.3040095,11.744606,11.830889,0.20722,0.19363,0.003831,0.031133,0.034963,24.569536,0.72335,829.966536,317.417323
1720,64140.8906,1719091367.06,3.1847374,-0.58135218,182.472012,-33.309026,1.211761,226.43892,1.4181098,1.3640237,-0.048529059,0.0092497599,0.0492768,1.4181098,1.3640237,1.3515116,1.2999656,11.914739,11.940027,0.17576,0.1687,0.002584,0.047724,0.050308,24.627757,0.351371,436.570517,85.638343
1721,61417.8335,1483819235.83,3.896654,-0.32799527,223.261828,-18.792745,2.6946591,564.91927,1.4424251,1.4140737,-0.028869945,0.006195746,0.1173824,1.4424251,1.4140737,1.2908965,1.2655235,11.902287,11.916845,0.17896,0.17523,0.002734,0.039807,0.042541,19.229517,0.901777,501.731962,146.182064
1722,62147.4499,1546858092.18,1.7427994,1.2439747,99.85505,71.2745,0.25872003,430.36577,1.5950673,1.5082872,-0.0070210857,0.024977077,0.0909915,1.5950673,1.5082872,1.4620345,1.3824921,11.795327,11.861571,0.1997,0.18778,0.00349,0.041927,0.045417,26.138802,0.966718,374.253565,88.898319
1723,63855.1088,1694399821.1,1.3825879,1.2405706,79.216451,71.07946,0.83116155,383.8138,1.4353921,1.405991,-0.048412109,0.030837515,0.0816621,1.4353921,1.405991,1.3270245,1.2998431,11.905138,11.920037,0.17805,0.17418,0.002699,0.042448,0.045148,54.853163,0.674018,515.586614,181.61048
1724,63090.5933,1628345681.21,1.1245961,1.0979617,64.43461,62.908571,2.8242323,407.30401,1.5333104,1.4409661,-0.029283075,-0.023711773,0.0863832,1.5333104,1.4409661,1.4113901,1.3263885,11.844624,11.902667,0.19117,0.17878,0.003124,0.058685,0.061808,67.901437,0.950062,403.711996,70.321453
1726,62377.7243,1566753799.33,3.9221023,1.0058008,224.719909,57.628141,2.4850262,968.93672,1.7022632,1.6138618,-0.012411092,0.001217598,0.1922904,1.7022632,1.6138618,1.4277253,1.3535811,11.685483,11.778174,0.21512,0.20234,0.004241,0.007927,0.012168,63.847541,0.792093,943.352446,324.066236
1727,62657.0248,1590885361.4,4.8136549,-0.02082364,275.80211,-1.193107,0.3539708,701.09739,1.6078302,1.5236287,-0.028595302,-0.010154045,0.1433023,1.6078302,1.5236287,1.4063037,1.3326561,11.783549,11.851149,0.2015,0.18985,0.003573,0.027392,0.030965,56.108059,0.938004,540.513657,134.477876
1728,63990.9159,1706133549.7,3.7766406,0.87022363,216.385567,49.860141,0.115423,637.81692,1.4629812,1.4163722,0.032849893,0.0037844541,0.1313505,1.4629812,1.4163722,1.2931282,1.2519305,11.889145,11.915754,0.18171,0.17553,0.002805,0.031246,0.034051,21.625912,0.993346,787.266602,305.456876
1729,62190.0154,1550535744.34,2.4002907,-0.83100813,137.526527,-47.613259,0.52019847,397.39199,1.553614,1.3811455,0.038529741,0.046039394,0.0843944,1.553614,1.3811455,1.432702,1.273656,11.828777,11.932374,0.19396,0.17093,0.003277,0.046254,0.049531,32.351247,0.867721,424.643337,111.365369
1730,64043.7739,1710700482.69,2.2772599,0.37342951,130.477381,21.395935,2.4335947,584.06777,1.409916,1.3444013,0.047642022,-0.03291947,0.1210729,1.409916,1.3444013,1.2576488,1.1992095,11.918408,11.949739,0.17469,0.16614,0.002537,0.065403,0.06794,33.588413,0.759665,748.360386,201.180232
1731,61308.4705,1474370269.93,2.996275,0.8111797,171.673912,46.477173,2.419603,301.67365,1.4327777,1.3244716,-0.010093168,-0.022595959,0.064929,1.4327777,1.3244716,1.3454208,1.2437182,11.907418,11.956608,0.17769,0.16358,0.002622,0.028553,0.031174,29.997417,0.750492,351.086723,61.132793
1733,63718.7945,1682622265.41,3.3245766,-1.1083781,190.484208,-63.505387,0.4455284,592.44354,1.5156807,1.4197772,-0.0031343383,-0.0057956561,0.1226823,1.5156807,1.4197772,1.350053,1.2646295,11.855769,11.913623,0.18879,0.17599,0.003028,0.047765,0.050792,45.90034,0.902383,688.202119,178.53617
1734,63966.4167,1704016822.24,4.3542365,-0.24451591,249.479374,-14.00973,2.4238583,767.33285,1.727957,1.4292098,-0.040535952,0.038303708,0.1556491,1.727957,1.4292098,1.4952263,1.236716,11.653692,11.909665,0.21896,0.17721,0.004961,0.031576,0.036538,47.133229,0.753298,725.802528,209.867482
1737,61636.3618,1502700076.22,2.1577711,-1.1687318,123.631177,-66.9634,2.4368088,242.22623,1.4515302,1.3631091,-0.020152372,-0.024918728,0.0525884,1.4515302,1.3631091,1.3790103,1.2950068,11.896543,11.940422,0.18018,0.16858,0.002711,0.055517,0.058228,36.413159,0.761752,381.563904,113.989574
1738,62506.2129,1577855209.39,3.1150729,0.54420814,178.48053,31.18083,0.25029959,653.45187,1.5551364,1.376805,0.026924055,-0.030629366,0.1343181,1.5551364,1.376805,1.370988,1.2137733,11.827088,11.934807,0.19417,0.17036,0.003296,0.023266,0.026562,36.22735,0.968838,627.768863,174.382927
1739,61579.2492,1497765549.86,1.7626345,0.099565153,100.991518,5.704663,1.2156334,379.19569,1.3698613,1.3557413,-0.032747588,0.035040508,0.0807307,1.3698613,1.3557413,1.2675326,1.2544673,11.937746,11.944205,0.16946,0.16762,0.002434,0.055231,0.057664,64.713336,0.347743,662.24082,194.051015
1740,63473.1145,1661395506.61,1.7696203,-0.019403233,101.391775,-1.111723,0.88620769,303.75363,1.5021421,1.4263325,0.00098473868,-0.0055555968,0.0653572,1.5021421,1.4263325,1.4099891,1.3388303,11.865609,11.910393,0.18695,0.17685,0.002969,0.062293,0.065262,62.357571,0.632354,399.20592,102.026258
1741,62873.7172,1609607583.06,5.235036,-0.48875644,299.945468,-28.003681,2.4590306,124.58847,1.4366302,1.3925662,0.0049889691,0.02546963,0.0275426,1.4366302,1.3925662,1.3981223,1.3552394,11.904221,11.927554,0.17822,0.17241,0.002682,0.02663,0.029312,33.46775,0.775959,136.869519,34.38063
1742,63223.6317,1639840198.04,1.5773626,0.38473038,90.37622,22.043427,0.23416764,235.32686,1.3438037,1.3379992,0.0085867461,-0.027226606,0.051143,1.3438037,1.3379992,1.2784214,1.2728993,11.949887,11.951347,0.16606,0.16533,0.002341,0.03014,0.032481,69.827307,0.972708,215.705538,32.336747
1743,61687.7044,1507136076.81,2.6955521,0.37612812,154.443759,21.550554,0.45894543,573.55192,1.5737875,1.3676009,0.04306416,-0.018348731,0.1190481,1.5737875,1.3676009,1.4063626,1.2221109,11.812498,11.938598,0.19675,0.16916,0.003466,0.064941,0.068406,72.168901,0.89652,521.854968,145.907698
1744,61741.1105,1511750366.68,6.0879051,-0.26623481,348.811268,-15.254131,0.82770759,125.37823,1.4935344,1.2911989,0.0099991167,-0.04640506,0.0277137,1.4935344,1.2911989,1.4532592,1.25638,11.870582,11.968758,0.1858,0.15931,0.003028,0.026903,0.029931,34.604553,0.676566,150.368629,21.795146
1745,61145.2406,1460267209.23,5.5713428,0.45946008,319.214429,26.325123,0.53570312,873.09536,1.8132639,1.6914675,-0.023271643,-0.044310542,0.1750399,1.8132639,1.6914675,1.543151,1.439498,11.52584,11.699107,0.23232,0.21351,0.005191,0.000356,0.005547,36.265497,0.85991,755.821346,339.03755
1746,62127.2364,1545111640.64,1.2010814,0.66085454,68.816895,37.864176,1.340515,204.21501,1.3495425,1.3467157,-0.038426374,0.0053553803,0.0445897,1.3495425,1.3467157,1.2919355,1.2892293,11.947763,11.949032,0.1668,0.16643,0.00237,0.043552,0.045922,45.338049,0.228251,332.611231,73.701348
1747,62959.1063,1616985203.59,5.2319521,0.74199339,299.768774,42.51309,2.8026101,766.18481,1.5273093,1.5027168,-0.031695321,-0.047091053,0.1554365,1.5273093,1.5027168,1.3218461,1.300562,11.84824,11.865346,0.19036,0.18702,0.003186,0.026588,0.029774,71.467249,0.943093,925.625946,336.208136
1749,64002.7722,1707157935.99,5.4446766,0.27405316,311.95699,15.702089,2.110978,231.94226,1.4729395,1.2017605,0.012092393,0.012945953,0.0504329,1.4729395,1.2017605,1.4022214,1.1440622,11.884126,11.997133,0.18303,0.14792,0.003203,0.063593,0.066796,67.579166,0.514292,306.870839,72.672837
1750,63334.2461,1649397278.11,1.218726,-0.99587077,69.827856,-57.059192,0.5974453,668.69763,1.5992343,1.3761875,-0.029926135,0.038653246,0.1372025,1.5992343,1.3761875,1.4062881,1.2101517,11.791303,11.935118,0.20029,0.17028,0.003668,0.037829,0.041497,21.154078,0.826775,660.524678,192.453402
1752,62523.8871,1579382266.2,5.639597,-0.48353336,323.125106,-27.704421,0.49201019,769.49023,1.6808632,1.6232116,0.014279241,-0.032499044,0.1560486,1.6808632,1.6232116,1.4539728,1.4041033,11.710404,11.769096,0.21196,0.20367,0.00413,0.006802,0.010931,38.563845,0.881385,706.558088,272.257993
1753,64335.9204,1735941940.59,3.3790795,-0.57225428,193.606994,-32.787755,1.4505501,597.92089,1.6465881,1.4257678,0.027986945,0.031805473,0.1237332,1.6465881,1.4257678,1.4652838,1.2687778,11.746162,11.910524,0.20701,0.17677,0.003962,0.029525,0.033487,48.202271,0.119957,1041.542464,303.799102
1755,63517.3582,1665218166.65,0.37842915,-0.96899783,21.682393,-55.519486,2.8054399,529.12285,1.3615314,1.3351711,0.0055093564,0.01647628,0.1104411,1.3615314,1.3351711,1.2261176,1.202379,11.941142,11.952401,0.16838,0.16496,0.002379,0.048862,0.05124,45.187948,0.944031,461.016096,128.070624
1756,64255.5782,1729000375.35,1.8116216,1.2488612,103.798272,71.554476,0.90666859,392.15638,1.3990301,1.3779114,0.00044622772,-0.0025718173,0.083342,1.3990301,1.3779114,1.2914021,1.2719081,11.925053,11.93422,0.17325,0.1705,0.002547,0.026018,0.028565,26.631784,0.616372,467.105015,130.08156
1757,62846.5579,1607261021.12,2.7742225,0.015479881,158.951241,0.886932,0.24874538,818.15453,1.6438105,1.5042058,0.0011078695,0.014042347,0.1650151,1.6438105,1.5042058,1.4109778,1.291147,11.749522,11.864617,0.2066,0.18722,0.003793,0.024663,0.028456,66.529006,0.969222,835.894284,245.225346
1758,61906.165,1526011070.7,5.9875746,-0.62967718,343.062754,-36.077845,0.59152977,553.9651,1.6154173,1.3461487,-0.019869495,0.029081966,0.1152642,1.6154173,1.3461487,1.4484615,1.2070222,11.776625,11.949231,0.20257,0.16636,0.003972,0.063979,0.06795,55.616447,0.830089,526.12263,169.794373
1760,61184.8934,1463693207.96,1.1636814,-0.74189873,66.674033,-42.507666,0.73839994,469.97327,1.5240995,1.4086505,0.019373191,-0.038615908,0.0988463,1.5240995,1.4086505,1.3869997,1.2819359,11.850773,11.91887,0.18992,0.17453,0.003069,0.029587,0.032656,65.274502,0.739547,735.243976,287.905912
1761,63541.297,1667286477.09,5.2347034,-0.37489397,299.926412,-21.479842,0.6067217,888.28482,1.6785925,1.6400459,-0.032606068,0.014777057,0.1777936,1.6785925,1.6400459,1.4252009,1.3924731,11.712501,11.753056,0.21164,0.20607,0.00416,0.006053,0.010213,66.525857,0.821522,781.22096,260.793347
1762,61424.5605,1484400444.6,0.82349929,-0.71827317,47.183034,-41.154021,0.12469612,921.43935,1.6031073,1.4801981,0.0060893351,-0.027691167,0.183778,1.6031073,1.4801981,1.3542296,1.2504017,11.787546,11.8802,0.20084,0.18399,0.003525,0.027419,0.030943,59.901351,0.992236,796.971259,218.209979
1764,62059.7129,1539277616.79,3.4343295,-0.3801594,196.772586,-21.781529,2.6401249,628.16647,1.6334466,1.4948087,-0.0073187382,0.047408999,0.1295139,1.6334466,1.4948087,1.4461501,1.3234089,11.759341,11.869675,0.20513,0.18597,0.003724,0.040605,0.044329,41.352636,0.876878,736.824636,238.682267
1765,62863.6482,1608737620.54,5.1602652,-0.24110279,295.661417,-13.814172,1.8723842,171.06639,1.4817777,1.3543359,-0.0059531922,-0.046212934,0.0375422,1.4817777,1.3543359,1.4281614,1.3053309,11.879097,11.945022,0.1842,0.16743,0.002856,0.02406,0.026915,51.632805,0.297037,262.602565,72.524694
1767,62975.4581,1618397994.14,1.1285165,-0.22857737,64.659233,-13.096519,1.7016202,237.78917,1.3953267,1.2457472,0.014125265,0.010702649,0.0516592,1.3953267,1.2457472,1.3267861,1.1845541,11.926898,11.984057,0.17276,0.15351,0.002487,0.068925,0.071412,24.621924,0.130451,458.206395,179.29693
1768,63102.0412,1629334776.77,3.6598359,1.0044412,209.693151,57.550242,2.2914778,474.35814,1.5120723,1.4141934,-0.024183001,-0.0049373955,0.0997114,1.5120723,1.4141934,1.374972,1.2859678,11.857969,11.916794,0.18831,0.17525,0.003008,0.039513,0.042521,55.418725,0.659897,522.575143,132.696329
1769,61581.8937,1497994029.9,1.0815836,0.082994686,61.970175,4.755245,2.7778257,405.38888,1.4161984,1.4154622,0.0053240362,0.023367779,0.0859993,1.4161984,1.4154622,1.3040509,1.303373,11.915845,11.916215,0.17551,0.17541,0.002667,0.02954,0.032207,25.755195,0.934563,484.166692,141.62728
1770,62329.0809,1562551009.22,0.33727726,0.25857845,19.324564,14.815454,0.7149985,263.4663,1.366369,1.3383787,0.016000351,-0.042682622,0.0570208,1.366369,1.3383787,1.2926605,1.2661801,11.939074,11.951224,0.169,0.16537,0.002396,0.021449,0.023845,56.636975,0.755094,290.93295,66.174507
1771,63160.1798,1634357952.28,5.1958753,-1.0307197,297.701726,-59.055889,0.55989239,572.0551,1.3778533,1.2516288,0.005242125,0.0045925504,0.1187595,1.3778533,1.2516288,1.2315902,1.1187648,11.934252,11.982402,0.17049,0.15425,0.002395,0.02662,0.029015,28.77589,0.847312,567.619437,151.622382
1772,64394.366,1740991642.67,5.3548204,-0.62329063,306.808609,-35.711923,2.1417802,237.79635,1.4080601,1.3782347,0.033316442,-0.030902812,0.0516607,1.4080601,1.3782347,1.3388921,1.3105318,11.9191,11.934042,0.17445,0.17054,0.002573,0.044616,0.047188,22.053078,0.54046,223.649844,71.442459
1773,63546.709,1667754074.04,1.9448318,-1.3029157,111.430654,-74.651571,0.8478491,479.97623,1.5719644,1.3354587,0.043298382,-0.043854425,0.1008184,1.5719644,1.3354587,1.4279961,1.2131508,11.814174,11.952286,0.19649,0.165,0.003557,0.033957,0.037513,24.917069,0.661598,594.468694,160.87257
1774,64229.1131,1726713794.15,1.4164209,-0.23933518,81.15494,-13.712896,0.9153986,436.39068,1.7069553,1.6100566,-0.024868484,0.048851894,0.0921912,1.7069553,1.6100566,1.5628722,1.4741527,11.679397,11.781915,0.21583,0.2018,0.004268,0.007338,0.011605,15.119528,0.609475,1105.471317,366.77222
1775,63667.7422,1678211344.43,6.0977989,-0.28115021,349.378141,-16.10872,0.96039815,306.80236,1.518639,1.4574982,0.035672375,-0.0085772177,0.0659844,1.518639,1.4574982,1.4246353,1.3672791,11.854343,11.892596,0.18918,0.18098,0.003073,0.037107,0.04018,58.124377,0.573194,399.725604,88.313966
1776,63071.0094,1626653629.39,0.80455798,0.96008416,46.097777,55.00877,2.4105112,612.98989,1.6008113,1.3863211,-0.0085620642,0.038573455,0.126618,1.6008113,1.3863211,1.4208999,1.2305157,11.789821,11.929591,0.20051,0.17161,0.00365,0.027989,0.031639,58.944063,0.744453,549.977653,173.62911
1777,61672.0818,1505786284.83,1.9026488,1.1680812,109.013746,66.926123,2.5034568,716.66712,1.7127834,1.4850718,-0.038121589,0.012715661,0.1462193,1.7127834,1.4850718,1.4942895,1.2956263,11.673082,11.876692,0.21668,0.18465,0.004461,0.024894,0.029355,45.896001,0.803208,795.451818,242.10792
1779,63333.3998,1649324159.13,1.730667,1.178875,99.159915,67.544562,2.761907,918.63432,1.6152773,1.4554458,0.027853767,-0.0017121658,0.1832731,1.6152773,1.4554458,1.3650926,1.2300168,11.776763,11.894004,0.20255,0.1807,0.003624,0.044489,0.048113,24.681768,0.928781,904.783554,290.92473
1780,63181.8285,1636228398.75,2.4818172,-0.67479356,142.197651,-38.662823,2.0150694,676.65496,1.4566078,1.4301474,-0.024536904,-0.013495645,0.1387043,1.4566078,1.4301474,1.27918,1.2559427,11.893213,11.909271,0.18086,0.17734,0.002807,0.025557,0.028364,20.01326,0.429802,1124.103683,287.358522
1781,63108.6421,1629905095.15,5.64888,0.95357817,323.656983,54.636005,0.99320032,522.68446,1.5767083,1.3301304,0.020057045,-0.0021500242,0.1091867,1.5767083,1.3301304,1.4214995,1.1991944,11.810238,11.954478,0.19715,0.16431,0.003626,0.025383,0.029009,16.147738,0.546012,775.070313,217.327917
1782,62714.2505,1595829664.48,3.9812262,0.23419371,228.107459,13.418311,0.71883222,683.76528,1.7029625,1.5701878,0.036886338,0.04033912,0.1400442,1.7029625,1.5701878,1.4937688,1.3773043,11.684747,11.815838,0.21522,0.19624,0.004218,0.004745,0.008963,24.944891,0.752575,720.262603,198.473882
1783,62850.2981,1607584175.05,3.59494,-0.4407013,205.97489,-25.250325,2.5608213,252.74778,1.4318936,1.4148564,-0.0076747479,0.011638038,0.0547873,1.4318936,1.4148564,1.3575188,1.3413665,11.908145,11.9165,0.17757,0.17533,0.002705,0.055304,0.058009,68.451332,0.83604,243.706194,48.658591
1785,62170.5488,1548853838.2,5.8631843,-1.076171,335.935715,-61.660056,0.31138874,635.74355,1.4875683,1.3704071,0.0030594761,-0.049778961,0.1309562,1.4875683,1.3704071,1.3153191,1.2117243,11.874923,11.937541,0.18499,0.16953,0.002881,0.051399,0.05428,29.492211,0.951909,560.521333,143.578026
1786,62817.5944,1604758576.26,0.32413861,0.78749588,18.571774,45.12019,0.56203744,499.07203,1.3951978,1.3883697,0.010059093,0.030035191,0.1045703,1.3951978,1.3883697,1.2631137,1.256932,11.926937,11.928721,0.17275,0.17187,0.002558,0.042271,0.044829,36.25628,0.846171,420.167804,110.921141
1787,61691.4457,1507459323.88,1.2373798,0.50698745,70.89664,29.048241,2.1366674,491.14151,1.6727145,1.5321646,-0.0075955111,0.026313195,0.1030141,1.6727145,1.5321646,1.5164942,1.3890707,11.718991,11.84534,0.21078,0.19101,0.003995,0.029405,0.0334,21.320729,0.536151,1226.729428,359.031478
1788,63818.1104,1691203155.76,0.17077598,-0.9199465,9.784743,-52.709052,0.9762888,752.12487,1.5413708,1.5271234,-0.04904959,-0.037668653,0.1528285,1.5413708,1.5271234,1.3370339,1.3246752,11.837216,11.848374,0.19229,0.19033,0.003293,0.048936,0.052229,28.341678,0.560101,1156.086697,301.541964
1789,61650.2193,1503897369.1,6.0795709,0.92060528,348.333754,52.746797,0.37940732,862.42765,1.4377708,1.3905205,0.014082569,-0.021178278,0.1731013,1.4377708,1.3905205,1.2256152,1.1853371,11.9036,11.928019,0.17837,0.17215,0.002683,0.047696,0.050379,46.153474,0.928884,804.27421,253.338343
1790,61297.382,1473412224.06,1.0034183,-0.33701103,57.491634,-19.30931,0.66683006,435.91764,1.5080793,1.4307809,-0.0030112399,0.0025089419,0.0920971,1.5080793,1.4307809,1.3809023,1.3101225,11.861771,11.908923,0.18775,0.17742,0.002998,0.059898,0.062897,51.465161,0.785786,439.02061,105.155199
1791,62526.8611,1579639216.37,3.8636525,-0.10108928,221.370982,-5.791989,1.4494876,205.43167,1.2795147,1.2173674,0.047244399,-0.019328666,0.0448471,1.2795147,1.2173674,1.2245952,1.1651154,11.972837,11.991935,0.15782,0.14991,0.002033,0.0286,0.030633,29.721139,0.121011,731.636161,315.685343
1792,63304.076,1646790587.71,2.4218519,-0.26661535,138.761892,-15.275934,2.2290452,766.77545,1.6176513,1.4602634,-0.00020014656,-0.036667926,0.1555459,1.6176513,1.4602634,1.3999022,1.2637,11.774424,11.890727,0.20288,0.18135,0.003637,0.018761,0.022398,18.46393,0.611733,1000.470888,304.750793
1794,62532.0089,1580083985.86,3.8350354,1.1583211,219.731343,66.36691,1.4105419,104.52175,1.3641863,1.3567237,0.0016309766,-0.036404104,0.023181,1.3641863,1.3567237,1.3332796,1.325986,11.939958,11.943647,0.16872,0.16775,0.002422,0.03176,0.034182,38.461972,0.159569,163.877959,37.915523
1795,61968.6395,1531408867.5,3.3407339,0.46415306,191.409953,26.594011,0.93979545,436.35729,1.4771908,1.3968267,0.048144165,0.049000524,0.0921845,1.4771908,1.3968267,1.3525103,1.2789292,11.882004,11.92634,0.18359,0.17296,0.002838,0.020028,0.022867,29.052202,0.589953,596.536478,140.065064
1796,62953.5991,1616509384.01,5.9193633,0.57866812,339.154534,33.155241,2.1597075,246.19954,1.3269791,1.2130633,-0.006362929,0.016733331,0.0534195,1.3269791,1.2130633,1.2596872,1.1515481,11.955683,11.992281,0.1639,0.14938,0.002195,0.045834,0.048029,28.173235,0.555456,355.941485,84.482373
1798,62214.5082,1552651924.23,2.521872,-1.3831799,144.492622,-79.250371,2.1337073,472.57621,1.5525898,1.4787958,-0.035472872,-0.018189334,0.0993599,1.5525898,1.4787958,1.412267,1.3451425,11.829816,11.881097,0.19381,0.1838,0.003247,0.05805,0.061297,72.591768,0.53365,664.724731,179.324588
1799,64265.0369,1729817607.49,5.9059911,0.54521991,338.388364,31.2388,1.2479225,161.55175,1.3453311,1.2555441,-0.015993766,0.016767021,0.0355066,1.3453311,1.2555441,1.2992009,1.2124927,11.949486,11.980912,0.16626,0.15475,0.00226,0.019735,0.021996,51.978029,0.317293,277.450128,74.284897
1800,64229.258,1726726308.22,1.461356,-0.72583563,83.729531,-41.587318,0.72861472,907.13186,1.6291701,1.4309835,-0.033054801,-0.031855798,0.1811999,1.6291701,1.4309835,1.3792502,1.211466,11.763791,11.908796,0.20451,0.17745,0.003782,0.01988,0.023662,48.412707,0.746097,1115.235366,307.020943
1801,62758.3014,1599635656.36,2.9872313,-0.15250318,171.155746,-8.737789,2.9757271,786.12701,1.5314664,1.5029272,0.0043861643,0.0089495008,0.1591234,1.5314664,1.5029272,1.3212281,1.2966067,11.845743,11.865249,0.19092,0.18705,0.003201,0.035755,0.038955,39.946506,0.986276,936.499269,330.540063
1802,62147.594,1546870537.79,2.9213338,0.61543455,167.380097,35.261802,2.8696112,790.33686,1.6858009,1.3947371,0.0018119847,0.0060913079,0.1598999,1.6858009,1.3947371,1.4534021,1.2024634,11.704047,11.927066,0.2127,0.17269,0.004584,0.05309,0.057674,40.73666,0.96324,617.813568,169.406505
1804,63579.9634,1670627259.98,3.1701046,0.044004533,181.633614,2.521274,0.86540061,650.88565,1.6066105,1.4620541,0.037332636,-0.023897068,0.1338316,1.6066105,1.4620541,1.4169745,1.2894808,11.7844,11.889648,0.20133,0.18159,0.003556,0.027895,0.031451,47.4543,0.648335,876.256918,258.512829
1805,61128.4953,1458820412.11,1.6074456,0.52257826,92.099849,29.941529,2.141835,345.59038,1.4094317,1.3936331,0.040024156,0.024341141,0.0739198,1.4094317,1.3936331,1.312418,1.2977069,11.918581,11.927331,0.17463,0.17255,0.002604,0.043847,0.046451,56.785788,0.540506,549.897583,129.744834
1806,62661.6915,1591288565.43,5.479913,0.32826351,313.975887,18.808114,0.59596131,583.61547,1.5056683,1.2282883,-0.035999253,0.015160301,0.1209859,1.5056683,1.2282883,1.3431643,1.0957214,11.86375,11.996537,0.18742,0.1512,0.003396,0.019722,0.023118,57.128766,0.827609,678.888143,197.739871
1807,62177.1319,1549422612.43,2.7194062,0.50741663,155.810498,29.072831,0.22925106,811.24457,1.5920413,1.5792671,0.009566597,-0.0084731902,0.163747,1.5920413,1.5792671,1.3680304,1.3570536,11.797835,11.808585,0.19928,0.1975,0.003614,0.014725,0.018339,25.301634,0.973837,543.550034,124.480926
1808,64221.8756,1726088469.66,3.3338242,0.40769987,191.014056,23.359482,0.45609621,372.27792,1.5719292,1.4649266,-0.0033094454,0.045364065,0.0793334,1.5719292,1.4649266,1.4563889,1.3572513,11.814207,11.888172,0.19648,0.18197,0.003338,0.059865,0.063203,45.006765,0.897779,389.582154,83.054034
1809,61042.0106,1451348133.45,3.6996204,-0.71822697,211.972635,-41.151374,2.3363186,781.90901,1.5770337,1.5618784,0.016003508,-0.045487303,0.1583448,1.5770337,1.5618784,1.3614545,1.3483709,11.810025,11.821988,0.19719,0.1951,0.00351,0.045832,0.049342,39.717486,0.692914,1207.750301,348.009334
1810,62934.8521,1614889636.42,5.9585724,-0.20520623,341.40105,-11.757451,0.9839148,233.4082,1.4122195,1.2400388,-0.016632482,0.0039545421,0.0507405,1.4122195,1.2400388,1.3440231,1.180157,11.917581,11.985009,0.17499,0.15279,0.002591,0.017884,0.020475,67.231618,0.553767,333.884182,64.50202
1811,63592.3225,1671695084.91,2.2514997,0.49888405,129.00143,28.583951,2.7659199,331.17488,1.4549033,1.3771063,0.042190267,-0.0095413471,0.07098,1.4549033,1.3771063,1.3584784,1.2858375,11.894364,11.934651,0.18063,0.1704,0.002733,0.066669,0.069402,52.885135,0.930261,333.803731,113.210997
1812,62697.563,1594387857.43,5.3312407,0.35517189,305.457592,20.34985,0.72984097,615.05757,1.5341339,1.5091894,0.016532221,-0.0036495944,0.1270131,1.5341339,1.5091894,1.3612388,1.3391055,11.844057,11.860679,0.19128,0.1879,0.003224,0.043674,0.046898,46.950244,0.74528,1096.772944,318.902656
1813,61298.9106,1473544294.32,0.38268127,0.64143237,21.926022,36.751368,2.2846841,641.64528,1.6440917,1.5057004,-0.037482059,-0.02372639,0.132078,1.6440917,1.5057004,1.4522777,1.3300324,11.7492,11.863729,0.20664,0.18742,0.003795,0.040594,0.044389,21.923679,0.654777,697.354001,211.571984
1814,64403.6149,1741790742.34,2.5242593,-0.22400582,144.629404,-12.834588,0.44567286,622.04061,1.629749,1.5389895,0.040775243,0.0072746257,0.1283461,1.629749,1.5389895,1.4443698,1.3639339,11.763168,11.839708,0.2046,0.19195,0.003711,0.024409,0.02812,51.338273,0.902321,694.984268,217.672929
1816,62813.0365,1604364772.45,0.77838297,-0.15771195,44.598059,-9.036229,2.8290126,431.19445,1.3367049,1.23217,-0.031782749,-0.040014185,0.0911566,1.3367049,1.23217,1.2250348,1.1292329,11.951804,11.992555,0.16516,0.15173,0.002227,0.044987,0.047214,22.032234,0.951543,538.902778,188.928146
1817,63149.6519,1633448338.28,5.3232225,-0.48726264,304.998183,-27.918093,1.0925859,436.33508,1.5813483,1.4034746,0.036031385,0.047932971,0.0921801,1.5813483,1.4034746,1.4478823,1.2850212,11.806979,11.921607,0.19778,0.17385,0.003445,0.039621,0.043065,35.232395,0.460191,548.653361,191.479562
1819,61828.1342,1519269216.29,4.5629723,0.0041150315,261.439055,0.235774,0.65140458,759.98828,1.5745089,1.4816336,-0.031961375,-0.049331963,0.154288,1.5745089,1.4816336,1.364052,1.2835909,11.811877,11.8792,0.19685,0.18419,0.00336,0.043974,0.047334,23.570518,0.795233,950.487287,297.471335
1820,62692.2433,1593928238.94,3.3519213,0.55335415,192.050944,31.704857,2.390426,627.88291,1.5212416,1.4776701,0.0084491574,-0.0304753,0.1294598,1.5212416,1.4776701,1.3468753,1.308298,11.852863,11.881744,0.18953,0.18365,0.003113,0.022484,0.025598,56.524419,0.730893,902.487498,273.95301
1821,62502.0232,1577493224.37,1.8117266,-0.39760261,103.804288,-22.780951,2.8019469,360.31529,1.4240598,1.2267693,0.010863562,-0.0014866847,0.0769113,1.4240598,1.2267693,1.3223557,1.1391553,11.911065,11.997088,0.17655,0.151,0.002692,0.019209,0.021901,27.375127,0.942873,340.150092,60.085727
1822,61262.1354,1470366920.62,2.7774332,-0.8146443,159.1352,-46.67568,0.76664652,621.55327,1.5698877,1.4004232,-0.00061988409,0.0050388345,0.1282531,1.5698877,1.4004232,1.3914322,1.2412314,11.816114,11.924008,0.1962,0.17344,0.003364,0.031284,0.034648,38.511562,0.720241,810.349039,288.629771
1823,61371.5612,1479821308.91,5.5058975,-0.25131458,315.464689,-14.399265,1.2531328,459.68949,1.4241362,1.3753547,-0.020695534,0.015636256,0.096814,1.4241362,1.3753547,1.29843,1.2539543,11.911034,11.935516,0.17656,0.17017,0.002618,0.054178,0.056796,68.740487,0.312348,782.74878,269.168445
1824,63931.1538,1700970107.93,5.4466787,-0.45703924,312.071702,-26.18642,2.8122003,537.8861,1.585705,1.4710052,-0.0045218999,-0.049188972,0.1121456,1.585705,1.4710052,1.4258071,1.3226733,11.802815,11.885121,0.1984,0.18277,0.003418,0.023506,0.026924,27.258983,0.946239,622.060924,334.389929
1825,61839.3698,1520239971.55,1.5538847,0.57892946,89.031035,33.170215,2.9746798,498.39088,1.5766526,1.3725072,0.049077391,0.043504173,0.1044367,1.5766526,1.3725072,1.4275627,1.2427215,11.810275,11.936733,0.19714,0.1698,0.003476,0.049867,0.053343,45.468304,0.986102,424.664429,121.579505
1827,61682.354,1506673799.3,1.1209885,-0.55191025,64.22791,-31.622128,0.53960528,486.55335,1.4917652,1.4709887,-0.0098166427,-0.027238824,0.1021125,1.4917652,1.4709887,1.3535507,1.3346992,11.871889,11.88513,0.18556,0.18277,0.002999,0.063948,0.066947,40.1563,0.857912,454.943947,125.064054
1830,62767.1901,1600403640.86,0.0027352527,0.33234707,0.156718,19.042084,0.20574621,634.4714,1.4770914,1.4540269,-0.0157384,0.04726378,0.1307142,1.4770914,1.4540269,1.3063349,1.2859367,11.882057,11.894935,0.18358,0.18051,0.002917,0.021391,0.024308,16.087442,0.978909,787.239391,243.150031
1831,63690.615,1680187550.52,1.5099107,-0.23443166,86.511511,-13.431945,2.3886738,658.90708,1.5785711,1.4709498,-0.0081838589,0.012145902,0.1353512,1.5785711,1.4709498,1.3903813,1.2955901,11.809045,11.88515,0.1974,0.18277,0.003377,0.044729,0.048106,62.565487,0.729696,1220.775371,314.903549
1833,61216.8128,1466451045.22,5.4416766,1.104857,311.785103,63.303643,0.50894251,636.62396,1.6358084,1.5482988,0.0035597065,0.019308877,0.1311236,1.6358084,1.5482988,1.44618,1.3688148,11.756772,11.832642,0.20547,0.19323,0.003756,0.022154,0.02591,19.142754,0.87326,542.970302,160.028378
1835,63018.8277,1622145132.9,1.3287255,0.049243036,76.130363,2.821418,1.3671523,206.40738,1.3935239,1.2401972,0.026256597,0.022506409,0.0450534,1.3935239,1.2401972,1.3334475,1.1867309,11.927355,11.984954,0.17253,0.15281,0.002484,0.063564,0.066048,43.455301,0.202239,556.814412,191.588322
1836,61417.2365,1483767655.91,4.3587704,-0.75065293,249.739148,-43.009245,1.9294851,194.11882,1.561761,1.3634302,0.0061243275,-0.0042585925,0.0424505,1.561761,1.3634302,1.4981633,1.3079089,11.822052,11.940281,0.19508,0.16862,0.003376,0.02564,0.029016,48.640698,0.351047,291.799768,77.842951
1837,61127.6137,1458744239.77,0.22600286,0.42193121,12.94901,24.174878,2.2171481,556.21063,1.4253526,1.3564158,0.017607849,-0.030103976,0.1156988,1.4253526,1.3564158,1.2775424,1.2157544,11.91063,11.943821,0.17672,0.16771,0.002603,0.053689,0.056292,52.705587,0.602278,633.508515,153.30271
1838,61184.6038,1463668189.13,5.7682225,-0.92931749,330.494805,-53.24597,2.8012745,567.76845,1.6945507,1.4766389,-0.014907011,-0.01815428,0.1179325,1.6945507,1.4766389,1.5157898,1.3208658,11.694314,11.882293,0.21398,0.18352,0.00429,0.035834,0.040124,56.317898,0.942649,613.42018,174.92572
1839,63919.5744,1699969644.32,3.5146569,0.26971459,201.375007,15.453508,0.97370722,496.64113,1.6005312,1.3502614,-0.010290735,-0.044545512,0.1040936,1.6005312,1.3502614,1.4496337,1.2229592,11.790087,11.947382,0.20047,0.1669,0.003784,0.063232,0.067016,30.196343,0.562238,687.962985,199.551675
1840,61412.9037,1483393297.05,5.0158011,0.27401513,287.384234,15.69991,0.42963965,842.67369,1.6544388,1.6034202,0.0066338918,-0.0040674525,0.1695016,1.6544388,1.6034202,1.4146528,1.3710286,11.739409,11.787232,0.20812,0.20088,0.003947,0.015726,0.019672,15.598727,0.909116,722.558881,203.815177
1841,61158.0298,1461372190.6,1.3574877,0.075258084,77.778316,4.311971,2.8181219,363.81205,1.3136196,1.283514,-0.019666737,0.015320314,0.0776201,1.3136196,1.283514,1.2190007,1.1910636,11.960651,11.971455,0.16219,0.15833,0.002185,0.043984,0.04617,58.40662,0.948138,341.685094,66.712696
1842,62532.6496,1580139343.87,4.5155464,-0.67745058,258.721751,-38.815059,2.7888726,454.53544,1.4989404,1.4463817,-0.0037340721,-0.043922328,0.0957936,1.4989404,1.4463817,1.3679039,1.3199399,11.86716,11.900186,0.18653,0.17949,0.002979,0.047229,0.050208,47.139396,0.938437,454.396635,135.19336
1845,63953.9772,1702942043.92,3.3694636,-0.088404371,193.056044,-5.065197,2.5597375,786.05272,1.8048852,1.4660427,0.040608138,-0.010983454,0.1591097,1.8048852,1.4660427,1.5571306,1.2648007,11.540081,11.887636,0.23096,0.18212,0.005997,0.015871,0.021868,65.167062,0.835445,734.302719,251.548725
1846,61918.4293,1527070711.05,0.13220379,-0.95036286,7.574719,-54.451781,2.4651459,501.57201,1.5450655,1.4462877,-0.018258791,0.031680956,0.1050602,1.5450655,1.4462877,1.3981731,1.3087863,11.834315,11.900251,0.1928,0.17947,0.003186,0.043296,0.046482,64.283302,0.779802,443.220785,108.004864
1847,62475.9942,1575244313.54,1.4456862,-0.68478692,82.831718,-39.2354,0.51079259,910.08199,1.6159159,1.6005881,-0.015494243,0.0042764616,0.181732,1.6159159,1.6005881,1.3674132,1.3544425,11.776139,11.790033,0.20264,0.20048,0.003768,0.008334,0.012102,65.59957,0.872357,1099.738286,310.106865
1848,61139.7289,1459790991.85,0.8214649,0.79534011,47.066472,45.569632,0.14264435,572.96069,1.4734606,1.3853837,-0.044961141,0.013346375,0.1189342,1.4734606,1.3853837,1.316843,1.238128,11.883866,11.930043,0.1831,0.17149,0.002816,0.065153,0.067969,44.10568,0.989844,462.659414,123.890543
1851,62571.7748,1583519760.67,1.358228,0.2024045,77.820732,11.596924,2.5555077,903.73313,1.564852,1.4826412,-0.0016945149,0.048409584,0.1805864,1.564852,1.4826412,1.325487,1.2558515,11.820187,11.878469,0.1955,0.18432,0.00331,0.045633,0.048944,35.017704,0.833112,629.672706,200.115769
1852,63021.6458,1622388613.58,2.2614701,-0.41001232,129.572692,-23.491975,0.85520165,215.63814,1.4602701,1.4104318,0.049649696,0.027674503,0.0470026,1.4602701,1.4104318,1.3947149,1.3471139,11.890723,11.918225,0.18135,0.17476,0.002787,0.051859,0.054646,62.493492,0.656066,318.399554,105.406416
1853,62998.1747,1620360711.05,3.7192359,-0.35351954,213.09652,-20.255178,0.88783618,534.94515,1.5856158,1.5667806,-0.015856231,0.0051430275,0.1115739,1.5856158,1.5667806,1.4264601,1.4095154,11.802902,11.818783,0.19839,0.19577,0.003555,0.018348,0.021903,42.077647,0.631092,658.621839,201.286755
1854,62163.4934,1548244249.71,4.1574935,0.68661107,238.206831,39.339916,2.8189023,674.03459,1.5469313,1.4969849,0.006899461,0.03531113,0.13821,1.5469313,1.4969849,1.3590913,1.3152097,11.833313,11.868264,0.19305,0.18626,0.003249,0.04452,0.047769,26.006532,0.948386,589.202198,184.352618
1855,62104.3661,1543135651.83,1.535128,0.48010824,87.956355,27.508176,1.0520806,338.84928,1.5788558,1.3536097,-0.005595039,0.0022499823,0.0725465,1.5788558,1.3536097,1.4720629,1.2620523,11.80886,11.945451,0.19744,0.16734,0.003554,0.036383,0.039937,66.298441,0.495765,640.148401,165.697793
1856,61373.1827,1479961400.37,6.2276843,-0.123085,356.820027,-7.052251,2.2115223,139.51742,1.3974457,1.3217714,0.019681583,-0.044992334,0.0307699,1.3974457,1.3217714,1.35573,1.2823147,11.926039,11.957606,0.17304,0.16323,0.002476,0.051856,0.054332,67.953593,0.597778,196.082227,51.287803
1857,62283.7941,1558638230.16,5.7992118,1.0647825,332.270361,61.007543,2.8175283,782.44372,1.5904109,1.4935697,0.0056272785,0.0096491313,0.1584435,1.5904109,1.4935697,1.372886,1.2892901,11.798915,11.870556,0.19905,0.1858,0.003453,0.018289,0.021742,42.978585,0.947949,587.899208,172.113397
1858,61348.2313,1477805605.87,5.8837689,0.07596892,337.115126,4.352698,1.0176066,309.16517,1.626855,1.4511064,0.046792501,0.035449077,0.0664701,1.626855,1.4511064,1.5254577,1.360663,11.766217,11.896822,0.20418,0.18012,0.003721,0.04176,0.045481,19.541984,0.525404,411.280534,91.189855
1860,63683.0858,1679537031.68,3.2828028,0.22430764,188.090745,12.851881,0.42575076,620.2578,1.6361979,1.4017043,0.028785561,-0.040798607,0.128006,1.6361979,1.4017043,1.4505224,1.2426391,11.756358,11.922983,0.20552,0.17361,0.003943,0.060352,0.064294,38.269565,0.910729,612.108819,184.405161
1861,64381.96,1739919765.64,4.2632465,-0.9938524,244.266031,-56.943548,2.6293876,668.88184,1.5385495,1.4841258,0.026217345,0.022381186,0.1372373,1.5385495,1.4841258,1.3528835,1.3050274,11.84017,11.877379,0.19189,0.18452,0.003193,0.017646,0.020839,63.21226,0.871666,714.715268,200.557781
1863,64395.2606,1741068933.7,1.8509017,-0.71457228,106.048856,-40.941976,1.7597634,188.32338,1.4439839,1.3331085,-0.035626462,0.011601802,0.0412196,1.4439839,1.3331085,1.3868197,1.2803336,11.901659,11.953255,0.17917,0.16469,0.002672,0.068623,0.071295,69.106442,0.187844,356.860278,124.959503
1864,64027.7488,1709315918.45,1.3446251,-0.30623921,77.041343,-17.546214,1.3652304,190.21151,1.4523763,1.4180715,-0.029491797,-0.0037550336,0.0416209,1.4523763,1.4180715,1.3943425,1.3614085,11.895995,11.914763,0.18029,0.17576,0.002772,0.038017,0.040789,27.208365,0.204121,829.775842,290.598041
1865,63102.7725,1629397963.96,4.8592409,-0.45829375,278.413995,-26.258298,1.0572654,160.05857,1.2436183,1.2313372,-0.0043304613,-0.0056272624,0.0351866,1.2436183,1.2313372,1.201347,1.1894834,11.9843,11.993604,0.15324,0.15161,0.001961,0.063882,0.065843,19.018417,0.491256,234.933861,56.788392
1867,63453.0299,1659660204.85,4.0912309,0.66421319,234.410264,38.056612,2.3812655,486.13125,1.511662,1.451378,0.0061687003,0.035839409,0.1020295,1.511662,1.451378,1.3717074,1.3170046,11.85831,11.896643,0.18825,0.18016,0.003036,0.054735,0.057771,67.641027,0.724611,447.283335,131.470935
1868,61998.2203,1533964652.73,2.8121233,0.23044986,161.122797,13.203804,2.366649,694.04925,1.5575513,1.4747636,0.028563964,0.0061632915,0.1419788,1.5575513,1.4747636,1.3639056,1.2914107,11.824656,11.883228,0.19452,0.18327,0.003268,0.041102,0.04437,38.364296,0.71446,628.808944,174.676391
1869,63207.6965,1638463393.06,1.4183791,0.97168035,81.267136,55.673183,2.771376,337.81895,1.3091282,1.2553212,0.049771296,0.020145431,0.0723363,1.3091282,1.2553212,1.2208187,1.1706413,11.962303,11.980994,0.16161,0.15473,0.002143,0.056801,0.058945,47.505658,0.932249,315.367682,65.94455
1871,62594.7734,1585506841.75,4.9798561,-0.61064947,285.324737,-34.987637,0.63317427,563.59661,1.4421509,1.425525,-0.037044708,0.015693142,0.1171269,1.4421509,1.425525,1.2909463,1.2760636,11.902369,11.910585,0.17893,0.17674,0.002756,0.062291,0.065046,73.083949,0.806153,571.042601,159.843575
1872,62687.0607,1593480461.55,1.8119833,-0.48632423,103.818996,-27.864326,1.8235101,271.63825,1.4699913,1.371085,0.016498238,0.022777963,0.0587191,1.4699913,1.371085,1.388462,1.2950413,11.885651,11.937285,0.18264,0.16961,0.002795,0.038179,0.040974,18.993884,0.250032,404.569392,78.906079
1873,63652.218,1676870049.86,1.8110358,0.67255954,103.764708,38.534823,0.44254422,907.73527,1.755249,1.5139689,-0.024920469,-0.016761084,0.1813087,1.755249,1.5139689,1.4858512,1.2816031,11.616541,11.856671,0.22313,0.18856,0.004858,0.00891,0.013768,53.89908,0.903665,865.615425,313.398756
1874,61986.7142,1532970528.73,6.0336488,0.51637793,345.702611,29.586276,2.8081397,684.76772,1.3833576,1.3398893,0.045265401,-0.039703477,0.140233,1.3833576,1.3398893,1.2132236,1.1751013,11.931112,11.95079,0.17122,0.16557,0.002446,0.052702,0.055147,19.446325,0.944918,713.439911,242.762606
1875,62113.1386,1543893596.58,4.2680066,0.45318338,244.538765,25.965495,1.6152311,395.00077,1.5255836,1.385341,-0.034762458,0.048570519,0.0839139,1.5255836,1.385341,1.4074767,1.2780914,11.849569,11.930064,0.19012,0.17148,0.003087,0.057717,0.060804,37.528136,0.04442,746.292612,224.129222
1876,64236.2463,1727330095.64,5.8572938,-0.87673015,335.598214,-50.232937,2.3290375,548.44507,1.5190932,1.4901287,-0.0079560219,-0.001341001,0.1141948,1.5190932,1.4901287,1.3634,1.3374041,11.854107,11.873098,0.18924,0.18534,0.00313,0.051504,0.054634,63.228873,0.687646,823.700374,318.930778
1877,61196.785,1464720644.76,1.9363398,0.50897552,110.944098,29.162149,1.8807553,168.75107,1.4001842,1.3191038,0.01254925,-0.047260499,0.0370474,1.4001842,1.3191038,1.3501642,1.2719803,11.924194,11.958603,0.1734,0.16289,0.002485,0.059576,0.062061,41.008334,0.30502,198.418984,54.795021
1878,62699.72,1594574229.84,0.054807379,0.7667121,3.140232,43.929367,0.31496296,597.55152,1.5036554,1.4246917,-0.024225294,-0.026367474,0.1236624,1.5036554,1.4246917,1.3381736,1.2679001,11.864899,11.910829,0.18715,0.17664,0.002974,0.038557,0.041531,74.830941,0.950808,510.92867,113.14821
1879,64194.8028,1723749380.04,2.8632188,0.77707506,164.050353,44.523121,0.70004471,958.54191,1.6697934,1.5554537,-0.020823425,0.031648809,0.1904335,1.6697934,1.5554537,1.4026767,1.3066279,11.722402,11.826735,0.21035,0.19422,0.003974,0.024568,0.028542,48.543557,0.764813,872.641227,285.191224
1881,63136.2705,1632292191.56,5.2175011,0.4868124,298.940793,27.892296,1.7765051,130.725,1.4363141,1.3018234,-0.0060369129,0.045108362,0.028871,1.4363141,1.3018234,1.3960099,1.2652931,11.904435,11.964961,0.17817,0.16067,0.002648,0.02385,0.026499,34.269729,0.204261,209.88035,62.471153
1883,62912.4248,1612951917.24,5.8398202,1.0216301,334.597051,58.535093,0.54600779,981.54858,1.6863422,1.5062473,0.045050217,-0.029956502,0.1945389,1.6863422,1.5062473,1.4117097,1.2609445,11.703465,11.863344,0.21278,0.1875,0.004137,0.023781,0.027918,28.20668,0.854604,1125.3926,315.455948
1885,61874.1046,1523241057.8,0.31187557,-0.94426348,17.869154,-54.102312,2.4492696,850.58301,1.6373838,1.5024625,-0.027903113,-0.018860964,0.1709445,1.6373838,1.5024625,1.3983445,1.2831202,11.755183,11.865463,0.20569,0.18699,0.003749,0.011926,0.015675,36.031232,0.769765,814.723007,245.49301
1886,62201.4642,1551524925.89,3.8886947,0.74622685,222.805794,42.755649,0.8058651,571.43186,1.6447305,1.5044683,-0.034398325,-0.019931219,0.1186394,1.6447305,1.5044683,1.4702956,1.3449091,11.748445,11.864475,0.20674,0.18726,0.0038,0.022289,0.026089,37.351996,0.692487,825.362077,342.230529
1887,63982.1695,1705377858.94,2.8189721,0.046611966,161.515204,2.670669,2.8875066,587.96974,1.65407,1.5439265,0.034416194,0.038661465,0.1218231,1.65407,1.5439265,1.4744482,1.3762656,11.739961,11.835044,0.20806,0.19264,0.003864,0.018312,0.022175,19.122821,0.967893,515.330413,124.340974
1888,62957.2635,1616825981.05,4.6597087,-1.0392336,266.981642,-59.543699,2.4620907,613.3668,1.3632256,1.3517753,-0.0059048542,0.041402368,0.12669,1.3632256,1.3517753,1.2099385,1.1997757,11.94037,11.94653,0.1686,0.1671,0.002411,0.038434,0.040845,37.174452,0.777886,953.754534,330.690315
1889,62801.5977,1603376457.39,2.8003321,0.85303752,160.447211,48.87545,0.92329676,314.17117,1.4695645,1.4667066,-0.047736695,-0.0064441767,0.0674982,1.4695645,1.4667066,1.3766436,1.3739664,11.885874,11.887316,0.18258,0.1822,0.002925,0.051362,0.054286,42.854311,0.603194,415.454252,103.807122
1890,61348.529,1477831323.37,5.5247827,1.0049918,316.546731,57.581789,2.2658404,366.88405,1.5992929,1.2397754,0.038909334,-0.0063273071,0.0782422,1.5992929,1.2397754,1.4832409,1.1498116,11.791248,11.985106,0.20029,0.15276,0.004623,0.03739,0.042013,58.364265,0.640419,464.572901,110.083202
1892,61056.0985,1452565332.51,5.0943362,0.6210474,291.883964,35.583395,1.3326089,569.29504,1.599996,1.3465169,-0.04032163,-0.036896796,0.1182272,1.599996,1.3465169,1.4308327,1.2041533,11.790591,11.949104,0.20039,0.16641,0.003795,0.038801,0.042596,54.403769,0.235942,946.65812,278.875068
1893,64372.8982,1739136819.06,5.6992538,0.38708216,326.543189,22.178174,1.702202,109.76092,1.407399,1.3108479,-0.011636127,0.026058658,0.0243224,1.407399,1.3108479,1.3739805,1.279722,11.919374,11.961673,0.17437,0.16183,0.002511,0.03007,0.032581,57.525939,0.131028,128.490481,7.427923
1894,62319.4516,1561719034.99,5.9084669,-0.22522057,338.530217,-12.904188,2.71941,953.51233,1.5484242,1.5387916,0.0068616231,0.00028391062,0.1895338,1.5484242,1.5387916,1.3017067,1.2936089,11.83258,11.839917,0.19325,0.19193,0.003348,0.029155,0.032503,15.501821,0.912197,809.069451,232.137644
1895,63111.2457,1630130047.98,6.2385426,1.382053,357.442161,79.185804,1.2689181,337.84409,1.5125004,1.3726873,-0.024344706,-0.043907267,0.0723415,1.5125004,1.3726873,1.4104653,1.2800841,11.857638,11.936661,0.18836,0.16982,0.003018,0.02865,0.031668,28.060044,0.297314,785.540786,249.981968
1896,61279.0028,1471824256.13,0.72896266,-1.2483364,41.766484,-71.524407,0.54800182,544.54745,1.601725,1.3927211,0.0041676395,0.0069064751,0.1134389,1.601725,1.3927211,1.4385387,1.2508284,11.788935,11.927522,0.20064,0.17243,0.003639,0.019413,0.023051,54.701057,0.853567,508.878818,148.515614
1897,63390.9,1654292178.0,4.9890105,0.38467414,285.849246,22.040205,1.6561049,309.52438,1.47495,1.4582521,-0.026055829,0.025670085,0.0665439,1.47495,1.4582521,1.3829248,1.3672687,11.883137,11.892074,0.18329,0.18108,0.00292,0.046849,0.049769,44.039362,0.085205,673.009928,247.821357
1898,64263.9835,1729726590.71,2.8896738,-0.15200062,165.566113,-8.708994,2.5977298,665.51213,1.4896257,1.3497844,0.0058504001,0.0078071448,0.1366005,1.4896257,1.3497844,1.3105974,1.1875627,11.873462,11.947637,0.18527,0.16683,0.002902,0.05187,0.054772,15.318809,0.855716,692.783994,201.05107
1899,63014.8284,1621799590.51,0.18141636,0.24614063,10.394392,14.102819,0.7374964,605.65657,1.5450899,1.3632416,-0.040324471,-0.019888436,0.1252153,1.5450899,1.3632416,1.3731505,1.2115385,11.834301,11.940363,0.1928,0.1686,0.003247,0.048247,0.051494,63.269679,0.740154,526.257237,156.788015
1900,61441.4036,1485855691.49,5.9658684,-1.1321135,341.81908,-64.865325,2.207841,600.4817,1.4306631,1.3764024,-0.037748055,0.01802969,0.1242241,1.4306631,1.3764024,1.2725782,1.2243132,11.908994,11.935011,0.1774,0.1703,0.002641,0.041537,0.044178,61.368574,0.594822,828.827722,299.460903
1901,63036.0253,1623631007.91,5.6156214,0.50248322,321.751406,28.790168,0.18299327,779.08095,1.5910011,1.3357465,-0.023435999,0.037180588,0.1578223,1.5910011,1.3357465,1.3741323,1.1536714,11.798528,11.952171,0.19913,0.16504,0.00375,0.035789,0.039539,47.90515,0.983303,822.335142,219.543002
1903,63682.2152,1679461815.24,4.8749587,1.027417,279.314559,58.866658,0.43980979,631.34738,1.6371197,1.5419102,0.026144309,-0.044005315,0.1301196,1.6371197,1.5419102,1.4486251,1.3643778,11.755431,11.836693,0.20566,0.19237,0.003758,0.035109,0.038867,18.9878,0.904833,497.976591,120.837804
1904,62422.4579,1570618778.66,5.5588399,-0.4299336,318.498065,-24.633381,2.9688899,916.3219,1.7269397,1.6766263,0.017000052,-0.014534055,0.1828566,1.7269397,1.6766263,1.4599738,1.4174383,11.654682,11.714319,0.21882,0.21136,0.004523,0.000415,0.004938,60.990903,0.985124,584.616973,216.973146
1906,64079.4321,1713781352.98,0.17086896,-1.0272499,9.79007,-58.857084,2.1840623,327.97639,1.4666641,1.2587307,0.024999505,0.016195646,0.0703263,1.4666641,1.2587307,1.3702963,1.1760252,11.887337,11.979804,0.1822,0.15516,0.002914,0.042774,0.045688,50.022815,0.575541,623.346152,257.873809
1908,63270.3903,1643880143.1,6.0157098,-0.42361765,344.674782,-24.271503,2.5506431,940.61124,1.5746559,1.5117,-0.013657142,-0.029900392,0.1872225,1.5746559,1.5117,1.3263359,1.2733081,11.811755,11.858278,0.19687,0.18825,0.003393,0.014842,0.018235,61.917599,0.830412,971.280332,329.490735
1909,64147.3712,1719651290.89,2.9225835,0.71394828,167.4517,40.906223,1.1718544,229.52953,1.5840606,1.4067651,-0.038775867,-0.029985352,0.0499263,1.5840606,1.4067651,1.5087351,1.3398704,11.804436,11.919658,0.19817,0.17428,0.00346,0.032327,0.035786,60.10482,0.388444,483.915297,124.812637
1910,63182.2686,1636266424.12,3.158515,-0.65781148,180.969579,-37.689822,0.85378995,371.84137,1.3908319,1.2967541,-0.0091362018,-0.0065484509,0.0792451,1.3908319,1.2967541,1.2887081,1.2015381,11.927938,11.966784,0.17219,0.16002,0.002441,0.037659,0.0401,63.180124,0.657131,744.011616,247.918203
1911,61459.5079,1487419900.73,5.0725456,0.89329557,290.635454,51.182066,0.87527445,636.98987,1.551562,1.5245649,0.0082137943,0.02033109,0.1311932,1.551562,1.5245649,1.3716154,1.3477493,11.830694,11.850396,0.19367,0.18998,0.003322,0.030968,0.03429,46.080484,0.640786,959.078781,301.656269
1912,62083.921,1541369191.44,5.7809976,0.7714594,331.226764,44.201368,2.551605,695.23965,1.6441928,1.5688042,0.047513196,-0.040211981,0.1422024,1.6441928,1.5688042,1.4394933,1.3734905,11.749082,11.817089,0.20666,0.19605,0.003828,0.021503,0.025332,23.419471,0.830948,673.801968,242.360377
1913,61706.2823,1508741210.35,4.0508502,1.3819272,232.09662,79.178596,1.0638282,770.12378,1.585029,1.551242,0.018176724,0.019026943,0.1561659,1.585029,1.551242,1.3709356,1.3417123,11.803479,11.830933,0.1983,0.19362,0.003513,0.030906,0.034419,55.269448,0.485529,1270.021536,308.640446
1915,64180.8927,1722547550.91,4.6464331,1.1506332,266.221006,65.926426,1.1029201,714.91296,1.538369,1.5248637,0.041030776,-0.025075517,0.1458911,1.538369,1.5248637,1.3425089,1.3307231,11.840358,11.850153,0.19187,0.19002,0.003277,0.040851,0.044129,52.228427,0.450992,1150.493726,302.003318
1916,63661.4002,1677663398.35,3.2158355,-0.40115242,184.253802,-22.984341,2.8452563,539.33404,1.7591213,1.6106798,-0.045942434,0.016107584,0.1124269,1.7591213,1.6106798,1.5813366,1.4478973,11.610506,11.781368,0.22374,0.20189,0.004681,0.001844,0.006525,59.535191,0.956413,479.386555,151.019453
1917,63367.3943,1652261284.76,4.9066656,0.64998144,281.13123,37.241193,2.8568236,757.2935,1.5378272,1.4093942,-0.041063168,-0.024911534,0.1537881,1.5378272,1.4093942,1.3328506,1.2215364,11.840908,11.918595,0.19179,0.17463,0.003146,0.05685,0.059996,25.19286,0.959727,665.272469,207.416203
1919,62053.3821,1538730633.06,2.9914839,-0.27687248,171.399402,-15.863625,1.2358992,423.69662,1.5029338,1.3604819,-0.02740575,-0.044403622,0.0896615,1.5029338,1.3604819,1.3792666,1.2485362,11.865246,11.941652,0.18705,0.16824,0.002971,0.054115,0.057086,26.698512,0.328672,941.744163,320.63293
1920,61644.1567,1503373557.07,4.9365137,-0.878559,282.841401,-50.337723,1.8791149,513.41176,1.3901968,1.3470613,-0.029318068,-0.026419214,0.1073768,1.3901968,1.3470613,1.2553964,1.2164435,11.928109,11.948901,0.17211,0.16648,0.002475,0.067782,0.070257,68.424571,0.303457,956.277337,278.998384
1922,63647.5788,1676469227.01,2.9153539,-1.0258332,167.037474,-58.775913,0.39161584,742.20562,1.6999049,1.4568423,-0.0063824815,0.019156309,0.1509843,1.6999049,1.4568423,1.4769141,1.2657361,11.687705,11.893051,0.21478,0.18089,0.004424,0.011527,0.015951,59.998668,0.924294,829.865413,262.311416
1923,62659.5528,1591103780.83,5.9544186,-0.56191357,341.163055,-32.195276,0.94839815,305.21993,1.3939702,1.3415093,0.016287563,-0.035305503,0.0656589,1.3939702,1.3415093,1.3080829,1.2588543,11.927255,11.950405,0.17259,0.16577,0.00248,0.027831,0.030311,69.493709,0.582985,374.772125,103.719086
1924,61790.2634,1515997178.57,6.147642,0.21870751,352.233941,12.531017,0.75615495,929.70128,1.5818595,1.5300941,-0.042329739,0.0077676365,0.1852638,1.5818595,1.5300941,1.3346054,1.2909312,11.806528,11.84651,0.19785,0.19073,0.003455,0.013175,0.01663,60.522919,0.72748,969.155237,302.266394
1925,63158.1769,1634184904.2,2.0332796,1.0074797,116.49834,57.724335,2.1364863,595.74029,1.5740762,1.4580866,-0.0073378753,0.0040550899,0.123315,1.5740762,1.4580866,1.4012776,1.2980211,11.812246,11.892188,0.19679,0.18106,0.003349,0.044785,0.048134,50.829318,0.535998,895.558768,300.396552
1926,61141.1685,1459915374.89,0.90661269,0.76944275,51.945081,44.085822,2.0960926,778.23778,1.5088761,1.4246519,-0.045078368,0.029500937,0.1576665,1.5088761,1.4246519,1.3033771,1.2306237,11.860992,11.910843,0.18786,0.17663,0.002998,0.06157,0.064568,54.247964,0.501469,1118.70955,327.687759
1927,62141.5959,1546352302.85,1.9563371,0.26009723,112.089859,14.902474,2.7267823,346.44065,1.5357033,1.2005772,0.021430603,0.010803854,0.0740928,1.5357033,1.2005772,1.4297677,1.1177592,11.842845,11.997414,0.19149,0.14778,0.003994,0.030338,0.034331,68.347675,0.915193,305.68906,64.870083
1929,62639.9495,1589410053.16,5.5224727,-0.93484554,316.414378,-53.562704,0.42372454,433.62967,1.4466456,1.365681,0.024208069,-0.023221872,0.0916416,1.4466456,1.365681,1.3252019,1.2510342,11.9,11.939346,0.17952,0.16892,0.002692,0.06564,0.068331,49.728405,0.911564,448.456942,97.02336
1931,61517.8542,1492461018.23,1.0388321,-0.73591773,59.520695,-42.16498,2.9967289,700.53659,1.6924419,1.4496087,0.020014368,-0.049353899,0.143197,1.6924419,1.4496087,1.4804464,1.2680305,11.697446,11.897842,0.21366,0.17992,0.004367,0.013726,0.018093,52.943479,0.989526,445.078319,121.21949
1932,64446.2907,1745477932.02,3.8529921,-1.2183301,220.760186,-69.805173,0.89150335,447.66816,1.4807481,1.3794882,-0.026345396,0.048524415,0.094432,1.4807481,1.3794882,1.3529831,1.2604603,11.879825,11.933334,0.18407,0.17071,0.002847,0.065307,0.068154,24.388603,0.628243,827.880254,289.234853
1933,61731.8408,1510949461.05,4.8188132,0.80594993,276.097659,46.177529,0.7210985,996.80938,1.4764549,1.4703567,0.0074068565,-0.037221317,0.1972532,1.4764549,1.4703567,1.2332019,1.2281084,11.882388,11.88546,0.18349,0.18269,0.002952,0.033978,0.036931,43.435273,0.751081,1040.088385,290.920595
1934,61456.236,1487137204.53,5.7532005,0.14590395,329.634107,8.359681,0.75535734,357.11981,1.6703366,1.31784,-0.02494151,0.019563536,0.0762631,1.6703366,1.31784,1.551978,1.224459,11.72175,11.959077,0.21043,0.16273,0.005017,0.020886,0.025903,57.983827,0.728027,561.429486,213.055629
1935,61712.3721,1509267363.86,3.2647245,-1.3774657,187.054935,-78.922971,0.43965092,845.36962,1.7814831,1.6896876,-0.020129816,0.0085637049,0.1699937,1.7814831,1.6896876,1.5226433,1.4441852,11.577367,11.701397,0.22723,0.21324,0.004919,0.000246,0.005165,31.256562,0.9049,803.711803,221.601618
1936,63691.714,1680282504.67,5.6620625,-0.88985493,324.412285,-50.984932,0.7075554,720.87519,1.5902164,1.4503871,-0.038979755,-0.021085167,0.1470061,1.5902164,1.4503871,1.3864062,1.2644982,11.799044,11.897304,0.19903,0.18003,0.003452,0.026614,0.030066,27.135251,0.759953,601.091239,165.504007
1937,62489.2698,1576391329.36,0.76039409,0.55612176,43.567372,31.86343,2.9651341,869.59759,1.614354,1.4909992,-0.042206456,-0.047211775,0.1744047,1.614354,1.4909992,1.3746148,1.2695787,11.777676,11.872458,0.20241,0.18545,0.003596,0.02435,0.027946,33.829608,0.984472,1263.490637,325.039921
1938,62978.9558,1618700198.18,4.0732542,1.1776992,233.380275,67.477194,1.0139048,503.09476,1.6909309,1.5551086,-0.038902345,0.0056488026,0.1053585,1.6909309,1.5551086,1.5297579,1.4068817,11.699948,11.827119,0.21342,0.19417,0.004127,0.011262,0.015389,29.490038,0.52855,654.466835,200.022569
1941,61073.532,1454071587.07,5.308312,-0.52620676,304.143874,-30.149426,1.3287115,406.4784,1.5478745,1.3939367,0.013170329,0.0274593,0.0862177,1.5478745,1.3939367,1.4250131,1.283294,11.83285,11.927263,0.19317,0.17259,0.003219,0.056546,0.059766,27.894758,0.239727,813.900766,256.478493
1942,61120.5096,1458130445.71,6.1280635,-0.86512071,351.112175,-49.567765,0.046693065,665.4612,1.7010677,1.2783517,-0.046084218,0.04252741,0.1365909,1.7010677,1.2783517,1.4966402,1.1247245,11.686593,11.973237,0.21495,0.15767,0.006307,0.042246,0.048554,40.491051,0.99891,796.447615,295.071839
1943,62560.3894,1582536064.27,1.4890407,-0.39211488,85.315748,-22.466528,0.78290538,413.90404,1.6545981,1.3566434,-0.00029072002,0.027738828,0.0877047,1.6545981,1.3566434,1.5211832,1.2472534,11.739166,11.943693,0.20814,0.16774,0.00441,0.030234,0.034644,69.470311,0.708867,420.175238,80.311899
1944,63858.2934,1694674963.54,0.32223409,-1.0791716,18.462653,-61.831978,1.0032498,195.28861,1.4395683,1.2444844,0.0021283341,0.012794547,0.0426987,1.4395683,1.2444844,1.3806178,1.1935226,11.902994,11.98421,0.1786,0.15335,0.002757,0.049815,0.052572,45.423579,0.537565,311.728033,68.097881
1945,64098.3361,1715414654.92,4.0454778,-0.133263,231.788804,-7.635407,2.3727231,344.86277,1.6039851,1.4821674,-0.01360527,-0.0063371319,0.0737717,1.6039851,1.4821674,1.493786,1.3803376,11.786672,11.878815,0.20096,0.18426,0.00353,0.043412,0.046942,26.275223,0.718697,391.84811,95.074718
1946,61303.473,1473938484.04,1.2090913,0.18743139,69.275829,10.739028,0.48796403,563.87013,1.593987,1.3742616,0.0019269679,0.017069765,0.1171798,1.593987,1.3742616,1.4267954,1.2301168,11.796321,11.936006,0.19954,0.17002,0.003625,0.02961,0.033234,19.6183,0.883289,592.670452,146.20716
1947,62884.2709,1610519420.08,3.0332227,0.94356947,173.790859,54.062548,0.96655513,441.83638,1.5465921,1.3848896,-0.041047663,-0.0049432117,0.093274,1.5465921,1.3848896,1.4146427,1.266736,11.833484,11.930293,0.193,0.17142,0.003222,0.037388,0.04061,56.769369,0.568138,528.470621,165.686794
1948,64196.3039,1723879075.13,1.0625261,-0.065146223,60.878261,-3.732604,2.0704441,341.36467,1.5016691,1.3980753,0.028277094,0.032688182,0.0730592,1.5016691,1.3980753,1.399428,1.3028874,11.865825,11.925681,0.18689,0.17312,0.002952,0.023135,0.026087,37.967926,0.479116,493.341737,127.223935
1949,62357.9046,1565041378.93,2.2210765,-1.173421,127.258309,-67.232071,1.4056712,396.95855,1.5960046,1.3879409,-0.016633821,0.027576196,0.0843073,1.5960046,1.3879409,1.4719117,1.2800254,11.794415,11.928888,0.19983,0.17182,0.003602,0.024812,0.028414,64.309857,0.164376,1011.260197,338.647601
1950,63903.4804,1698579125.42,4.354245,0.92071171,249.479861,52.752895,2.5844361,924.13985,1.6330548,1.4700845,0.048521021,0.034498895,0.1842639,1.6330548,1.4700845,1.3789619,1.2413487,11.759753,11.885602,0.20507,0.18265,0.003742,0.040202,0.043945,54.570646,0.848762,812.086214,227.724498
1951,61467.9348,1488147983.89,3.0915789,-0.013046744,177.134423,-0.747523,2.144222,392.59808,1.592533,1.3994836,-0.03829207,0.03107161,0.0834308,1.592533,1.3994836,1.4698982,1.2917148,11.797487,11.924726,0.19934,0.17331,0.003542,0.02464,0.028182,62.774487,0.542513,562.36943,213.067437
1952,64273.8807,1730581711.68,5.0176545,-0.060446097,287.490426,-3.463306,1.3049685,505.15415,1.418085,1.2692983,0.032162663,-0.0004933503,0.1057618,1.418085,1.2692983,1.2824508,1.1478949,11.914755,11.976345,0.17576,0.15651,0.002582,0.045311,0.047893,31.316762,0.262708,759.159606,256.695605
1953,63629.9816,1674948829.22,5.3860202,-0.24770368,308.596226,-14.192375,0.24157895,446.13197,1.5376844,1.4035545,-0.030954335,0.0024039542,0.0941272,1.5376844,1.4035545,1.4053982,1.2828075,11.84105,11.921548,0.19177,0.17386,0.003148,0.051888,0.055035,56.541535,0.970961,426.242582,82.27359
1954,64294.6704,1732377938.38,2.4314574,0.21864584,139.312247,12.527484,2.3061969,584.4775,1.6059622,1.5346955,0.039614729,0.010556906,0.1211517,1.6059622,1.5346955,1.4324218,1.3688562,11.784893,11.843644,0.20124,0.19135,0.003577,0.015435,0.019012,30.843719,0.670884,805.39857,271.204033
1955,63368.1603,1652327469.43,3.273632,0.91780999,187.565297,52.586639,2.6286631,390.65355,1.4325244,1.3598187,-0.005965743,0.024836219,0.0830396,1.4325244,1.3598187,1.3226888,1.2555577,11.907633,11.941985,0.17765,0.16815,0.002632,0.04706,0.049692,71.344109,0.871311,371.025789,91.331823
1956,62271.9138,1557611767.04,1.2941938,0.031144122,74.151843,1.784427,2.3890671,596.83478,1.5636258,1.4241274,0.0083697834,0.021227977,0.1235249,1.5636258,1.4241274,1.3917144,1.267553,11.820976,11.911037,0.19534,0.17656,0.003295,0.028351,0.031646,53.182457,0.729965,1147.075886,335.80653
1957,64283.6341,1731424404.57,0.6530977,-0.86925101,37.419742,-49.804414,1.4473727,213.007,1.533784,1.4697718,-0.022339541,0.028040713,0.0464475,1.533784,1.4697718,1.4657056,1.4045346,11.844303,11.885766,0.19123,0.18261,0.003152,0.061319,0.064471,34.470708,0.123111,447.263852,178.737995
1960,61964.4837,1531049811.16,2.1027891,0.71132463,120.480941,40.755899,1.7931388,438.015,1.365596,1.3055674,-0.01090787,-0.016851758,0.0925143,1.365596,1.3055674,1.2499571,1.1950117,11.93938,11.963602,0.1689,0.16115,0.002355,0.043151,0.045506,31.170712,0.220515,776.55116,261.420937
1961,62162.6038,1548167388.67,3.7836227,1.2119707,216.785612,69.440806,1.5010218,169.17017,1.3721179,1.2922,-0.033199863,-0.010658876,0.037137,1.3721179,1.2922,1.3229862,1.24593,11.936886,11.968404,0.16975,0.15944,0.002369,0.060203,0.062572,26.455595,0.069718,302.357282,68.621989
1962,63452.8295,1659642883.6,2.8891775,0.2600509,165.537677,14.899819,2.6562822,744.03136,1.5789663,1.3457091,-0.015671,0.013935488,0.151324,1.5789663,1.3457091,1.3714352,1.1688361,11.808787,11.949372,0.19746,0.16631,0.003584,0.044391,0.047975,56.678458,0.88453,1074.397132,308.886116
1963,63678.607,1679150066.98,2.9357868,-0.69073624,168.208193,-39.576271,0.97142704,720.61712,1.604342,1.5087185,-0.016772664,0.025541938,0.1469579,1.604342,1.5087185,1.3987802,1.3154088,11.786327,11.861149,0.20101,0.18784,0.003541,0.014513,0.018054,28.122937,0.564122,1114.80123,314.763893
1964,64252.9122,1728770031.52,3.2549125,-0.60329857,186.492749,-34.566462,0.44534017,531.16674,1.5195736,1.3668512,0.012550965,-0.047087865,0.1108389,1.5195736,1.3668512,1.3679513,1.2304675,11.853848,11.938886,0.18931,0.16907,0.003067,0.049371,0.052437,50.718196,0.902464,549.238415,150.19353
1965,61716.8084,1509650666.5,6.0138124,-0.30638954,344.566069,-17.554828,2.579843,436.44223,1.465318,1.4493191,-0.0070187404,-0.030116811,0.0922014,1.465318,1.4493191,1.3416188,1.3269705,11.887983,11.898047,0.18202,0.17988,0.002872,0.064867,0.067738,30.878102,0.846324,488.656844,165.943961
1966,63792.9931,1689033023.85,2.5648873,-0.77435879,146.957217,-44.36749,0.81479969,655.07342,1.550592,1.4870704,0.019270254,0.0058370521,0.1346253,1.550592,1.4870704,1.3666115,1.3106269,11.831377,11.875274,0.19354,0.18492,0.003249,0.042353,0.045602,54.718137,0.686014,641.413878,161.866041
1968,63584.9112,1671054744.55,0.32740917,0.78717438,18.759164,45.10177,0.91908486,322.10539,1.4221147,1.3797341,0.0024969398,0.049028399,0.0691248,1.4221147,1.3797341,1.3301671,1.2905267,11.912077,11.933193,0.1763,0.17074,0.002617,0.060132,0.062749,63.896384,0.606548,494.549349,99.602852
1972,61223.2809,1467009891.81,5.9890825,-0.61148421,343.14915,-35.035464,0.69995385,551.40604,1.5827994,1.3555922,-0.032498355,-0.024058063,0.1147686,1.5827994,1.3555922,1.4198457,1.2160301,11.805659,11.944291,0.19799,0.1676,0.003584,0.06071,0.064294,61.681515,0.764872,971.319788,337.71098
1973,62355.281,1564814695.9,0.9500999,-0.74733708,54.436714,-42.819261,2.325658,243.12712,1.3982882,1.3300097,0.03477759,0.048278509,0.0527769,1.3982882,1.3300097,1.3281904,1.2633348,11.925549,11.954526,0.17315,0.16429,0.002484,0.029548,0.032032,60.65108,0.685188,246.817021,46.792902
1974,61989.6791,1533226692.21,0.043263248,-0.39034862,2.478802,-22.365328,0.75928562,363.01958,1.5189332,1.4789623,-0.035247467,0.014430834,0.0774595,1.5189332,1.4789623,1.4097358,1.3726384,11.854191,11.880995,0.18922,0.18383,0.003107,0.025953,0.02906,26.263344,0.725328,445.630518,94.8454
1975,62065.7165,1539796322.32,3.1338175,-0.6436701,179.554517,-36.87958,1.8951084,304.76956,1.5274794,1.3717964,-0.013719867,-0.035275748,0.0655663,1.5274794,1.3717964,1.4334908,1.2873872,11.848119,11.937012,0.19038,0.16971,0.003111,0.048001,0.051112,20.303097,0.318657,447.024492,118.191788
1977,64440.3141,1744961554.38,6.2402237,1.135374,357.538481,65.052138,1.4200308,409.87292,1.5961372,1.4686563,-0.044650473,0.0013414072,0.0868978,1.5961372,1.4686563,1.4685256,1.3512368,11.794284,11.886343,0.19985,0.18246,0.003482,0.032211,0.035694,56.93693,0.150195,907.800016,263.50093
1978,63249.7209,1642094307.84,2.6095347,-1.0782895,149.515325,-61.781437,0.82304028,338.93881,1.4771299,1.280632,0.043086502,0.039417028,0.0725647,1.4771299,1.280632,1.3771942,1.1939904,11.882036,11.972452,0.18358,0.15796,0.002933,0.061574,0.064507,37.100833,0.679995,503.6398,170.365214
1979,63511.8666,1664743688.12,3.472951,1.1420086,198.985435,65.432273,1.0296113,467.2492,1.4773903,1.3261982,-0.0047468127,-0.02977792,0.0983085,1.4773903,1.3261982,1.3451506,1.2074916,11.881897,11.955972,0.18362,0.1638,0.002853,0.06433,0.067184,40.940774,0.515152,701.749168,193.590956
1980,64418.1617,1743047591.52,5.0762015,0.11743944,290.844922,6.728784,0.20930565,881.06857,1.4001034,1.3200728,-0.037325136,0.0091389356,0.1764863,1.4001034,1.3200728,1.190072,1.1220469,11.924257,11.95824,0.17339,0.16302,0.002485,0.036168,0.038653,16.868946,0.978175,690.678712,215.980571
1981,62320.2062,1561784237.02,4.4893133,-0.79409744,257.218705,-45.498432,1.4985338,416.14535,1.5871671,1.4924429,-0.0081139057,0.01417418,0.088153,1.5871671,1.4924429,1.4585882,1.3715378,11.80143,11.871385,0.1986,0.18565,0.003435,0.023938,0.027373,30.574587,0.0722,912.464051,284.623513
1982,63806.4406,1690194884.94,0.41988255,1.526892,24.057498,87.484467,2.0890363,375.3275,1.6102826,1.3234968,0.021724534,0.031676144,0.0799497,1.6102826,1.3234968,1.4910719,1.2255171,11.781722,11.956966,0.20183,0.16346,0.004044,0.055687,0.059732,17.020584,0.495352,554.704272,171.047318
1983,62520.8584,1579120581.3,5.0286523,0.61437142,288.120553,35.200889,1.6219046,455.0019,1.6293038,1.4331305,-0.048146755,-0.020946752,0.095886,1.6293038,1.4331305,1.4867457,1.3077368,11.763646,11.907111,0.20453,0.17774,0.003778,0.026434,0.030212,67.751146,0.051086,826.123165,282.766112
1985,64043.3679,1710665400.36,4.9522446,-1.1085675,283.742715,-63.516239,1.6635421,460.99187,1.6433449,1.3519528,-0.038569965,0.015888899,0.0970717,1.6433449,1.3519528,1.4979376,1.2323286,11.750041,11.946427,0.20653,0.16712,0.004288,0.055152,0.059441,29.603801,0.092613,629.646307,188.656597
1986,61632.3014,1502349258.49,5.3342428,-0.92374521,305.629599,-52.926702,0.82684699,172.78195,1.4918021,1.368705,-0.0030862059,-0.01189386,0.0379086,1.4918021,1.368705,1.4373155,1.3187144,11.871862,11.93818,0.18556,0.16931,0.002904,0.038996,0.0419,48.44023,0.677199,206.808568,45.991185
1987,64316.9016,1734298717.94,3.6068812,-0.30929449,206.65907,-17.721269,2.8883395,478.1544,1.6145412,1.2015996,-0.023225217,0.03552269,0.1004596,1.6145412,1.2015996,1.4671518,1.0919071,11.777489,11.997173,0.20244,0.1479,0.005508,0.052089,0.057597,17.338759,0.968102,471.853617,110.178355
1988,61765.701,1513874982.62,1.0794694,-1.0409792,61.849041,-59.643715,1.7901269,515.74781,1.4575406,1.4262328,-0.0033341335,0.033928623,0.1078331,1.4575406,1.4262328,1.315668,1.2874077,11.892567,11.910415,0.18099,0.17683,0.002803,0.021928,0.024731,55.010843,0.217576,1076.178081,288.081008
1989,62141.7718,1546367499.31,2.8490592,0.63109925,163.239068,36.159323,1.0470071,346.20543,1.6099276,1.5429688,-0.014932443,0.035083624,0.074045,1.6099276,1.5429688,1.4989387,1.4365961,11.782022,11.835763,0.20178,0.19251,0.003609,0.031921,0.03553,34.381641,0.500165,612.636835,190.038628
1990,63646.6728,1676390949.59,5.2738502,0.70524363,302.169358,40.407484,1.3428133,293.67038,1.5008844,1.4058812,-0.016120651,0.0027392123,0.0632793,1.5008844,1.4058812,1.4115618,1.3222126,11.866188,11.920094,0.18678,0.17417,0.002951,0.039782,0.042732,68.875151,0.226013,775.532434,262.576652
1991,62378.143,1566789972.81,0.30680097,-1.3336593,17.578401,-76.413049,0.82097213,386.88485,1.5129713,1.4109644,0.024300117,0.001156812,0.0822809,1.5129713,1.4109644,1.397947,1.3036952,11.857302,11.918037,0.18843,0.17483,0.003011,0.046236,0.049248,68.287091,0.68151,660.84972,218.967397
1993,63128.7398,1631641538.33,5.598008,0.47219574,320.742232,27.054823,2.7790445,567.2738,1.5602126,1.4337177,0.045647158,-0.015158824,0.1178371,1.5602126,1.4337177,1.3957424,1.282582,11.822887,11.906591,0.19488,0.17782,0.00327,0.023953,0.027223,34.517437,0.934996,612.858294,173.465659
1995,62556.0073,1582157444.72,3.445773,0.18063753,197.42825,10.349768,2.0309728,149.30772,1.4458568,1.3580494,-0.0023165954,-0.013780551,0.0328784,1.4458568,1.3580494,1.3998325,1.3148202,11.900546,11.942916,0.17942,0.16792,0.002685,0.055818,0.058502,69.057654,0.444106,329.679707,107.327601
1996,63598.2948,1672211086.98,0.48382631,-0.69263302,27.721206,-39.684949,0.65413734,412.88956,1.6143317,1.3661456,-0.044936831,0.0083883747,0.0875017,1.6143317,1.3661456,1.4844406,1.2562239,11.777699,11.939161,0.20241,0.16898,0.00386,0.057864,0.061724,74.76946,0.793573,409.733043,89.384974
1997,61799.1594,1516765788.72,1.8836143,1.0021552,107.92315,57.419263,1.8884289,431.5025,1.4925351,1.3900262,0.0020804922,0.049968897,0.091218,1.4925351,1.3900262,1.3677699,1.27383,11.871317,11.928158,0.18566,0.17209,0.002906,0.028138,0.031044,64.52494,0.312318,1103.103733,283.457567
1998,61204.603,1465396113.34,3.819111,1.144242,218.818942,65.560237,2.2169129,800.98759,1.5673688,1.437183,0.025059801,0.0277002,0.1618616,1.5673688,1.437183,1.3490151,1.2369658,11.818312,11.903891,0.19585,0.17829,0.003312,0.020274,0.023586,65.692281,0.60209,1243.546072,303.366705
1999,62049.7529,1538417067.8,2.1688428,0.34611167,124.265539,19.830738,1.8848452,350.89203,1.5888914,1.3613838,0.029169484,0.04012948,0.0749982,1.5888914,1.3613838,1.478041,1.2664057,11.799979,11.941212,0.19884,0.16836,0.003622,0.017669,0.02129,29.940524,0.308912,525.555829,117.677715
2001,62660.0803,1591149358.26,0.090962474,0.74042459,5.211766,42.423204,2.9188639,858.7151,1.5533714,1.4544184,0.0097946047,-0.023140814,0.1724258,1.5533714,1.4544184,1.3249208,1.2405206,11.829035,11.894681,0.19392,0.18057,0.003233,0.045922,0.049155,49.602144,0.975298,690.982903,191.806544
2002,61588.0702,1498527681.78,5.9331115,0.6420981,339.942248,36.789511,2.4621056,454.89167,1.4959934,1.4498511,0.034344699,-0.031753007,0.0958642,1.4959934,1.4498511,1.3651266,1.3230208,11.868881,11.897672,0.18613,0.17995,0.002973,0.04668,0.049653,19.035355,0.777895,525.187667,160.389206
2003,62241.7905,1555009118.39,2.4438559,-0.75628563,140.022629,-43.331975,1.117343,741.35738,1.6594918,1.5745146,0.011652576,0.019715032,0.1508264,1.6594918,1.5745146,1.4420001,1.36816,11.733155,11.811872,0.20886,0.19685,0.003924,0.017386,0.021311,20.695076,0.438072,1129.309702,327.441449
2004,62399.9406,1568673282.73,3.0935509,0.37638546,177.24741,21.565298,2.0906674,258.67061,1.5335565,1.258887,0.041227305,-0.035282886,0.0560223,1.5335565,1.258887,1.4522009,1.1921027,11.844459,11.979752,0.1912,0.15518,0.003527,0.029536,0.033064,74.933557,0.496768,710.066817,265.610156
2005,61200.8715,1465073711.53,0.0069856947,0.0089040871,0.400251,0.510167,0.44947599,430.6727,1.5826341,1.4495247,0.032950188,-0.045666487,0.0910527,1.5826341,1.4495247,1.450557,1.3285561,11.805815,11.897901,0.19796,0.17991,0.003402,0.03307,0.036472,34.598355,0.900675,434.503968,104.980607
2006,63041.5754,1624110529.85,3.8255409,-1.1665747,219.187348,-66.839807,2.5834963,406.44558,1.4807112,1.4790002,-0.0037915968,0.0055241531,0.0862111,1.4807112,1.4790002,1.3631891,1.3616139,11.87985,11.880972,0.18406,0.18383,0.002985,0.045627,0.048612,59.891035,0.848265,471.312301,134.845237
2007,64095.202,1715143870.62,1.293188,0.004101749,74.094215,0.235013,2.0818707,441.6939,1.489922,1.464145,-0.013613462,0.021991315,0.0932457,1.489922,1.464145,1.3628428,1.3392643,11.873248,11.888553,0.18531,0.18187,0.002979,0.040983,0.043961,63.399903,0.489115,629.172208,189.80021
2008,61531.1002,1493605474.88,5.087456,0.62681672,291.489757,35.913953,1.155446,287.31117,1.4738018,1.3123294,0.044523808,-0.035005647,0.0619659,1.4738018,1.3123294,1.3878053,1.2357548,11.883698,11.961128,0.18314,0.16202,0.002849,0.069093,0.071943,66.481396,0.40351,777.849909,290.966512
2009,63092.328,1628495561.25,5.3706903,-0.36203693,307.717887,-20.743188,0.44087085,166.18692,1.3670377,1.259164,0.044098511,-0.032317491,0.036499,1.3670377,1.259164,1.3188992,1.2148242,11.938814,11.979661,0.16909,0.15522,0.002345,0.024859,0.027205,74.857698,0.90438,147.945754,29.682537
2010,63326.5872,1648735553.57,0.56809396,0.62983427,32.549386,36.086845,3.0301269,481.8261,1.61001,1.4716797,-0.0033537395,0.025084371,0.1011826,1.61001,1.4716797,1.4620736,1.3364539,11.781954,11.884771,0.2018,0.18286,0.003573,0.042978,0.046551,29.489789,0.993794,328.411931,79.558859
2011,62467.6714,1574525225.36,1.0871585,0.40398587,62.289594,23.146685,0.31116756,575.76389,1.4398731,1.4251677,-0.0064978093,-0.034767056,0.1194744,1.4398731,1.4251677,1.2862045,1.2730686,11.902919,11.910682,0.17864,0.1767,0.002749,0.037946,0.040695,17.42105,0.951977,673.509658,290.980576
2012,63453.8416,1659730328.42,4.0146169,-0.98996855,230.020605,-56.72102,2.4749791,494.69871,1.3523333,1.328014,-0.045095454,0.044975048,0.1037125,1.3523333,1.328014,1.2252587,1.2032246,11.946205,11.955295,0.16717,0.16404,0.002344,0.040209,0.042552,39.671491,0.78592,512.116029,113.066048
2013,62437.5604,1571923636.75,5.8981409,0.45983955,337.938581,26.346865,2.4218225,457.39076,1.6575584,1.3898086,0.049713833,0.044413981,0.0963591,1.6575584,1.3898086,1.5118755,1.2676582,11.735192,11.928224,0.20858,0.17206,0.004241,0.046895,0.051136,22.80484,0.751957,775.695895,280.516354
2016,62766.2305,1600320733.88,3.4585747,-0.63081912,198.161733,-36.143273,0.59307499,931.23799,1.6757925,1.514755,-0.035260857,-0.012765601,0.1855399,1.6757925,1.514755,1.4135268,1.2776921,11.715255,11.856235,0.21124,0.18867,0.004034,0.028143,0.032177,16.345553,0.829226,971.423897,283.48283
2017,61025.7357,1449941978.67,2.2835203,0.057727056,130.836076,3.307517,2.2790305,368.52117,1.4363962,1.360591,-0.049375305,0.043784024,0.0785736,1.4363962,1.360591,1.3317554,1.2614726,11.904378,11.941597,0.17818,0.16825,0.002648,0.069163,0.071811,36.62561,0.650494,520.642644,119.852333
2018,63421.0204,1656894580.51,0.13731683,0.60748595,7.867675,34.806381,2.602641,305.09937,1.3958389,1.3882947,-0.026096706,-0.02646328,0.0656341,1.3958389,1.3882947,1.3098669,1.3027874,11.926731,11.928749,0.17283,0.17187,0.002559,0.024155,0.026714,62.024295,0.858247,265.505658,79.746082
2019,63314.6994,1647708444.11,1.1346527,0.49456891,65.010811,28.336711,2.5975491,486.9393,1.577306,1.4726634,-0.036784176,0.021220486,0.1021884,1.577306,1.4726634,1.4310675,1.3361268,11.80985,11.884266,0.19723,0.18299,0.00337,0.019437,0.022807,48.970841,0.855623,548.106546,172.410431
2020,61134.4031,1459330843.3,1.6843137,-0.14211894,96.504066,-8.142815,2.0416511,779.63845,1.6663221,1.4847721,-0.010152163,-0.046844234,0.1579254,1.6663221,1.4847721,1.4390583,1.2822693,11.726323,11.876908,0.20984,0.18461,0.003996,0.035546,0.039541,33.766679,0.453648,1163.30252,312.454409
2021,62288.8754,1559077250.48,2.1676134,0.093654316,124.195099,5.365997,0.59558517,317.32536,1.5138,1.3715868,0.016007761,0.0024049938,0.0681452,1.5138,1.3715868,1.417223,1.2840827,11.856771,11.937093,0.18854,0.16968,0.003027,0.04659,0.049617,54.26052,0.82782,345.825285,87.708765
2022,64426.6114,1743777646.66,4.6706514,-0.96827061,267.608613,-55.477819,0.91108444,481.67403,1.4043027,1.3518916,0.048411254,0.021515678,0.1011526,1.4043027,1.3518916,1.2753025,1.2277059,11.921027,11.946463,0.17396,0.16711,0.002525,0.031889,0.034414,28.921091,0.612889,604.584048,217.498654
2023,62472.578,1574949154.52,2.1651864,0.62973286,124.056043,36.081035,0.27872747,368.54799,1.6543421,1.4017906,0.025908945,-0.047209042,0.078579,1.6543421,1.4017906,1.5338164,1.2996643,11.739555,11.922914,0.2081,0.17362,0.004141,0.018147,0.022288,15.862887,0.961406,544.704078,223.496858
2024,62756.8089,1599506708.51,5.2742258,0.81965655,302.190879,46.962861,0.67555962,967.1418,1.588394,1.5500624,-0.0041606645,0.033579893,0.19197,1.588394,1.5500624,1.3325788,1.3004206,11.800371,11.831704,0.19878,0.19347,0.003524,0.014815,0.018339,60.861203,0.780357,714.694099,211.544081
2027,64184.7556,1722881297.83,3.9873921,-0.94550947,228.460739,-54.173702,2.0277343,446.04037,1.3395963,1.3012151,-0.0076877132,0.0098936755,0.094109,1.3395963,1.3012151,1.2243719,1.189292,11.950867,11.965181,0.16553,0.16059,0.002274,0.064926,0.0672,52.424585,0.441202,679.808751,195.737166
2028,63510.4166,1664618409.26,4.027325,0.011383555,230.748725,0.65223,0.89782074,846.54729,1.7473061,1.4493053,-0.034660267,-0.022640379,0.1702086,1.7473061,1.4493053,1.4931579,1.2385017,11.627726,11.898057,0.22191,0.17988,0.005115,0.013868,0.018983,60.738157,0.623316,991.734725,309.435336
2029,63037.2455,1623736425.65,0.29309705,-0.20825781,16.793224,-11.932294,1.8448672,163.78783,1.3865201,1.3336339,0.048037888,0.0052284109,0.0359855,1.3865201,1.3336339,1.3383586,1.2873095,11.929499,11.953035,0.17163,0.16476,0.002448,0.034586,0.037034,17.336281,0.270653,368.197639,85.419643
2030,63792.3164,1688974553.64,4.852169,-0.73253475,278.008805,-41.97115,0.37012146,53.160988,1.3524188,1.2872113,-0.021563072,-0.039175115,0.01189,1.3524188,1.2872113,1.3365275,1.2720862,11.946155,11.970163,0.16718,0.1588,0.002298,0.02962,0.031918,65.227178,0.932283,50.725669,5.642604
2031,64025.2819,1709102776.98,5.2192353,0.23311412,299.040155,13.356455,2.8318523,971.66104,1.5864916,1.4543622,0.020461923,0.01844734,0.1927766,1.5864916,1.4543622,1.3300828,1.2193082,11.802058,11.894718,0.19851,0.18056,0.003426,0.031032,0.034457,52.171572,0.952413,997.230908,283.76125
2032,62599.1083,1585881370.89,5.0348741,-0.16495288,288.477036,-9.451104,0.53178079,862.66613,1.765058,1.6560464,-0.0044232686,-0.0020055886,0.1731447,1.765058,1.6560464,1.5045526,1.4116301,11.60239,11.737016,0.22465,0.20836,0.004745,0.000121,0.004866,48.803721,0.861905,906.070922,267.62983
2034,62662.8793,1591391187.56,5.7071556,-0.39488683,326.995929,-22.625349,2.5745283,300.13698,1.5137913,1.458378,0.030919422,-0.0052389017,0.0646125,1.5137913,1.458378,1.4219176,1.3698674,11.856776,11.891987,0.18854,0.1811,0.003055,0.041523,0.044578,52.476843,0.843482,290.337678,76.949089
2035,62351.1783,1564460220.94,0.84611877,0.90790699,48.479034,52.019239,1.9751665,362.16823,1.55388,1.408488,-0.0414597,0.019248128,0.077287,1.55388,1.408488,1.4424012,1.3074399,11.828489,11.918932,0.19399,0.17451,0.003245,0.019679,0.022924,66.865995,0.39344,551.854749,201.410591
2037,64383.4715,1740050354.74,0.7992959,1.4016755,45.796282,80.31009,1.3166068,705.97163,1.7097459,1.4219319,0.027983533,0.022759605,0.1442165,1.7097459,1.4219319,1.4942504,1.2427123,11.676018,11.912189,0.21624,0.17627,0.004742,0.041096,0.045838,50.21619,0.251461,1172.172886,327.468615
2038,63440.0819,1658541493.3,5.8146385,-0.35684359,333.154245,-20.445632,2.0272189,470.31756,1.4691889,1.4447329,0.02759963,0.0026538587,0.0989143,1.4691889,1.4447329,1.3369459,1.3146912,11.886069,11.901252,0.18253,0.17927,0.002874,0.02864,0.031513,49.857023,0.44074,892.352258,286.074405
2039,61291.2807,1472885073.22,4.1284017,0.05143919,236.539994,2.947248,2.5941085,464.7802,1.4170427,1.2443268,-0.039848162,0.04440338,0.0978207,1.4170427,1.2443268,1.2907779,1.1334518,11.915385,11.984226,0.17562,0.15333,0.002612,0.046154,0.048766,74.440749,0.853837,471.242289,111.425279
2040,64020.3587,1708677408.09,4.3503712,1.0959231,249.257909,62.791768,0.9277532,416.03179,1.4394641,1.3218443,-0.040930533,0.020456808,0.0881303,1.4394641,1.3218443,1.3228785,1.214785,11.903022,11.957579,0.17858,0.16324,0.002654,0.06366,0.066314,60.40381,0.599634,647.840132,198.693416
2042,62681.9598,1593039744.11,5.4429248,0.11450677,311.856619,6.560755,0.36258269,452.10037,1.4760303,1.3720805,0.011841032,-0.002586032,0.0953111,1.4760303,1.3720805,1.34759,1.2526857,11.882603,11.936901,0.18344,0.16974,0.002824,0.050865,0.053688,41.537628,0.934984,391.466241,115.49708
2043,61240.6387,1468509599.3,5.6784794,-0.37111806,325.352904,-21.263499,2.0195886,302.97047,1.4727163,1.2390164,0.045056215,-0.0053494572,0.065196,1.4727163,1.2390164,1.3825777,1.1631816,11.884239,11.985439,0.183,0.15266,0.003029,0.045652,0.048681,57.44382,0.433878,461.81585,120.017297
2044,62924.0104,1613952915.96,3.2730907,0.56392649,187.534283,32.310608,1.1216815,476.83815,1.563346,1.5462458,-0.020625816,0.041139847,0.1002002,1.563346,1.5462458,1.420965,1.4054222,11.821146,11.833662,0.1953,0.19296,0.003419,0.025595,0.029014,38.353828,0.434168,994.690164,311.059927
2045,62460.075,1573868895.96,1.5157864,-0.63689435,86.848163,-36.491358,1.3529713,151.38433,1.5227742,1.3687746,0.0045526048,0.035181398,0.0333248,1.5227742,1.3687746,1.4736646,1.3246315,11.851806,11.938153,0.18974,0.16932,0.003085,0.033974,0.037058,28.732528,0.216107,407.414644,117.884404
2047,64072.1229,1713149838.03,3.0460386,-0.076324798,174.525156,-4.373089,2.5421663,255.65156,1.4200466,1.384168,0.049243621,0.02328295,0.055393,1.4200466,1.384168,1.3455145,1.311519,11.913438,11.930671,0.17602,0.17133,0.002618,0.0523,0.054918,50.811113,0.825659,290.789615,115.870823
2048,61713.9811,1509406386.13,2.0133683,-0.45163689,115.357506,-25.876888,0.13041597,726.83345,1.5657567,1.4835414,-0.019443316,-0.031025964,0.148119,1.5657567,1.4835414,1.3637582,1.2921495,11.819555,11.877808,0.19562,0.18444,0.003316,0.059048,0.062364,70.690926,0.991508,589.78164,133.852954
2049,63892.6261,1697641315.91,4.1215036,-0.39299727,236.144762,-22.517085,0.25052614,308.20129,1.4654383,1.4479001,-0.036074987,-0.029570744,0.066272,1.4654383,1.4479001,1.3743569,1.3579088,11.887926,11.899086,0.18204,0.17969,0.002869,0.050277,0.053146,70.748371,0.968782,263.607155,49.947187
2050,62951.9104,1616363478.21,4.144287,0.38407541,237.450154,22.0059,2.1612993,470.53687,1.3980076,1.3895782,0.02463101,-0.047333418,0.0989576,1.3980076,1.3895782,1.2721216,1.2644512,11.925722,11.928297,0.17311,0.17203,0.002567,0.046595,0.049162,35.514317,0.556779,593.814628,157.913044
2051,61191.1361,1464232573.69,4.2970741,-0.53007168,246.20421,-30.37087,1.5384753,282.32326,1.4308953,1.2785381,-0.046853218,0.042838917,0.0609341,1.4308953,1.2785381,1.3487127,1.2051061,11.908853,11.973173,0.17743,0.15769,0.002641,0.056079,0.05872,46.660648,0.032315,454.864507,118.930949
2052,64401.4586,1741604437.12,4.7757306,0.15939346,273.629207,9.132573,1.9223044,158.29006,1.3175868,1.261203,-0.011331442,0.0059029169,0.0348074,1.3175868,1.261203,1.2732677,1.2187804,11.959172,11.979003,0.1627,0.15548,0.002172,0.042309,0.044481,27.698154,0.344314,140.726551,50.677949
2053,62794.1534,1602733267.82,1.1221913,-0.51646673,64.296825,-29.591364,2.1176373,385.49082,1.5091849,1.4793276,0.031345337,-0.022993534,0.0820001,1.5091849,1.4793276,1.3948104,1.3672158,11.860684,11.880768,0.1879,0.18387,0.003073,0.018897,0.02197,74.737867,0.519991,618.029482,180.135861
2054,62018.069,1535679578.72,6.2788852,-0.91614796,359.753622,-52.491412,1.2360945,642.17478,1.6724988,1.517594,-0.032778827,-0.047792502,0.1321786,1.6724988,1.517594,1.4772394,1.3404193,11.719242,11.854862,0.21075,0.18904,0.004003,0.024641,0.028644,73.867074,0.328488,1201.630187,323.622365
2055,62642.9239,1589667047.02,5.5428052,-0.87920934,317.579345,-50.374984,0.58061313,991.96049,1.6604622,1.5255409,0.030308302,0.016306058,0.1963916,1.6604622,1.5255409,1.3878919,1.2751184,11.732052,11.849603,0.209,0.19012,0.003906,0.0364,0.040306,53.970536,0.836126,882.502308,298.695052
2056,64002.5022,1707134611.74,3.4572562,1.2173463,198.086189,69.748805,1.1174061,675.55431,1.5354044,1.5255777,-0.0045345352,-0.008975496,0.1384967,1.5354044,1.5255777,1.3486243,1.339993,11.84309,11.849573,0.19145,0.19012,0.003269,0.022168,0.025438,63.264844,0.438016,1167.354627,301.309116
2057,62067.1609,1539921122.81,1.6717755,-0.61070945,95.78568,-34.991074,2.4545661,439.26491,1.591434,1.3137991,-0.04706067,-0.036091883,0.0927629,1.591434,1.3137991,1.4563397,1.2022728,11.798244,11.960585,0.19919,0.16221,0.003872,0.051888,0.05576,57.90601,0.773135,604.568351,161.304876
2058,61674.3674,1505983760.3,0.68486276,-0.12172693,39.239746,-6.974439,2.0402417,471.08764,1.4404107,1.3157859,0.0092825197,0.049974595,0.0990662,1.4404107,1.3157859,1.3105768,1.1971852,11.902793,11.959846,0.17871,0.16247,0.002661,0.028045,0.030706,50.589493,0.452392,993.696035,279.095232
2059,61451.7494,1486749563.07,4.0195502,-0.55313554,230.303262,-31.692332,1.2963829,201.53774,1.5252697,1.4360296,0.043689141,-0.04107404,0.0440231,1.5252697,1.4360296,1.460954,1.3754769,11.849823,11.90464,0.19008,0.17813,0.003082,0.042693,0.045775,18.20088,0.270982,330.817525,99.493762
2060,62042.5079,1537791100.07,3.0651815,0.40629499,175.621963,23.278988,0.96095818,538.18699,1.5847543,1.4193286,0.021254729,0.01136206,0.112204,1.5847543,1.4193286,1.4248773,1.2761405,11.803751,11.91393,0.19826,0.17593,0.003445,0.02033,0.023775,42.285861,0.572735,669.447797,185.391928
2061,63730.1683,1683604959.52,6.2343671,0.97776402,357.202923,56.021752,2.8089431,850.9563,1.6682357,1.4586408,0.0073715795,-0.030354619,0.1710126,1.6682357,1.4586408,1.4246096,1.2456235,11.724291,11.891807,0.21012,0.18113,0.004075,0.028887,0.032962,55.487178,0.94518,1042.602585,375.226149
2062,62650.6923,1590338230.84,2.6880055,0.70733021,154.01137,40.527036,0.62205292,601.10637,1.3608639,1.3586725,-0.037309499,0.030561872,0.1243438,1.3608639,1.3586725,1.2103628,1.2084137,11.941463,11.942582,0.16829,0.168,0.002419,0.057381,0.0598,55.651897,0.812684,631.888115,210.830735
2063,61796.1856,1516508854.96,0.046337821,-0.071788891,2.654962,-4.1132,2.5327241,224.14084,1.4326787,1.3193966,0.016443503,-0.013159276,0.0487935,1.4326787,1.3193966,1.3660255,1.2580137,11.907503,11.958493,0.17768,0.16293,0.002622,0.035758,0.03838,37.387357,0.820296,274.54067,70.339515
2064,61581.6475,1497972761.88,4.0602176,-0.96084067,232.633332,-55.052115,0.93469541,670.66234,1.7534505,1.6654176,0.030617227,0.011936671,0.1375735,1.7534505,1.6654176,1.5413953,1.4640088,11.619184,11.727096,0.22285,0.20972,0.00467,0.000299,0.004969,71.501519,0.594063,1310.148697,338.977081
2065,62164.5532,1548335811.7,4.0860709,-0.84475166,234.114617,-48.400705,2.2289936,722.40961,1.5580651,1.4876179,0.028624345,0.046002815,0.1472928,1.5580651,1.4876179,1.3580361,1.2966331,11.82425,11.874888,0.19459,0.185,0.003284,0.050506,0.05379,25.041422,0.611692,761.766755,224.415632
2066,64289.7353,1731951548.36,2.0261944,-0.51223225,116.092388,-29.348746,0.66830409,413.70816,1.5248901,1.4665855,-0.015436981,0.007237583,0.0876655,1.5248901,1.4665855,1.4019844,1.3483792,11.850132,11.887375,0.19003,0.18219,0.003111,0.060367,0.063478,45.021567,0.784874,447.896934,148.620169
2067,62200.5935,1551449695.89,4.7301927,-1.1500901,271.020078,-65.895309,2.8372302,563.08608,1.6065815,1.4406936,0.041418265,-0.044473573,0.1170283,1.6065815,1.4406936,1.4382639,1.2897557,11.784422,11.902729,0.20132,0.17874,0.003577,0.025348,0.028926,56.453039,0.954038,584.336157,194.778869
2068,64458.4343,1746527138.57,4.7561743,-0.93492211,272.508714,-53.567091,1.8847649,533.66056,1.565364,1.40722,0.032020425,0.045098701,0.1113241,1.565364,1.40722,1.4085576,1.2662553,11.819835,11.919452,0.19557,0.17434,0.003323,0.035678,0.039,56.828148,0.308836,1038.695522,295.981134
2069,62698.3066,1594452107.82,1.893053,0.58207511,108.463947,33.350447,0.65845912,485.80901,1.3644031,1.3260132,-0.042572987,-0.025379797,0.1019662,1.3644031,1.3260132,1.2381534,1.2033157,11.939867,11.95604,0.16875,0.16378,0.002373,0.025633,0.028006,53.918337,0.790936,670.737386,253.39628
2070,61627.0737,1501897586.89,0.17018833,0.73687699,9.751073,42.219942,0.78782999,894.69814,1.7286238,1.6375615,-0.030111125,-0.029839389,0.178954,1.7286238,1.6375615,1.4662352,1.3889953,11.652873,11.755021,0.21906,0.20572,0.004451,0.00249,0.006942,31.517293,0.705385,1032.486922,355.640538
2071,64118.9903,1717199181.76,2.1390592,-0.097522171,122.559064,-5.587609,1.1456839,319.67184,1.5843338,1.3537451,-0.031814903,0.038270886,0.0686263,1.5843338,1.3537451,1.4825892,1.2668088,11.804167,11.945371,0.1982,0.16735,0.003605,0.062855,0.06646,24.372394,0.412423,507.304588,109.168778
2072,62611.2438,1586929882.84,5.1220309,0.46760569,293.470753,26.791833,2.7725272,307.39186,1.4417867,1.3279526,-0.012762282,0.036059597,0.0661056,1.4417867,1.3279526,1.3523864,1.2456108,11.902469,11.955318,0.17888,0.16403,0.002663,0.045771,0.048434,53.15642,0.932665,294.609987,69.572974
2077,63483.8497,1662323032.28,3.9130076,0.55201807,224.198821,31.628306,0.59809137,845.3209,1.5303703,1.481486,-0.049028735,0.040495937,0.1699848,1.5303703,1.481486,1.3080258,1.2662438,11.846356,11.879306,0.19077,0.18417,0.003155,0.055085,0.058241,50.958127,0.826412,873.002415,256.041424
2078,64442.9905,1745192800.76,2.5435272,0.65345317,145.733374,37.440109,2.8773378,172.08824,1.365091,1.2937296,0.034533413,-0.0058037869,0.0377605,1.365091,1.2937296,1.3154201,1.2466553,11.939584,11.967862,0.16884,0.15963,0.002345,0.045153,0.047497,25.761361,0.965287,156.876193,34.975176
2079,61175.6137,1462891443.94,1.9053073,-1.1774947,109.166067,-67.465477,0.68305864,666.3656,1.5556929,1.4783185,0.024403105,-0.023589903,0.1367618,1.5556929,1.4783185,1.3685302,1.3004646,11.826473,11.881379,0.19425,0.18374,0.003262,0.043579,0.046841,57.308349,0.775646,801.534055,289.815995
2083,61338.431,1476958852.88,0.14012856,-0.38919891,8.028775,-22.299455,0.28260702,349.66485,1.4562146,1.3882843,0.040135759,0.021884171,0.0747487,1.4562146,1.3882843,1.354935,1.2917292,11.893483,11.928753,0.18081,0.17186,0.002747,0.021853,0.0246,42.31032,0.960332,335.115515,72.06759
2084,63521.5986,1665584536.62,1.9956954,-0.74554246,114.344924,-42.716436,2.9262064,688.06975,1.6316097,1.3927953,-0.025378869,-0.049140347,0.1408545,1.6316097,1.3927953,1.4301646,1.2208352,11.761237,11.927507,0.20486,0.17244,0.00393,0.050233,0.054163,55.065635,0.976894,560.167602,160.700728
2085,61986.3875,1532942299.0,2.6511115,0.039048418,151.8975,2.23731,0.6731242,881.66737,1.7685896,1.5611161,-0.020210371,0.029900455,0.1765948,1.7685896,1.5611161,1.5031424,1.3268086,11.597158,11.822398,0.2252,0.195,0.004855,0.002236,0.007091,65.242025,0.781878,1028.556608,335.069997
2086,61645.0549,1503451160.44,4.2612648,-1.0279921,244.152488,-58.899609,0.66092548,473.12616,1.5020014,1.4183481,-0.018698906,0.03735921,0.0994684,1.5020014,1.4183481,1.366116,1.2900308,11.865673,11.914585,0.18693,0.17579,0.002962,0.058377,0.061339,25.183706,0.789424,488.485423,140.193602
2087,61137.7666,1459621450.46,1.2612719,1.0424206,72.265557,59.726301,0.82842557,687.93615,1.6581818,1.5373224,0.045685407,-0.0060690161,0.1408293,1.6581818,1.5373224,1.4534881,1.3475481,11.73453,11.841401,0.20867,0.19172,0.003889,0.029663,0.033552,16.148692,0.676037,779.351768,253.31903
2088,61076.4635,1454324863.7,4.0071017,0.23925538,229.590015,13.708323,2.6896208,577.35342,1.5306968,1.4292483,0.034610836,0.048875583,0.1197806,1.5306968,1.4292483,1.3669613,1.2763645,11.846174,11.909651,0.19081,0.17722,0.003105,0.051237,0.054342,61.746155,0.899588,975.808578,314.653794
2089,63710.6996,1681922864.38,3.9697574,-0.9189544,227.450345,-52.652209,2.0599237,411.5527,1.5402916,1.5151147,-0.0059791962,-0.013014076,0.0872341,1.5402916,1.5151147,1.4167064,1.3935496,11.838325,11.856049,0.19214,0.18871,0.00326,0.016266,0.019526,51.581846,0.469856,610.201942,134.456356
2090,61470.517,1488371086.44,2.4738534,0.93948811,141.741359,53.828704,0.49205017,194.85726,1.3667498,1.313384,0.032143887,-0.002302383,0.0426071,1.3667498,1.313384,1.3108962,1.2597113,11.938925,11.960739,0.16905,0.16216,0.002366,0.033605,0.035971,56.978374,0.881366,176.044842,40.354279
2091,62637.0222,1589157132.27,5.527906,-0.70496125,316.725683,-40.391304,0.90542074,811.37489,1.6760964,1.4600559,-0.043115339,0.026462661,0.163771,1.6760964,1.4600559,1.4402288,1.2545904,11.714904,11.890861,0.21128,0.18132,0.00415,0.021272,0.025423,65.289298,0.617355,1021.008755,295.707909
2092,63120.6389,1630941614.91,3.7771894,0.23184535,216.417011,13.28376,2.7768241,434.79878,1.4904856,1.2862097,0.022012845,-0.048901812,0.0918744,1.4904856,1.2862097,1.3650706,1.1779832,11.872837,11.970514,0.18538,0.15867,0.003018,0.036314,0.039332,63.168656,0.934206,314.537881,77.17212
2094,62499.2313,1577252002.49,1.694873,-0.99512003,97.10907,-57.016178,1.3585858,545.33434,1.6493854,1.3975204,0.033109588,-0.041354158,0.1135916,1.6493854,1.3975204,1.4811403,1.2549667,11.743651,11.925999,0.20741,0.17305,0.004104,0.018799,0.022904,72.655209,0.210621,1138.260847,298.970431
2095,61094.8733,1455915469.67,6.2133425,-0.85091749,355.998302,-48.753981,2.7907004,810.01407,1.5526188,1.4381856,-0.040568735,-0.044189543,0.163521,1.5526188,1.4381856,1.334414,1.2360633,11.829788,11.903428,0.19382,0.17842,0.003225,0.060875,0.0641,47.156105,0.939066,782.042202,216.057073
2096,63742.2553,1684649272.38,4.4277998,-0.72592105,253.694241,-41.592212,0.30226763,599.08759,1.6571048,1.5996627,0.013699785,-0.00020414018,0.1239569,1.6571048,1.5996627,1.4743491,1.423242,11.735697,11.790903,0.20852,0.20035,0.003952,0.013895,0.017847,44.309738,0.954664,667.565341,203.306365
2098,61036.7963,1450897617.1,2.8661697,-0.043684578,164.219427,-2.502942,0.4827193,517.53144,1.6136045,1.3036986,-0.010420536,-0.0068335721,0.1081813,1.6136045,1.3036986,1.4560834,1.1764307,11.778438,11.964282,0.20231,0.16091,0.00423,0.032215,0.036446,39.113232,0.885736,830.172888,295.776483
2099,63666.6146,1678113922.06,2.6997261,-0.1483393,154.682911,-8.499216,2.5641888,853.29034,1.671321,1.4806821,-0.032405195,0.021938545,0.1714379,1.671321,1.4806821,1.4267261,1.2639868,11.720601,11.87987,0.21058,0.18406,0.004049,0.024449,0.028498,24.221463,0.837883,770.69813,286.94784
2100,64126.5657,1717853696.92,0.1017981,-0.41517182,5.832601,-23.787593,1.8475141,418.10757,1.4875981,1.4565293,0.029851822,0.048739049,0.0885453,1.4875981,1.4565293,1.3665928,1.3380512,11.874902,11.893267,0.18499,0.18085,0.002956,0.038785,0.041741,49.356434,0.2732,652.906792,194.105426
2101,62514.9397,1578609210.13,0.22786087,-1.4925457,13.055466,-85.516569,2.3235598,650.58408,1.5513395,1.3573945,0.048427747,0.01417744,0.1337745,1.5513395,1.3573945,1.3682964,1.197235,11.830862,11.943274,0.19364,0.16784,0.003307,0.047282,0.050589,31.620751,0.683658,764.122184,231.678578
2105,62874.3987,1609666461.86,1.2536966,-0.0330233,71.831524,-1.892096,0.87554965,682.80643,1.6698076,1.5562511,0.022538211,0.0026293765,0.1398637,1.6698076,1.5562511,1.4649187,1.3652958,11.722385,11.825879,0.21035,0.19433,0.003974,0.017995,0.021969,70.278451,0.640575,906.040361,283.927649
2106,62669.4419,1591958195.93,2.6479222,0.84868363,151.714767,48.62599,2.5822315,516.68888,1.4451911,1.43816,-0.0032175651,-0.001786802,0.1080169,1.4451911,1.43816,1.3043043,1.2979586,11.900976,11.903438,0.17933,0.17842,0.002792,0.064063,0.066854,49.991448,0.847594,492.861689,112.453715
2107,62362.2302,1565415104.27,0.2441751,-0.2949634,13.990203,-16.900158,2.4757769,655.29543,1.5107048,1.4706927,-0.0017811371,-0.044095886,0.1346673,1.5107048,1.4706927,1.3314077,1.2961444,11.859182,11.885284,0.18812,0.18273,0.003063,0.040134,0.043197,50.570411,0.786413,646.074698,231.464304
2108,64105.9859,1716075597.5,3.9495545,0.33836372,226.292804,19.386813,2.3613145,624.04035,1.5483797,1.5208835,0.042842939,0.0096490486,0.1287275,1.5483797,1.5208835,1.3717923,1.347432,11.832603,11.853087,0.19324,0.18948,0.003302,0.056861,0.060163,36.29548,0.710718,870.775487,328.187269
2109,64128.7673,1718043911.63,0.20698476,0.83095513,11.859353,47.610222,0.36952697,205.02218,1.3618298,1.2707248,-0.00079132593,0.031633071,0.0447605,1.3618298,1.2707248,1.3034852,1.2162834,11.941001,11.975857,0.16842,0.15669,0.002325,0.062682,0.065007,18.119361,0.932498,169.626493,34.972804
2110,62175.3573,1549269286.67,5.6925611,0.92171321,326.159726,52.810277,2.7816459,708.22758,1.6431783,1.5133365,0.0072491006,-0.025284682,0.1446393,1.6431783,1.5133365,1.4355425,1.3221078,11.750222,11.857059,0.20651,0.18848,0.003787,0.017784,0.021571,16.904626,0.935916,657.967405,242.027838
2112,63152.7441,1633715511.61,3.3397273,-0.19401626,191.352279,-11.116313,2.4177959,436.59637,1.618912,1.328183,-0.0049642558,-0.038101793,0.0922321,1.618912,1.328183,1.4822051,1.2160263,11.773117,11.955231,0.20306,0.16406,0.004125,0.062688,0.066813,40.400109,0.749297,544.118977,161.834015
2113,64244.1765,1728015264.79,0.95819138,-0.60479341,54.900322,-34.65211,0.96116439,449.45376,1.4362009,1.3579931,-0.033405176,0.0059864015,0.0947863,1.4362009,1.3579931,1.311855,1.2404184,11.904515,11.942947,0.17816,0.16791,0.002645,0.023491,0.026136,20.073923,0.572566,650.512754,219.256593
2114,64367.2047,1738644908.08,3.455457,1.3247188,197.983102,75.900796,0.24953862,700.35379,1.5877366,1.5696912,0.023305173,-0.033717879,0.1431627,1.5877366,1.5696912,1.3888981,1.3731126,11.800923,11.816293,0.19868,0.19617,0.003571,0.037615,0.041186,51.410817,0.969026,807.213088,268.64758
2115,62781.3566,1601627631.82,1.249016,-0.55090914,71.563345,-31.564769,0.48188518,693.87501,1.5355529,1.3683792,-0.012018249,-0.0015076342,0.141946,1.5355529,1.3683792,1.3446808,1.1982871,11.842969,11.938302,0.19147,0.16926,0.00317,0.036221,0.03939,67.85838,0.886123,596.393286,155.540517
2117,62584.8868,1584652639.12,1.7102037,-0.11724593,97.987454,-6.717697,2.6379742,697.13789,1.7688126,1.3725188,0.049521868,-0.018293167,0.142559,1.7688126,1.3725188,1.5481149,1.2012673,11.596759,11.936728,0.22524,0.1698,0.006411,0.04236,0.048771,67.974889,0.875842,739.457851,210.451053
2118,61975.4301,1531995579.14,5.0458127,-0.20975546,289.103772,-12.018103,1.2198534,245.05194,1.5726536,1.303568,0.049486017,0.0010878631,0.0531796,1.5726536,1.303568,1.4932435,1.2377452,11.813529,11.964329,0.19659,0.1609,0.003714,0.061586,0.0653,54.542725,0.343783,672.648069,241.265004
2119,64356.0516,1737681272.45,3.0630243,-0.56126602,175.498365,-32.158174,0.63622532,360.1967,1.4438605,1.3703352,0.00041283078,0.019468045,0.0768873,1.4438605,1.3703352,1.3407722,1.2724964,11.90172,11.937568,0.17915,0.16952,0.002684,0.059312,0.061996,27.67391,0.804344,410.240088,93.455279
2120,61499.8501,1490905463.67,3.8389512,-1.0623609,219.955702,-60.868796,2.8939713,735.60856,1.5921873,1.4965321,-0.026945366,0.038149339,0.1497557,1.5921873,1.4965321,1.3848049,1.3016088,11.797733,11.86854,0.1993,0.1862,0.003465,0.046188,0.049653,66.77981,0.969498,714.560438,248.724166
2122,63029.4035,1623058881.8,1.6929627,-0.68292256,96.999618,-39.12858,1.0793916,272.4336,1.5488285,1.4095113,-0.031042832,0.0053025047,0.0588842,1.5488285,1.4095113,1.4626986,1.3311288,11.832377,11.918553,0.1933,0.17464,0.003212,0.031406,0.034618,68.165606,0.471865,465.36122,99.111372
2123,61988.9259,1533161618.9,3.3462918,-0.090244375,191.728397,-5.170622,2.6389468,606.35136,1.5392622,1.3689964,-0.038719062,0.0232089,0.1253483,1.5392622,1.3689964,1.3678096,1.2165091,11.839419,11.93807,0.19199,0.16934,0.003195,0.020977,0.024171,26.799215,0.876311,975.871074,325.029716
2124,61976.529,1532090525.0,5.2728246,-0.09266635,302.110596,-5.309391,2.144479,378.02758,1.5513446,1.4716776,0.034458638,-0.015432178,0.0804949,1.5513446,1.4716776,1.4357723,1.3620403,11.830858,11.884772,0.19364,0.18286,0.003234,0.034038,0.037273,59.245565,0.542729,560.82637,158.554963
2125,62417.3901,1570180918.82,5.0267935,-0.69257011,288.014052,-39.681344,0.77642572,908.58666,1.5413956,1.5314206,0.020583964,-0.044082162,0.1814623,1.5413956,1.5314206,1.3046507,1.2962078,11.837191,11.845769,0.19229,0.19091,0.003305,0.021588,0.024892,32.191173,0.713423,890.29834,281.894833
2126,64495.7753,1749753401.79,0.77969001,1.160127,44.672947,66.470381,1.9052552,454.1963,1.4818797,1.3787423,0.046470574,-0.025621899,0.0957264,1.4818797,1.3787423,1.3524176,1.2582906,11.879023,11.933758,0.18422,0.17061,0.002852,0.052965,0.055817,63.158419,0.328258,955.632553,318.284492
2127,61192.3821,1464340229.19,0.33391136,-1.0715071,19.131712,-61.392835,0.5154552,670.57218,1.7398022,1.5817818,0.013278565,-0.022978343,0.1375565,1.7398022,1.5817818,1.5294205,1.3905084,11.637866,11.806598,0.22076,0.19784,0.004523,0.003915,0.008438,74.834274,0.870068,599.32615,153.594335
2128,63024.8964,1622669463.82,2.9052002,-0.45582384,166.45571,-26.116782,1.0048341,452.55464,1.5443058,1.4013368,-0.0041457412,0.016280892,0.0954011,1.5443058,1.4013368,1.4098085,1.279291,11.834788,11.923279,0.1927,0.17356,0.00319,0.06498,0.06817,16.80156,0.536228,682.983694,225.030674
2129,61289.0026,1472688238.59,2.211172,0.222661,126.690823,12.757536,2.2460304,547.23506,1.6252887,1.6224408,0.022513163,-0.043543332,0.1139602,1.6252887,1.6224408,1.4590186,1.4564621,11.767583,11.769684,0.20396,0.20357,0.003875,0.016832,0.020707,68.841952,0.62508,871.011712,301.76565
2131,61540.8229,1494445516.99,2.5941437,0.22078829,148.633485,12.650237,0.40133298,815.88247,1.5867583,1.5619598,0.049559707,0.0094037481,0.1645984,1.5867583,1.5619598,1.362494,1.3412004,11.801807,11.821944,0.19855,0.19511,0.003546,0.039235,0.042781,52.357832,0.920541,767.844264,356.502798
2134,62538.4703,1580642251.59,3.9203017,0.29341835,224.616742,16.811633,2.7564475,780.60739,1.4990003,1.3958449,-0.016818137,0.025233284,0.1581044,1.4990003,1.3958449,1.2943568,1.2052842,11.867128,11.926729,0.18653,0.17283,0.002938,0.023722,0.02666,73.402957,0.926744,902.711756,286.139671
2135,62786.6105,1602081561.72,5.8849654,0.015069356,337.18368,0.86341,1.3053183,307.22314,1.4525182,1.264721,0.044140392,-0.0071839811,0.0660709,1.4525182,1.264721,1.3624968,1.1863385,11.895904,11.977876,0.18031,0.15592,0.002798,0.062967,0.065765,42.900571,0.262371,590.748547,205.872595
2136,61905.7734,1525977242.29,1.1217939,-0.95035726,64.274056,-54.45146,1.3778087,427.59806,1.5303932,1.5068043,0.029524692,-0.015609858,0.0904398,1.5303932,1.5068043,1.4034641,1.3818317,11.846343,11.862911,0.19077,0.18757,0.003206,0.05694,0.060145,65.843276,0.191792,594.476726,200.655705
2138,62107.6,1543415054.38,4.603831,0.018766373,263.780086,1.075234,1.6954198,188.53808,1.395489,1.3094214,0.04740888,0.021417159,0.0412653,1.395489,1.3094214,1.3401859,1.2575291,11.926848,11.962196,0.17278,0.16165,0.002463,0.043253,0.045716,18.743644,0.124301,685.316412,214.533245
2139,61304.3846,1474017244.93,3.8029325,0.76098614,217.891982,43.601294,2.5901265,262.31549,1.4771133,1.320397,-0.037346032,-0.043471789,0.0567813,1.4771133,1.320397,1.3977474,1.2494515,11.882045,11.958119,0.18358,0.16306,0.002859,0.049056,0.051915,35.116743,0.851757,297.964345,62.199942
2140,62061.2692,1539412080.63,1.9546238,1.3534571,111.991694,77.54738,2.2292735,272.74291,1.3609517,1.3072753,0.019272683,0.028992546,0.0589484,1.3609517,1.3072753,1.2851917,1.2345033,11.941421,11.96298,0.1683,0.16137,0.002342,0.058016,0.060358,19.020992,0.611913,405.993465,95.291469
2142,64382.9545,1740005690.07,2.7447614,-0.65525136,157.263244,-37.543137,2.5574646,722.56755,1.6008454,1.4926042,0.030744929,0.033458791,0.1473223,1.6008454,1.4926042,1.3952883,1.3009458,11.789788,11.871266,0.20051,0.18567,0.003513,0.020654,0.024167,73.520588,0.834193,856.847197,266.67313
2143,64306.4758,1733397930.22,5.8062226,-1.1855151,332.67205,-67.925012,1.8882505,576.32005,1.5976346,1.5166323,-0.0039351676,-0.012592479,0.1195816,1.5976346,1.5166323,1.4269926,1.3546421,11.792813,11.855317,0.20006,0.18892,0.003512,0.032084,0.035596,64.018434,0.312149,911.043628,265.992124
2145,62172.074,1548985612.94,0.22550713,-0.59428743,12.920607,-34.050162,0.65236168,850.45227,1.5832449,1.5808271,-0.039976936,-0.01461334,0.1709207,1.5832449,1.5808271,1.3521368,1.3500719,11.805232,11.807418,0.19805,0.19771,0.003588,0.023197,0.026785,66.152845,0.794652,888.383236,307.099508
2146,62997.9888,1620344648.33,5.6741784,-0.4395924,325.106475,-25.186789,2.4358552,566.78622,1.5370565,1.5178064,0.030743496,0.0083570314,0.1177429,1.5370565,1.5178064,1.3751431,1.3579208,11.841652,11.854759,0.19168,0.18907,0.003255,0.021138,0.024393,71.277914,0.761133,593.833691,151.766049
2148,64183.5839,1722780064.27,2.2524278,-0.24173303,129.054607,-13.850282,2.0092663,498.88216,1.5437428,1.4485277,-0.033032255,3.4168063e-05,0.104533,1.5437428,1.4485277,1.3976429,1.311439,11.835174,11.898623,0.19262,0.17978,0.003181,0.033539,0.03672,20.106209,0.424555,923.982336,313.70317
2149,61021.6434,1449588405.97,5.0943683,-0.65249276,291.885803,-37.385081,2.59066,995.22577,1.6529123,1.5558667,0.010238147,-0.043504201,0.1969719,1.6529123,1.5558667,1.3809116,1.2998356,11.741509,11.826285,0.20789,0.19428,0.003864,0.009751,0.013616,38.135856,0.852037,979.021537,356.49667
2150,63837.3925,1692869129.67,0.99149974,-0.2400949,56.80875,-13.756424,2.6468248,732.79784,1.6376837,1.556594,-0.027851643,0.022643818,0.1492318,1.6376837,1.556594,1.4250247,1.3544648,11.754912,11.825531,0.20574,0.19438,0.003776,0.009627,0.013403,19.262093,0.880079,687.154617,178.15202
2151,64319.2934,1734505370.76,3.304356,-0.80638741,189.325653,-46.202595,2.2856871,577.34196,1.5400746,1.4695538,0.014501766,-0.020072436,0.1197784,1.5400746,1.4695538,1.3753387,1.3123612,11.838554,11.885879,0.19211,0.18258,0.00318,0.022013,0.025194,27.647586,0.655535,705.262363,230.692567
2152,61319.6401,1475335320.06,0.73050394,-0.99919241,41.854793,-57.249508,0.68946085,628.9375,1.5667554,1.5087676,-0.016680181,-0.043141282,0.1296607,1.5667554,1.5087676,1.3869256,1.3355935,11.818803,11.8611,0.19576,0.18784,0.003352,0.054906,0.058259,28.761947,0.771589,570.439277,162.584384
2153,61565.0669,1496540198.26,4.6102721,-0.63730604,264.149134,-36.514946,1.8481528,196.47327,1.4595639,1.3188065,0.0092451615,-0.026625274,0.0429499,1.4595639,1.3188065,1.3994573,1.2644965,11.891184,11.958715,0.18126,0.16285,0.002759,0.046222,0.048981,43.146433,0.273814,633.317207,228.062279
2155,64362.6121,1738248099.96,4.7181785,0.47681665,270.331715,27.319582,2.0069997,385.26781,1.5204183,1.5006038,0.010608518,0.016082845,0.0819551,1.5204183,1.5006038,1.4052508,1.3869372,11.853368,11.866322,0.18942,0.18675,0.003158,0.060211,0.06337,31.11373,0.422501,689.018356,178.721061
2156,62881.3905,1610270557.44,0.50011145,-0.15161801,28.654275,-8.687072,2.2762454,702.41708,1.5804075,1.386551,0.03837054,-0.0038148771,0.1435499,1.5804075,1.386551,1.3820189,1.2124972,11.807754,11.929485,0.19765,0.17164,0.003472,0.037459,0.040931,21.058686,0.648376,1048.243924,290.377848
2158,61049.6882,1452011480.26,2.3671944,0.13692963,135.630248,7.84549,0.91428065,347.34553,1.4367441,1.3045643,-0.026801551,0.026164261,0.074277,1.4367441,1.3045643,1.3374057,1.214365,11.904149,11.963967,0.17823,0.16102,0.002649,0.033916,0.036565,25.049465,0.610361,684.288028,217.150112
2160,61901.712,1525626334.43,4.8817688,0.62584114,279.704749,35.858056,2.6672983,946.80849,1.5623605,1.4875796,-0.019226667,-0.020528214,0.1883335,1.5623605,1.4875796,1.3147492,1.25182,11.821721,11.874915,0.19516,0.18499,0.003304,0.037302,0.040605,23.836534,0.889615,971.426044,340.42478
2161,62574.8029,1583781385.1,4.1548762,-0.24332576,238.056871,-13.941539,2.7303475,451.80321,1.4713719,1.3870367,-0.0093042026,-0.040336982,0.0952522,1.4713719,1.3870367,1.3434093,1.2664085,11.88493,11.929267,0.18282,0.1717,0.002808,0.039832,0.04264,73.384608,0.916624,497.327263,109.915109
2162,63425.1812,1657254072.69,5.2487559,-0.73741386,300.731561,-42.250702,1.2582621,414.89156,1.4300879,1.423189,0.022653725,0.0401407,0.0879022,1.4300879,1.423189,1.3145371,1.3081957,11.9093,11.911471,0.17733,0.17644,0.002719,0.022657,0.025376,60.55755,0.307471,601.87633,233.613131
2163,63566.0613,1669426116.35,1.7259793,-0.23985193,98.891329,-13.742503,0.89816112,211.94933,1.5403378,1.4476584,-0.01083569,0.021001098,0.0462243,1.5403378,1.4476584,1.4722826,1.3836979,11.838276,11.899264,0.19214,0.17966,0.003163,0.046808,0.04997,73.065688,0.623049,376.336847,99.302713
2164,64483.9753,1748733883.51,5.118994,0.54187134,293.296752,31.046941,2.0583229,388.71356,1.4212696,1.268866,0.014945125,0.00141222,0.0826491,1.4212696,1.268866,1.3127703,1.1720011,11.912613,11.976492,0.17619,0.15645,0.0026,0.028991,0.031591,41.384429,0.468442,701.361807,202.674762
2165,62006.2892,1534661804.69,3.6852685,0.52168671,211.150331,29.890447,1.2359868,555.8127,1.5003709,1.429211,0.045787249,-0.017066648,0.1156218,1.5003709,1.429211,1.3448741,1.2810891,11.866435,11.909665,0.18671,0.17721,0.002964,0.047752,0.050715,31.702109,0.328589,1147.704447,302.908708
2166,62883.7704,1610476176.81,1.1923204,-0.78420141,68.314927,-44.931431,0.47243635,457.47221,1.3839715,1.3833476,-0.047576871,0.02165202,0.0963752,1.3839715,1.3833476,1.2623156,1.2617465,11.930777,11.931118,0.1713,0.17122,0.002522,0.051564,0.054086,62.897592,0.890462,526.481984,119.768815
2167,62866.6324,1608995458.87,2.6030586,0.24313329,149.144272,13.930511,0.3933965,255.46479,1.5924045,1.4425628,-0.017510537,-0.014796589,0.0553541,1.5924045,1.4425628,1.5088817,1.3668993,11.79758,11.902244,0.19932,0.17898,0.003472,0.022073,0.025545,34.575235,0.923612,223.275611,41.388806
2168,62419.7584,1570385544.46,3.1921741,-0.45880244,182.898103,-26.287443,1.1338013,570.44351,1.421765,1.3608462,0.045626883,0.0046097678,0.1184487,1.421765,1.3608462,1.2711937,1.2167265,11.912294,11.941472,0.17625,0.16829,0.002594,0.020652,0.023246,32.963002,0.423219,666.583183,220.390383
2169,61592.0666,1498872974.7,1.3832615,0.015894704,79.255046,0.910699,0.4110018,476.66913,1.453431,1.340406,-0.013055659,0.0025870794,0.1001669,1.453431,1.340406,1.3211005,1.218366,11.895318,11.950661,0.18043,0.16563,0.002716,0.0582,0.060917,28.95036,0.916721,483.498437,101.253705
2170,64421.098,1743301282.71,3.6566948,0.83071768,209.513179,47.596617,1.7715807,347.00364,1.5434019,1.3267727,0.0095992182,-0.010134132,0.0742074,1.5434019,1.3267727,1.436782,1.2351178,11.835424,11.955759,0.19257,0.16388,0.003327,0.040737,0.044064,22.780739,0.199438,809.144001,250.738515
2172,63986.6102,1705761535.25,4.5308137,0.45193925,259.596503,25.894212,0.67845564,205.94172,1.5782523,1.395433,0.00056883006,-0.014465979,0.044955,1.5782523,1.395433,1.5103544,1.3354001,11.80925,11.926865,0.19736,0.17278,0.003436,0.019048,0.022483,30.387784,0.778543,226.743712,41.030942
2173,62744.1656,1598414325.76,4.8115161,-0.075376632,275.679566,-4.318763,2.2151008,274.1161,1.4219046,1.3214391,-0.039512706,-0.022028137,0.0592334,1.4219046,1.3214391,1.3423903,1.2475429,11.912206,11.95773,0.17627,0.16319,0.002574,0.069812,0.072385,36.319185,0.600642,386.370147,94.072228
2174,63111.359,1630139833.82,5.2105765,-1.1779034,298.544042,-67.488893,2.7039765,428.38641,1.5747434,1.4514708,0.032881929,0.021257922,0.090597,1.5747434,1.4514708,1.4439278,1.3308956,11.811682,11.896582,0.19688,0.18017,0.003353,0.018005,0.021358,55.439652,0.905764,413.259366,99.434599
2175,61795.4137,1516442160.6,1.8183436,-1.1002523,104.183414,-63.039813,2.373978,728.20017,1.737627,1.5226887,0.024173652,0.024582097,0.1483741,1.737627,1.5226887,1.5131193,1.3259518,11.640991,11.851869,0.22043,0.18973,0.004615,0.015463,0.020078,18.753891,0.719569,901.322484,293.369469
2176,62903.2547,1612159628.09,2.5443128,-0.83414676,145.778385,-47.793089,0.54216889,422.82961,1.4282781,1.4230015,0.021937112,-0.014358896,0.0894885,1.4282781,1.4230015,1.3109621,1.3061189,11.909951,11.911569,0.17709,0.17642,0.002714,0.068009,0.070723,27.630416,0.856592,448.378881,112.897298
2178,63432.3955,1657877386.26,2.4810995,-0.85628836,142.15653,-49.061709,2.7759197,687.60953,1.5796752,1.5093787,-0.012742915,0.020337924,0.1407679,1.5796752,1.5093787,1.3847473,1.3231252,11.808301,11.86049,0.19755,0.18793,0.003413,0.02352,0.026933,63.541418,0.933883,532.423488,132.714171
2179,62803.0846,1603504927.38,4.6221828,1.1494921,264.831567,65.861046,2.7380535,495.55526,1.5004379,1.3671576,-0.04993285,0.044879885,0.1038805,1.5004379,1.3671576,1.3592394,1.2385014,11.866402,11.938767,0.18672,0.16911,0.002952,0.024446,0.027398,23.815315,0.919677,432.129011,114.136965
2180,64465.9981,1747180653.58,1.2431233,-1.433653,71.225719,-82.142266,1.0619815,448.00343,1.5703593,1.4346588,0.023314782,-0.016731019,0.0944986,1.5703593,1.4346588,1.4347751,1.3107909,11.815679,11.905758,0.19626,0.17795,0.003332,0.021476,0.024808,35.558709,0.487143,825.042047,266.853406
2181,63139.6958,1632588134.85,2.4819993,-0.045889297,142.208085,-2.629263,2.8057209,819.28786,1.5963877,1.5944226,-0.044386718,0.043076462,0.165223,1.5963877,1.5944226,1.3700277,1.3683412,11.794036,11.795931,0.19988,0.19961,0.003677,0.017438,0.021114,66.879535,0.944123,939.504465,293.500605
2182,62298.408,1559900868.69,2.8870393,-0.40627639,165.415167,-23.277922,2.1329973,458.67481,1.4935475,1.3834981,0.03281088,-0.03101469,0.0966132,1.4935475,1.3834981,1.3619638,1.2616099,11.870573,11.931034,0.1858,0.17124,0.00291,0.022261,0.025172,24.295519,0.53305,547.164659,164.79937
2183,63702.5321,1681217191.15,1.6578672,-1.2117186,94.988794,-69.426362,2.610728,869.32781,1.5568197,1.5057035,0.0019239048,-0.032980417,0.1743557,1.5568197,1.5057035,1.3256799,1.2821529,11.825311,11.863727,0.19441,0.18742,0.003305,0.044567,0.047872,19.96421,0.86237,960.223581,317.743508
2184,61596.6188,1499266281.5,6.0509948,-1.1600039,346.696464,-66.463328,0.23175216,963.04482,1.6792442,1.5995803,-0.013939234,-0.025505724,0.1912383,1.6792442,1.5995803,1.4096627,1.3427878,11.711947,11.79098,0.21173,0.20034,0.004077,0.0047,0.008777,44.07228,0.973265,957.02008,318.08314
2186,62345.8053,1563996000.06,1.8130106,1.0164921,103.877856,58.240707,1.8173944,269.20167,1.4876551,1.3444731,0.019425285,-0.021348665,0.0582131,1.4876551,1.3444731,1.405818,1.2705126,11.874862,11.949721,0.185,0.16615,0.002895,0.043718,0.046613,33.145171,0.244106,536.122336,172.238602
2187,62214.3563,1552638804.59,5.2155896,-0.52831879,298.831272,-30.270437,2.5090466,580.92149,1.4893481,1.3696656,0.043961977,0.033747417,0.1204676,1.4893481,1.3696656,1.3292201,1.2224053,11.873662,11.937819,0.18523,0.16943,0.00289,0.068538,0.071428,48.804502,0.806525,575.313872,184.242764
2188,62511.3248,1578296883.56,5.3374494,-0.14372289,305.813324,-8.234715,1.4230453,340.39911,1.4416141,1.4128303,-0.049766656,0.032654958,0.0728624,1.4416141,1.4128303,1.3437083,1.3168793,11.902513,11.917349,0.17886,0.17507,0.00273,0.059196,0.061926,63.228293,0.147214,711.711377,236.698249
2190,63736.2294,1684128637.36,5.3894366,-0.91387373,308.791971,-52.361108,0.71244307,568.23685,1.4870331,1.4025282,-0.031234556,-0.048288835,0.118023,1.4870331,1.4025282,1.330056,1.2544717,11.8753,11.922328,0.18492,0.17372,0.002885,0.048399,0.051284,23.228909,0.756767,581.001965,150.484229
2191,62694.6056,1594132342.93,3.103453,-0.93883383,177.814759,-53.791216,2.5511187,497.09541,1.6637519,1.6053559,0.026255985,0.03351955,0.1041827,1.6637519,1.6053559,1.5067723,1.4538862,11.728463,11.785398,0.20948,0.20115,0.003999,0.008642,0.012641,49.841945,0.830677,514.516802,118.384122
2192,63779.0506,1687828387.76,5.5730548,-0.07869275,319.312519,-4.508762,0.69886154,441.11318,1.4193494,1.3858877,0.038676248,4.838727e-05,0.0931303,1.4193494,1.3858877,1.2984265,1.2678156,11.913915,11.929796,0.17593,0.17155,0.002618,0.049914,0.052532,45.330526,0.765575,469.876442,115.105988
2193,63017.7112,1622048662.31,3.8839553,-1.0808048,222.534247,-61.925554,2.1129061,112.71093,1.3483171,1.3449561,-0.0073562257,-0.047634546,0.0249643,1.3483171,1.3449561,1.3154772,1.3121981,11.948364,11.949592,0.16664,0.16621,0.002364,0.045394,0.047758,23.644727,0.515944,161.054908,31.876534
2195,62197.243,1551160215.04,3.2630379,0.62658797,186.9583,35.900846,0.22845202,824.59763,1.5519819,1.435508,0.043339431,0.015033055,0.1661961,1.5519819,1.435508,1.330807,1.2309319,11.830357,11.905044,0.19373,0.17806,0.003221,0.036507,0.039728,52.439909,0.974018,990.23889,341.082143
2196,63834.9256,1692655990.09,1.955878,-0.50474895,112.063555,-28.919985,0.9112334,350.89639,1.4837257,1.4601618,0.014067138,-0.02706114,0.0749991,1.4837257,1.4601618,1.3802111,1.3582912,11.877672,11.890793,0.18447,0.18134,0.002951,0.023062,0.026013,31.418425,0.612772,628.474679,250.082282
2198,61834.0138,1519777214.38,3.4741532,0.057421417,199.054316,3.290005,2.8046055,812.47032,1.6106673,1.5976372,-0.024690137,0.024887693,0.1639721,1.6106673,1.5976372,1.383768,1.3725735,11.78138,11.792811,0.20189,0.20006,0.003738,0.02973,0.033469,44.270059,0.943755,728.394316,250.854626
2199,61785.3404,1515571831.09,1.9034102,-0.40004016,109.057371,-22.920613,0.48188278,249.30155,1.3088945,1.3081828,0.0091108274,0.041339481,0.0540678,1.3088945,1.3081828,1.2417555,1.2410803,11.962389,11.962649,0.16158,0.16149,0.002214,0.041453,0.043667,19.936339,0.886124,302.894949,94.496129
2200,62765.7602,1600280102.23,0.31260728,0.26205617,17.911078,15.014713,2.2176354,773.83551,1.5331037,1.4739812,-0.0041987073,0.023640051,0.1568526,1.5331037,1.4739812,1.3252368,1.2741305,11.844759,11.88361,0.19114,0.18317,0.003155,0.024878,0.028033,42.575043,0.602667,971.130122,298.156257
2201,61912.9724,1526599229.98,2.3837578,-0.38895736,136.579261,-22.285615,2.6184825,581.05829,1.6162107,1.4073353,-0.0077436217,0.0072721693,0.1204939,1.6162107,1.4073353,1.4424091,1.2559955,11.775851,11.919402,0.20268,0.17436,0.003729,0.032388,0.036117,33.387808,0.86627,578.408337,139.952163
2202,61031.8046,1450466337.37,4.4169659,0.18300665,253.073504,10.485509,0.23200407,352.11765,1.3665847,1.2964557,-0.0024382168,-0.003933304,0.0752473,1.3665847,1.2964557,1.2709492,1.2057279,11.938989,11.96689,0.16903,0.15998,0.002352,0.039499,0.041851,64.342873,0.973208,340.604167,86.821517
2203,63269.0413,1643763590.26,0.83423333,-0.5981217,47.798049,-34.269849,0.24795742,402.28519,1.527489,1.4825373,-0.0047077214,0.0022154662,0.0853768,1.527489,1.4825373,1.4073352,1.3659195,11.848112,11.878545,0.19038,0.18431,0.003146,0.054521,0.057667,18.418724,0.969416,338.15051,79.818777
2205,62788.8284,1602273189.61,0.26488374,0.67613517,15.17672,38.739692,0.40249249,403.38404,1.5073323,1.3417025,0.041079251,-0.022001606,0.0855972,1.5073323,1.3417025,1.3884821,1.2359118,11.862461,11.950362,0.18764,0.1658,0.00302,0.055128,0.058148,40.116436,0.920088,511.254872,167.040303
2206,62559.3124,1582443005.1,3.2862975,-0.79551385,188.290977,-45.579586,0.40216235,801.41449,1.5189104,1.4603743,-0.006854499,0.036945687,0.1619401,1.5189104,1.4603743,1.3072191,1.2568413,11.854203,11.890656,0.18922,0.18137,0.003078,0.053396,0.056474,42.505885,0.920217,773.897474,214.623403
2207,64384.3898,1740129696.82,2.3616427,0.55487869,135.312159,31.792207,2.1380902,726.61579,1.6307643,1.5332886,-0.013441845,0.0089493081,0.1480784,1.6307643,1.5332886,1.4204294,1.335526,11.762103,11.844638,0.20474,0.19116,0.003712,0.010914,0.014626,58.500365,0.537352,1129.713072,313.385111
2208,62999.1971,1620449051.23,4.9682077,0.80636346,284.657333,46.201223,2.5045972,618.5096,1.5094898,1.4389011,0.019817138,0.031309329,0.1276723,1.5094898,1.4389011,1.3385891,1.2759923,11.860379,11.903181,0.18795,0.17851,0.003013,0.037142,0.040155,49.457255,0.803886,493.740217,122.114139
2209,64022.0105,1708820127.12,4.9811416,0.95274794,285.398391,54.588436,2.1422501,623.63355,1.6308601,1.4472049,0.01160195,0.013590914,0.1286499,1.6308601,1.4472049,1.4449654,1.2822443,11.762005,11.899597,0.20476,0.1796,0.003761,0.034316,0.038077,55.03274,0.540855,970.276725,310.244693
2210,61488.0758,1489888169.43,3.1298751,-1.1464948,179.328634,-65.689313,0.91064737,146.79254,1.4661012,1.4455709,-0.02440403,0.026075266,0.0323373,1.4661012,1.4455709,1.4201765,1.4002893,11.887608,11.900734,0.18213,0.17938,0.002866,0.017824,0.02069,61.622957,0.613235,199.202383,47.599573
2211,62992.2226,1619846452.45,4.2732172,0.86220281,244.837311,49.400582,0.54641884,783.72917,1.5718609,1.4923945,-0.0010658158,0.015189021,0.1586808,1.5718609,1.4923945,1.3565952,1.2880117,11.814271,11.871421,0.19648,0.18564,0.003355,0.025694,0.029049,66.732178,0.854391,681.954118,191.318266
2212,64037.9287,1710195457.12,6.2607925,0.22761651,358.716987,13.041465,2.7164212,335.55183,1.5375359,1.2850432,0.030964443,-0.027022303,0.0718738,1.5375359,1.2850432,1.4344374,1.1988755,11.841195,11.970922,0.19175,0.15852,0.003434,0.056845,0.060279,33.83253,0.910968,305.146352,66.961254
2213,63040.8702,1624049599.0,4.5305642,-0.77878984,259.582207,-44.621371,0.92779844,831.22134,1.5633936,1.411806,0.044896798,-0.010807602,0.1674087,1.5633936,1.411806,1.3391999,1.2093503,11.821118,11.917734,0.1953,0.17494,0.003304,0.02286,0.026164,47.281362,0.599597,903.257704,273.595869
2214,63513.0496,1664845905.47,1.2651573,0.24718953,72.488174,14.162917,2.0486137,411.85164,1.5036614,1.4303206,0.036875473,-0.045579295,0.087294,1.5036614,1.4303206,1.3829391,1.3154866,11.864896,11.909183,0.18715,0.17736,0.002979,0.043423,0.046402,65.406485,0.459842,969.142026,309.46738
2215,62302.1525,1560224392.91,4.817169,-0.34595981,276.003453,-19.822037,2.5119832,579.5395,1.4517036,1.4492992,0.023268512,0.0098600862,0.1202016,1.4517036,1.4492992,1.2959307,1.2937843,11.89643,11.898062,0.1802,0.17988,0.002835,0.027863,0.030698,74.367068,0.808258,530.668624,159.216226
2216,61323.5733,1475675151.95,0.46085494,0.61738888,26.405043,35.373777,1.1778237,133.44131,1.302059,1.2047943,-5.8047836e-05,0.0011718254,0.0294582,1.302059,1.2047943,1.2648003,1.1703188,11.964876,11.996228,0.1607,0.14831,0.002101,0.018323,0.020424,68.371159,0.382936,252.641895,57.066079
2218,62602.651,1586187467.25,5.1099712,0.24878785,292.779783,14.254494,2.5884847,209.28264,1.461038,1.3694175,0.030540377,-0.023478472,0.0456611,1.461038,1.3694175,1.3972385,1.3096188,11.890242,11.937912,0.18146,0.1694,0.002755,0.029815,0.03257,37.288036,0.850896,229.304784,70.59338
2219,62380.6779,1567008985.79,1.7922869,-0.20637432,102.690475,-11.824378,1.0133092,354.54144,1.5031671,1.4682271,0.018082886,-0.035403681,0.0757397,1.5031671,1.4682271,1.3973335,1.3648536,11.865136,11.886562,0.18708,0.18241,0.003031,0.063815,0.066846,26.709991,0.529055,734.091488,272.358325
2220,64034.7106,1709917417.15,2.3566233,1.0709864,135.024569,61.363001,0.82945419,523.35477,1.4565611,1.3389811,0.02284857,0.047450964,0.1093174,1.4565611,1.3389811,1.3130247,1.2070316,11.893245,11.95104,0.18085,0.16545,0.002732,0.05927,0.062002,44.363552,0.675278,699.423126,224.512808
2221,61853.9836,1521502597.43,3.4857665,-1.1108701,199.719709,-63.648168,2.3429566,643.45804,1.5766983,1.3616361,0.0094721634,0.040166339,0.1324223,1.5766983,1.3616361,1.3923236,1.2024102,11.810245,11.941092,0.19715,0.16839,0.003509,0.06447,0.067978,59.498487,0.697684,762.991147,223.466968
2222,64383.5698,1740058848.41,4.9568131,1.2537936,284.00447,71.837082,1.2046644,231.49256,1.5177054,1.4093481,0.035863565,-0.025599164,0.0503385,1.5177054,1.4093481,1.4449679,1.3418037,11.854808,11.918612,0.18906,0.17462,0.003035,0.041206,0.044241,44.554144,0.358006,476.742797,160.626815
2224,64353.4834,1737459385.43,5.1242825,0.88063763,293.59976,50.456819,2.5047504,578.86171,1.4613313,1.4413052,0.0083226516,-0.021294251,0.1200711,1.4613313,1.4413052,1.3046773,1.2867979,11.890065,11.902588,0.1815,0.17882,0.002843,0.02249,0.025334,43.990852,0.803978,739.763584,253.533149
2225,61866.7108,1522602226.86,5.6894231,1.4558213,325.979931,83.412416,0.71853577,477.58085,1.5797825,1.4207664,-0.020771104,0.034869282,0.1003466,1.5797825,1.4207664,1.4357136,1.291199,11.808224,11.912947,0.19757,0.17612,0.003407,0.041823,0.04523,65.293825,0.75277,685.725536,246.686346
2226,62218.1818,1552969329.34,5.980876,-0.74499033,342.678953,-42.684802,1.8816681,285.22151,1.3982045,1.2444689,-0.009033175,0.0097856277,0.0615338,1.3982045,1.2444689,1.317155,1.172331,11.925601,11.984211,0.17314,0.15335,0.002504,0.04166,0.044164,36.684227,0.305889,659.983621,355.512594
2229,64134.4451,1718534474.04,3.9332416,0.77916724,225.358143,44.642994,1.993094,630.63393,1.5737389,1.4634689,-0.0056169936,0.021559662,0.1299838,1.5737389,1.4634689,1.3927092,1.2951238,11.812541,11.888893,0.19674,0.18178,0.003348,0.053385,0.056733,66.58768,0.409857,1027.576243,309.114415
2231,64383.1778,1740024977.6,5.6017245,-0.60214003,320.955172,-34.500082,0.3684373,828.93937,1.6863152,1.506376,0.0040529075,-0.026721299,0.1669911,1.6863152,1.506376,1.4450112,1.2908205,11.703492,11.863248,0.21278,0.18751,0.004136,0.01168,0.015816,39.408288,0.932891,662.642007,159.625982
2232,62552.0369,1581814402.7,3.6882003,-0.90480839,211.318311,-51.841702,1.0764029,499.32666,1.4986963,1.4109497,-0.011068947,-0.030929447,0.1046202,1.4986963,1.4109497,1.3567526,1.2773166,11.86729,11.918042,0.18649,0.17483,0.002943,0.041577,0.04452,34.693986,0.474498,1115.918213,337.129036
2233,62123.4897,1544787924.6,1.5408107,0.23720352,88.28195,13.590761,2.695856,279.94587,1.4647051,1.3182618,-0.0094919314,0.0039622954,0.0604418,1.4647051,1.3182618,1.3812215,1.243125,11.888279,11.958919,0.18194,0.16278,0.002789,0.025292,0.02808,42.239395,0.902293,243.227823,41.512011
2234,62841.329,1606809247.61,2.7890971,0.46830564,159.803492,26.831937,0.33034447,384.2012,1.4701058,1.3711529,-0.042852685,0.049220383,0.0817402,1.4701058,1.3711529,1.3590193,1.2675437,11.885591,11.937259,0.18265,0.16962,0.002796,0.034064,0.036859,60.746818,0.945931,331.634876,65.273358
2236,63407.1922,1655699826.0,5.5708389,0.15838027,319.185557,9.074521,2.6225825,378.50844,1.5149359,1.3343086,-0.020912114,-0.032271126,0.080592,1.5149359,1.3343086,1.40195,1.2347941,11.856141,11.952754,0.18869,0.16485,0.003085,0.055318,0.058403,22.560122,0.868311,409.92009,83.736906
2237,61957.1608,1530417111.45,0.46934272,0.81445721,26.891357,46.664961,0.91159704,550.86079,1.4188515,1.3741781,0.033375055,0.031590099,0.114663,1.4188515,1.3741781,1.2728973,1.2328194,11.914252,11.936042,0.17586,0.17001,0.002599,0.042286,0.044885,26.785153,0.612484,863.717443,251.048221
2239,63577.6561,1670427906.0,0.27612347,0.016358991,15.820709,0.937301,2.3853233,353.4449,1.4935937,1.318937,0.033584718,-0.029607686,0.0755169,1.4935937,1.318937,1.3887217,1.2263284,11.870539,11.958666,0.18581,0.16287,0.002967,0.036935,0.039901,72.08669,0.727401,400.099066,82.352266
2241,61180.8007,1463339602.79,3.7261085,-0.068940717,213.490291,-3.950012,0.52589595,802.24281,1.7143218,1.445287,0.036302735,0.041422531,0.1620925,1.7143218,1.445287,1.4752025,1.2436936,11.670978,11.900916,0.21691,0.17934,0.004662,0.023554,0.028216,25.529498,0.864875,825.948575,272.139498
2242,61172.5307,1462625072.61,4.2521984,-0.22631807,243.633022,-12.96707,0.82313893,980.78243,1.6963344,1.5444687,-0.016297131,0.017153648,0.1944025,1.6963344,1.5444687,1.4202368,1.293089,11.692193,11.834682,0.21425,0.19272,0.004176,0.014687,0.018863,49.063639,0.679923,1239.436228,326.788973
2243,62352.007,1564531820.04,0.0045425406,0.83094724,0.260268,47.60977,2.1949846,815.85612,1.7184157,1.5997156,0.023615373,0.047556585,0.1645935,1.7184157,1.5997156,1.4755498,1.3736257,11.667416,11.790854,0.2175,0.20035,0.004341,0.006907,0.011248,49.758868,0.584439,1137.232668,344.941471
2244,62237.1562,1554608711.28,2.5758771,0.16884219,147.586886,9.673945,1.3351805,202.64066,1.398185,1.3035609,0.049112107,0.03061924,0.0442566,1.398185,1.3035609,1.3389286,1.2483148,11.925613,11.964332,0.17313,0.1609,0.002472,0.064621,0.067092,44.377468,0.233442,267.037826,83.400417
2245,62104.7163,1543165902.33,4.6336846,-0.64070835,265.490571,-36.709884,0.21682031,842.24769,1.5216348,1.4410536,0.024994896,0.042196099,0.1694239,1.5216348,1.4410536,1.3011833,1.2322765,11.852607,11.902647,0.18958,0.17879,0.003068,0.063235,0.066304,53.684715,0.976586,1028.26865,282.383883
2246,62718.5692,1596202794.23,3.3693854,1.0482619,193.051563,60.060983,0.48079452,685.51904,1.557949,1.466814,0.037232863,0.043406579,0.1403744,1.557949,1.466814,1.3661732,1.2862565,11.824338,11.887264,0.19457,0.18222,0.003264,0.051669,0.054933,28.789604,0.886628,552.323357,110.76994
2247,62122.5675,1544708253.29,0.66638368,0.12115735,38.180972,6.941805,1.9828529,313.8071,1.5361784,1.4905888,-0.031699999,0.035533133,0.0674235,1.5361784,1.4905888,1.4391462,1.3964362,11.842442,11.872761,0.19156,0.1854,0.003194,0.029843,0.033037,48.159736,0.400495,470.930657,108.628457
2248,61672.9027,1505857212.54,0.47735131,-0.024677187,27.350215,-1.413899,1.2957218,352.77255,1.5665398,1.2623865,0.034414862,0.016266158,0.0753804,1.5665398,1.2623865,1.4567309,1.1738977,11.81897,11.978626,0.19573,0.15563,0.003903,0.053025,0.056928,37.330395,0.271619,648.871868,210.695123
2249,62083.1434,1541302009.64,4.3614332,-1.0797388,249.891715,-61.864476,2.397988,735.23286,1.476511,1.471308,0.029489428,0.0033524505,0.1496857,1.476511,1.471308,1.2842736,1.279748,11.882359,11.884964,0.1835,0.18281,0.002955,0.038219,0.041174,54.700036,0.736033,895.148619,268.465378
2250,64412.165,1742529470.1,1.9499489,0.0098063234,111.723842,0.561861,1.1571657,439.68334,1.5117213,1.4521378,0.020466659,0.0054164231,0.0928461,1.5117213,1.4521378,1.3832884,1.328767,11.858259,11.896149,0.18826,0.18026,0.003038,0.028829,0.031866,23.473413,0.401936,796.477425,286.756613
2252,62438.897,1572039115.3,3.1475064,0.13938162,180.338833,7.985979,1.9782449,635.29373,1.5284112,1.5156772,-0.0021291158,0.03019117,0.1308706,1.5284112,1.5156772,1.351535,1.3402746,11.847499,11.855771,0.19051,0.18879,0.003221,0.052671,0.055893,49.252645,0.396268,1004.448557,339.655758
2253,62556.4947,1582199561.72,5.9368008,0.011704613,340.15363,0.670625,1.2463913,360.71209,1.3537174,1.3349982,0.017665266,-0.033560444,0.0769918,1.3537174,1.3349982,1.2569431,1.2395621,11.945387,11.952471,0.16735,0.16494,0.002359,0.01962,0.021978,26.116221,0.318745,590.335381,202.749371
2255,63017.9075,1622065622.96,2.8512848,0.50437753,163.366585,28.898704,1.0777658,193.14249,1.4470699,1.375254,-0.031647455,-0.016621363,0.0422433,1.4470699,1.375254,1.3884186,1.3195134,11.899695,11.935563,0.17958,0.17015,0.0027,0.064202,0.066901,31.718584,0.473298,304.751659,87.093295
2256,64441.6927,1745080666.37,4.4367369,-0.48365133,254.206299,-27.71118,2.7764628,764.85727,1.7329179,1.4553147,-0.00052969699,0.046299535,0.1551906,1.7329179,1.4553147,1.5001143,1.2598049,11.646737,11.894092,0.21972,0.18069,0.00486,0.022115,0.026975,28.122588,0.934077,867.159105,286.036413
2257,61845.6045,1520778643.99,4.2430728,-0.78823724,243.110164,-45.162667,2.7306793,168.97516,1.4549141,1.2535632,-0.036928072,-0.0086221609,0.0370953,1.4549141,1.2535632,1.4028741,1.2087252,11.894357,11.981663,0.18063,0.1545,0.002842,0.051157,0.053999,25.970267,0.916756,131.353673,26.76834
2258,63384.4874,1653738128.23,6.1121411,0.17602405,350.199889,10.085435,0.20726827,905.39766,1.5896795,1.4951042,0.014874194,0.026430069,0.1808869,1.5896795,1.4951042,1.3461742,1.2660858,11.799409,11.869472,0.19895,0.18601,0.003451,0.041193,0.044643,64.542657,0.978597,853.301824,275.616739
2259,63505.9464,1664232189.33,2.5519244,-0.55979018,146.214498,-32.073615,0.61269256,640.62506,1.4967721,1.4725376,0.0087857925,-0.04671561,0.1318842,1.4967721,1.4725376,1.3223721,1.3009614,11.868393,11.88433,0.18624,0.18298,0.003018,0.059978,0.062996,32.142454,0.818103,773.483639,221.261228
2263,63125.6355,1631373321.64,3.8818263,-0.13924216,222.412264,-7.977988,2.7739184,346.96962,1.3867916,1.3715815,0.039705175,0.039452021,0.0742005,1.3867916,1.3715815,1.2909989,1.2768394,11.929376,11.937095,0.17167,0.16968,0.002504,0.050906,0.053411,70.627427,0.933166,267.152487,69.455134
2264,61310.0242,1474504507.91,2.2802062,-0.086171203,130.646192,-4.937246,0.73769513,828.77189,1.6574253,1.4792741,0.0038771494,0.039999295,0.1669604,1.6574253,1.4792741,1.4202926,1.26763,11.735337,11.880802,0.20856,0.18387,0.003928,0.033716,0.037644,73.195592,0.740021,735.075626,189.78139
2265,63369.053,1652404594.21,5.7756583,-0.87924212,330.920844,-50.376863,1.834696,420.05311,1.7011286,1.4543995,0.037497283,0.04949699,0.088934,1.7011286,1.4543995,1.5621962,1.3356177,11.686538,11.894694,0.21496,0.18056,0.004449,0.013186,0.017635,49.275628,0.260847,1149.141397,320.010202
2266,61224.3315,1467100658.62,1.4420572,0.93780255,82.623791,53.732128,0.76877988,260.25943,1.4668299,1.3667918,-0.0060002653,-0.0096146682,0.0563532,1.4668299,1.3667918,1.388579,1.2938776,11.887257,11.938909,0.18222,0.16906,0.00278,0.04417,0.04695,23.580067,0.71876,274.421614,76.227214
2267,63086.4993,1627991955.22,4.6579974,-0.29820355,266.883592,-17.085805,1.6998687,380.23251,1.4241907,1.3314531,-0.039374562,-0.0032561675,0.0809399,1.4241907,1.3314531,1.3175485,1.231755,11.911012,11.953945,0.17657,0.16448,0.002585,0.025382,0.027967,37.472895,0.128714,1036.469902,309.277253
2269,63588.5341,1671367765.99,1.6978035,0.71441544,97.276975,40.93299,2.5080897,579.77693,1.5768794,1.3793223,0.012907157,0.021487397,0.1202473,1.5768794,1.3793223,1.4076172,1.2312659,11.810126,11.933429,0.19717,0.17069,0.003461,0.052787,0.056248,62.863936,0.805959,689.131449,234.970189
2270,61738.3946,1511515712.92,2.8431501,0.72563758,162.900501,41.575971,1.006397,601.7605,1.5007232,1.4926252,0.049230999,-0.035853511,0.1244691,1.5007232,1.4926252,1.3346059,1.3274043,11.866265,11.87125,0.18676,0.18568,0.003078,0.040421,0.043498,37.043444,0.534908,782.005826,247.820383
2271,63945.677,1702224913.08,1.6891535,0.38191339,96.781366,21.882025,1.1750062,503.01415,1.4163812,1.2881924,-0.0090326353,0.044165752,0.1053427,1.4163812,1.2881924,1.2813955,1.1654235,11.915749,11.969819,0.17553,0.15893,0.002557,0.053439,0.055996,20.221033,0.385537,1123.682802,267.178864
2272,61106.2383,1456897408.79,3.2092915,1.0788134,183.878858,61.811455,1.6263807,206.17185,1.4180692,1.355495,-0.012179895,0.01931406,0.0450036,1.4180692,1.355495,1.3569993,1.2971199,11.914765,11.944347,0.17576,0.16759,0.002576,0.019645,0.022221,48.407095,0.055556,319.498676,123.952645
2273,63953.345,1702887427.97,2.019495,1.2617122,115.70854,72.290784,0.88015902,490.75458,1.4899704,1.4150975,0.028282618,-0.036694702,0.1029381,1.4899704,1.4150975,1.3509102,1.2830253,11.873213,11.916389,0.18531,0.17536,0.002907,0.021202,0.024109,65.707251,0.637029,722.913269,230.268742
2274,62611.1517,1586921922.91,5.9872338,0.44271782,343.043228,25.365863,2.4414969,618.3233,1.6235707,1.3593807,0.04463426,0.02190825,0.1276367,1.6235707,1.3593807,1.4397994,1.205513,11.768835,11.942211,0.20372,0.1681,0.003997,0.050668,0.054664,62.755583,0.76478,621.44775,199.338591
2275,61761.5578,1513517011.04,3.6794695,-0.7823543,210.818073,-44.825599,0.48313929,856.21422,1.4334777,1.4127992,0.0061612481,0.043816667,0.1719705,1.4334777,1.4127992,1.2231346,1.2054904,11.906805,11.917361,0.17779,0.17507,0.002706,0.020962,0.023668,25.507388,0.885541,860.607474,236.465036
2277,61468.2235,1488172929.05,4.4176415,0.49971208,253.112213,28.631393,0.18208581,523.02908,1.3375864,1.3012724,-0.032141305,0.001673184,0.1092539,1.3375864,1.3012724,1.2058434,1.173106,11.951487,11.96516,0.16527,0.1606,0.002269,0.021401,0.02367,55.365877,0.983468,787.65899,368.349854
2280,64336.5751,1735998505.48,1.1456854,0.69579092,65.642938,39.865883,0.61924811,372.59719,1.4983114,1.3533217,-0.032746495,-0.009693658,0.0793979,1.4983114,1.3533217,1.3880992,1.2537746,11.8675,11.945622,0.18644,0.1673,0.00295,0.017837,0.020786,28.230256,0.814315,394.919918,68.601573
2281,61254.3296,1469692491.68,2.299176,1.2905539,131.733081,73.943292,2.6713475,276.31314,1.4862458,1.3566689,0.047192386,0.0049206337,0.059689,1.4862458,1.3566689,1.4025302,1.2802519,11.875855,11.943678,0.18481,0.16774,0.002879,0.066745,0.069624,28.092452,0.891457,239.986777,60.848252
2282,61696.827,1507924268.19,3.1249141,-0.2081812,179.044389,-11.927904,1.0760456,794.8864,1.6850299,1.467518,-0.041767693,-0.026967719,0.1607383,1.6850299,1.467518,1.451688,1.264297,11.705013,11.886919,0.21259,0.18231,0.004219,0.035765,0.039984,67.444306,0.474812,1027.791183,318.012064
2285,62217.3782,1552899895.86,1.6248567,-0.16559095,93.097431,-9.487663,2.8685825,672.9071,1.5883428,1.4180209,-0.025216474,0.043601012,0.1379973,1.5883428,1.4180209,1.3957352,1.2460671,11.800412,11.914795,0.19877,0.17575,0.003473,0.032379,0.035852,29.980137,0.962964,752.979496,261.223561
2286,63170.822,1635277436.33,6.2007575,-0.88932692,355.277235,-50.954679,2.7358064,665.65636,1.5538134,1.5500123,-0.0035184396,-0.030947572,0.1366278,1.5538134,1.5500123,1.367038,1.3636938,11.828562,11.831734,0.19398,0.19346,0.003397,0.024915,0.028312,30.794841,0.918792,682.201801,222.395199
2288,62906.8038,1612466266.19,4.6381601,-0.011717891,265.746998,-0.671386,2.045888,323.06449,1.4347368,1.3301678,0.036208318,0.0035615601,0.0693212,1.4347368,1.3301678,1.3417267,1.2439366,11.90569,11.954463,0.17796,0.16431,0.00263,0.03582,0.03845,15.039203,0.45742,610.852558,246.047725
2289,61439.7522,1485713010.11,2.8807027,0.80257999,165.052107,45.984446,2.1834135,663.83052,1.6087962,1.5493679,-0.019884727,0.0008617171,0.1362826,1.6087962,1.5493679,1.4158416,1.363541,11.782881,11.832095,0.20163,0.19337,0.003614,0.036096,0.03971,67.240142,0.575011,794.95639,250.356261
2290,62014.0479,1535332160.28,2.5244733,1.3053968,144.641666,74.793727,2.6581954,987.77786,1.7210199,1.6260087,-0.023607178,0.0384418,0.1956477,1.7210199,1.6260087,1.4394038,1.3599396,11.671355,11.766995,0.21775,0.20406,0.004379,0.003196,0.007574,62.555689,0.885421,1073.315466,334.868976
2291,61835.6312,1519916953.58,0.51325207,-1.2778729,29.407177,-73.216724,2.1540361,151.96069,1.401797,1.1719294,-0.035724312,0.034599049,0.0334487,1.401797,1.1719294,1.3564263,1.1339986,11.922909,12.004601,0.17362,0.14416,0.002701,0.027476,0.030177,52.639736,0.550731,217.157042,55.343842
2292,61747.4,1512293777.2,5.3864417,-0.32853188,308.620376,-18.82349,2.7498988,769.64119,1.5359857,1.3340163,-0.037708298,-0.0085884903,0.1560765,1.5359857,1.3340163,1.3286194,1.1539169,11.842608,11.952875,0.19153,0.16481,0.003244,0.026065,0.029308,60.015946,0.924264,707.805769,192.82425
2293,62439.0052,1572048465.35,0.89308267,0.7734079,51.169868,44.313009,2.6193934,601.99068,1.480495,1.4781929,0.0048318798,0.023938286,0.1245132,1.480495,1.4781929,1.3165652,1.314518,11.879999,11.881451,0.18403,0.18372,0.002983,0.021246,0.024229,24.122914,0.866724,694.79614,228.747168
2294,63464.1101,1660617529.26,6.2546424,-1.3898662,358.364612,-79.633467,1.185433,561.28853,1.5032814,1.3294162,-0.027777691,-0.042158445,0.1166809,1.5032814,1.3294162,1.346205,1.1905068,11.865081,11.954758,0.1871,0.16422,0.003013,0.051539,0.054552,42.499416,0.375896,1163.389693,295.396516
2295,61761.0853,1513476184.7,1.2255845,-1.2382514,70.220819,-70.946579,2.2433244,545.84159,1.398843,1.3098443,-0.037954951,-0.044167049,0.11369,1.398843,1.3098443,1.2560434,1.1761301,11.925183,11.962041,0.17322,0.1617,0.002476,0.057859,0.060335,36.073163,0.622966,794.906298,259.089167
2297,62283.3761,1558602111.22,1.8664344,-0.52638567,106.938814,-30.159677,1.046183,418.41066,1.6001088,1.3402924,-0.0099492563,0.0013223817,0.0886058,1.6001088,1.3402924,1.4698698,1.2312008,11.790485,11.950689,0.20041,0.16562,0.003828,0.029801,0.033629,20.626592,0.500878,722.005345,253.606728
2298,62368.211,1565931847.88,1.7321932,-0.34683905,99.24736,-19.872414,0.49347469,376.41236,1.346522,1.3446277,-0.049374212,0.0036478967,0.0801688,1.346522,1.3446277,1.2465848,1.2448311,11.949102,11.94968,0.16641,0.16617,0.00236,0.018694,0.021054,44.167829,0.880692,373.875363,94.147199
2299,64417.5979,1742998872.5,0.63875971,0.46458939,36.598236,26.619011,2.901249,828.31816,1.5720149,1.5610572,0.0062194009,0.038808386,0.1668774,1.5720149,1.5610572,1.347198,1.3378074,11.814126,11.82243,0.1965,0.19499,0.00349,0.014987,0.018477,70.244379,0.971256,897.907255,280.228321
2300,64341.3322,1736409524.32,2.7605952,0.82911873,158.170454,47.505004,2.0455392,318.23045,1.3594644,1.3505646,0.024478655,-0.0015215407,0.0683308,1.3594644,1.3505646,1.2725126,1.264182,11.942167,11.947216,0.16811,0.16694,0.0024,0.068578,0.070978,17.403547,0.45711,681.833463,245.111844
2301,63800.4815,1689680023.02,1.9240387,-0.88200981,110.239297,-50.53544,2.0241497,318.542,1.6011948,1.5527187,0.0021366215,-0.00084521815,0.0683947,1.6011948,1.5527187,1.4986922,1.4533194,11.789453,11.829693,0.20056,0.19383,0.003585,0.020876,0.024461,32.487655,0.437983,425.493863,111.946398
2302,61845.8062,1520796075.66,3.2105266,-0.38506022,183.949624,-22.062325,1.0680582,970.92365,1.7077804,1.4519744,0.033802226,-0.010256597,0.192645,1.7077804,1.4519744,1.4319268,1.2174406,11.678299,11.896254,0.21595,0.18024,0.004543,0.035658,0.040201,27.452456,0.481827,983.396732,357.850454
2303,61238.1306,1468292901.78,4.0216939,1.048652,230.426087,60.083334,2.0470533,548.20478,1.4319572,1.3925085,0.025723513,0.041618993,0.1141482,1.4319572,1.3925085,1.2852484,1.2498413,11.908095,11.927566,0.17758,0.1724,0.002666,0.049776,0.052443,29.288799,0.458456,719.774074,186.185511
2304,62109.1645,1543550229.25,0.15623414,1.2600054,8.951557,72.192992,0.57322797,424.12914,1.4869026,1.3493199,-0.016649853,-0.026171772,0.0897478,1.4869026,1.3493199,1.3644465,1.2381946,11.875392,11.947877,0.1849,0.16677,0.002887,0.037071,0.039958,69.506073,0.840155,383.720517,116.397161
2305,61933.7809,1528397089.75,2.163984,0.39312747,123.98715,22.524545,3.0710445,309.62619,1.4023089,1.2114389,0.036518266,0.025897134,0.0665648,1.4023089,1.2114389,1.3147901,1.1358324,11.9225,11.993011,0.17369,0.14917,0.002588,0.028535,0.031122,43.084143,0.997513,276.991479,69.966577
2306,62770.7403,1600710379.96,1.4666255,0.4863149,84.031451,27.863791,2.1632983,205.1817,1.343139,1.3361365,0.018453461,0.011176932,0.0447942,1.343139,1.3361365,1.2855536,1.2788513,11.950042,11.952019,0.16598,0.16509,0.002336,0.02401,0.026347,42.977965,0.558438,267.86397,50.007243
