simulation_id,longitude,latitude,inclination,distance,mass1,mass2,spin1z,spin2z
0,5.923145,1.0533621,2.0301308,263.14581,1.2671858,1.3659209,-0.0024503579,0.015990772
2,1.6527006,-0.55067389,2.0945929,909.13148,1.6104411,1.5608706,0.032291868,-0.041412955
4,3.6229343,0.58563957,2.6432339,349.08993,1.4150862,1.4066268,-0.040099972,0.034306415
6,2.9578287,-0.54325895,1.7584817,314.73277,1.4188523,1.5346666,0.025860287,-0.0014393299
7,0.51457126,-1.0153521,2.9566765,842.37707,1.5360664,1.5297589,0.019823776,0.03570795
8,5.9830292,0.95627987,0.48259436,748.66564,1.5078309,1.5915635,-0.042971096,-0.031539638
9,4.4502202,-0.50073823,1.6443882,388.9405,1.4577543,1.3677543,-0.0080807877,0.02516183
10,2.7040567,-0.39850663,1.079266,256.2305,1.4291681,1.4141759,0.045078045,0.0053008415
11,5.0818308,0.52572448,0.78474245,812.17774,1.4745132,1.6156213,-0.046273797,-0.034072492
12,4.4136631,0.11584202,1.039474,522.91544,1.5309626,1.34936,0.012065459,-0.048075434
14,0.066162298,-1.2565751,0.50810262,814.33998,1.5526356,1.5522156,-0.020615914,-0.026950315
16,5.4703317,0.13633982,2.1433292,381.31009,1.4858618,1.4111353,0.045275933,-0.010908158
17,1.4080519,-0.76610009,2.184316,943.20635,1.5789452,1.5989634,0.014508676,0.01518056
18,1.3161058,-0.64388903,0.53546069,807.6489,1.7417361,1.6350672,0.037512878,-0.042043759
19,0.60789625,-1.1208054,2.1703644,747.74467,1.3833785,1.3620273,-0.04875001,0.049084723
20,6.2480482,0.34796534,2.1290409,450.61109,1.4398252,1.6105179,0.048875005,0.011346923
21,3.3265122,-0.19651118,2.7759645,973.16495,1.7336717,1.7142824,0.017469473,0.03638284
22,0.37307845,-0.43503502,2.8834601,216.89843,1.3569967,1.2518538,-0.03288522,0.028293448
23,4.3268888,-0.99590663,2.5670556,822.04283,1.6224718,1.6081701,-0.042628302,0.048646415
24,5.0874881,1.0580646,0.032352303,265.57688,1.3506298,1.5156138,0.048148259,-0.020322531
25,0.6882847,-1.2607025,2.215733,658.18471,1.4905297,1.5255721,0.043864934,0.019690734
26,3.9745839,0.49656095,0.2298142,287.12256,1.4612129,1.4844417,0.039720961,0.014468505
27,4.858365,-0.18128858,2.5045249,906.346,1.6064906,1.5774061,0.032545282,0.045608097
28,2.0425071,1.4369196,2.6032899,76.352281,1.4836929,1.3732362,-0.028331115,0.0031951632
29,1.2936349,0.20900274,0.85637728,431.13638,1.4228972,1.3822712,-0.027540409,0.029323342
30,0.65005231,-0.50868992,0.72564183,281.72,1.5268407,1.3958048,0.018642965,0.033856474
34,2.8979198,-0.817129,0.50603784,609.62741,1.4003118,1.495279,-0.044315815,0.041318821
35,6.2359393,0.61046712,0.58003979,469.11392,1.5649671,1.3079121,0.045307498,-0.020473034
36,5.953362,1.0564065,2.6786883,274.64191,1.5009732,1.2926342,0.029549954,-0.015800433
37,0.64970793,-1.2490297,0.55016537,594.99868,1.214307,1.4774085,0.0021189441,0.0099860853
39,1.760018,0.42264284,2.0859287,549.7697,1.5419418,1.3616868,-0.0088750049,-0.029627899
40,2.9315055,-0.86738032,0.76199356,818.03173,1.6006692,1.5022765,0.043616821,-0.033693787
41,2.259286,-1.1365445,2.7925235,45.161105,1.2693973,1.2082697,-0.035069687,-0.031619574
42,2.9056879,1.2707842,1.9704058,337.09581,1.4906204,1.4322381,-0.033793128,-0.020949654
43,2.6486352,-0.50389484,2.064026,416.65484,1.4355621,1.5674752,0.009010291,0.026236278
44,5.9949238,0.021170318,0.43965655,891.9953,1.4065805,1.5727542,0.03533588,0.012991131
47,2.9711651,-0.85420156,0.47246759,531.54896,1.4838157,1.58906,0.015365125,-0.04208859
48,4.4746258,1.3703616,0.75069522,937.85533,1.7469506,1.3947993,-0.018378295,0.033739516
49,0.78863491,-0.74576362,3.0147455,758.01979,1.7205863,1.5016492,-0.042950856,0.011226705
51,3.3677992,0.77688945,0.28794958,547.09832,1.5533811,1.4795011,-0.018496163,0.03227527
54,3.443184,0.1814024,0.78492779,201.94454,1.3837323,1.4153555,0.00087503646,-0.0021537248
55,4.9244172,-0.7883589,1.8345198,636.1651,1.4139571,1.5434741,0.040147429,0.0089874279
56,1.83562,0.4586396,0.29204783,894.24051,1.5843487,1.4735875,0.039203469,0.045115449
57,3.1449831,0.10284024,2.1496501,522.03287,1.3833671,1.5051083,0.019506785,-0.029882161
58,0.76001756,-0.43612031,1.7467004,266.89504,1.5632357,1.3814974,-0.046354297,0.01998063
59,6.1431696,1.0029309,0.24455566,789.0404,1.3640102,1.6785186,-0.0074199716,0.0050549104
60,5.6752451,-0.83875026,0.67784196,714.20334,1.5430881,1.5761582,0.030599698,-0.026196728
61,2.8555272,0.53618581,2.3653622,474.42982,1.5729724,1.5568618,0.042536236,0.027923441
62,5.7932387,-0.70698433,1.6944828,249.28188,1.2587047,1.2939995,0.047109065,-0.0095442799
63,2.5716602,0.88136944,0.44577934,669.98543,1.6140658,1.7106529,0.0096325793,-0.0053095122
64,5.6886937,1.3958371,2.1528602,784.22467,1.4783194,1.6567793,0.010039293,0.047251434
65,4.3717974,-0.41336165,2.0776688,145.683,1.2737686,1.4642051,0.0095786906,-0.030193093
67,4.7052079,-0.098321887,2.8689112,933.45201,1.6695235,1.565715,0.029809331,0.046201513
68,2.8842017,-0.62290109,0.67594119,685.304,1.4931088,1.6064088,0.036895791,0.024224658
69,5.264589,-0.13011912,1.9897103,589.39499,1.4407852,1.5550871,0.040787333,-0.048744187
71,5.093636,-0.46150996,2.7323746,998.57935,1.6350202,1.6808623,0.043804656,0.031674909
72,5.8901188,-1.0422688,2.3472769,970.27009,1.6628781,1.5334254,0.0073291442,0.047601029
73,1.6106473,-0.94189716,0.48051984,667.00344,1.4897321,1.5238815,-0.016492715,0.00028958336
75,0.27226585,0.07745962,2.7225028,521.59717,1.4067828,1.5326753,-0.0045424643,-0.008902227
76,3.1433295,0.43418349,2.9929583,425.66635,1.453836,1.5732741,-0.015644036,-0.02225997
77,2.1966371,0.31428303,0.073094225,367.47938,1.3532881,1.577361,-0.04268808,-0.021824089
78,4.4774684,0.54934635,0.3786023,458.53077,1.6074004,1.481561,0.0010769128,-0.04111226
79,3.1900581,-1.2925824,1.5065925,124.46144,1.3926598,1.3637634,-0.038297897,-0.034630133
80,2.2933055,0.47677426,0.085611234,934.97224,1.7860966,1.4560837,-0.016234449,-0.020167856
81,4.3969779,-0.29969775,2.0407824,246.16822,1.3888783,1.3218259,0.016015093,-0.038807499
82,3.0377629,1.142181,0.65178005,648.37843,1.4508562,1.4745124,-0.018468861,-0.039624176
85,2.8854634,-0.44592625,1.4954367,522.3571,1.453425,1.4188946,-0.010779153,-0.042593597
87,4.9998883,0.13156479,2.0790728,235.43173,1.4192434,1.3091362,-0.014921454,0.02232705
88,5.4568462,1.2509321,0.96921259,782.55203,1.5259271,1.6188886,0.023309779,-0.012548526
89,4.3508961,0.75817656,0.73414287,502.24745,1.4867765,1.4681556,0.0061670048,0.044295987
90,4.1511292,1.4699447,0.837385,439.02733,1.5782496,1.4150594,-0.036413114,0.039674176
91,1.3751702,-0.46703729,1.9183487,217.88079,1.4654732,1.4856632,0.032707249,0.0052168793
93,4.298287,-0.31136216,2.8573772,991.40296,1.7575818,1.6562811,-0.027823831,0.017137028
94,3.2975846,0.57397112,0.88878494,394.60223,1.4745524,1.3645322,-0.038921499,-0.0064274967
96,2.3066977,1.0246288,2.1312238,119.18734,1.3316683,1.3736958,0.010849938,0.014218414
97,2.9724515,-0.042321864,2.4296594,917.57871,1.5601913,1.4931965,-0.0011609149,-0.046190226
98,5.8243892,-0.80310806,2.7219579,743.47197,1.370993,1.5439063,0.040046119,0.02662464
99,3.9170715,0.66409494,1.0771633,727.17171,1.5885027,1.5857211,-0.026226596,0.028351413
101,5.5494821,0.96150342,2.4469084,384.77279,1.3100312,1.6156818,-0.048142319,-0.019804411
102,5.2918127,-0.57083059,1.7186163,277.28798,1.4030114,1.3179609,0.018416198,-0.0098309524
103,0.67546942,-0.012283228,0.84779266,396.76753,1.4082504,1.380553,0.011517295,0.042807672
104,2.509917,0.27129061,0.9989039,537.11139,1.4211448,1.2979054,-0.03024673,-0.02907991
105,5.0662051,1.1242633,2.1928357,348.61697,1.5172968,1.3607635,0.0051661749,-0.03289356
107,5.2381856,-0.13717783,2.4413243,729.05255,1.6745494,1.5497209,-0.0048819458,0.011417296
111,2.4767271,-0.67572109,1.7971532,194.44873,1.2319104,1.3930288,-0.038594506,-0.047470122
114,2.7444202,-1.4862271,2.9367676,489.32036,1.5595805,1.387386,0.039171214,-0.030359143
115,0.32968952,-0.79797473,2.276701,264.86588,1.3461596,1.4076632,0.046581494,0.040072701
116,5.1284243,0.2598158,1.9350621,293.43968,1.5495476,1.4752513,-0.0074501573,-0.039095332
117,3.1017807,-0.70862947,0.86431187,747.68049,1.7333567,1.5824739,-0.034153395,0.029333935
118,4.0843913,1.2658593,2.3158491,466.43981,1.3885033,1.3967875,0.02470729,0.014240338
119,2.5151402,0.84237622,0.33771869,804.38871,1.5483913,1.3664232,0.015779753,0.047209156
120,5.3682316,0.66546764,0.70076211,258.37448,1.2464301,1.5369391,-0.04284953,-0.01810165
121,5.2731852,0.71180215,1.2761184,439.66873,1.4312542,1.4083769,0.048661271,-0.015147209
122,2.0077762,-0.017791802,1.9503137,638.53446,1.4611265,1.4787018,-0.005167221,-0.041430616
123,0.70555018,0.27950434,2.7058516,477.58077,1.4111721,1.5501598,0.03337528,-0.013524043
124,3.8362108,0.08757742,1.4155443,302.91526,1.2527777,1.3296231,-0.047872208,-0.0150274
125,0.26452254,-0.37696982,1.9024783,292.50478,1.3632452,1.4393826,0.036123164,-0.0094382392
126,4.6411839,-0.3127962,1.0974869,305.31711,1.5186549,1.5348058,-0.022449623,-0.011764786
127,6.2452573,0.1998847,0.9725678,481.72632,1.503296,1.4344846,-0.030461261,0.040439399
129,2.3095923,-0.89997378,2.459659,532.97398,1.5962048,1.7122398,-0.047466458,-0.0072547072
130,3.8860093,-0.39857275,0.76079108,684.71885,1.6280744,1.5653499,0.0037695893,0.037907298
131,1.9103822,-0.4255028,0.65576879,771.82209,1.5057199,1.5977048,-0.0093066331,-0.0026881627
132,3.7665533,-0.50485578,1.7766403,836.40098,1.6363525,1.6551228,-0.040408168,-0.010137712
133,0.71953116,-0.69707687,0.80138823,576.89082,1.5437028,1.4292993,0.023576105,0.048316863
135,5.8789558,-0.36531957,2.8192632,558.35538,1.3543961,1.3921498,0.034513193,-0.023454675
136,1.0877956,-0.93325096,2.6635506,524.26663,1.5595167,1.5733746,0.048050949,0.0014885865
137,4.6260748,-0.74187415,1.361949,161.82237,1.3624306,1.4158643,0.024530155,0.0095919762
139,0.27723363,0.85686919,0.79754999,553.4722,1.4897645,1.464541,-0.036089641,-0.035114268
141,4.1894615,-0.41654151,2.0136162,595.54942,1.5997892,1.4855624,-0.030143106,0.03354879
142,2.338996,-0.23861764,0.60829461,523.59314,1.6346208,1.3517046,-0.028561459,-0.010055573
143,0.56705449,0.53023299,0.93772536,684.92014,1.6160114,1.6314094,-0.046886646,0.049782802
144,6.0878719,0.4483674,1.8628483,149.86546,1.3032941,1.4420677,0.049467978,0.026476348
145,1.6716207,-0.81259341,1.4161733,226.98068,1.4188345,1.3706418,-0.041965826,-0.014908315
146,2.8172398,-0.64517575,2.1398185,313.18568,1.3274709,1.3499356,-0.043984064,0.039491263
152,2.1289086,0.7046711,2.554734,764.71427,1.4268912,1.7508677,0.024861412,0.031237156
153,0.31444664,-0.76507391,1.6948255,261.54838,1.2847356,1.3349625,-0.0036038438,-0.029046873
154,4.7741119,-0.022494061,1.1141118,456.73735,1.501248,1.1862877,0.013991686,-0.038459454
155,1.2191877,-0.14589199,0.61579192,407.00399,1.5091316,1.4516193,0.0019137002,0.048109641
156,1.9602538,0.69764788,0.23216416,600.41174,1.5771888,1.6649883,-0.041719789,-0.044497388
157,0.13616679,1.1552326,0.590588,806.19144,1.4235318,1.4098856,-0.035738268,-0.034915576
158,3.8528281,0.36127899,0.94861961,629.90888,1.5898173,1.4512502,0.0067428129,-0.043729672
159,5.3488975,0.71424288,0.36999163,543.82445,1.4909291,1.5311976,-0.0010964803,-0.044087982
160,1.2212013,1.3617844,2.3317278,197.64324,1.4828965,1.3063975,0.0035506153,-0.03261293
161,0.85419749,1.200377,0.80267652,826.52323,1.4428047,1.5765773,0.031979563,-0.039023576
162,5.3718585,-0.92466847,2.7143407,623.65425,1.4675088,1.5336152,-0.015910319,-0.033124696
163,4.5540799,1.2205137,1.617918,513.2995,1.6221216,1.4890058,-0.012813108,0.0063772102
165,0.18559801,0.6751724,2.6178135,694.90282,1.5834339,1.4384102,0.016901245,0.013900865
167,3.5914157,1.0817035,0.39030658,638.10002,1.4749941,1.7220644,-0.046912807,-0.0023586993
168,5.7895981,-0.27501469,2.2861707,606.22686,1.4213696,1.5135695,0.034668792,-0.01496684
169,2.6158273,-0.3192832,1.4291389,209.82171,1.4041122,1.4789102,-0.020539198,0.0018866518
171,3.3942205,0.33221484,0.48578925,669.35686,1.2588339,1.506157,-0.021701028,-0.014268797
172,3.6881278,-0.58235305,1.6919373,366.49919,1.4924033,1.5627313,-0.047805128,0.0027263744
173,3.6232482,-1.0429928,2.8032567,781.77162,1.6961899,1.5902841,-0.033198346,-0.03982991
174,1.6349989,0.11970944,1.0454228,297.9872,1.3746425,1.4930217,0.0098443374,-0.017204266
175,4.2365082,-0.17916126,1.6323387,298.92318,1.4428212,1.4365631,0.025235414,0.028573919
176,0.48667678,-1.0630781,0.89403531,953.1625,1.6785074,1.530458,-0.016882909,-0.021812431
177,3.6002255,1.1446322,2.4308296,776.65579,1.5796143,1.651815,0.01889072,0.040343228
179,2.7478534,1.166954,2.5033937,475.07098,1.3695754,1.4373387,0.0097231855,0.033242911
180,1.0998779,0.18324504,0.45650245,592.35366,1.4956783,1.5580959,0.040771778,0.034714685
181,4.6476739,0.10130288,0.24157796,875.66559,1.4758545,1.7715822,-0.046745642,0.010189893
183,3.4069805,-0.25070282,2.3652261,925.48106,1.4736513,1.678918,-0.034621489,-0.035457303
184,5.2268026,-0.20825069,0.49255223,513.52839,1.4919583,1.5185864,0.040226576,0.015902796
185,2.0196435,-0.43051059,0.87644498,974.70365,1.5588468,1.6909692,-0.042664309,0.011502212
187,3.4307938,0.64122526,2.5600182,707.80286,1.5089291,1.6905396,0.0075662135,-0.0048036099
189,6.0312702,0.49978689,1.2340786,366.51249,1.6067782,1.3804267,0.021916217,0.013001041
190,1.1854649,-0.07989711,2.6738206,926.75751,1.5171551,1.5557781,-0.028304632,0.033928392
191,0.52133984,0.12459066,2.4383925,522.48763,1.5523177,1.4319034,0.040094269,-0.0074097617
193,1.2222786,0.99177116,2.0137482,627.37287,1.4532666,1.484568,0.015023365,0.023208414
194,0.30862576,0.80514587,1.9557562,322.82656,1.4989469,1.3805851,-0.022456353,-0.033389312
195,3.3250693,0.51664022,2.1316934,278.48738,1.2590157,1.5128897,-0.0054826323,-0.009056878
197,3.7558125,0.38693987,1.3115605,256.20758,1.2642253,1.4852431,-0.037173772,0.0078673117
198,5.0411405,-1.1331709,2.8401796,744.59697,1.6474808,1.4732959,-0.037776548,-0.017153691
200,0.49164946,-0.82726102,0.96624213,398.13008,1.6356719,1.554411,0.030311685,0.0032361024
201,1.981707,-0.58903659,0.57356282,471.65937,1.7499772,1.3651406,-0.036077325,0.0077836687
202,0.37590483,0.60940753,1.1075276,663.77661,1.5390549,1.3842581,0.043746717,0.048235246
203,2.4929766,0.51910815,0.46699952,462.30534,1.5153731,1.5181645,-0.010716384,-0.03628728
204,2.7077719,-0.27087169,2.5127141,687.40042,1.5775712,1.4566069,-0.022527936,-0.030285412
205,2.0302906,-0.80946645,1.639288,734.63817,1.343126,1.4904561,-0.013692009,0.028420937
206,4.9980363,0.59401379,0.89392357,195.03285,1.3148183,1.406251,-0.044430631,-0.024966744
207,0.94355497,-0.23686472,0.69719857,216.89774,1.5775765,1.3888065,-0.044685992,-0.049053725
209,1.2138507,0.8908627,2.5951844,457.93277,1.3802475,1.37368,0.031003711,-0.0027434687
211,3.098499,-0.37175419,0.65159435,343.67599,1.4777879,1.4478203,0.038900455,-0.043624044
212,2.9154949,0.070592939,2.557693,289.26952,1.3828628,1.3433312,0.021735629,-0.04941734
214,5.8301885,-0.5497207,0.99415863,639.32483,1.5015275,1.5435291,0.0070556726,-0.042767269
215,2.4309434,-0.070334479,0.65541865,918.9289,1.7718468,1.4567384,0.011234619,0.044471469
217,1.4056076,0.38842116,0.48351293,628.31262,1.6453269,1.5473334,-0.045333362,0.0158704
218,2.7160386,0.60887332,0.86566507,703.18794,1.608315,1.4776606,-0.047376285,-0.044992194
219,0.12577348,1.1184857,2.384295,618.40194,1.469865,1.3915177,0.031967936,-0.012890193
220,1.4549246,0.24253691,0.6855619,558.87952,1.3438295,1.4787859,0.0337149,-0.027538558
221,3.7300539,0.32409469,2.541009,848.92241,1.7566594,1.4389286,0.02822256,0.021512056
222,4.4135718,0.95865889,0.43723797,437.88834,1.535515,1.2573417,0.0090048354,-0.028515599
223,1.2100719,-1.2786817,1.0607187,592.88931,1.4790193,1.5318353,-0.037470909,0.018782991
224,4.031471,0.34390534,2.1021455,547.67258,1.5579404,1.5397115,-0.00093329315,0.0032167656
225,3.5367413,0.79044241,0.85950457,674.07484,1.6706433,1.3183432,-0.018575555,0.0035287475
226,3.1511528,0.73537123,1.1108201,524.86416,1.5357168,1.5000326,-0.018739019,-0.010904028
227,5.5954605,1.3321121,0.60940499,542.92656,1.5135848,1.3667964,-0.012378166,0.0038720063
228,4.9835796,-0.93989845,1.4896516,483.92976,1.4476563,1.4501962,-0.015429258,-0.016816666
229,5.7147301,-0.044020889,2.4526001,845.37691,1.6006523,1.4620953,0.047848611,-0.027123828
230,1.2575132,0.19767047,0.93761341,400.57757,1.4194747,1.3684281,0.0072140231,-0.042298512
231,2.9030363,0.33186676,0.51506374,476.56645,1.5081448,1.4159964,0.013034416,0.030389558
232,5.6076887,-0.14047514,0.67897107,454.60839,1.4504821,1.3973299,0.038362854,-0.0081297525
233,4.3114984,-0.62837488,2.6095669,286.80784,1.4440214,1.5103122,-0.010976041,0.040414873
234,3.4314621,-0.51295783,2.2632882,385.1159,1.4094372,1.3399068,-0.041511078,-0.0071911459
235,3.8694162,-0.84721878,0.74513939,496.63119,1.3635211,1.5072833,-0.0079779551,0.046098793
236,1.3110338,-0.68109908,0.70043087,746.1009,1.4841393,1.5264037,0.034490914,-0.049814906
237,0.83811952,0.60308843,0.028362409,660.71046,1.5954862,1.3537474,-0.038754565,0.023714105
238,1.1488825,0.64815062,2.4018749,467.20433,1.3673481,1.3404387,0.011756505,0.0048374253
239,0.33067654,0.027722878,0.56521328,789.94707,1.5654428,1.498641,-0.021347508,-0.0059666386
241,0.88933544,-0.7960911,2.4290075,491.75943,1.5915264,1.4475331,0.0057517098,0.030954623
242,3.1038789,0.51002878,2.576237,366.45986,1.5491891,1.2343782,0.02650469,-0.032096529
243,4.846853,-1.5120291,0.98743065,285.99471,1.4130819,1.5859742,-0.044311282,0.030018811
244,4.0044558,-0.34932314,2.5227178,464.56523,1.4083349,1.3677846,-0.015594678,-0.016051535
245,5.4543809,0.096667931,1.3107881,389.57784,1.3878045,1.3872379,-0.035691328,-0.008012031
246,0.51256723,0.50564658,2.1084968,446.98579,1.4436479,1.5470573,0.019609172,0.044359696
247,5.3519914,-0.29885894,0.53519597,488.45449,1.5346794,1.4482451,-0.0084923253,-0.0021113709
248,3.2040593,1.1657867,0.25601211,847.09236,1.7391325,1.4770832,-0.043964542,0.011464582
249,5.6595275,0.47928397,2.1792959,329.71287,1.3955034,1.5481813,0.035550411,0.040503075
251,0.83981345,-0.2723871,2.8725667,809.10867,1.4356209,1.5763902,0.024279798,0.009560459
252,5.4835346,1.0148018,2.3213761,756.8469,1.6757795,1.5425125,0.045439443,-0.041631588
253,5.6664008,-0.73761495,2.9139666,179.76953,1.3973919,1.3583585,0.045402958,-0.02742169
254,4.7270539,-0.16557062,2.3047972,181.81388,1.4195424,1.3823707,-0.032984564,-0.041912217
256,2.2996409,0.67215191,2.2035469,731.80044,1.4394417,1.3375081,-0.039944939,-0.038390708
257,4.7611751,0.065408248,2.856042,322.74608,1.315195,1.3254787,0.0088376633,-0.012135578
258,5.7500315,-0.004373339,1.9435364,250.21652,1.4070294,1.336087,-0.028760291,0.025558403
259,2.0712658,0.71327951,0.71142627,507.0537,1.3337106,1.3543904,0.031996414,-0.013289801
260,4.6217538,1.0408177,2.465213,786.36266,1.6653293,1.5774951,-0.04016226,-0.027710434
261,4.7259967,-0.16394093,2.6682302,801.15459,1.4241427,1.6768387,0.017686934,0.0058708569
262,0.76380595,0.18000085,1.8719496,294.34312,1.3230802,1.3728841,0.045899165,0.014644833
263,5.6923055,0.014588209,2.9977902,790.89863,1.3903947,1.5867538,-0.0402508,-0.035702901
266,4.2405911,-0.39283841,2.3632611,774.43325,1.5283547,1.5703104,-0.015499647,0.022821287
268,5.7721017,-0.38747946,0.9992799,439.02223,1.5925966,1.4379157,0.0010612105,0.047904155
269,1.8148269,-0.5048804,1.6084017,266.61995,1.3575064,1.3842558,-0.037430047,0.041805712
270,2.9599966,0.92772345,0.16433975,424.16046,1.4008882,1.3027992,-0.034151647,0.024604137
271,5.8441969,-0.11301474,0.37895069,919.94489,1.5613414,1.6213077,-0.046621228,-0.044815825
272,3.5520778,-0.51312455,0.76890648,741.06832,1.5343397,1.3674949,-0.0011834272,0.023773109
273,5.2445701,0.094288055,0.4687137,708.24365,1.5385355,1.4286313,-0.0047304611,-0.021963803
274,3.7848114,-0.77059072,2.8574158,383.6585,1.4716445,1.6998918,0.046635211,0.045478188
276,3.2742427,-0.50111745,2.4654502,360.66493,1.3565321,1.4230093,-0.029676974,0.042004361
277,4.790031,0.095737099,0.90244836,329.4241,1.3943065,1.5251113,-0.047963408,-0.030055838
279,2.268873,1.1132985,1.3745557,272.71477,1.2749073,1.2751596,0.034330386,-0.0097883792
280,5.874813,0.60689815,2.3210035,599.02406,1.5545541,1.4861734,-0.00077805026,-0.023856065
281,6.0968216,-0.6972725,0.35755234,131.49476,1.4488841,1.2856204,0.036444985,-0.045107421
282,2.2685089,0.75730723,0.458061,767.95304,1.6079831,1.7485325,-0.022984391,0.033755358
283,1.8835973,0.31375003,0.97036324,428.17333,1.4086827,1.3925932,-0.048944555,-0.007113534
284,2.0867478,-1.0546816,2.2472446,464.98856,1.4617659,1.5809264,-0.034371375,-0.016887724
285,3.9958425,0.076123507,2.089067,650.29161,1.5340594,1.4412219,0.0036856622,0.0011286507
286,3.7366092,-1.0332911,0.48568384,534.57143,1.3352391,1.6801118,0.036380132,0.047452134
287,0.94341058,0.58134498,0.61309606,685.86467,1.3439117,1.7334432,0.018420285,0.027964753
288,4.2141921,1.4744574,0.93860635,407.73367,1.6186891,1.3867931,5.7848308e-05,-0.015807068
290,2.1667949,0.63788976,1.8425238,460.64542,1.4821823,1.6289369,0.046333095,0.0040433772
291,3.9607418,-0.39396986,2.15494,295.24778,1.4168122,1.4446743,-0.035705169,0.040374533
293,2.9569903,0.61323147,0.71602085,253.8231,1.4671925,1.2428435,-0.028566663,-0.045839732
294,1.804113,0.37750026,0.23073075,372.39088,1.4761415,1.5074588,0.036932531,0.044674779
296,1.0466466,0.2274869,2.4541077,494.57902,1.4717981,1.3735273,0.036464783,-0.020734258
298,5.8786827,-0.010913643,2.4580728,626.85398,1.4160837,1.5124067,0.031306063,-0.012170874
299,0.46975227,0.47324235,0.5856409,642.81265,1.5780873,1.5888949,0.014195756,-0.011958391
300,0.19909456,-0.12609517,0.28176883,634.26293,1.4659341,1.5921256,-0.026402884,-0.016584118
301,4.7807677,-0.015442317,0.15839202,842.89441,1.5533405,1.6746877,0.042490935,-0.03149524
302,3.8346853,0.2061824,0.85052097,337.67509,1.2929497,1.319468,0.0341461,0.020639784
303,1.5338507,-0.39259285,2.8775739,664.02854,1.641949,1.5718381,-0.026489145,-0.037752987
304,3.2598236,-0.22885233,0.13319403,644.73082,1.4186468,1.4685001,-0.023083486,0.032141066
305,0.92949887,0.45731894,1.119159,358.82359,1.2590728,1.5783696,0.001036924,-0.01039193
306,3.6495164,-0.7063425,0.92628558,476.07329,1.417788,1.3539933,-0.007749939,0.028102922
307,1.1333215,-0.57318174,2.4411384,670.37894,1.4194567,1.5025576,-0.037745753,0.0070049728
310,2.4322494,1.0281292,2.4656442,468.5658,1.647318,1.5325847,-0.039036749,-0.0029779996
312,4.7868644,0.38726129,2.6636926,871.40831,1.4438979,1.4577235,0.048421521,0.027840276
313,0.25149491,0.68343764,0.70245956,624.08674,1.404797,1.4868846,0.039338805,-0.020661005
314,2.3943979,-1.4311552,0.66047941,844.92738,1.5554742,1.7536607,-0.022314286,0.018089163
315,5.9754239,0.38683036,0.47183317,733.22744,1.5185688,1.4444679,-0.021788994,-0.016657045
316,5.4411388,-0.93397711,1.0934048,434.12792,1.6024861,1.6108287,0.045458397,-0.042803173
317,1.6336887,-0.99440015,2.5695192,644.60598,1.5409793,1.3678076,0.042101058,0.015851017
318,2.9581162,-0.75514656,0.33621066,459.36579,1.4774123,1.5595788,0.0097264022,0.014919595
320,3.0079459,1.2840389,2.0196205,778.5047,1.6300202,1.6097588,-0.029991402,-0.0098774763
321,5.7900749,-0.87323536,2.2527952,318.04282,1.4021852,1.4275431,-0.024247942,0.029597201
325,6.1989485,-0.59408946,2.0814387,243.15524,1.4319471,1.2875249,-0.023977054,0.046624085
326,2.7059897,-1.0575461,0.78302715,717.99593,1.4580658,1.587123,-0.0073231616,-0.035296684
327,0.47751542,0.16288504,1.0154619,457.37618,1.4023975,1.4700791,0.0069413951,0.025954487
328,0.95225813,-0.47650962,1.0688141,335.01364,1.3574394,1.5736496,-0.0046781925,-0.044530586
329,4.6620857,-0.011661618,2.457632,893.02715,1.549429,1.6816547,-0.030233351,-0.045920672
331,5.4809086,-0.14758854,0.4125869,387.41105,1.4948117,1.3263107,-0.00084946711,0.021303213
332,1.1147251,0.961756,0.94262435,245.49643,1.5166222,1.4802267,-0.0068339104,0.034999299
334,2.7437606,-0.18709931,2.5482786,467.49745,1.408513,1.4800421,0.016201249,-0.0029219138
335,1.0586328,-0.79662894,2.7444862,753.79977,1.6509067,1.4214215,-0.028461056,0.037808953
336,3.2825398,-1.1922261,0.50946362,190.86098,1.4584231,1.4125554,-0.00028065797,0.014449518
338,5.5112781,0.27991721,0.14151438,826.69371,1.6490542,1.5539804,0.025505179,-0.022002728
339,4.5391755,-1.2388617,2.8385888,774.20606,1.4747975,1.7490571,0.037344337,0.048825796
340,3.1067007,-0.60668804,2.8892045,572.25609,1.4816276,1.4555551,0.012827949,0.020877423
341,2.9706448,-0.047163587,2.3934337,867.35905,1.568279,1.4541523,0.043539604,0.035747785
343,5.2706069,-1.0437053,0.82526049,582.45096,1.4577566,1.3651529,-0.019392977,-0.024464438
344,4.1440716,-0.33546595,1.8442885,198.96456,1.1393019,1.2941843,0.0087207917,-0.043078517
345,2.9774141,0.78322457,1.6721365,418.83507,1.4386423,1.460049,-0.0019243392,-0.047609718
347,1.2616816,0.74760266,2.2126536,755.6756,1.2709343,1.6092892,0.01562218,0.026551376
348,5.5979622,-1.480296,2.4322541,535.05216,1.5412567,1.6747047,-0.0079766753,0.045033581
349,3.5379181,0.70234676,0.46189913,769.50118,1.5005214,1.4583897,-0.024127149,0.048278857
350,1.0446722,1.1091473,2.3581423,436.52499,1.4124915,1.3855019,-0.045765837,-0.039986507
351,4.5857241,-0.04787565,0.63906986,427.17817,1.5052681,1.4350329,-0.043825716,-0.0056546073
352,4.1111756,-0.80798741,2.7746731,488.807,1.4078231,1.6295757,0.029503165,0.038404111
353,0.34668035,0.14332217,2.4300959,627.00726,1.7212873,1.4722247,-0.02398112,0.025280398
354,3.623863,-0.91990841,0.32439481,698.24002,1.5076861,1.5991836,-0.039274862,-0.033531226
355,0.40708754,0.19537013,1.2616038,278.26714,1.3568875,1.4397065,0.0034948286,-0.033291112
357,1.8676142,-0.50223232,1.9720442,394.20696,1.4639465,1.3924899,-0.032350927,-0.027352927
360,0.17868476,0.56218194,0.97274572,294.2027,1.4000029,1.4151407,0.0062591883,-0.021147368
361,4.184513,0.89913685,0.89762242,984.28934,1.624311,1.5687589,-0.027167742,-0.026919392
362,5.1849131,1.283024,1.9245565,480.78236,1.5472779,1.4133207,-0.047014198,0.045533877
363,3.7330024,0.67793324,1.9594022,852.5894,1.6735388,1.5112994,-0.046825673,0.014652881
364,1.2351592,-1.1325008,2.8738631,514.61521,1.4105417,1.3741183,0.02664902,0.016820015
366,4.9357014,0.085454877,0.54964161,692.06858,1.5961321,1.6063547,0.030736804,-0.012122956
367,0.69895372,0.55931534,1.2786084,475.61881,1.4828137,1.4453663,-0.022568069,0.035976149
369,4.4780977,0.37416013,0.24194822,713.34795,1.5186591,1.5044894,0.044489892,-0.039881297
370,6.1018659,-0.0031120339,2.2414479,607.21834,1.3924303,1.4811213,-0.0086636479,0.030773186
372,6.2214986,0.15285842,0.58370069,650.17825,1.4240623,1.4525804,-0.011214993,-0.042399241
373,2.4452153,-0.73338784,1.2844428,288.14916,1.3195118,1.5332287,-0.012812988,0.012654323
375,3.6222808,-0.70460259,2.4244473,851.65287,1.5921655,1.5153936,0.039723774,-0.046260943
376,1.112374,-0.45231523,1.1087505,432.25344,1.2547401,1.5509055,0.035844526,0.026009734
377,6.0594999,-1.4283774,0.91577464,470.77769,1.5249938,1.3053442,-0.00075289201,0.0019263637
378,0.31640906,1.0478205,0.21016601,778.38045,1.5357309,1.4856517,-0.012233324,-0.034184802
380,1.463866,1.4391909,0.90480291,540.76697,1.4656458,1.6124261,-0.0034519734,0.031973136
381,4.6709487,0.91021055,1.0480541,688.33946,1.4964801,1.568888,0.025115903,-0.0055338608
382,4.9539067,1.0216079,1.9412484,186.15358,1.7066093,1.3349188,-0.032176644,-0.02772066
385,5.1592255,-0.68512814,1.5370605,284.13052,1.3974147,1.5391304,0.040095797,0.0088185102
387,3.4886629,0.080768324,0.5337279,511.25365,1.5822327,1.4778079,0.029474226,-0.00082878345
388,0.47078075,0.39434089,2.5590731,878.29429,1.8014642,1.4268027,-0.048680847,0.034772215
390,2.94292,-1.3226845,2.5216141,682.45251,1.6444012,1.5355272,-0.029586275,-0.023912565
393,1.3695349,0.13089915,1.9254089,345.54621,1.5389103,1.4439904,0.049869284,0.04717083
394,5.0820912,-0.59009727,2.6364608,247.06892,1.3489904,1.2827183,-0.0053395119,0.0092757903
395,5.3759443,0.235139,2.2005083,328.34828,1.3405172,1.4100559,-0.027696412,-0.033829598
396,0.71145964,0.066431899,0.25493645,662.6222,1.5585142,1.4012596,-0.0013524811,0.026898986
397,2.4101748,0.64676222,1.4787157,204.72134,1.3385649,1.3982899,0.027945333,0.018434106
398,4.6512595,-0.66582073,0.65125817,600.54722,1.6124677,1.4867124,0.031145449,-0.047214117
399,5.2590401,1.0446633,2.3921413,593.77452,1.5096311,1.5026621,0.011301114,0.025135695
400,2.0578375,0.50332838,0.60038585,607.18229,1.5480546,1.3338317,0.02496155,-0.017345463
401,4.1277535,-0.34462831,1.8976815,241.16614,1.4456519,1.2960661,0.015238322,0.020602068
402,5.968359,0.36857225,0.64317763,630.87107,1.4657997,1.3535889,-0.017045785,-0.019205795
403,0.35254943,0.95609993,3.0211849,630.40159,1.5453116,1.5389427,0.023975607,0.014839471
404,5.1186611,-0.57468008,1.0142186,487.74768,1.4114962,1.5860505,0.043292103,0.031926562
405,4.899307,-0.35842646,0.94344153,929.73285,1.4700708,1.7662493,0.02425542,0.018247101
406,1.4531135,0.40326562,2.327544,451.12931,1.5960413,1.4812792,-0.018287426,0.0034751914
409,3.2570612,-0.94377308,2.7086471,324.27723,1.4037194,1.3733123,0.0023069745,0.020855899
411,4.7064599,0.18233549,0.96234999,223.75406,1.3652017,1.4057224,0.02439213,0.043902162
412,5.7248674,0.068417465,2.4977144,815.92485,1.552991,1.47899,0.026843128,0.020461886
413,5.8730696,0.19192226,0.27638362,601.61587,1.5208592,1.6036935,-0.030557632,0.025532761
414,0.9893524,0.10512127,2.5496517,411.47786,1.3702588,1.3682851,-0.033296015,0.037225403
416,0.61903444,1.0636603,2.4939905,475.52356,1.4121021,1.4448937,0.038454757,-0.0022338703
417,5.3866849,-0.23214516,0.26083712,462.77281,1.4108266,1.5648773,-0.014280259,-0.0052877955
419,2.1702203,0.99206918,1.6568574,653.60809,1.4068606,1.429959,-0.0019853517,-0.0065470516
421,2.2934744,1.4073471,0.51649189,794.03248,1.4374991,1.4466556,0.0048335302,0.0063910981
422,3.1750016,-0.57729427,1.725003,113.28836,1.4769128,1.3146247,-0.037402269,0.0035647141
424,6.0153612,0.7437063,0.6782167,448.50413,1.3819196,1.359132,-0.030791155,-0.0052007696
425,3.0767364,-0.6931162,2.16194,494.5588,1.3607552,1.5386773,-0.014865017,0.0058309612
426,1.8329844,-0.37156826,0.38186379,540.20354,1.5094031,1.5348411,0.031978805,0.036172567
428,4.9870554,0.37350348,2.225737,383.42105,1.4371607,1.4640927,-0.045445145,0.0011990693
429,3.451641,-0.45997711,0.82583592,221.51086,1.402504,1.5707858,0.0087081099,-0.0081224687
430,2.8759808,0.19791073,2.8871651,937.24777,1.7514818,1.7800433,0.021511271,-0.026701315
431,5.7257444,-0.17592193,2.5546904,795.9009,1.6809584,1.5592746,-0.017803968,0.038162497
432,4.3477904,0.98410048,0.41371418,436.16135,1.4949264,1.46969,-0.027910153,0.018924739
436,0.27656104,-0.40902773,2.9690568,807.94841,1.6606877,1.7682191,-0.029996004,-0.037010063
437,5.0471351,-0.36595503,0.66751033,500.22467,1.4860323,1.5043849,0.034608562,-0.041154164
438,1.6834542,0.66687951,2.4216331,442.63961,1.414924,1.4437737,-0.009090934,0.01720928
439,5.2406398,-1.4487561,2.2649077,893.49653,1.6949674,1.6479774,0.028325985,0.048307501
440,2.1472155,-0.68016122,0.57629666,960.01712,1.5213065,1.4165114,-0.0086473882,-0.0077528444
441,2.6300483,0.47915627,1.1362782,454.62173,1.5186825,1.4199694,0.013003136,0.00022104216
442,0.92713773,-0.6038153,0.66741986,619.70161,1.4174185,1.5068767,-0.013313947,0.04983578
443,4.1330643,-1.188433,3.0454318,637.2666,1.4316879,1.6776857,-0.04506286,-0.045883152
445,3.2089105,-0.94891909,2.4252409,894.20259,1.4982822,1.7127849,-0.0025808984,-0.038391741
446,1.7086878,-0.10944515,1.1267508,289.30861,1.4014655,1.3953623,0.03663766,0.013864914
447,4.1617052,-0.81850326,2.8554764,976.22509,1.5452323,1.5667134,-0.040659361,0.020848629
448,3.9185816,0.3820147,0.94635531,582.84337,1.3569767,1.5547317,-0.0025857675,-0.015692081
449,5.6289065,-0.72261922,2.2556161,962.33139,1.4902346,1.6001389,-0.028794099,-0.039091386
450,4.9474606,-1.0391015,2.2673575,718.95557,1.5270382,1.6411303,-0.04883618,-0.010266589
451,0.015255494,-0.93900282,0.39178622,216.03828,1.2703915,1.3524112,0.017201184,0.015709204
453,1.1516184,-0.41742447,0.25178281,571.21656,1.337738,1.535697,-0.033211981,-0.031297624
454,2.8229207,-0.59008175,2.6929272,684.2821,1.6232987,1.6220077,0.028679927,0.048765722
455,1.0126882,-0.18317902,0.65655746,501.13394,1.3475602,1.5436765,-0.013780908,-0.039362566
456,3.8435135,-0.71655514,1.2623229,553.01785,1.6618848,1.4294248,-0.034761255,0.025812753
457,0.84530425,-0.11192293,1.8446321,128.31689,1.4967458,1.4174178,-0.021040246,-0.0101825
458,6.2495231,-1.1720403,1.6502941,530.87388,1.4897844,1.6122607,0.025299503,0.010472904
459,4.3555894,0.91098951,2.0958549,833.01655,1.5752617,1.3785419,-0.04461962,0.049186814
460,5.4179442,1.3301107,0.66272918,316.72992,1.5889412,1.3676748,-0.025031744,0.032921626
464,0.6824449,-0.10062544,0.7959336,421.33091,1.3065797,1.3803447,-0.027580119,0.043035932
467,5.2282641,-0.85059518,0.48204347,559.43388,1.5503878,1.5542552,-0.0043664274,-0.016941863
468,2.1722578,-0.17724297,2.1230619,441.83261,1.5088823,1.5381362,-0.044073064,-0.036809482
469,5.2498957,0.39769328,0.43034162,635.75542,1.5910855,1.4820873,-0.006667357,0.0022121386
470,3.3958217,-0.62983172,1.1590699,211.84372,1.5403262,1.3511498,-0.027277709,0.049971707
471,2.752943,-0.46618628,0.58960788,986.68525,1.4057056,1.7085689,0.025228007,0.013307255
472,0.85899873,0.43575132,0.27318991,292.42357,1.3749381,1.3708541,0.020992203,0.015541093
473,2.1733375,1.054205,2.1704718,382.4855,1.4975395,1.4149773,0.035360063,-0.026221271
474,6.020454,-0.27834446,0.78267559,803.82572,1.5760319,1.6020169,0.048949618,0.046752642
476,5.5260074,0.99283673,2.0300154,229.99789,1.4408781,1.3699685,0.018058718,0.036671035
477,1.7079125,-0.073994649,0.6498436,96.184951,1.151315,1.466567,0.016356806,-0.0095983542
478,0.56065878,0.48142447,2.7643513,242.34834,1.384369,1.3795854,0.040309515,0.0034989936
479,2.3409328,0.42434142,2.3619388,594.10195,1.6571217,1.6524916,0.013273236,0.031302301
480,0.17095879,0.29989888,2.6794634,553.46691,1.6347569,1.4948953,-0.0010013502,-0.016257479
481,0.66811156,-0.36071865,1.9794782,277.95439,1.3424776,1.3542582,0.046271027,-0.043099819
482,0.31080053,0.46246803,2.253664,565.31677,1.5850097,1.5271905,0.049696391,-0.022652487
483,0.5772652,0.24926674,0.78801375,153.47698,1.4914028,1.3182171,0.032198848,-0.0033790642
484,5.5560004,-0.53836808,0.62808295,429.20466,1.5247225,1.3972508,-0.035349874,0.026072185
485,5.1911494,-0.25596304,0.80615853,658.54041,1.5653769,1.4595668,-0.049837598,-0.029102318
488,5.792377,-0.056681583,0.64112555,485.55477,1.502235,1.4055219,-0.049711506,0.028450891
491,3.8719514,-0.57466426,2.4002624,433.51215,1.3444252,1.6046415,-0.043924002,0.018758639
492,3.4039109,-0.59007973,1.2684977,215.12911,1.371213,1.5025998,0.027340118,-0.01585862
493,4.61139,0.33044993,0.40668008,679.4691,1.5540241,1.5769334,0.011454246,0.017112017
494,4.2969406,0.47576749,0.54824189,377.98949,1.495389,1.4030266,0.0098645182,0.0063029014
496,1.6008085,0.35243506,0.65625406,803.72041,1.4969847,1.5723297,-0.039281865,0.034299229
497,3.4284658,-0.27303557,0.50976936,606.84691,1.4808777,1.4120889,-0.014309945,0.030674745
498,1.6485118,-1.0748115,2.6229941,453.83799,1.3530379,1.6197072,0.024931434,0.020375844
499,2.7285108,1.1444746,0.20257607,475.71935,1.5000865,1.5332682,-0.032088904,-0.0049792142
500,5.0896611,-1.0744399,2.0701912,651.37462,1.5184308,1.5771966,0.0065265049,-0.024826041
503,1.9780099,-1.0211809,2.244801,384.02004,1.5427602,1.3834442,0.03887237,0.045024149
506,2.5643265,0.16358063,0.34715533,250.78639,1.4597039,1.3140712,0.031604558,-0.048677412
507,4.4345031,-0.70054964,1.711325,240.41709,1.4414872,1.4870537,-0.032002038,0.040933992
508,5.5006965,-1.3028583,2.6188228,790.12028,1.6485309,1.5067561,-0.0070690336,-0.0026830288
509,1.5702333,-0.78262727,0.9931384,542.85896,1.5389922,1.3569872,-0.012833966,0.035348154
511,2.9842283,-0.56189207,2.6116859,602.57259,1.3862314,1.3666008,-0.040572232,0.018957653
512,5.8727149,-0.75131183,0.23292457,361.14741,1.3623681,1.5114473,-0.033818048,0.024445868
513,4.5086607,-0.98404967,2.4029844,452.52206,1.3856204,1.3779512,0.014553903,0.027451845
514,2.6422832,-0.68682532,1.2239949,577.0363,1.4430325,1.5943273,-0.035578009,0.014253742
516,5.7063703,-0.14399159,2.0553833,283.24632,1.4726886,1.5932739,-0.018230369,-5.0306459e-05
519,0.5805043,-0.15254278,0.97476329,529.17699,1.3567765,1.6806865,0.019981598,0.0075495056
520,4.4072901,0.26110014,0.3506787,367.44526,1.2394258,1.3906325,0.04973724,0.016303809
521,5.0765129,-0.51549204,2.4722398,959.13996,1.5710169,1.5853275,-0.0075205287,0.047664304
522,0.79741697,-0.30913276,3.0911295,930.91031,1.5116208,1.6777116,-0.018481419,-0.011533566
523,3.1072591,0.91928019,2.4412398,983.28012,1.6402753,1.6311768,0.042524082,0.024728541
524,1.0828796,0.06716762,2.5130578,382.94377,1.4433417,1.5904859,0.023617251,-0.032190807
525,3.1217993,-0.89454637,2.6957595,849.94661,1.5690721,1.6648135,0.048629084,0.042498006
526,0.48646355,-0.07527731,0.78063173,590.66065,1.4777616,1.6556352,0.034574469,-0.041716168
527,2.9718609,-0.48424906,2.5693688,833.9899,1.5914744,1.4786867,0.0032010689,0.041973172
528,0.3331356,-0.4748813,1.7367711,544.25378,1.4859182,1.6663528,-0.044898346,-0.010524365
530,0.4011967,0.6390564,2.972428,833.20274,1.6841415,1.4895385,0.0037481299,-0.022834458
531,1.0567661,-0.20645689,0.94775129,156.62806,1.3681599,1.2332114,-0.038238179,0.033398323
532,4.4486294,-0.7826441,2.3504613,473.79867,1.5374154,1.5512355,0.047073845,0.039857477
533,4.856621,1.084959,1.1924937,904.81181,1.6270461,1.5941106,-0.023394338,-0.041015579
534,6.2744562,0.8908847,0.98843976,332.10088,1.6697249,1.3988836,-0.0034110896,0.032061991
535,2.3061212,-0.48853187,0.67184504,140.90517,1.5148271,1.4187833,0.039166381,-0.0062655242
536,5.9695572,0.33407892,2.4596818,403.65203,1.5339124,1.3329417,0.014123468,0.038001759
537,5.3533823,-0.55909295,2.0633394,355.58541,1.6404924,1.3017446,-0.036771089,-0.029659347
540,4.9702795,-0.63297601,2.4097677,475.38102,1.5473377,1.4490143,-0.0066208628,0.0054863277
541,1.2292897,0.21823845,2.5222596,502.04765,1.4987321,1.4543912,-0.046449368,0.012808338
542,1.6196672,1.2374791,0.26239228,753.02349,1.4819194,1.4139693,0.046261855,0.017906618
543,1.8846371,-0.40432251,0.71034193,363.97111,1.517159,1.4673927,0.019681334,-0.035638099
544,4.7071085,0.047216724,0.84897713,470.21668,1.6247748,1.3414214,-0.0010800567,-0.034366553
545,4.654386,-0.45628512,2.4275421,173.18751,1.4201058,1.4251161,0.02112772,0.033841679
546,4.1690418,0.29992682,2.2211722,617.96854,1.3653863,1.5136628,0.046351155,-0.016780242
547,2.2935937,-1.0261145,2.4628164,882.42241,1.4972656,1.4124667,0.0051136924,-0.036115523
548,2.3511981,-0.29426826,0.67476123,200.25859,1.4902879,1.2455678,0.049324575,0.038487157
549,3.1924564,0.4327763,2.862743,360.51538,1.4302364,1.3724095,0.04889329,-0.038609374
550,0.68722339,0.98779849,0.57095531,343.41099,1.3684728,1.2315289,-0.0043797693,0.04169373
551,5.2313379,0.70556646,0.5119007,451.57547,1.3252589,1.3324698,-0.027995967,-0.018780364
553,6.0332066,-0.29600875,0.29531022,841.02813,1.6081713,1.4271867,-0.038489844,0.033112924
554,5.5435832,-0.44729785,2.3192443,407.16044,1.6748499,1.4639615,0.01562616,-0.010366651
555,0.52528019,-0.0035677462,2.9575276,493.01495,1.4950063,1.5812801,0.017693403,-0.036735292
556,1.6464797,-1.4690656,0.6042841,998.02499,1.4707971,1.4830272,0.033947198,0.034508274
557,4.1751468,0.025117913,0.26890773,158.70293,1.3047671,1.3757069,-0.012520363,-0.0038897503
558,3.7820389,-0.25092341,0.64301254,798.39321,1.6481803,1.5235784,0.030398265,-0.025514613
559,1.1058197,-1.0170448,2.1470157,598.45217,1.7664814,1.6111867,0.0018817552,0.0093038528
560,4.7452891,1.0108156,0.94620773,746.454,1.7521053,1.4675057,0.037281357,0.022079021
561,4.8139932,-1.1900218,2.4828547,462.03987,1.4532657,1.3596719,0.036995803,0.027939204
563,1.9311026,0.27559777,1.7358203,348.67114,1.4977824,1.5077598,0.046182896,-0.02161196
564,5.5912102,-0.73830431,1.5474782,152.46253,1.4776824,1.3932772,-0.042622874,-0.013744703
567,3.589199,-0.81302762,1.4968209,376.36949,1.4820598,1.5285229,-0.037336178,-0.039411434
568,0.4291391,0.14174865,2.416311,522.74757,1.6672269,1.548119,0.040494165,-0.0077515223
569,4.2048261,-1.2105853,0.25230439,728.72826,1.6078303,1.4701232,-0.019868567,0.049159638
570,3.7057495,-0.70902447,2.4607223,764.65667,1.6179478,1.5074739,0.016421602,0.03825369
573,5.5488196,0.48452723,3.069823,774.80172,1.5596476,1.3756668,0.018947507,0.023629905
574,2.6591299,1.0762926,2.1362363,241.75029,1.3940916,1.2787738,0.032834882,-0.0055470932
575,0.21700116,-0.36482083,2.3957329,503.55267,1.5976602,1.4846206,-0.0014196795,0.030384519
576,3.4984927,-1.0545746,0.89904195,465.43472,1.4427334,1.432105,0.041147844,0.019988295
577,0.78217057,-1.1249948,0.73882997,455.76769,1.5515019,1.5466707,0.040944611,-0.034503582
578,2.7475903,-0.68888221,1.8382991,256.67294,1.3319892,1.4013626,-0.0088431608,0.0051603087
579,0.91015938,0.68551326,0.80539459,801.63361,1.4902728,1.5475701,0.0049632341,-0.026657614
580,0.65428127,-0.17605447,2.5004354,184.15946,1.3446906,1.3255952,-0.025464208,-0.013330024
582,5.3091191,0.89361644,0.49408194,809.77715,1.4880037,1.5531202,-0.045076456,0.02742526
583,1.5087543,-0.55171227,2.338806,794.46465,1.5559271,1.7142541,0.012728218,0.015086451
585,4.3547628,-0.55027738,0.57172983,825.29484,1.5659044,1.462958,-0.00035047481,0.02980904
586,2.4419626,-0.9996178,1.0760491,872.59252,1.5949484,1.5399003,0.029140386,0.0046728658
587,1.8136693,-0.86378944,2.4718295,597.59727,1.5529926,1.9348755,-0.020340516,0.00056486017
588,2.1094349,-1.3261695,2.454854,421.33447,1.3567173,1.3804953,0.045178169,-0.040278923
589,0.48307795,-0.84722723,2.5573713,705.66145,1.349909,1.3155167,0.03917319,-0.018907497
592,5.9117392,-0.29113518,1.7995749,338.32379,1.2777452,1.2305887,-0.028499721,-0.03342377
593,3.4518442,-0.39368369,1.0132369,374.11623,1.4372979,1.563595,-0.017244285,0.031506173
596,1.8201832,-0.34058251,1.1698534,574.20101,1.5533912,1.3503551,0.028217528,-0.028876064
598,4.6312177,0.88621854,0.65517153,790.41618,1.5746593,1.5592414,-0.04038036,0.018315625
599,4.4095265,-0.31769003,0.8047128,662.12744,1.5558436,1.5584343,0.025760568,-0.0044011783
600,2.0695438,-0.35735066,2.3949781,618.29401,1.6312905,1.437966,0.029513603,-0.019975622
601,5.0524598,-0.45740134,2.0540664,402.27781,1.5425063,1.4846238,0.01715015,-0.020452937
603,3.2357876,-0.2667496,0.7357541,556.66651,1.4998486,1.3422756,-0.008251033,-0.013444887
604,4.9331005,0.47187878,1.564403,708.62368,1.5203135,1.4275539,0.042922581,0.039207077
606,4.5272825,0.54345665,2.2682414,415.80736,1.4438611,1.3973465,-0.007663168,0.037647888
608,4.0255885,-0.91767064,0.38955894,761.17211,1.6025116,1.6477001,-0.044223262,0.036679727
609,1.6836617,-0.28350103,2.2864079,305.77718,1.3193728,1.169553,0.029541688,0.032443437
610,2.7110075,-0.27963737,1.2591624,200.17542,1.2969112,1.2739764,-0.012544073,-0.0031467309
611,2.9167043,-1.0433128,2.5654913,783.446,1.5579253,1.522118,0.036281818,-0.0074442692
612,5.4209299,-0.91664155,0.96123459,432.45389,1.736282,1.5257177,0.018706947,-0.031937411
613,2.8775862,0.85359678,1.8242022,335.94147,1.3595687,1.3974558,0.049400309,0.024346071
614,3.0337645,-0.30506118,0.77449249,706.57743,1.4683447,1.4308625,0.0016003807,-0.041971958
615,3.8190714,0.048205085,0.32253391,721.70024,1.4361271,1.57542,-0.043733512,0.043752938
616,1.8124098,0.74487957,2.9339086,977.16119,1.4987013,1.7505042,0.032609087,-0.048260965
617,0.82090113,-0.025883199,0.2441101,449.50854,1.5860545,1.3135026,0.012585915,-0.023335852
618,1.3943477,-0.2249481,1.6834213,198.6788,1.2569583,1.466759,0.026326078,-0.047768039
619,4.3488308,-0.58767288,2.5695478,338.05168,1.3787599,1.3860577,-0.036722523,-0.030637093
622,1.104561,-1.1386403,2.4909305,710.95414,1.4402543,1.4891656,-0.044983766,0.011516097
623,2.1422724,-0.12972768,2.7291281,677.61475,1.5378727,1.4659202,-0.0014908007,-0.010709737
624,3.3700937,0.60776071,2.5163795,502.84589,1.4830392,1.4386599,0.032793054,-0.034632656
625,5.6675356,0.53692238,1.1636417,667.45815,1.4486434,1.4658359,0.0088750095,-0.048985922
626,4.7148701,-0.072914571,0.86390658,523.40217,1.4518177,1.5125716,-0.047318359,-0.042347278
627,5.3267439,0.98809029,1.056176,545.92743,1.4989503,1.4567563,0.020435688,-0.0069241874
628,5.3208281,-0.87037195,2.1704105,370.98716,1.5438474,1.5861306,-0.036513419,-0.025423572
629,3.8125509,1.1106327,0.74077218,855.77252,1.5155271,1.4681789,0.0022044175,0.033472842
630,1.8544487,-0.23646314,0.25368112,555.61994,1.3214128,1.5324902,-0.031518252,-0.031345122
632,0.10860377,-0.057669824,0.21700568,647.2653,1.6097391,1.6177663,0.027831993,-0.047512946
633,4.7203275,0.48247768,2.260377,822.08206,1.5940033,1.50707,0.01878881,0.0059377357
634,1.8888472,0.44034228,0.63439008,285.58194,1.4981431,1.4584196,0.042056587,-0.03700775
637,4.9797491,1.0863967,0.35560538,423.65416,1.5035096,1.4848195,-0.036227639,-0.01422192
638,5.9843335,-0.43067086,2.4323933,518.38163,1.4130712,1.4753286,0.038480793,-0.041116433
639,5.7631856,0.17329908,0.72373622,751.27024,1.459307,1.5318123,-0.032614429,0.0034536201
640,5.219651,0.035043235,0.7309455,285.51599,1.5869723,1.4245893,-0.048639052,-0.0091080105
641,1.2049625,-0.39949839,1.7423824,249.56847,1.4627444,1.3915147,-0.036979852,-0.00085958876
642,5.6528005,0.77485716,2.028717,187.74094,1.321061,1.128389,0.012653283,-0.0071333052
643,6.1761211,-1.3809907,2.8363786,804.74552,1.4734493,1.5822928,0.037146131,-0.028129677
644,5.8909385,0.57387552,0.38426631,313.61692,1.5069913,1.4535772,-0.049258882,0.0022542959
646,1.8778523,-0.24600105,0.73894973,248.40245,1.3485473,1.3432608,-0.042296489,0.027791142
647,1.8912925,-0.31954825,2.4994118,785.43612,1.5627047,1.4011028,-0.039781831,0.022109573
648,1.3082926,0.49670988,0.64301837,274.24601,1.3372345,1.472846,-0.014000761,0.018354262
649,2.0691409,-1.2781314,2.5189482,692.92591,1.3690404,1.4230535,0.035978266,-0.034878409
650,2.4396285,0.95573035,0.67737083,432.57918,1.4566669,1.307697,-0.011211149,0.036249372
651,3.0251229,-0.020363744,2.9863432,872.09532,1.664901,1.4741066,0.021620764,-0.013383749
652,4.7457933,1.2087245,0.66008517,181.62782,1.4629629,1.3733324,0.014930207,-0.0037527944
653,0.098933519,-0.43118327,2.4996851,431.98675,1.4583584,1.3713245,0.026174419,-0.021312901
654,0.7512605,0.7959086,0.64951998,614.69541,1.6580865,1.5129799,0.021299544,-0.045715551
655,0.77887484,-0.34633078,0.83383039,575.17715,1.4137427,1.6280976,0.039238103,0.034853718
656,0.41305262,0.26107914,2.4590272,763.70629,1.5183013,1.7153144,0.022263171,-0.0090589294
657,5.7124211,-0.42794906,1.2830487,219.63247,1.4281605,1.5367595,0.029734715,0.031653662
660,3.0552438,0.3161746,0.67100767,930.27515,1.5875742,1.3907875,-0.046973173,-0.0029095226
661,1.769394,-0.43597696,2.7861379,774.11687,1.4739264,1.5771855,-0.011515168,0.027591472
663,0.87245331,-0.57926659,2.8016605,390.40779,1.4984022,1.4776032,-0.038879463,-0.010857085
664,5.713999,-0.19800799,0.35160221,605.78852,1.3630712,1.5474958,0.048143854,-0.026477487
666,1.6583535,0.38109002,2.6139723,370.85875,1.6017453,1.5117622,0.049762978,0.0078316278
667,5.0300126,-0.84120533,0.57881529,502.65992,1.4725,1.2458571,0.0056325704,0.026575392
668,5.2915258,0.89636536,0.84050988,205.57971,1.3223109,1.4025762,0.012997671,-0.013479822
670,5.078395,0.049492522,0.14364171,782.23901,1.4680193,1.5310066,0.040560806,-0.019198494
671,2.6868076,0.60515136,1.4685756,415.16682,1.3107711,1.5425872,-0.028086913,-0.036177528
672,0.60070215,-0.63871681,2.0891164,773.07045,1.556005,1.4030052,0.0025452919,-0.015227376
673,1.33835,0.4191695,1.0757235,337.49025,1.3743078,1.4343468,-0.020625646,0.043617462
674,4.1059082,-0.81555271,0.34536142,702.9063,1.4106395,1.401618,0.017347604,-0.0008990388
675,0.29247382,-0.41228434,2.8206398,559.48229,1.5161534,1.4221522,0.033769758,0.045692063
677,2.9517879,0.32253699,2.1141654,417.34537,1.4939164,1.3519652,-0.022873812,-0.02449228
679,0.84148113,0.51894195,0.75668092,903.6195,1.518658,1.5665137,-0.00022503046,0.048160695
680,1.9021102,-0.057368707,1.019005,231.36619,1.4398421,1.3797431,-0.022830552,0.047855621
682,0.62446548,0.098550308,2.6628134,215.89707,1.366639,1.4609398,0.011581745,0.01043748
683,4.8330088,-0.50369182,0.91629192,753.06341,1.5018172,1.3651681,-0.017819274,-0.041669671
684,3.1065386,1.3527004,2.3122803,546.76879,1.4323638,1.5159877,0.0088884192,-0.02690407
685,4.2242813,0.7388953,2.6271213,923.87114,1.5111075,1.6058363,0.010600866,0.046730125
686,3.9049356,-0.51891381,3.0854003,705.24862,1.4066076,1.6563482,-0.006782744,-0.042895105
687,4.2631216,0.024578872,0.75950113,613.69299,1.4682601,1.5754178,-0.0052905249,-0.023654842
688,2.7885716,-0.57449005,2.875774,972.00079,1.6034203,1.6701978,0.046229972,-0.030049929
689,3.1064413,-1.5245283,0.41223761,709.99907,1.5314611,1.4955419,0.0031055789,0.011330305
691,3.3299153,-0.79207562,0.55238922,785.7438,1.6754142,1.4735648,-0.027523351,0.010776989
692,1.8370838,-0.082110172,1.7106331,377.8858,1.2861284,1.4932568,-0.012944294,0.010136612
693,0.022109564,-0.83559875,2.7879082,729.56757,1.5603219,1.4882586,0.029639256,-0.037802504
694,5.2321609,-1.1607596,2.4802663,773.40063,1.5663349,1.6136341,0.0065665394,0.0098066932
695,5.303536,1.1951171,0.73899052,604.45363,1.4009362,1.3972782,-0.02530896,0.0071175843
696,2.5901149,-0.42470718,0.66012358,510.93766,1.3071428,1.3609718,-0.0035432507,-0.018779079
698,2.4835647,0.2581936,0.38279777,515.65158,1.6015304,1.5080149,-0.036242691,0.027846609
699,4.1387548,-0.82214882,0.52386763,868.02411,1.5158364,1.5614053,0.0078245786,-0.01095202
700,1.2529527,0.039650583,2.4140965,506.54771,1.3845511,1.2474213,0.012922564,-0.032788243
701,1.3558725,-1.0404858,2.0775502,550.89887,1.5287739,1.5195191,0.015392237,0.039497821
702,4.3044839,-1.204214,0.31006471,986.63423,1.5482635,1.6151329,-0.01961433,-0.038390794
703,3.2710135,0.3675236,0.16343071,251.63334,1.6492338,1.4327177,0.010740972,0.025140826
704,2.0160742,-0.19772253,0.75281839,906.65509,1.3265877,1.7130855,0.0058194108,0.043866479
706,5.4277523,0.11768122,0.87497653,386.70744,1.5014956,1.2087786,0.0043971298,0.046164806
707,1.4682175,0.23560717,0.52215743,854.66035,1.5394701,1.6347225,0.041257344,-0.041486019
708,1.7447797,-0.93730658,0.75768459,760.2844,1.4496823,1.7310398,-0.043978843,0.0024209058
709,4.9560441,-0.23516607,2.4171123,157.05706,1.2284561,1.3160514,-0.026294277,-0.036485692
710,2.950154,-0.57270637,2.4993649,792.24518,1.5302085,1.7338888,-0.049770753,0.024810653
711,3.4835331,0.2842959,0.95732437,510.64852,1.3560158,1.5294681,0.040085654,-0.030058448
713,4.3470797,0.19678108,2.9464731,726.77994,1.6035243,1.6001163,-0.030721268,0.029177963
714,6.192887,-0.90845694,1.0490604,574.15847,1.5426337,1.660477,0.018167332,0.014909012
715,1.7744348,0.0064976416,1.7439302,781.36022,1.7516068,1.4434296,0.0025761262,0.019552572
717,1.1055978,0.65563189,2.7607746,856.48406,1.80133,1.5644218,-0.0013835755,-0.031321533
718,3.9723073,0.28910256,0.45072636,691.48998,1.5212185,1.5970547,0.031156738,0.022321033
719,1.1888945,0.35107382,1.2448826,192.76015,1.3595316,1.2328588,0.03546246,0.042182957
720,4.9979672,0.89251925,0.33620722,535.67027,1.4561216,1.5970132,0.020954035,0.0072438512
721,5.0214808,-0.12935686,2.0020642,236.00851,1.3238713,1.1895312,0.014664063,-0.024336202
722,3.8973915,-0.5182436,1.0876949,286.14,1.3601427,1.3467708,-0.030943905,-0.04715775
723,1.8687028,-0.15805443,2.5380878,609.72379,1.4768547,1.4123476,-0.027541856,-0.00072917361
724,3.9192684,0.33487937,2.7745901,581.58013,1.4443265,1.3523921,0.048151708,-0.0043881247
725,4.1567639,-0.28239245,2.738156,878.02637,1.7133611,1.3696026,-0.019088803,0.021832477
726,0.89730539,1.2758201,1.2063519,750.33483,1.502242,1.3957715,-0.022814453,0.010639972
728,2.9932586,1.1714873,1.8533176,391.13325,1.5007304,1.4604429,0.016432126,0.035248689
729,4.6030876,-0.65171698,0.29299158,564.1771,1.4735981,1.4744844,0.0068079025,-0.041689669
730,3.2892524,-1.2346311,1.2559425,494.32751,1.4470586,1.6276952,-0.033049855,0.014687492
731,0.050561623,0.48813634,1.1414901,323.27404,1.3234301,1.3277155,-0.02077425,0.047440937
732,2.0391442,0.24969149,0.5801648,685.90527,1.3714171,1.5126208,0.039270596,0.029679691
733,4.3506375,-0.18126339,0.662716,137.14145,1.3100522,1.3264192,-0.028837401,0.037416641
734,6.1663472,0.72066164,2.6016182,607.46899,1.4601279,1.5795672,0.042810418,-0.015465978
735,2.1965644,-0.19256714,1.0766985,513.19142,1.5481866,1.5195903,-0.04433521,-0.0059307878
736,2.8020066,-0.4787373,1.0062585,194.64333,1.3408403,1.476578,0.028154466,-0.034737716
738,5.6575054,-0.32502146,0.59604164,547.89106,1.5197431,1.4919112,-0.031839094,-0.0050826542
739,0.73497034,0.30797684,0.65423195,630.96525,1.3865525,1.2687619,-0.045334349,0.025017637
740,0.23397558,0.45780256,2.109041,466.20121,1.5531405,1.4081487,0.012952662,0.039545488
742,0.11436681,0.27661748,1.8403227,543.18604,1.4547258,1.5221745,0.0280871,0.025888839
743,5.8891629,-0.58286098,2.4945864,502.77049,1.350204,1.4841093,-0.033962583,0.006610204
744,6.1367767,0.83715483,2.976384,684.55035,1.4513171,1.5633178,0.027956515,0.0095311293
746,4.9895477,0.16908201,2.9078283,749.37992,1.503101,1.5046255,-0.027229287,0.0045208266
747,1.4299624,-1.0497894,2.977906,296.1355,1.387489,1.3899584,0.0049221268,0.0072909498
748,4.2038464,0.70456675,0.43691555,759.99092,1.5802801,1.5255287,0.035837393,-0.027422132
749,4.204075,0.72729416,0.75881371,482.22249,1.4843994,1.5024754,-0.037576594,-0.018942548
750,3.0487708,0.23937296,2.8634716,191.91736,1.393766,1.3560968,-0.0042366416,-0.039774098
751,2.718017,-0.50926292,2.5415379,200.63338,1.4892013,1.2560834,-0.04970109,0.047683369
756,3.398741,0.48388683,2.0628045,638.0421,1.705403,1.4778205,0.010503446,0.017349083
757,2.4539786,0.64776084,2.210683,715.63584,1.5583961,1.4909653,-0.023652077,-0.04918112
758,2.0812753,-1.0773543,0.33155964,703.55826,1.5477292,1.315514,-0.047180659,0.03562416
760,2.0482076,-0.88984479,0.5638318,516.57842,1.2124068,1.5017372,-0.034601925,0.015339321
761,4.9886076,-1.1899143,0.99542154,104.04337,1.4727203,1.380273,-0.006826798,-0.013349215
762,3.7469789,0.33835429,2.2476452,308.76978,1.6526999,1.3047331,0.003991955,-0.041598749
763,4.5670234,0.020076028,1.0540766,580.89624,1.3986467,1.473838,-0.037956402,-0.022057616
764,6.1425291,-1.0683565,2.72638,703.468,1.5579753,1.3567535,0.016052703,-0.0056469574
766,6.1932171,-0.24115652,2.7394997,889.72751,1.6376678,1.5334459,0.045575698,-0.026145335
767,1.1465232,-0.82414005,0.91534455,445.64734,1.3687962,1.3889027,0.040633924,-0.043451255
768,4.7124884,0.8546323,1.2549482,536.16969,1.3367363,1.5145871,0.035177793,0.0092457574
769,5.1838014,0.14879071,0.79241363,421.51652,1.6814067,1.3783302,-0.042955682,0.038022573
770,0.66817125,0.17468688,2.6406653,423.43742,1.2200609,1.5547978,-0.033371442,-0.019877708
771,0.43377351,0.12478112,0.17364845,485.86438,1.4625058,1.4432801,0.014861388,-0.015515648
772,2.9214697,-0.17020334,0.069256512,351.31895,1.4361484,1.428612,-0.033690102,-0.039096705
773,0.70848796,-1.0795235,1.192299,594.95097,1.3775356,1.3317839,0.025652755,-0.033641137
777,3.0308097,0.70696556,1.5360599,691.19201,1.5123776,1.4546071,0.017122651,-0.018635596
779,2.3727422,-0.61640364,0.50150444,926.15739,1.5414943,1.4640241,0.045128301,0.01855982
780,2.0157057,-0.04035714,0.89045422,188.0572,1.3448873,1.4164377,-0.01316212,-0.024975378
782,3.1007058,0.70849457,0.75136378,384.83539,1.4879581,1.4826072,-0.015267865,0.0080777927
783,3.926001,-0.47475023,2.6502892,626.22565,1.4762218,1.5916794,0.029159146,-0.003383184
785,5.8561936,1.1696952,2.058796,209.68428,1.3247252,1.36336,-0.013174904,0.0090737067
786,2.9163811,1.0604603,2.4260855,580.49528,1.1923401,1.4880797,-0.023337416,0.040901704
787,1.1886995,0.07464779,0.64092372,542.51364,1.5539963,1.5008531,-0.030959457,0.021624989
788,1.5891543,-0.6300939,2.5727748,441.36624,1.5452311,1.3756618,-0.03387006,-0.046304154
789,2.5098788,0.77930232,0.4609494,538.94408,1.3599152,1.6548419,-0.017448887,-0.023998744
790,5.0909448,1.0988705,0.31962382,295.86016,1.305331,1.414814,0.018435404,-0.0017296643
791,3.0350892,-0.25737185,2.5348367,363.16358,1.4508934,1.5218382,0.016994382,-0.029163361
794,6.0741261,-0.17107247,2.435288,734.54701,1.6764962,1.4775026,-0.046892005,-0.045058118
795,6.1045707,0.89598907,2.6803783,481.0911,1.4988504,1.6454951,0.044348372,0.030026272
797,1.9802399,-0.98494053,2.7720713,715.5782,1.5843512,1.6158003,-0.035729882,-0.043356155
799,1.3043845,-0.37811835,2.532016,849.2147,1.5974757,1.5430783,-0.04062547,-0.030724785
800,1.9025467,0.65139845,0.71017165,247.55129,1.3913438,1.4624655,0.038639026,0.048042568
801,5.0345295,-0.10528752,2.3307377,408.09125,1.4472103,1.3344506,-0.0085973089,-0.011600087
802,1.8542724,0.39302406,0.16075327,957.82991,1.5379645,1.8065271,-0.011989479,0.033678936
803,3.8054228,0.94453367,0.6000029,452.24654,1.4520572,1.3822737,-0.006300485,-0.040016045
804,0.5003835,1.1879521,0.45477358,936.92206,1.5755019,1.7007751,0.012706665,0.0034063429
805,1.5485408,-0.23339404,1.3302971,532.86129,1.5573785,1.4973737,0.031896684,-0.020852852
806,3.02959,1.4314307,2.3340038,125.26807,1.4571657,1.3654155,-0.018931503,-0.013917687
809,3.6352358,-0.81293194,1.1584001,398.19385,1.2608809,1.2248016,0.019153223,0.01524275
810,6.1681908,-0.83250762,0.43519796,292.95231,1.3994319,1.3316603,-0.042361145,0.0044165064
811,2.5626577,0.82520031,2.4868393,378.97791,1.6356863,1.3504471,-0.024873279,0.018220573
812,0.42728549,0.55629482,0.46995537,190.24937,1.4141488,1.3206897,0.047352136,0.0056501297
813,3.113215,-0.65720613,0.88103236,873.67942,1.4687553,1.4159079,-0.046150112,-0.01987765
816,2.3155014,0.84559312,0.78105664,766.75139,1.5974641,1.4605053,-0.032400287,-0.0099110015
817,1.5713505,-0.39536492,2.2994278,586.96713,1.5620452,1.2676462,-0.047930365,0.037300754
819,5.4656842,-0.65284844,1.069734,283.53223,1.4312352,1.321588,-0.0082218194,-0.025717487
820,2.8521293,-1.3246298,3.0725925,650.0109,1.4903195,1.3878204,-0.0063623727,0.023396128
821,1.2877938,-1.1114922,0.88313486,606.95583,1.6072689,1.4570804,-0.045595302,-0.014248218
822,3.8731555,0.93838776,2.6214015,868.19602,1.4562775,1.5865961,0.039685021,0.0073839455
824,0.69371957,-0.045498333,2.3505962,660.08852,1.554875,1.6931269,0.009572479,-0.0090453449
825,0.52446719,0.30259406,2.3883347,580.81782,1.368133,1.5338271,0.011071627,0.037264625
826,2.0142079,-0.46692858,0.5748315,835.13077,1.5876732,1.5206333,0.019067216,0.015468216
827,5.4056468,-1.1674217,0.79396667,600.62373,1.4872845,1.5014255,0.032976052,0.02088819
829,0.99555975,-0.049111772,2.3118729,649.87834,1.5675153,1.384071,-0.036941677,-0.026873194
830,1.4457771,0.55566342,0.56012298,786.19966,1.4678612,1.6168454,-0.042914852,0.030500797
831,4.5148433,1.4906037,1.0142377,468.62517,1.4140263,1.3950806,0.008601334,-0.02098592
832,5.3973067,0.32607472,1.2540388,455.684,1.2441229,1.5074665,0.043619579,-0.042989666
833,5.7868634,-1.2537883,0.50260776,537.26144,1.5351646,1.465506,-0.049898345,-0.012929266
834,3.1876446,1.4430621,0.33166721,755.11865,1.713957,1.4501076,-0.038072306,0.044400666
835,3.1699469,0.36732689,0.39948683,881.0496,1.6186463,1.7120418,-0.015379549,-0.033090338
837,0.40365642,0.25853386,2.5475276,628.02045,1.6124357,1.6498577,-0.015289113,-0.039550842
838,0.90182197,1.1541939,0.11681396,548.01333,1.5849012,1.5596484,0.030397556,0.015868333
839,0.86236591,0.87402196,0.35147838,388.27212,1.3151442,1.4769192,-0.0084678916,-0.030653618
840,6.1775552,0.25463683,0.46605409,880.59996,1.6973669,1.6367691,-0.021410388,0.0031995988
841,4.1694125,-1.1284753,2.9054401,545.10036,1.46896,1.387178,-0.008402643,-0.013989076
842,0.7818059,-0.31635701,2.9845668,626.03005,1.521998,1.5367525,-0.038788546,-0.001496826
843,5.1120943,0.52319575,2.707987,394.51279,1.343071,1.2596483,0.026167996,0.018141648
847,5.803416,-0.48465856,0.56294179,503.83545,1.4085769,1.5827319,-0.036728431,-0.033626699
848,4.0000223,0.11484102,2.9154594,141.1243,1.3521427,1.374385,-0.032837649,0.042354203
850,2.504986,0.4872655,0.98992459,823.71905,1.572967,1.4624409,0.016506001,-0.032832074
851,1.1223433,0.49049933,2.2762917,309.07767,1.3231568,1.7063378,-0.0053837409,-0.045004556
852,4.6372531,0.13944752,2.372541,472.29568,1.360051,1.5771627,-0.0042050541,-0.018573711
854,3.8465556,-1.1862023,0.98173155,365.3584,1.5643395,1.4236232,-0.030835665,0.048402148
855,4.7282786,-0.0031145288,2.2891987,647.02458,1.4419642,1.5375646,-0.029256063,0.011923177
857,1.6261012,-0.62986141,0.51979699,559.73673,1.365683,1.6084811,0.026448658,0.045289944
858,2.4566462,0.96791276,0.69732518,880.78593,1.6637665,1.5653505,-0.046700558,-0.0088743011
859,4.076538,0.21190924,2.3689591,699.55673,1.4812893,1.4950455,0.022676746,-0.030710717
860,5.4221973,-0.63594092,2.7314109,512.97428,1.5853104,1.4775146,0.0029736496,0.035182733
861,2.9332601,0.46758004,2.0972708,391.82955,1.4294798,1.5016397,-0.043997285,0.038872244
863,0.31435401,-0.25224728,2.0637912,414.15332,1.3496926,1.3500954,-0.047460118,-0.027789579
864,2.7406464,-0.56777879,0.13755881,442.48007,1.463261,1.3558744,0.0024020335,0.020334384
865,0.61839526,-0.10511219,0.96998769,449.54648,1.4141656,1.7191601,0.019846437,0.019495467
866,5.4863487,0.81492846,2.6819348,679.0954,1.6346555,1.5469817,0.014779648,0.022660485
867,4.2822792,0.94369528,0.53480634,612.44406,1.6465072,1.4563566,0.019311704,-0.031029436
868,2.6037028,0.3246006,0.94874394,848.1902,1.7353323,1.4717001,0.022337391,-0.029836876
869,5.705031,0.68843326,0.62244848,490.606,1.2784088,1.4219882,-0.007499913,-0.02422824
870,1.7146097,-0.60723438,2.641875,426.04309,1.5086482,1.3358396,-0.0086522339,0.035069734
872,0.10129194,-0.28381355,2.6457227,661.83333,1.4844859,1.696432,-0.016413634,-0.040991507
873,1.4291311,1.0787396,2.3494089,296.41894,1.536035,1.4826272,-0.016605952,0.031194146
874,5.5739971,-0.2409116,2.2849283,499.11697,1.5357711,1.4897252,-0.040301585,-0.027129317
875,5.8139355,0.59594597,2.843253,186.20077,1.3006221,1.4291078,-0.004872317,-0.028667837
876,6.2365982,-0.067874895,0.28054487,788.41395,1.5113643,1.4742374,0.025742226,0.047323909
877,0.55802177,-1.0070897,2.8112483,514.0137,1.4864177,1.3423601,0.026064307,-0.024348876
878,5.9646083,-1.1685886,0.75354771,475.36668,1.2913899,1.5010084,0.022172243,-0.024994425
880,6.0032704,-0.1651466,0.94058575,779.5247,1.5724683,1.7730024,-0.0066431331,0.019112356
881,4.6662334,-0.44659443,2.1380377,433.42938,1.3285928,1.4034421,-0.025238771,0.0086555583
882,0.72268876,-0.47973838,1.2917812,606.22897,1.5209763,1.4367253,-0.015137684,0.0020862838
883,0.88155049,0.92123908,2.5689598,693.58696,1.5740649,1.4940131,-0.015505126,0.010118365
884,4.3077808,0.55848585,0.52400382,613.08362,1.6715325,1.6576314,0.039144204,-0.014219808
885,2.5874951,-0.49957938,2.608077,192.90806,1.3704484,1.53015,-0.013504757,0.014593412
886,0.41834944,-0.22556786,0.74592029,482.77319,1.5654205,1.3535446,-0.0074330867,0.018370818
887,0.062304517,-0.37075442,2.6811858,473.95188,1.3076546,1.3268395,-0.020868238,-0.016330354
889,2.4716845,0.90382584,0.8442477,970.13858,1.6936007,1.5134575,0.029612581,-0.0087337314
890,2.275401,0.63249524,0.9689254,429.61229,1.52972,1.2740423,-0.024226614,-0.047965854
891,2.1585846,-1.3853087,2.2078838,98.724576,1.4816724,1.2737035,0.039751504,-0.013592611
892,0.24891327,-0.97822176,2.2893575,534.43593,1.638732,1.4958837,-0.040973307,0.024071874
893,5.7666086,-0.59422998,1.235209,104.09624,1.3707207,1.1658345,0.038182848,-0.025836054
894,2.4730814,-1.0648023,2.0731649,566.35112,1.4268114,1.4379078,-0.037091837,0.048319863
895,4.9545421,-0.18844238,2.2345747,618.73018,1.4174062,1.4498937,-0.040117814,-0.00052732235
896,5.0471529,0.46337074,1.5375411,651.73536,1.6063154,1.4666826,0.013910711,0.0285527
897,0.51392574,-1.0568731,1.9927775,832.55852,1.5815724,1.5713788,0.0083362384,0.039908441
898,5.1880126,1.1932914,2.6656051,877.84062,1.4076474,1.584451,-0.036351685,-0.029949495
899,3.4213615,-0.9820181,2.9177663,913.20625,1.6976586,1.5371704,-0.041982679,0.0064569644
900,5.8717396,0.64510212,0.9792999,452.12261,1.4914553,1.4495143,0.028578842,0.025995909
901,3.1259232,0.46341266,2.1741571,844.91081,1.6198562,1.4804703,0.049129619,-0.029030777
902,3.5787054,-0.22653975,0.47645795,513.07834,1.5078907,1.6261263,-0.047694571,0.03586808
903,4.0933634,-1.2650839,0.85566203,599.84395,1.6270736,1.7424107,0.011561488,0.038471428
904,4.00345,-0.5178734,0.69928104,619.51604,1.541926,1.3054318,0.021702941,-0.02962311
905,2.1359489,0.41552437,2.6183755,799.17016,1.6124945,1.5874374,0.024092652,-0.015199558
906,3.1104537,-0.4363395,0.40179319,991.32578,1.4636988,1.8256072,0.016380322,0.03359489
907,5.9065973,0.57112187,0.16772765,727.243,1.5307467,1.5725953,-0.037562759,-0.046013498
908,1.2695373,0.89417336,0.43531161,622.22204,1.6235401,1.5414667,-0.049848018,0.029365384
909,5.2380121,0.1075653,2.9845308,413.60365,1.5275403,1.4425254,-0.014955605,-0.033138847
910,5.4648225,-0.20265699,2.0915336,517.04554,1.4169017,1.7545403,-0.048578579,-0.0067708367
911,5.7091658,-0.49435313,0.72743646,825.04326,1.5309987,1.4047979,0.029587239,-0.037555597
912,0.87101604,0.053958939,0.70682633,266.49044,1.5818393,1.4922966,-0.03002105,-0.016696509
913,5.1099141,0.77573049,0.58506732,655.27526,1.5330121,1.769842,-0.012303204,0.0051723919
914,0.52516432,-0.49714511,2.8516245,941.62522,1.6443211,1.5832136,0.023891086,0.0049820658
916,3.5334497,-0.9017625,1.8903837,217.70764,1.4042662,1.3883362,-0.047003398,-0.03167362
918,1.0342023,0.12040913,2.492056,729.14126,1.5855874,1.6649288,-0.026906823,0.0028677372
919,5.6125044,-0.14722856,2.5203253,608.61427,1.6466884,1.4164902,-0.023491949,0.043205496
920,4.9223984,-0.22070167,0.59009959,715.01327,1.5936435,1.3572916,-0.043893309,0.0068933928
921,2.8391118,-0.08022628,1.0813229,639.92773,1.5083578,1.6924656,-0.042243888,0.042598095
922,3.8075174,-1.0111824,0.83526334,507.15044,1.5083285,1.2951327,0.03302207,-0.046550876
923,0.079451461,0.54584768,0.41243959,403.95091,1.362189,1.3071094,-0.0031317339,-0.035630529
924,2.1712046,0.07168791,0.2594322,892.11094,1.4049134,1.5433684,0.022318176,0.016838143
926,5.062535,0.16714615,2.9061858,823.521,1.4708012,1.6476435,-0.048466612,-0.033537714
927,5.0969777,-0.71921615,2.7960134,847.68806,1.4854762,1.5736985,-0.024930315,-0.047583838
928,3.286479,-1.0178682,0.24535869,654.27612,1.4631578,1.5424667,-0.048287107,-0.00012802494
929,5.9263177,-0.6170354,1.2782213,474.67307,1.3843364,1.3486267,0.0090597472,-0.045025222
930,5.9550305,-0.026803441,0.44762576,869.70214,1.5242533,1.7773185,0.049309237,0.014941451
931,3.7143841,-0.13865599,0.27417178,985.03197,1.4908601,1.6540902,0.016509061,0.037616626
932,3.1398039,-1.375413,3.0024256,460.49617,1.6307341,1.275909,-0.030006378,-0.011792204
933,5.0161259,0.35873024,2.1189804,164.15848,1.2424399,1.2861358,0.0020534579,-0.033033011
934,0.67412597,-0.0084004781,0.24746799,797.85612,1.5628272,1.470488,0.029255144,-0.031930119
936,3.0079439,0.75867914,2.6111203,582.95053,1.6760659,1.5564394,-0.0024352149,-0.0088217055
938,4.9209373,-0.52126345,2.4953445,853.2174,1.6391127,1.7367771,0.004602361,-0.021911646
939,4.4122345,-0.40033202,2.7439907,516.60072,1.556997,1.4316345,0.025251617,0.022715393
940,5.1390544,-0.88800562,2.192258,754.58511,1.6943084,1.5440598,0.010664772,0.0017659213
942,2.2549145,-0.84473024,1.7114982,542.91986,1.46868,1.5332133,0.041354528,-0.032926269
943,3.2034944,0.26003011,2.5983924,996.25926,1.4907716,1.6108578,-0.015214313,-0.02650466
945,4.2988447,-0.23598558,2.3771332,242.85009,1.5603681,1.4166199,-0.041260458,-0.021721747
946,2.8780184,-0.34659488,2.3043534,835.2463,1.4755603,1.511409,-0.010532212,0.044312675
947,5.5701733,1.1128885,2.3117455,553.39406,1.5043207,1.4547622,-0.026408165,0.0064618882
948,2.8313326,-1.2557566,1.7257626,497.61319,1.5376272,1.3869497,-0.037867976,0.036071904
949,1.2277688,-1.2797287,2.4524169,608.70098,1.2811717,1.330164,0.028982033,0.01309773
950,4.0625031,0.96700836,0.7278669,734.95391,1.4853149,1.4988856,0.039041448,0.029485311
951,1.8133047,0.84310572,0.47635591,257.37115,1.3872112,1.3473527,0.019559297,0.028102051
952,5.1174116,-0.14847987,0.48590613,601.52621,1.4875183,1.4921772,0.0025958828,-0.038201029
954,4.6884729,-0.5739094,0.042578744,432.43438,1.3924159,1.5472252,-0.023560556,-0.03767542
955,1.2226766,-0.6999154,0.46527693,850.78118,1.7025303,1.4885977,-0.02607386,0.03679084
957,1.7117033,-0.59483442,0.93257269,218.18561,1.4570767,1.2367697,0.045736133,0.031180466
958,3.2485815,0.58143314,0.60183286,831.46323,1.5253174,1.5044738,-0.048902454,-0.011923814
959,3.6183502,-0.79540069,2.2154482,596.81589,1.6401937,1.6163484,-0.0044779772,-0.047096945
961,5.260445,0.82568114,0.77571877,267.3853,1.3666925,1.414767,0.042188516,-0.019143493
962,5.3677933,0.8151625,2.1971823,556.66477,1.2976124,1.5975556,-0.029272845,0.0042993476
963,1.2519751,0.43482203,0.39456511,963.38286,1.623721,1.7069697,-0.017561205,0.0041968068
964,3.0701473,0.58863207,1.0759572,444.46808,1.172203,1.4129944,0.02443853,0.033924648
966,4.966893,-0.89549872,3.0224903,959.2791,1.7397962,1.6367858,0.0032074404,0.045026677
967,1.108565,-0.25450194,0.17080311,721.46414,1.6898169,1.4841266,0.038557652,0.0195842
968,1.7857554,1.1775856,2.4965131,747.74769,1.6592725,1.4124776,-0.03791651,0.01943623
969,3.3209341,-0.75363053,2.5153165,984.31187,1.6548717,1.742229,0.041227397,0.003863076
970,5.7718801,0.34353501,0.91153712,476.64317,1.4177984,1.4859191,-0.030312635,-0.015837966
971,5.9234775,0.13904522,1.1942367,260.82835,1.4551388,1.2767211,0.002280681,-0.002960517
972,5.6655216,1.5497327,0.45698649,775.21837,1.4273612,1.5279242,-0.032956656,0.043612058
973,3.8391827,1.2200138,0.80733172,572.54828,1.2863233,1.6251477,-0.039780484,0.028123112
974,4.5086652,0.54118929,0.35740486,618.13223,1.4989719,1.6303168,0.0089349157,-0.0092681284
975,0.39437947,0.21661165,2.7375577,716.14814,1.654222,1.6170258,0.039204786,0.042939009
976,4.6664809,1.0252891,2.093394,853.59701,1.3578264,1.6008153,0.02193324,-0.026733694
977,5.3126816,-1.2809197,0.55766206,689.44219,1.3962031,1.4323549,-0.034342086,0.043688266
978,4.0609645,-0.12072892,1.4781941,161.44583,1.4275021,1.342414,0.0069822314,-0.033180545
979,5.9088028,-0.95764365,2.0613208,532.61191,1.5985306,1.3807341,0.035104745,0.026548264
980,2.6470879,-0.070514664,1.3324145,215.49466,1.4793727,1.4235314,0.042111114,-0.017114032
981,4.2477613,-1.3230697,3.0471495,584.47888,1.5296415,1.4723648,0.028369371,-0.0097622278
982,4.4204226,0.57373433,0.52677437,530.61381,1.6480533,1.4100024,-0.025834213,-0.03799193
984,5.3001267,-0.46032951,2.4095104,403.8643,1.5342547,1.3242509,-0.04432359,-0.04895188
985,0.42701144,-1.4275308,1.9636549,415.16357,1.5003883,1.3497538,0.014370348,0.039414151
986,2.7092435,0.33471358,2.0546562,421.15032,1.6769446,1.6165417,-0.0099426326,0.036843006
988,0.022277967,-0.85244173,0.53870888,881.70602,1.5850784,1.5656438,-0.0062031729,-0.044580258
989,0.10286041,-0.82250784,1.3008146,382.69453,1.4298956,1.5066846,-0.019644186,-0.024510125
990,5.6709031,0.44863257,0.94798154,804.62391,1.353011,1.5283051,-0.045256183,-0.018065296
991,4.1007498,-0.48814869,0.53784607,165.94924,1.372115,1.4474684,-0.022503905,0.025631116
992,3.1876134,1.0752572,0.38916315,468.51897,1.4356784,1.5374403,-0.004133861,0.0041052922
994,6.1607441,-0.34158866,2.465897,602.46796,1.4604242,1.3909845,-0.023044448,0.026927882
995,0.032689122,-0.69504396,0.73898429,462.64574,1.4352401,1.4716924,0.0061114887,-0.037027442
996,1.4580491,0.28630665,1.1199239,966.39233,1.5528195,1.5477891,0.010466896,-0.029148882
998,0.46585365,0.13811843,1.0815673,345.223,1.4819968,1.3621015,-0.026939269,-0.01085993
999,1.6319437,0.96296928,1.1425455,333.40012,1.4626895,1.4227292,-0.044183245,-0.010760006
1000,2.8494198,0.25303275,2.2963027,829.77069,1.4046556,1.7475791,0.028151711,0.0050956832
1001,0.33954928,1.203074,2.7872733,786.51405,1.6078097,1.594933,-0.045019475,0.020092194
1002,3.8947745,0.90669192,2.328678,318.36276,1.3660159,1.5212912,-0.0053893762,0.039802147
1003,1.9630449,-0.098564382,2.5554346,688.83941,1.5414508,1.6019155,0.018259253,0.026644309
1005,1.7403871,0.51061715,2.8427003,924.01054,1.519482,1.5635186,-0.039519964,-0.047030958
1006,1.3007455,0.79654167,1.0470397,35.738699,1.3458565,1.3304145,0.019674281,0.047439262
1007,3.2281346,0.68381181,2.0932732,391.75026,1.483427,1.469086,-0.010541073,-0.03418081
1009,0.049508846,1.1615808,1.0630603,478.51838,1.2982266,1.5038065,0.023860047,0.026570771
1012,4.4915297,0.936592,1.0520762,476.73265,1.5314908,1.5451292,0.0074277393,-0.042304937
1013,3.7368249,1.2521024,0.96708427,377.24681,1.3856576,1.4494001,0.02873903,-0.0013604875
1014,2.6173521,0.69245469,0.49880601,898.56258,1.4738048,1.5823703,-0.0024785025,-0.023177479
1016,0.95335332,0.70603386,2.0446906,614.13045,1.5023384,1.5879941,-0.00046854815,-0.045751467
1018,1.7648293,-0.01808053,0.77786955,118.73644,1.3523175,1.4245301,-0.022692201,-0.010598911
1019,5.6081981,-0.89918978,1.2188134,211.22997,1.3531907,1.5334341,0.019340968,0.041564811
1020,0.86267889,-0.93913596,1.8285743,204.31632,1.4773575,1.4368645,0.02676996,0.019811405
1022,0.41512353,-0.36191441,0.62559847,939.89327,1.5654692,1.6026505,0.032061903,0.040911527
1023,1.2775695,1.0468817,2.2006879,499.2647,1.5113901,1.4308147,0.045235982,0.033813705
1024,6.246545,0.2240924,0.45785873,483.03366,1.406331,1.3768996,0.028713646,0.01799139
1026,5.4847279,0.39814444,1.237126,533.32996,1.5545385,1.4722901,0.015836833,0.04382035
1027,2.7127737,-1.0380389,2.6628429,776.00552,1.6724883,1.5963815,-0.013403842,-0.0021905156
1028,2.7729255,-0.75816191,0.80177452,308.83895,1.5489891,1.3208637,-0.019004692,-0.033868224
1029,3.4948706,0.014564299,0.64286345,242.21091,1.3481249,1.3232258,0.037787626,-0.030253095
1030,1.5612782,0.045784316,0.20342614,911.43928,1.5612963,1.6050539,-0.028826324,0.020264029
1031,0.65249911,-0.65226209,2.2538487,227.95141,1.3296172,1.5089592,0.03115361,0.0060657309
1033,3.9802556,-1.179107,0.21326268,895.68427,1.4218606,1.4024581,-0.010323474,0.029595354
1034,4.8492555,-0.51718986,2.8280914,832.40545,1.4980354,1.675105,0.029024958,-0.02691264
1035,2.808269,0.81019578,2.7119651,636.57732,1.6094096,1.5808264,-0.034850079,-0.038070954
1036,5.3219903,1.2252414,0.5992135,277.45291,1.419592,1.3721486,0.047429667,-0.040665667
1037,1.0273358,-0.22569289,1.1674596,516.31839,1.4744502,1.6370484,-0.0063030027,0.018844547
1039,3.2889634,0.96155487,0.82964546,769.05056,1.4948821,1.6236369,0.015867235,-0.043043045
1041,0.95478597,1.1958338,0.539549,751.02042,1.4660677,1.7615949,0.012487184,0.0053318269
1042,6.003803,0.86589566,0.80367073,489.34716,1.5133409,1.5041101,0.018014795,0.019328124
1043,4.7200423,-1.0135086,1.1266067,192.8094,1.3070876,1.3893331,-0.014930901,0.0094657772
1044,0.4119193,0.90935575,1.6073926,220.14001,1.3699489,1.3685061,-0.018634907,-0.036281676
1045,0.30871857,0.66017305,0.34321899,961.79547,1.6002983,1.5078928,-0.037795425,0.0062545033
1048,0.3792348,0.14718018,2.2954523,322.64191,1.3800367,1.4993671,0.02840428,0.019644704
1049,0.99836536,0.55574987,0.51317629,595.80431,1.5471935,1.362661,0.020609427,-0.027746652
1050,0.74131901,0.78147487,0.39588167,135.40179,1.3706984,1.4028289,-0.012955075,-0.021511121
1052,3.3029471,-0.14911779,2.585633,291.22265,1.5439187,1.3639607,-0.037206554,0.047641242
1053,4.494202,-0.28917493,0.8552004,360.44009,1.5037204,1.3181042,-0.027285525,0.030136766
1054,3.5421667,-0.91060305,2.097482,349.95445,1.3898953,1.5772845,0.032615259,-0.044898533
1055,2.7806761,-0.049512141,0.5965784,893.40595,1.4031559,1.7101037,0.028763249,0.0445891
1056,1.3083029,0.16062002,1.1500034,313.65948,1.4337666,1.2215835,-0.0059289765,0.026649591
1058,5.2202769,-0.70669384,2.8481779,554.82471,1.6545081,1.5509906,0.03833726,0.015323122
1060,2.940287,0.1159581,0.65536085,480.36905,1.5317348,1.1900232,0.0088858763,-0.04225975
1061,3.9944638,0.36816114,1.3519795,387.28382,1.4515537,1.4790093,-0.018542288,0.012508591
1062,5.8541683,-0.459558,0.83002304,767.68501,1.526544,1.2174607,-0.0070199754,0.0078690144
1063,5.1399869,-0.60317064,2.2409911,772.87608,1.7977111,1.5558391,-0.049127187,0.001065122
1064,3.5822059,0.52631465,0.98338391,303.33072,1.3263812,1.564302,-0.021236222,0.0075669877
1065,2.2552771,0.98480523,2.6728267,439.67752,1.5001468,1.4400128,0.004241803,0.017915319
1067,4.0973885,-0.51131061,0.39652326,785.06348,1.788583,1.4790713,0.02919548,-0.038090752
1068,2.8839585,0.09826981,2.38407,513.92096,1.4831139,1.7368626,-0.043287017,-0.046492024
1069,2.0765564,-0.49316374,2.8660824,720.2527,1.4925191,1.5222028,-0.015952874,-0.023339435
1070,5.5867893,0.41752989,2.1315175,480.81792,1.5194254,1.3812125,0.02455994,0.0016783356
1071,3.1539391,0.42369543,0.70589505,835.0183,1.689534,1.6401345,-0.024902966,-0.016076548
1072,4.0490076,0.75758542,2.1349018,210.21739,1.3373272,1.5246576,-0.028066029,-0.035772962
1073,3.7949472,-0.40408924,0.18027983,931.60587,1.6271024,1.707772,0.04858181,-0.02061575
1074,1.6955381,-0.84918147,2.6139314,675.80795,1.5524888,1.6634854,0.012728487,-0.048711918
1075,4.8189661,0.29671235,0.37366339,989.2756,1.6052899,1.4063231,0.046658692,0.022142954
1076,5.6203217,-0.20914581,1.3827469,320.63973,1.2855285,1.469517,0.0076227558,-0.0044375421
1077,3.4853797,-1.0166553,2.7030378,803.79044,1.4188425,1.4432276,-0.013941677,0.03437057
1079,5.305286,0.46594726,0.39647143,640.48103,1.5662773,1.580822,-0.040201557,-0.044393293
1080,2.0079587,-0.32507855,0.4168546,518.64991,1.3803328,1.3479732,0.031932307,0.039540051
1081,5.5760669,0.57491551,0.44726768,317.52519,1.3595787,1.3098059,-0.047674089,-0.015641735
1082,5.8665799,-0.32097523,0.45768538,543.23421,1.5465245,1.3701711,0.012098243,-0.012954033
1084,4.1563435,0.50577215,2.623216,819.86186,1.6643029,1.5700209,0.035478197,-0.0041848957
1085,5.5575154,0.42379604,2.2548495,389.3528,1.4479306,1.4739694,0.01181773,0.047044064
1086,5.5135642,0.46665823,1.8634439,370.83482,1.32425,1.457345,-0.041321401,-0.029035622
1087,2.780018,-1.3736208,1.0800387,810.65293,1.5499014,1.3012235,0.045470547,-0.00095376945
1088,3.0820674,0.35078806,2.5407662,704.06072,1.5189059,1.3105051,0.035821006,-0.038222929
1092,1.3113467,0.36468563,0.42987206,328.36326,1.5264078,1.5053672,0.040010105,-0.044144093
1093,1.5228929,0.09064833,0.86024743,547.35302,1.4475205,1.569771,0.027878257,0.022523217
1095,0.91564622,-0.73804944,2.4501991,150.19101,1.4024819,1.352586,0.030278232,0.036113575
1096,4.2655128,0.044213602,1.0813016,393.82161,1.5884714,1.4408229,0.0077033499,0.0050694557
1097,5.5892698,-0.89203308,2.6432479,235.54248,1.5056085,1.3681536,-0.029830177,0.043756264
1098,1.3263372,0.085934094,0.44281464,805.62592,1.3468511,1.5080277,0.037209749,-0.032479161
1099,1.1514064,0.10509222,2.2602022,472.64433,1.2991553,1.4204991,-0.0036947042,0.04964484
1101,3.4044069,0.80060738,2.1978563,497.33681,1.5453153,1.4067221,0.026935381,0.00547604
1102,4.3227866,0.50959955,2.7336231,639.00287,1.3911391,1.4950339,-0.017698673,-0.027297767
1103,2.0241551,-0.65329864,2.5835132,235.90177,1.5386641,1.399582,0.023944504,-0.0027273422
1104,4.5036982,0.96622045,2.2151847,129.55711,1.3918994,1.3096517,-0.046205544,0.037839213
1108,4.7754724,-1.1819997,0.57394622,855.57825,1.4908124,1.5800999,-0.04294722,0.037288485
1110,5.7640034,-1.0637722,0.6695219,823.90814,1.5286931,1.5647216,0.030623434,0.039994096
1111,1.9562875,-0.91244284,1.9031426,495.48035,1.3320575,1.5298098,-0.04494289,0.01646824
1112,6.0978907,0.49289602,1.6764188,62.648321,1.4265877,1.3663632,-0.034820653,-0.0037056736
1113,0.0028117655,-1.2371034,0.47736186,518.08452,1.4865069,1.6192282,0.01366151,0.011455013
1114,2.7367979,1.0311599,2.0465278,469.32056,1.7554608,1.432907,-0.00058381505,0.035927261
1115,3.728472,-0.99822668,2.0572582,562.16241,1.6044958,1.528288,0.0084515389,-0.042291772
1116,6.2001642,0.81460651,0.74397929,349.25827,1.4624265,1.4336959,0.023159886,-0.041098665
1117,1.1757936,-0.26755855,2.750832,823.07153,1.5122314,1.7854032,0.049750263,0.012636893
1118,0.81450487,0.79278935,0.91103142,489.05452,1.4250123,1.5168615,0.041183774,0.039064153
1119,5.9101171,0.84601175,2.4191691,327.21434,1.6548782,1.4639003,-0.020782418,-0.022406061
1120,5.2466487,1.4256882,2.5937343,679.43336,1.4930153,1.5632128,0.021732935,-0.018145458
1121,3.240797,0.12950599,0.91056711,799.99117,1.5589676,1.3474942,-0.02315546,-0.020299205
1122,0.79661452,0.58974159,2.0978594,543.38193,1.6270865,1.4784828,-0.0043920486,0.044136747
1125,3.2507871,0.5235196,2.2074508,398.15226,1.454009,1.4672131,0.028871829,-0.019213103
1126,4.9394662,-1.2574845,2.1194278,217.0504,1.4426874,1.426321,0.020273244,0.037636952
1127,4.8820993,-0.59123595,1.7123471,209.31136,1.4147615,1.5416566,-0.031983829,-0.047049097
1128,2.6614209,-0.75598406,2.6869478,424.13019,1.5389958,1.4850387,0.010704142,0.009214157
1129,3.1375835,-0.40954799,2.8218868,592.2228,1.5272208,1.3559153,-0.014587086,-0.042284676
1132,3.4614474,-0.95697337,0.87598004,525.1072,1.4572835,1.2699742,-0.011629401,-0.0077840936
1133,0.87344348,-0.70083191,2.535396,685.38097,1.6630914,1.687822,-0.011107488,0.0014161496
1134,3.0003892,0.70348309,2.4184343,531.17018,1.5186556,1.4572304,-0.04833221,0.019759856
1135,1.7655526,0.86771735,2.8619261,694.78949,1.5519425,1.455654,-0.046617695,-0.019316557
1137,3.1402561,-0.98280858,2.1390766,702.15066,1.4020331,1.6290577,0.041151121,0.044567538
1138,2.4752648,0.54133871,0.35031602,291.65553,1.544177,1.5044161,-0.0033757659,0.018313418
1140,2.5970399,-0.19635594,0.80836218,570.15669,1.5877164,1.6507499,0.0033530811,0.045949916
1141,4.2805616,-0.34375265,2.6017888,430.1043,1.512253,1.6719238,0.0067547966,0.034937098
1142,4.6525604,0.0025019023,2.3569762,887.86,1.6799794,1.5410262,-0.015303618,-0.0087909634
1144,5.2339632,0.7696448,0.5964163,358.20002,1.5393626,1.4359444,-0.014537099,0.0030836404
1145,4.4387918,0.63754393,0.80393331,115.76561,1.4301779,1.297425,0.043127088,0.01292427
1146,2.2629462,-0.055890156,2.3491026,938.22321,1.4541796,1.4805998,0.026501355,-0.006817092
1147,3.0742806,1.106265,0.54786271,735.58861,1.6157081,1.4813608,0.039956048,0.035203397
1148,5.2851437,1.17142,2.5775749,886.66986,1.492705,1.6504134,-0.030576511,-0.049736325
1149,1.6160415,0.7600351,0.68381372,786.06547,1.4447885,1.5405822,-0.018686822,-0.023854676
1150,6.2557312,0.25382578,2.7268586,193.47613,1.302686,1.3686481,0.042901701,-0.044706643
1151,4.0651543,-0.19386686,2.6670351,452.05649,1.436004,1.4755702,0.027693424,0.00038711537
1152,4.9433242,0.073235232,2.5022173,961.09954,1.416034,1.5889518,0.026252435,-0.0069587313
1153,6.2639466,-0.96498158,2.329327,882.02808,1.7652373,1.669069,0.049677618,-0.040102328
1154,2.0916139,-0.49472148,2.57223,449.05247,1.3720652,1.6593619,-0.014955258,0.027487627
1156,2.1823976,-0.079308782,1.6306751,161.02689,1.4904156,1.3475885,-0.03874814,0.044706017
1157,4.3553358,-0.65797843,1.0221324,230.52392,1.3083373,1.383538,0.030771959,0.027803189
1158,5.8023617,-0.82187191,2.2322433,988.10603,1.7297077,1.4937412,0.010567091,-0.00101876
1159,1.0203967,-0.97230183,1.1289707,712.16399,1.619819,1.6160443,0.027619265,-0.025398754
1160,3.4523528,0.81876467,2.5360393,477.82982,1.3163769,1.3609419,-0.029092338,0.0039786061
1162,5.9318559,0.72680779,0.63872174,766.75921,1.7389734,1.4677726,0.048408012,0.0015043264
1163,2.5504348,-0.051897912,1.0282759,377.39332,1.4788933,1.3759328,0.030429076,0.04890401
1164,0.11738859,-0.9915491,0.55882556,921.51647,1.7326217,1.6395332,-0.020481529,0.014455891
1165,4.2270553,-0.091311104,2.0843822,96.897719,1.3319795,1.3134966,0.043189416,0.022968183
1166,6.2398825,-1.106721,2.6274005,290.796,1.3819166,1.3754146,-0.0039967551,0.032886669
1167,5.756697,-0.50446959,0.30717814,673.50284,1.7067603,1.3762115,-0.014140092,0.0070144461
1168,6.239143,-0.53150065,0.64160432,714.45795,1.4759249,1.3050314,-0.0031844818,-0.041257915
1169,4.9193745,0.65592707,1.1083054,289.88359,1.453655,1.4467888,-0.027145256,-0.049443683
1170,4.4627148,0.75078705,2.2916597,722.30349,1.6837991,1.5374133,-0.031393383,-0.0079149005
1171,0.97811714,1.0022276,0.99124928,459.68478,1.4617292,1.574046,-0.02992535,0.029588324
1173,0.79884995,-0.1568506,0.28181266,472.58437,1.468782,1.5623588,-0.0081758247,-0.0091978937
1174,4.0681176,0.55320355,2.2288743,204.25113,1.46433,1.3670465,0.0060480978,0.03413465
1175,1.1426799,-0.040609134,0.66103817,580.04115,1.3687086,1.5263724,-0.04376244,-0.0089634981
1176,5.1636603,0.65679725,1.3358716,195.41888,1.181603,1.3703773,-0.015327487,0.038802279
1177,1.7224173,1.1818987,1.5955383,480.80532,1.5411427,1.4606991,-0.010318815,-0.020244372
1178,5.9857805,-0.70356674,0.16395632,522.39244,1.4553676,1.6669638,0.0038910839,0.018467173
1179,1.6267613,0.88864839,2.8815404,445.31539,1.3767919,1.5261538,0.036347663,0.049425078
1180,5.9605692,-0.37815076,2.5910516,488.41888,1.4597901,1.650337,0.0081670902,-0.027826176
1181,2.6138253,-0.9261051,0.41636416,756.98941,1.4200064,1.5557487,-0.037386734,0.042779873
1182,2.6480791,0.27942263,0.840876,109.81222,1.272214,1.3592431,-0.0092993347,0.020696487
1183,1.4397962,1.3486333,2.1035457,554.14336,1.4719667,1.6206628,0.0071896964,-0.037838226
1184,2.9905599,1.0698275,0.75720371,479.81482,1.5337548,1.4971782,-0.043787551,0.010604131
1185,1.8121954,0.72323027,2.5028133,937.6441,1.4931978,1.7530142,-0.012952481,0.044237787
1186,2.6643905,0.063578924,2.532585,275.95133,1.5739726,1.3816938,-0.024652296,-0.024275596
1187,3.7225661,0.66851686,2.386114,434.86412,1.3958713,1.4132859,-0.011554854,0.04519977
1188,4.3013162,0.78784684,1.8282853,385.05542,1.483889,1.4356179,0.044303068,-0.011362859
1189,6.0073953,-0.15199522,0.97516802,124.51357,1.3138381,1.4064259,0.0029360183,0.0078371547
1190,4.3407795,-0.11044757,0.35705017,300.8199,1.2453779,1.4319549,-0.034979646,-0.0015765781
1191,6.0026982,-1.0844073,0.59887934,449.58621,1.5362601,1.3525823,-0.041031362,-0.0047453913
1192,2.5051832,-0.98284265,1.3629954,237.90384,1.2569669,1.1932857,0.0066601257,-0.039550854
1193,4.2384796,0.1979559,0.49080676,792.043,1.5871826,1.4320828,-0.027010346,-0.0031919608
1195,4.6090604,1.3648727,0.94593613,677.57872,1.559526,1.7160656,0.021449929,0.011966644
1196,3.438492,-0.43653617,2.2878614,725.95416,1.3489675,1.6922126,0.028299015,-0.031184754
1197,0.70137944,-0.5560373,2.6177396,392.1447,1.5668664,1.395726,-0.010828456,0.026810252
1198,0.15740135,0.86981113,2.4720385,274.89706,1.4164915,1.5392205,-0.0065330719,0.036164459
1199,3.0656681,-1.2946427,1.2554413,257.41808,1.3528797,1.4207564,0.024221669,-0.033811167
1200,2.9941431,0.9218631,1.9623413,424.27495,1.3597906,1.3647866,0.041996266,-0.0073293009
1201,1.4473884,0.34943455,0.7432823,591.5128,1.6837876,1.4009247,-0.024968966,0.030345134
1202,4.7950227,1.0308703,2.7175394,899.10731,1.6307239,1.4757066,0.024749319,0.03954481
1203,1.9042708,1.2317568,1.2970913,595.9066,1.4990364,1.61329,0.035940396,-0.0015119027
1204,0.20120146,-0.69623541,3.1065843,939.87332,1.5674922,1.6844858,-0.023545886,0.020388022
1207,1.7917921,-0.96690385,2.2304216,536.12521,1.5069224,1.2516517,0.010346839,0.034475279
1209,0.00097764429,0.75976327,1.6477019,283.9594,1.381112,1.4191328,-0.011648728,0.016181573
1210,1.9755342,0.43686781,2.9048792,979.66177,1.7112577,1.6294952,0.02930259,-0.017958389
1211,1.1023594,-1.2840525,0.48936793,414.35033,1.4121486,1.4399504,0.0022749169,0.021027706
1212,2.4605821,0.25849103,2.8617027,591.03788,1.5143131,1.5290097,-0.014164345,0.00054095781
1213,5.5418837,-1.2223319,0.56226738,679.26527,1.5391542,1.5060887,0.027497848,-0.044892218
1214,3.1832826,-0.11495975,0.87769451,409.96401,1.2800076,1.3266621,-0.045482203,0.0034035142
1215,5.7851083,-1.3758005,2.1003483,255.66951,1.4255135,1.4644133,0.023116969,-0.041396714
1218,2.0173084,-0.1770738,0.57613666,729.8763,1.619637,1.528901,0.041451883,0.011898166
1219,0.15713635,-0.096246684,0.45782125,469.99511,1.4015878,1.3273792,0.049776376,-0.035083181
1222,0.81392911,-0.94443823,0.70283157,360.47498,1.5446367,1.5960844,-0.0068930906,-0.0139129
1223,3.0722958,-0.81353033,2.5851111,536.26245,1.5480586,1.4575895,0.014098234,-0.019747648
1224,3.4577257,-0.3669418,0.41425336,607.94066,1.4572959,1.587957,0.012000433,-0.01025099
1225,5.3907133,-0.52032587,0.42783742,624.9731,1.4626129,1.4678385,0.012428476,0.039126422
1227,2.3206783,0.9498918,2.4219868,636.37689,1.6070505,1.5852231,-0.03881424,-0.020265506
1228,4.532684,0.32037181,1.9052592,247.61791,1.233798,1.4153975,-0.047327397,-0.027457599
1229,0.16950202,-0.028419817,0.3389259,421.94703,1.5131098,1.5848687,-0.038909714,-0.02944358
1231,1.3625207,-1.2498731,2.4328273,448.60207,1.4585871,1.498698,0.0093794739,-0.046473267
1232,4.9592471,0.66886768,0.54824653,553.15076,1.4630307,1.5376073,-0.035047844,0.017025098
1233,3.1545071,0.49906865,2.3052368,188.15058,1.5094981,1.4432358,0.028454888,0.028990724
1234,2.2992214,1.207167,0.64131788,671.09613,1.4984818,1.5611471,0.030531999,0.025830236
1235,1.9327632,-0.053886614,0.4365874,685.30153,1.5488416,1.4250895,0.007383764,0.0076105012
1236,3.8932864,-0.2252453,2.3305197,831.77394,1.5397024,1.639472,-0.04218287,0.027152233
1238,2.8984332,-1.2050447,0.3719996,772.44091,1.5501705,1.5477926,-0.048826868,-0.0011103943
1239,2.287185,-0.61119144,2.3787381,330.84444,1.4749366,1.5548846,-0.0072355689,-0.03399273
1241,4.5367814,0.49797447,0.72513523,468.15891,1.5460794,1.4475907,-0.046597231,-0.0028296385
1245,1.9574679,0.37156662,0.60469033,634.93878,1.6926504,1.5970624,-0.02800972,0.032016808
1247,1.8256037,-0.028593723,2.7303377,782.05322,1.4362448,1.5184714,0.018358548,0.021303146
1249,5.3492571,-1.0487985,2.3026835,828.38704,1.6314383,1.419585,-0.011784208,0.003476584
1250,2.4961618,-0.70917324,2.8611368,825.56974,1.5328587,1.5375032,-0.046002698,-0.0014017576
1254,4.1427515,0.93311196,2.7496638,470.39337,1.4883603,1.4700871,0.027128218,-0.01921969
1255,0.63817529,0.14743082,0.55433483,263.94518,1.4638652,1.3683456,0.015508161,0.018865487
1256,6.2208208,0.46842671,0.32457779,873.99997,1.5808441,1.5032069,-0.0064833189,-0.034483204
1257,3.5148604,-1.041635,2.2246591,166.11675,1.4209197,1.2019834,-0.022458629,0.0041793448
1258,2.4902275,-0.73062257,0.61801833,774.09194,1.4830736,1.4402596,0.011729861,0.044731425
1259,1.0173126,-0.9443076,2.3070993,507.27413,1.4832463,1.5677881,-0.0083468123,-0.015164063
1261,4.2093417,0.2733426,1.8892198,485.22233,1.534305,1.6952417,0.045497805,-0.038499706
1262,4.6637442,0.28935017,0.6356586,498.4126,1.4311242,1.4694356,0.0030203896,-0.020956317
1264,1.8941213,-0.28477696,0.43114554,650.4882,1.449734,1.5445983,-0.039671062,-0.027503
1265,0.17279129,-0.36911241,0.43252938,639.78344,1.6406228,1.6332191,0.016225326,-0.044057928
1266,2.0602542,0.91337996,1.0029866,236.93205,1.5030913,1.5183428,-0.039957973,-0.0028219946
1267,0.61868874,0.51292944,3.0048781,348.24954,1.3587477,1.4170903,-0.035750846,0.042045044
1268,5.2811978,-0.48701023,2.3162343,684.70177,1.3226139,1.5532544,-0.013582304,0.038082026
1270,4.2626117,0.28008393,2.0806149,421.36306,1.581116,1.3486548,0.046640546,-0.026965987
1272,5.2707104,-0.74232876,2.3560758,535.00225,1.5516382,1.4824018,0.009123628,-0.0061329122
1273,0.070321476,-0.93547075,0.7201249,254.01361,1.4712818,1.4249622,-0.022853809,-0.036475596
1274,4.8974639,0.80292527,1.0251364,823.07656,1.5367623,1.5930768,-0.017516297,-0.010051347
1275,0.10170462,1.4882465,0.75160637,602.95658,1.4004453,1.5565653,0.014619634,0.046376244
1276,0.85274862,-0.92828118,2.0443739,524.93783,1.5234343,1.5379704,0.017835778,-0.010006275
1277,2.1777582,-0.76711451,1.5695873,368.93471,1.5354018,1.4815765,-0.029112374,0.025430153
1279,4.7572149,-0.35797457,0.52190252,452.13672,1.4527899,1.6042811,-0.016072897,0.039888399
1280,3.9351181,1.2343011,0.87330881,861.79649,1.7463386,1.6962137,0.048563167,-0.042077198
1282,3.4863898,1.4186559,2.5950137,730.96314,1.5396348,1.6079386,-0.023054873,0.016620554
1283,4.0175053,-0.76308611,2.843962,842.06701,1.7490643,1.6872291,0.039282256,-0.016601059
1284,4.7120898,-0.42917229,1.1871196,221.84631,1.503991,1.3078174,-0.015713829,0.047147869
1285,1.4634314,0.97404623,0.35073111,689.50151,1.5800429,1.4469109,0.02207388,0.04614428
1286,3.3184769,-0.96171743,2.5642124,793.14256,1.3479569,1.5334559,0.016190594,-0.040523737
1287,5.0259267,0.26048901,2.2711561,551.60371,1.423515,1.5048142,0.027091795,0.043236336
1288,4.2946386,0.8774106,2.5512189,487.95525,1.6008162,1.4983541,0.025547856,-0.022174539
1289,2.0776007,0.24011247,2.412137,690.038,1.4941646,1.4030166,0.025354696,-0.019506525
1290,2.4265603,-0.46853618,2.7896455,368.38242,1.4045963,1.484536,-0.00040053619,-0.0022100133
1293,5.342661,-0.22428247,0.14570006,384.90729,1.4556176,1.2956002,-0.039962967,-0.045744873
1294,4.2117151,0.12859316,0.89042201,298.32222,1.6377075,1.2955878,-0.00084390412,-0.03669687
1296,2.4162576,-0.58718685,2.6655568,602.82421,1.4082848,1.4329642,-0.033807129,-0.014817727
1297,2.9242038,0.074783984,2.0707603,731.20805,1.6431449,1.5533699,-0.0093769463,0.02034421
1298,5.5264396,0.25411813,0.85068886,217.72693,1.4160526,1.3823693,0.044451603,-0.023102986
1299,1.3344758,-1.0782093,0.86448784,853.71018,1.5720134,1.7315061,-0.0096091511,0.048200638
1300,3.8016911,0.056657382,2.2477681,729.57742,1.5768138,1.5199593,-0.036299991,-0.042209256
1301,6.029152,-0.81316289,0.77230155,180.69253,1.2539023,1.2703845,-0.019254835,0.043165549
1302,4.7047416,-0.3784986,0.37778026,800.98263,1.6815033,1.443598,0.04838678,-0.036338783
1303,3.1591036,-0.9128145,1.1151692,583.62246,1.6364019,1.5485796,-0.018655724,0.037456897
1304,5.3969187,-0.33785939,1.0305383,756.95929,1.4345583,1.5023114,-0.028347863,-0.03699377
1305,5.8211829,-0.4916176,1.4125527,380.94226,1.6130176,1.5473184,0.0042556423,-0.041914579
1306,5.659035,-0.63284583,1.9599304,345.62329,1.4079751,1.4959351,-0.0087854703,-0.019337518
1307,4.1872002,-1.1278226,2.2821423,586.52321,1.612721,1.4951817,-0.018736112,0.028711713
1308,5.497646,0.79474122,2.1355226,295.82122,1.2551416,1.3026555,-0.020360594,-0.02057424
1310,5.0423761,0.54401834,2.6936558,525.03022,1.5201021,1.3984759,0.00059039677,0.026408052
1311,4.04195,0.63524156,1.135038,522.78437,1.5343743,1.3223472,0.0075741905,-0.0014396172
1312,3.7852756,-0.40228408,1.9198308,324.48548,1.3893646,1.4155223,0.020419584,0.0003974737
1317,3.6602547,-0.27358565,1.2251079,228.31804,1.3025746,1.3067292,0.043135115,-0.031221137
1318,1.7880887,-0.22896452,0.61686645,423.97793,1.549691,1.368036,0.010461088,0.046414252
1319,4.6801318,-0.80224788,0.78702843,549.9977,1.4525733,1.5832099,0.040279651,-0.030759545
1320,0.057956152,0.023576195,0.93939582,213.13685,1.4395472,1.3171949,-0.044102768,-0.025340386
1321,0.066102331,1.2356086,0.36129473,761.45956,1.5013746,1.3285351,0.0075518783,0.016379015
1322,2.4891329,-1.2204648,2.4844193,282.94486,1.3235661,1.4560399,-0.028212499,-0.027838363
1323,5.8324049,-0.80398887,2.4310308,894.83321,1.5256264,1.6551327,-0.021416158,-0.017254457
1324,4.3884165,0.53001414,2.4222551,140.40002,1.3419088,1.3501558,-0.048471785,0.00016225969
1325,4.7208584,-0.12067845,1.0065954,282.37479,1.5138165,1.422538,0.018771412,0.0073296064
1327,4.3542644,0.5217914,1.9415444,403.85749,1.3628109,1.4165466,0.0063725503,-0.028311648
1328,2.2232355,-0.80766082,2.0736675,588.86597,1.4469318,1.5595032,0.010150854,0.02247388
1329,1.0128297,0.32830148,0.15127735,631.84599,1.4946589,1.5685415,-0.0004594296,-0.017264101
1330,2.816549,0.074264225,2.794384,951.9364,1.4949836,1.5038656,0.0057238933,0.01400213
1331,2.330706,0.17143314,1.9985132,422.7429,1.5189268,1.5716205,-0.0038028161,-0.0080873278
1333,3.7936773,0.60472673,2.4218413,626.25952,1.2873807,1.3325537,0.039853425,-0.049257655
1334,3.1394857,0.096997379,0.66498489,390.22495,1.5880519,1.3484708,0.001072446,-0.02410474
1335,1.4299501,0.71630859,2.7616964,700.089,1.7559627,1.6459953,0.0092326099,0.022476268
1338,5.328153,1.0793294,2.0909777,779.13872,1.5614517,1.5767667,0.037093036,0.040197992
1340,1.983757,0.25842326,0.23643175,784.29768,1.6290078,1.3794436,-0.0013961989,-0.030161705
1341,0.2809134,0.65933293,1.5054093,553.5533,1.5147788,1.4834129,-0.044820795,-0.022639311
1343,4.6862434,0.75809344,2.3202166,393.30865,1.5899534,1.5022308,0.0093705426,0.040535745
1344,2.3910834,-0.13563732,0.76493492,421.78619,1.2307854,1.3982588,-0.018322365,-0.020236677
1345,0.53018324,0.044878929,2.9719018,298.77558,1.3791402,1.4735006,-0.021813048,0.048284316
1348,5.0108641,-0.56599218,2.2865669,621.94359,1.6435858,1.4779164,-0.036778279,0.033663433
1350,4.7169978,1.0942655,2.7788803,956.01557,1.6561665,1.4833014,-0.033580454,0.023229375
1351,5.9842389,-0.17653265,0.72402593,565.29369,1.4341458,1.5300461,-0.025577688,-0.019921659
1352,3.2132178,-0.29334101,2.5304514,451.97941,1.5072256,1.4073109,0.020607394,-0.018869021
1353,3.3468204,0.27497587,2.3101974,525.27181,1.4975144,1.4327097,0.039305543,-0.049334811
1354,1.2228853,-0.25177538,1.3222588,521.78586,1.2813419,1.3593259,-0.028268541,-0.0032300912
1355,0.37575644,0.46812274,1.9012903,420.20194,1.4628145,1.7233995,-0.0010765179,0.017425281
1357,2.7903446,-0.087361801,2.3059291,986.58237,1.5068136,1.5623329,-0.018345476,-0.03439269
1359,3.1343125,1.0327248,2.4511384,419.4696,1.3444284,1.3614781,0.0065085953,-0.012453509
1360,4.8016618,-0.86043849,1.2006524,500.69783,1.5965975,1.4042566,0.031684852,-0.048032496
1362,2.6359831,-0.022070046,0.6415623,600.02298,1.3698208,1.400304,-0.033525876,0.046876699
1363,3.408804,0.50509952,2.6640001,776.68511,1.4278545,1.3657478,0.025222502,0.0010226578
1364,2.5875838,0.80085597,2.2046716,649.32619,1.5548263,1.6397083,0.01097267,-0.042995355
1366,2.813963,0.42151965,2.2128379,497.11791,1.6210074,1.413966,-0.013267093,0.026633668
1367,1.3334048,-0.1915674,1.889907,450.62117,1.5662776,1.4736179,-0.011260918,-0.0028895922
1368,0.47994883,-0.72243172,0.6090744,816.11782,1.7108025,1.5193205,0.03962987,-0.045870664
1369,5.7733156,0.53267487,0.84915615,244.30399,1.4720678,1.4206085,0.049569904,0.024029518
1370,2.5642292,0.51153867,1.4439562,306.34137,1.3796839,1.3825421,-0.031907247,0.022939026
1371,5.3636249,1.3113703,2.3466534,409.9177,1.2995911,1.3419832,-0.044894753,-0.008998587
1373,3.3769034,-1.3955058,1.9962634,567.34375,1.6292698,1.4803738,0.0049559435,-0.01946587
1374,1.0617023,0.29562908,0.58816327,982.4027,1.7343681,1.6811228,0.031753097,-0.025821934
1375,5.0281443,1.3771897,0.36654385,845.21256,1.6876211,1.7029699,-0.033290451,-0.020865063
1376,4.2073835,-1.2545555,1.2614374,254.66515,1.4399856,1.4364362,-0.031959279,0.028876254
1377,5.0963459,0.78409028,0.78188849,378.35235,1.1765385,1.4947305,0.039053705,-0.022104298
1378,6.1046874,1.0375969,2.7466025,113.03833,1.412403,1.2453043,-0.021024345,-0.042594124
1379,3.4155722,-0.044877988,2.3860588,290.56503,1.3715601,1.2800721,0.026967175,0.027742973
1380,1.4460122,0.23424956,0.96469414,372.72918,1.5815027,1.4861009,-0.036721101,0.048668624
1382,0.18611533,-0.74111466,2.6276694,878.56908,1.6160443,1.5741023,0.047245404,0.0070796235
1383,1.4339812,-0.83077098,0.90199441,607.59741,1.4863904,1.366546,0.0015218085,-0.034762453
1388,0.89007808,-0.13675956,2.7514437,564.51583,1.5371526,1.4235343,0.034875216,0.016775709
1389,2.6299233,0.61142618,2.814928,898.073,1.5414073,1.549844,0.039131328,-0.017867696
1391,4.7568274,-0.22384137,2.48444,440.39921,1.2903409,1.4551778,0.026064724,-0.01305733
1393,5.3108542,0.11007402,2.5350465,954.31501,1.4459903,1.6264261,-0.014043749,0.039259723
1394,5.6755489,0.82072816,2.0057942,436.79314,1.5830357,1.5804559,0.04066734,-0.042684446
1395,4.3608062,0.87500585,0.27774659,529.35669,1.5639807,1.1761074,0.046641767,0.015243459
1396,3.5807624,0.45205336,0.54849883,687.91376,1.5009339,1.5269618,0.017545148,0.00064833845
1397,4.4359306,0.68718234,1.5109806,467.0405,1.6293432,1.5487019,-0.044936046,-0.040709754
1398,5.3783432,0.61783138,2.3426265,729.88531,1.4511649,1.5305447,0.034300513,-0.015029522
1399,5.8720452,0.41991052,2.4871615,554.47927,1.4886318,1.5911065,-0.031612445,-0.036258077
1402,5.9082986,-0.48634503,0.37242282,947.84191,1.7138256,1.7103552,-0.0086988583,-0.0460657
1403,4.4156373,-0.045043072,2.3747299,172.59473,1.3405642,1.4106542,-0.030987272,0.0080740383
1404,0.84971585,0.79774508,0.24545154,964.34364,1.4098889,1.6551655,0.042065271,0.020067529
1406,4.0796433,0.1515326,2.43503,643.78406,1.5669448,1.5006626,0.022537106,0.025684617
1407,2.1779082,-1.010426,0.56901158,567.15047,1.393013,1.6528421,-0.00070784978,0.020639254
1408,4.0018292,-0.58944509,0.30841425,554.07215,1.4604997,1.3761469,-0.013976689,0.0038200302
1409,5.1311295,-0.67847756,2.0142994,394.8572,1.4578851,1.3592953,-0.034265933,-0.0037994547
1410,0.45912138,0.56126514,1.9867353,268.52828,1.3977291,1.516096,0.045462174,-0.006639294
1411,2.9603159,0.37377986,2.5447934,986.55383,1.6885118,1.514159,0.0012808248,0.021949451
1412,4.4362887,-0.049588778,2.6409265,663.39281,1.6343017,1.4199266,0.041178532,-0.0062571078
1413,5.0298172,-0.80829024,2.9281649,931.64162,1.6514478,1.636652,0.00097899627,0.034245764
1414,2.0421678,0.96237405,0.7070271,883.26074,1.6351577,1.749648,-0.0097801963,-0.045125822
1415,3.8829409,0.029678862,2.6252949,635.946,1.5637757,1.4568083,0.037478525,-0.039117919
1416,6.2222689,-0.88221077,0.59192791,628.33967,1.632761,1.4983357,-0.037186572,-0.03505225
1417,0.30572275,1.1348445,0.86467771,682.37482,1.5792102,1.5458401,0.034465366,-0.0036456362
1418,6.2390117,-0.16816318,2.262547,538.6639,1.53656,1.4524307,0.010296571,0.046758117
1419,2.0498989,-0.018301564,2.2457562,311.88718,1.4431972,1.5608028,-0.016943701,0.034439134
1420,2.296318,1.3401948,0.66813707,255.25909,1.3752561,1.5047219,0.0021730674,0.024545227
1421,5.2153835,-0.017040958,0.5617271,614.90799,1.5379812,1.4313266,-0.0034420905,-0.036987437
1423,0.19708242,-0.85703155,1.9827651,396.56612,1.4053878,1.5425193,0.014613729,-0.036935766
1424,4.0179999,-0.57588262,0.31648131,564.50364,1.3831303,1.5571303,-0.0067705212,0.0063802729
1425,1.0559903,-1.3484761,0.70396064,797.81485,1.6387523,1.5861321,0.018351123,0.028227925
1426,3.3775826,1.0134519,0.85371633,586.50006,1.5995691,1.3633721,-0.047156418,0.019683747
1427,0.40440482,0.32121021,1.9823118,523.69315,1.4160041,1.433702,0.022610816,0.049184851
1428,5.6457852,-0.66532468,2.2020693,379.39541,1.3810581,1.4488299,-0.025427274,-0.015766495
1430,4.6825758,0.5107009,2.1079582,255.26417,1.4000712,1.3791133,-0.0080048562,-0.011548725
1432,6.2005461,-0.42409841,0.292292,533.3516,1.5609926,1.4659865,-0.018943312,-0.019258018
1433,2.1604431,-0.23248605,2.6805171,879.09191,1.5037041,1.6132519,-0.046927407,-0.042270624
1434,0.42655507,1.1131024,0.84197614,338.63609,1.3086626,1.2077706,0.043191994,0.036016327
1435,3.0849369,-0.94393113,0.38892085,570.49016,1.5596657,1.4151238,0.041951383,-0.044460976
1436,4.2957507,0.1659776,2.7460467,807.83197,1.4700566,1.3341075,-0.046448109,-0.043653055
1437,3.8559798,-0.29847564,2.9874422,737.18065,1.4143065,1.4496316,0.0088130547,-0.022161061
1438,2.0635181,-0.63592481,0.74991302,471.74135,1.4757802,1.5077232,0.0090713424,0.034663235
1439,5.7906323,-0.93782296,0.57191429,894.58205,1.6148685,1.4923108,-0.005930157,-0.022179025
1440,5.7506951,-0.58742501,0.54194021,705.67355,1.4586002,1.5862245,0.039985349,0.040385141
1442,4.3118999,0.76056689,1.94749,440.68764,1.5116121,1.565274,0.018622227,-0.02514548
1443,4.7520134,-0.10068653,0.55358495,513.91441,1.4500602,1.4674088,0.022610029,0.030844629
1444,0.89483114,-0.62574881,0.67398089,172.05813,1.4346271,1.4613206,-0.01011241,0.011847116
1445,3.7235481,-0.36390497,2.354447,818.45368,1.6748168,1.5825708,0.0042273916,-0.047472413
1446,0.83325065,-1.2981159,2.2962444,513.13565,1.4141943,1.6225585,0.039951647,-0.029452294
1447,3.7395268,1.0025132,0.32488224,694.62229,1.4324545,1.5295414,0.0078939601,0.035401586
1448,2.2085304,-0.56053573,2.7544882,781.17199,1.5515868,1.4158391,-0.019997127,-0.042082219
1449,5.7422809,0.59905276,1.0748554,137.33072,1.2225509,1.3097169,0.0477852,-0.047513093
1451,3.8530897,0.31737403,1.5980136,326.91382,1.5033627,1.4713472,0.0084738847,0.034343722
1452,5.0612461,-0.36107178,2.7886958,485.16757,1.4217423,1.4584324,-0.045542002,-0.0020685171
1454,5.6333871,-0.086605776,2.3179153,503.82868,1.4210697,1.5405339,-0.030099227,-0.014470606
1455,3.3731627,0.35655031,0.52275275,912.87128,1.6280883,1.4934541,-0.0045453025,-0.043468449
1456,2.430397,-0.78485968,1.944911,829.0554,1.4111906,1.4715034,-0.02892791,-0.035168147
1457,4.2243233,0.74172553,2.164378,155.33711,1.2760124,1.3328654,-0.0014068948,0.023590856
1459,6.0772977,-0.60885172,2.9980669,723.25488,1.7618485,1.416766,-0.043126773,0.0097067352
1461,3.6915958,-0.72677831,0.69152267,450.8211,1.4198975,1.471688,0.039740302,-0.015793482
1462,3.4127744,0.87658058,0.37561521,559.82262,1.5308558,1.5306644,-0.046535229,-0.0058403912
1463,0.98643343,-0.98705538,3.0977395,811.41919,1.5312368,1.7355954,0.026239687,0.04710316
1466,4.700894,0.31466542,0.39201564,789.52242,1.6180612,1.4755026,0.019604688,0.0094265242
1468,1.3611116,-0.34818885,0.30004859,349.65432,1.5030876,1.4632227,-0.0083227137,0.011546403
1469,5.5190427,-0.95079943,2.3765315,621.34514,1.5606281,1.391795,-0.042142234,-0.025239265
1470,1.9093861,1.0143222,2.2923831,614.68419,1.4363091,1.5497837,0.0050961848,-0.02163612
1471,4.4945114,1.2333502,0.88346952,511.54691,1.4410502,1.4653599,-0.023917935,0.038281931
1472,1.7692142,-0.20771091,1.860582,421.31659,1.3196438,1.5964068,0.025727197,-0.0040718829
1474,5.4969698,0.65076266,2.3246394,672.75866,1.5448629,1.4136303,0.040398896,9.9486431e-05
1475,3.0958969,0.71226033,1.4618786,376.30025,1.38511,1.6086514,-0.0054176275,-0.032523469
1476,3.1986188,1.202931,0.76277045,759.59932,1.5670785,1.444574,-0.031740432,0.034144552
1477,4.0185447,0.81071338,0.8783703,606.77271,1.6661189,1.4618232,0.023197226,-0.015557951
1478,2.8989104,0.67384727,0.93123905,438.26604,1.5136734,1.4671716,0.024730888,0.018443
1479,4.6366598,0.87255394,1.1782582,783.0736,1.5715953,1.528322,0.0010096823,0.012654111
1480,3.8787015,0.053403583,1.0459711,554.64414,1.3671352,1.6105901,-0.041493672,0.026370438
1482,3.571723,-0.30996216,1.7873096,744.47366,1.5140144,1.5666371,0.029638742,-0.03888898
1483,2.1230483,-0.80910945,1.0838559,245.28549,1.2667984,1.4331973,0.015786381,0.035244717
1484,1.750021,0.81560839,2.8365367,654.73995,1.6435323,1.4155147,0.0056653735,0.00063749309
1485,4.1512091,1.2604246,2.6093741,891.95403,1.3149384,1.5568372,-0.035237213,-0.0026952524
1487,3.6853322,0.88035577,1.8011872,341.83617,1.3576247,1.4094038,-0.0068852899,-0.01484355
1488,4.052833,0.055567973,3.069558,246.40167,1.4920512,1.1911182,0.0053801628,-0.011635157
1489,0.11547896,1.0020814,2.4889968,529.65465,1.3349504,1.4536622,-0.042396166,0.026780154
1491,1.6042059,0.52459512,1.9497422,242.29955,1.3318904,1.4243146,-0.041110214,0.044439586
1492,6.0052033,-0.59429948,2.6204645,539.84561,1.558523,1.4913113,-0.042253022,0.04519659
1493,2.6554202,0.54164916,0.10237036,847.45001,1.4596771,1.8203981,0.036443004,0.017359301
1494,3.9357482,1.0959868,1.6885612,268.16989,1.3695297,1.3403515,-0.013192426,-0.030717291
1495,5.2353488,-0.65024309,0.59957132,355.91427,1.5266332,1.3578943,-0.008263225,-0.025054332
1496,5.6774523,-0.50605895,2.0792199,220.76868,1.3730957,1.3685596,-0.044972291,-0.031897985
1497,2.9355886,-0.58650582,2.7812932,639.35243,1.4904446,1.5771422,0.028533605,0.031307189
1498,3.4117268,1.1929284,0.40489274,919.77267,1.6268927,1.5177591,0.029249,0.019208558
1499,0.42897917,0.16185718,0.72319167,488.78875,1.6239022,1.407602,-0.021789117,0.039022604
1500,1.7247063,-0.13326856,0.98026186,445.4903,1.6582413,1.4177022,0.019292481,0.016830431
1501,3.2845191,1.1394943,1.0695733,385.82349,1.4008314,1.3900525,0.047150514,-0.011198939
1502,5.3852182,-1.0888017,0.84510575,41.911558,1.3154221,1.2585219,0.041444493,-0.048894735
1503,0.52719133,-0.62890601,0.81318753,363.76971,1.5708695,1.4364557,0.036914888,-0.017038859
1504,6.2579111,0.94406198,0.25217746,702.63965,1.5018364,1.5057805,-0.042145118,-0.032067761
1505,6.1451136,-0.64632561,2.4787709,453.53583,1.4309627,1.4289891,-0.037590227,0.029991491
1506,3.1034698,-1.0785769,3.0299087,574.20895,1.6136583,1.50089,0.020885161,0.030422915
1507,4.2232158,0.69344666,0.65774484,600.62667,1.4632962,1.441588,-0.019343464,0.020173672
1508,4.1648184,-0.70023929,2.8829099,929.81751,1.4989517,1.7575591,-0.028787002,0.019757647
1510,6.0080958,-0.47956022,1.8096182,161.28845,1.479596,1.4917743,-0.031442911,0.048129296
1511,4.7591422,-0.88776107,0.032527184,808.32769,1.652549,1.6527579,-0.020712783,-0.022465411
1512,2.0816558,0.35603224,1.2796844,408.77707,1.3831517,1.6801466,0.021232261,0.03759759
1513,0.69315245,0.28540089,1.2207415,684.1631,1.5767429,1.6056364,0.021325454,-0.022188178
1514,0.81700494,0.095556439,0.79990456,378.00159,1.3335975,1.4870893,-0.036960224,0.0052567582
1515,5.6566112,0.18953621,2.3172745,698.62912,1.407086,1.5902095,-0.013022284,-0.028435545
1516,4.7850033,-0.39509784,0.66083753,668.21916,1.4480594,1.3780752,-0.032691103,-0.01803347
1517,2.7595211,1.0098285,0.3933963,957.96624,1.3666534,1.4924024,-0.035481344,0.047390895
1518,1.5734571,-0.12469066,2.5286203,183.19688,1.356725,1.4708774,0.0050318147,-0.026186125
1519,1.1660747,0.6018757,0.36802596,491.59256,1.3509668,1.4152369,0.028359772,0.035686952
1520,3.8603267,-0.22292414,2.5196865,376.49849,1.4735983,1.3468827,0.0056638979,-0.034648551
1522,4.5528887,0.85461612,2.1569226,592.8606,1.3025467,1.6057632,-0.019956243,0.030276503
1523,6.1869026,0.14239738,0.58539171,879.72518,1.4316198,1.6543839,0.0073324846,-0.0040095506
1524,5.8481406,0.6639466,2.0394101,417.85534,1.4355803,1.3994469,0.0015105442,-0.048096581
1527,1.0936006,0.1985594,2.2336523,233.85628,1.4573725,1.4006795,0.048357861,0.0061737102
1529,2.3421133,0.30509651,0.41747011,592.61745,1.6984009,1.4925299,-0.0232839,-0.011236425
1530,3.356603,0.669261,1.1826854,300.76422,1.5063921,1.510528,-0.042914569,-0.0013463583
1531,1.2198115,1.292657,2.3809193,843.40767,1.6249981,1.5326053,0.003490165,-0.0018623597
1532,4.4079546,0.231606,2.2120848,478.24101,1.5786795,1.4473373,-0.026588632,-0.033253956
1533,5.3562113,0.24766471,0.58096817,679.50266,1.673438,1.3831312,-0.026540979,-0.049043151
1534,3.7026702,0.9855718,1.1981156,269.73946,1.4455367,1.6999933,-0.023550846,-0.046237978
1535,0.10098245,-1.1047829,0.81212665,754.4508,1.6786707,1.4662543,-0.021137756,0.013472733
1537,3.7461042,0.26965157,0.4408016,653.40324,1.4114928,1.6080079,0.015946903,0.019113266
1538,3.6685765,-0.20812893,2.7497591,596.08941,1.493533,1.3691242,-0.023263943,0.044404331
1539,1.9671353,0.95298562,1.9735602,666.55491,1.5976787,1.6566867,0.0012746429,0.029061235
1540,1.6305062,-0.56171914,1.0549896,527.36977,1.5237964,1.5411496,0.0364691,-0.021924248
1541,3.6147322,0.67366268,0.88258826,667.23054,1.5208822,1.5240045,0.015005095,0.046268117
1542,3.9811696,-0.76659744,2.2623665,347.64711,1.505384,1.3943884,-0.031454468,0.03278592
1543,4.117558,0.26948481,2.52268,332.66773,1.5469237,1.4892285,0.01358664,0.025187999
1544,2.93552,1.0651979,2.813426,932.02643,1.5423098,1.6802911,0.03498951,0.003432591
1545,2.9888354,0.044865196,2.5154987,604.2391,1.5227117,1.8618301,0.012875132,0.028094358
1546,4.3457531,0.50590381,1.9060284,457.56901,1.4105961,1.5772009,-0.026002348,-0.02081322
1547,1.4079449,-0.67863611,0.70369065,991.53079,1.4455419,1.5511462,0.043250682,0.0037005047
1548,3.2904643,0.8734299,2.6487943,670.21364,1.3791449,1.4503387,-0.013800123,0.018117748
1550,5.7096402,-0.052052707,0.70971638,461.28784,1.5834467,1.6143659,-0.026744218,-0.030048715
1552,5.9582159,-0.32424147,2.2192577,693.44972,1.6934879,1.5957996,-0.012799841,0.04479639
1553,2.5568353,0.61459159,2.7501581,691.48873,1.4412233,1.546506,0.036610513,-0.047087078
1554,2.7376736,0.54229753,0.41416799,974.80724,1.5564417,1.4733547,-0.032186807,0.024330657
1555,2.4759103,0.7003808,0.35741876,375.72478,1.6786384,1.3882426,0.0039087108,0.013732246
1556,5.3273899,-0.85529115,1.1036315,709.22122,1.5354826,1.3902391,-0.017341609,-0.031227888
1557,5.578776,-0.20326375,0.72893107,568.32957,1.4323309,1.4109268,0.020374162,0.0013169684
1558,1.8695961,-0.39638399,2.0012655,129.82633,1.4016375,1.3030459,-0.036231472,0.042410366
1559,5.2420158,1.116629,0.31098319,929.7496,1.4279782,1.584462,-0.024778701,0.0050492117
1560,0.96799373,0.47816361,2.3274868,254.93045,1.4343205,1.3095965,0.0017341355,0.0080025276
1561,0.14282147,-0.50993652,0.78460589,725.41765,1.5985743,1.528638,-0.029435998,0.031547257
1562,2.3467375,-0.14240067,3.0105454,848.83094,1.8214038,1.5317509,0.010532015,0.028220784
1564,3.2449362,1.1091711,2.3147551,572.54668,1.5488038,1.4384547,-0.031737277,-0.04863645
1566,6.2557472,0.81519501,2.3943478,937.16596,1.729006,1.4819338,0.0055353475,-0.047294061
1567,0.92121959,0.68184588,2.3085478,438.58077,1.4336993,1.5208906,-0.025249958,0.027759751
1569,5.8536571,0.82588577,0.38619232,652.4985,1.4944509,1.5493138,0.036456575,0.003970278
1570,2.2441162,-0.46076153,2.1905975,311.53277,1.5239311,1.2979431,0.0025417108,-0.0092539559
1571,1.0634866,-0.67153839,1.1822637,163.40564,1.5209006,1.4272858,-0.012539046,-0.035421636
1572,4.9848937,0.96439069,2.4336975,858.38985,1.6125741,1.6609223,-0.033246373,0.018531644
1573,3.899199,-0.7626638,2.7088763,330.59864,1.3133955,1.4420636,0.0060677271,-0.015063892
1574,2.8346076,-0.75288958,0.60532268,645.97231,1.4231307,1.4626719,0.013655971,0.0041133591
1575,3.9241904,1.0489899,2.007558,777.95748,1.3776347,1.4841259,-0.048711904,0.0045028349
1577,5.2043407,0.048881126,1.1833956,353.36396,1.4522983,1.4488379,0.0048613757,-0.0091635296
1579,2.3876167,1.1129054,0.20435833,698.4902,1.5384259,1.5760636,-0.016733496,0.047803991
1580,5.853212,0.53758493,2.7987719,413.79965,1.5708056,1.5152605,-0.030800986,-0.048279605
1581,4.947849,0.57803547,2.0492284,477.17385,1.5197326,1.489874,0.0052832724,0.033774516
1582,2.8158735,-1.4039611,0.73050163,549.05175,1.3309859,1.4882664,-0.0027938774,0.018263025
1583,4.068187,-0.29034439,0.42619804,560.87625,1.5771168,1.460929,-0.022174857,-0.0077336497
1584,5.857608,-0.35532364,2.8006795,829.87977,1.5969779,1.4760376,-0.035020687,-0.03381865
1586,1.1780132,0.38589138,2.4032975,547.48952,1.590193,1.5400782,0.00058599834,-0.035659686
1587,0.12721833,0.79583151,0.88385314,735.70325,1.7674051,1.6982505,-0.044999473,0.0083728946
1588,2.7255603,0.89390504,2.4050305,777.93652,1.4195094,1.7396693,0.04497502,0.047461798
1589,0.63922508,-1.2310917,0.32255288,945.76471,1.4318018,1.5064267,0.049970623,0.021221685
1591,4.3556198,-0.3859503,0.85838702,366.70998,1.5174034,1.4947213,-0.022334356,0.042829174
1592,1.5010971,1.126913,0.66635864,494.25443,1.6212983,1.4516123,0.0092262019,0.001758266
1593,6.2071326,-1.1523313,0.59954532,487.84037,1.5355611,1.4506874,-0.019741089,0.012410905
1594,2.1260457,-0.57723524,1.1011419,390.2059,1.5012036,1.3689379,-0.03489764,0.039153708
1595,0.61044732,-0.12806603,2.1050541,483.94018,1.57857,1.4082345,0.013688858,0.038362904
1596,0.36261096,0.86869016,2.7932615,922.13578,1.5653021,1.5260406,-0.027062944,-0.0057108063
1597,5.9474344,-0.38267534,0.19234366,310.10482,1.3910021,1.4323099,0.024875867,0.03601793
1598,4.8435546,1.0435849,1.2352794,571.25808,1.6542548,1.5762043,-0.0022671487,-0.036134835
1599,5.0856264,-1.4092339,2.3941149,979.68911,1.6302354,1.6749138,0.039537141,0.0037972029
1600,5.7284753,-0.69829203,0.20630503,661.50613,1.4298173,1.3810676,0.041283992,0.012382302
1601,2.5527672,-0.7839448,0.36094862,287.61691,1.5513016,1.3837671,-0.0058461463,0.0060051746
1602,3.1672615,-0.23459852,2.9329095,704.47974,1.2902918,1.5481249,-0.013932361,-0.043398506
1603,0.70170235,0.094261778,1.3048947,755.05975,1.4850209,1.5439312,-0.0084962738,-0.0040454155
1604,2.3336198,-0.23556383,1.0150572,617.51999,1.4115906,1.5283515,-0.023218984,0.020885316
1605,0.38814134,0.044205964,2.1042779,501.72329,1.4049958,1.4396196,-0.034743681,0.022340106
1606,4.4805446,-0.78550269,0.48147168,480.93528,1.4574759,1.6518195,-0.0068562221,-0.00027025429
1607,0.62924908,1.1738644,2.6126537,669.46929,1.5569065,1.5278278,-0.020644454,-0.046596441
1608,0.28150431,-0.42099772,0.66019497,355.45637,1.4394457,1.5202455,-0.035465087,-0.034968764
1610,5.8944582,0.68266592,3.0030646,935.26948,1.6262466,1.7964235,0.0062981366,0.0074393105
1611,5.2750386,-0.10008515,2.3657024,656.11062,1.6600611,1.3468778,-0.023819908,-0.034407577
1612,4.8996524,0.29682913,2.4072649,556.20654,1.698169,1.5082967,0.049652322,-0.04703204
1613,5.8957585,-1.0111523,2.7659935,472.85798,1.6049672,1.5082991,-0.031656342,-0.027511946
1614,3.136557,0.4935513,2.5799608,287.82591,1.5486491,1.3425795,-0.025301763,-0.026668824
1615,3.6014603,0.63296367,0.77287593,340.61167,1.5591033,1.3238406,0.036114395,0.028156101
1617,3.4285262,0.18653792,2.6437634,895.15732,1.6855702,1.4677025,-0.013926243,0.001609809
1618,2.2069731,-0.87265263,2.4040022,61.551449,1.3883301,1.3457254,-0.015827435,-0.00072553435
1619,2.1052031,0.61122131,0.72260248,318.60705,1.3682155,1.4865633,0.026412453,-0.037795569
1620,4.2062435,-0.30302841,1.1269651,122.6999,1.3374141,1.403999,-0.040842988,0.01295689
1621,4.1565588,1.0431789,2.0861277,314.81349,1.4211717,1.2837366,0.0058329001,0.007428847
1622,4.272224,0.66157654,1.7766816,331.76473,1.428793,1.4077314,0.022804692,-0.013838709
1623,4.0753407,1.3780323,2.6182331,818.84765,1.5587334,1.7408183,-0.020674963,0.032537294
1625,3.8669087,0.89740909,1.2190977,327.45974,1.3279565,1.3742185,-0.01293576,-0.016581183
1626,4.2669747,-0.9294344,2.3365122,290.37704,1.5180852,1.5110088,0.042091041,0.048138085
1627,2.9277799,0.41312718,2.7955504,598.20912,1.4483175,1.3507703,-0.048462669,-0.031597977
1628,0.64274935,0.15793851,1.5728807,193.66679,1.4148864,1.3126535,0.023917738,-0.039928951
1629,3.3923016,0.50679132,2.3302068,307.67305,1.341215,1.376036,0.038305026,-0.029394367
1632,6.2529434,0.43105073,2.2797393,663.23092,1.4940394,1.5984135,0.018776288,-0.0094489486
1633,2.096274,-0.40319236,1.1718763,316.00921,1.4480549,1.4051805,0.018412835,0.016871231
1635,3.320889,-0.092815432,0.85255392,329.87475,1.57868,1.4072879,-0.0097040729,-0.0045762063
1636,6.2250634,0.7898834,2.945766,285.24092,1.5760367,1.4877925,0.036711213,-0.0021027462
1637,6.0784722,0.25498916,0.84315606,610.44658,1.5716239,1.501159,0.02740145,0.040734628
1638,3.4483301,0.10326236,0.37324503,626.33818,1.5350344,1.5229722,-0.048942204,0.031152313
1639,3.674615,0.93395866,1.9357271,365.40208,1.4559303,1.6102423,0.046853739,-0.03149532
1640,4.9847673,0.14684185,2.5307358,671.1685,1.469272,1.4350653,-0.039746429,-0.026263326
1641,1.7329225,-0.77532734,0.45363663,514.84941,1.4015435,1.4860941,-0.016051488,-0.044442449
1642,3.5075728,-0.44544433,0.40004526,214.98445,1.4174792,1.4870411,-0.046865467,0.021572208
1643,0.4388656,0.3850564,0.90192959,442.56274,1.6189685,1.4072897,-0.026961699,0.020811318
1646,1.4312599,0.35583813,2.2962664,777.19944,1.5154483,1.4263226,0.035574267,-0.0092500154
1647,3.3953772,-0.12496236,2.3613963,331.84121,1.4290087,1.390429,-0.046023055,-0.011444446
1648,4.2397564,1.061317,2.842664,447.59018,1.4004065,1.4432633,-0.046168961,-0.0098032733
1650,0.95739307,-0.83525943,2.1058097,678.60853,1.4005694,1.4907412,0.032301095,-0.03445473
1651,2.1622827,0.097572709,1.3158579,445.07076,1.6928069,1.47724,-0.0082528056,-3.9904024e-05
1652,2.6393711,0.46317622,2.637717,659.20152,1.4772051,1.487413,-0.0099966778,-0.044295699
1654,5.7963353,0.72603414,1.1178685,401.54575,1.4565882,1.6179965,0.0026916541,-0.021323444
1655,0.10935474,1.2751659,0.66874181,792.51071,1.553858,1.5928571,0.046158479,0.032150945
1656,4.7931221,-0.77068677,1.0910519,843.80397,1.3898112,1.7540943,-0.005216639,-0.023540466
1657,4.2726699,0.82223971,2.2464298,980.39308,1.5769592,1.5999757,0.025935807,-0.038199079
1659,2.3147401,0.062746881,0.028558279,753.18855,1.3914812,1.5234201,0.014236289,0.010168412
1660,4.4322035,1.3859487,1.0280285,506.0133,1.3464178,1.3771045,0.021913759,0.021707576
1661,1.5399156,-0.19630108,2.0754693,474.27219,1.3749334,1.2582863,0.019956887,-0.035123794
1662,6.0798384,0.35514315,2.4623625,560.19874,1.3754287,1.5029501,0.036308994,-0.046681279
1665,4.6241313,1.4733059,0.4350555,876.81569,1.5334339,1.6987419,0.02134119,-0.011653814
1666,4.8619397,0.096538069,2.3760389,585.67599,1.5374008,1.5058659,0.020400998,-0.032350086
1667,1.0614219,0.84138634,0.52234693,890.7424,1.5926093,1.6168852,-0.0026878182,-0.040506647
1668,5.2806967,0.23429376,2.6869191,279.60316,1.3763822,1.2991266,0.042129082,-0.013197343
1669,5.6400004,0.27698423,2.5207751,772.87133,1.4938133,1.5737099,-0.028386903,-0.0044472337
1673,4.2077659,0.028309165,0.4635639,239.17398,1.580934,1.3242243,0.0054513935,0.0053092856
1676,5.2243545,0.27106863,0.77708072,434.83317,1.2384547,1.453108,0.0049078035,0.038483548
1677,0.24950634,0.18944174,2.526325,696.98366,1.4032311,1.4087889,0.022820953,0.024074932
1679,4.1580796,0.6800116,2.033842,303.93083,1.3782177,1.3069245,-0.014748947,0.023430664
1681,4.2573162,-0.66002714,2.3488498,887.21603,1.467362,1.4811213,0.029054579,-0.016375709
1682,0.9347608,1.2145884,0.27705205,574.04723,1.428904,1.4216732,0.048130373,-0.02561662
1683,3.3116485,-0.37001867,0.58763929,423.46011,1.3538897,1.3699964,-0.028601564,0.036299522
1684,2.7806597,-0.55442449,0.42188081,664.48497,1.5639558,1.5583271,-0.0036787484,-0.005266658
1685,1.7899041,-0.34097563,2.7484489,449.44514,1.56523,1.1736952,-0.049942185,-0.0047339826
1686,6.1791034,-0.0875919,2.0917052,572.98432,1.6953748,1.3342394,0.0386297,0.03243911
1687,3.2591631,0.095413404,1.0326449,630.54568,1.6152756,1.564012,0.028541816,-0.040846297
1689,5.5062228,-0.44743803,2.4529147,441.05207,1.4056526,1.3648865,0.017203329,0.048017136
1691,6.2596338,-0.19622587,0.70111509,480.21828,1.5527543,1.4830579,-0.044947086,-0.034047823
1692,5.3150416,-0.13006307,2.5492569,890.35066,1.5951796,1.6132517,-0.046379619,0.047781651
1693,5.9356493,0.67306791,0.44465756,600.71537,1.4916464,1.3748425,-0.046613578,-0.0046813684
1694,4.3109962,0.13658258,1.0612984,527.43474,1.4320865,1.503418,0.0076946605,0.037481165
1695,3.8803484,-0.55612007,2.3928815,736.48409,1.7552475,1.4856963,-0.042202572,0.043676311
1697,0.98357934,1.0464149,2.4488663,567.18502,1.5236977,1.3406445,-0.017684896,0.022242881
1698,4.1801851,-0.25117664,1.7367744,419.95932,1.3107825,1.4207779,-0.036685234,0.0028835627
1700,0.59060902,1.0215484,0.51202256,897.245,1.6063858,1.6681677,-0.035484719,-0.029502681
1701,1.7078533,-0.46197966,1.9645716,65.486057,1.4129788,1.2846523,0.043609221,0.0069023258
1702,0.091525716,1.0836574,2.3268072,451.29036,1.3345789,1.454892,-0.039190932,0.029034446
1704,3.4426387,-1.3198853,2.7474523,698.47715,1.4838184,1.3411424,-0.019387773,-0.011946618
1705,1.7305988,0.90483242,1.9402216,233.30869,1.2381847,1.3161146,0.045398543,-0.00070414195
1707,0.68840644,0.6682801,0.59998611,642.38397,1.5382972,1.6196842,0.011015766,0.039189606
1708,2.7167587,1.1180692,2.5199516,709.71986,1.5544131,1.6159072,-0.021928779,0.022552558
1709,1.0861176,-0.85957315,1.5906654,216.15675,1.370971,1.5944385,-0.044054311,0.0063771797
1710,2.8552295,-0.22499695,2.1515552,632.92724,1.5959125,1.6124921,-0.007422522,0.024777448
1711,2.5770939,1.2196272,0.53861023,263.63359,1.2484223,1.4248733,0.0097683613,0.040136382
1714,0.44277444,-0.65606266,0.83612369,715.83273,1.6053823,1.5603457,0.049088477,-0.031188102
1717,3.675669,0.63830987,0.82830403,108.02433,1.2224563,1.3530225,-0.03386283,0.038281297
1718,5.9068708,0.23492494,0.0076385977,480.21627,1.4374127,1.4893932,0.021859556,0.016529726
1719,3.5135747,-1.0627158,0.76215519,954.10656,1.6480356,1.5513021,0.039030074,0.0067882281
1720,3.1847374,-0.58135218,1.211761,226.43892,1.3640237,1.4181098,0.0092497599,-0.048529059
1721,3.896654,-0.32799527,2.6946591,564.91927,1.4424251,1.4140737,-0.028869945,0.006195746
1722,1.7427994,1.2439747,0.25872003,430.36577,1.5950673,1.5082872,-0.0070210857,0.024977077
1723,1.3825879,1.2405706,0.83116155,383.8138,1.405991,1.4353921,0.030837515,-0.048412109
1724,1.1245961,1.0979617,2.8242323,407.30401,1.5333104,1.4409661,-0.029283075,-0.023711773
1726,3.9221023,1.0058008,2.4850262,968.93672,1.7022632,1.6138618,-0.012411092,0.001217598
1727,4.8136549,-0.02082364,0.3539708,701.09739,1.5236287,1.6078302,-0.010154045,-0.028595302
1728,3.7766406,0.87022363,0.115423,637.81692,1.4629812,1.4163722,0.032849893,0.0037844541
1729,2.4002907,-0.83100813,0.52019847,397.39199,1.553614,1.3811455,0.038529741,0.046039394
1730,2.2772599,0.37342951,2.4335947,584.06777,1.3444013,1.409916,-0.03291947,0.047642022
1731,2.996275,0.8111797,2.419603,301.67365,1.3244716,1.4327777,-0.022595959,-0.010093168
1733,3.3245766,-1.1083781,0.4455284,592.44354,1.4197772,1.5156807,-0.0057956561,-0.0031343383
1734,4.3542365,-0.24451591,2.4238583,767.33285,1.4292098,1.727957,0.038303708,-0.040535952
1737,2.1577711,-1.1687318,2.4368088,242.22623,1.4515302,1.3631091,-0.020152372,-0.024918728
1738,3.1150729,0.54420814,0.25029959,653.45187,1.376805,1.5551364,-0.030629366,0.026924055
1739,1.7626345,0.099565153,1.2156334,379.19569,1.3698613,1.3557413,-0.032747588,0.035040508
1740,1.7696203,-0.019403233,0.88620769,303.75363,1.4263325,1.5021421,-0.0055555968,0.00098473868
1741,5.235036,-0.48875644,2.4590306,124.58847,1.4366302,1.3925662,0.0049889691,0.02546963
1742,1.5773626,0.38473038,0.23416764,235.32686,1.3438037,1.3379992,0.0085867461,-0.027226606
1743,2.6955521,0.37612812,0.45894543,573.55192,1.5737875,1.3676009,0.04306416,-0.018348731
1744,6.0879051,-0.26623481,0.82770759,125.37823,1.4935344,1.2911989,0.0099991167,-0.04640506
1745,5.5713428,0.45946008,0.53570312,873.09536,1.8132639,1.6914675,-0.023271643,-0.044310542
1746,1.2010814,0.66085454,1.340515,204.21501,1.3467157,1.3495425,0.0053553803,-0.038426374
1747,5.2319521,0.74199339,2.8026101,766.18481,1.5027168,1.5273093,-0.047091053,-0.031695321
1749,5.4446766,0.27405316,2.110978,231.94226,1.4729395,1.2017605,0.012092393,0.012945953
1750,1.218726,-0.99587077,0.5974453,668.69763,1.3761875,1.5992343,0.038653246,-0.029926135
1752,5.639597,-0.48353336,0.49201019,769.49023,1.6232116,1.6808632,-0.032499044,0.014279241
1753,3.3790795,-0.57225428,1.4505501,597.92089,1.6465881,1.4257678,0.027986945,0.031805473
1755,0.37842915,-0.96899783,2.8054399,529.12285,1.3615314,1.3351711,0.0055093564,0.01647628
1756,1.8116216,1.2488612,0.90666859,392.15638,1.3990301,1.3779114,0.00044622772,-0.0025718173
1757,2.7742225,0.015479881,0.24874538,818.15453,1.6438105,1.5042058,0.0011078695,0.014042347
1758,5.9875746,-0.62967718,0.59152977,553.9651,1.3461487,1.6154173,0.029081966,-0.019869495
1760,1.1636814,-0.74189873,0.73839994,469.97327,1.5240995,1.4086505,0.019373191,-0.038615908
1761,5.2347034,-0.37489397,0.6067217,888.28482,1.6785925,1.6400459,-0.032606068,0.014777057
1762,0.82349929,-0.71827317,0.12469612,921.43935,1.4801981,1.6031073,-0.027691167,0.0060893351
1764,3.4343295,-0.3801594,2.6401249,628.16647,1.6334466,1.4948087,-0.0073187382,0.047408999
1765,5.1602652,-0.24110279,1.8723842,171.06639,1.3543359,1.4817777,-0.046212934,-0.0059531922
1767,1.1285165,-0.22857737,1.7016202,237.78917,1.2457472,1.3953267,0.010702649,0.014125265
1768,3.6598359,1.0044412,2.2914778,474.35814,1.4141934,1.5120723,-0.0049373955,-0.024183001
1769,1.0815836,0.082994686,2.7778257,405.38888,1.4161984,1.4154622,0.0053240362,0.023367779
1770,0.33727726,0.25857845,0.7149985,263.4663,1.3383787,1.366369,-0.042682622,0.016000351
1771,5.1958753,-1.0307197,0.55989239,572.0551,1.2516288,1.3778533,0.0045925504,0.005242125
1772,5.3548204,-0.62329063,2.1417802,237.79635,1.3782347,1.4080601,-0.030902812,0.033316442
1773,1.9448318,-1.3029157,0.8478491,479.97623,1.5719644,1.3354587,0.043298382,-0.043854425
1774,1.4164209,-0.23933518,0.9153986,436.39068,1.6100566,1.7069553,0.048851894,-0.024868484
1775,6.0977989,-0.28115021,0.96039815,306.80236,1.518639,1.4574982,0.035672375,-0.0085772177
1776,0.80455798,0.96008416,2.4105112,612.98989,1.6008113,1.3863211,-0.0085620642,0.038573455
1777,1.9026488,1.1680812,2.5034568,716.66712,1.7127834,1.4850718,-0.038121589,0.012715661
1779,1.730667,1.178875,2.761907,918.63432,1.4554458,1.6152773,-0.0017121658,0.027853767
1780,2.4818172,-0.67479356,2.0150694,676.65496,1.4566078,1.4301474,-0.024536904,-0.013495645
1781,5.64888,0.95357817,0.99320032,522.68446,1.5767083,1.3301304,0.020057045,-0.0021500242
1782,3.9812262,0.23419371,0.71883222,683.76528,1.7029625,1.5701878,0.036886338,0.04033912
1783,3.59494,-0.4407013,2.5608213,252.74778,1.4318936,1.4148564,-0.0076747479,0.011638038
1785,5.8631843,-1.076171,0.31138874,635.74355,1.4875683,1.3704071,0.0030594761,-0.049778961
1786,0.32413861,0.78749588,0.56203744,499.07203,1.3883697,1.3951978,0.030035191,0.010059093
1787,1.2373798,0.50698745,2.1366674,491.14151,1.6727145,1.5321646,-0.0075955111,0.026313195
1788,0.17077598,-0.9199465,0.9762888,752.12487,1.5413708,1.5271234,-0.04904959,-0.037668653
1789,6.0795709,0.92060528,0.37940732,862.42765,1.3905205,1.4377708,-0.021178278,0.014082569
1790,1.0034183,-0.33701103,0.66683006,435.91764,1.4307809,1.5080793,0.0025089419,-0.0030112399
1791,3.8636525,-0.10108928,1.4494876,205.43167,1.2795147,1.2173674,0.047244399,-0.019328666
1792,2.4218519,-0.26661535,2.2290452,766.77545,1.6176513,1.4602634,-0.00020014656,-0.036667926
1794,3.8350354,1.1583211,1.4105419,104.52175,1.3641863,1.3567237,0.0016309766,-0.036404104
1795,3.3407339,0.46415306,0.93979545,436.35729,1.4771908,1.3968267,0.048144165,0.049000524
1796,5.9193633,0.57866812,2.1597075,246.19954,1.3269791,1.2130633,-0.006362929,0.016733331
1798,2.521872,-1.3831799,2.1337073,472.57621,1.5525898,1.4787958,-0.035472872,-0.018189334
1799,5.9059911,0.54521991,1.2479225,161.55175,1.2555441,1.3453311,0.016767021,-0.015993766
1800,1.461356,-0.72583563,0.72861472,907.13186,1.6291701,1.4309835,-0.033054801,-0.031855798
1801,2.9872313,-0.15250318,2.9757271,786.12701,1.5314664,1.5029272,0.0043861643,0.0089495008
1802,2.9213338,0.61543455,2.8696112,790.33686,1.6858009,1.3947371,0.0018119847,0.0060913079
1804,3.1701046,0.044004533,0.86540061,650.88565,1.6066105,1.4620541,0.037332636,-0.023897068
1805,1.6074456,0.52257826,2.141835,345.59038,1.4094317,1.3936331,0.040024156,0.024341141
1806,5.479913,0.32826351,0.59596131,583.61547,1.5056683,1.2282883,-0.035999253,0.015160301
1807,2.7194062,0.50741663,0.22925106,811.24457,1.5920413,1.5792671,0.009566597,-0.0084731902
1808,3.3338242,0.40769987,0.45609621,372.27792,1.4649266,1.5719292,0.045364065,-0.0033094454
1809,3.6996204,-0.71822697,2.3363186,781.90901,1.5770337,1.5618784,0.016003508,-0.045487303
1810,5.9585724,-0.20520623,0.9839148,233.4082,1.2400388,1.4122195,0.0039545421,-0.016632482
1811,2.2514997,0.49888405,2.7659199,331.17488,1.3771063,1.4549033,-0.0095413471,0.042190267
1812,5.3312407,0.35517189,0.72984097,615.05757,1.5341339,1.5091894,0.016532221,-0.0036495944
1813,0.38268127,0.64143237,2.2846841,641.64528,1.6440917,1.5057004,-0.037482059,-0.02372639
1814,2.5242593,-0.22400582,0.44567286,622.04061,1.629749,1.5389895,0.040775243,0.0072746257
1816,0.77838297,-0.15771195,2.8290126,431.19445,1.3367049,1.23217,-0.031782749,-0.040014185
1817,5.3232225,-0.48726264,1.0925859,436.33508,1.5813483,1.4034746,0.036031385,0.047932971
1819,4.5629723,0.0041150315,0.65140458,759.98828,1.5745089,1.4816336,-0.031961375,-0.049331963
1820,3.3519213,0.55335415,2.390426,627.88291,1.5212416,1.4776701,0.0084491574,-0.0304753
1821,1.8117266,-0.39760261,2.8019469,360.31529,1.2267693,1.4240598,-0.0014866847,0.010863562
1822,2.7774332,-0.8146443,0.76664652,621.55327,1.5698877,1.4004232,-0.00061988409,0.0050388345
1823,5.5058975,-0.25131458,1.2531328,459.68949,1.4241362,1.3753547,-0.020695534,0.015636256
1824,5.4466787,-0.45703924,2.8122003,537.8861,1.585705,1.4710052,-0.0045218999,-0.049188972
1825,1.5538847,0.57892946,2.9746798,498.39088,1.5766526,1.3725072,0.049077391,0.043504173
1827,1.1209885,-0.55191025,0.53960528,486.55335,1.4709887,1.4917652,-0.027238824,-0.0098166427
1830,0.0027352527,0.33234707,0.20574621,634.4714,1.4770914,1.4540269,-0.0157384,0.04726378
1831,1.5099107,-0.23443166,2.3886738,658.90708,1.5785711,1.4709498,-0.0081838589,0.012145902
1833,5.4416766,1.104857,0.50894251,636.62396,1.6358084,1.5482988,0.0035597065,0.019308877
1835,1.3287255,0.049243036,1.3671523,206.40738,1.2401972,1.3935239,0.022506409,0.026256597
1836,4.3587704,-0.75065293,1.9294851,194.11882,1.561761,1.3634302,0.0061243275,-0.0042585925
1837,0.22600286,0.42193121,2.2171481,556.21063,1.4253526,1.3564158,0.017607849,-0.030103976
1838,5.7682225,-0.92931749,2.8012745,567.76845,1.4766389,1.6945507,-0.01815428,-0.014907011
1839,3.5146569,0.26971459,0.97370722,496.64113,1.6005312,1.3502614,-0.010290735,-0.044545512
1840,5.0158011,0.27401513,0.42963965,842.67369,1.6034202,1.6544388,-0.0040674525,0.0066338918
1841,1.3574877,0.075258084,2.8181219,363.81205,1.3136196,1.283514,-0.019666737,0.015320314
1842,4.5155464,-0.67745058,2.7888726,454.53544,1.4463817,1.4989404,-0.043922328,-0.0037340721
1845,3.3694636,-0.088404371,2.5597375,786.05272,1.4660427,1.8048852,-0.010983454,0.040608138
1846,0.13220379,-0.95036286,2.4651459,501.57201,1.4462877,1.5450655,0.031680956,-0.018258791
1847,1.4456862,-0.68478692,0.51079259,910.08199,1.6159159,1.6005881,-0.015494243,0.0042764616
1848,0.8214649,0.79534011,0.14264435,572.96069,1.4734606,1.3853837,-0.044961141,0.013346375
1851,1.358228,0.2024045,2.5555077,903.73313,1.4826412,1.564852,0.048409584,-0.0016945149
1852,2.2614701,-0.41001232,0.85520165,215.63814,1.4602701,1.4104318,0.049649696,0.027674503
1853,3.7192359,-0.35351954,0.88783618,534.94515,1.5667806,1.5856158,0.0051430275,-0.015856231
1854,4.1574935,0.68661107,2.8189023,674.03459,1.4969849,1.5469313,0.03531113,0.006899461
1855,1.535128,0.48010824,1.0520806,338.84928,1.5788558,1.3536097,-0.005595039,0.0022499823
1856,6.2276843,-0.123085,2.2115223,139.51742,1.3974457,1.3217714,0.019681583,-0.044992334
1857,5.7992118,1.0647825,2.8175283,782.44372,1.4935697,1.5904109,0.0096491313,0.0056272785
1858,5.8837689,0.07596892,1.0176066,309.16517,1.626855,1.4511064,0.046792501,0.035449077
1860,3.2828028,0.22430764,0.42575076,620.2578,1.6361979,1.4017043,0.028785561,-0.040798607
1861,4.2632465,-0.9938524,2.6293876,668.88184,1.5385495,1.4841258,0.026217345,0.022381186
1863,1.8509017,-0.71457228,1.7597634,188.32338,1.4439839,1.3331085,-0.035626462,0.011601802
1864,1.3446251,-0.30623921,1.3652304,190.21151,1.4180715,1.4523763,-0.0037550336,-0.029491797
1865,4.8592409,-0.45829375,1.0572654,160.05857,1.2436183,1.2313372,-0.0043304613,-0.0056272624
1867,4.0912309,0.66421319,2.3812655,486.13125,1.511662,1.451378,0.0061687003,0.035839409
1868,2.8121233,0.23044986,2.366649,694.04925,1.4747636,1.5575513,0.0061632915,0.028563964
1869,1.4183791,0.97168035,2.771376,337.81895,1.2553212,1.3091282,0.020145431,0.049771296
1871,4.9798561,-0.61064947,0.63317427,563.59661,1.425525,1.4421509,0.015693142,-0.037044708
1872,1.8119833,-0.48632423,1.8235101,271.63825,1.4699913,1.371085,0.016498238,0.022777963
1873,1.8110358,0.67255954,0.44254422,907.73527,1.5139689,1.755249,-0.016761084,-0.024920469
1874,6.0336488,0.51637793,2.8081397,684.76772,1.3398893,1.3833576,-0.039703477,0.045265401
1875,4.2680066,0.45318338,1.6152311,395.00077,1.385341,1.5255836,0.048570519,-0.034762458
1876,5.8572938,-0.87673015,2.3290375,548.44507,1.5190932,1.4901287,-0.0079560219,-0.001341001
1877,1.9363398,0.50897552,1.8807553,168.75107,1.3191038,1.4001842,-0.047260499,0.01254925
1878,0.054807379,0.7667121,0.31496296,597.55152,1.4246917,1.5036554,-0.026367474,-0.024225294
1879,2.8632188,0.77707506,0.70004471,958.54191,1.5554537,1.6697934,0.031648809,-0.020823425
1881,5.2175011,0.4868124,1.7765051,130.725,1.3018234,1.4363141,0.045108362,-0.0060369129
1883,5.8398202,1.0216301,0.54600779,981.54858,1.6863422,1.5062473,0.045050217,-0.029956502
1885,0.31187557,-0.94426348,2.4492696,850.58301,1.6373838,1.5024625,-0.027903113,-0.018860964
1886,3.8886947,0.74622685,0.8058651,571.43186,1.6447305,1.5044683,-0.034398325,-0.019931219
1887,2.8189721,0.046611966,2.8875066,587.96974,1.5439265,1.65407,0.038661465,0.034416194
1888,4.6597087,-1.0392336,2.4620907,613.3668,1.3517753,1.3632256,0.041402368,-0.0059048542
1889,2.8003321,0.85303752,0.92329676,314.17117,1.4695645,1.4667066,-0.047736695,-0.0064441767
1890,5.5247827,1.0049918,2.2658404,366.88405,1.2397754,1.5992929,-0.0063273071,0.038909334
1892,5.0943362,0.6210474,1.3326089,569.29504,1.3465169,1.599996,-0.036896796,-0.04032163
1893,5.6992538,0.38708216,1.702202,109.76092,1.3108479,1.407399,0.026058658,-0.011636127
1894,5.9084669,-0.22522057,2.71941,953.51233,1.5387916,1.5484242,0.00028391062,0.0068616231
1895,6.2385426,1.382053,1.2689181,337.84409,1.5125004,1.3726873,-0.024344706,-0.043907267
1896,0.72896266,-1.2483364,0.54800182,544.54745,1.3927211,1.601725,0.0069064751,0.0041676395
1897,4.9890105,0.38467414,1.6561049,309.52438,1.4582521,1.47495,0.025670085,-0.026055829
1898,2.8896738,-0.15200062,2.5977298,665.51213,1.3497844,1.4896257,0.0078071448,0.0058504001
1899,0.18141636,0.24614063,0.7374964,605.65657,1.3632416,1.5450899,-0.019888436,-0.040324471
1900,5.9658684,-1.1321135,2.207841,600.4817,1.3764024,1.4306631,0.01802969,-0.037748055
1901,5.6156214,0.50248322,0.18299327,779.08095,1.5910011,1.3357465,-0.023435999,0.037180588
1903,4.8749587,1.027417,0.43980979,631.34738,1.5419102,1.6371197,-0.044005315,0.026144309
1904,5.5588399,-0.4299336,2.9688899,916.3219,1.7269397,1.6766263,0.017000052,-0.014534055
1906,0.17086896,-1.0272499,2.1840623,327.97639,1.4666641,1.2587307,0.024999505,0.016195646
1908,6.0157098,-0.42361765,2.5506431,940.61124,1.5117,1.5746559,-0.029900392,-0.013657142
1909,2.9225835,0.71394828,1.1718544,229.52953,1.5840606,1.4067651,-0.038775867,-0.029985352
1910,3.158515,-0.65781148,0.85378995,371.84137,1.3908319,1.2967541,-0.0091362018,-0.0065484509
1911,5.0725456,0.89329557,0.87527445,636.98987,1.5245649,1.551562,0.02033109,0.0082137943
1912,5.7809976,0.7714594,2.551605,695.23965,1.6441928,1.5688042,0.047513196,-0.040211981
1913,4.0508502,1.3819272,1.0638282,770.12378,1.551242,1.585029,0.019026943,0.018176724
1915,4.6464331,1.1506332,1.1029201,714.91296,1.538369,1.5248637,0.041030776,-0.025075517
1916,3.2158355,-0.40115242,2.8452563,539.33404,1.6106798,1.7591213,0.016107584,-0.045942434
1917,4.9066656,0.64998144,2.8568236,757.2935,1.5378272,1.4093942,-0.041063168,-0.024911534
1919,2.9914839,-0.27687248,1.2358992,423.69662,1.3604819,1.5029338,-0.044403622,-0.02740575
1920,4.9365137,-0.878559,1.8791149,513.41176,1.3901968,1.3470613,-0.029318068,-0.026419214
1922,2.9153539,-1.0258332,0.39161584,742.20562,1.6999049,1.4568423,-0.0063824815,0.019156309
1923,5.9544186,-0.56191357,0.94839815,305.21993,1.3415093,1.3939702,-0.035305503,0.016287563
1924,6.147642,0.21870751,0.75615495,929.70128,1.5300941,1.5818595,0.0077676365,-0.042329739
1925,2.0332796,1.0074797,2.1364863,595.74029,1.5740762,1.4580866,-0.0073378753,0.0040550899
1926,0.90661269,0.76944275,2.0960926,778.23778,1.5088761,1.4246519,-0.045078368,0.029500937
1927,1.9563371,0.26009723,2.7267823,346.44065,1.5357033,1.2005772,0.021430603,0.010803854
1929,5.5224727,-0.93484554,0.42372454,433.62967,1.4466456,1.365681,0.024208069,-0.023221872
1931,1.0388321,-0.73591773,2.9967289,700.53659,1.4496087,1.6924419,-0.049353899,0.020014368
1932,3.8529921,-1.2183301,0.89150335,447.66816,1.4807481,1.3794882,-0.026345396,0.048524415
1933,4.8188132,0.80594993,0.7210985,996.80938,1.4703567,1.4764549,-0.037221317,0.0074068565
1934,5.7532005,0.14590395,0.75535734,357.11981,1.6703366,1.31784,-0.02494151,0.019563536
1935,3.2647245,-1.3774657,0.43965092,845.36962,1.6896876,1.7814831,0.0085637049,-0.020129816
1936,5.6620625,-0.88985493,0.7075554,720.87519,1.5902164,1.4503871,-0.038979755,-0.021085167
1937,0.76039409,0.55612176,2.9651341,869.59759,1.614354,1.4909992,-0.042206456,-0.047211775
1938,4.0732542,1.1776992,1.0139048,503.09476,1.6909309,1.5551086,-0.038902345,0.0056488026
1941,5.308312,-0.52620676,1.3287115,406.4784,1.3939367,1.5478745,0.0274593,0.013170329
1942,6.1280635,-0.86512071,0.046693065,665.4612,1.7010677,1.2783517,-0.046084218,0.04252741
1943,1.4890407,-0.39211488,0.78290538,413.90404,1.3566434,1.6545981,0.027738828,-0.00029072002
1944,0.32223409,-1.0791716,1.0032498,195.28861,1.2444844,1.4395683,0.012794547,0.0021283341
1945,4.0454778,-0.133263,2.3727231,344.86277,1.4821674,1.6039851,-0.0063371319,-0.01360527
1946,1.2090913,0.18743139,0.48796403,563.87013,1.3742616,1.593987,0.017069765,0.0019269679
1947,3.0332227,0.94356947,0.96655513,441.83638,1.3848896,1.5465921,-0.0049432117,-0.041047663
1948,1.0625261,-0.065146223,2.0704441,341.36467,1.5016691,1.3980753,0.028277094,0.032688182
1949,2.2210765,-1.173421,1.4056712,396.95855,1.5960046,1.3879409,-0.016633821,0.027576196
1950,4.354245,0.92071171,2.5844361,924.13985,1.6330548,1.4700845,0.048521021,0.034498895
1951,3.0915789,-0.013046744,2.144222,392.59808,1.592533,1.3994836,-0.03829207,0.03107161
1952,5.0176545,-0.060446097,1.3049685,505.15415,1.2692983,1.418085,-0.0004933503,0.032162663
1953,5.3860202,-0.24770368,0.24157895,446.13197,1.4035545,1.5376844,0.0024039542,-0.030954335
1954,2.4314574,0.21864584,2.3061969,584.4775,1.6059622,1.5346955,0.039614729,0.010556906
1955,3.273632,0.91780999,2.6286631,390.65355,1.3598187,1.4325244,0.024836219,-0.005965743
1956,1.2941938,0.031144122,2.3890671,596.83478,1.5636258,1.4241274,0.0083697834,0.021227977
1957,0.6530977,-0.86925101,1.4473727,213.007,1.533784,1.4697718,-0.022339541,0.028040713
1960,2.1027891,0.71132463,1.7931388,438.015,1.365596,1.3055674,-0.01090787,-0.016851758
1961,3.7836227,1.2119707,1.5010218,169.17017,1.2922,1.3721179,-0.010658876,-0.033199863
1962,2.8891775,0.2600509,2.6562822,744.03136,1.5789663,1.3457091,-0.015671,0.013935488
1963,2.9357868,-0.69073624,0.97142704,720.61712,1.604342,1.5087185,-0.016772664,0.025541938
1964,3.2549125,-0.60329857,0.44534017,531.16674,1.3668512,1.5195736,-0.047087865,0.012550965
1965,6.0138124,-0.30638954,2.579843,436.44223,1.465318,1.4493191,-0.0070187404,-0.030116811
1966,2.5648873,-0.77435879,0.81479969,655.07342,1.4870704,1.550592,0.0058370521,0.019270254
1968,0.32740917,0.78717438,0.91908486,322.10539,1.4221147,1.3797341,0.0024969398,0.049028399
1972,5.9890825,-0.61148421,0.69995385,551.40604,1.5827994,1.3555922,-0.032498355,-0.024058063
1973,0.9500999,-0.74733708,2.325658,243.12712,1.3300097,1.3982882,0.048278509,0.03477759
1974,0.043263248,-0.39034862,0.75928562,363.01958,1.5189332,1.4789623,-0.035247467,0.014430834
1975,3.1338175,-0.6436701,1.8951084,304.76956,1.5274794,1.3717964,-0.013719867,-0.035275748
1977,6.2402237,1.135374,1.4200308,409.87292,1.5961372,1.4686563,-0.044650473,0.0013414072
1978,2.6095347,-1.0782895,0.82304028,338.93881,1.4771299,1.280632,0.043086502,0.039417028
1979,3.472951,1.1420086,1.0296113,467.2492,1.3261982,1.4773903,-0.02977792,-0.0047468127
1980,5.0762015,0.11743944,0.20930565,881.06857,1.4001034,1.3200728,-0.037325136,0.0091389356
1981,4.4893133,-0.79409744,1.4985338,416.14535,1.4924429,1.5871671,0.01417418,-0.0081139057
1982,0.41988255,1.526892,2.0890363,375.3275,1.3234968,1.6102826,0.031676144,0.021724534
1983,5.0286523,0.61437142,1.6219046,455.0019,1.6293038,1.4331305,-0.048146755,-0.020946752
1985,4.9522446,-1.1085675,1.6635421,460.99187,1.6433449,1.3519528,-0.038569965,0.015888899
1986,5.3342428,-0.92374521,0.82684699,172.78195,1.368705,1.4918021,-0.01189386,-0.0030862059
1987,3.6068812,-0.30929449,2.8883395,478.1544,1.2015996,1.6145412,0.03552269,-0.023225217
1988,1.0794694,-1.0409792,1.7901269,515.74781,1.4575406,1.4262328,-0.0033341335,0.033928623
1989,2.8490592,0.63109925,1.0470071,346.20543,1.5429688,1.6099276,0.035083624,-0.014932443
1990,5.2738502,0.70524363,1.3428133,293.67038,1.4058812,1.5008844,0.0027392123,-0.016120651
1991,0.30680097,-1.3336593,0.82097213,386.88485,1.4109644,1.5129713,0.001156812,0.024300117
1993,5.598008,0.47219574,2.7790445,567.2738,1.4337177,1.5602126,-0.015158824,0.045647158
1995,3.445773,0.18063753,2.0309728,149.30772,1.4458568,1.3580494,-0.0023165954,-0.013780551
1996,0.48382631,-0.69263302,0.65413734,412.88956,1.6143317,1.3661456,-0.044936831,0.0083883747
1997,1.8836143,1.0021552,1.8884289,431.5025,1.4925351,1.3900262,0.0020804922,0.049968897
1998,3.819111,1.144242,2.2169129,800.98759,1.5673688,1.437183,0.025059801,0.0277002
1999,2.1688428,0.34611167,1.8848452,350.89203,1.3613838,1.5888914,0.04012948,0.029169484
2001,0.090962474,0.74042459,2.9188639,858.7151,1.5533714,1.4544184,0.0097946047,-0.023140814
2002,5.9331115,0.6420981,2.4621056,454.89167,1.4959934,1.4498511,0.034344699,-0.031753007
2003,2.4438559,-0.75628563,1.117343,741.35738,1.6594918,1.5745146,0.011652576,0.019715032
2004,3.0935509,0.37638546,2.0906674,258.67061,1.5335565,1.258887,0.041227305,-0.035282886
2005,0.0069856947,0.0089040871,0.44947599,430.6727,1.5826341,1.4495247,0.032950188,-0.045666487
2006,3.8255409,-1.1665747,2.5834963,406.44558,1.4790002,1.4807112,0.0055241531,-0.0037915968
2007,1.293188,0.004101749,2.0818707,441.6939,1.464145,1.489922,0.021991315,-0.013613462
2008,5.087456,0.62681672,1.155446,287.31117,1.4738018,1.3123294,0.044523808,-0.035005647
2009,5.3706903,-0.36203693,0.44087085,166.18692,1.3670377,1.259164,0.044098511,-0.032317491
2010,0.56809396,0.62983427,3.0301269,481.8261,1.61001,1.4716797,-0.0033537395,0.025084371
2011,1.0871585,0.40398587,0.31116756,575.76389,1.4398731,1.4251677,-0.0064978093,-0.034767056
2012,4.0146169,-0.98996855,2.4749791,494.69871,1.328014,1.3523333,0.044975048,-0.045095454
2013,5.8981409,0.45983955,2.4218225,457.39076,1.3898086,1.6575584,0.044413981,0.049713833
2016,3.4585747,-0.63081912,0.59307499,931.23799,1.514755,1.6757925,-0.012765601,-0.035260857
2017,2.2835203,0.057727056,2.2790305,368.52117,1.360591,1.4363962,0.043784024,-0.049375305
2018,0.13731683,0.60748595,2.602641,305.09937,1.3882947,1.3958389,-0.02646328,-0.026096706
2019,1.1346527,0.49456891,2.5975491,486.9393,1.577306,1.4726634,-0.036784176,0.021220486
2020,1.6843137,-0.14211894,2.0416511,779.63845,1.6663221,1.4847721,-0.010152163,-0.046844234
2021,2.1676134,0.093654316,0.59558517,317.32536,1.5138,1.3715868,0.016007761,0.0024049938
2022,4.6706514,-0.96827061,0.91108444,481.67403,1.4043027,1.3518916,0.048411254,0.021515678
2023,2.1651864,0.62973286,0.27872747,368.54799,1.6543421,1.4017906,0.025908945,-0.047209042
2024,5.2742258,0.81965655,0.67555962,967.1418,1.588394,1.5500624,-0.0041606645,0.033579893
2027,3.9873921,-0.94550947,2.0277343,446.04037,1.3395963,1.3012151,-0.0076877132,0.0098936755
2028,4.027325,0.011383555,0.89782074,846.54729,1.7473061,1.4493053,-0.034660267,-0.022640379
2029,0.29309705,-0.20825781,1.8448672,163.78783,1.3336339,1.3865201,0.0052284109,0.048037888
2030,4.852169,-0.73253475,0.37012146,53.160988,1.2872113,1.3524188,-0.039175115,-0.021563072
2031,5.2192353,0.23311412,2.8318523,971.66104,1.5864916,1.4543622,0.020461923,0.01844734
2032,5.0348741,-0.16495288,0.53178079,862.66613,1.6560464,1.765058,-0.0020055886,-0.0044232686
2034,5.7071556,-0.39488683,2.5745283,300.13698,1.5137913,1.458378,0.030919422,-0.0052389017
2035,0.84611877,0.90790699,1.9751665,362.16823,1.408488,1.55388,0.019248128,-0.0414597
2037,0.7992959,1.4016755,1.3166068,705.97163,1.4219319,1.7097459,0.022759605,0.027983533
2038,5.8146385,-0.35684359,2.0272189,470.31756,1.4447329,1.4691889,0.0026538587,0.02759963
2039,4.1284017,0.05143919,2.5941085,464.7802,1.4170427,1.2443268,-0.039848162,0.04440338
2040,4.3503712,1.0959231,0.9277532,416.03179,1.3218443,1.4394641,0.020456808,-0.040930533
2042,5.4429248,0.11450677,0.36258269,452.10037,1.3720805,1.4760303,-0.002586032,0.011841032
2043,5.6784794,-0.37111806,2.0195886,302.97047,1.2390164,1.4727163,-0.0053494572,0.045056215
2044,3.2730907,0.56392649,1.1216815,476.83815,1.563346,1.5462458,-0.020625816,0.041139847
2045,1.5157864,-0.63689435,1.3529713,151.38433,1.5227742,1.3687746,0.0045526048,0.035181398
2047,3.0460386,-0.076324798,2.5421663,255.65156,1.384168,1.4200466,0.02328295,0.049243621
2048,2.0133683,-0.45163689,0.13041597,726.83345,1.5657567,1.4835414,-0.019443316,-0.031025964
2049,4.1215036,-0.39299727,0.25052614,308.20129,1.4479001,1.4654383,-0.029570744,-0.036074987
2050,4.144287,0.38407541,2.1612993,470.53687,1.3895782,1.3980076,-0.047333418,0.02463101
2051,4.2970741,-0.53007168,1.5384753,282.32326,1.2785381,1.4308953,0.042838917,-0.046853218
2052,4.7757306,0.15939346,1.9223044,158.29006,1.3175868,1.261203,-0.011331442,0.0059029169
2053,1.1221913,-0.51646673,2.1176373,385.49082,1.4793276,1.5091849,-0.022993534,0.031345337
2054,6.2788852,-0.91614796,1.2360945,642.17478,1.517594,1.6724988,-0.047792502,-0.032778827
2055,5.5428052,-0.87920934,0.58061313,991.96049,1.5255409,1.6604622,0.016306058,0.030308302
2056,3.4572562,1.2173463,1.1174061,675.55431,1.5354044,1.5255777,-0.0045345352,-0.008975496
2057,1.6717755,-0.61070945,2.4545661,439.26491,1.3137991,1.591434,-0.036091883,-0.04706067
2058,0.68486276,-0.12172693,2.0402417,471.08764,1.4404107,1.3157859,0.0092825197,0.049974595
2059,4.0195502,-0.55313554,1.2963829,201.53774,1.5252697,1.4360296,0.043689141,-0.04107404
2060,3.0651815,0.40629499,0.96095818,538.18699,1.4193286,1.5847543,0.01136206,0.021254729
2061,6.2343671,0.97776402,2.8089431,850.9563,1.4586408,1.6682357,-0.030354619,0.0073715795
2062,2.6880055,0.70733021,0.62205292,601.10637,1.3586725,1.3608639,0.030561872,-0.037309499
2063,0.046337821,-0.071788891,2.5327241,224.14084,1.3193966,1.4326787,-0.013159276,0.016443503
2064,4.0602176,-0.96084067,0.93469541,670.66234,1.7534505,1.6654176,0.030617227,0.011936671
2065,4.0860709,-0.84475166,2.2289936,722.40961,1.5580651,1.4876179,0.028624345,0.046002815
2066,2.0261944,-0.51223225,0.66830409,413.70816,1.4665855,1.5248901,0.007237583,-0.015436981
2067,4.7301927,-1.1500901,2.8372302,563.08608,1.4406936,1.6065815,-0.044473573,0.041418265
2068,4.7561743,-0.93492211,1.8847649,533.66056,1.40722,1.565364,0.045098701,0.032020425
2069,1.893053,0.58207511,0.65845912,485.80901,1.3644031,1.3260132,-0.042572987,-0.025379797
2070,0.17018833,0.73687699,0.78782999,894.69814,1.6375615,1.7286238,-0.029839389,-0.030111125
2071,2.1390592,-0.097522171,1.1456839,319.67184,1.3537451,1.5843338,0.038270886,-0.031814903
2072,5.1220309,0.46760569,2.7725272,307.39186,1.3279526,1.4417867,0.036059597,-0.012762282
2077,3.9130076,0.55201807,0.59809137,845.3209,1.5303703,1.481486,-0.049028735,0.040495937
2078,2.5435272,0.65345317,2.8773378,172.08824,1.2937296,1.365091,-0.0058037869,0.034533413
2079,1.9053073,-1.1774947,0.68305864,666.3656,1.4783185,1.5556929,-0.023589903,0.024403105
2083,0.14012856,-0.38919891,0.28260702,349.66485,1.4562146,1.3882843,0.040135759,0.021884171
2084,1.9956954,-0.74554246,2.9262064,688.06975,1.6316097,1.3927953,-0.025378869,-0.049140347
2085,2.6511115,0.039048418,0.6731242,881.66737,1.7685896,1.5611161,-0.020210371,0.029900455
2086,4.2612648,-1.0279921,0.66092548,473.12616,1.4183481,1.5020014,0.03735921,-0.018698906
2087,1.2612719,1.0424206,0.82842557,687.93615,1.6581818,1.5373224,0.045685407,-0.0060690161
2088,4.0071017,0.23925538,2.6896208,577.35342,1.5306968,1.4292483,0.034610836,0.048875583
2089,3.9697574,-0.9189544,2.0599237,411.5527,1.5151147,1.5402916,-0.013014076,-0.0059791962
2090,2.4738534,0.93948811,0.49205017,194.85726,1.3667498,1.313384,0.032143887,-0.002302383
2091,5.527906,-0.70496125,0.90542074,811.37489,1.4600559,1.6760964,0.026462661,-0.043115339
2092,3.7771894,0.23184535,2.7768241,434.79878,1.4904856,1.2862097,0.022012845,-0.048901812
2094,1.694873,-0.99512003,1.3585858,545.33434,1.3975204,1.6493854,-0.041354158,0.033109588
2095,6.2133425,-0.85091749,2.7907004,810.01407,1.4381856,1.5526188,-0.044189543,-0.040568735
2096,4.4277998,-0.72592105,0.30226763,599.08759,1.5996627,1.6571048,-0.00020414018,0.013699785
2098,2.8661697,-0.043684578,0.4827193,517.53144,1.3036986,1.6136045,-0.0068335721,-0.010420536
2099,2.6997261,-0.1483393,2.5641888,853.29034,1.671321,1.4806821,-0.032405195,0.021938545
2100,0.1017981,-0.41517182,1.8475141,418.10757,1.4875981,1.4565293,0.029851822,0.048739049
2101,0.22786087,-1.4925457,2.3235598,650.58408,1.5513395,1.3573945,0.048427747,0.01417744
2105,1.2536966,-0.0330233,0.87554965,682.80643,1.6698076,1.5562511,0.022538211,0.0026293765
2106,2.6479222,0.84868363,2.5822315,516.68888,1.4451911,1.43816,-0.0032175651,-0.001786802
2107,0.2441751,-0.2949634,2.4757769,655.29543,1.4706927,1.5107048,-0.044095886,-0.0017811371
2108,3.9495545,0.33836372,2.3613145,624.04035,1.5483797,1.5208835,0.042842939,0.0096490486
2109,0.20698476,0.83095513,0.36952697,205.02218,1.2707248,1.3618298,0.031633071,-0.00079132593
2110,5.6925611,0.92171321,2.7816459,708.22758,1.6431783,1.5133365,0.0072491006,-0.025284682
2112,3.3397273,-0.19401626,2.4177959,436.59637,1.618912,1.328183,-0.0049642558,-0.038101793
2113,0.95819138,-0.60479341,0.96116439,449.45376,1.3579931,1.4362009,0.0059864015,-0.033405176
2114,3.455457,1.3247188,0.24953862,700.35379,1.5877366,1.5696912,0.023305173,-0.033717879
2115,1.249016,-0.55090914,0.48188518,693.87501,1.3683792,1.5355529,-0.0015076342,-0.012018249
2117,1.7102037,-0.11724593,2.6379742,697.13789,1.7688126,1.3725188,0.049521868,-0.018293167
2118,5.0458127,-0.20975546,1.2198534,245.05194,1.5726536,1.303568,0.049486017,0.0010878631
2119,3.0630243,-0.56126602,0.63622532,360.1967,1.4438605,1.3703352,0.00041283078,0.019468045
2120,3.8389512,-1.0623609,2.8939713,735.60856,1.4965321,1.5921873,0.038149339,-0.026945366
2122,1.6929627,-0.68292256,1.0793916,272.4336,1.5488285,1.4095113,-0.031042832,0.0053025047
2123,3.3462918,-0.090244375,2.6389468,606.35136,1.3689964,1.5392622,0.0232089,-0.038719062
2124,5.2728246,-0.09266635,2.144479,378.02758,1.4716776,1.5513446,-0.015432178,0.034458638
2125,5.0267935,-0.69257011,0.77642572,908.58666,1.5314206,1.5413956,-0.044082162,0.020583964
2126,0.77969001,1.160127,1.9052552,454.1963,1.4818797,1.3787423,0.046470574,-0.025621899
2127,0.33391136,-1.0715071,0.5154552,670.57218,1.5817818,1.7398022,-0.022978343,0.013278565
2128,2.9052002,-0.45582384,1.0048341,452.55464,1.4013368,1.5443058,0.016280892,-0.0041457412
2129,2.211172,0.222661,2.2460304,547.23506,1.6252887,1.6224408,0.022513163,-0.043543332
2131,2.5941437,0.22078829,0.40133298,815.88247,1.5619598,1.5867583,0.0094037481,0.049559707
2134,3.9203017,0.29341835,2.7564475,780.60739,1.4990003,1.3958449,-0.016818137,0.025233284
2135,5.8849654,0.015069356,1.3053183,307.22314,1.4525182,1.264721,0.044140392,-0.0071839811
2136,1.1217939,-0.95035726,1.3778087,427.59806,1.5303932,1.5068043,0.029524692,-0.015609858
2138,4.603831,0.018766373,1.6954198,188.53808,1.3094214,1.395489,0.021417159,0.04740888
2139,3.8029325,0.76098614,2.5901265,262.31549,1.320397,1.4771133,-0.043471789,-0.037346032
2140,1.9546238,1.3534571,2.2292735,272.74291,1.3609517,1.3072753,0.019272683,0.028992546
2142,2.7447614,-0.65525136,2.5574646,722.56755,1.4926042,1.6008454,0.033458791,0.030744929
2143,5.8062226,-1.1855151,1.8882505,576.32005,1.5166323,1.5976346,-0.012592479,-0.0039351676
2145,0.22550713,-0.59428743,0.65236168,850.45227,1.5832449,1.5808271,-0.039976936,-0.01461334
2146,5.6741784,-0.4395924,2.4358552,566.78622,1.5370565,1.5178064,0.030743496,0.0083570314
2148,2.2524278,-0.24173303,2.0092663,498.88216,1.4485277,1.5437428,3.4168063e-05,-0.033032255
2149,5.0943683,-0.65249276,2.59066,995.22577,1.6529123,1.5558667,0.010238147,-0.043504201
2150,0.99149974,-0.2400949,2.6468248,732.79784,1.556594,1.6376837,0.022643818,-0.027851643
2151,3.304356,-0.80638741,2.2856871,577.34196,1.5400746,1.4695538,0.014501766,-0.020072436
2152,0.73050394,-0.99919241,0.68946085,628.9375,1.5667554,1.5087676,-0.016680181,-0.043141282
2153,4.6102721,-0.63730604,1.8481528,196.47327,1.3188065,1.4595639,-0.026625274,0.0092451615
2155,4.7181785,0.47681665,2.0069997,385.26781,1.5006038,1.5204183,0.016082845,0.010608518
2156,0.50011145,-0.15161801,2.2762454,702.41708,1.386551,1.5804075,-0.0038148771,0.03837054
2158,2.3671944,0.13692963,0.91428065,347.34553,1.4367441,1.3045643,-0.026801551,0.026164261
2160,4.8817688,0.62584114,2.6672983,946.80849,1.4875796,1.5623605,-0.020528214,-0.019226667
2161,4.1548762,-0.24332576,2.7303475,451.80321,1.4713719,1.3870367,-0.0093042026,-0.040336982
2162,5.2487559,-0.73741386,1.2582621,414.89156,1.4300879,1.423189,0.022653725,0.0401407
2163,1.7259793,-0.23985193,0.89816112,211.94933,1.4476584,1.5403378,0.021001098,-0.01083569
2164,5.118994,0.54187134,2.0583229,388.71356,1.268866,1.4212696,0.00141222,0.014945125
2165,3.6852685,0.52168671,1.2359868,555.8127,1.429211,1.5003709,-0.017066648,0.045787249
2166,1.1923204,-0.78420141,0.47243635,457.47221,1.3839715,1.3833476,-0.047576871,0.02165202
2167,2.6030586,0.24313329,0.3933965,255.46479,1.4425628,1.5924045,-0.014796589,-0.017510537
2168,3.1921741,-0.45880244,1.1338013,570.44351,1.3608462,1.421765,0.0046097678,0.045626883
2169,1.3832615,0.015894704,0.4110018,476.66913,1.340406,1.453431,0.0025870794,-0.013055659
2170,3.6566948,0.83071768,1.7715807,347.00364,1.3267727,1.5434019,-0.010134132,0.0095992182
2172,4.5308137,0.45193925,0.67845564,205.94172,1.5782523,1.395433,0.00056883006,-0.014465979
2173,4.8115161,-0.075376632,2.2151008,274.1161,1.4219046,1.3214391,-0.039512706,-0.022028137
2174,5.2105765,-1.1779034,2.7039765,428.38641,1.5747434,1.4514708,0.032881929,0.021257922
2175,1.8183436,-1.1002523,2.373978,728.20017,1.737627,1.5226887,0.024173652,0.024582097
2176,2.5443128,-0.83414676,0.54216889,422.82961,1.4282781,1.4230015,0.021937112,-0.014358896
2178,2.4810995,-0.85628836,2.7759197,687.60953,1.5093787,1.5796752,0.020337924,-0.012742915
2179,4.6221828,1.1494921,2.7380535,495.55526,1.3671576,1.5004379,0.044879885,-0.04993285
2180,1.2431233,-1.433653,1.0619815,448.00343,1.4346588,1.5703593,-0.016731019,0.023314782
2181,2.4819993,-0.045889297,2.8057209,819.28786,1.5963877,1.5944226,-0.044386718,0.043076462
2182,2.8870393,-0.40627639,2.1329973,458.67481,1.3834981,1.4935475,-0.03101469,0.03281088
2183,1.6578672,-1.2117186,2.610728,869.32781,1.5568197,1.5057035,0.0019239048,-0.032980417
2184,6.0509948,-1.1600039,0.23175216,963.04482,1.5995803,1.6792442,-0.025505724,-0.013939234
2186,1.8130106,1.0164921,1.8173944,269.20167,1.3444731,1.4876551,-0.021348665,0.019425285
2187,5.2155896,-0.52831879,2.5090466,580.92149,1.4893481,1.3696656,0.043961977,0.033747417
2188,5.3374494,-0.14372289,1.4230453,340.39911,1.4416141,1.4128303,-0.049766656,0.032654958
2190,5.3894366,-0.91387373,0.71244307,568.23685,1.4870331,1.4025282,-0.031234556,-0.048288835
2191,3.103453,-0.93883383,2.5511187,497.09541,1.6637519,1.6053559,0.026255985,0.03351955
2192,5.5730548,-0.07869275,0.69886154,441.11318,1.3858877,1.4193494,4.838727e-05,0.038676248
2193,3.8839553,-1.0808048,2.1129061,112.71093,1.3483171,1.3449561,-0.0073562257,-0.047634546
2195,3.2630379,0.62658797,0.22845202,824.59763,1.435508,1.5519819,0.015033055,0.043339431
2196,1.955878,-0.50474895,0.9112334,350.89639,1.4837257,1.4601618,0.014067138,-0.02706114
2198,3.4741532,0.057421417,2.8046055,812.47032,1.6106673,1.5976372,-0.024690137,0.024887693
2199,1.9034102,-0.40004016,0.48188278,249.30155,1.3088945,1.3081828,0.0091108274,0.041339481
2200,0.31260728,0.26205617,2.2176354,773.83551,1.5331037,1.4739812,-0.0041987073,0.023640051
2201,2.3837578,-0.38895736,2.6184825,581.05829,1.6162107,1.4073353,-0.0077436217,0.0072721693
2202,4.4169659,0.18300665,0.23200407,352.11765,1.2964557,1.3665847,-0.003933304,-0.0024382168
2203,0.83423333,-0.5981217,0.24795742,402.28519,1.4825373,1.527489,0.0022154662,-0.0047077214
2205,0.26488374,0.67613517,0.40249249,403.38404,1.5073323,1.3417025,0.041079251,-0.022001606
2206,3.2862975,-0.79551385,0.40216235,801.41449,1.4603743,1.5189104,0.036945687,-0.006854499
2207,2.3616427,0.55487869,2.1380902,726.61579,1.6307643,1.5332886,-0.013441845,0.0089493081
2208,4.9682077,0.80636346,2.5045972,618.5096,1.4389011,1.5094898,0.031309329,0.019817138
2209,4.9811416,0.95274794,2.1422501,623.63355,1.6308601,1.4472049,0.01160195,0.013590914
2210,3.1298751,-1.1464948,0.91064737,146.79254,1.4455709,1.4661012,0.026075266,-0.02440403
2211,4.2732172,0.86220281,0.54641884,783.72917,1.4923945,1.5718609,0.015189021,-0.0010658158
2212,6.2607925,0.22761651,2.7164212,335.55183,1.5375359,1.2850432,0.030964443,-0.027022303
2213,4.5305642,-0.77878984,0.92779844,831.22134,1.411806,1.5633936,-0.010807602,0.044896798
2214,1.2651573,0.24718953,2.0486137,411.85164,1.4303206,1.5036614,-0.045579295,0.036875473
2215,4.817169,-0.34595981,2.5119832,579.5395,1.4492992,1.4517036,0.0098600862,0.023268512
2216,0.46085494,0.61738888,1.1778237,133.44131,1.302059,1.2047943,-5.8047836e-05,0.0011718254
2218,5.1099712,0.24878785,2.5884847,209.28264,1.3694175,1.461038,-0.023478472,0.030540377
2219,1.7922869,-0.20637432,1.0133092,354.54144,1.5031671,1.4682271,0.018082886,-0.035403681
2220,2.3566233,1.0709864,0.82945419,523.35477,1.4565611,1.3389811,0.02284857,0.047450964
2221,3.4857665,-1.1108701,2.3429566,643.45804,1.5766983,1.3616361,0.0094721634,0.040166339
2222,4.9568131,1.2537936,1.2046644,231.49256,1.5177054,1.4093481,0.035863565,-0.025599164
2224,5.1242825,0.88063763,2.5047504,578.86171,1.4613313,1.4413052,0.0083226516,-0.021294251
2225,5.6894231,1.4558213,0.71853577,477.58085,1.5797825,1.4207664,-0.020771104,0.034869282
2226,5.980876,-0.74499033,1.8816681,285.22151,1.2444689,1.3982045,0.0097856277,-0.009033175
2229,3.9332416,0.77916724,1.993094,630.63393,1.4634689,1.5737389,0.021559662,-0.0056169936
2231,5.6017245,-0.60214003,0.3684373,828.93937,1.6863152,1.506376,0.0040529075,-0.026721299
2232,3.6882003,-0.90480839,1.0764029,499.32666,1.4109497,1.4986963,-0.030929447,-0.011068947
2233,1.5408107,0.23720352,2.695856,279.94587,1.4647051,1.3182618,-0.0094919314,0.0039622954
2234,2.7890971,0.46830564,0.33034447,384.2012,1.3711529,1.4701058,0.049220383,-0.042852685
2236,5.5708389,0.15838027,2.6225825,378.50844,1.3343086,1.5149359,-0.032271126,-0.020912114
2237,0.46934272,0.81445721,0.91159704,550.86079,1.3741781,1.4188515,0.031590099,0.033375055
2239,0.27612347,0.016358991,2.3853233,353.4449,1.4935937,1.318937,0.033584718,-0.029607686
2241,3.7261085,-0.068940717,0.52589595,802.24281,1.7143218,1.445287,0.036302735,0.041422531
2242,4.2521984,-0.22631807,0.82313893,980.78243,1.6963344,1.5444687,-0.016297131,0.017153648
2243,0.0045425406,0.83094724,2.1949846,815.85612,1.7184157,1.5997156,0.023615373,0.047556585
2244,2.5758771,0.16884219,1.3351805,202.64066,1.398185,1.3035609,0.049112107,0.03061924
2245,4.6336846,-0.64070835,0.21682031,842.24769,1.4410536,1.5216348,0.042196099,0.024994896
2246,3.3693854,1.0482619,0.48079452,685.51904,1.557949,1.466814,0.037232863,0.043406579
2247,0.66638368,0.12115735,1.9828529,313.8071,1.5361784,1.4905888,-0.031699999,0.035533133
2248,0.47735131,-0.024677187,1.2957218,352.77255,1.2623865,1.5665398,0.016266158,0.034414862
2249,4.3614332,-1.0797388,2.397988,735.23286,1.476511,1.471308,0.029489428,0.0033524505
2250,1.9499489,0.0098063234,1.1571657,439.68334,1.5117213,1.4521378,0.020466659,0.0054164231
2252,3.1475064,0.13938162,1.9782449,635.29373,1.5156772,1.5284112,0.03019117,-0.0021291158
2253,5.9368008,0.011704613,1.2463913,360.71209,1.3349982,1.3537174,-0.033560444,0.017665266
2255,2.8512848,0.50437753,1.0777658,193.14249,1.4470699,1.375254,-0.031647455,-0.016621363
2256,4.4367369,-0.48365133,2.7764628,764.85727,1.4553147,1.7329179,0.046299535,-0.00052969699
2257,4.2430728,-0.78823724,2.7306793,168.97516,1.4549141,1.2535632,-0.036928072,-0.0086221609
2258,6.1121411,0.17602405,0.20726827,905.39766,1.4951042,1.5896795,0.026430069,0.014874194
2259,2.5519244,-0.55979018,0.61269256,640.62506,1.4967721,1.4725376,0.0087857925,-0.04671561
2263,3.8818263,-0.13924216,2.7739184,346.96962,1.3867916,1.3715815,0.039705175,0.039452021
2264,2.2802062,-0.086171203,0.73769513,828.77189,1.6574253,1.4792741,0.0038771494,0.039999295
2265,5.7756583,-0.87924212,1.834696,420.05311,1.4543995,1.7011286,0.04949699,0.037497283
2266,1.4420572,0.93780255,0.76877988,260.25943,1.4668299,1.3667918,-0.0060002653,-0.0096146682
2267,4.6579974,-0.29820355,1.6998687,380.23251,1.3314531,1.4241907,-0.0032561675,-0.039374562
2269,1.6978035,0.71441544,2.5080897,579.77693,1.3793223,1.5768794,0.021487397,0.012907157
2270,2.8431501,0.72563758,1.006397,601.7605,1.5007232,1.4926252,0.049230999,-0.035853511
2271,1.6891535,0.38191339,1.1750062,503.01415,1.2881924,1.4163812,0.044165752,-0.0090326353
2272,3.2092915,1.0788134,1.6263807,206.17185,1.355495,1.4180692,0.01931406,-0.012179895
2273,2.019495,1.2617122,0.88015902,490.75458,1.4150975,1.4899704,-0.036694702,0.028282618
2274,5.9872338,0.44271782,2.4414969,618.3233,1.3593807,1.6235707,0.02190825,0.04463426
2275,3.6794695,-0.7823543,0.48313929,856.21422,1.4127992,1.4334777,0.043816667,0.0061612481
2277,4.4176415,0.49971208,0.18208581,523.02908,1.3012724,1.3375864,0.001673184,-0.032141305
2280,1.1456854,0.69579092,0.61924811,372.59719,1.3533217,1.4983114,-0.009693658,-0.032746495
2281,2.299176,1.2905539,2.6713475,276.31314,1.4862458,1.3566689,0.047192386,0.0049206337
2282,3.1249141,-0.2081812,1.0760456,794.8864,1.467518,1.6850299,-0.026967719,-0.041767693
2285,1.6248567,-0.16559095,2.8685825,672.9071,1.5883428,1.4180209,-0.025216474,0.043601012
2286,6.2007575,-0.88932692,2.7358064,665.65636,1.5538134,1.5500123,-0.0035184396,-0.030947572
2288,4.6381601,-0.011717891,2.045888,323.06449,1.3301678,1.4347368,0.0035615601,0.036208318
2289,2.8807027,0.80257999,2.1834135,663.83052,1.6087962,1.5493679,-0.019884727,0.0008617171
2290,2.5244733,1.3053968,2.6581954,987.77786,1.7210199,1.6260087,-0.023607178,0.0384418
2291,0.51325207,-1.2778729,2.1540361,151.96069,1.1719294,1.401797,0.034599049,-0.035724312
2292,5.3864417,-0.32853188,2.7498988,769.64119,1.3340163,1.5359857,-0.0085884903,-0.037708298
2293,0.89308267,0.7734079,2.6193934,601.99068,1.480495,1.4781929,0.0048318798,0.023938286
2294,6.2546424,-1.3898662,1.185433,561.28853,1.5032814,1.3294162,-0.027777691,-0.042158445
2295,1.2255845,-1.2382514,2.2433244,545.84159,1.398843,1.3098443,-0.037954951,-0.044167049
2297,1.8664344,-0.52638567,1.046183,418.41066,1.3402924,1.6001088,0.0013223817,-0.0099492563
2298,1.7321932,-0.34683905,0.49347469,376.41236,1.3446277,1.346522,0.0036478967,-0.049374212
2299,0.63875971,0.46458939,2.901249,828.31816,1.5720149,1.5610572,0.0062194009,0.038808386
2300,2.7605952,0.82911873,2.0455392,318.23045,1.3594644,1.3505646,0.024478655,-0.0015215407
2301,1.9240387,-0.88200981,2.0241497,318.542,1.5527187,1.6011948,-0.00084521815,0.0021366215
2302,3.2105266,-0.38506022,1.0680582,970.92365,1.4519744,1.7077804,-0.010256597,0.033802226
2303,4.0216939,1.048652,2.0470533,548.20478,1.3925085,1.4319572,0.041618993,0.025723513
2304,0.15623414,1.2600054,0.57322797,424.12914,1.3493199,1.4869026,-0.026171772,-0.016649853
2305,2.163984,0.39312747,3.0710445,309.62619,1.4023089,1.2114389,0.036518266,0.025897134
2306,1.4666255,0.4863149,2.1632983,205.1817,1.343139,1.3361365,0.018453461,0.011176932
