simulation_id,mjd_time,gps_time,longitude,latitude,ra,dec,inclination,distance,mass1,mass2,spin1z,spin2z,redshift,mass1_detector,mass2_detector,mass1_source,mass2_source,radius2,compactness2,mej_tot,mej_dyn,mej_wind,phi,costheta,distmean,diststd
3,63230.9101,1640469051.96,0.90171014,0.34458973,51.664185,19.743537,0.21996888,184.47588,3.0643749,1.2183794,0.78774416,0.27584037,0.0404014,3.0643749,1.2183794,2.9453776,1.1710667,11.992361,0.15003,0.307176,0.034559,0.103755,44.103566,0.975904,145.352591,30.504837
17,62714.6552,1595864627.13,1.8094942,0.12912099,103.676381,7.398088,0.26935593,737.35537,4.9697371,1.4343284,0.60207832,-0.36476108,0.1500812,4.9697371,1.4343284,4.3212055,1.2471541,11.906048,0.1779,0.078312,0.005239,0.023697,66.869475,0.963942,620.800324,206.119712
39,62069.3764,1540112535.54,5.1286029,-0.86469639,293.847301,-49.543454,2.0386369,627.96415,6.4813328,1.4022652,0.61733574,0.37914616,0.1294753,6.4813328,1.4022652,5.7383571,1.2415191,11.922535,0.17369,0.047636,0.002558,0.012749,62.289593,0.45096,871.542506,317.824208
94,63039.2989,1623913846.02,0.50942776,0.2790114,29.188061,15.986176,1.2919772,557.20498,14.353896,1.5092601,0.92682821,0.15531732,0.1158912,14.353896,1.5092601,12.8631675,1.3525154,11.860609,0.18791,0.085389,0.003449,0.022086,73.981427,0.275221,1557.985595,456.379325
114,63656.32,1677224469.6,3.352007,-0.31341134,192.055854,-17.957147,2.3426958,526.96477,17.390877,1.2717348,0.96510029,0.14297999,0.1100208,17.390877,1.2717348,15.6671628,1.1456855,11.97551,0.15682,0.208269,0.08416,0.033451,70.70241,0.697498,623.938591,152.512004
137,62474.4981,1575115051.94,4.9244833,-0.43293425,282.152109,-24.805305,0.55670275,727.1234,13.765974,1.1632371,0.9337213,0.49854156,0.1481732,13.765974,1.1632371,11.9894582,1.0131199,12.006658,0.14307,0.228995,0.103229,0.033898,62.697397,0.849002,657.235976,170.179962
150,61909.6693,1526313846.65,3.6632965,-0.67706612,209.891429,-38.793031,0.079914416,733.74438,5.6562271,1.3017744,0.39612439,-0.39591342,0.1494083,5.6562271,1.3017744,4.9209905,1.1325605,11.964979,0.16067,0.021322,0.000549,0.006001,64.875371,0.996809,759.645598,227.242079
191,62307.3096,1560669968.46,2.2914665,-0.21448275,131.291359,-12.288956,0.87731539,184.82699,4.5912576,1.1434275,0.35041642,-0.28486311,0.0404761,4.5912576,1.1434275,4.4126508,1.0989465,12.011448,0.14058,0.077087,0.027029,0.014968,26.364332,0.639218,291.195365,89.142578
199,63901.4965,1698407713.55,3.4742183,0.5099669,199.058046,29.218951,0.58754205,795.45518,5.020524,1.5288697,0.85819119,-0.095889971,0.1608431,5.020524,1.5288697,4.3248945,1.3170339,11.847217,0.19057,0.229429,0.016224,0.071343,41.348589,0.832306,696.217671,250.563945
216,61174.3828,1462785088.36,3.5863299,0.30294238,205.481567,17.35732,2.3219602,241.85752,6.5707297,1.1861339,0.38670325,0.068621084,0.0525112,6.5707297,1.1861339,6.242907,1.1269561,12.000337,0.14596,0.019699,0.005378,0.003911,66.410378,0.68249,357.548131,120.652601
243,63985.611,1705675206.31,1.9847525,-0.79791143,113.717942,-45.716957,0.82683671,213.84012,8.0149803,1.2765052,0.74806988,-0.36678177,0.0466233,8.0149803,1.2765052,7.6579414,1.2196414,11.973871,0.15743,0.111066,0.032912,0.021158,64.290401,0.677207,219.593147,49.901725
248,62728.0305,1597020256.16,4.852142,-0.24651517,278.007258,-14.124279,0.36155233,883.20665,16.338531,1.5001585,0.95805579,-0.18338433,0.1768738,16.338531,1.5001585,13.8829934,1.2746979,11.866539,0.18669,0.12244,0.018643,0.027977,64.393987,0.935349,982.062117,343.757103
273,61638.2838,1502866142.48,5.7931377,-0.071982472,331.92234,-4.124292,0.41152005,719.32884,13.533473,1.4982258,0.95507604,-0.43076551,0.146717,13.533473,1.4982258,11.801929,1.3065349,11.867547,0.18643,0.176377,0.037085,0.037547,70.452163,0.916514,949.857454,371.531099
275,61193.5862,1464444268.4,0.74524378,0.10297563,42.699323,5.900069,0.81742099,434.85593,5.4992366,1.2615954,0.56611288,0.22691528,0.0918858,5.4992366,1.2615954,5.0364578,1.155428,11.978877,0.15553,0.092014,0.023305,0.019823,55.904067,0.684105,506.44308,146.435911
287,61806.9321,1517437349.98,5.8928598,-1.0205915,337.635996,-58.475586,2.7118834,246.35344,5.5156746,1.159238,0.58435768,-0.31845918,0.0534517,5.5156746,1.159238,5.2358115,1.1004187,12.00735,0.14257,0.127541,0.04087,0.024314,23.672007,0.909087,222.061998,50.869225
296,61766.729,1513963805.59,0.91871832,0.18796235,52.638682,10.769449,2.1024028,340.93267,12.820803,1.303731,0.88683319,-0.24943835,0.0729711,12.820803,1.303731,11.9488795,1.2150662,11.96427,0.16092,0.117942,0.037345,0.021724,18.383128,0.506919,484.555271,113.293188
307,61609.776,1500403060.63,1.436544,0.96824237,82.307908,55.476201,1.1183969,549.42687,13.987705,1.4021251,0.9722752,-0.48840433,0.1143851,13.987705,1.4021251,12.5519489,1.2582052,11.922646,0.17367,0.263562,0.076676,0.050373,51.551076,0.437125,1213.837104,354.273604
331,61055.1723,1452485303.49,4.0228271,-0.40965467,230.491015,-23.471484,2.535957,326.03496,12.93119,1.4230555,0.9451583,-0.45547,0.0699292,12.93119,1.4230555,12.0860243,1.3300464,11.91154,0.17642,0.189689,0.049295,0.037843,24.590108,0.82214,340.027449,85.2521
345,62225.0724,1553564670.05,1.083252,-0.94012056,62.065768,-53.86494,1.1747311,270.63763,3.3034542,1.3117542,0.39691961,-0.25712487,0.0585114,3.3034542,1.3117542,3.120849,1.2392443,11.96134,0.16195,0.092781,0.00997,0.031502,24.340115,0.385791,597.021619,214.901187
352,64177.9889,1722296660.22,2.5412498,-0.23260473,145.602888,-13.327269,1.4611064,229.86647,2.1535232,1.2682136,0.50557321,0.11057789,0.049997,2.1535232,1.2682136,2.0509803,1.2078259,11.976714,0.15637,0.183636,0.009833,0.071917,34.228308,0.10947,353.817243,86.056684
362,62683.6506,1593185833.75,6.182322,-0.90201994,354.220958,-51.681936,2.7698418,657.34959,10.249949,1.3602687,0.95798427,0.13953535,0.1350564,10.249949,1.3602687,9.0303437,1.1984151,11.941758,0.16821,0.31127,0.079655,0.06247,66.933733,0.931693,695.736364,208.567039
384,61523.7226,1492968052.17,1.0728406,-0.93864971,61.469238,-53.780667,2.5861582,301.80188,6.4365005,1.5291271,0.82012504,-0.204261,0.0649554,6.4365005,1.5291271,6.0439154,1.4358602,11.847063,0.1906,0.144114,0.012207,0.038599,26.71228,0.849671,303.1994,64.433225
390,64406.4993,1742039956.68,3.9753212,-1.2763109,227.769127,-73.127228,0.20702401,268.52388,4.8051295,1.5993415,0.86442995,-0.10110982,0.0580723,4.8051295,1.5993415,4.5413998,1.5115616,11.791203,0.2003,0.219889,0.007477,0.074688,18.370658,0.978647,200.700641,50.13103
393,64431.6742,1744215071.33,2.257077,-0.77274169,129.320986,-44.274837,2.1158506,632.87219,11.837072,1.1912659,0.90246779,-0.051734835,0.1304099,11.837072,1.1912659,10.4714866,1.0538353,11.999191,0.14661,0.202697,0.08278,0.032322,20.294038,0.518465,826.451073,250.164459
421,62758.3862,1599642982.99,0.21444178,-0.56470554,12.286609,-32.355244,2.7683568,45.492847,15.124082,1.0308818,0.96504658,0.23898502,0.010188,15.124082,1.0308818,14.9715521,1.0204851,12.0348,0.12649,0.33296,0.181476,0.04083,33.421569,0.931152,30.387764,9.317215
424,63981.328,1705305160.52,0.46449392,1.1483984,26.613541,65.798382,2.1658333,326.73611,7.0052743,1.2546315,0.52529329,-0.094502054,0.0700726,7.0052743,1.2546315,6.5465411,1.1724732,11.981253,0.15464,0.033294,0.007294,0.007095,63.580337,0.560539,388.855279,115.201617
425,63014.2186,1621746903.53,2.1030156,0.22649294,120.493918,12.97709,1.1101836,479.04579,15.184749,1.386247,0.93230039,-0.25461856,0.1006351,15.184749,1.386247,13.7963513,1.2594973,11.929626,0.1716,0.119199,0.029192,0.02426,38.021256,0.444497,849.015167,298.14128
428,63785.2382,1688362997.86,5.2033627,-0.55086768,298.130722,-31.562393,1.0039932,672.56189,17.81955,1.5804586,0.97464836,0.48186243,0.1379321,17.81955,1.5804586,15.6595898,1.3888865,11.807714,0.19766,0.123957,0.010499,0.030581,68.779229,0.536938,968.045199,320.626567
443,62728.7492,1597082351.16,1.9622847,0.8969562,112.430632,51.391805,2.4783231,749.94773,10.772735,1.279181,0.85894924,0.035474338,0.1524241,10.772735,1.279181,9.3478915,1.1099916,11.972952,0.15777,0.138794,0.046272,0.024942,19.496341,0.787983,881.849237,319.476608
459,62957.2676,1616826334.43,2.6882487,0.086731592,154.025305,4.969354,2.5181967,144.83523,6.3795528,1.6005903,0.86328524,0.48653716,0.031916,6.3795528,1.6005903,6.1822405,1.5510859,11.790031,0.20048,0.167924,0.008937,0.047714,67.590883,0.811901,133.4451,29.162048
470,61640.5675,1503063445.85,0.55186005,0.78741457,31.619252,45.115532,1.0210173,660.34051,11.63953,1.3252449,0.98334849,0.0083170114,0.1356225,11.63953,1.3252449,10.2494713,1.1669766,11.956323,0.16368,0.391259,0.111527,0.075405,40.309631,0.522499,981.233943,279.678151
482,63905.0473,1698714508.8,3.0827368,-0.15364741,176.627808,-8.803348,0.88083786,764.41228,13.123148,1.1811951,0.95230156,0.13627641,0.1551081,13.123148,1.1811951,11.3609694,1.022584,12.001733,0.14534,0.285873,0.118234,0.045184,53.876949,0.636505,911.960099,296.56217
493,63713.5444,1682168656.91,1.8056751,0.10097936,103.457562,5.785691,2.0020037,467.06785,4.6758509,1.7769805,0.98594522,-0.31440338,0.0982727,4.6758509,1.7769805,4.2574591,1.6179776,11.584593,0.22652,0.397885,0.001697,0.148213,30.511509,0.417968,944.063755,293.812136
542,62660.041,1591145964.23,3.392121,1.3439584,194.354217,77.003144,2.7170412,350.03623,9.9724569,1.162156,0.89421046,-0.017631529,0.0748242,9.9724569,1.162156,9.2782213,1.0812522,12.006847,0.14293,0.244424,0.093244,0.040754,30.036886,0.911224,322.095192,65.799722
563,64252.7658,1728757386.4,5.370283,0.30318441,307.694551,17.371187,1.1005156,718.59929,8.0532932,1.2733002,0.90152115,0.46603152,0.1465806,8.0532932,1.2733002,7.0237478,1.1105195,11.974971,0.15702,0.273649,0.071804,0.054629,18.728651,0.453137,1138.905883,328.732974
567,61944.2673,1529303114.47,5.184914,-0.92757263,297.073689,-53.145997,1.9792632,867.95571,13.281716,1.4013354,0.90098083,0.21103145,0.1741064,13.281716,1.4013354,11.3121914,1.1935336,11.92328,0.17356,0.098333,0.019346,0.02129,72.933453,0.397203,906.69842,323.469981
577,63960.506,1703506134.41,1.9450331,1.5424297,111.442188,88.374712,2.0812701,540.23504,11.51562,1.3850319,0.86878341,0.098874867,0.1126019,11.51562,1.3850319,10.3501715,1.2448585,11.93022,0.17144,0.099685,0.021767,0.021006,66.836414,0.488591,800.160822,235.152181
578,63812.5625,1690723820.83,2.1562666,0.73749232,123.544976,42.255197,2.6403913,341.50288,5.7177439,1.3617005,0.4892385,-0.23309983,0.0730873,5.7177439,1.3617005,5.3283117,1.2689559,11.941062,0.1684,0.03187,0.00054,0.009177,72.961883,0.877006,502.732282,184.251213
589,63810.783,1690570068.1,1.7149559,-0.73967938,98.259735,-42.380507,0.37589726,316.86019,7.0166082,1.5525553,0.96876377,0.20559767,0.0680498,7.0166082,1.5525553,6.5695512,1.4536356,11.829848,0.19381,0.359294,0.040671,0.090754,67.38368,0.930179,281.046477,58.468829
625,62188.5954,1550413057.74,1.1143565,0.63695332,63.847924,36.494737,2.3701691,596.55145,5.6847367,1.3393022,0.66485357,0.29935005,0.1234706,5.6847367,1.3393022,5.0599782,1.1921115,11.950948,0.16549,0.11336,0.021456,0.026798,24.791363,0.716919,674.484719,182.732574
652,63224.3389,1639901298.29,3.4033315,0.50765229,194.996531,29.086334,2.5266173,547.9944,15.405053,1.6068854,0.95937884,-0.42192686,0.1141075,15.405053,1.6068854,13.8272597,1.4423074,11.784202,0.20137,0.107338,0.002848,0.028164,72.732994,0.816788,597.438799,118.958082
674,62714.9896,1595893518.03,3.5410933,-0.26265501,202.889701,-15.049024,2.9889861,795.25585,11.222466,1.4292219,0.84838104,-0.17320651,0.1608064,11.222466,1.4292219,9.667819,1.2312319,11.909661,0.17722,0.070395,0.006544,0.017217,33.826025,0.988378,578.79278,278.283236
683,63720.9129,1682805292.37,2.2024147,-1.1701943,126.189067,-67.047195,2.1021767,392.92045,3.6534567,1.2380852,0.50339252,0.060375515,0.0834956,3.6534567,1.2380852,3.3719164,1.1426767,11.985969,0.15254,0.138593,0.02372,0.040771,46.056169,0.506724,409.359419,143.480517
686,63330.2448,1649051571.46,1.0610129,-1.3503089,60.791561,-77.367001,2.6143026,519.02193,2.2743227,1.1872208,0.95382643,-0.4557893,0.1084722,2.2743227,1.1872208,2.0517633,1.0710424,12.000066,0.1461,0.461931,0.032039,0.175045,30.944546,0.864174,686.847823,200.564675
696,61917.5447,1526994282.04,1.2846614,-0.07814961,73.605676,-4.477643,0.50423164,330.7523,16.678139,1.1389244,0.93390393,-0.062996417,0.0708937,16.678139,1.1389244,15.5740379,1.063527,12.012751,0.14001,0.174427,0.087651,0.023389,37.680438,0.875546,398.988863,108.677466
700,62661.027,1591231150.42,2.9295978,0.088938547,167.85359,5.095803,0.69738718,567.3507,6.452055,1.2021451,0.42516574,-0.038752817,0.1178519,6.452055,1.2021451,5.7718334,1.0754064,11.997035,0.14797,0.028598,0.009135,0.005335,45.595837,0.766523,529.630519,161.213552
713,63204.5319,1638189971.77,0.2020419,0.045983931,11.576148,2.634685,0.44235921,728.44684,8.0662203,1.2753439,0.90152115,0.46603152,0.1484202,8.0662203,1.2753439,7.0237537,1.1105203,11.97427,0.15728,0.272744,0.071413,0.05449,38.414241,0.903744,539.064252,149.493522
723,61338.0903,1476929418.61,3.7802678,0.3224247,216.59339,18.473575,0.36578092,473.89372,4.7568831,1.1895555,0.41783795,0.29885748,0.0996198,4.7568831,1.1895555,4.3259345,1.081788,11.999539,0.14639,0.080349,0.024457,0.016746,32.172032,0.933845,417.95444,151.578723
732,64157.8541,1720557014.61,1.8402173,0.81523509,105.436685,46.70953,0.1736562,649.77543,6.214241,1.7453644,0.92715859,-0.25291762,0.1336211,6.214241,1.7453644,5.4817618,1.5396364,11.630433,0.22161,0.212653,4e-06,0.067873,36.562992,0.98496,518.36546,156.518142
738,61961.5775,1530798713.31,6.1530618,0.45247287,352.544472,25.924786,2.1483359,494.55761,16.829807,1.1044958,0.98173887,-0.038662553,0.1036848,16.829807,1.1044958,15.2487443,1.0007348,12.020054,0.13569,0.35597,0.179912,0.047453,63.436985,0.545964,1010.484956,319.929684
748,62229.566,1553952923.48,5.2633491,0.23448371,301.56769,13.434927,2.7075014,476.28735,6.3041725,1.1672648,0.84156561,-0.045227673,0.1000917,6.3041725,1.1672648,5.7305884,1.0610614,12.005844,0.14357,0.274409,0.07411,0.054864,72.759247,0.907253,406.368745,114.988772
777,63237.1446,1641007707.2,2.2522842,-0.46127337,129.046379,-26.429017,0.48285746,466.40559,7.5650878,1.7492002,0.95806247,0.27436239,0.0981418,7.5650878,1.7492002,6.8889897,1.5928727,11.624647,0.22221,0.241566,0.007864,0.067631,18.984801,0.885672,413.230033,93.578913
791,62952.6294,1616425598.74,4.9987728,-0.22051464,286.408584,-12.634558,2.8668819,937.4431,13.940333,1.4976714,0.95391971,0.49196389,0.1866541,13.940333,1.4976714,11.7475958,1.262096,11.86786,0.18636,0.163555,0.033555,0.035041,72.10717,0.962504,978.808212,294.931571
797,62251.8997,1555882552.34,5.5120273,0.24448012,315.815901,14.007679,0.48220214,523.67698,2.5045488,1.1336926,0.66354144,-0.22394243,0.1093802,2.5045488,1.1336926,2.2576109,1.0219153,12.014011,0.13935,0.271611,0.032138,0.094763,35.787029,0.885976,562.310344,192.888874
827,61837.5975,1520086838.55,0.38637803,0.18393857,22.13783,10.538904,0.98242931,363.78148,17.896534,1.0927551,0.88975286,0.373808,0.0776139,17.896534,1.0927551,16.6075569,1.0140507,12.02251,0.13422,0.081142,0.030729,0.013588,51.701688,0.555003,645.973871,192.676384
911,63882.3699,1696755180.1,2.8373125,1.0085157,162.566031,57.783693,1.2150841,297.55892,5.4015965,1.247673,0.46390343,0.30781347,0.0640813,5.4015965,1.247673,5.0763007,1.1725354,11.983675,0.15375,0.05947,0.016368,0.012468,72.376519,0.348258,482.946505,129.870191
959,62669.3061,1591946463.28,0.33966313,-0.58804242,19.461264,-33.692349,1.9739831,113.62052,3.8178306,1.0889994,0.2555199,-0.24703403,0.025162,3.8178306,1.0889994,3.724124,1.0622705,12.023487,0.13375,0.093072,0.031384,0.019868,49.696472,0.392352,171.530854,36.312336
1022,64409.2811,1742280305.46,3.9053322,0.33648879,223.759053,19.279388,1.7393195,447.10203,11.239473,1.1935015,0.92218268,-0.31134829,0.0943197,11.239473,1.1935015,10.2707399,1.0906333,11.998768,0.14689,0.252985,0.09673,0.042118,58.671795,0.167727,1021.933147,306.055526
1028,62079.0947,1540952197.5,3.0452037,-0.2512394,174.47732,-14.394957,0.92397644,131.74355,8.1326656,1.333789,0.64374065,-0.27672321,0.0290912,8.1326656,1.333789,7.9027645,1.2960843,11.95297,0.16478,0.03322,0.000715,0.008812,24.142989,0.602652,127.034857,39.375602
1031,63700.863,1681072980.58,2.7788004,-0.4891864,159.213535,-28.028316,1.1681414,528.47807,7.6914821,1.2896318,0.64173943,0.17868103,0.1103156,7.6914821,1.2896318,6.9272938,1.1615003,11.969312,0.15911,0.053322,0.012572,0.011061,23.040295,0.391862,998.953977,310.384503
1077,61288.6502,1472657796.4,5.8431905,-0.99974116,334.790155,-57.280949,0.40756409,570.6218,4.4889474,1.166685,0.83954114,-0.093532078,0.1184831,4.4889474,1.166685,4.0134244,1.0430958,12.005976,0.1435,0.320069,0.061445,0.079038,35.435808,0.918089,494.473911,119.639083
1080,63033.5975,1623421245.25,1.019717,-0.055895399,58.42548,-3.20257,0.70412777,898.43152,9.8157825,1.2307197,0.73026425,-0.037323143,0.1796288,9.8157825,1.2307197,8.321077,1.043311,11.994335,0.15152,0.062624,0.02014,0.011455,67.634161,0.762176,1129.039037,343.756367
1081,63846.5745,1693662456.55,1.4510961,-1.099072,83.141682,-62.972187,0.60630086,519.60049,10.427103,1.7003819,0.93548799,0.45821029,0.1085851,10.427103,1.7003819,9.4057755,1.5338307,11.687229,0.21485,0.128031,0.000185,0.034649,44.301767,0.821762,533.311903,156.279239
1094,63526.0543,1665969512.81,0.55240071,-0.56921377,31.650229,-32.613547,0.39361186,181.60358,2.9631224,1.3872347,0.37788776,0.11124047,0.0397899,2.9631224,1.3872347,2.8497319,1.3341491,11.929181,0.17173,0.077061,0.000877,0.030387,44.419497,0.92353,154.824365,33.975578
1107,64291.0212,1732062651.32,1.6661661,0.30903947,95.464285,17.706657,0.83794228,419.9844,12.321061,1.2791578,0.81093585,0.17301522,0.0889203,12.321061,1.2791578,11.314934,1.1747029,11.97296,0.15777,0.051891,0.007295,0.01202,74.740494,0.668994,451.246851,98.402434
1120,63293.4787,1645874974.75,0.86078142,-0.74234099,49.319142,-42.533006,0.69394797,130.60953,5.5723753,1.2512389,0.79240966,0.093911283,0.028846,5.5723753,1.2512389,5.4161412,1.2161576,11.982546,0.1542,0.230081,0.049533,0.051683,47.074192,0.768727,164.706039,39.607096
1134,62319.2521,1561701798.63,0.46244773,0.5831361,26.496303,33.411237,1.0775833,548.5654,11.752473,1.5239058,0.96382642,0.33754942,0.1142181,11.752473,1.5239058,10.5477308,1.3676907,11.850929,0.18989,0.238287,0.046721,0.05166,68.193079,0.473458,706.800246,190.060193
1176,61361.0258,1478911045.89,3.9364796,1.5537289,225.543667,89.022108,0.19278813,338.11664,5.6157947,1.2785321,0.84295362,0.27226907,0.072397,5.6157947,1.2785321,5.2366749,1.192219,11.973175,0.15769,0.267477,0.052009,0.061987,32.647241,0.981474,292.151007,56.712882
1202,62938.0342,1615164576.87,5.302323,-0.66450781,303.80073,-38.073493,0.26653676,472.39339,4.7726874,1.1851795,0.74574798,-0.10027862,0.0993239,4.7726874,1.1851795,4.3414753,1.0780986,12.000587,0.14584,0.237209,0.051636,0.055412,20.178346,0.964689,379.802656,101.446155
1213,63632.566,1675172117.75,1.3945218,0.0067086086,79.900214,0.384375,0.33119536,649.32157,6.4629927,1.2488947,0.85459316,-0.24498025,0.1335351,6.4629927,1.2488947,5.7016258,1.1017698,11.983337,0.1539,0.263123,0.062017,0.055426,68.170727,0.945654,660.268858,197.946439
1229,61005.8435,1448223293.88,3.0415378,-1.194654,174.267279,-68.448632,0.7630167,462.03632,7.0596004,1.5868958,0.91846013,-0.43542475,0.0972783,7.0596004,1.5868958,6.4337376,1.4462109,11.801679,0.19857,0.231318,0.021437,0.060103,61.734324,0.722754,578.965565,166.543762
1241,64260.9602,1729465378.09,5.6287054,-1.1817599,322.501064,-67.709855,2.6817526,890.9652,10.589299,1.5035204,0.96474618,0.071159311,0.1782787,10.589299,1.5035204,8.9870919,1.2760312,11.864965,0.18713,0.277215,0.053748,0.060317,37.541291,0.896123,811.354592,259.745444
1295,63465.69,1660754035.36,4.5706514,0.22369603,261.879035,12.816838,0.32799328,440.80573,11.709769,1.5176862,0.90782183,0.04467148,0.0930692,11.709769,1.5176862,10.7127426,1.3884631,11.854817,0.18905,0.109,0.012712,0.025966,35.419253,0.946691,333.091292,107.520884
1296,61698.3074,1508052174.61,3.5351459,0.056092125,202.54894,3.213842,2.6779653,728.07249,5.872716,1.1601486,0.55536109,-0.27942285,0.1483503,5.872716,1.1601486,5.1140458,1.0102741,12.007191,0.14268,0.101957,0.036177,0.0182,38.952154,0.894436,749.092799,286.09101
1340,61087.7668,1455301467.23,4.9903704,-1.1191713,285.927162,-64.123792,1.2595328,337.6015,4.0109916,1.1121438,0.23112962,0.15138544,0.072292,4.0109916,1.1121438,3.7405778,1.0371651,12.018675,0.13665,0.073686,0.026532,0.014939,38.94556,0.306262,504.838309,167.450787
1350,63433.638,1657984742.76,2.9612376,-1.264733,169.666417,-72.463863,0.73338811,907.57525,4.6329598,1.307321,0.50579023,-0.11473201,0.1812798,4.6329598,1.307321,3.9219833,1.1066988,11.962964,0.16138,0.084557,0.015211,0.022194,58.034797,0.742911,872.151381,287.254001
1359,63672.0408,1678582741.94,4.2261316,-0.1437728,242.139504,-8.237575,2.4355012,415.71745,3.4111094,1.5933141,0.97428155,0.46864343,0.0880674,3.4111094,1.5933141,3.1350166,1.4643524,11.79689,0.19945,0.434697,0.009086,0.169672,27.521155,0.760904,474.213695,151.585197
1426,64229.9442,1726785600.95,1.3063736,-1.0962433,74.849694,-62.810114,2.3635964,371.52821,10.739154,1.1810592,0.74996865,-0.22023669,0.0791818,10.739154,1.1810592,9.9511999,1.0944024,12.001774,0.14532,0.066032,0.025134,0.011024,21.551139,0.712321,375.285985,85.159614
1427,63674.6816,1678810911.14,0.82560133,-0.42834424,47.303472,-24.542317,2.2152152,649.53695,14.875368,1.2178391,0.9655264,0.26618463,0.1335759,14.875368,1.2178391,13.1225161,1.074334,11.992107,0.14997,0.280896,0.116558,0.044294,32.034182,0.600734,857.607351,227.189328
1433,63827.9688,1692054923.11,4.4705159,0.54415825,256.141693,31.177971,0.78722671,502.68964,4.8803582,1.3126156,0.74325871,-0.45636091,0.1052792,4.8803582,1.3126156,4.4154983,1.1875874,11.961022,0.16206,0.198362,0.033098,0.05146,25.74232,0.705813,716.316677,222.044764
1438,64198.1442,1724038077.5,5.4945466,-0.29998572,314.814331,-17.187916,1.5588782,465.45124,4.921936,1.70742,0.92822391,0.40878013,0.0979533,4.921936,1.70742,4.4828282,1.5550935,11.678771,0.2159,0.267331,0.001996,0.095287,32.532228,0.011918,797.784092,231.143541
1441,62092.3591,1542098241.64,2.9001867,0.22434637,166.168458,12.8541,2.1671217,638.75386,14.326617,1.5385536,0.97549772,0.21104701,0.1315286,14.326617,1.5385536,12.6612949,1.3597125,11.840166,0.19189,0.219228,0.045865,0.046729,32.359336,0.561606,1049.862868,345.806728
1455,64156.0395,1720400232.89,4.3655238,0.99949546,250.126089,57.266872,0.75630684,672.62765,6.4139972,1.4441752,0.87677002,0.35750577,0.1379445,6.4139972,1.4441752,5.6364762,1.2691086,11.90156,0.17919,0.235228,0.033937,0.057677,20.116819,0.727375,916.084855,303.684577
1468,61395.6125,1481899334.85,5.2574913,-0.73231833,301.232062,-41.95875,2.7745688,894.98274,5.4149261,1.2350296,0.82654852,-0.092632607,0.1790054,5.4149261,1.2350296,4.5927915,1.0475182,11.988864,0.15212,0.268723,0.055898,0.061268,16.899576,0.933399,533.722329,203.003198
1504,63656.9761,1677281155.87,3.8348053,-1.107315,219.718159,-63.444476,2.329646,346.3249,10.381511,1.4202615,0.84811205,0.38927287,0.0740693,10.381511,1.4202615,9.6655878,1.3223183,11.91329,0.17605,0.093207,0.016104,0.020802,29.330723,0.688087,362.705915,110.763974
1521,64463.3062,1746948074.96,0.63637696,-0.37455717,36.461714,-21.460545,0.51110397,579.70503,10.853392,1.4142649,0.92790538,-0.49577659,0.1202335,10.853392,1.4142649,9.688509,1.2624733,11.916763,0.17526,0.203905,0.049629,0.041606,35.92975,0.872205,489.808268,124.297113
1524,63439.6499,1658504169.41,2.6073191,-0.33342583,149.38838,-19.103893,2.5380806,196.96651,6.0290222,1.7849756,0.97679394,-0.35646728,0.0430545,6.0290222,1.7849756,5.7801603,1.7112966,11.572364,0.22778,0.327167,0.005297,0.10595,33.852447,0.823347,469.825017,130.297807
1543,61355.4379,1478428250.34,5.1487875,-0.42264323,295.003793,-24.215673,2.6652992,278.14135,2.2982233,1.2838473,0.79399788,0.063873924,0.060068,2.2982233,1.2838473,2.1679962,1.211099,11.971339,0.15837,0.315893,0.016847,0.122962,60.712528,0.8887,254.982738,52.499298
1585,62754.6471,1599319925.92,4.9225428,0.24413148,282.040927,13.987703,0.40170066,344.12373,15.707874,1.5941709,0.98634738,0.013301091,0.0736212,15.707874,1.5941709,14.6307413,1.4848542,11.796158,0.19957,0.228278,0.04352,0.0498,44.693363,0.920397,395.263761,101.236838
1589,63449.4596,1659351729.1,6.2644941,0.95976739,358.929073,54.990621,0.75331711,731.2682,12.83472,1.482726,0.90185225,-0.22715069,0.1489465,12.83472,1.482726,11.1708593,1.2905091,11.878407,0.18433,0.084407,0.006614,0.02097,25.679501,0.729424,665.347034,204.133716
1618,63111.4559,1630148207.86,3.8449853,0.71205825,220.30143,40.797932,0.87331107,551.19123,3.0493147,1.1479762,0.86337394,-0.31338984,0.114727,3.0493147,1.1479762,2.7354812,1.0298272,12.010076,0.14115,0.372477,0.046973,0.121304,57.999972,0.642292,623.873812,207.010924
1626,62128.947,1545259436.72,0.39267423,0.91996866,22.498576,52.710322,2.5676721,568.96384,18.794735,1.2568647,0.92959088,0.18519716,0.1181632,18.794735,1.2568647,16.8085788,1.124044,11.980438,0.15492,0.083777,0.017061,0.017982,23.781783,0.839779,594.784733,174.065499
1634,64270.0788,1730253225.5,0.27763318,-0.87835452,15.907209,-50.326007,1.9316502,743.11377,13.734989,1.1760112,0.95584935,-0.3723681,0.1511533,13.734989,1.1760112,11.9315032,1.0215939,12.003351,0.14468,0.285171,0.121736,0.044051,59.402221,0.353073,895.776405,313.689133
1648,63199.1136,1637721832.12,1.9237372,-0.16063311,110.222022,-9.203599,0.75602733,804.91574,16.870565,1.431084,0.96859103,0.35170522,0.1625841,16.870565,1.431084,14.5112642,1.230951,11.908731,0.17746,0.174509,0.04752,0.034228,71.809217,0.727567,1037.656819,328.076985
1653,61673.1758,1505880808.43,2.1325165,1.2071165,122.184195,69.162681,0.80067616,503.09485,8.6295424,1.2069448,0.57964909,-0.29698294,0.1053585,8.6295424,1.2069448,7.8070076,1.0919035,11.995364,0.14858,0.024594,0.002805,0.00588,68.887227,0.696222,582.263106,185.500201
1661,64135.068,1718588291.74,3.0811129,-0.4529037,176.534765,-25.949471,0.78000336,309.57754,7.5441675,1.3382734,0.70187187,-0.18657881,0.0665548,7.5441675,1.3382734,7.0733986,1.2547629,11.951258,0.16536,0.076904,0.016609,0.016438,46.219028,0.710911,376.069385,125.812954
1662,63390.5752,1654264116.93,1.0689519,-0.098132066,61.246432,-5.622553,0.45889699,117.44737,4.282383,1.3486603,0.70187426,-0.30600387,0.0259936,4.282383,1.3486603,4.1738887,1.314492,11.948203,0.16669,0.181532,0.023264,0.053989,71.169138,0.896542,106.47867,23.798477
1663,61433.1574,1485143221.17,0.78674127,0.67677356,45.076954,38.776269,2.1139511,269.21618,5.0258703,1.2379785,0.71237421,-0.028916501,0.0582162,5.0258703,1.2379785,4.7493797,1.169873,11.986039,0.15252,0.193395,0.041365,0.04522,29.850773,0.516839,836.793064,273.095553
1671,61967.5887,1531318080.57,0.036526183,0.66538954,2.092796,38.124012,0.78059203,792.77034,14.501502,1.3554292,0.96676517,-0.202462,0.1603484,14.501502,1.3554292,12.4975408,1.1681226,11.944384,0.16758,0.246325,0.079975,0.044837,71.754059,0.710497,1111.7986,455.154159
1697,61989.5253,1533213407.41,4.3193229,-0.67080236,247.478973,-38.434144,2.9209251,157.2144,5.467401,1.1588573,0.75193667,0.48801047,0.0345767,5.467401,1.1588573,5.2846746,1.120127,12.007417,0.14252,0.22621,0.059529,0.046866,58.497083,0.975752,101.723211,31.445954
1726,61739.5969,1511619590.14,2.29473,-1.2165279,131.478344,-69.701914,0.60070666,401.36874,5.8326721,1.2407366,0.56464922,-0.42796263,0.0851929,5.8326721,1.2407366,5.3747791,1.1433328,11.984791,0.15288,0.085861,0.024592,0.017244,72.801184,0.824936,345.587265,105.882757
1739,63162.5301,1634561020.72,3.1843769,-0.58651938,182.451357,-33.605085,2.4303317,717.22014,8.8098602,1.4572176,0.98151582,-0.25811461,0.1463227,8.8098602,1.4572176,7.6853229,1.2712106,11.892791,0.18094,0.397744,0.071337,0.08853,64.52847,0.757539,810.101017,240.189521
1747,63252.7171,1642353171.18,1.9699984,-0.89102844,112.872594,-51.052169,1.3009036,619.21052,7.2814937,1.2951781,0.98800963,-0.1694739,0.1278061,7.2814937,1.2951781,6.4563349,1.148405,11.967346,0.15982,0.490227,0.09687,0.107267,20.316182,0.266628,924.325774,302.604188
1757,63385.9586,1653865240.99,3.252902,-1.262109,186.377556,-72.313519,0.84263661,337.17738,2.5277653,1.2054754,0.76573622,-0.071212053,0.0722055,2.5277653,1.2054754,2.3575382,1.1242951,11.995977,0.1484,0.309093,0.027617,0.112721,44.763637,0.665497,422.697877,176.593109
1771,62451.8246,1573156060.79,0.4711629,0.099915978,26.995646,5.724764,2.8731055,447.41048,13.860101,1.2074372,0.9075973,0.43900511,0.0943809,13.860101,1.2074372,12.6647868,1.1033062,11.995133,0.14865,0.158374,0.067058,0.024613,27.692258,0.964173,364.390021,136.615605
1774,61891.5067,1524744599.27,5.9051964,-0.080493946,338.342831,-4.611963,1.0854639,483.85041,11.001984,1.2398148,0.73870772,0.40702337,0.1015809,11.001984,1.2398148,9.9874497,1.1254868,11.985091,0.15276,0.038741,0.0045,0.00923,34.898387,0.466502,630.226215,175.241829
1784,63724.9869,1683157283.89,5.7839373,1.3057309,331.395196,74.81287,0.42854405,489.57252,11.6441,1.5174856,0.92550492,-0.39433971,0.1027059,11.6441,1.5174856,10.5595698,1.3761472,11.854914,0.18903,0.142965,0.022992,0.032355,72.408773,0.909572,530.244392,177.698377
1792,63148.4714,1633346349.71,4.1072817,-0.79421976,235.329907,-45.50544,0.88512625,739.51226,5.602356,1.3581147,0.92454141,-0.3029629,0.1504829,5.602356,1.3581147,4.8695692,1.1804736,11.942881,0.16793,0.349201,0.052097,0.087718,64.967147,0.633192,842.61681,256.210973
1796,62987.618,1619448617.38,6.200369,1.1426562,355.254975,65.469378,0.82311585,663.42568,6.4844732,1.4064125,0.90553921,0.22774468,0.1362061,6.4844732,1.4064125,5.7071277,1.2378146,11.919825,0.17424,0.284297,0.045422,0.06761,47.637844,0.67994,771.858906,213.529487
1798,62604.6426,1586359537.29,5.5638014,-0.47617867,318.782338,-27.283028,1.1434339,222.90499,14.296846,1.5431126,0.95594507,0.26426661,0.0485335,14.296846,1.5431126,13.6350879,1.4716865,11.835648,0.19253,0.144687,0.022609,0.032906,73.194544,0.414472,576.158332,198.697755
1800,63250.3305,1642146976.66,4.7603459,-0.31448495,272.747729,-18.01866,2.1256158,684.85193,5.8633528,1.3314691,0.88177067,0.15235937,0.1402488,5.8633528,1.3314691,5.1421695,1.1677005,11.953939,0.16448,0.289758,0.050562,0.068749,66.166346,0.52679,844.931528,253.45265
1863,63670.5154,1678450944.76,0.24590328,0.17546654,14.08922,10.053492,2.1861834,179.30036,5.7856469,1.1991433,0.56790686,0.4893609,0.0392992,5.7856469,1.1991433,5.5668733,1.1537999,11.997718,0.1476,0.100009,0.031679,0.019102,33.603724,0.577275,243.833438,60.653822
1873,61537.1048,1494124272.95,3.5320628,-0.082632447,202.372291,-4.73449,0.85317378,530.40469,15.628381,1.4728605,0.9446997,0.4544909,0.1106906,15.628381,1.4728605,14.0708678,1.3260763,11.884166,0.18302,0.109635,0.016225,0.025177,29.875129,0.657595,790.117775,198.751279
1887,62312.7598,1561140861.18,5.2828614,0.31646788,302.685662,18.132274,1.9213663,291.3758,13.840755,1.1520228,0.81388694,-0.12497661,0.0628056,13.840755,1.1520228,13.0228472,1.083945,12.008927,0.14166,0.056343,0.016128,0.01084,39.973721,0.343433,783.615745,314.414486
1915,62619.462,1587639930.77,1.3332776,-0.46250699,76.391179,-26.499699,0.55781012,833.83044,4.1864266,1.4192029,0.70533192,-0.28788614,0.1678859,4.1864266,1.4192029,3.5846196,1.2151897,11.914015,0.17591,0.166029,0.014583,0.053761,36.172135,0.848416,669.342269,219.014752
1938,63856.0864,1694484281.52,5.8666751,-0.44919285,336.135723,-25.736854,2.3089395,670.74325,5.9078841,1.6394397,0.89213502,0.0040154671,0.1375888,5.9078841,1.6394397,5.1933389,1.4411532,11.753512,0.20598,0.206205,0.008074,0.0628,64.049504,0.672916,721.831965,225.631513
1947,62994.427,1620036910.58,2.6777731,1.0484101,153.425097,60.069474,1.4544336,758.88756,14.644838,1.2121857,0.84675819,0.26289934,0.1540838,14.644838,1.2121857,12.689579,1.0503446,11.992651,0.14926,0.055738,0.009546,0.01245,38.150704,0.1161,1214.669797,364.563605
1959,64335.3075,1735888983.21,2.9453547,-1.1532537,168.756393,-66.07657,0.34935532,274.39286,2.8035715,1.3432655,0.82652265,-0.43037364,0.0592908,2.8035715,1.3432655,2.6466496,1.26808,11.950013,0.16599,0.314716,0.018969,0.118552,72.946219,0.939594,270.226674,53.762957
1967,64343.8468,1736626783.75,0.14401899,0.34662622,8.25168,19.860219,0.54821186,371.84865,4.8182478,1.2765789,0.60368264,0.078011274,0.0792466,4.8182478,1.2765789,4.4644549,1.1828426,11.973846,0.15744,0.129083,0.026201,0.03177,17.069777,0.853458,374.88859,96.289096
1978,63189.934,1636928718.36,2.843935,0.42137909,162.945473,24.143243,2.9782289,971.23557,6.28584,1.4528668,0.77512974,-0.45408213,0.1927007,6.28584,1.4528668,5.2702579,1.218132,11.89568,0.18036,0.133647,0.016915,0.033776,66.335692,0.986686,718.810957,343.686774
2010,64390.8541,1740688210.59,3.5489209,-0.22540374,203.338189,-12.914683,2.6797499,787.16218,6.3413463,1.4473512,0.73108017,0.42508033,0.1593144,6.3413463,1.4473512,5.4699109,1.2484545,11.89949,0.17962,0.101163,0.011582,0.025795,28.796454,0.895233,1117.135521,319.338112
2049,62739.6054,1598020321.31,0.91486307,-0.92777616,52.417793,-53.157658,2.2090937,227.77967,3.6365907,1.090729,0.89897519,0.29395685,0.0495586,3.6365907,1.090729,3.4648763,1.0392264,12.023049,0.13397,0.399805,0.067515,0.110213,26.057353,0.595829,276.454641,81.934115
2053,62315.6673,1561392075.49,2.6876197,-0.34152014,153.989266,-19.567663,0.34731373,455.71349,3.7787595,1.3124599,0.93698311,0.41265452,0.096027,3.7787595,1.3124599,3.4476885,1.1974705,11.96108,0.16204,0.413384,0.041951,0.133469,61.809317,0.94029,366.548843,126.914272
2095,62681.3242,1592984829.16,4.9344829,-0.5003538,282.725044,-28.668161,2.5375749,422.90249,4.2276626,1.1857491,0.34363663,-0.2162371,0.089503,4.2276626,1.1857491,3.8803588,1.0883394,12.000436,0.14591,0.077134,0.022088,0.017555,25.290645,0.82306,433.940965,123.828909
2122,63827.5388,1692017769.41,0.90429439,0.64769421,51.812252,37.110145,2.7597505,529.4959,8.1991034,1.3601066,0.81966197,-0.2015074,0.1105137,8.1991034,1.3601066,7.3831626,1.2247544,11.941839,0.16819,0.1422,0.033176,0.029575,25.654037,0.92798,472.918435,164.226811
2147,61490.7719,1490121113.49,1.6395186,0.26050754,93.937496,14.925983,2.6131677,590.9352,13.477933,1.5730125,0.97736627,0.015244321,0.1223927,13.477933,1.5730125,12.0082148,1.4014814,11.813197,0.19664,0.233895,0.04367,0.051279,36.647012,0.863602,794.488739,301.974631
2152,63727.2031,1683348768.24,4.5097301,0.21221813,258.388501,12.159203,2.5104693,366.96143,7.4230585,1.1278762,0.46591738,-0.48083183,0.0782579,7.4230585,1.1278762,6.8843072,1.0460171,12.015002,0.13862,0.03144,0.014166,0.004669,21.19816,0.807365,367.735152,106.539672
2173,64321.7747,1734719752.26,5.2662529,1.0219356,301.734065,58.552597,2.3993118,403.42549,6.9381738,1.3648726,0.73903376,0.0053460253,0.0856056,6.9381738,1.3648726,6.3910632,1.2572454,11.939673,0.16881,0.111956,0.022451,0.024745,40.385287,0.736929,520.6107,211.972262
2176,61748.9713,1512429539.16,5.5263336,1.443999,316.635591,82.735048,0.95867162,647.94796,3.1963844,1.3410496,0.44180703,0.33578411,0.1332745,3.1963844,1.3410496,2.8204856,1.1833405,11.950509,0.16571,0.103206,0.008222,0.036803,24.665705,0.574608,753.640501,249.521458
2203,61093.9037,1455831697.16,0.13851899,0.24165814,7.936554,13.845992,2.6428037,815.47569,10.460168,1.6035842,0.92707962,0.191257,0.1645237,10.460168,1.6035842,8.9823572,1.3770301,11.787068,0.2009,0.146029,0.013743,0.035766,33.412546,0.878163,783.343398,241.707038
2225,61770.155,1514259808.48,3.2134691,-0.3596538,184.118217,-20.606645,2.5963892,222.48258,5.7580309,1.0573689,0.089276142,0.34798804,0.0484446,5.7580309,1.0573689,5.4919745,1.008512,12.029734,0.1298,0.008427,0.006404,0.000554,19.838525,0.855022,222.709727,53.995211
2226,62513.8343,1578513704.7,2.8550997,-0.21936124,163.585163,-12.568473,0.97966413,384.79848,7.3334928,1.5718601,0.82933968,0.4631767,0.0818605,7.3334928,1.5718601,6.7785934,1.452923,11.814272,0.19648,0.111184,0.004804,0.030004,29.272952,0.557301,502.9651,153.508689
2236,63059.0915,1625623923.31,2.5065433,0.61203952,143.614352,35.067281,2.8287796,353.42094,8.5060749,1.1302772,0.83962733,0.17898376,0.0755121,8.5060749,1.1302772,7.9088604,1.05092,12.014622,0.13892,0.221436,0.083861,0.037106,24.257809,0.951472,294.184679,50.787918
2269,61757.8045,1513192729.19,4.1622179,1.3562606,238.477519,77.708008,1.0999178,533.01108,10.429978,1.3016702,0.84504408,-0.32032099,0.1111978,10.429978,1.3016702,9.3862481,1.1714118,11.965016,0.16065,0.124364,0.038324,0.023198,21.456622,0.453669,766.696743,230.112488
2282,63578.0283,1670460060.13,6.1753756,-1.0570003,353.822959,-60.561656,0.20410895,764.31633,7.6048245,1.6948307,0.9561522,-0.47697067,0.1550903,7.6048245,1.6948307,6.5837487,1.4672711,11.693972,0.21403,0.25723,0.015656,0.068973,33.88235,0.979242,620.624575,190.495871
2314,63502.2494,1663912763.26,3.888754,0.078703474,222.809192,4.509377,2.4664293,663.25929,8.8888416,1.2576625,0.90797096,-0.059248447,0.1361746,8.8888416,1.2576625,7.823482,1.1069271,11.980163,0.15503,0.266615,0.077776,0.050968,49.601771,0.780605,781.310477,304.00981
2315,62578.6072,1584110080.64,4.049862,-0.34757023,232.04,-19.914307,1.2826827,352.91746,8.0982828,1.2650814,0.70425069,-0.4829537,0.0754098,8.0982828,1.2650814,7.5304157,1.1763715,11.977758,0.15597,0.082239,0.025033,0.015476,65.124648,0.284144,847.247348,351.960991
2328,61192.4595,1464346918.47,5.8294228,0.64055219,334.001323,36.700937,1.1449242,749.86727,17.985935,1.3785056,0.98770422,-0.027267352,0.1524091,17.985935,1.3785056,15.6072483,1.1961947,11.933891,0.17058,0.278768,0.095847,0.049303,74.170044,0.413115,1161.418411,361.750265
2349,61954.5951,1530195433.15,3.187188,0.89227596,182.612421,51.123647,2.4529118,323.90394,16.22863,1.4194239,0.94154751,-0.25728393,0.0694931,16.22863,1.4194239,15.1741329,1.3271932,11.913865,0.17594,0.107476,0.019922,0.023599,40.350113,0.772085,321.710556,65.561191
2379,61344.375,1477472414.48,1.0039403,1.3781196,57.521542,78.960437,0.62692348,672.697,7.5709548,1.2886018,0.8995077,0.44581079,0.1379576,7.5709548,1.2886018,6.6531079,1.1323812,11.969675,0.15898,0.279073,0.067435,0.057504,46.637265,0.809836,608.556199,231.45916
2380,62429.6675,1571241686.81,4.9122412,-0.62469007,281.450689,-35.792105,2.1241354,430.85925,2.4847558,1.5040764,0.93674511,0.42712215,0.0910899,2.4847558,1.5040764,2.2773155,1.3785083,11.864685,0.1872,0.397457,0.003735,0.163391,33.98045,0.525531,649.759938,219.09995
2392,62763.9386,1600122714.96,2.2078799,0.53791151,126.5022,30.820059,1.0374394,392.34519,6.2527528,1.4635073,0.70526016,0.18261097,0.0833799,6.2527528,1.4635073,5.7715235,1.3508717,11.888873,0.18178,0.08278,0.00637,0.02222,52.558056,0.508427,545.578225,157.543165
2408,62768.3973,1600507941.32,5.212649,-1.2048295,298.662788,-69.031645,0.6849668,309.66228,2.8294241,1.1805589,0.24434344,0.14549507,0.0665723,2.8294241,1.1805589,2.6528199,1.1068719,12.001927,0.14526,0.103351,0.017992,0.033017,58.39822,0.77444,312.876317,83.745061
2451,61707.8428,1508876035.39,1.3944391,1.1181978,79.895475,64.068015,0.79172232,478.3816,11.397437,1.3560854,0.940175,0.37754726,0.1005043,11.397437,1.3560854,10.3565582,1.23224,11.944008,0.16766,0.237465,0.067804,0.045738,32.546757,0.702621,542.815888,138.470994
2462,62655.7613,1590776192.63,2.2439548,-0.59246386,128.569139,-33.945679,2.0367031,291.00721,9.1008568,1.4863863,0.88747013,0.10960116,0.0627295,9.1008568,1.4863863,8.5636626,1.3986497,11.875756,0.18483,0.15684,0.025763,0.035527,56.742992,0.449233,522.559442,182.447887
2512,64209.9701,1725059835.53,1.231025,-0.58133373,70.532537,-33.307969,2.0874187,569.30705,7.8448877,1.5928019,0.88076222,0.16068615,0.1182295,7.8448877,1.5928019,7.0154543,1.4243963,11.797289,0.19938,0.147799,0.010686,0.038148,72.865965,0.493946,955.869462,446.188832
2521,62103.0544,1543022321.18,2.4193516,0.39649826,138.618636,22.717677,1.2872962,494.14849,9.1876507,1.6354008,0.92223984,-0.2500923,0.1036045,9.1876507,1.6354008,8.3251299,1.4818722,11.757213,0.20541,0.15941,0.011473,0.040345,60.287187,0.279718,910.441846,308.985842
2558,61578.1327,1497669080.84,5.6003299,-0.88172014,320.875267,-50.518843,2.4095563,939.45386,18.138908,1.2360284,0.97720021,0.45790979,0.1870149,18.138908,1.2360284,15.2811122,1.0412914,11.987726,0.15226,0.261417,0.114844,0.039506,39.301398,0.743815,1019.004946,295.47637
2587,63825.7922,1691866867.29,2.4364455,-0.28777235,139.598044,-16.488141,2.5271658,625.16896,12.641276,1.3575468,0.97606355,0.091725208,0.1289426,12.641276,1.3575468,11.1974475,1.202494,11.94319,0.16786,0.325084,0.095439,0.0619,31.885733,0.817104,661.323721,161.79614
2592,62212.6903,1552494863.07,1.1980853,1.196434,68.645231,68.550619,0.12312827,426.03417,3.5954421,1.5436207,0.91171569,-0.23391686,0.0901279,3.5954421,1.5436207,3.2981836,1.4159996,11.835262,0.1926,0.330897,0.010737,0.12491,68.378056,0.992429,361.901287,97.3093
2604,61575.6713,1497456417.0,0.74957706,0.38729628,42.947602,22.190442,2.0786209,755.08179,20.562201,1.3790203,0.97143298,0.3299461,0.1533776,20.562201,1.3790203,17.8278136,1.1956364,11.933601,0.17065,0.132732,0.033305,0.026799,26.312555,0.486278,1151.889945,325.361642
2606,62775.0261,1601080669.84,2.0001797,-0.46028383,114.601855,-26.372321,2.4068969,393.90189,16.096657,1.3486958,0.92734188,0.26117471,0.083693,16.096657,1.3486958,14.8535214,1.2445368,11.948186,0.16669,0.101885,0.024003,0.020992,51.804166,0.742035,763.570541,238.286238
2625,63678.6963,1679157781.57,3.4775062,0.19796347,199.246428,11.342471,2.389759,213.86922,3.3343794,1.0498878,-0.22432776,-0.47893378,0.0466295,3.3343794,1.0498878,3.185826,1.0031131,12.030824,0.12887,0.029683,0.018254,0.003898,29.888435,0.730438,211.661002,50.560698
2643,63236.7171,1640970779.61,6.0796034,-0.49867232,348.335616,-28.571819,2.1068409,378.40448,7.1960487,1.14483,0.6888417,-0.34389272,0.080571,7.1960487,1.14483,6.6594873,1.0594677,12.011024,0.14075,0.132781,0.050919,0.022161,45.938843,0.510739,539.531179,227.32867
2651,63983.8872,1705526274.85,3.9281023,-0.3843611,225.063683,-22.022269,2.6995471,877.76825,10.985972,1.4119475,0.85818005,0.0024421066,0.1758878,10.985972,1.4119475,9.3427041,1.2007502,11.917682,0.17496,0.091814,0.016385,0.02034,36.955412,0.903878,767.422556,259.339461
2661,61316.2889,1475045777.07,4.6115765,-0.45656153,264.22387,-26.159049,0.47462776,418.12809,8.0166788,1.1170409,0.67780131,-0.3122333,0.0885494,8.0166788,1.1170409,7.3645524,1.0261739,12.017369,0.13727,0.108675,0.048696,0.016185,22.229867,0.889463,467.227798,154.712406
2692,61335.3132,1476689481.95,2.1142565,-0.59234737,121.137974,-33.939004,2.4073361,857.59701,9.1923609,1.2879926,0.78250045,0.12610583,0.1722223,9.1923609,1.2879926,7.841824,1.0987614,11.969889,0.1589,0.101111,0.030351,0.019096,22.639795,0.742329,959.624595,282.965362
2728,62989.7696,1619634509.84,5.9919076,-0.65960286,343.311017,-37.79246,2.0684589,422.87557,13.7514,1.1596022,0.90826011,-0.48616523,0.0894976,13.7514,1.1596022,12.6217805,1.0643458,12.007286,0.14261,0.177546,0.082255,0.025684,24.535968,0.477373,522.56658,118.023273
2749,61396.8967,1482010293.76,4.2359301,0.20876024,242.700917,11.961081,2.0377244,759.14769,5.416163,1.5756607,0.95123637,0.0074799755,0.1541321,5.416163,1.5756607,4.692845,1.3652343,11.810966,0.19701,0.344226,0.024655,0.104117,64.608294,0.450145,925.135955,302.66925
2770,62881.5502,1610284351.37,6.2695464,-0.52674788,359.218548,-30.18043,2.4240458,405.24067,4.1423688,1.0867541,0.035323463,0.085607857,0.0859696,4.1423688,1.0867541,3.8144428,1.0007224,12.023997,0.13347,0.034688,0.018959,0.004831,58.660488,0.753421,467.663873,158.658394
2772,64409.1641,1742270196.12,2.4880262,0.28522306,142.553401,16.342078,0.85726949,707.09583,4.9384341,1.3929839,0.92243803,-0.19394439,0.1444272,4.9384341,1.3929839,4.3152017,1.2171888,11.927468,0.17246,0.353148,0.041649,0.099671,15.185987,0.654504,673.615207,248.824757
2781,61440.9521,1485816679.3,6.1364574,-0.24247315,351.59311,-13.892688,2.3009885,137.50467,5.0899682,1.0820296,-0.074276634,-0.22579207,0.0303357,5.0899682,1.0820296,4.9401067,1.0501719,12.024803,0.13288,0.001865,0.000657,0.00034,69.622939,0.667013,179.284537,35.502723
2794,61235.7613,1468088191.09,4.4840722,0.19084218,256.918412,10.934451,1.3824086,218.76723,6.8988848,1.2263086,0.9855696,0.30802947,0.0476622,6.8988848,1.2263086,6.585028,1.1705191,11.997102,0.15095,0.494726,0.105453,0.106147,33.812519,0.187275,932.38235,332.876902
2823,62792.5907,1602598254.72,2.0045694,0.81334456,114.853366,46.601211,2.4012532,982.34261,10.187759,1.2629141,0.89833874,0.46226892,0.1946803,10.187759,1.2629141,8.5276025,1.0571147,11.978457,0.15569,0.215491,0.070508,0.03909,59.244175,0.73824,1041.965058,323.161113
2891,61853.5581,1521465840.97,0.0059824157,-0.90251138,0.342767,-51.710093,0.67667128,797.56359,3.9804564,1.4109559,0.4377856,-0.038352065,0.1612314,3.9804564,1.4109559,3.4277892,1.2150515,11.91804,0.17483,0.05518,0.000589,0.01981,16.901153,0.779661,878.096234,252.034982
2925,63168.1219,1635044149.18,1.8807609,0.45364134,107.759662,25.991734,0.80231821,588.41622,6.1500015,1.7273217,0.92715859,-0.25291762,0.1219089,6.1500015,1.7273217,5.4817301,1.5396275,11.654357,0.21887,0.221773,0.00239,0.070022,41.14263,0.695042,859.094728,290.077801
2950,63426.3307,1657353391.8,4.4061585,-1.0265553,252.454286,-58.817286,0.53990024,104.55036,7.0092335,1.5244414,0.76259673,-0.23711476,0.0231872,7.0092335,1.5244414,6.8503919,1.4898949,11.850497,0.18997,0.079764,0.001828,0.022077,72.408258,0.85776,98.368277,19.582916
2963,62332.6359,1562858160.12,1.5943102,0.4100835,91.347246,23.496054,2.4837469,666.4032,15.565825,1.2480803,0.9608292,-0.20203348,0.136769,15.565825,1.2480803,13.693042,1.0979191,11.983569,0.1538,0.238962,0.097408,0.038153,73.72931,0.791311,931.489546,343.187395
2971,62525.5728,1579527908.39,0.5498065,-0.54423823,31.501592,-31.182554,0.36902111,104.13276,14.357204,1.2083087,0.95405358,-0.21011113,0.0230962,14.357204,1.2083087,14.0330932,1.1810314,11.994695,0.14876,0.255902,0.107361,0.040037,53.183272,0.932681,95.188652,29.539483
3009,64009.3895,1707729671.43,0.10086801,1.0623463,5.779311,60.867959,0.40544059,924.86847,10.169722,1.4163013,0.82820892,-0.27799803,0.184395,10.169722,1.4163013,8.5864279,1.1958015,11.915791,0.17552,0.07939,0.011601,0.018292,20.397881,0.918929,829.393751,293.73635
3010,63598.4363,1672223314.4,5.8370088,-0.092373585,334.435969,-5.292617,0.70358507,236.08347,2.7660513,1.1022406,0.49856558,0.059715532,0.0513016,2.7660513,1.1022406,2.631073,1.0484532,12.020395,0.13541,0.20465,0.0342,0.064923,35.576934,0.762528,212.24592,53.209497
3037,64399.238,1741412582.61,1.8834461,-0.70613784,107.913512,-40.458718,1.0351273,748.00128,11.616558,1.5876985,0.91839504,-0.056675043,0.1520623,11.616558,1.5876985,10.0832725,1.378136,11.800957,0.19868,0.105807,0.005267,0.027124,58.119614,0.510416,1280.793444,396.790792
3041,63261.2371,1643089306.9,6.0419164,0.9361988,346.17631,53.64024,1.1342846,181.02993,2.6430657,1.1493492,-0.0059168567,-0.43080726,0.0396677,2.6430657,1.1493492,2.5422216,1.1054967,12.009673,0.14133,0.063755,0.01428,0.019373,46.184151,0.422781,294.0498,59.96672
3068,62302.3311,1560239828.94,5.4871264,0.85086341,314.389184,48.750882,1.9787538,303.2499,16.496964,1.292292,0.94078487,-0.44412485,0.0652535,16.496964,1.292292,15.4864203,1.2131309,11.968372,0.15945,0.143144,0.050585,0.024948,18.042118,0.396735,521.706902,118.54511
3070,64109.7399,1716399943.38,2.0269599,0.34339929,116.136248,19.67533,2.2172208,318.87463,6.3156152,1.4721966,0.96771973,0.17335813,0.0684629,6.3156152,1.4721966,5.9109356,1.3778641,11.884504,0.18293,0.394425,0.049066,0.100265,20.286725,0.602336,532.303632,190.361627
3073,63846.3057,1693639228.18,3.0004377,-1.3539379,171.912417,-77.574927,0.49142054,804.27226,3.3431396,1.4240372,0.61572534,0.082242228,0.1624658,3.3431396,1.4240372,2.8759037,1.2250143,11.911074,0.17655,0.144674,0.006555,0.053763,29.319812,0.881663,714.549082,215.309811
3078,61006.4835,1448278595.06,3.7951055,0.077801616,217.443528,4.457704,1.5904765,644.36101,19.175087,1.1619766,0.93759274,-0.069978945,0.1325938,19.175087,1.1619766,16.9302426,1.025943,12.006878,0.14291,0.125904,0.054882,0.019143,73.781946,0.019679,1256.587691,392.857625
3091,62890.2995,1611040292.61,4.2075743,-0.25350725,241.076249,-14.524896,1.1072557,327.09423,11.995118,1.2856278,0.8100338,0.34373954,0.0701459,11.995118,1.2856278,11.2088627,1.2013575,11.970718,0.1586,0.056305,0.009954,0.012494,23.587323,0.447118,335.22748,108.928077
3110,64213.9302,1725401984.64,5.9793597,-1.0280335,342.592075,-58.901981,1.2089359,575.19953,13.345281,1.1393385,0.85890424,-0.18336546,0.1193657,13.345281,1.1393385,11.9221816,1.017843,12.012637,0.14006,0.118209,0.055993,0.016769,71.649886,0.354015,1066.957198,320.522989
3184,64138.3902,1718875329.35,4.9695299,-0.24594372,284.733089,-14.091537,0.89255888,600.43178,12.732282,1.3954713,0.85922664,-0.23421837,0.1242145,12.732282,1.3954713,11.3254912,1.2412856,11.926853,0.17278,0.057986,0.001602,0.015198,22.257588,0.627422,583.761689,181.670292
3194,64077.5347,1713617416.93,3.9613379,0.048944188,226.967943,2.804295,2.6186507,932.87475,13.572115,1.2157894,0.96678644,0.039781082,0.185834,13.572115,1.2157894,11.445207,1.0252611,11.991704,0.14972,0.313087,0.122481,0.051375,31.920518,0.866354,867.458851,308.291202
3207,64132.0212,1718325048.06,2.0495415,-0.1045917,117.430078,-5.992663,0.34291364,248.75172,5.6803827,1.5760951,0.91205227,-0.39506274,0.0539529,5.6803827,1.5760951,5.3895981,1.4954132,11.810654,0.19706,0.26474,0.019165,0.077832,38.53047,0.941779,222.071313,53.164749
3209,61989.4182,1533204149.83,3.8437616,0.30599471,220.231317,17.532205,2.6867642,694.77251,3.7101831,1.5598229,0.82985425,-0.073133223,0.1421147,3.7101831,1.5598229,3.2485206,1.3657323,11.823106,0.19482,0.231831,0.004458,0.088156,34.930283,0.898336,615.503668,227.141479
3261,63774.8131,1687462268.17,0.47170093,-0.60564581,27.026472,-34.700949,0.3219954,358.12077,7.9598923,1.7887001,0.97219962,-0.41136792,0.0764662,7.9598923,1.7887001,7.3944656,1.6616407,11.56641,0.22837,0.258866,0.007132,0.07208,67.508395,0.948606,304.872127,64.668515
3305,62542.5701,1580996473.12,0.26993817,-0.17828955,15.466318,-10.215239,2.596869,646.82371,12.687419,1.362502,0.97606355,0.091725208,0.1330612,12.687419,1.362502,11.1974703,1.2024964,11.940692,0.1685,0.322485,0.094154,0.061546,21.158886,0.855271,879.03831,260.517652
3327,61403.2883,1482562522.96,1.6417954,0.27386053,94.067947,15.691053,2.7006905,432.44286,10.342278,1.1023731,0.77588993,0.3797017,0.0914053,10.342278,1.1023731,9.4761111,1.0100492,12.020374,0.13543,0.117627,0.058061,0.016056,44.184946,0.904367,372.842541,124.313786
3337,63591.1004,1671589489.75,5.3477928,-0.59579096,306.405957,-34.136307,0.44686129,571.09184,9.9683838,1.4973311,0.91543013,-0.18406169,0.1185738,9.9683838,1.4973311,8.9116909,1.3386074,11.868058,0.18631,0.17451,0.030576,0.038893,65.167455,0.901808,458.067936,112.336
3355,61102.2439,1456552289.67,0.93877098,0.51129265,53.787615,29.294911,0.95968288,143.53371,9.1717768,1.0838773,0.84275383,-0.27114978,0.0316357,9.1717768,1.0838773,8.8905194,1.0506396,12.024521,0.13311,0.219712,0.094644,0.033716,62.173263,0.57378,182.095995,43.674579
3370,61996.8794,1533848800.25,1.0074668,-1.0118684,57.723596,-57.975789,1.5674752,185.68272,5.8652649,1.3206227,0.87677002,0.35750577,0.0406581,5.8652649,1.3206227,5.6361111,1.2690265,11.958034,0.16309,0.286434,0.051475,0.067324,44.599169,0.003321,327.190351,75.006733
3375,64277.8281,1730922761.93,1.5445328,-0.52719363,88.495211,-30.20597,1.1778586,385.30257,4.5247655,1.6311122,0.95460647,0.013020448,0.0819621,4.5247655,1.6311122,4.1819999,1.5075502,11.761746,0.20479,0.355758,0.012478,0.125543,51.62234,0.382904,549.518807,206.097297
3376,62074.7365,1540575654.91,1.4780898,-0.48893913,84.688307,-28.014149,0.98736646,282.51086,7.8922186,1.5978382,0.93682778,0.19205128,0.0609729,7.8922186,1.5978382,7.4386617,1.5060122,11.792618,0.20009,0.23928,0.024937,0.059598,42.381562,0.55089,402.17266,183.496922
3378,61669.1573,1505533604.79,4.8346129,0.2845351,277.002915,16.30266,0.58036101,715.3357,4.381588,1.2814817,0.35097203,-0.027048491,0.1459702,4.381588,1.2814817,3.8234747,1.1182505,11.972159,0.15807,0.049801,0.009626,0.01313,15.189679,0.836265,889.332969,287.330445
3380,64163.2975,1721027323.2,4.2013757,1.4174159,240.721096,81.211949,0.20536721,282.75852,4.8617163,1.1809515,0.80380809,-0.30583426,0.0610242,4.8617163,1.1809515,4.5820975,1.1130298,12.001807,0.14531,0.277831,0.058614,0.064782,47.870014,0.978986,246.74739,61.702796
3382,61219.7284,1466702949.08,0.70189562,0.80087529,40.215657,45.886774,1.8393253,207.27049,4.8270659,1.3401628,0.40287262,-0.43287504,0.0452359,4.8270659,1.3401628,4.6181593,1.282163,11.950721,0.1656,0.036574,0.0031,0.010613,55.288535,0.265313,405.670173,114.380417
3387,62939.7994,1615317082.02,1.4397264,0.065306793,82.490246,3.741804,1.9547367,85.143968,9.9497643,1.1748339,0.67245299,-0.23732105,0.0189429,9.9497643,1.1748339,9.7647907,1.1529929,12.00372,0.14453,0.040646,0.012152,0.007681,44.193516,0.374577,141.393829,34.37537
3416,62033.7708,1537036211.62,5.2321217,0.63370621,299.778491,36.308691,1.3932201,681.67087,5.9969673,1.188858,0.74265242,-0.012802593,0.1396498,5.9969673,1.188858,5.2621143,1.0431784,11.999689,0.14631,0.194986,0.054113,0.039003,66.973497,0.176644,865.785218,272.215884
3418,63147.4635,1633259266.85,1.9668706,-0.81274969,112.693384,-46.567127,1.8715962,325.47139,8.9797134,1.3064314,0.77360803,-0.046227138,0.0698139,8.9797134,1.3064314,8.3937157,1.2211764,11.963288,0.16126,0.094512,0.026185,0.01845,73.526884,0.296284,1038.417201,320.9164
3433,62339.8215,1563478998.29,5.5829129,1.2331274,319.877347,70.652996,0.37686663,537.56088,9.0973606,1.8130345,0.98454267,-0.39349663,0.1120824,9.0973606,1.8130345,8.1804738,1.630306,11.526232,0.23228,0.273515,0.0101,0.073005,43.289003,0.929822,619.032344,233.581893
3458,64074.7076,1713373152.91,1.0067644,-0.66978189,57.683351,-38.375675,3.088401,617.03314,12.026607,1.4563627,0.93844372,0.2938906,0.1273904,12.026607,1.4563627,10.6676509,1.2917998,11.893382,0.18083,0.183222,0.04169,0.038156,19.266081,0.998586,626.7817,195.602015
3459,62227.4719,1553771991.66,1.3522355,-0.56658502,77.477387,-32.46293,2.4307218,500.91254,3.0644574,1.3954525,0.40377024,0.14134166,0.104931,3.0644574,1.3954525,2.7734378,1.2629318,11.926859,0.17278,0.079316,0.001091,0.031,69.184891,0.757794,594.656635,206.382941
3475,62173.3882,1549099162.66,4.857512,0.51347632,278.314937,29.420026,2.7556418,764.84733,6.1583781,1.1755151,0.71949142,-0.23692727,0.1551887,6.1583781,1.1755151,5.331058,1.0175957,12.003507,0.14462,0.177377,0.053235,0.034148,61.424225,0.926441,691.313962,189.478404
3501,62647.0162,1590020615.71,5.5171086,-0.37483265,316.107038,-21.476329,2.365167,690.03964,14.552113,1.3961849,0.98320711,-0.00066089851,0.141225,14.552113,1.3961849,12.7513093,1.223409,11.926606,0.17287,0.309644,0.09269,0.058477,56.420315,0.713423,618.697385,176.710394
3523,63332.2214,1649222346.3,3.720654,0.61910282,213.177771,35.471979,0.15812147,745.64476,4.3365469,1.2931969,0.96276194,-0.38203406,0.1516241,4.3365469,1.2931969,3.7655923,1.1229332,11.968051,0.15957,0.451136,0.055267,0.130859,38.538344,0.987525,514.232076,160.163629
3525,63646.9774,1676417268.02,3.0041187,-0.075561599,172.123323,-4.329361,0.59801186,332.70562,9.3448553,1.0814505,0.92229551,-0.12334727,0.0712927,9.3448553,1.0814505,8.7229709,1.0094818,12.024887,0.13281,0.326662,0.127269,0.05375,19.597193,0.826457,298.564022,66.879014
3542,62310.9325,1560982985.56,5.1447587,-0.041918169,294.77296,-2.401734,2.3797714,365.48016,9.6669445,1.3489045,0.76953173,-0.49925107,0.077958,9.6669445,1.3489045,8.9678307,1.2513517,11.948084,0.16672,0.061898,0.010529,0.013862,64.052195,0.72358,402.403211,94.428114
3594,63929.622,1700837758.93,0.37627838,-0.035722469,21.559163,-2.046747,1.0025391,631.54022,12.526603,1.4805758,0.95412403,0.2399278,0.1301564,12.526603,1.4805758,11.0839557,1.3100628,11.879943,0.18404,0.204186,0.045555,0.042763,54.907899,0.538164,795.191696,226.324265
3615,62397.3116,1568446144.22,4.9823373,0.6284656,285.466899,36.008426,0.32115552,304.21483,14.973753,1.2792989,0.96597904,-0.065002069,0.0654521,14.973753,1.2792989,14.0538958,1.2007099,11.972912,0.15779,0.2597,0.098161,0.04354,52.713153,0.948871,272.674737,41.572219
3634,61476.8849,1488921270.48,3.7080859,0.26893241,212.457672,15.408692,2.6390331,492.61121,3.3738189,1.1242045,0.48201185,-0.42612767,0.1033027,3.3738189,1.1242045,3.0579267,1.0189447,12.015623,0.13817,0.171481,0.035915,0.047696,47.32667,0.876353,382.301942,113.360813
3639,62065.2853,1539759067.38,5.3671681,-0.66410509,307.51608,-38.050419,0.35380771,186.87145,4.8484297,1.1059718,0.49648014,0.081603624,0.040911,4.8484297,1.1059718,4.6578717,1.0625038,12.019834,0.13588,0.127494,0.04279,0.024386,59.374769,0.93806,162.775074,30.237227
3675,62159.3865,1547889410.57,3.8426983,-0.27242804,220.170395,-15.608977,1.9277097,289.23535,13.728187,1.1242212,0.96684301,0.25063106,0.0623635,13.728187,1.1242212,12.9223067,1.0582265,12.01562,0.13817,0.338027,0.151544,0.050263,16.17435,0.349384,503.819888,166.428007
3677,63256.3449,1642666613.94,1.234594,0.028810726,70.737026,1.650733,1.1815325,197.44657,7.2527828,1.2075553,0.48032993,0.49193168,0.0431563,7.2527828,1.2075553,6.9527289,1.1575977,11.995076,0.14866,0.023711,0.005143,0.005038,15.412832,0.379507,347.571299,91.312749
3690,63951.9441,1702766387.47,5.4649748,0.35598248,313.119991,20.396294,1.3395319,474.84312,15.315747,1.1962897,0.89278793,0.16591947,0.099807,15.315747,1.1962897,13.92585,1.087727,11.99826,0.14724,0.104661,0.04137,0.017059,26.29306,0.229208,1190.165663,429.713924
3703,61869.4356,1522837656.63,4.3335766,0.9272804,248.295649,53.129253,0.78473256,739.75836,11.082323,1.1887286,0.72302139,0.050197154,0.1505287,11.082323,1.1887286,9.6323741,1.033202,11.999717,0.14629,0.039829,0.008303,0.008498,47.425286,0.707577,731.842006,425.287966
3706,63773.1218,1687316144.65,0.16189839,0.56790775,9.276094,32.538717,1.7899979,997.53118,15.943127,1.7436903,0.98806316,-0.18003036,0.1973814,15.943127,1.7436903,13.3149946,1.456253,11.632251,0.22136,0.169668,0.009231,0.043246,39.930874,0.21745,1273.206992,410.812215
3728,64198.4065,1724060737.16,1.8479729,0.17487406,105.881048,10.019546,2.8194925,674.24155,19.431541,1.1867577,0.97652745,0.22161633,0.1382491,19.431541,1.1867577,17.0714313,1.0426169,12.000179,0.14604,0.251004,0.122096,0.034745,35.272651,0.948573,560.657126,149.175739
3733,62169.1479,1548732798.06,1.0157525,0.81994019,58.198331,46.979112,2.211008,601.39795,7.6262174,1.2235471,0.59135717,0.072499625,0.1243997,7.6262174,1.2235471,6.7824791,1.0881781,11.996058,0.15062,0.048881,0.01579,0.008962,50.96099,0.597365,852.238407,273.378889
3752,62703.3461,1594887524.92,5.3213369,-0.21923701,304.890146,-12.561355,2.4853328,249.01829,5.2635713,1.7101283,0.95942044,0.38331419,0.0540086,5.2635713,1.7101283,4.9938598,1.6224994,11.675631,0.2163,0.322387,0.007907,0.109151,61.807182,0.79228,426.374482,110.065602
3757,64343.0972,1736562018.69,3.6844883,0.25247404,211.105629,14.465697,2.3841207,668.65565,8.0911102,1.3798892,0.68959802,0.31826016,0.1371945,8.0911102,1.3798892,7.1149746,1.2134153,11.933103,0.17076,0.044766,0.002547,0.011473,72.257812,0.726575,914.347384,282.303531
3771,61549.4687,1495192512.32,2.9149262,-0.80694728,167.012969,-46.234673,0.6487145,382.70362,6.8521791,1.7076373,0.94192439,-0.040707842,0.0814383,6.8521791,1.7076373,6.3361722,1.5790428,11.678485,0.21593,0.238648,0.009029,0.068683,73.751321,0.796861,391.153012,110.197107
3829,63661.1347,1677640453.91,4.1696838,-0.44040363,238.905284,-25.233269,1.0327799,483.03451,9.7888308,1.6741873,0.94524908,-0.11757065,0.1014204,9.7888308,1.6741873,8.8874611,1.5200257,11.717217,0.211,0.177399,0.012137,0.044919,26.990954,0.512434,608.287581,189.169022
3845,63558.055,1668734368.09,5.5365178,-0.9344243,317.219103,-53.538569,2.4244628,449.38528,3.4652462,1.2481624,0.51025003,0.44129112,0.0947727,3.4652462,1.2481624,3.1652654,1.140111,11.983547,0.15381,0.145537,0.022161,0.045104,71.131536,0.753695,418.33121,153.406675
3872,64416.7646,1742926877.61,3.3126616,-0.94138192,189.801529,-53.937211,2.4495784,411.5472,4.7403021,1.2342809,0.19947919,-0.43212542,0.087233,4.7403021,1.2342809,4.3599688,1.1352496,11.989797,0.15202,0.017303,0.003673,0.00417,66.916293,0.769962,526.75401,186.786717
3893,63937.354,1701505800.91,2.5790499,-0.16315535,147.768674,-9.348113,0.75151382,557.0555,19.578558,1.2054608,0.94235021,-0.49320462,0.1158623,19.578558,1.2054608,17.5456753,1.0802953,11.995983,0.14839,0.11576,0.042652,0.019705,70.512848,0.730656,816.964386,233.321916
3903,62005.4622,1534590350.98,0.43785169,1.0234749,25.087054,58.640792,2.4316212,561.77241,8.2902603,1.358475,0.7032845,0.18485038,0.1167744,8.2902603,1.358475,7.4233972,1.2164274,11.942687,0.16798,0.052205,0.006797,0.01231,56.032908,0.75838,610.610858,200.656286
3933,63806.438,1690194664.13,0.9896525,0.3095033,56.702911,17.733233,0.89001937,558.81794,11.106738,1.3878639,0.86857593,-0.46217752,0.1162032,11.106738,1.3878639,9.950462,1.2433792,11.928919,0.17181,0.108731,0.024706,0.022655,50.17637,0.629397,824.746128,269.957508
3953,61902.3048,1525677552.97,4.1015887,-0.63056135,235.003722,-36.128504,0.32474779,502.48243,5.4109631,1.3312962,0.62610871,-0.40266106,0.1052386,5.4109631,1.3312962,4.8957422,1.2045329,11.95401,0.16446,0.104137,0.019482,0.025166,38.301163,0.947731,443.766091,148.839412
3995,62644.8025,1589829356.75,5.026177,0.686236,287.978729,39.318427,2.2221798,644.12449,8.6664076,1.3680173,0.73895723,-0.11007553,0.1325488,8.6664076,1.3680173,7.652127,1.2079102,11.938439,0.16922,0.061296,0.0093,0.014072,59.002187,0.606287,745.261724,249.058463
4003,62619.0464,1587604029.15,1.1471339,-0.79590782,65.725931,-45.602159,2.9755814,80.85926,2.7265286,1.144395,0.19489576,0.45376921,0.0180023,2.7265286,1.144395,2.6783129,1.1241576,12.011156,0.1407,0.104895,0.020187,0.032826,54.324858,0.986252,69.14808,7.98704
4009,63086.4372,1627986590.22,3.5857498,-0.90449739,205.44833,-51.823883,1.7300474,382.82817,6.2751741,1.2081364,0.38726726,0.43557015,0.0814634,6.2751741,1.2081364,5.8024841,1.1171311,11.994784,0.14874,0.022393,0.005983,0.00452,67.177013,0.158579,792.012965,264.103796
4023,64198.9128,1724104488.17,4.2557849,1.0447006,243.838513,59.856935,0.19624683,260.12655,15.418764,1.3412942,0.970676,0.10350402,0.0563256,15.418764,1.3412942,14.5966023,1.2697735,11.950453,0.16575,0.247478,0.084897,0.043821,36.920083,0.980805,206.730954,46.298763
4037,63801.9749,1689809049.46,0.52545263,0.38168094,30.106218,21.868707,2.2875373,354.62482,3.6693058,1.3448443,0.6067186,-0.45361704,0.0757566,3.6693058,1.3448443,3.4109071,1.2501381,11.949623,0.1662,0.152561,0.016107,0.050275,23.582286,0.656931,578.980929,213.737917
4040,64130.0567,1718155316.37,5.4743424,0.35946129,313.656715,20.595615,0.54746043,543.6836,15.393485,1.6056788,0.95937884,-0.42192686,0.1132713,15.393485,1.6056788,13.8272537,1.4423068,11.785124,0.2012,0.108024,0.003229,0.028247,36.771292,0.853849,494.480499,127.191977
4042,62989.4607,1619607820.7,3.9966732,0.38428959,228.992506,22.018172,1.9014911,88.283694,5.8718514,1.1312509,0.52370745,-0.20499772,0.0196314,5.8718514,1.1312509,5.7587983,1.1094705,12.01446,0.13905,0.09622,0.037453,0.016189,43.894432,0.3247,428.636022,115.868088
4086,64284.6786,1731514651.63,0.1457244,-0.13382098,8.349393,-7.667377,2.290343,555.6585,4.5795116,1.3851298,0.57802051,0.27306443,0.115592,4.5795116,1.3851298,4.1050058,1.2416097,11.930171,0.17145,0.094592,0.010491,0.028031,37.690985,0.659044,866.971584,271.023206
4088,63028.6661,1622995168.13,5.4971576,-0.96129694,314.96393,-55.078258,2.3414217,368.57108,2.9995573,1.3284254,0.49678242,0.21958393,0.0785837,2.9995573,1.3284254,2.781015,1.2316387,11.955139,0.16409,0.134155,0.010617,0.048614,21.625902,0.696584,435.10985,108.071771
4100,61546.3198,1494920444.51,3.0935644,0.86572983,177.248184,49.602665,0.95519951,324.63411,2.7829535,1.3669858,0.91540498,-0.26891539,0.0696425,2.7829535,1.3669858,2.6017603,1.2779838,11.938834,0.16908,0.3928,0.020232,0.150092,17.312938,0.577446,391.766796,141.872775
4117,63680.3608,1679301586.96,5.9906554,-0.93400713,343.239271,-53.514667,1.3245006,202.98784,9.3722897,1.5418613,0.9226588,-0.044203885,0.04433,9.3722897,1.5418613,8.9744519,1.4764119,11.836739,0.19236,0.188904,0.027382,0.043796,69.435471,0.243813,474.100044,147.469166
4127,63436.0656,1658194481.66,3.1202547,0.96178675,178.777425,55.106322,1.4461967,383.09297,17.103128,1.2663555,0.96771002,0.093979619,0.0815168,17.103128,1.2663555,15.8140201,1.1709069,11.977338,0.15613,0.226648,0.092551,0.036144,47.72139,0.124277,643.415375,291.323277
4128,64385.2604,1740204917.64,5.5910423,1.2320766,320.343127,70.592789,0.66617962,459.17373,14.385899,1.2930349,0.91835564,0.35631201,0.096712,14.385899,1.2930349,13.1172991,1.1790105,11.968108,0.15955,0.138754,0.048032,0.024453,27.181258,0.786188,474.868567,93.829321
4149,63636.1347,1675480458.12,1.8674241,-0.80226304,106.995519,-45.966286,0.61098074,305.63523,7.2316699,1.0741959,0.88245571,-0.32243887,0.0657443,7.2316699,1.0741959,6.7855578,1.0079302,12.026037,0.13191,0.316841,0.106891,0.056716,36.344907,0.819086,299.223639,98.152654
4232,62635.5422,1589029260.67,3.8023086,-0.40332415,217.856235,-23.108772,1.6289749,586.09247,16.802849,1.1276193,0.90501708,-0.25439113,0.1214623,16.802849,1.1276193,14.9829823,1.0054902,12.015043,0.13859,0.115866,0.054622,0.016507,68.99006,0.058146,838.319761,242.59004
4239,64440.3235,1744962365.2,0.24373127,-0.93970658,13.964773,-53.841221,0.25985172,418.4564,9.8932257,1.3565208,0.89679635,0.08102002,0.088615,9.8932257,1.3565208,9.0879016,1.2460979,11.943762,0.16772,0.191487,0.050749,0.037971,46.13695,0.966428,518.509982,181.383442
4252,61463.9253,1487801560.01,2.4345335,-0.71983798,139.488495,-41.243678,2.4075927,599.18579,2.6646678,1.1811062,-0.29920837,-0.25562498,0.1239757,2.6646678,1.1811062,2.3707521,1.0508289,12.00176,0.14533,0.014437,0.004192,0.004032,39.508056,0.742501,670.11793,198.714885
4255,63773.625,1687359620.4,1.0637755,1.325833,60.949846,75.964635,3.0317727,625.13409,6.691628,1.5411873,0.81502444,0.060563002,0.128936,6.691628,1.5411873,5.9273759,1.365168,11.837399,0.19226,0.127188,0.009067,0.034131,15.942453,0.993976,483.969563,169.192657
4377,62510.1354,1578194119.68,5.5756702,-0.14223835,319.46237,-8.149657,0.9675871,417.31248,6.9641342,1.3865564,0.9634394,0.10890281,0.0883863,6.9641342,1.3865564,6.3985866,1.2739561,11.929482,0.17164,0.391246,0.06599,0.090127,57.959266,0.567288,694.392861,248.786258
4378,61256.0237,1469838863.03,4.3871954,-0.36345605,251.36778,-20.824498,2.0921949,146.78564,9.6961975,1.3221684,0.72218513,0.19379245,0.0323358,9.6961975,1.3221684,9.3924836,1.2807541,11.957458,0.16329,0.038203,0.00144,0.009918,18.787713,0.498093,208.107503,39.028581
4392,61059.2118,1452834314.56,5.4232425,-1.3514432,310.728907,-77.431992,2.4913068,118.16198,15.240076,1.0364361,0.91200894,0.30024248,0.0261487,15.240076,1.0364361,14.8517222,1.0100252,12.033873,0.12719,0.191245,0.112504,0.021223,54.132255,0.795911,100.116928,31.169583
4440,62456.446,1573555356.15,1.7319065,-0.052213732,99.230933,-2.991626,2.519359,583.66099,14.41841,1.2593338,0.90443969,0.2959556,0.1209947,14.41841,1.2593338,12.8621572,1.1234075,11.979605,0.15524,0.123339,0.044803,0.021168,39.494128,0.812579,567.559102,143.001729
4441,63229.124,1640314734.64,0.15999532,0.1500373,9.167057,8.596504,1.0671881,174.98194,10.280325,1.0646453,0.96289784,0.13735972,0.0383782,10.280325,1.0646453,9.9003664,1.0252962,12.028364,0.13071,0.401883,0.160094,0.065172,34.249345,0.482589,301.601944,63.392444
4442,62570.1249,1583377209.75,0.55595225,0.87036331,31.853718,49.868144,2.9297911,459.59613,5.9142756,1.2118893,0.29429138,-0.37563109,0.0967956,5.9142756,1.2118893,5.3923227,1.1049364,11.99279,0.14923,0.011494,0.000387,0.003097,21.974044,0.977654,516.045757,200.45318
4450,64169.4072,1721555202.5,3.7467091,-0.07923894,214.670618,-4.540057,0.62578887,306.94976,6.2509689,1.1037396,0.2896086,0.47982383,0.0660147,6.2509689,1.1037396,5.8638675,1.0353887,12.020166,0.1356,0.021413,0.011763,0.00263,63.217788,0.810501,406.474746,150.971744
4457,62658.0448,1590973492.45,2.1330011,0.86667939,122.211961,49.657071,1.1794317,289.10919,5.4077196,1.5486261,0.98813188,-0.10307987,0.0623374,5.4077196,1.5486261,5.0903973,1.4577535,11.83248,0.19327,0.463743,0.037261,0.137673,17.483752,0.38145,544.396354,179.293532
4458,61384.4085,1480931316.28,0.49013887,1.1580693,28.082889,66.352483,1.7960958,211.46325,15.115347,1.1186734,0.88465881,0.16272582,0.0461217,15.115347,1.1186734,14.4489377,1.069353,12.016919,0.13747,0.120691,0.059743,0.016428,29.031235,0.223398,327.622264,87.097065
4466,63350.3699,1650790378.23,0.54293216,-0.65826947,31.107721,-37.716062,0.14139769,551.9997,6.0346551,1.1274925,0.63952112,0.46978292,0.1148836,6.0346551,1.1274925,5.4128118,1.0113096,12.015063,0.13858,0.146308,0.051299,0.026054,52.113433,0.99002,658.04466,234.133432
4477,63825.0982,1691806900.56,5.6517038,1.0026138,323.818775,57.445539,2.3166983,462.20524,10.319694,1.29128,0.96080732,-0.30188289,0.0973117,10.319694,1.29128,9.4045242,1.1767669,11.96873,0.15932,0.338724,0.097342,0.065083,40.624581,0.678635,572.631456,154.986063
4520,61092.2319,1455687257.31,0.32635996,-0.73115901,18.699048,-41.892325,1.8952231,275.64677,10.612878,1.7214121,0.94724321,0.34754553,0.0595508,10.612878,1.7214121,10.0163933,1.6246621,11.670026,0.21783,0.142486,0.001582,0.038178,29.628552,0.318766,731.36498,225.981022
4534,62422.7285,1570642159.5,2.6585318,0.18311752,152.322652,10.491861,2.3491906,489.67538,14.549438,1.268965,0.93045217,0.2884725,0.1027261,14.549438,1.268965,13.1940631,1.1507526,11.976459,0.15647,0.16869,0.06403,0.028209,49.836232,0.702137,594.716338,142.172963
4535,62251.1259,1555815697.71,3.3986114,1.1281989,194.726089,64.641035,0.6383778,330.98316,5.6017914,1.1536467,0.29209542,-0.32082888,0.0709409,5.6017914,1.1536467,5.2307196,1.0772273,12.008509,0.14187,0.028222,0.012741,0.004321,42.426131,0.803063,314.099051,83.403288
4551,62706.4846,1595158691.22,5.9671777,-0.11598622,341.894098,-6.645521,0.023398809,500.58607,19.310429,1.3623288,0.98997563,0.46153402,0.104867,19.310429,1.3623288,17.4776048,1.2330251,11.940771,0.16848,0.279422,0.10173,0.047894,17.471642,0.999726,386.316801,80.159021
4558,64038.6114,1710254442.98,2.422711,0.71393868,138.811115,40.905673,0.55412602,990.75976,6.5430655,1.4933916,0.73108017,0.42508033,0.1961781,6.5430655,1.4933916,5.4699761,1.2484693,11.870686,0.18578,0.081329,0.004109,0.022236,52.803349,0.850361,958.492374,317.883383
4609,61110.6158,1457275627.33,0.35649045,0.88643358,20.425398,50.788903,0.40660734,792.24895,10.106379,1.6551105,0.98935413,0.31082407,0.1602524,10.106379,1.6551105,8.7105007,1.4265091,11.738383,0.20822,0.348049,0.043736,0.082493,19.324064,0.918468,705.887438,182.698021
4612,62590.8404,1585167025.41,6.0949105,0.7638158,349.212648,43.763422,1.5128747,415.19676,6.6816907,1.5548965,0.9044165,0.21966863,0.0879633,6.6816907,1.5548965,6.1414671,1.429181,11.827356,0.19414,0.230274,0.022884,0.060169,49.692774,0.057889,765.039586,207.289101
4617,62682.7768,1593110336.68,4.6619827,0.17138034,267.111933,9.81937,0.54907953,158.3856,9.5133762,1.1925832,0.71068966,-0.14414619,0.0348279,9.5133762,1.1925832,9.1931967,1.152446,11.998939,0.14677,0.067434,0.025699,0.011253,72.936222,0.853005,170.422639,32.751076
4644,64316.0126,1734221906.82,6.225524,-0.39093856,356.69625,-22.39913,2.9422879,191.73026,7.6587205,1.0434821,0.88272405,-0.33933306,0.0419434,7.6587205,1.0434821,7.3504186,1.0014767,12.032215,0.12807,0.314041,0.116561,0.053276,40.064317,0.980204,180.517991,46.11995
4654,63785.4799,1688383881.86,4.7066186,-0.59571115,269.669382,-34.131735,2.8773823,478.20635,9.667572,1.1607658,0.86170954,-0.21668063,0.1004698,9.667572,1.1607658,8.7849499,1.0547912,12.007086,0.14276,0.207403,0.080946,0.034092,24.558294,0.965299,439.160688,120.058237
4680,63491.5438,1662987798.54,3.5594713,-0.86698361,203.942683,-49.674502,0.94713758,172.42344,13.99687,1.5113605,0.97435939,0.31427971,0.0378321,13.99687,1.5113605,13.4866426,1.4562669,11.858575,0.18821,0.231895,0.05227,0.048418,19.748871,0.584009,235.244058,38.686593
4696,63595.4826,1671968111.11,2.162107,0.72012841,123.879606,41.260319,2.6641409,342.44715,4.8509159,1.5257111,0.97032076,0.10009585,0.0732797,4.8509159,1.5257111,4.5197126,1.421541,11.849466,0.19014,0.416461,0.030743,0.131481,60.826436,0.888169,333.245832,118.486473
4716,61238.1518,1468294736.94,1.1310604,-0.59861818,64.804987,-34.298295,2.7860169,860.42064,17.163004,1.642506,0.97919852,0.46153891,0.1727362,17.163004,1.642506,14.6350081,1.4005758,11.750923,0.20641,0.13421,0.008594,0.033858,58.159235,0.937446,877.540606,272.198565
4745,62660.3338,1591171257.5,0.53032974,-1.0104325,30.385656,-57.893518,0.87447702,377.30617,6.512116,1.2086916,0.86784548,0.31506166,0.0803493,6.512116,1.2086916,6.0277877,1.1187971,11.994491,0.14881,0.286747,0.072031,0.058831,18.61235,0.641398,590.747357,187.466057
4766,62101.3971,1542879126.16,6.0640214,-0.36556419,347.442833,-20.945285,2.3874002,542.641,16.122225,1.3172904,0.95112014,-0.21464913,0.113069,16.122225,1.3172904,14.4844797,1.183476,11.959283,0.16266,0.171012,0.060076,0.029901,68.428112,0.728825,623.603177,169.479771
4778,62745.917,1598565648.53,3.8962812,0.44699836,223.240469,25.611119,1.0895427,306.19266,8.3383713,1.1797779,0.90797096,-0.059248447,0.065859,8.3383713,1.1797779,7.8231467,1.1068799,12.002168,0.14516,0.301412,0.094304,0.055899,70.12798,0.462891,344.118865,100.021203
4793,61233.0765,1467856228.02,5.9838518,0.79762756,342.849453,45.700693,0.54344198,277.13613,6.8249898,1.0671122,0.38555974,0.050006241,0.0598596,6.8249898,1.0671122,6.4395224,1.006843,12.027747,0.13102,0.036588,0.021815,0.003997,26.876939,0.855934,329.499309,110.279398
4841,62642.471,1589627915.76,3.2283615,0.67095427,184.971489,38.442848,2.027,634.06903,7.3221068,1.3361673,0.79837781,-0.32594359,0.1306376,7.3221068,1.3361673,6.4760862,1.1817821,11.952008,0.16509,0.155914,0.036118,0.032756,21.158262,0.440543,1194.950952,331.400447
4851,62183.533,1549975669.13,2.9125573,0.2748167,166.877241,15.745837,0.74700299,261.79412,4.6890206,1.1091359,-0.10357795,0.40227005,0.0566728,4.6890206,1.1091359,4.4375333,1.0496494,12.019314,0.13627,0.002452,0.001476,0.000285,62.772906,0.733728,375.281438,105.79475
4856,63197.6757,1637597602.02,2.8817892,-0.80845499,165.114359,-46.321059,2.5800259,933.0386,9.1475897,1.4799639,0.94126171,0.36870748,0.1858634,9.1475897,1.4799639,7.7138647,1.2480054,11.880356,0.18396,0.256133,0.046728,0.056731,41.451203,0.846422,806.604392,264.100099
4859,63137.2244,1632374603.69,2.9979465,-0.31909735,171.769682,-18.282931,2.4840972,281.78042,8.1364403,1.1379522,0.62782323,-0.37496778,0.0608217,8.1364403,1.1379522,7.6699413,1.0727082,12.013011,0.13989,0.072422,0.032686,0.010723,57.896097,0.791525,273.508465,53.922446
4885,62268.0869,1557281126.07,2.6884271,-1.2249141,154.035526,-70.182408,2.6719225,323.58054,6.8244143,1.2247512,0.86003071,0.28072089,0.0694269,6.8244143,1.2247512,6.3813754,1.1452407,11.996714,0.15076,0.265726,0.068631,0.053795,50.787192,0.891718,292.122228,79.932016
4891,63783.447,1688208237.8,0.90954048,-0.34507324,52.112831,-19.77124,2.3738118,679.89027,11.086406,1.8366908,0.98889893,-0.39467558,0.1393143,11.086406,1.8366908,9.7307709,1.612102,11.483123,0.2362,0.240659,0.00795,0.063122,24.599781,0.719454,843.465541,269.50499
4903,61551.2059,1495342609.54,0.73154123,0.48774506,41.914225,27.945733,0.9638785,404.24467,7.7418833,1.2367469,0.94162899,-0.268112,0.0857699,7.7418833,1.2367469,7.130317,1.1390507,11.987012,0.15236,0.360778,0.091487,0.072914,50.879693,0.570338,475.063547,109.72667
4919,61355.205,1478408126.08,0.064371801,1.3579974,3.688233,77.80752,2.8346381,524.9478,6.7922025,1.3919359,0.64878321,0.30129942,0.1096279,6.7922025,1.3919359,6.1211536,1.2544169,11.927685,0.17233,0.055816,0.005763,0.013955,41.928041,0.953258,486.095432,139.725982
4946,62994.3753,1620032442.49,4.718965,1.0083251,270.376778,57.772773,2.5783771,371.23646,4.7347131,1.1318161,0.49706969,-0.0037586598,0.0791228,4.7347131,1.1318161,4.3875572,1.0488297,12.014363,0.13912,0.125006,0.03894,0.025252,43.991787,0.845543,360.650381,116.461834
4954,61253.627,1469631794.79,3.1739092,0.85220506,181.851602,48.827753,0.60481269,875.37538,13.735211,1.5604798,0.93869621,0.086834669,0.1754537,13.735211,1.5604798,11.6850294,1.3275553,11.82274,0.19491,0.106254,0.007573,0.026601,50.026821,0.822609,809.860481,208.458913
4957,64392.9361,1740868095.55,4.4918997,-0.80707248,257.366895,-46.241847,1.586173,471.05083,6.6224637,1.1346711,0.85577679,-0.26585346,0.099059,6.6224637,1.1346711,6.0255762,1.0324024,12.013805,0.13947,0.288212,0.084585,0.055354,15.073042,0.015376,602.973554,164.846774
4985,62641.416,1589536758.95,2.3639984,0.56510379,135.447131,32.378062,0.31339791,594.75364,7.4556603,1.4371387,0.94135725,-0.10025651,0.1231257,7.4556603,1.4371387,6.6383133,1.2795885,11.903915,0.17828,0.313665,0.052345,0.071993,53.892279,0.951292,467.767817,137.656335
5013,64217.7343,1725730662.69,3.259541,1.2996991,186.757942,74.467273,1.747273,766.71542,10.766808,1.5260625,0.98849684,0.29151782,0.1555348,10.766808,1.5260625,9.3175974,1.3206547,11.849186,0.19019,0.375553,0.069649,0.082566,25.048121,0.175562,1306.93623,389.349365
5014,61518.5825,1492523947.13,3.0547704,0.69781021,175.025451,39.98158,2.5416279,258.36433,9.6194506,1.1584234,0.64507163,-0.42304227,0.0559585,9.6194506,1.1584234,9.1096865,1.097035,12.007495,0.14247,0.038827,0.012746,0.007031,61.577722,0.825356,264.068323,59.47992
5033,63617.6966,1673887402.07,1.6063417,0.10119079,92.0366,5.797805,1.2222043,357.69518,4.7837572,1.3285921,0.59260762,-0.42351639,0.0763799,4.7837572,1.3285921,4.4443021,1.2343153,11.955075,0.16411,0.110278,0.018405,0.029134,32.953759,0.341575,722.797737,270.566728
5034,62130.7186,1545412506.03,5.3543209,-0.44582992,306.77999,-25.544173,0.48147101,597.00679,9.2820768,1.4457893,0.87658387,-0.48392513,0.1235579,9.2820768,1.4457893,8.2613246,1.2867955,11.900591,0.17941,0.149832,0.028705,0.032765,43.965924,0.886315,577.36731,171.700523
5044,62827.1857,1605587262.81,2.5649493,-0.034734625,146.96077,-1.990147,0.71005503,437.48288,15.180366,1.2443562,0.97185642,0.093055949,0.0924085,15.180366,1.2443562,13.8962359,1.1390942,11.984223,0.15333,0.291497,0.116393,0.047196,28.928555,0.758326,508.503515,140.420762
5056,63060.9543,1625784866.23,2.5797483,-0.64292036,147.80869,-36.836623,1.9296363,322.69722,8.843277,1.2526734,0.92571467,-0.46628401,0.069246,8.843277,1.2526734,8.2705728,1.1715484,11.982006,0.15439,0.300533,0.085722,0.057979,70.894061,0.351188,783.664251,281.349424
5058,62812.7007,1604335756.88,1.7972999,0.63876396,102.977699,36.598479,3.030851,906.784,3.5451999,1.2835306,0.9059211,-0.28690264,0.1811371,3.5451999,1.2835306,3.0015143,1.0866906,11.971449,0.15833,0.383297,0.039802,0.125868,44.754527,0.993874,798.57517,243.643794
5146,63922.4202,1700215521.92,3.7745715,0.21851723,216.267016,12.520115,2.7094384,535.59389,9.0451193,1.258875,0.88457501,0.36793703,0.1117,9.0451193,1.258875,8.1362948,1.1323873,11.979756,0.15518,0.226127,0.068914,0.042423,36.810213,0.908066,495.162441,164.926827
5230,62146.1308,1546744115.19,3.0466739,-1.0485669,174.561556,-60.078458,1.1189985,401.43636,9.8600607,1.3621922,0.77386558,-0.2297065,0.0852065,9.8600607,1.3621922,9.0858846,1.2552378,11.940834,0.16846,0.056823,0.007212,0.013386,26.133942,0.436584,533.493562,133.875255
5241,61236.5717,1468158210.78,0.67836202,0.44580742,38.867281,25.542884,2.2400943,221.32544,2.1171961,1.3158449,0.83426535,-0.14662793,0.048201,2.1171961,1.3158449,2.0198379,1.2553364,11.959824,0.16247,0.340462,0.01202,0.136652,19.829587,0.620436,230.629629,51.809349
5248,63321.1862,1648268909.47,5.9149787,1.1226954,338.903315,64.325708,1.5145647,521.78798,11.226625,1.1288074,0.75254381,-0.26742178,0.1090119,11.226625,1.1288074,10.1230884,1.0178497,12.014856,0.13874,0.070168,0.031474,0.01043,16.114695,0.056202,1197.690252,335.893463
5292,63694.3948,1680514125.7,4.9221359,0.12981196,282.017613,7.437677,0.88708008,425.7334,8.8203802,1.2359753,0.933451,-0.18684736,0.0900679,8.8203802,1.2359753,8.0915876,1.1338516,11.987782,0.15226,0.320653,0.092594,0.061545,58.595013,0.631678,796.701103,284.094898
5316,61165.3556,1462005141.96,2.0726778,0.094850442,118.75569,5.43453,0.44258493,253.53288,8.6169081,1.5988935,0.91970062,0.2996802,0.0549511,8.6169081,1.5988935,8.1680638,1.5156091,11.791621,0.20024,0.184185,0.018458,0.045407,31.459612,0.903648,231.247093,55.140244
5335,63373.7498,1652810398.74,5.2053011,-0.20916725,298.241784,-11.984401,1.95618,194.15117,7.3622484,1.0685894,0.36823371,0.030443462,0.0424573,7.3622484,1.0685894,7.0623978,1.0250678,12.027367,0.1312,0.019767,0.010364,0.002539,72.144671,0.375915,257.417786,53.818232
5339,61617.6665,1501084803.49,0.77291012,-0.59643824,44.284488,-34.173394,2.4128283,860.07741,9.3963385,1.4368373,0.91726738,0.29506317,0.1726738,9.3963385,1.4368373,8.0127473,1.225266,11.904091,0.17824,0.214004,0.044621,0.045792,34.111728,0.745998,841.443371,333.719334
5393,63251.3373,1642233964.83,0.89592746,0.035216957,51.332862,2.017783,3.0490016,931.20796,20.014633,1.2147232,0.9865365,0.39814982,0.1855345,20.014633,1.2147232,16.8823701,1.0246207,11.991805,0.14959,0.293624,0.13773,0.042019,58.101488,0.995717,1419.955315,427.111225
5397,61185.1042,1463711416.94,4.6925615,0.62132995,268.863969,35.599584,2.4069487,790.4434,11.408802,1.2813575,0.79087919,-0.34977329,0.1599195,11.408802,1.2813575,9.8358565,1.1046952,11.972202,0.15805,0.054791,0.010356,0.011978,34.209189,0.742069,695.395854,172.171308
5427,64176.9547,1722207306.03,4.2018253,-0.58857924,240.746856,-33.723106,2.3338291,690.05239,10.403816,1.2223434,0.83142936,0.27298826,0.1412274,10.403816,1.2223434,9.1163391,1.0710779,11.995209,0.15048,0.134118,0.050612,0.022511,25.987236,0.691117,877.414923,290.489472
5429,62641.9832,1589585769.64,2.3435104,-0.45038691,134.273255,-25.805269,0.56207525,227.59858,8.0175467,1.1394112,0.80229157,-0.025524218,0.0495206,8.0175467,1.1394112,7.639247,1.0856493,12.012617,0.14007,0.19524,0.072665,0.033085,60.121589,0.846151,211.465671,44.838491
5434,62619.4317,1587637317.99,5.909307,-0.12167614,338.578351,-6.971529,0.82393604,626.01655,6.803616,1.1657091,0.85577679,-0.26585346,0.1291042,6.803616,1.1657091,6.0256759,1.0324194,12.006185,0.14338,0.27605,0.078983,0.05357,29.115227,0.679338,707.507406,250.862722
5443,62628.8615,1588452055.3,1.2787911,-0.74918084,73.269333,-42.9249,1.35192,303.36084,8.079648,1.2249383,0.74738061,0.47375038,0.0652764,8.079648,1.2249383,7.5845557,1.1498784,11.996791,0.15078,0.123718,0.042139,0.022049,71.720062,0.217133,734.121301,257.478888
5452,63908.452,1699008674.49,6.0500501,1.1335745,346.642337,64.949035,2.7025403,715.46441,12.838891,1.4197274,0.95265657,0.27897221,0.1459943,12.838891,1.4197274,11.2032768,1.2388608,11.913657,0.17598,0.214039,0.056775,0.042391,16.759242,0.905155,616.009409,171.72322
5469,62874.1625,1609646055.03,3.4461551,0.30007882,197.450143,17.19325,2.6009871,652.85772,3.4328496,1.2575647,0.15698233,-0.17127423,0.1342055,3.4328496,1.2575647,3.0266559,1.1087627,11.980196,0.15501,0.041086,0.007069,0.01253,58.365912,0.857397,713.423006,217.343038
5473,63276.5111,1644408979.02,1.4594659,-1.3229431,83.621236,-75.799056,0.80066706,728.14563,6.2336454,1.4517677,0.69164497,-0.14237763,0.1483639,6.2336454,1.4517677,5.4282838,1.2642052,11.896388,0.18021,0.07876,0.006425,0.020993,47.733033,0.696228,825.482193,260.696012
5487,63533.5415,1666616400.53,3.633487,-0.58749298,208.18347,-33.660868,0.9530298,837.55332,3.7423863,1.2016188,0.64568758,-0.084952772,0.1685664,3.7423863,1.2016188,3.2025448,1.0282846,11.997169,0.14791,0.208872,0.036066,0.05959,56.467963,0.579216,601.219616,204.790388
5494,62508.3391,1578038919.07,3.968678,0.14212356,227.3885,8.14308,0.23242907,990.63937,3.8189433,1.3893758,0.53633559,0.18792044,0.1961567,3.8189433,1.3893758,3.1926782,1.1615333,11.928362,0.172,0.102357,0.007944,0.034672,38.119702,0.97311,682.844749,216.652591
5503,62235.1128,1554432161.75,3.6914304,-0.74330198,211.503382,-42.588066,0.52695145,595.21417,9.8289442,1.2196659,0.77713615,-0.49439985,0.1232141,9.8289442,1.2196659,8.750731,1.0858713,11.993159,0.15018,0.098983,0.03683,0.016758,57.079833,0.864344,526.649037,138.545606
5525,62291.3165,1559288164.4,1.7166635,0.70975631,98.357573,40.666041,2.375803,939.18365,9.2127666,1.3287933,0.74542081,0.30106941,0.1869664,9.2127666,1.3287933,7.7616067,1.1194868,11.954998,0.16414,0.061794,0.01231,0.01336,48.684839,0.720835,831.675959,329.003623
5540,61067.3787,1453539936.0,2.7415864,-0.85496829,157.08133,-48.986075,0.20020703,793.29786,6.5137105,1.3894107,0.70638913,0.0097875968,0.1604457,6.5137105,1.3894107,5.6131112,1.1973079,11.928351,0.17201,0.096543,0.015887,0.022718,58.082571,0.980025,690.801677,213.879519
5551,64095.1195,1715136739.76,2.4521523,-0.30686154,140.497978,-17.581871,2.2332645,442.45163,10.455721,1.3927474,0.94647753,-0.22442897,0.0933963,10.455721,1.3927474,9.562609,1.273781,11.927517,0.17243,0.264431,0.065591,0.053632,34.73154,0.615065,570.44245,172.167275
5558,61006.925,1448316734.75,1.263923,-1.2225061,72.417454,-70.04444,0.25069781,497.69452,12.090402,1.4305327,0.9843111,0.41567829,0.1043002,12.090402,1.4305327,10.9484744,1.2954202,11.909068,0.17739,0.354764,0.087546,0.072036,34.121569,0.96874,478.034525,111.90438
5596,62964.7317,1617471239.69,0.35328352,-1.0426967,20.241655,-59.74212,0.60297733,731.69036,10.602011,1.1964233,0.75101238,-0.21593769,0.1490253,10.602011,1.1964233,9.2269608,1.0412506,11.998235,0.14725,0.066033,0.02398,0.011336,29.5436,0.823651,815.699445,227.576452
5598,64299.2558,1732774118.8,2.1855263,1.0884649,125.221433,62.364445,1.1939364,428.95581,13.582784,1.4706522,0.96200222,0.38999316,0.0907105,13.582784,1.4706522,12.4531521,1.3483433,11.885306,0.18273,0.207892,0.049936,0.042577,59.557105,0.368003,737.616912,243.051186
5619,62604.9714,1586387944.94,2.8691237,-0.1535191,164.388679,-8.795997,3.0273041,590.09156,7.6553802,1.2658521,0.78613538,0.080004565,0.1222307,7.6553802,1.2658521,6.8215744,1.1279785,11.977505,0.15607,0.155554,0.044888,0.030015,36.89022,0.993476,516.325707,171.181192
5631,63307.3474,1647073236.53,2.3604754,-0.74655895,135.245278,-42.774677,2.5180339,363.55184,5.1907635,1.2614684,0.94893193,-0.090810873,0.0775674,5.1907635,1.2614684,4.8171128,1.1706631,11.978918,0.15551,0.418044,0.068166,0.103416,58.060954,0.811806,430.107552,188.388118
5632,62923.8259,1613936974.8,2.072385,0.42000117,118.738914,24.064294,2.2007855,225.29878,4.5542006,1.1309237,0.74574798,-0.10027862,0.0490371,4.5542006,1.1309237,4.3413153,1.0780589,12.014515,0.139,0.256667,0.058911,0.05905,34.543295,0.589136,315.454583,68.38085
5647,63197.8441,1637612149.84,4.0782984,-0.12866098,233.669286,-7.371731,1.0487436,168.44357,6.5907755,1.3115257,0.84656614,-0.078013495,0.0369816,6.5907755,1.3115257,6.3557303,1.2647531,11.961424,0.16192,0.233502,0.049966,0.050852,42.50325,0.49866,209.844888,44.776526
5648,62752.5481,1599138573.87,3.116682,-0.089326342,178.572725,-5.118022,0.79549131,168.68205,4.3606033,1.2361187,0.18286671,-0.44340223,0.0370326,4.3606033,1.2361187,4.2048854,1.1919767,11.987631,0.15227,0.023504,0.005796,0.005682,24.952744,0.699934,318.023132,107.156509
5649,63276.1589,1644378550.56,1.4568698,-0.061310883,83.472491,-3.512855,1.6494164,161.97004,2.2989008,1.1018248,-0.26266038,-0.25028253,0.0355962,2.2989008,1.1018248,2.2198815,1.0639522,12.020461,0.13536,0.047057,0.013026,0.013643,74.153557,0.078539,411.428187,117.625774
5679,63599.8881,1672348749.32,0.2673219,-0.10230629,15.316417,-5.861719,1.373191,209.6871,5.8787131,1.2683829,0.84234262,0.25508144,0.0457466,5.8787131,1.2683829,5.6215466,1.212897,11.976657,0.15639,0.261877,0.054653,0.05856,24.905105,0.196322,359.827941,94.328447
5687,63794.1761,1689135231.46,2.3528016,0.39052341,134.805602,22.375343,2.7498569,587.77137,11.241426,1.1865581,0.71577138,0.43486381,0.1217849,11.241426,1.1865581,10.021017,1.0577412,12.000229,0.14602,0.033299,0.003391,0.008061,57.96576,0.924248,465.178464,118.575706
5706,63494.1816,1663215709.22,1.8701699,0.32986331,107.152842,18.899775,1.8723407,423.01905,3.9558966,1.4296484,0.73701859,-0.23213729,0.0895263,3.9558966,1.4296484,3.6308409,1.3121743,11.909496,0.17727,0.191543,0.014547,0.064805,15.468786,0.296995,595.255824,187.54188
5722,61649.9032,1503870056.84,4.8448683,-0.71980445,277.590506,-41.241757,0.53092969,544.90422,7.1624846,1.2254009,0.71076828,0.25587806,0.1135082,7.1624846,1.2254009,6.4323593,1.1004867,11.99695,0.15084,0.125866,0.040133,0.023303,63.057222,0.862337,1070.399299,381.920346
5731,62393.3488,1568103753.34,3.6838112,-0.28545752,211.066834,-16.355511,0.44704294,667.12603,4.9013233,1.5391626,0.84776044,-0.10314791,0.1369055,4.9013233,1.5391626,4.3111086,1.3538175,11.839525,0.19198,0.218564,0.01346,0.069853,22.216064,0.901729,759.678079,346.989021
5745,64345.8006,1736795586.37,4.6623286,-0.62529681,267.131751,-35.826868,0.70931749,763.57441,14.655871,1.2130989,0.84675819,0.26289934,0.1549528,14.655871,1.2130989,12.6895838,1.050345,11.992268,0.14938,0.055272,0.009116,0.012441,71.313379,0.758807,798.30176,245.478838
5788,61763.2908,1513666745.41,0.12949436,0.26000367,7.41948,14.897113,2.7624016,792.60685,9.2972965,1.4216924,0.91726738,0.29506317,0.1603183,9.2972965,1.4216924,8.012712,1.2252607,11.91234,0.17624,0.221702,0.047732,0.047032,42.159199,0.928964,639.391592,237.882681
5795,61389.0255,1481330219.01,4.0819562,-0.60863819,233.878862,-34.8724,0.8652639,291.63682,9.4893456,1.4874963,0.88979691,-0.20107754,0.0628595,9.4893456,1.4874963,8.9281279,1.399523,11.874974,0.18498,0.148966,0.024616,0.033645,36.656722,0.648439,367.703791,87.406498
5813,61150.6758,1460736804.04,1.3132258,-0.13950177,75.242296,-7.992863,1.5871843,228.78651,3.0291352,1.1815466,0.96186209,0.41406533,0.0497702,3.0291352,1.1815466,2.8855223,1.1255288,12.001627,0.14538,0.4704,0.04895,0.159273,52.162782,0.016387,646.617566,255.811384
5815,64491.6237,1749394709.06,6.0913139,0.86645326,349.006578,49.644115,0.85932567,740.12594,15.29077,1.2448447,0.86182523,-0.34984678,0.1505972,15.29077,1.2448447,13.289421,1.0819119,11.98417,0.15339,0.05096,0.002227,0.013135,31.217452,0.652948,903.595202,246.393511
5850,62185.4798,1550143874.95,6.166724,0.64914882,353.327259,37.193488,2.537258,922.96359,6.4658599,1.7635266,0.96456158,0.27014804,0.1840523,6.4658599,1.7635266,5.4607891,1.4893992,11.604322,0.22442,0.284278,0.006189,0.087276,38.16992,0.82288,970.872487,326.835981
5870,62827.2054,1605588966.52,1.0879111,-0.08616478,62.332715,-4.936878,2.2746042,880.86021,9.8631697,1.6660362,0.92832142,0.019702645,0.1764485,9.8631697,1.6660362,8.3838516,1.4161574,11.726577,0.2098,0.14133,0.00585,0.036792,25.80011,0.647125,1250.505542,387.161305
5884,63494.0257,1663202242.36,5.2148483,-0.19796696,298.788798,-11.342671,0.84720581,804.00447,19.653032,1.1732016,0.96687841,-0.24363746,0.1624165,19.653032,1.1732016,16.9070479,1.0092781,12.004222,0.14432,0.206469,0.101816,0.028208,31.522003,0.66208,1054.908258,338.734415
5938,63231.3393,1640506134.23,2.7713713,1.3145092,158.787879,75.315829,0.60281973,463.11279,3.2784836,1.4761789,0.65171319,0.13170888,0.0974911,3.2784836,1.4761789,2.987253,1.3450486,11.882528,0.18346,0.149005,0.002366,0.057951,68.273768,0.82374,755.489361,228.899523
5941,61363.4924,1479124158.11,3.145796,0.7837763,180.240834,44.907074,2.5420494,311.50896,3.3568964,1.2175241,0.75128806,-0.28992471,0.0669516,3.3568964,1.2175241,3.1462499,1.141124,11.991987,0.14993,0.276274,0.036327,0.087995,52.700545,0.825593,336.134546,114.957316
5954,61761.9035,1513546876.3,5.6652689,-0.1056127,324.595998,-6.051162,2.7838956,758.68177,14.729788,1.2576249,0.89468902,-0.026697975,0.1540457,14.729788,1.2576249,12.7636093,1.0897532,11.980176,0.15502,0.101119,0.03359,0.018201,68.557894,0.936706,704.092334,233.504869
5967,62534.8028,1580325381.06,4.6596298,0.71926928,266.977122,41.211094,2.4255189,179.16272,18.269915,1.1684766,0.91083169,-0.26820701,0.0392698,18.269915,1.1684766,17.5795681,1.1243245,12.005549,0.14373,0.085014,0.026483,0.015776,71.842113,0.754389,203.969919,33.132803
5987,64057.719,1711905343.29,4.8664309,0.033657361,278.825952,1.928425,2.7823721,225.06309,4.8887672,1.4009138,0.68339396,0.011896085,0.0489875,4.8887672,1.4009138,4.6604628,1.3354914,11.923618,0.1735,0.133503,0.016122,0.037906,51.009032,0.936171,198.606823,67.37914
5991,62331.9174,1562796084.43,0.40747131,-0.52821829,23.346386,-30.264679,0.76036595,883.85086,15.936522,1.1802306,0.87204665,-0.056558661,0.1769905,15.936522,1.1802306,13.5400598,1.0027529,12.002028,0.14522,0.068158,0.017977,0.013525,48.876497,0.724584,816.540924,214.52237
6014,61586.6165,1498402087.72,5.5201647,-0.68316938,316.28214,-39.142722,1.2257304,466.61422,13.820908,1.756201,0.98508567,-0.37410089,0.098183,13.820908,1.756201,12.5852498,1.5991879,11.614947,0.22328,0.190245,0.011715,0.048139,31.710015,0.338259,610.506378,190.2449
6023,62033.8321,1537041509.28,4.2548948,0.85304537,243.787514,48.875899,2.2280011,253.20668,4.0638504,1.6852039,0.95805728,-0.21318097,0.0548831,4.0638504,1.6852039,3.8524179,1.5975267,11.704784,0.21261,0.356594,0.003368,0.136363,24.36258,0.610906,293.229937,76.129913
6027,64188.2605,1723184125.42,1.4897251,0.13656076,85.354961,7.824355,0.77569019,751.70764,8.5403032,1.4384533,0.78291559,0.22511065,0.152751,8.5403032,1.4384533,7.4086277,1.2478439,11.903329,0.17845,0.07647,0.008769,0.018382,43.092312,0.713938,911.2127,287.612216
6064,64370.3135,1738913505.45,2.7693996,-0.40800494,158.674909,-23.376961,1.0102642,829.30308,9.2208376,1.4326198,0.77940369,-0.33971417,0.1670576,9.2208376,1.4326198,7.9009273,1.2275484,11.907553,0.17767,0.057904,0.002864,0.014887,57.104723,0.531637,1187.331577,352.002744
6086,63049.3894,1624785662.31,3.0605025,0.17645421,175.353876,10.110082,2.9539366,181.30778,11.505016,1.0817369,0.76420015,-0.20305373,0.0397269,11.505016,1.0817369,11.0654213,1.0404049,12.024846,0.13284,0.085003,0.044325,0.010964,72.318235,0.982444,160.315882,50.018951
6130,61487.6621,1489852423.71,5.9369906,-1.0947933,340.164504,-62.727036,2.5653587,741.37993,4.3822722,1.1808196,0.65301973,-0.29373136,0.1508306,4.3822722,1.1808196,3.8079212,1.0260586,12.001847,0.14529,0.195932,0.042795,0.047733,45.207604,0.838521,759.420565,244.962491
6143,63926.196,1700541749.51,4.0084625,1.1142198,229.667984,63.840092,0.54623004,736.82581,5.5512996,1.214292,0.71124375,0.058396291,0.1499825,5.5512996,1.214292,4.8272904,1.0559221,11.991895,0.14953,0.181367,0.045672,0.038507,50.34704,0.854489,902.442914,286.589159
6149,61557.898,1495920802.28,5.319447,-0.098729789,304.781862,-5.6568,1.914499,142.69691,3.319876,1.547788,0.8808167,-0.1381388,0.0314554,3.319876,1.547788,3.2186327,1.5005865,11.832892,0.19316,0.298702,0.005905,0.116676,70.054808,0.336976,296.613301,76.327285
6185,61008.6718,1448467663.59,0.34251058,0.45216348,19.624411,25.907059,2.7319311,574.63518,19.432835,1.2174237,0.97559279,-0.31437373,0.1192569,19.432835,1.2174237,17.3622646,1.0877071,11.991953,0.14992,0.234725,0.108346,0.034063,37.909016,0.917256,950.732045,372.605768
6198,62118.0688,1544319564.19,1.9126933,0.33587103,109.589254,19.243992,1.4236284,122.86874,2.3493922,1.050667,-0.25202054,-0.45133311,0.0271699,2.3493922,1.050667,2.287248,1.0228756,12.030692,0.12897,0.059981,0.018825,0.016237,68.928613,0.146637,280.394749,75.331839
6199,61104.6176,1456757375.24,1.3357842,0.22798024,76.534797,13.062306,0.52422801,610.46521,5.4657574,1.50717,0.82676888,0.21847923,0.1261353,5.4657574,1.50717,4.853553,1.3383561,11.862603,0.18762,0.189327,0.01649,0.054584,22.573348,0.865711,641.795927,215.001523
6205,63385.7682,1653848793.0,4.0333509,0.59540729,231.093984,34.114325,0.57146193,607.70981,7.7552385,1.1756815,0.68368465,-0.24747141,0.1256082,7.7552385,1.1756815,6.8898204,1.0444855,12.003455,0.14464,0.103989,0.040304,0.017213,39.558004,0.841111,469.065764,144.768876
6220,63242.3087,1641453890.16,5.7078123,-1.2747047,327.033555,-73.035199,1.3532692,284.06722,7.5418663,1.0928743,0.89402747,0.13249689,0.061295,7.5418663,1.0928743,7.1062865,1.0297554,12.022478,0.13424,0.32045,0.107222,0.057573,43.583175,0.215816,714.438271,241.711419
6287,61808.3784,1517562313.88,2.7794302,-0.58081373,159.24962,-33.278175,0.96452001,721.29754,8.8738327,1.6562634,0.89918226,-0.14268738,0.147085,8.8738327,1.6562634,7.7359851,1.443889,11.736726,0.20839,0.121896,0.001559,0.032996,70.438347,0.569811,869.123553,308.80686
6291,61271.6443,1471188489.57,1.9229616,-1.4053416,110.177584,-80.520142,0.54950872,388.96531,6.0406475,1.3680531,0.54248786,0.096442997,0.0826998,6.0406475,1.3680531,5.579245,1.2635572,11.938426,0.16922,0.038968,0.00231,0.010526,23.608441,0.852781,390.932553,108.824451
6298,64104.776,1715971068.13,1.4753442,0.17463163,84.530996,10.005655,1.6970094,398.87888,2.6114869,1.3165605,0.64787269,-0.12070977,0.0846931,2.6114869,1.3165605,2.4075815,1.2137632,11.959556,0.16256,0.217133,0.013481,0.082438,46.969453,0.125878,530.18364,155.816953
6301,62539.7289,1580750990.83,3.1161604,0.083433163,178.542839,4.780368,1.1085821,214.57159,14.661148,1.4522961,0.94171458,-0.19580476,0.0467777,14.661148,1.4522961,14.0059809,1.3873969,11.896047,0.18028,0.130273,0.02705,0.027822,68.730216,0.445931,334.168007,68.998295
6310,61083.4451,1454928074.66,1.0175429,1.1991601,58.300914,68.706813,0.19614148,836.62988,2.7574542,1.5324954,0.90396351,-0.067543574,0.1683977,2.7574542,1.5324954,2.3600306,1.3116214,11.845141,0.19106,0.342938,0.003007,0.139679,31.647201,0.980826,662.472336,219.82437
6365,62062.6167,1539528500.29,4.7045145,0.29182176,269.548826,16.720155,1.1599324,701.92867,12.616758,1.5339255,0.93703103,-0.3541207,0.1434582,12.616758,1.5339255,11.0338598,1.3414792,11.844205,0.19125,0.137965,0.020602,0.031641,45.845292,0.399402,1206.74471,394.749852
6368,62472.5798,1574949311.41,5.8660716,0.9798865,336.101145,56.143361,0.60952096,292.9109,7.8766608,1.4670988,0.95027143,-0.23400845,0.0631225,7.8766608,1.4670988,7.4089869,1.3799903,11.887125,0.18226,0.314414,0.051298,0.072125,55.265958,0.819922,265.168272,57.789625
6401,63281.2157,1644815457.86,4.8309577,0.70262168,276.793487,40.257257,0.86186704,916.49935,8.0450974,1.4673358,0.76805037,-0.43031973,0.1828886,8.0450974,1.4673358,6.80123,1.2404683,11.887009,0.18229,0.070696,0.004632,0.018063,35.773225,0.651021,1099.636667,324.731627
6449,63730.4553,1683629759.5,3.1750173,0.49637428,181.915091,28.440151,1.0945836,536.19563,8.2691088,1.1606883,0.795367,0.30233389,0.111817,8.2691088,1.1606883,7.4374727,1.0439562,12.007099,0.14275,0.175637,0.065482,0.029728,37.869254,0.458417,772.880084,268.914577
6462,64256.6637,1729094160.48,2.1429095,-0.080926351,122.77967,-4.636738,1.8901873,665.42455,7.4837928,1.2457114,0.69567388,0.48918498,0.136584,7.4837928,1.2457114,6.5844609,1.0960135,11.984062,0.1535,0.100263,0.031699,0.018603,37.025103,0.313988,999.437165,300.248795
6466,62514.1304,1578539283.71,3.2856112,-1.1339528,188.251655,-64.97071,1.1344578,344.1588,13.025406,1.4587088,0.89211768,0.19353609,0.0736283,13.025406,1.4587088,12.1321369,1.358672,11.891761,0.18114,0.073385,0.003726,0.018777,49.815125,0.422624,434.835894,110.801451
6506,61991.2723,1533364345.2,2.1628413,0.71208279,123.921678,40.799339,2.8391775,565.67484,6.1137629,1.4234811,0.67348206,0.20448075,0.1175284,6.1137629,1.4234811,5.47079,1.2737763,11.911325,0.17648,0.080212,0.00878,0.020728,56.906225,0.95462,440.043292,122.303083
6522,64059.4241,1712052660.08,1.210911,0.74821364,69.38009,42.869484,1.121795,234.85376,3.6360786,1.1571791,0.92234021,0.23229787,0.0510438,3.6360786,1.1571791,3.4594931,1.1009809,12.007729,0.14231,0.417043,0.059611,0.12265,34.925788,0.434066,394.488241,141.961014
6542,61802.2584,1517033542.49,0.95932278,-0.78064826,54.965146,-44.727851,2.7316135,243.92682,2.2838976,1.1163827,0.096558079,-0.39543512,0.0529442,2.2838976,1.1163827,2.1690584,1.0602486,12.017552,0.13718,0.106842,0.018217,0.035669,17.226975,0.917129,283.488734,124.22101
6626,63605.6897,1672850008.91,0.61130528,-0.53950157,35.025213,-30.911163,2.1140001,181.56608,3.7438016,1.2191348,0.86943626,0.31038395,0.0397819,3.7438016,1.2191348,3.6005643,1.1724909,11.992802,0.15012,0.353889,0.048002,0.106301,74.437586,0.516881,246.129904,50.036005
6644,63783.2823,1688194009.07,4.3265044,-1.3658225,247.890442,-78.255865,1.0552371,260.59057,14.377563,1.1254441,0.809461,0.46261501,0.0564222,14.377563,1.1254441,13.6096754,1.0653355,12.0154,0.13832,0.049215,0.010932,0.010319,41.701273,0.493021,363.412395,76.069017
6667,61529.9347,1493504776.87,3.1821542,0.87232206,182.324005,49.980372,0.66525039,266.03882,4.6001172,1.1475179,0.88484007,0.11320123,0.0575558,4.6001172,1.1475179,4.349763,1.085066,12.010213,0.14109,0.362913,0.070682,0.087453,21.571161,0.786762,221.084434,54.395124
6676,63492.8077,1663097007.38,4.1931031,0.39556726,240.247111,22.664335,0.80847647,474.19234,17.40593,1.2345181,0.92637122,-0.23403224,0.0996787,17.40593,1.2345181,15.8281965,1.1226171,11.989496,0.15205,0.110546,0.03892,0.019305,53.015776,0.690601,504.707738,119.553682
6688,61264.2903,1470553097.98,3.9208861,0.093827707,224.650225,5.375932,0.13889195,717.23135,6.3171992,1.1769733,0.67653686,-0.25011575,0.1463248,6.3171992,1.1769733,5.5108283,1.0267363,12.003048,0.1448,0.144588,0.04668,0.026839,47.663904,0.99037,586.983529,180.522726
6702,61134.8328,1459367973.75,4.2756673,0.5363933,244.977691,30.733072,0.51698822,185.96861,3.6850886,1.3983066,0.7859087,-0.3208459,0.0407189,3.6850886,1.3983066,3.5409066,1.3435968,11.925537,0.17315,0.244774,0.019525,0.084213,65.93028,0.869312,177.934078,38.349054
6706,63993.8481,1706386897.77,3.8274523,-0.66287671,219.296863,-37.980038,1.9446076,375.58728,14.889205,1.6963264,0.98875445,0.18164295,0.0800021,14.889205,1.6963264,13.7862737,1.5706695,11.692203,0.21425,0.219394,0.027106,0.051834,65.096683,0.365166,770.496831,252.236464
6753,62921.581,1613743014.4,0.89859401,0.36775005,51.485644,21.070526,0.80679004,565.19844,11.196905,1.2212278,0.95716166,0.18835324,0.1174364,11.196905,1.2212278,10.0201725,1.0928835,11.994341,0.15036,0.329447,0.113321,0.058257,15.391666,0.69182,578.932617,163.905248
6767,64035.2106,1709960617.81,3.1699152,-0.22742304,181.622762,-13.03038,2.1501912,149.07602,3.0960393,1.2314132,0.58086842,0.0078698574,0.0328286,3.0960393,1.2314132,2.9976313,1.1922726,11.993511,0.15162,0.193289,0.024848,0.064115,31.136244,0.547518,223.404843,56.587592
6780,64088.3074,1714548173.18,1.0399592,-1.2564478,59.585273,-71.989156,1.2917134,339.33341,6.9462991,1.2675885,0.79837781,-0.32594359,0.0726452,6.9462991,1.2675885,6.4758593,1.1817408,11.976925,0.15629,0.187735,0.048798,0.037989,60.41094,0.275474,747.41328,272.231822
6801,62048.2593,1538288021.98,0.095573527,-0.57962052,5.47596,-33.20981,1.1374719,248.72963,3.3383462,1.266246,0.54513627,0.14847781,0.0539483,3.3383462,1.266246,3.1674667,1.2014308,11.977374,0.15612,0.159359,0.020929,0.051746,37.356389,0.41989,515.406055,178.547469
6844,61058.3098,1452756386.94,3.8522229,0.35533283,220.716114,20.359071,2.4697178,514.92885,5.8913498,1.2678813,0.40913835,-0.25470299,0.1076731,5.8913498,1.2678813,5.3186717,1.1446349,11.976826,0.15633,0.025226,0.004022,0.005988,67.430362,0.782656,659.473281,231.98127
6856,63848.9532,1693867976.25,0.89267863,1.0214606,51.146718,58.525381,0.74236159,699.5006,9.5897379,1.4690862,0.84096092,0.086201988,0.1430026,9.5897379,1.4690862,8.3899529,1.2852868,11.886122,0.18252,0.091451,0.011053,0.021736,42.459416,0.736874,1275.853312,371.991125
6870,61245.6844,1468945554.28,3.7195427,0.29855505,213.114098,17.105944,2.1214282,280.41341,7.8872395,1.068383,0.64285171,-0.054036025,0.0605387,7.8872395,1.068383,7.4370127,1.0073966,12.02742,0.13118,0.10568,0.05274,0.014281,58.778382,0.523226,402.315896,122.588009
6893,62506.5707,1577886123.09,6.0813654,0.39247316,348.436571,22.487056,2.9540585,288.67244,5.9933147,1.2391528,0.56003308,0.23211147,0.0622472,5.9933147,1.2391528,5.6421092,1.166539,11.985373,0.15268,0.079079,0.023356,0.015568,70.75076,0.982467,209.925165,48.6966
6909,63408.6341,1655824400.57,0.99900644,-1.1127563,57.238853,-63.75624,0.44387786,395.69486,3.006515,1.3690674,0.40377024,0.14134166,0.0840534,3.006515,1.3690674,2.7734012,1.2629151,11.938043,0.16935,0.088977,0.003571,0.033846,23.519773,0.903093,363.32583,105.405112
6917,62033.2829,1536994056.34,2.1529781,-1.1259891,123.356559,-64.514423,2.8225212,217.48645,2.1832204,1.0757651,0.097775184,0.47025406,0.0473923,2.1832204,1.0757651,2.0844343,1.027089,12.025743,0.1321,0.122194,0.021674,0.040519,67.295843,0.949527,202.739516,47.431755
6931,63888.9513,1697323806.61,6.0470854,-0.17583395,346.472472,-10.074543,2.8165393,258.05212,5.9990726,1.5932657,0.83178991,0.28268045,0.0558934,5.9990726,1.5932657,5.6815134,1.5089266,11.796929,0.19944,0.148285,0.005684,0.044093,20.087418,0.947634,252.303729,65.981088
6948,64486.6491,1748964901.5,6.2767946,-0.85489213,359.633839,-48.981711,2.2014489,598.79888,18.963785,1.2098083,0.97093809,0.21859673,0.1239016,18.963785,1.2098083,16.8731726,1.0764362,11.993881,0.14896,0.22395,0.103766,0.032394,45.268545,0.589672,679.33357,245.852215
6970,63179.0083,1635984731.86,2.6510891,0.37644958,151.896217,21.568972,2.2778861,366.86831,7.9730115,1.7916481,0.97219962,-0.41136792,0.078239,7.9730115,1.7916481,7.394475,1.6616428,11.561545,0.22884,0.257201,0.006665,0.071737,45.893733,0.649624,466.899599,96.180696
6972,63737.0622,1684200590.9,1.6315678,-0.62184891,93.481949,-35.629318,0.93245736,184.4655,3.5036407,1.3852885,0.70955521,-0.33000407,0.0403992,3.5036407,1.3852885,3.3675928,1.3314971,11.930091,0.17147,0.202387,0.01572,0.0709,41.056458,0.595862,346.893838,118.995216
6982,63998.1416,1706757853.39,5.0410587,-0.02516285,288.831388,-1.441725,2.4031173,337.11307,10.319427,1.2248482,0.74288303,-0.16490193,0.0721923,10.319427,1.2248482,9.6246042,1.1423773,11.996755,0.15077,0.060225,0.018991,0.011116,55.952823,0.739496,467.490774,184.993319
6997,61368.5982,1479565305.61,0.81656775,1.1723462,46.785886,67.170489,2.0022886,280.926,7.4535327,1.2476367,0.52011508,-0.22887851,0.0606448,7.4535327,1.2476367,7.0273598,1.1763002,11.983684,0.15374,0.022934,0.001956,0.005694,57.942277,0.418227,460.766099,130.087468
7001,64423.2788,1743489703.62,3.2338899,-0.69374118,185.288243,-39.748442,1.9414004,435.34919,10.329236,1.4303246,0.86785746,-0.073333047,0.0919839,10.329236,1.4303246,9.4591465,1.3098403,11.909181,0.17736,0.114763,0.022143,0.024991,30.650865,0.362179,512.360602,177.390723
7015,62575.2091,1583816482.54,3.8649168,-0.64135897,221.443421,-36.747162,2.7150184,269.27938,7.2137809,1.2011495,0.95939606,-0.052374002,0.0582293,7.2137809,1.2011495,6.8168411,1.135056,11.997282,0.14785,0.41672,0.101942,0.085408,33.411329,0.910389,260.627071,60.538156
7047,64481.4061,1748511905.82,4.064718,-0.065813997,232.891186,-3.770864,0.49007101,620.71563,9.477355,1.2758003,0.98039609,0.10509215,0.1280933,9.477355,1.2758003,8.4012155,1.1309351,11.974113,0.15734,0.42846,0.112363,0.085266,34.09501,0.882299,627.032504,204.58513
7050,61506.1461,1491449441.59,2.9936954,0.83297655,171.526112,47.726041,2.2963736,558.3784,11.263535,1.716131,0.9890542,0.2364482,0.1161182,11.263535,1.716131,10.0917041,1.5375889,11.667031,0.21722,0.294415,0.031868,0.07097,52.482612,0.663567,551.641326,147.040969
7097,61813.599,1518013374.22,5.6164663,0.81239425,321.799815,46.546762,0.6074483,715.53631,9.1226187,1.1638184,0.74299878,0.10568143,0.1460077,9.1226187,1.1638184,7.9603466,1.0155415,12.006552,0.14314,0.107335,0.045112,0.016778,49.045971,0.821107,685.718924,189.256839
7102,62883.6591,1610466565.43,0.44588232,0.92851724,25.547175,53.200119,0.65818429,882.99163,5.263588,1.4224458,0.71095371,-0.16806182,0.1768348,5.263588,1.4224458,4.4726651,1.2087047,11.91188,0.17634,0.131044,0.015512,0.036071,15.825534,0.791104,894.32139,291.216587
7111,61427.3505,1484641505.28,2.2559189,-0.6083529,129.254632,-34.856054,2.6797072,132.69094,5.8924341,1.0674561,0.55071306,0.22299612,0.029296,5.8924341,1.0674561,5.7247225,1.037074,12.027659,0.13106,0.123776,0.051789,0.019667,25.332571,0.895214,124.733912,21.321961
7145,63233.5171,1640694292.7,3.0447423,-0.67642124,174.450883,-38.756082,2.7275638,406.74021,17.135157,1.243039,0.90528733,-0.23451348,0.0862702,17.135157,1.243039,15.7743049,1.1443184,11.984366,0.15317,0.074171,0.014843,0.015991,59.439316,0.915507,308.651572,77.326732
7159,62269.0616,1557365341.64,1.1314185,0.49389923,64.825505,28.298341,2.3454001,364.63285,3.3075073,1.38837,0.3838155,0.48256087,0.0777864,3.3075073,1.38837,3.0687968,1.2881681,11.92872,0.17187,0.066978,0.001431,0.025401,15.686265,0.699433,412.415507,117.577972
7163,62450.608,1573050951.6,5.2167594,-1.4897638,298.898296,-85.357178,2.0452334,587.37549,3.8528976,1.280193,0.67574221,0.2013949,0.1217089,3.8528976,1.280193,3.4348463,1.1412881,11.972604,0.1579,0.200334,0.028333,0.060423,37.070855,0.456838,645.579653,198.030635
7208,63837.8264,1692906620.51,2.7209235,1.4047039,155.897433,80.483605,0.89019388,608.8615,9.5575638,1.3750731,0.94471109,0.10542975,0.1258286,9.5575638,1.3750731,8.4893598,1.2213876,11.935646,0.17013,0.287833,0.068833,0.059124,52.293394,0.629261,675.933421,248.182343
7234,62374.4329,1566469421.64,2.9484186,0.26174902,168.931942,14.997114,1.4720926,313.04662,8.5545893,1.4992858,0.9794355,0.41288549,0.0672673,8.5545893,1.4992858,8.0154137,1.4047893,11.866979,0.18657,0.381099,0.061024,0.087166,40.788464,0.098544,611.823247,190.833895
7268,61853.3369,1521446729.17,4.6980072,0.31538115,269.175985,18.070009,1.0093254,333.1257,12.798965,1.2883813,0.86671746,0.27854988,0.0713785,12.798965,1.2883813,11.9462588,1.2025454,11.969752,0.15895,0.095738,0.029004,0.017987,50.04854,0.532432,468.387139,122.632791
7294,63709.8136,1681846313.56,2.4210894,0.18892813,138.718204,10.824784,1.2434991,179.40037,18.062494,1.1551678,0.9726128,0.050719507,0.0393205,18.062494,1.1551678,17.3791377,1.1114645,12.008149,0.14206,0.268805,0.134069,0.036316,28.358327,0.321485,261.606336,71.488994
7304,63977.4441,1704969591.75,1.1782913,0.46529757,67.511119,26.659587,1.6082303,443.51404,14.215636,1.2079173,0.93739969,-0.481538,0.0936073,14.215636,1.2079173,12.9988485,1.1045256,11.994896,0.14871,0.213203,0.090619,0.033041,41.052351,0.037425,754.855691,286.060921
7319,63956.9525,1703199116.26,4.2186078,0.25090773,241.708422,14.375954,3.0384916,807.68581,13.228261,1.3724899,0.9514302,-0.24428634,0.1630933,13.228261,1.3724899,11.373345,1.1800343,11.93674,0.16979,0.217855,0.065249,0.041134,38.413625,0.99469,858.871846,262.084796
7348,64422.7838,1743446938.86,1.7298382,0.89020789,99.112428,51.005155,2.1425968,74.81961,8.1129904,1.0958771,0.75851589,-0.4516269,0.0166742,8.1129904,1.0958771,7.9799318,1.077904,12.021689,0.13462,0.167184,0.071116,0.025915,58.710618,0.541147,99.072246,12.973304
7411,61055.4793,1452511832.93,2.0343581,-0.41366568,116.560133,-23.701298,2.1222519,806.03914,9.4580879,1.445652,0.96159166,-0.036066633,0.1627906,9.4580879,1.445652,8.1339561,1.2432608,11.900681,0.17939,0.313789,0.063286,0.067721,37.68976,0.523928,1049.837499,314.873615
7427,63148.8307,1633377390.2,0.76632932,0.1671339,43.907436,9.576067,2.6850133,329.87987,4.8700066,1.552521,0.94418454,0.48953721,0.0707154,4.8700066,1.552521,4.548367,1.4499847,11.82988,0.1938,0.349792,0.023054,0.112224,39.180581,0.897566,427.033312,147.871825
7438,64025.4184,1709114564.13,4.1692137,0.34745617,238.878349,19.907772,1.2248532,198.1993,2.3394663,1.1176642,0.86723584,-0.012638147,0.0433158,2.3394663,1.1176642,2.2423376,1.0712616,12.017196,0.13734,0.388452,0.037591,0.140559,18.34104,0.339084,564.860933,163.693393
7448,62771.4656,1600773047.67,2.8080237,0.54419063,160.887907,31.179826,1.1734353,277.32241,11.591097,1.3689504,0.97423387,0.093990318,0.0598982,11.591097,1.3689504,10.936047,1.2915866,11.938087,0.16934,0.33557,0.090836,0.065975,69.020324,0.386986,478.304627,170.805151
7451,61459.5041,1487419572.25,2.2482071,-0.048731465,128.812778,-2.792107,2.4583661,241.62528,7.791431,1.1341156,0.8725214,0.4627794,0.0524626,7.791431,1.1341156,7.4030478,1.0775828,12.013924,0.1394,0.277439,0.092414,0.049962,36.583278,0.77554,255.508454,63.306893
7490,63651.9026,1676842804.64,3.1574209,-0.39960315,180.906892,-22.895574,2.3099655,757.86128,7.8438759,1.4188427,0.98182112,-0.2117116,0.1538934,7.8438759,1.4188427,6.7977472,1.2296133,11.914258,0.17586,0.427631,0.073792,0.096656,57.787098,0.673674,902.774809,405.627003
7505,62917.5826,1613397552.5,2.155546,-0.87259442,123.503688,-49.995977,0.17364399,925.271,8.0533733,1.5475484,0.83501703,-0.1098498,0.1844674,8.0533733,1.5475484,6.7991517,1.3065353,11.833009,0.19313,0.103465,0.006288,0.026758,24.989223,0.984962,765.075188,257.527519
7509,62601.6231,1586098656.83,1.6908764,-0.22201223,96.880081,-12.720364,0.34583166,553.64509,3.8501437,1.448738,0.72233725,-0.068659447,0.1152022,3.8501437,1.448738,3.4524175,1.299081,11.898468,0.1798,0.179561,0.011068,0.062778,72.860677,0.940794,499.312143,143.668297
7511,61835.7425,1519926570.12,3.6589254,0.12690896,209.640983,7.271348,2.2587985,821.77931,8.1460676,1.3591021,0.86088353,-0.40452754,0.1656797,8.1460676,1.3591021,6.9882555,1.165931,11.942356,0.16806,0.189727,0.043929,0.039564,65.18059,0.634995,756.283778,236.112952
7513,63983.9704,1705533459.55,6.0941754,-0.31021702,349.17053,-17.774126,0.38316661,561.65578,4.4755774,1.3542538,0.85373741,-0.49345413,0.1167519,4.4755774,1.3542538,4.0076738,1.212672,11.94507,0.16742,0.29163,0.035608,0.085353,72.621668,0.927485,539.357742,183.279052
7536,62902.3148,1612078415.0,1.0825985,0.31738494,62.028325,18.184818,0.35368565,600.77128,6.8298922,1.3500808,0.87609792,-0.44322416,0.1242796,6.8298922,1.3500808,6.0749054,1.2008408,11.947479,0.16687,0.250209,0.049555,0.055524,37.034842,0.938103,512.11804,161.777358
7540,63251.0552,1642209584.93,5.6365682,0.31669507,322.951569,18.145291,0.45949443,825.87922,14.662581,1.7086855,0.98507702,0.16321614,0.1664308,14.662581,1.7086855,12.5704677,1.4648837,11.67718,0.21609,0.192806,0.018617,0.046956,27.753667,0.896277,1058.136747,420.603005
7562,63880.171,1696565194.74,0.23293932,0.57777627,13.34644,33.104142,1.5894697,80.572703,13.067822,1.2308592,0.82963592,-0.46194699,0.0179393,13.067822,1.2308592,12.8375256,1.2091676,11.994175,0.15154,0.065833,0.018017,0.012888,29.875616,0.018672,120.499476,37.255371
7620,63885.4045,1697017367.44,3.4060064,0.45534504,195.149792,26.089349,1.9157381,430.50267,5.0004635,1.330645,0.6712985,0.37098154,0.0910188,5.0004635,1.330645,4.5832973,1.2196353,11.954273,0.16438,0.143133,0.024354,0.036767,32.320395,0.338142,737.47646,219.751432
7624,63929.4882,1700826195.87,4.0571731,0.46592904,232.458895,26.695768,0.83048447,844.73126,5.7893825,1.4230218,0.78287292,-0.26959503,0.1698772,5.7893825,1.4230218,4.9487096,1.2163856,11.911558,0.17642,0.165521,0.022856,0.042392,28.66915,0.674518,1166.281052,365.645039
7638,62361.368,1565340609.69,2.3860068,-0.69608369,136.70812,-39.882658,2.3937888,319.22959,7.6900721,1.0770749,0.78940588,-0.44536,0.0685356,7.6900721,1.0770749,7.1968327,1.0079916,12.025526,0.13226,0.209946,0.084111,0.033959,35.280345,0.733184,374.689542,98.696595
7649,61469.4162,1488275974.64,1.2941886,-0.69017952,74.151545,-39.544374,1.0583354,471.56946,5.0969496,1.467181,0.98809624,-0.2274099,0.0991613,5.0969496,1.467181,4.6371261,1.3348186,11.887085,0.18227,0.48511,0.045508,0.142338,43.643568,0.490324,703.884977,231.885079
7667,62560.2524,1582524224.29,5.2885181,0.25215273,303.009767,14.447287,2.2578515,227.65603,3.6308463,1.1555139,0.92234021,0.23229787,0.0495326,3.6308463,1.1555139,3.4594887,1.1009795,12.008072,0.1421,0.417275,0.059768,0.122675,34.447964,0.634263,277.520189,58.103515
7672,63869.1199,1695610375.75,0.060123356,1.2130061,3.444815,69.50013,2.4629163,798.49389,4.2138844,1.2671425,0.69922805,0.073300011,0.1614026,4.2138844,1.2671425,3.6282717,1.091045,11.977075,0.15623,0.205043,0.033336,0.057037,67.787216,0.778404,587.463599,283.871206
7688,63957.3656,1703234803.97,2.3613352,-0.48800664,135.294541,-27.960721,0.66615075,474.18485,4.4717288,1.3110601,0.45045084,0.26691553,0.0996772,4.4717288,1.3110601,4.0664013,1.1922227,11.961595,0.16186,0.069243,0.011604,0.018865,64.853767,0.786206,770.531443,250.262928
7702,62420.6919,1570466199.32,4.4331269,-1.3555485,253.999461,-77.667208,0.54474849,776.65205,3.7132449,1.1714418,0.74394202,0.48349473,0.1573734,3.7132449,1.1714418,3.2083377,1.0121554,12.004743,0.1441,0.271536,0.045638,0.077135,17.412317,0.855258,810.594713,234.888929
7705,61282.6035,1472135357.16,6.010568,0.10329901,344.380179,5.918597,3.0195134,652.34904,6.531651,1.2583655,0.52370745,-0.20499772,0.1341091,6.531651,1.2583655,5.7592795,1.109563,11.979926,0.15511,0.044189,0.011655,0.008962,74.175149,0.992558,665.657264,270.129561
7722,63034.6748,1623514319.09,4.035752,-1.0099545,231.231557,-57.86613,0.93746428,360.40179,5.362957,1.1682727,0.35454541,0.48984259,0.0769289,5.362957,1.1682727,4.9798618,1.0848188,12.0056,0.1437,0.046845,0.018602,0.008004,26.838665,0.591834,637.119459,272.972298
7733,64133.2198,1718428611.35,4.2849806,0.20691171,245.511304,11.855168,2.2940892,405.7901,3.6314447,1.2528425,0.59206408,-0.28120965,0.0860797,3.6314447,1.2528425,3.3436263,1.1535456,11.981941,0.15441,0.173161,0.026117,0.052663,41.096425,0.661857,544.590686,193.76438
7734,62954.2165,1616562725.99,3.4553069,0.78061675,197.974502,44.726045,0.73269754,540.82471,6.8266125,1.4381703,0.86273187,0.44771847,0.1127164,6.8266125,1.4381703,6.1350877,1.292486,11.903434,0.17842,0.206986,0.032561,0.048963,22.526493,0.743373,583.227644,217.31789
7836,61485.7,1489682898.43,4.209214,-0.24109968,241.170197,-13.813994,2.1541859,143.52542,4.7025442,1.4044629,0.82162404,0.11829709,0.0316339,4.7025442,1.4044629,4.5583461,1.3613967,11.920922,0.17398,0.240512,0.027283,0.070548,22.955875,0.550856,207.393941,65.866666
7867,63584.3032,1671002211.79,4.67813,-0.3486255,268.037105,-19.97477,0.82954991,296.61475,2.2813168,1.1532338,0.81140554,0.41269445,0.0638866,2.2813168,1.1532338,2.1443232,1.0839819,12.008612,0.14182,0.349474,0.030557,0.12916,58.091343,0.675208,314.457278,91.732522
7936,62711.1059,1595557969.43,1.9511165,-0.99151559,111.790741,-56.809659,1.6571408,484.75338,3.5266724,1.2120677,0.070568137,0.41522282,0.1017585,3.5266724,1.2120677,3.2009485,1.100121,11.992706,0.14925,0.032496,0.008604,0.008541,44.990641,0.086237,795.200631,234.807037
7937,61797.5754,1516628931.65,1.0313878,-0.025278041,59.094168,-1.448325,2.7004365,956.5639,4.2861166,1.6485291,0.97700638,0.21400256,0.1900798,4.2861166,1.6485291,3.6015371,1.3852257,11.744189,0.20729,0.413481,0.011973,0.150921,48.571371,0.904259,927.658323,388.037146
7964,62463.7434,1574185845.24,3.329122,1.4325199,190.74464,82.077344,1.5816989,136.26225,12.877863,1.1411556,0.87965035,-0.20018108,0.0300675,12.877863,1.1411556,12.5019604,1.1078455,12.012121,0.14029,0.156869,0.074248,0.022269,71.694517,0.010902,182.117694,47.092453
7999,62074.1269,1540522981.68,5.4131468,0.19684303,310.150466,11.278275,2.0447739,555.40593,18.449497,1.2550319,0.98479134,-0.37155455,0.1155431,18.449497,1.2550319,16.5385782,1.1250411,11.981102,0.15469,0.294649,0.125846,0.045498,20.654941,0.456429,1109.430274,392.713415
8011,62508.083,1578016790.44,1.6444203,-0.16657524,94.218343,-9.544058,0.70683253,766.07942,3.0491741,1.3521422,0.55034727,-0.34921026,0.155417,3.0491741,1.3521422,2.6390248,1.1702634,11.946317,0.16714,0.147078,0.010213,0.053876,47.276016,0.760423,841.203822,234.541827
8052,62434.651,1571672261.85,5.4055121,-1.4338876,309.713029,-82.155708,2.7854947,977.64674,7.3659401,1.4896848,0.80493546,0.19927932,0.1938438,7.3659401,1.4896848,6.1699361,1.2478054,11.87342,0.18528,0.11347,0.012484,0.028073,45.915356,0.937264,703.132168,210.355483
8075,61570.3462,1496996325.65,1.4482579,0.7907635,82.979065,45.307411,2.9058065,394.26129,4.7094216,1.1902943,0.45800591,-0.21937776,0.0837652,4.7094216,1.1902943,4.3454259,1.0982953,11.999385,0.14649,0.095607,0.027422,0.020538,42.553309,0.972331,346.194531,131.634358
8098,62641.5764,1589550615.78,0.45514745,0.96596495,26.078028,55.345715,2.6354102,403.03346,2.2819819,1.130263,0.84558749,-0.35323188,0.0855269,2.2819819,1.130263,2.1021882,1.0412114,12.014624,0.13892,0.373533,0.034213,0.136913,30.203204,0.874602,439.549958,225.289937
8104,63814.9439,1690929568.52,4.5392279,-0.84647936,260.078601,-48.499695,1.5337678,428.78309,12.528149,1.4039397,0.89379179,-0.23253921,0.0906761,12.528149,1.4039397,11.4865899,1.2872197,11.921274,0.17391,0.103831,0.021558,0.022177,49.825513,0.03702,737.340268,280.818825
8174,61527.4907,1493293616.82,2.5763938,0.56926846,147.616491,32.61668,1.2962393,159.05079,4.8420091,1.1698693,0.4666037,0.017783586,0.0349705,4.8420091,1.1698693,4.6784029,1.1303407,12.005184,0.1439,0.099479,0.030647,0.020291,34.777061,0.271121,282.96024,75.439237
8178,62286.259,1558851196.92,0.18841137,0.59486391,10.795176,34.083191,0.85875965,559.21254,15.525747,1.3995645,0.95357376,-0.49700361,0.1162796,15.525747,1.3995645,13.9084756,1.253776,11.924666,0.17332,0.162285,0.045763,0.031407,45.510397,0.653377,760.583178,216.500976
8183,61585.5585,1498310675.57,5.5929827,0.59841863,320.454304,34.286862,2.2117722,237.21615,10.207217,1.3879336,0.91188496,-0.49309507,0.0515391,10.207217,1.3879336,9.7069309,1.3199068,11.928891,0.17182,0.198378,0.049593,0.040138,67.967597,0.597978,290.160012,102.002868
8190,63934.868,1701291012.93,0.95254978,-0.018784061,54.577082,-1.076247,2.0854385,493.08498,13.085188,1.1920066,0.94755298,-0.090945996,0.1033957,13.085188,1.1920066,11.8590163,1.0803074,11.999048,0.1467,0.269992,0.110615,0.042957,19.644359,0.492223,879.82276,278.242943
8213,62548.9959,1581551659.94,2.1975248,0.84545673,125.908896,48.441102,1.1247962,142.43312,12.779527,1.0544688,0.9884212,0.4784613,0.0313985,12.779527,1.0544688,12.390484,1.022368,12.030135,0.12944,0.470711,0.207245,0.071013,16.487052,0.43136,203.399014,67.012451
8224,63604.4057,1672739073.12,6.220216,-0.54500555,356.392124,-31.226518,0.27349551,884.00982,10.160608,1.4697326,0.88135129,-0.17845368,0.1770193,10.160608,1.4697326,8.6324904,1.2486903,11.885786,0.1826,0.124428,0.021011,0.027922,69.113553,0.962833,924.617872,350.162333
8226,63451.125,1659495614.11,4.200499,1.188107,240.670865,68.073517,2.7980183,384.21335,8.231534,1.2322891,0.69180608,0.48432824,0.0817426,8.231534,1.2322891,7.6095125,1.1391703,11.992401,0.15174,0.079993,0.027293,0.014239,61.967469,0.941557,336.258164,72.84992
8261,61350.4505,1477997339.42,0.13106652,0.5512843,7.509558,31.586264,2.5742084,794.9694,8.0798569,1.5126882,0.85618407,0.24381839,0.1607536,8.0798569,1.5126882,6.9608716,1.3031949,11.857501,0.18839,0.136954,0.016665,0.032996,38.91928,0.84331,1103.601088,349.661506
8288,61967.9017,1531345128.89,2.6710595,1.059637,153.040436,60.712728,2.4313719,653.94045,14.23921,1.4273359,0.9722752,-0.48840433,0.1344106,14.23921,1.4273359,12.5520773,1.258218,11.910176,0.17697,0.248881,0.069346,0.048391,35.305889,0.758218,609.586892,193.448719
8300,62069.3722,1540112172.44,1.1653525,0.59814104,66.76978,34.270957,2.6070042,331.60925,12.513455,1.4560329,0.89535892,-0.070907563,0.0710688,12.513455,1.4560329,11.6831479,1.3594205,11.893607,0.18078,0.090242,0.011453,0.021239,35.820351,0.860478,393.070618,144.98998
8326,64067.7022,1712767883.89,2.8737026,-1.0678248,164.651031,-61.181854,2.773936,197.78681,6.4346952,1.2490376,0.76605153,0.41812262,0.0432284,6.4346952,1.2490376,6.1680599,1.1972811,11.983294,0.15392,0.182017,0.047117,0.037208,40.648286,0.933172,164.990369,41.161541
8327,63642.796,1676055989.02,4.8656756,-0.2694107,278.782676,-15.436096,2.3632653,414.44331,15.405102,1.2662987,0.9649297,0.1752439,0.0878126,15.405102,1.2662987,14.1615406,1.164078,11.977357,0.15613,0.251023,0.098472,0.041118,59.395705,0.712089,466.60985,103.910232
8438,63033.3823,1623402645.17,2.9174367,0.43904034,167.15681,25.155159,0.91714687,426.79878,7.9960933,1.5826375,0.98003459,0.0099769412,0.0902804,7.9960933,1.5826375,7.3339785,1.4515875,11.805812,0.19796,0.369074,0.044586,0.089812,55.955661,0.608088,538.892353,161.152876
8470,62506.6847,1577895974.78,4.9453603,0.62885197,283.348273,36.030564,0.91931863,38.890832,3.7027705,1.0141107,0.45050707,0.37791026,0.0087192,3.7027705,1.0141107,3.6707645,1.0053449,12.037743,0.12441,0.175462,0.052119,0.038802,44.270461,0.606362,45.782899,7.855713
8491,61718.6608,1509810707.14,5.0528699,-0.46805201,289.50812,-26.817405,0.88069459,330.6814,6.2472944,1.1295996,0.84371537,0.35250476,0.0708792,6.2472944,1.1295996,5.8337993,1.0548338,12.01473,0.13884,0.286792,0.081548,0.056063,58.394244,0.636616,480.392745,186.25394
8501,64299.4205,1732788346.06,1.5401883,1.0153159,88.246289,58.173316,0.64721237,905.15305,16.507532,1.2935232,0.9849577,-0.24449338,0.1808428,16.507532,1.2935232,13.9794498,1.0954237,11.967935,0.15961,0.318661,0.121128,0.053242,64.609547,0.797768,1010.019227,283.555484
8516,62063.7416,1539625691.68,0.31706801,-0.55550362,18.166659,-31.828013,1.6595998,346.06759,13.878899,1.1365632,0.96684301,0.25063106,0.0740169,13.878899,1.1365632,12.9224212,1.0582358,12.013365,0.13971,0.331563,0.147253,0.049678,16.876093,0.088687,587.735044,227.979089
8539,62439.0039,1572048357.08,6.2071048,-0.77208743,355.640908,-44.237351,0.25850633,691.55042,6.372395,1.4048345,0.91432303,-0.21680483,0.1415091,6.372395,1.4048345,5.5824304,1.2306818,11.920688,0.17403,0.301385,0.047067,0.07235,35.087767,0.966773,509.876986,176.153922
8549,64380.3005,1739776378.9,0.73631782,1.0640688,42.187903,60.966651,2.3717878,449.75491,5.1287341,1.3872006,0.61920053,0.26872084,0.094846,5.1287341,1.3872006,4.6844342,1.267028,11.929196,0.17172,0.094409,0.012144,0.025697,24.002414,0.718047,515.638084,191.700973
8551,64084.6039,1714228192.64,2.5105348,0.063740906,143.843048,3.652085,2.5241407,378.24595,8.6157818,1.6061379,0.86203247,0.22630143,0.080539,8.6157818,1.6061379,7.9735965,1.4864229,11.784755,0.20126,0.097686,0.000457,0.026655,52.924111,0.815356,366.867256,68.717324
8575,61774.2347,1514612294.78,5.7607582,0.028128385,330.067132,1.611638,1.2208787,403.78836,6.1062465,1.2621404,0.91247898,0.042357754,0.0856783,6.1062465,1.2621404,5.6243606,1.1625362,11.978704,0.1556,0.341506,0.069021,0.076123,42.839775,0.34282,840.266952,266.264457
8580,63360.1504,1651635410.88,3.7042301,-0.043097498,212.236751,-2.469305,1.4963524,276.57056,6.1386356,1.1933378,0.94624281,0.42659736,0.0597424,6.1386356,1.1933378,5.7925734,1.126064,11.998798,0.14687,0.408973,0.08957,0.088119,54.195694,0.074375,662.677151,197.838964
8593,63765.4318,1686651724.97,1.1213438,-0.076750645,64.248267,-4.397488,1.044073,465.52934,12.853175,1.105184,0.94685441,0.3054395,0.0979687,12.853175,1.105184,11.7063217,1.0065715,12.019952,0.13578,0.299424,0.137367,0.04368,19.750446,0.502703,849.453346,263.652283
8600,61635.562,1502630974.89,1.1847632,-0.31036022,67.881931,-17.782331,2.4016256,415.02691,3.1263914,1.2261326,-0.18186817,-0.12552492,0.0879293,3.1263914,1.2261326,2.8737082,1.1270333,11.997091,0.15093,0.008241,0.000716,0.00285,65.116536,0.738491,466.314248,155.32934
8614,62945.1664,1615780795.23,0.64553472,-0.99152007,36.986415,-56.809915,0.45973843,458.39937,3.3757386,1.3292606,0.23934972,0.13074622,0.0965587,3.3757386,1.3292606,3.0784841,1.212211,11.954818,0.1642,0.042998,0.002425,0.015387,58.444699,0.896169,375.141391,132.511332
8636,63385.2221,1653801608.77,3.6133743,-0.48596816,207.031097,-27.843925,0.41282543,717.54108,12.676924,1.1964332,0.92382878,0.064339183,0.1463827,12.676924,1.1964332,11.0581951,1.0436595,11.998233,0.14726,0.221371,0.091288,0.035062,58.21037,0.915991,515.594399,153.025088
8671,62781.8302,1601668544.98,1.2530913,-0.51010822,71.796843,-29.227048,2.5864071,907.4874,9.295311,1.6986539,0.96472341,-0.12278526,0.181264,9.295311,1.6986539,7.8689531,1.4379968,11.689168,0.2146,0.235839,0.018298,0.059492,54.556101,0.849803,853.908312,245.657035
8694,62414.2859,1569912718.09,5.2985664,0.042055183,303.585492,2.409584,2.1322159,214.25521,7.8341374,1.7161628,0.95967346,-0.064912856,0.0467109,7.8341374,1.7161628,7.4845282,1.6395767,11.666967,0.21722,0.252244,0.013656,0.067737,43.142452,0.532388,311.60411,63.110908
8697,64146.6917,1719592584.65,5.4694915,1.0336306,313.378779,59.222671,2.6174174,96.096955,2.3047035,1.0293914,-0.58774596,0.48948166,0.0213416,2.3047035,1.0293914,2.2565452,1.0078816,12.035003,0.12631,0.026552,0.014723,0.004665,52.030074,0.865737,90.754052,20.88274
8707,61875.3709,1523350464.53,3.8668292,0.42253041,221.552993,24.209209,2.895346,515.58728,4.9038119,1.3159318,0.46911845,0.14478637,0.1078017,4.9038119,1.3159318,4.4266151,1.1878766,11.959792,0.16248,0.060001,0.010444,0.015412,15.85175,0.969834,441.656443,116.851252
8725,62747.6422,1598714702.29,5.7355419,1.2908732,328.622344,73.961586,2.0505047,129.09786,8.0813913,1.1501081,0.52209103,-0.38444659,0.028519,8.0813913,1.1501081,7.8573087,1.1182177,12.009455,0.14142,0.028761,0.010025,0.005057,40.92049,0.46152,200.426629,34.071229
8780,62197.2288,1551158982.65,0.054303346,-0.69366405,3.111353,-39.744022,0.61040096,413.54204,3.8285978,1.1847521,-0.07183411,-0.49583271,0.0876323,3.8285978,1.1847521,3.5201216,1.0892947,12.000703,0.14579,0.010273,0.003996,0.00212,45.472631,0.819418,417.911045,107.665622
8806,62050.0073,1538439046.66,0.7826978,0.55488876,44.845281,31.792784,2.3907275,509.65375,5.2403431,1.4583572,0.62982595,-0.10423835,0.1066422,5.2403431,1.4583572,4.7353547,1.3178218,11.892002,0.1811,0.07571,0.003567,0.022904,68.743958,0.731099,609.832115,183.067311
8808,61189.0446,1464051871.16,1.464884,-0.12880511,83.931671,-7.379989,0.18587785,609.05037,3.3100762,1.3704866,0.79284781,0.37158501,0.1258647,3.3100762,1.3704866,2.9400302,1.2172747,11.937511,0.16954,0.268855,0.019986,0.096028,67.029076,0.982774,560.002473,208.753063
8830,63716.1019,1682389623.9,6.2183443,-0.12255962,356.284884,-7.022149,0.84718576,527.40407,6.6687512,1.2111638,0.39850456,-0.30629605,0.1101064,6.6687512,1.2111638,6.0073082,1.091034,11.993152,0.14913,0.015917,0.001538,0.00393,29.622753,0.662095,738.974897,221.329198
8837,62819.092,1604887963.89,5.7698503,-1.196082,330.588071,-68.530451,2.3406758,794.55368,15.291593,1.7056895,0.98739517,-0.30149353,0.160677,15.291593,1.7056895,13.1747183,1.4695643,11.68116,0.21563,0.196164,0.020452,0.047364,31.432846,0.696049,1188.714203,408.52079
8853,61733.5989,1511101366.2,5.5874021,0.77279308,320.134559,44.277782,2.3114734,366.69016,4.7495556,1.1201643,0.67638308,0.19559164,0.078203,4.7495556,1.1201643,4.4050664,1.0389178,12.016524,0.13766,0.211478,0.055575,0.04548,15.298114,0.674788,575.195014,209.209508
8858,62539.3609,1580719198.17,1.0740216,0.82804973,61.536905,47.443755,0.96365131,633.63195,4.3436723,1.2882618,0.4325673,0.077189863,0.1305545,4.3436723,1.2882618,3.8420725,1.1394956,11.969794,0.15893,0.073719,0.013762,0.019756,64.434632,0.570525,940.224877,260.489287
8859,62398.4629,1568545612.42,1.7810346,-0.73871005,102.045766,-42.324968,2.6188781,440.53095,11.327583,1.4305545,0.98757303,0.13918956,0.0930146,11.327583,1.4305545,10.3636156,1.3088156,11.909056,0.17739,0.390067,0.090683,0.080725,41.466421,0.866467,691.315089,230.746851
8878,64205.6401,1724685725.58,4.0755435,-1.0703272,233.511442,-61.325231,2.5217258,350.20933,3.6405768,1.2363833,0.38556677,-0.15436831,0.0748594,3.6405768,1.2363833,3.387026,1.1502744,11.987361,0.15231,0.097896,0.018514,0.028206,70.98218,0.813956,444.445853,148.218996
8893,64239.744,1727632303.65,0.12828467,-0.49774859,7.35017,-28.518893,2.4836905,545.4387,14.213434,1.2135388,0.89468902,-0.026697975,0.1136118,14.213434,1.2135388,12.7633646,1.0897323,11.992111,0.14944,0.126166,0.051401,0.020152,16.004638,0.791277,595.742385,137.287054
8932,63762.7337,1686418608.68,2.8681477,0.98306348,164.332758,56.325388,2.0462703,698.26419,10.845728,1.451542,0.89837736,0.19204371,0.1427705,10.845728,1.451542,9.4907316,1.2701956,11.896536,0.18018,0.137477,0.027338,0.029708,46.496334,0.45776,1142.995727,345.024954
8947,63305.9425,1646951847.12,3.5911018,-0.39103941,205.754977,-22.404908,0.56182279,636.79815,5.5674205,1.2304951,0.56336522,0.39694238,0.1311568,5.5674205,1.2304951,4.9218824,1.0878201,11.994588,0.15149,0.097232,0.027484,0.019859,48.28416,0.846285,594.373807,161.324706
8951,61495.8594,1490560669.48,4.5422486,0.50620255,260.251674,29.00327,2.1359573,150.38331,3.5855782,1.3398727,0.85728675,0.21736394,0.0331097,3.5855782,1.3398727,3.4706656,1.2969317,11.950794,0.16556,0.322278,0.029905,0.108621,38.931493,0.535552,252.172811,63.796447
8981,63463.2906,1660546726.11,0.41990459,0.71819068,24.058761,41.149295,2.4931951,725.35614,12.234135,1.4272357,0.96829474,-0.0058750357,0.1478432,12.234135,1.4272357,10.6583678,1.2434065,11.910198,0.17696,0.277982,0.070935,0.055814,74.008978,0.797053,680.866805,157.181088
9002,62480.8753,1575666043.94,2.405074,1.0973823,137.80059,62.875374,0.30731762,560.00259,3.1039536,1.5179864,0.91345841,-0.10948661,0.1164323,3.1039536,1.5179864,2.7802434,1.3596761,11.854671,0.18909,0.351407,0.008735,0.13793,50.436504,0.953148,488.604307,137.898832
9013,63062.9806,1625959939.73,5.6410168,0.77615344,323.206455,44.470316,2.6088888,369.29564,6.8923116,1.117141,0.87774783,-0.22903796,0.0787303,6.8923116,1.117141,6.3892818,1.0356074,12.017341,0.13728,0.30993,0.09431,0.05842,31.045293,0.861437,371.555656,103.814255
9019,63966.3711,1704012881.37,4.7890285,-0.11880945,274.391121,-6.80728,0.38270232,545.7474,12.539871,1.6102955,0.94791162,-0.28092638,0.1136717,12.539871,1.6102955,11.2599348,1.4459337,11.781711,0.20184,0.138422,0.012937,0.033838,74.658015,0.927659,420.5915,92.896523
9051,64081.9412,1713998140.59,2.7946892,-0.68547832,160.123896,-39.275015,1.7536905,125.83409,8.7974739,1.2295017,0.80596203,-0.31936151,0.0278124,8.7974739,1.2295017,8.5594156,1.1962316,11.995601,0.15136,0.150749,0.051602,0.026755,27.992437,0.181876,311.022166,77.842783
9113,63360.9247,1651702313.03,5.2812664,1.2591801,302.594275,72.145705,0.30652859,523.66092,4.9864278,1.3363051,0.67623454,0.46602502,0.109377,4.9864278,1.3363051,4.4947999,1.2045545,11.951955,0.16511,0.144861,0.024016,0.037553,55.267009,0.953387,447.009476,98.776779
9119,63427.6646,1657468640.79,3.5655235,0.74600308,204.289448,42.742828,2.6234388,867.89012,17.955944,1.427955,0.95189583,-0.081895381,0.1740945,17.955944,1.427955,15.2934408,1.2162182,11.910034,0.17705,0.097248,0.012123,0.022944,56.237043,0.868735,746.842236,198.36159
9129,64049.1901,1711168446.47,5.8229803,-0.11321297,333.632195,-6.486625,2.9242119,213.96637,14.14229,1.0908308,0.91121578,0.45521387,0.04665,14.14229,1.0908308,13.5119574,1.0422116,12.023022,0.13398,0.196244,0.102861,0.02517,24.100785,0.976466,199.396047,42.511074
9170,63944.7485,1702144689.38,4.0214111,-0.82400187,230.409884,-47.211829,2.6528369,925.79524,13.523334,1.4894127,0.96427566,0.35121378,0.1845616,13.523334,1.4894127,11.4163193,1.2573535,11.873615,0.18524,0.21037,0.048147,0.043727,33.706304,0.882918,1212.988204,394.870351
9181,61420.818,1484077096.85,1.3192937,-0.47178383,75.589961,-27.031222,0.2326815,606.71299,12.170011,1.3931984,0.95587236,-0.24238968,0.1254175,12.170011,1.3931984,10.8137747,1.2379392,11.927424,0.17249,0.248987,0.068236,0.048724,60.960447,0.973052,523.98961,180.594238
9193,64255.9044,1729028557.34,4.2163461,1.2942517,241.578836,74.15516,0.69768468,711.98894,8.2001047,1.5060952,0.92064637,0.18566048,0.1453438,8.2001047,1.5060952,7.1595139,1.3149722,11.863455,0.18747,0.230392,0.035045,0.053454,40.764805,0.766332,1057.573836,338.812183
9194,62030.4806,1536751945.21,0.026738774,0.9394057,1.532019,53.823982,1.2227324,526.13209,8.7371979,1.3661758,0.94334233,-0.070242509,0.1098586,8.7371979,1.3661758,7.8723522,1.2309458,11.939149,0.16898,0.307368,0.069205,0.064432,60.071201,0.341078,832.805211,240.786827
9197,62587.3969,1584869513.78,1.5857143,0.95958604,90.854737,54.98023,1.2510642,427.88575,4.6317549,1.4686357,0.96672767,-0.23678558,0.0904972,4.6317549,1.4686357,4.247379,1.3467579,11.886354,0.18246,0.424428,0.035454,0.133198,70.942284,0.314312,977.538715,283.28771
9198,62102.0518,1542935695.69,0.90826285,-0.033310307,52.039628,-1.90854,2.5332151,654.90973,8.1240778,1.3941649,0.75707322,-0.27744126,0.1345943,8.1240778,1.3941649,7.1603374,1.2287784,11.92721,0.17261,0.081182,0.013658,0.018358,63.663503,0.820576,663.170713,198.251829
9203,62313.1553,1561175033.78,5.6571759,-0.46934422,324.132303,-26.891443,2.746031,982.60126,12.069389,1.3169401,0.91154504,0.40091097,0.1947264,12.069389,1.3169401,10.1022201,1.1022943,11.959414,0.16261,0.173026,0.055667,0.031634,40.719355,0.92278,630.968636,178.226475
9240,61457.24,1487223954.43,2.1050395,-1.0627317,120.609879,-60.890041,0.93652357,428.47176,9.4850674,1.8202792,0.97521377,-0.23023175,0.090614,9.4850674,1.8202792,8.6969974,1.6690407,11.51259,0.23349,0.21586,0.002473,0.058746,62.472024,0.592592,568.020154,165.489082
9242,61329.0286,1476146486.24,2.8748543,0.92697673,164.717018,53.111854,1.1251427,161.73967,8.5408068,1.757977,0.98164785,0.19015887,0.0355468,8.5408068,1.757977,8.2476298,1.6976316,11.61204,0.22357,0.297102,0.017332,0.07808,31.211596,0.431048,274.863257,67.536392
9243,64106.2196,1716095791.61,5.9941548,-1.2204145,343.439772,-69.9246,0.94663447,642.32201,8.0610943,1.5610118,0.96976256,-0.43901336,0.1322066,8.0610943,1.5610118,7.1198089,1.3787341,11.822454,0.19498,0.335462,0.043412,0.08052,48.752509,0.584417,1295.06849,403.787502
9254,62181.6324,1549811458.59,0.73851898,-0.77500345,42.314021,-44.404427,2.3269899,534.58599,3.6106889,1.5179938,0.82985425,-0.073133223,0.1115041,3.6106889,1.5179938,3.2484711,1.3657114,11.854667,0.1891,0.248209,0.008311,0.093013,73.160072,0.686157,614.731348,189.465958
9264,64476.5309,1748090686.39,2.9797891,-0.93371218,170.729339,-53.497767,0.12626739,998.1359,16.825388,1.735393,0.98777044,0.42109728,0.1974888,16.825388,1.735393,14.0505597,1.4491935,11.643392,0.2201,0.152878,0.005268,0.039787,71.108486,0.992039,693.019835,211.103661
9281,62814.8175,1604518647.68,5.4716192,-1.1800122,313.500687,-67.609719,0.0072278561,802.3645,3.6415694,1.1626949,0.085895851,0.4166953,0.1621149,3.6415694,1.1626949,3.1335708,1.0004991,12.006754,0.143,0.042764,0.014577,0.00969,54.49905,0.999974,695.71792,206.418126
9287,62702.1504,1594784209.43,3.0335978,-0.10081654,173.812351,-5.776362,1.9965762,177.33579,11.538304,1.7055148,0.98778534,-0.064651221,0.0388804,11.538304,1.7055148,11.10648,1.6416855,11.681406,0.21561,0.283787,0.032269,0.067938,40.287745,0.413031,260.238389,57.353546
9318,61940.9729,1529018478.08,4.9584304,0.2315338,284.097135,13.26591,0.99099208,342.31294,5.2802978,1.1715454,0.289042,0.40098524,0.0732524,5.2802978,1.1715454,4.9199031,1.0915842,12.004713,0.14411,0.032543,0.013355,0.005471,18.476214,0.54786,482.405851,129.007177
9341,61373.2466,1479966925.87,0.74627961,-0.60950636,42.758672,-34.922142,1.2297356,547.96134,13.563264,1.6328422,0.96671486,-0.20246755,0.114101,13.563264,1.6328422,12.1741777,1.4656141,11.759974,0.20504,0.162927,0.018137,0.039034,17.612522,0.334487,905.724774,281.032221
9423,63717.6815,1682526102.34,1.1896068,0.50335777,68.159449,28.840276,1.6241257,402.15884,10.08252,1.088074,0.72473425,0.33642942,0.0853514,10.08252,1.088074,9.2896361,1.0025085,12.023707,0.13364,0.089692,0.046301,0.011696,28.618257,0.053304,801.978361,231.030957
9435,63763.3567,1686472434.62,0.82658848,0.90286394,47.360031,51.730293,0.95370843,710.49928,11.534861,1.2285955,0.90818638,0.28639141,0.1450648,11.534861,1.2285955,10.0735441,1.0729484,11.996336,0.15124,0.209069,0.078443,0.03521,51.609449,0.578663,1196.334872,350.601555
9456,63886.5663,1697117745.59,4.3911785,-0.79938863,251.595995,-45.801595,1.0980829,443.03995,10.339746,1.4378823,0.90660286,-0.028488785,0.0935132,10.339746,1.4378823,9.4555296,1.31492,11.903552,0.17838,0.168991,0.036597,0.035725,47.761848,0.455304,791.096737,239.643474
9492,61980.1368,1532402233.62,4.0910098,-0.46315191,234.397595,-26.53665,0.78647637,356.91704,3.0157619,1.1833709,0.35493383,-0.13593848,0.0762219,3.0157619,1.1833709,2.8021747,1.0995603,12.00109,0.14561,0.12663,0.021891,0.039671,55.184149,0.706344,452.99969,123.655211
9511,62346.3869,1564046245.33,4.9836073,0.69972054,285.539665,40.091034,2.5875204,766.20273,9.8973789,1.1779002,0.65298635,0.34651995,0.1554398,9.8973789,1.1779002,8.5658973,1.0194388,12.002755,0.14492,0.032242,0.006598,0.006913,41.016869,0.850389,680.568165,205.79858
9568,62141.8565,1546374823.43,5.0381878,-0.10334299,288.666897,-5.921117,2.3727418,256.8393,8.1447649,1.4295927,0.76006544,0.016065082,0.0556407,8.1447649,1.4295927,7.7154711,1.3542418,11.909519,0.17726,0.072872,0.008303,0.017586,56.123739,0.71871,297.277476,76.095481
9598,61612.9835,1500680193.68,0.11835809,0.24435085,6.781419,14.000272,2.0591255,918.55508,7.9807234,1.64196,0.93445337,0.41318929,0.1832588,7.9807234,1.64196,6.744698,1.3876592,11.751456,0.20633,0.215532,0.0171,0.055374,28.400972,0.469151,1223.661078,356.992381
9608,64111.4837,1716550609.67,3.4289179,0.85426378,196.462524,48.945709,1.7061662,562.68546,13.265355,1.6427498,0.9537335,0.23689692,0.1169509,13.265355,1.6427498,11.8763994,1.4707449,11.750674,0.20645,0.124717,0.005944,0.032023,48.492098,0.134957,894.533516,251.350215
9610,64034.2842,1709880576.14,2.7523128,-0.71668925,157.695907,-41.063269,2.4466153,537.87876,10.249445,1.5622585,0.88675922,-0.35067517,0.1121441,10.249445,1.5622585,9.2159323,1.4047267,11.821778,0.19515,0.099376,0.005445,0.025391,55.14903,0.768068,839.425857,300.479144
9644,63620.3371,1674115540.08,1.4685468,1.096215,84.141534,62.808493,2.493468,439.83518,6.1822681,1.5300177,0.95913279,-0.11002507,0.0928763,6.1822681,1.5300177,5.6568784,1.3999917,11.846553,0.19072,0.358357,0.037124,0.095763,69.909621,0.797217,526.538457,142.480543
9649,64214.229,1725427805.18,2.2533494,0.12707223,129.10741,7.280702,2.667712,743.04675,10.039478,1.4155906,0.83213466,-0.2532075,0.1511408,10.039478,1.4155906,8.7213292,1.2297284,11.916153,0.17543,0.086717,0.014249,0.019558,40.018045,0.889804,862.463595,290.248904
9663,64340.9745,1736378616.92,3.3871592,-0.13350696,194.069927,-7.649385,0.84692136,299.41584,6.9290686,1.655136,0.91750842,-0.01836353,0.064464,6.9290686,1.655136,6.509444,1.5549009,11.738344,0.20822,0.208939,0.011072,0.058037,61.050602,0.662293,593.695253,217.765878
9666,64374.2092,1739250091.23,5.9067801,-0.19834879,338.43357,-11.364549,0.99818701,362.59194,5.9711661,1.4061862,0.94959825,-0.19431445,0.0773729,5.9711661,1.4061862,5.5423395,1.3051992,11.919937,0.17421,0.374533,0.052258,0.093956,45.850221,0.541827,524.369777,144.69436
9683,64113.2184,1716700489.47,1.2167007,-0.32263835,69.711815,-18.485816,0.68589216,441.86636,7.5320907,1.2182262,0.8676039,-0.32942653,0.09328,7.5320907,1.2182262,6.8894435,1.1142857,11.992283,0.15001,0.256487,0.072828,0.049755,42.046315,0.773854,408.36296,121.742582
9704,61644.8693,1503435124.23,3.9679448,1.1540382,227.34649,66.121518,2.2362206,963.38881,9.1461887,1.4867954,0.97838825,-0.40580025,0.1912998,9.1461887,1.4867954,7.6774871,1.2480447,11.875467,0.18488,0.368077,0.064724,0.082202,25.730853,0.617393,1187.847727,350.239707
9708,63193.2788,1637217703.53,1.4291059,-0.64809119,81.881737,-37.13289,2.6141,978.11251,12.370955,1.2205962,0.96884859,-0.22064976,0.1939268,12.370955,1.2205962,10.3615689,1.0223375,11.993848,0.15028,0.343898,0.124491,0.059138,30.676853,0.864072,824.290509,292.210503
9710,62008.6178,1534862996.0,5.3125097,-0.32993059,304.384384,-18.90363,2.7881361,699.14688,20.645647,1.2162411,0.97759885,0.26114759,0.1429362,20.645647,1.2162411,18.0636916,1.0641374,11.99172,0.14977,0.223047,0.104056,0.032072,36.185234,0.938182,951.282314,317.793075
9722,62715.9998,1595980801.88,2.0143777,0.84302544,115.415341,48.3018,2.0853378,978.52139,14.011357,1.2612311,0.96134847,0.46240154,0.1939997,14.011357,1.2612311,11.734808,1.0563077,11.978994,0.15548,0.269633,0.101578,0.045296,66.122401,0.492136,1594.215374,426.058786
9742,61697.2216,1507958365.19,5.4294756,0.48482036,311.086037,27.77816,0.80826313,537.98724,10.049841,1.4988092,0.89396471,-0.1546713,0.1121652,10.049841,1.4988092,9.0362843,1.3476498,11.86723,0.18651,0.136024,0.021144,0.031037,18.900566,0.690755,539.456414,183.457174
9750,63370.1727,1652501343.04,4.3631418,0.34726492,249.989611,19.896814,1.6598698,366.93586,16.872828,1.1384372,0.85960186,-0.26238197,0.0782527,16.872828,1.1384372,15.6483058,1.0558167,12.012882,0.13995,0.048623,0.001824,0.012614,30.247104,0.088956,612.586094,183.642708
9774,63713.1216,1682132122.83,5.5356068,0.39909218,317.166907,22.866298,0.99035806,751.15163,12.047698,1.3820415,0.88177949,0.09859702,0.1526477,12.047698,1.3820415,10.4521942,1.1990146,11.931856,0.17105,0.104805,0.024038,0.021772,25.626556,0.54839,1095.730628,358.84543
9787,62265.8452,1557087440.53,4.0673114,0.21835933,233.039777,12.511068,1.258404,297.35755,12.561661,1.4429429,0.88110495,0.44516084,0.0640398,12.561661,1.4429429,11.8056312,1.3560987,11.902112,0.17903,0.073663,0.005621,0.018342,47.985071,0.307336,651.960131,211.809168
9830,64036.9621,1710111944.35,3.9179688,-0.40800108,224.483077,-23.37674,0.90787899,677.69423,14.572958,1.2885939,0.86263877,0.47674325,0.1389003,14.572958,1.2885939,12.7956399,1.131437,11.969677,0.15898,0.053612,0.003005,0.01364,16.814163,0.615419,793.99841,210.011771
9847,64014.4843,1708169862.76,5.184938,0.87047767,297.075064,49.874697,1.239928,328.27105,6.6282067,1.3152037,0.51099426,-0.21297218,0.0703865,6.6282067,1.3152037,6.1923488,1.2287185,11.960063,0.16239,0.025558,0.000455,0.006951,56.845859,0.324864,495.820115,154.533106
9878,61441.0757,1485827359.86,2.6310799,-1.1881681,150.749774,-68.077017,0.60497652,203.14277,12.69834,1.1334625,0.9096877,-0.14554816,0.0443628,12.69834,1.1334625,12.1589353,1.0853149,12.014057,0.13932,0.212966,0.098739,0.030788,27.46376,0.822515,437.119017,124.034938
9887,62050.4728,1538479270.66,3.4319347,-0.087606338,196.635374,-5.019473,2.1285046,346.45851,10.042449,1.2292221,0.91556394,0.10930386,0.0740965,10.042449,1.2292221,9.3496713,1.1444243,11.995849,0.15132,0.259423,0.086905,0.046511,69.239745,0.529243,533.744994,120.406551
9930,62592.9403,1585348456.44,4.917547,0.40062943,281.754689,22.954375,0.18317485,646.11003,8.0652952,1.3683234,0.75769746,0.20570369,0.1329258,8.0652952,1.3683234,7.1189972,1.2077785,11.938323,0.16926,0.090527,0.018534,0.019557,54.97203,0.98327,541.036767,169.677204
9974,62703.8559,1594931565.31,3.7636656,0.53490804,215.642154,30.647973,0.38064338,800.85109,9.8049803,1.4146084,0.84523851,-0.48924959,0.1618365,9.8049803,1.4146084,8.4392085,1.2175624,11.916612,0.1753,0.106886,0.020788,0.023245,29.514214,0.928426,694.648066,180.85439
10002,61387.7216,1481217566.77,6.0370795,1.0833867,345.899176,62.073485,1.1235883,307.61637,9.9749146,1.6058979,0.95898288,0.24040364,0.0661518,9.9749146,1.6058979,9.3559989,1.5062564,11.784945,0.20123,0.236431,0.031041,0.055631,30.243172,0.43245,480.200234,98.388988
10038,63920.0981,1700014893.0,0.53395258,0.17247116,30.593229,9.88187,1.283428,178.65053,5.5204048,1.6096047,0.84712571,-0.30493572,0.0391607,5.5204048,1.6096047,5.3123689,1.5489469,11.78228,0.20174,0.174079,0.005607,0.054961,37.72333,0.283429,599.134995,212.38048
10058,61115.3195,1457682020.26,3.542881,0.22298844,202.992129,12.776296,0.4838933,905.81514,17.724285,1.3046402,0.98767757,0.18608616,0.1809623,17.724285,1.3046402,15.0083417,1.1047264,11.96394,0.16103,0.311547,0.120465,0.051503,41.668307,0.88519,1032.594887,375.556438
10112,61182.8355,1463515409.38,1.8452159,-0.76467716,105.723083,-43.812774,0.41331228,565.71157,3.4732194,1.3007295,0.16076961,0.24737734,0.1175354,3.4732194,1.3007295,3.1079277,1.1639268,11.965356,0.16053,0.030751,0.002371,0.010553,20.391031,0.915795,497.67698,147.19475
10117,64003.0842,1707184891.19,0.52593081,0.92151915,30.133616,52.799158,0.82047505,285.98998,3.8076243,1.2845949,0.16460216,0.45077842,0.0616927,3.8076243,1.2845949,3.5863714,1.2099498,11.971078,0.15847,0.025454,0.002816,0.008016,27.516257,0.681874,280.53826,53.5982
10125,62508.8396,1578082159.67,5.5653746,0.59970183,318.872476,34.360384,0.60070667,355.76576,15.378204,1.500201,0.93716663,-0.44840032,0.0759883,15.378204,1.500201,14.2921672,1.3942541,11.866518,0.18669,0.088093,0.004356,0.02257,54.986406,0.824936,614.495843,182.668255
10138,63944.5373,1702126444.88,1.0150656,-0.086473792,58.158975,-4.954583,2.8320597,377.22901,5.492465,1.5253769,0.87204027,0.027091533,0.0803337,5.492465,1.5253769,5.084045,1.4119498,11.849736,0.19009,0.231891,0.019708,0.067285,20.431028,0.952476,335.240774,65.890904
10154,62416.217,1570079564.34,5.1361751,-0.85461643,294.281156,-48.965915,2.481629,480.30003,9.9893475,1.1453685,0.73341602,-0.12678473,0.1008821,9.9893475,1.1453685,9.0739482,1.0404097,12.010861,0.14082,0.082499,0.037014,0.012261,38.84785,0.790015,860.433225,426.062482
10161,63897.6585,1698076111.22,3.5151607,-0.39500051,201.403872,-22.631862,2.2859131,319.40219,4.381618,1.3981433,0.72081941,0.20596731,0.068571,4.381618,1.3981433,4.1004463,1.3084234,11.925639,0.17313,0.175536,0.018732,0.053886,56.63761,0.655706,324.559382,108.333298
10164,63718.3894,1682587262.29,3.0174298,0.10539056,172.885993,6.038434,2.9650041,697.59385,6.0989523,1.241128,0.62253588,0.19344686,0.1426446,6.0989523,1.241128,5.3375758,1.086189,11.984691,0.15293,0.104242,0.029778,0.020728,46.235285,0.984449,672.782947,235.54375
10178,63102.2457,1629352444.18,3.6327142,-0.44726777,208.139192,-25.626556,2.1229897,318.90037,18.427893,1.1983786,0.93730325,-0.31038338,0.0684681,18.427893,1.1983786,17.2470215,1.1215857,11.997869,0.1475,0.127227,0.052175,0.020229,45.974647,0.524556,668.224308,242.327227
10180,62058.378,1539162276.1,4.380338,-0.86205033,250.97488,-49.391846,0.99072587,324.36768,3.5013306,1.1391344,0.49507117,0.36677605,0.069588,3.5013306,1.1391344,3.2735321,1.0650217,12.012693,0.14003,0.167839,0.035282,0.046043,74.302316,0.548083,408.818224,104.757373
10204,63147.2695,1633242502.34,1.5429328,-0.2527892,88.403538,-14.483754,2.5828286,451.25586,4.1711812,1.4755527,0.89257622,-0.17364743,0.0951437,4.1711812,1.4755527,3.8087982,1.3473599,11.882841,0.18337,0.310694,0.021642,0.104789,66.073265,0.847911,661.291743,232.969805
10208,61651.1709,1503979579.51,1.8238891,0.60770839,104.501148,34.819126,1.5025338,331.15725,19.140041,1.5338583,0.98245466,-0.4072758,0.0709764,19.140041,1.5338583,17.87158,1.4322055,11.844252,0.19124,0.156818,0.028559,0.03457,67.684809,0.06821,575.42045,195.478534
10260,61059.5605,1452864449.44,4.239654,-0.88585184,242.914281,-50.755572,0.36782932,850.0982,3.7691262,1.3356488,0.64773351,-0.29688251,0.1708561,3.7691262,1.3356488,3.2191198,1.1407454,11.95221,0.16502,0.172431,0.019645,0.055434,61.165895,0.93311,609.091857,169.508379
10284,62744.2851,1598424646.68,3.9408214,0.25467827,225.792434,14.59199,1.5811802,537.40281,9.3666592,1.5453908,0.90534073,0.078015558,0.1120516,9.3666592,1.5453908,8.4228635,1.3896754,11.834126,0.19284,0.156896,0.020302,0.037042,58.968929,0.010384,781.88346,268.891294
10292,63184.0293,1636418552.24,3.7354251,-0.82378119,214.024093,-47.199185,0.79679095,237.56641,5.9117184,1.2755041,0.84234262,0.25508144,0.0516125,5.9117184,1.2755041,5.621575,1.2129032,11.974215,0.1573,0.259048,0.053601,0.058058,17.77522,0.699005,278.628156,62.936927
10297,61603.1995,1499834857.59,0.34289296,-0.069948001,19.646319,-4.007725,2.3568455,236.22679,3.7221727,1.1115015,0.11715604,-0.3493734,0.0513317,3.7221727,1.1115015,3.5404362,1.057232,12.018827,0.13657,0.058404,0.022071,0.01202,46.996275,0.707567,307.865108,104.895754
10329,62647.08,1590026128.4,4.1784203,-0.12211831,239.405848,-6.996864,0.080934429,290.52412,2.1630926,1.1049031,-0.51055795,-0.45638734,0.0626297,2.1630926,1.1049031,2.0356033,1.0397818,12.019994,0.13574,0.02179,0.008213,0.005508,27.923202,0.996727,339.44253,107.599794
10408,64421.8883,1743369570.05,5.8148065,-0.21101856,333.163871,-12.090473,0.56435588,338.48771,9.0234995,1.5724647,0.85266691,0.19730228,0.0724727,9.0234995,1.5724647,8.4137334,1.4662048,11.813705,0.19656,0.087056,0.000866,0.023461,63.116475,0.844933,254.49886,80.844686
10431,62911.1592,1612842569.21,5.8432832,1.0237014,334.795466,58.65377,3.0680839,879.34453,9.7899647,1.6245089,0.9442609,0.40156907,0.1761737,9.7899647,1.6245089,8.3235705,1.3811811,11.768164,0.20385,0.194175,0.020569,0.047095,61.075199,0.997299,635.813559,176.553544
10437,61955.8168,1530300988.67,5.6301084,-0.50201106,322.58145,-28.763115,2.3651417,265.81985,8.6149931,1.5183771,0.90433973,-0.49534774,0.0575103,8.6149931,1.5183771,8.1464863,1.4358036,11.854476,0.18915,0.185887,0.027176,0.043243,64.094568,0.713405,330.635671,79.292171
10483,62813.8491,1604434982.74,3.8214339,-0.016528197,218.952034,-0.946996,2.4013829,289.88999,11.687159,1.0735152,0.80658329,-0.14997944,0.0624987,11.687159,1.0735152,10.999692,1.0103684,12.026178,0.13182,0.11957,0.064023,0.014972,36.367108,0.738327,336.408611,91.105289
10519,61890.4813,1524656004.4,6.1981262,0.69593815,355.126472,39.874319,2.2600158,429.04304,5.8509922,1.2804135,0.70584917,-0.1145997,0.0907279,5.8509922,1.2804135,5.3643004,1.1739073,11.972528,0.15793,0.149396,0.034489,0.032613,45.995755,0.635935,451.432673,136.152993
10618,62524.7052,1579452945.41,3.4762617,0.13737265,199.175124,7.870873,2.7930104,697.68557,6.6390963,1.3913752,0.90693378,0.3497135,0.1426618,6.6390963,1.3913752,5.8102022,1.2176614,11.927808,0.17226,0.28655,0.048659,0.066687,57.656519,0.939858,783.941155,290.372739
10641,62124.0774,1544838705.58,0.4276259,-0.67891019,24.501159,-38.898689,0.51558699,527.65986,4.5116105,1.2111285,0.10098769,0.094102889,0.1101562,4.5116105,1.2111285,4.063942,1.0909532,11.99317,0.14913,0.011851,0.002815,0.002811,41.59817,0.870003,417.282122,125.948967
10645,63290.8345,1645646519.92,2.4382791,-0.92314529,139.703102,-52.892329,2.2944605,197.84193,11.122312,1.3236934,0.89530694,0.17060682,0.0432401,11.122312,1.3236934,10.6613158,1.2688291,11.956894,0.16348,0.167007,0.050979,0.031279,25.231556,0.662135,281.527315,97.998557
10669,61852.9362,1521412108.09,1.6061862,0.59237326,92.02769,33.940488,1.9621472,298.096,5.2819095,1.0999057,0.72924513,0.32763305,0.064192,5.2819095,1.0999057,4.9633051,1.0335595,12.020793,0.13512,0.231,0.066569,0.04602,15.372856,0.381438,622.841675,214.532498
10687,63641.1858,1675916875.4,4.8698847,-0.99697203,279.02384,-57.12229,2.1270142,212.62828,16.917473,1.1856458,0.92705172,0.45963156,0.0463676,16.917473,1.1856458,16.1678102,1.1331064,12.000463,0.1459,0.137801,0.060859,0.020738,30.366203,0.527978,279.143491,88.912327
10722,62002.7486,1534355896.16,6.1041087,-0.27307516,349.739666,-15.646054,2.7922097,915.88053,2.9994545,1.3535888,0.31155136,0.19440413,0.1827771,2.9994545,1.3535888,2.5359423,1.1444158,11.945463,0.16733,0.066613,0.002337,0.025416,54.3058,0.939584,772.740891,222.913859
10726,61301.7652,1473790931.57,5.5728953,-0.037656827,319.30338,-2.157577,0.51567746,343.31488,2.5569632,1.2979616,0.5139699,0.30393901,0.0734565,2.5569632,1.2979616,2.3819906,1.2091423,11.966351,0.16018,0.165301,0.011199,0.062456,41.961801,0.869959,335.968587,78.073938
10746,63663.2813,1677825925.2,3.6052765,-0.9240086,206.567127,-52.941793,2.6521312,442.29774,4.0184646,1.407861,0.52023292,-0.012696439,0.0933657,4.0184646,1.407861,3.6753161,1.2876396,11.919181,0.17443,0.083495,0.005039,0.028311,56.254878,0.882586,495.66486,186.625154
10765,63704.3365,1681373087.52,1.2113624,0.36532099,69.405953,20.931351,2.4568114,796.5703,7.777287,1.325969,0.74473,-0.39895749,0.1610485,7.777287,1.325969,6.6985032,1.1420445,11.956057,0.16377,0.101614,0.025094,0.020794,50.912721,0.774557,763.210921,242.099656
10782,63876.6657,1696262330.42,1.3751358,-0.95970544,78.789478,-54.987071,2.9208218,465.19843,7.2587943,1.455081,0.77086639,0.027712563,0.0979033,7.2587943,1.455081,6.6115058,1.3253271,11.894247,0.18066,0.098976,0.012157,0.02409,53.283838,0.975729,682.575874,192.727585
10783,63074.7028,1626972735.77,0.67480198,0.14990518,38.663305,8.588934,1.3731623,617.96815,12.214101,1.4391631,0.89391631,-0.14284784,0.1275689,12.214101,1.4391631,10.8322435,1.2763416,11.903104,0.17855,0.10036,0.01697,0.02248,44.083583,0.19635,1002.310877,317.917285
10788,64442.1785,1745122639.88,0.75709212,0.4157507,43.378183,23.82076,0.16074015,622.27347,5.5049796,1.5215789,0.85531139,0.091561429,0.1283905,5.5049796,1.5215789,4.8786121,1.3484506,11.852644,0.18957,0.213252,0.018099,0.061715,50.120023,0.987109,567.696544,152.49667
10813,61852.8888,1521408011.29,2.25539,0.62562659,129.224328,35.845763,0.38114453,731.38531,4.8068476,1.5124984,0.94584811,0.2483625,0.1489684,4.8068476,1.5124984,4.1836205,1.3163969,11.85764,0.18836,0.365544,0.027947,0.115106,20.733796,0.928239,749.164716,233.230872
10833,61890.351,1524644741.09,3.5345939,0.02495127,202.517313,1.429602,2.401869,234.81032,9.8304806,1.2879391,0.74791908,-0.25038052,0.0510347,9.8304806,1.2879391,9.3531461,1.2254012,11.969908,0.15889,0.058783,0.013765,0.012141,55.840908,0.738655,247.16083,57.266949
10837,62830.4423,1605868631.64,5.0029809,-0.99684061,286.649691,-57.11476,2.6620787,358.71963,4.3493161,1.5298371,0.6924513,-0.14747845,0.0765877,4.3493161,1.5298371,4.0399088,1.4210056,11.846654,0.1907,0.117876,0.001195,0.042185,36.145867,0.887219,326.998241,78.979994
10841,64428.6395,1743952871.52,2.4104416,0.87261621,138.10813,49.997226,0.60528356,417.49217,5.7832422,1.1588732,0.34812096,0.37740609,0.0884223,5.7832422,1.1588732,5.3134178,1.0647276,12.007414,0.14252,0.035192,0.01525,0.005533,16.109579,0.822341,348.918983,93.157318
10894,63162.8537,1634588981.57,5.1496847,-0.40564273,295.055199,-23.241616,0.45121284,684.89612,11.81026,1.2778676,0.92357141,0.32088012,0.1402572,11.81026,1.2778676,10.3575407,1.1206837,11.973404,0.1576,0.215652,0.074087,0.038159,44.654289,0.899919,641.471321,201.447332
10903,62899.3058,1611818443.41,6.0672763,0.050824754,347.629325,2.912044,1.173902,488.07094,3.3617299,1.346209,0.73698682,0.38770273,0.1024108,3.3617299,1.346209,3.0494347,1.22115,11.94921,0.16637,0.23537,0.020435,0.08201,36.572607,0.386556,666.746793,216.790745
10905,63667.6806,1678206018.89,0.77375901,0.46069293,44.333126,26.395761,0.37471327,520.39747,7.6415491,1.1850681,0.87035704,-0.17204241,0.1087406,7.6415491,1.1850681,6.892098,1.0688416,12.000617,0.14583,0.265611,0.08045,0.050079,33.788961,0.930613,403.162931,115.677446
10908,62514.4827,1578569720.04,1.7836283,-0.020775426,102.194374,-1.190344,2.8185179,671.23611,4.9708223,1.2484124,0.35314944,0.15141076,0.1376818,4.9708223,1.2484124,4.3692552,1.09733,11.983478,0.15384,0.04001,0.010385,0.008895,59.57049,0.948264,578.943957,190.45509
10947,63604.6371,1672759063.05,3.1024582,1.2005689,177.757761,68.787531,0.44495426,338.35924,4.5748267,1.0872102,0.79132462,-0.012188284,0.0724465,4.5748267,1.0872102,4.2657854,1.0137664,12.023901,0.13353,0.295783,0.070625,0.065895,43.829427,0.90263,281.835928,76.292718
10971,62028.8629,1536612170.04,6.1644569,-0.78256,353.197363,-44.837385,1.1557682,541.51822,5.5868573,1.260617,0.33514318,0.38956839,0.112851,5.5868573,1.260617,5.0203102,1.1327815,11.97919,0.1554,0.017557,0.001451,0.004619,67.500298,0.403216,793.578196,270.988519
10982,63210.2353,1638682751.52,6.0738748,-0.57663835,348.007391,-33.038944,0.25484392,872.54447,4.9793673,1.4617211,0.71616185,-0.094176441,0.1749399,4.9793673,1.4617211,4.2379763,1.2440816,11.889837,0.18155,0.132162,0.011105,0.03965,51.571045,0.967703,665.438546,188.392399
10984,63927.1305,1700622490.55,2.8173279,-0.55753167,161.420998,-31.944212,0.61364779,657.42499,11.353712,1.3633643,0.92009121,-0.32091883,0.1350706,11.353712,1.3633643,10.002648,1.2011273,11.94031,0.16862,0.192063,0.05412,0.037188,63.158982,0.817553,683.40138,157.390807
11002,61784.2247,1515475429.95,2.5752854,1.127146,147.552984,64.580709,1.7591626,348.17154,10.08477,1.2585878,0.84504408,-0.32032099,0.074445,10.08477,1.2585878,9.3860272,1.1713841,11.979851,0.15514,0.146709,0.050075,0.026055,40.206489,0.187254,600.401856,210.119987
11023,62622.4994,1587902369.18,5.936611,-0.95015467,340.142755,-54.439852,2.5896048,702.55612,17.15276,1.3068037,0.9747209,-0.49879187,0.143576,17.15276,1.3068037,14.999231,1.1427345,11.963152,0.16131,0.24238,0.092408,0.040422,70.03138,0.851484,1256.761112,488.629083
11046,61805.6719,1517328470.46,2.4140272,-0.49194358,138.31357,-28.186291,1.1056915,255.45264,13.02773,1.346597,0.97249597,-0.16877645,0.0553516,13.02773,1.346597,12.3444458,1.2759701,11.949075,0.16642,0.30495,0.093751,0.056927,44.536501,0.448516,517.355856,177.469952
11047,62502.9525,1577573511.63,4.517182,-0.61657003,258.815464,-35.32686,2.6476459,217.03177,2.740819,1.0473503,0.90067679,-0.046812825,0.0472964,2.740819,1.0473503,2.6170422,1.0000514,12.031316,0.12855,0.413286,0.056634,0.133717,56.077497,0.880469,186.289982,46.399999
11165,63134.4861,1632138013.64,2.6981722,-0.073429849,154.593879,-4.20722,2.117862,443.95824,10.403863,1.469875,0.86810786,0.45590821,0.0936956,10.403863,1.469875,9.5125769,1.3439526,11.885712,0.18262,0.100691,0.014118,0.023366,55.172429,0.520183,542.022614,189.488238
11169,64143.6549,1719330197.31,1.5821847,1.3051548,90.652506,74.779862,1.9220499,298.59419,3.5944686,1.3360088,0.77030361,0.1735414,0.0642947,3.5944686,1.3360088,3.3773247,1.2552997,11.952069,0.16507,0.253049,0.025178,0.084466,65.156897,0.344075,749.440874,226.469608
11170,62449.9359,1572992876.88,5.8824323,0.40435681,337.038544,23.167939,1.0055105,382.14222,16.088997,1.1144865,0.91467303,0.237744,0.0813251,16.088997,1.1144865,14.8789642,1.0306674,12.018073,0.13694,0.152923,0.079111,0.019895,74.565074,0.535657,635.109614,190.615824
11176,62074.5921,1540563175.19,0.44743212,-0.34655219,25.635972,-19.855978,1.0469099,716.99674,3.6232178,1.3123245,0.57480401,0.06338498,0.1462809,3.6232178,1.3123245,3.1608463,1.1448542,11.96113,0.16202,0.148725,0.018152,0.047855,72.6055,0.500249,634.570686,188.56098
11180,62961.3093,1617175540.71,5.6535921,-0.92500093,323.926966,-52.998649,0.63772207,952.25579,20.819359,1.5148585,0.98264354,-0.27341273,0.189309,20.819359,1.5148585,17.5054252,1.27373,11.856181,0.18868,0.133568,0.019234,0.030817,53.936621,0.803454,847.683104,205.782646
11188,61338.7877,1476989675.03,3.7975937,-0.037401141,217.586091,-2.142928,1.0479198,366.8419,5.3356133,1.311486,0.78287292,-0.26959503,0.0782337,5.3356133,1.311486,4.9484758,1.2163282,11.961439,0.16191,0.213379,0.038479,0.05197,28.695837,0.499374,491.756551,164.18347
11200,62801.4565,1603364258.4,4.9143093,-0.67819147,281.569182,-38.857509,0.12306912,462.98587,14.94313,1.136674,0.81625468,0.21574292,0.097466,14.94313,1.136674,13.6160299,1.0357259,12.013338,0.13972,0.041948,0.002187,0.010717,56.808557,0.992437,459.854429,108.561396
11205,63592.942,1671748604.64,1.5350425,0.32850276,87.951457,18.821822,0.62917109,435.58961,3.7426612,1.1818269,0.47278956,-0.09258946,0.0920318,3.7426612,1.1818269,3.4272457,1.0822276,12.001543,0.14542,0.139037,0.029583,0.037394,65.570585,0.808516,587.292876,163.37744
11232,63509.5093,1664540023.13,4.6295742,-0.87677172,265.255063,-50.235319,2.4121495,119.40476,4.0701919,1.6494292,0.96889853,0.16823985,0.0264185,4.0701919,1.6494292,3.9654311,1.6069753,11.743629,0.20741,0.394058,0.008787,0.147609,26.236746,0.745546,137.116588,21.7678
11235,64433.6377,1744384713.33,1.6932068,0.7127039,97.013603,40.834926,0.99466893,317.13229,6.1160765,1.0787503,0.74131614,0.23622692,0.0681056,6.1160765,1.0787503,5.726097,1.0099659,12.025272,0.13247,0.21869,0.074572,0.03927,66.674025,0.544781,379.72677,93.614105
11248,61311.0424,1474592482.13,5.4971064,-0.034619043,314.960996,-1.983525,2.5229442,790.84305,10.33021,1.2312144,0.78255659,0.39422059,0.1599932,10.33021,1.2312144,8.9054056,1.0613979,11.993753,0.15159,0.087417,0.03116,0.015166,67.009288,0.814663,936.365897,291.67155
11256,62659.6128,1591108965.12,5.8159195,-0.38719131,333.227641,-22.184428,2.3263506,338.1757,3.9817879,1.0798246,0.52078897,-0.39780867,0.0724091,3.9817879,1.0798246,3.7129375,1.0069148,12.025118,0.13261,0.175218,0.047345,0.040003,50.95604,0.685692,461.993,137.34413
11272,62912.9126,1612994067.8,1.1242381,0.82534492,64.414098,47.288781,2.2238817,242.3967,5.8395505,1.1078061,0.37347654,-0.28191519,0.0526241,5.8395505,1.1078061,5.5476125,1.0524233,12.019546,0.13611,0.05164,0.025374,0.007219,41.221193,0.60764,294.193816,76.342666
11274,62495.6026,1576938482.05,4.2718464,-0.23813785,244.758769,-13.644294,2.5668533,473.63049,10.956507,1.173556,0.83149749,0.39392301,0.0995679,10.956507,1.173556,9.9643753,1.0672884,12.004114,0.14437,0.133987,0.057223,0.020691,38.318218,0.839334,768.1596,262.857964
11304,62838.8721,1606596968.29,4.8334087,-1.3668446,276.933919,-78.314427,1.4540187,253.51818,6.8675404,1.3894404,0.77630901,-0.022664875,0.0549481,6.8675404,1.3894404,6.5098375,1.31707,11.928341,0.17201,0.135233,0.024941,0.030662,72.961114,0.116512,396.842347,95.444683
11332,64071.6987,1713113189.38,2.2542213,-1.1242783,129.157367,-64.416402,2.4041212,910.03038,17.482794,1.3048838,0.98688811,-0.36540017,0.1817227,17.482794,1.3048838,14.7943288,1.1042217,11.963851,0.16107,0.309821,0.119035,0.051423,60.338324,0.740171,1055.430005,306.803276
11336,64145.1542,1719459737.8,4.0033955,0.85994188,229.377666,49.27104,1.3089021,509.25916,8.1091461,1.5500762,0.85576558,0.36848089,0.106565,8.1091461,1.5500762,7.328215,1.4008,11.831696,0.19347,0.123385,0.010446,0.031073,27.685463,0.258911,849.54692,313.503702
11353,63637.7788,1675622508.91,1.9578096,-0.51339395,112.174227,-29.415307,2.7623259,400.81677,9.4522238,1.3037415,0.89708859,0.17192528,0.0850821,9.4522238,1.3037415,8.7110677,1.2015141,11.964266,0.16092,0.220413,0.063179,0.042424,18.005669,0.928936,570.754721,324.884357
11367,63187.5765,1636725029.66,3.1459742,0.64898127,180.251044,37.183888,0.33208004,549.54211,7.3723087,1.3944838,0.82167691,0.19974662,0.1144074,7.3723087,1.3944838,6.6154517,1.2513231,11.927132,0.17265,0.158838,0.030845,0.03516,65.03663,0.945366,467.399243,120.753653
11374,62357.1391,1564975239.85,1.1973669,0.76148202,68.60407,43.629706,0.40116719,193.52043,12.622457,1.0924205,0.84892911,-0.38026109,0.0423235,12.622457,1.0924205,12.1099229,1.0480628,12.0226,0.13418,0.137036,0.071261,0.017729,26.43896,0.920606,172.926913,37.939514
11381,61329.2735,1476167652.64,5.009227,-0.19990012,287.007566,-11.453433,1.2752821,373.60456,3.5174682,1.4501635,0.69715846,-0.15726939,0.0796015,3.5174682,1.4501635,3.2581171,1.3432396,11.897456,0.18,0.174785,0.008135,0.064215,67.72503,0.291232,552.116597,171.772601
11382,62668.9348,1591914388.43,3.8124039,0.24434923,218.434653,14.00018,2.0118061,335.48754,3.1534569,1.5442567,0.80364329,0.11121193,0.0718607,3.1534569,1.5442567,2.9420399,1.4407252,11.83482,0.19269,0.230927,0.001098,0.092533,24.152057,0.426853,471.074243,110.603084
11383,62105.7446,1543254747.66,4.2848591,1.059011,245.504342,60.676861,2.6355894,292.29782,6.4307399,1.6904106,0.95064527,-0.45482191,0.062996,6.4307399,1.6904106,6.0496372,1.5902324,11.700658,0.21335,0.277273,0.012928,0.08128,64.595392,0.874689,268.363434,54.32098
11395,63499.4685,1663672492.71,2.7819294,-0.27032314,159.392814,-15.488375,0.5420988,555.26373,8.6051989,1.1366824,0.82140183,0.048524003,0.1155156,8.6051989,1.1366824,7.7141001,1.0189749,12.013335,0.13973,0.197743,0.076737,0.032636,58.415257,0.856628,569.948189,148.323162
11401,62620.405,1587721414.17,0.33606441,-0.49528878,19.255072,-28.377957,2.7071737,788.83815,12.552868,1.3718903,0.90722805,0.15183403,0.1596235,12.552868,1.3718903,10.8249512,1.183048,11.936975,0.16972,0.135323,0.036716,0.02658,50.02192,0.907115,797.397734,280.945568
11441,63119.3555,1630830736.9,0.12965738,0.1481576,7.428821,8.488805,2.8979041,551.97225,18.848892,1.1251979,0.96687841,-0.24363746,0.1148783,18.848892,1.1251979,16.9066815,1.0092563,12.015443,0.13829,0.239157,0.127326,0.030142,30.009531,0.970455,489.346297,129.17098
11446,62624.8835,1588108349.54,2.4349879,-0.82287585,139.51453,-47.147313,0.92769164,433.94033,3.9713886,1.3125707,0.25662425,0.2005652,0.0917035,3.9713886,1.3125707,3.6377905,1.2023143,11.961039,0.16205,0.03265,0.002967,0.010398,48.753845,0.599683,371.68625,115.970012
11452,62516.7303,1578763914.02,2.753427,0.47156469,157.759746,27.018667,0.89836774,125.01078,3.5153573,1.2279482,0.24061827,0.13962772,0.0276341,3.5153573,1.2279482,3.4208259,1.1949275,11.996726,0.15115,0.064522,0.013554,0.018366,74.114816,0.622888,168.776684,32.593275
11527,63325.5456,1648645556.41,1.0113982,0.50986485,57.948848,29.213104,1.0269878,553.19201,17.332169,1.2187363,0.92880505,-0.39956737,0.1151145,17.332169,1.2187363,15.5429499,1.0929248,11.992558,0.15007,0.122325,0.047733,0.020105,31.40351,0.517399,1120.124931,397.104178
11563,61003.2617,1448000232.97,4.116158,-0.23294114,235.838481,-13.346544,1.9383836,132.32033,3.2701173,1.136667,0.37253419,-0.34281024,0.0292159,3.2701173,1.136667,3.1772899,1.1044009,12.013339,0.13972,0.135125,0.029304,0.03804,42.40804,0.359365,357.304944,159.835314
11564,61110.4298,1457259556.64,3.3902815,-0.37560627,194.248821,-21.520654,2.1598333,251.70321,15.480731,1.0552709,0.97003055,-0.097795732,0.0545693,15.480731,1.0552709,14.6796718,1.0006653,12.030026,0.12954,0.338323,0.178944,0.042958,57.219096,0.555561,348.828358,80.652635
11567,63773.9715,1687389556.57,4.9179969,-0.7997266,281.780466,-45.820959,2.1215717,453.54881,4.9959421,1.305209,0.84758013,0.12567352,0.0955981,4.9959421,1.305209,4.5600133,1.1913209,11.963733,0.16111,0.283104,0.045249,0.072892,56.030198,0.523348,650.505838,232.200319
11646,63452.5185,1659616016.03,4.2625028,0.78231013,244.223421,44.823069,0.69885293,610.70425,3.5382071,1.1987028,-0.041887425,0.43804005,0.126181,3.5382071,1.1987028,3.1417748,1.0643962,11.997806,0.14754,0.018156,0.005816,0.004379,28.919056,0.765581,766.01688,231.636207
11668,62920.9132,1613685315.12,2.3036622,0.54724246,131.990121,31.354683,0.43387816,826.9295,7.611763,1.6437409,0.92021388,-0.25274241,0.1666231,7.611763,1.6437409,6.5246117,1.4089733,11.749601,0.20659,0.197754,0.01309,0.052198,29.903477,0.907342,721.561635,182.14376
11685,63620.355,1674117091.51,1.2216877,0.76925023,69.997549,44.074792,2.1786349,847.85355,19.121143,1.4182994,0.96394157,0.47114986,0.1704468,19.121143,1.4182994,16.3366183,1.2117589,11.914617,0.17579,0.11606,0.021679,0.025439,59.764075,0.571095,970.344524,299.999477
11690,61552.7917,1495479624.67,1.0309065,-0.72646068,59.066592,-41.623131,0.95591758,454.67285,11.060552,1.4947242,0.89478582,0.24877189,0.0958208,11.060552,1.4947242,10.0933945,1.3640224,11.869734,0.18596,0.112155,0.015657,0.026031,67.997696,0.576859,622.410019,224.314801
11706,61296.1987,1473309984.91,6.1690393,-1.1139587,353.459916,-63.825132,2.5349227,365.75267,4.8760228,1.4974536,0.74862105,0.33130741,0.0780131,4.8760228,1.4974536,4.5231571,1.3890866,11.867986,0.18633,0.146742,0.009434,0.046171,23.455172,0.821551,497.728792,173.872262
11709,62358.6071,1565102068.25,2.206052,0.68566626,126.397469,39.285783,2.8289487,994.13771,9.9987221,1.4039016,0.8408156,0.066816166,0.1967785,9.9987221,1.4039016,8.3546971,1.1730672,11.9213,0.17391,0.100131,0.019757,0.021691,64.786846,0.951524,780.268961,207.50771
11716,64460.2484,1746683878.7,0.34593927,-1.3262418,19.82086,-75.988058,1.0359155,486.51038,4.3458772,1.365695,0.78082079,0.20584384,0.1021041,4.3458772,1.365695,3.9432548,1.2391706,11.93934,0.16892,0.228792,0.027102,0.068718,46.17681,0.509739,836.988506,343.466581
11752,63823.152,1691638747.5,5.0779068,0.35452873,290.942628,20.313,0.43863452,767.08864,8.6922712,1.6633821,0.94509244,0.061554234,0.1556039,8.6922712,1.6633821,7.521843,1.439405,11.728797,0.20943,0.211228,0.016457,0.053597,35.165539,0.905332,574.747505,170.128185
11761,62565.1327,1582945883.39,2.2299241,-0.9791702,127.76524,-56.10232,2.4872454,439.97957,12.075755,1.2040559,0.86094558,-0.46311745,0.092905,12.075755,1.2040559,11.0492269,1.1017023,11.996478,0.14822,0.131244,0.053762,0.020884,66.97216,0.793445,437.833119,143.544294
11764,63426.3514,1657355175.37,3.0270001,0.5348627,173.43433,30.645375,2.9427767,436.92503,14.494539,1.4670871,0.98558879,-0.39977184,0.0922975,14.494539,1.4670871,13.2697721,1.3431204,11.887131,0.18226,0.299744,0.078285,0.059692,43.640092,0.980301,400.078989,89.174806
11772,61253.7445,1469641944.9,3.0593303,0.43734387,175.286714,25.057958,2.688005,657.28094,4.0413938,1.2426018,0.23900101,0.06546507,0.1350434,4.0413938,1.2426018,3.5605634,1.0947615,11.984422,0.15311,0.042524,0.009996,0.010945,30.452568,0.898881,583.392701,158.706967
11815,62597.6163,1585752469.01,4.1907112,0.31197638,240.110065,17.87493,0.82879868,517.56391,4.6919312,1.537203,0.73395973,0.36529776,0.1081877,4.6919312,1.537203,4.2338778,1.3871324,11.841515,0.1917,0.130141,0.003396,0.044192,63.037364,0.675762,895.809429,287.639886
11827,63807.5868,1690293915.61,6.0102736,0.63002755,344.363311,36.09792,2.7750688,333.64807,6.6585565,1.4025259,0.78441489,-0.2681475,0.0714852,6.6585565,1.4025259,6.2143244,1.308955,11.922329,0.17372,0.14468,0.024838,0.033639,20.980333,0.933579,297.458226,67.066793
11841,64023.1263,1708916530.57,1.0743358,-0.34288444,61.554907,-19.645831,0.22561269,356.28682,5.5476222,1.4120051,0.79110384,0.49929532,0.076094,5.5476222,1.4120051,5.1553322,1.3121577,11.91766,0.17496,0.183872,0.025345,0.047921,52.566963,0.974657,650.142363,197.678005
11868,64404.2982,1741849780.91,3.0189996,1.257047,172.975935,72.023488,1.5200297,586.81027,11.185736,1.5284896,0.9654662,0.31109634,0.1216002,11.185736,1.5284896,9.9730151,1.3627758,11.84745,0.19052,0.25613,0.048321,0.056064,71.044815,0.050745,1202.748306,388.642349
11876,61188.1348,1463973263.49,2.5216711,1.2252011,144.481111,70.198852,2.3806586,709.43439,7.2594333,1.2582785,0.91661125,-0.27553153,0.1448654,7.2594333,1.2582785,6.3408621,1.0990624,11.979955,0.1551,0.321445,0.076989,0.066511,31.230458,0.724192,761.146234,242.391649
11902,62439.6267,1572102161.88,2.0845889,1.0028809,119.438146,57.460843,2.9173395,508.61727,5.1465292,1.1906433,0.38109645,-0.15215127,0.1064394,5.1465292,1.1906433,4.6514333,1.0761035,11.999314,0.14653,0.055659,0.019268,0.010534,51.218865,0.97496,421.449858,116.749908
11903,63667.5577,1678195401.1,5.5149263,-0.012904256,315.982001,-0.739359,1.9924139,379.61858,9.2577877,1.1017817,0.65298635,0.34651995,0.080816,9.2577877,1.1017817,8.5655539,1.019398,12.020468,0.13536,0.064638,0.032241,0.008734,60.441379,0.409237,747.381855,234.696262
11945,63111.1613,1630122757.6,1.4065144,0.85447156,80.587339,48.957614,0.76614462,622.14331,2.8739071,1.2847716,0.68037045,0.009476847,0.1283657,2.8739071,1.2847716,2.5469643,1.1386128,11.971017,0.15849,0.234151,0.020476,0.084289,34.80856,0.720589,777.642636,242.578495
11974,61716.0696,1509586832.04,0.79388916,-0.11747426,45.486498,-6.730779,1.0708723,593.45283,15.205687,1.5287641,0.93996602,-0.0118054,0.1228761,15.205687,1.5287641,13.5417321,1.3614718,11.847281,0.19056,0.088369,0.002217,0.023221,32.091834,0.479359,1205.879721,409.269744
11991,61583.6984,1498149958.19,5.0180369,0.90108625,287.512336,51.628439,1.8839557,383.26272,7.9501028,1.0831823,0.88272405,-0.33933306,0.081551,7.9501028,1.0831823,7.35065,1.0015083,12.02463,0.13302,0.298541,0.10778,0.051463,65.248542,0.308066,562.374244,143.403408
11996,63776.2442,1687585913.33,0.4730665,1.2433862,27.104714,71.240782,0.96563105,359.869,11.276899,1.2373122,0.86229336,0.060241342,0.0768208,11.276899,1.2373122,10.4724005,1.1490419,11.986527,0.15244,0.142805,0.053408,0.024097,30.263254,0.568898,477.124323,133.14711
12043,64471.3894,1747646462.89,4.3548252,-0.07912118,249.513104,-4.53331,0.24371983,407.87103,3.6191018,1.5169206,0.75862771,0.36306873,0.0864968,3.6191018,1.5169206,3.3309825,1.3961575,11.855182,0.18895,0.190596,0.004565,0.07206,40.429271,0.970447,325.521954,68.845544
12058,61491.7275,1490203672.02,3.3604759,1.3506323,192.541086,77.38553,1.2364738,294.78582,5.5946565,1.1840894,0.53062993,-0.42587221,0.0635094,5.5946565,1.1840894,5.2605614,1.1133793,12.000886,0.1457,0.094435,0.031078,0.017807,28.557987,0.328129,450.979233,126.796253
12110,61632.5726,1502372693.22,0.53805442,0.032513149,30.828247,1.862866,0.79291137,505.30331,16.105705,1.194257,0.89458352,0.36221552,0.105791,16.105705,1.194257,14.5648732,1.0800025,11.99863,0.14698,0.091872,0.032832,0.015913,61.491367,0.701774,757.555523,270.98387
12142,61440.8934,1485811610.13,1.1045224,-0.2335626,63.284472,-13.382151,1.6253143,41.174569,16.806396,1.11926,0.95933306,-0.093690217,0.0092276,16.806396,1.11926,16.6527311,1.1090263,12.016761,0.13754,0.252327,0.13057,0.032818,64.208074,0.054491,58.906512,7.225293
12167,64292.934,1732227916.83,5.7474908,0.11238675,329.306966,6.439286,0.39417876,849.61676,9.491107,1.4734328,0.96166104,0.32305151,0.1707684,9.491107,1.4734328,8.1067335,1.2585178,11.88388,0.18309,0.304132,0.057891,0.066601,57.697412,0.923312,890.880007,366.005127
12170,62367.6409,1565882593.59,5.5790662,-0.37524623,319.656947,-21.500025,1.4448509,228.55382,5.0944009,1.2202899,0.89059788,-0.25368708,0.0497213,5.0944009,1.2202899,4.8530986,1.1624894,11.993614,0.15025,0.345632,0.064576,0.082537,21.91336,0.125613,426.752338,110.29563
12178,63258.105,1642818686.79,3.1943989,0.28375263,183.025575,16.257828,0.86352316,339.56725,2.2758791,1.1011173,0.25686356,0.46100074,0.0726928,2.2758791,1.1011173,2.1216503,1.0264982,12.020578,0.13527,0.149352,0.02297,0.050762,31.741781,0.649763,420.752658,115.50938
12186,62308.6438,1560785242.61,2.6647069,0.080873034,152.676459,4.633684,0.64311278,453.52886,9.7458878,1.6811016,0.92717665,-0.36683056,0.0955942,9.7458878,1.6811016,8.8955272,1.53442,11.710144,0.212,0.136527,0.003255,0.036247,44.630009,0.800233,454.854188,107.862734
12211,62493.1285,1576724723.11,5.5231959,-1.2226487,316.455814,-70.05261,2.4660554,537.2296,4.733582,1.5041877,0.88149923,0.25286183,0.112018,4.733582,1.5041877,4.2567495,1.3526649,11.864626,0.18722,0.273048,0.020628,0.086543,68.726999,0.780371,508.453136,159.690492
12215,62641.1236,1589511497.27,0.66524693,-0.052673875,38.115841,-3.017991,1.7497722,131.43248,8.8645325,1.3341845,0.92178124,0.37022811,0.029024,8.8645325,1.3341845,8.6145053,1.2965534,11.952806,0.16483,0.269192,0.067088,0.054614,74.733612,0.178022,241.580664,81.288323
12258,63454.1117,1659753670.59,1.5196357,-1.1063453,87.068712,-63.388916,2.5654454,707.05419,9.4157801,1.2917373,0.87391895,-0.12535338,0.1444194,9.4157801,1.2917373,8.2275609,1.1287272,11.968568,0.15938,0.191154,0.057164,0.03615,34.515257,0.838568,708.247994,176.281681
12275,62921.1457,1613705403.81,1.2433685,1.4126341,71.239767,80.937972,2.7061404,655.13885,13.531865,1.3757702,0.96092206,0.092562012,0.1346377,13.531865,1.3757702,11.9261552,1.2125194,11.93532,0.17022,0.239614,0.072217,0.04512,15.026176,0.906679,664.029924,210.1851
12300,61096.8348,1456084945.16,1.3597838,0.71946432,77.909873,41.222269,1.1667104,379.94574,18.593262,1.5185716,0.96478307,-0.12220605,0.080882,18.593262,1.5185716,17.2019349,1.4049374,11.854378,0.18917,0.093558,0.001384,0.024844,29.76476,0.393178,532.226132,132.630486
12311,63771.7161,1687194691.47,5.519296,1.365721,316.232367,78.250049,2.190739,189.19614,10.108464,1.1028501,0.81702071,-0.02856176,0.0414051,10.108464,1.1028501,9.7065625,1.059002,12.0203,0.13549,0.161823,0.075652,0.023227,43.372649,0.580989,236.346584,44.554224
12320,63031.9944,1623282732.3,1.7767799,-0.47738654,101.801989,-27.352234,1.9682189,825.43601,11.543516,1.3808914,0.89575505,0.13019723,0.1663497,11.543516,1.3808914,9.8971316,1.1839429,11.932522,0.17089,0.138438,0.035892,0.027645,64.486173,0.387043,1031.381729,301.677216
12339,63974.1607,1704685898.45,0.20622623,-0.53563084,11.815893,-30.689387,0.83709468,400.93951,10.738825,1.5576515,0.97375727,-0.18230326,0.0851068,10.738825,1.5576515,9.8965608,1.4354823,11.824574,0.19453,0.287758,0.049208,0.064411,20.243922,0.669623,447.586564,113.478535
12400,62275.6699,1557936296.72,1.5573987,-0.11967443,89.232373,-6.85684,2.4240613,394.18867,5.8668618,1.4999387,0.69307971,0.26163048,0.0837506,5.8668618,1.4999387,5.4134794,1.3840257,11.866647,0.18666,0.077191,0.001802,0.022842,46.6322,0.753431,507.550899,127.421621
12418,64440.1523,1744947573.38,3.0261038,1.4581078,173.382976,83.543423,0.35608833,598.43803,6.9096241,1.2526034,0.98077095,0.28734899,0.1238324,6.9096241,1.2526034,6.1482693,1.1145821,11.982033,0.15438,0.472202,0.09755,0.102366,47.11194,0.937268,556.898174,140.46878
12425,61881.6863,1523896113.88,1.7454029,-0.260227,100.00422,-14.909909,1.0635558,290.72205,6.7921648,1.1856722,0.47668275,-0.1011081,0.0626706,6.7921648,1.1856722,6.3915994,1.1157476,12.000457,0.1459,0.038038,0.014222,0.006484,59.148919,0.485767,657.665499,237.812919
12509,62905.0871,1612317946.07,0.46482013,1.3426217,26.632232,76.926557,2.5035617,994.46998,9.3757229,1.2266957,0.73175597,-0.16342881,0.1968376,9.3757229,1.2266957,7.8337471,1.0249475,11.997095,0.15099,0.075821,0.026577,0.01328,60.062383,0.80327,950.248915,290.58448
12560,62226.3121,1553671782.37,3.3901933,-0.2111187,194.243768,-12.09621,0.83082,556.83238,11.249803,1.4171927,0.90589827,-0.084343962,0.1158192,11.249803,1.4171927,10.0821024,1.2700918,11.915298,0.17564,0.150774,0.035454,0.031094,62.133639,0.67427,830.951444,314.846006
12624,63073.5947,1626877000.24,1.3905175,-0.01917866,79.670784,-1.098856,0.78597181,299.55032,4.1276226,1.0649871,0.97640342,0.45483467,0.0644917,4.1276226,1.0649871,3.8775527,1.0004654,12.028281,0.13075,0.495561,0.090641,0.123271,32.414887,0.706701,383.705984,95.020728
12660,62909.3034,1612682231.86,3.815092,-1.140041,218.58867,-65.319538,2.6397585,651.32827,6.9213409,1.4843794,0.81596667,-0.069723397,0.1339156,6.9213409,1.4843794,6.1039297,1.309074,11.877193,0.18456,0.139132,0.01691,0.034478,67.505814,0.876702,704.899123,226.41906
12710,61066.5621,1453469383.85,3.3840446,0.15073236,193.891473,8.636328,0.21829836,465.18359,2.4781878,1.4089713,0.68970418,-0.20016931,0.0979004,2.4781878,1.4089713,2.2572064,1.2833325,11.91875,0.17457,0.216326,0.0044,0.087334,21.086818,0.976267,395.098023,121.114134
12735,63139.5284,1632573668.95,2.4835045,0.66931197,142.294326,38.348751,0.34866799,417.75599,4.2472124,1.4234204,0.96943289,-0.33513197,0.088475,4.2472124,1.4234204,3.9019844,1.3077199,11.911354,0.17647,0.445959,0.037599,0.144106,36.128342,0.939829,589.996978,235.96172
12782,62038.3661,1537433246.98,4.8444099,-1.2604006,277.564242,-72.215635,1.3045487,556.00603,9.3349352,1.1933289,0.80793571,0.14970173,0.1156593,9.3349352,1.1933289,8.367192,1.0696177,11.9988,0.14687,0.147547,0.056393,0.02458,74.322075,0.263113,1148.669571,341.298445
12793,63034.9098,1623534626.13,2.8079513,0.3611638,160.883759,20.693161,2.7561522,671.81761,18.817665,1.2800766,0.98479134,-0.37155455,0.1377916,18.817665,1.2800766,16.5387622,1.1250536,11.972644,0.15789,0.278365,0.115211,0.043975,41.036306,0.926633,528.860948,142.540859
12803,62546.0797,1581299703.72,4.9791754,0.67546143,285.285736,38.701089,1.4304934,302.70296,3.3665857,1.2193727,0.57480401,0.06338498,0.0651409,3.3665857,1.2193727,3.160695,1.1447994,11.992958,0.15015,0.184044,0.027906,0.057225,49.409458,0.139843,429.122364,134.316271
12806,64061.4937,1712231473.56,4.5595082,0.090417997,261.240577,5.18057,0.65113495,519.50274,18.225157,1.2382694,0.94628608,-0.32929945,0.1085661,18.225157,1.2382694,16.4402984,1.117001,11.985852,0.15256,0.141087,0.055725,0.023008,20.964518,0.795396,492.933248,141.527545
12810,61952.9034,1530049269.69,1.3748015,0.33035357,78.770324,18.927865,1.9889416,476.70745,11.259414,1.1129181,0.89865899,-0.37661842,0.1001745,11.259414,1.1129181,10.2342078,1.0115833,12.018484,0.13675,0.234116,0.104746,0.03487,31.816607,0.406066,917.865354,285.804945
12843,61869.3036,1522826249.23,3.5971567,0.93017202,206.101897,53.294931,0.96803887,438.81487,2.2630785,1.1959494,-0.45613483,-0.17670405,0.0926734,2.2630785,1.1959494,2.071139,1.0945168,11.998322,0.1472,0.0076,0.000452,0.002916,25.862077,0.566916,589.486847,177.296476
12851,63074.6847,1626971177.76,3.5463148,-0.96593596,203.188871,-55.344054,0.74899521,516.48184,13.126605,1.250524,0.84978092,0.24956894,0.1079764,13.126605,1.250524,11.8473685,1.1286558,11.982803,0.15411,0.079499,0.024046,0.014947,23.29545,0.732373,512.50136,143.161025
12868,61116.8658,1457815619.02,2.6000738,0.22969611,148.973255,13.160618,2.7177876,206.80124,9.2243528,1.6959286,0.95839435,-0.47654662,0.0451367,9.2243528,1.6959286,8.8259773,1.6226859,11.69268,0.21419,0.219176,0.015768,0.055667,56.137254,0.911531,185.362323,46.286753
12877,64390.642,1740669888.24,0.67395672,0.51673641,38.614876,29.606815,2.169856,477.90961,14.417127,1.3267304,0.89861417,-0.22506295,0.1004113,14.417127,1.3267304,13.1015799,1.2056677,11.955775,0.16387,0.092699,0.022864,0.018823,69.392779,0.563866,1206.457508,432.683298
12897,62061.7969,1539457668.9,2.1662189,0.63413192,124.1152,36.333083,2.7820029,531.17118,2.9109762,1.2750422,0.089017503,-0.10249128,0.1108398,2.9109762,1.2750422,2.6205185,1.1478183,11.974373,0.15724,0.040334,0.003884,0.014301,43.764255,0.936041,560.180333,173.891437
12938,62660.4961,1591185284.49,2.9405515,0.81838723,168.48119,46.890134,2.6726072,328.92749,3.0544627,1.0788331,0.46025333,0.11877224,0.0705207,3.0544627,1.0788331,2.8532495,1.0077648,12.02526,0.13248,0.186799,0.038661,0.053664,44.622102,0.892027,429.797313,126.83826
12948,63616.8643,1673815494.08,3.0077838,-0.67547548,172.333317,-38.701894,0.57532232,688.9128,7.7278523,1.3676009,0.67411512,-0.14111115,0.1410131,7.7278523,1.3676009,6.7727992,1.1985848,11.938598,0.16916,0.049088,0.005269,0.011944,74.078945,0.839017,823.046141,299.536871
12991,63466.6821,1660839750.66,3.7897307,0.075683429,217.135575,4.336341,2.4859191,105.64533,5.3486099,1.0638323,0.066741675,-0.33710787,0.0234259,5.3486099,1.0638323,5.2261817,1.0394815,12.028556,0.13061,0.012487,0.010132,0.000652,28.123789,0.792637,107.258412,24.01563
13030,62219.1784,1553055435.8,6.18315,-0.92711369,354.268399,-53.119702,0.31644308,476.15669,10.749455,1.2415074,0.85750723,0.061494537,0.1000659,10.749455,1.2415074,9.7716463,1.1285755,11.984607,0.15298,0.149097,0.05426,0.025565,18.231586,0.950348,659.250317,233.145702
13043,61837.058,1520040225.28,5.7520394,0.46222209,329.567581,26.483375,2.070095,366.55212,3.7626679,1.0820178,0.71444726,-0.14342184,0.078175,3.7626679,1.0820178,3.4898489,1.0035642,12.024805,0.13288,0.271474,0.057284,0.069311,46.434475,0.47881,654.296119,220.942727
13046,61695.564,1507815151.23,2.8560863,-1.2564925,163.641691,-71.991717,1.1813361,166.72121,9.2425594,1.5775524,0.8957389,0.0063572517,0.0366133,9.2425594,1.5775524,8.9161114,1.5218331,11.809694,0.19726,0.134141,0.011941,0.03321,49.415762,0.379689,276.833908,58.221064
13074,62217.3775,1552899831.16,0.35477876,-0.69436481,20.327326,-39.784173,0.69632711,395.90187,2.5033922,1.0853704,-0.4912543,-0.37028784,0.084095,2.5033922,1.0853704,2.3092,1.0011765,12.024265,0.1333,0.018314,0.010357,0.003113,19.023922,0.767203,400.860496,134.092337
13078,62410.1089,1569551824.72,5.5012519,-1.008762,315.198516,-57.797805,1.6647558,244.42212,11.581942,1.2303485,0.84818369,0.35609958,0.0530479,11.581942,1.2303485,10.9984954,1.168369,11.994749,0.15147,0.120317,0.045747,0.0201,57.583732,0.093821,487.75476,151.081842
13084,61931.3897,1528190485.21,1.6427642,0.54464813,94.123455,31.206039,1.3036784,380.82291,6.5009089,1.6236358,0.84271854,0.067796104,0.081059,6.5009089,1.6236358,6.0134637,1.5018938,11.768789,0.20373,0.133055,0.00231,0.03915,73.525381,0.263953,527.98598,142.36657
13085,64088.4485,1714560369.65,5.7461049,1.265636,329.227559,72.515601,2.5968632,615.67464,5.3030496,1.4413193,0.7350955,0.15155406,0.1271309,5.3030496,1.4413193,4.70491,1.2787506,11.902585,0.17882,0.14014,0.015344,0.039089,47.342762,0.855268,533.550898,148.578399
13089,63899.1764,1698207258.96,3.9313896,1.2033096,225.252032,68.944562,2.6492558,466.81041,10.792784,1.1400173,0.7007547,-0.064346656,0.0982218,10.792784,1.1400173,9.8275084,1.0380574,12.012447,0.14015,0.044915,0.015611,0.007899,45.798566,0.881231,573.487587,182.789418
13123,62917.5693,1613396402.22,1.9303726,-0.25362662,110.602203,-14.531735,0.82707137,346.18794,6.923871,1.1822101,0.6092028,-0.45576763,0.0740414,6.923871,1.1822101,6.4465587,1.1007118,12.001429,0.14547,0.087151,0.032596,0.014827,45.261802,0.677034,368.818288,89.857295
13149,61663.1535,1505014881.05,5.0110031,0.82735943,287.109329,47.404203,0.66680097,256.18462,3.3196096,1.2746931,0.34553629,0.17140543,0.0555042,3.3196096,1.2746931,3.1450464,1.2076628,11.974493,0.1572,0.08686,0.012168,0.028057,35.366058,0.785804,209.706488,67.409739
13156,61302.4677,1473851622.96,2.2105203,-0.83492659,126.653484,-47.83777,0.85902095,379.14381,9.9001875,1.1430006,0.74392492,-0.0098633049,0.0807202,9.9001875,1.1430006,9.1607315,1.0576286,12.011576,0.14052,0.092854,0.042031,0.0137,71.61104,0.653179,456.166087,133.20931
13159,64140.9044,1719092561.54,4.9593222,-0.74958472,284.148231,-42.948041,1.339948,231.81399,11.582185,1.0584372,0.88665766,-0.18281902,0.0504059,11.582185,1.0584372,11.0263894,1.0076459,12.029577,0.12993,0.223537,0.112343,0.029971,22.572486,0.228803,502.493924,147.493413
13168,61773.1995,1514522856.79,6.2702888,0.97949705,359.261085,56.121047,2.8121136,595.57563,10.416276,1.2592684,0.89733374,0.10756633,0.1232834,10.416276,1.2592684,9.2730613,1.1210603,11.979627,0.15523,0.209002,0.070037,0.037464,52.863302,0.946211,519.213837,120.322457
13180,61633.0851,1502416973.48,3.1848296,-0.23808267,182.477295,-13.641132,1.507457,381.71065,11.143678,1.4602867,0.96039814,-0.21015354,0.081238,11.143678,1.4602867,10.3064058,1.3505691,11.890712,0.18136,0.264439,0.059001,0.055405,48.716347,0.063297,839.430279,299.59108
13186,62060.6683,1539360158.24,1.2500101,-1.1215464,71.620303,-64.259875,2.1114285,543.62822,3.1430488,1.3139547,0.55502033,0.40023476,0.1132606,3.1430488,1.3139547,2.8232822,1.180276,11.960527,0.16223,0.156959,0.014929,0.054971,32.530923,0.514678,844.707065,247.518559
13191,63178.2227,1635916855.95,0.29962187,0.27040171,17.167069,15.492877,0.22463552,688.56528,7.6425786,1.3030022,0.74473,-0.39895749,0.1409477,7.6425786,1.3030022,6.6984479,1.142035,11.964534,0.16082,0.112212,0.029901,0.022367,67.417668,0.974875,504.201748,139.183799
13203,62917.3951,1613381357.79,3.875671,-0.86107148,222.059591,-49.335762,0.88160012,249.94544,11.223413,1.3909874,0.89398229,0.046948262,0.0542023,11.223413,1.3909874,10.6463563,1.3194692,11.927899,0.17221,0.140559,0.035111,0.028431,23.218904,0.635917,274.1867,78.502905
13256,63162.8491,1634588578.18,5.4236887,-0.95400199,310.754472,-54.660288,1.8847991,499.19182,3.916153,1.2011054,0.059383985,-0.42054218,0.1045937,3.916153,1.2011054,3.5453333,1.087373,11.997293,0.14784,0.021916,0.007189,0.004948,44.107693,0.308868,729.056352,233.44929
13288,64310.0335,1733705313.74,2.9486635,0.26559108,168.945974,15.217248,1.1346024,987.39884,18.659988,1.4301674,0.98770422,-0.027267352,0.1955803,18.659988,1.4301674,15.6074737,1.1962119,11.909261,0.17734,0.245216,0.076531,0.045466,58.356716,0.422493,1198.518526,423.069263
13297,61266.7836,1470768520.34,4.0705293,-0.30913027,233.224149,-17.71186,2.1851375,344.14166,12.468128,1.3449324,0.98186016,-0.19094361,0.0736248,12.468128,1.3449324,11.6131142,1.2527024,11.949598,0.16621,0.361417,0.105834,0.068892,21.90208,0.57642,427.267665,86.762445
13303,61659.8681,1504731020.85,2.5951588,0.20456265,148.691646,11.720576,0.94055021,295.30608,6.055594,1.0996217,0.65521234,0.0059470311,0.0636167,6.055594,1.0996217,5.6933986,1.0338515,12.020847,0.13509,0.161641,0.058405,0.028212,56.607105,0.589344,429.167603,162.214976
13311,63118.8641,1630788272.23,3.6291602,0.35785566,207.935563,20.503619,2.0358334,383.43598,4.0537558,1.1844832,0.91069329,0.35546869,0.0815859,4.0537558,1.1844832,3.7479739,1.0951356,12.000777,0.14575,0.394815,0.060734,0.109124,56.715501,0.448456,632.137739,193.33738
13375,63990.2963,1706080015.01,1.6198203,-0.38986805,92.808867,-22.337794,0.28337953,583.78149,4.904736,1.2478392,0.76618737,-2.4081352e-05,0.1210179,4.904736,1.2478392,4.3752523,1.1131305,11.983633,0.15377,0.231612,0.044698,0.05649,24.596164,0.960116,595.182085,221.254879
13378,61932.1807,1528258829.68,2.7907566,1.0046784,159.898575,57.563832,0.83471273,471.5355,4.3769307,1.4794867,0.87470019,0.4366107,0.0991546,4.3769307,1.4794867,3.9820883,1.3460224,11.880667,0.1839,0.282719,0.020967,0.09278,26.769255,0.671391,642.413231,220.203213
13402,64045.7221,1710868805.77,4.2558094,0.2572733,243.839917,14.740674,1.7607202,379.39065,14.23824,1.5881941,0.98739517,-0.30149353,0.08077,14.23824,1.5881941,13.1741628,1.4695024,11.800535,0.19875,0.27009,0.052339,0.058696,35.211913,0.188784,683.431588,199.456537
13418,62178.6765,1549556066.98,2.0896749,-0.2753206,119.729552,-15.774708,0.85211132,310.57578,12.914816,1.2075011,0.87789345,0.12082294,0.0667599,12.914816,1.2075011,12.1065814,1.1319333,11.995103,0.14866,0.132741,0.054705,0.021033,62.185121,0.658395,369.558138,96.578047
13487,62688.7855,1593629485.38,3.2253291,1.0032079,184.797745,57.479579,2.3972658,602.88582,7.0521202,1.3064414,0.93925935,-0.16946375,0.1246847,7.0521202,1.3064414,6.2703085,1.1616068,11.963284,0.16127,0.354352,0.073264,0.076998,63.332023,0.735544,542.59377,168.807899
13520,61053.6852,1452356821.7,5.6647209,0.43637153,324.5646,25.002247,1.2741946,301.97751,15.64767,1.2767152,0.94777787,-0.31176648,0.0649916,15.64767,1.2767152,14.6927638,1.1988031,11.973799,0.15746,0.185711,0.071439,0.0308,37.507868,0.292272,523.556317,179.232493
13544,62339.3899,1563441708.31,0.67343594,0.55455299,38.585037,31.773546,0.19000852,298.32426,3.7894526,1.266853,0.68559861,0.4646621,0.064239,3.7894526,1.266853,3.5607157,1.1903839,11.977172,0.1562,0.211632,0.030204,0.063941,46.925533,0.982003,244.719962,65.93856
13560,61487.0785,1489801998.34,5.6219575,-1.0577138,322.114437,-60.602537,1.9968668,400.98986,9.1037893,1.3946419,0.84096092,0.086201988,0.0851169,9.1037893,1.3946419,8.3896856,1.2852458,11.927091,0.17267,0.127703,0.027879,0.026988,31.501919,0.413296,547.544884,152.838133
13638,63559.5349,1668862232.17,2.7094269,-0.83362146,155.238726,-47.762991,2.4374339,545.16454,13.67415,1.6458117,0.97424525,-0.41674617,0.1135587,13.67415,1.6458117,12.2796854,1.4779749,11.747112,0.20689,0.185291,0.02283,0.043798,45.945316,0.762156,922.773684,380.872892
13662,62484.8426,1576008817.14,1.2824211,-0.44976775,73.477317,-25.769794,1.6055389,459.95228,14.622286,1.3395104,0.88723302,-0.14866287,0.096866,14.622286,1.3395104,13.3309681,1.2212161,11.95089,0.16552,0.068239,0.008325,0.016149,68.417363,0.034736,1538.774074,492.469598
13667,63006.1763,1621052053.02,2.1641849,0.32526183,123.998661,18.63613,1.8980604,394.39885,5.699862,1.3019519,0.98353642,-0.29949939,0.0837929,5.699862,1.3019519,5.25918,1.2012921,11.964914,0.16069,0.488029,0.07618,0.118629,35.154299,0.321454,680.903171,212.825321
13674,61939.0484,1528852202.52,5.1391956,0.72454561,294.454218,41.513406,0.46493976,303.28979,5.0442514,1.4037861,0.62982595,-0.10423835,0.0652617,5.0442514,1.4037861,4.7352225,1.3177851,11.921382,0.17389,0.097816,0.011109,0.027528,36.261789,0.893849,283.406152,57.188601
13729,61775.4596,1514718131.51,4.1220292,0.97217841,236.174876,55.70172,0.6385861,538.59409,3.8605902,1.4426402,0.85728675,0.21736394,0.1122831,3.8605902,1.4426402,3.4708701,1.2970081,11.902218,0.17899,0.289227,0.020309,0.099907,40.077611,0.802939,661.28641,232.848575
13745,61128.9263,1458857650.94,3.7920777,0.28605581,217.270048,16.389791,2.445319,287.46129,16.249357,1.1180873,0.87903911,-0.43824723,0.0619969,16.249357,1.1180873,15.3007577,1.052816,12.017079,0.1374,0.089379,0.038189,0.013797,61.91253,0.767237,430.649318,149.820514
13748,63516.0601,1665106006.52,5.1463562,-0.40584262,294.86449,-23.253069,2.8697532,233.51281,5.1839352,1.2760133,0.3217369,0.38115317,0.0507625,5.1839352,1.2760133,4.9334986,1.2143689,11.97404,0.15737,0.021377,0.002495,0.005614,50.802054,0.963279,247.090442,47.086498
13763,64373.1892,1739161963.62,4.6443536,-1.0555632,266.10186,-60.479316,2.334458,893.08156,6.8722019,1.3737416,0.71223211,0.25308856,0.1786616,6.8722019,1.3737416,5.8305131,1.1655098,11.936228,0.16996,0.093522,0.017217,0.021161,36.095365,0.691571,601.766036,228.759893
13776,61019.2885,1449384942.7,5.1794366,0.025939088,296.759857,1.4862,2.4111226,576.13414,4.8272171,1.280759,0.30727974,-0.33317605,0.1195458,4.8272171,1.280759,4.311764,1.1439988,11.972409,0.15797,0.026422,0.004047,0.006915,69.165599,0.744861,832.653129,271.273539
13783,62567.8555,1583181132.5,1.8773972,0.37560584,107.566936,21.520629,1.9214925,232.87777,2.1198447,1.1347992,-0.42154813,0.45264027,0.0506292,2.1198447,1.1347992,2.0176906,1.0801139,12.013777,0.13949,0.025325,0.006644,0.007636,65.745843,0.343552,363.915634,135.747968
13806,62636.835,1589140959.46,3.6518047,0.28370098,209.232997,16.254869,2.6366512,354.0624,7.7493734,1.1635514,0.92710924,0.43979278,0.0756424,7.7493734,1.1635514,7.2044144,1.081727,12.006601,0.14311,0.350144,0.102324,0.066963,70.883162,0.875203,681.235983,234.905508
13849,62593.5358,1585399908.99,0.30741942,0.3514126,17.613835,20.134459,0.9172684,284.1276,3.4736085,1.0954938,0.08897125,0.3142876,0.0613075,3.4736085,1.0954938,3.272952,1.0322115,12.021787,0.13457,0.065556,0.023648,0.014307,15.536102,0.607991,425.211935,157.931018
13866,62347.8544,1564173038.32,4.6011765,1.1886423,263.627994,68.104187,0.52269852,546.10395,8.4448433,1.6078039,0.91547853,0.34682456,0.1137409,8.4448433,1.6078039,7.582413,1.4436068,11.783567,0.20149,0.178251,0.01605,0.044599,46.481022,0.866475,497.790627,167.51527
13883,62166.1736,1548475819.56,5.3427551,0.35339218,306.117318,20.24788,0.607493,327.17168,13.230832,1.2395799,0.97563338,0.35622904,0.0701617,13.230832,1.2395799,12.3633952,1.1583108,11.985184,0.15273,0.348685,0.12685,0.059792,38.382585,0.821082,306.809362,75.312059
13897,62550.5504,1581685972.12,0.10964579,0.38283016,6.282241,21.934552,2.6766544,147.52755,4.8397145,1.2231075,0.4588109,-0.2197969,0.0324955,4.8397145,1.2231075,4.6873953,1.1846129,11.995765,0.15057,0.082877,0.022514,0.018182,40.963024,0.893849,201.491586,64.110764
13911,62009.2565,1534918177.74,0.022100775,-1.2898753,1.266281,-73.904411,0.87816936,401.11977,4.6875405,1.4753577,0.9542802,0.40636098,0.0851429,4.6875405,1.4753577,4.3197448,1.3595976,11.882937,0.18335,0.394304,0.033059,0.123187,20.356823,0.638561,537.444734,169.231023
13912,63172.3195,1635406822.32,1.5432473,-1.1129983,88.421557,-63.770105,2.2117704,287.73232,3.2576327,1.1537776,0.48807189,0.40710348,0.0620529,3.2576327,1.1537776,3.0672979,1.0863655,12.008477,0.14188,0.170357,0.031646,0.050315,23.945631,0.597976,549.408338,157.483205
13913,63966.5971,1704032408.38,3.1165135,0.53129104,178.56307,30.440734,1.2021273,120.69264,3.6890612,1.2225498,0.88140631,0.095037974,0.026698,3.6890612,1.2225498,3.5931319,1.190759,11.995363,0.15051,0.365765,0.047812,0.111541,26.12461,0.360374,189.67734,43.776097
13916,61251.1446,1469417313.89,3.0698345,1.2036395,175.888561,68.963463,2.0856662,295.75295,13.650965,1.191312,0.82646549,-0.30970988,0.0637089,13.650965,1.191312,12.8333655,1.1199605,11.999182,0.14661,0.06108,0.01698,0.011886,54.807131,0.492422,419.821248,125.16482
13918,64436.5993,1744640600.38,0.4001038,0.85547772,22.924259,49.015263,0.22429573,791.44068,5.5466828,1.6752944,0.94264948,0.49614102,0.1601034,5.5466828,1.6752944,4.781197,1.4440906,11.715851,0.21116,0.289246,0.010602,0.092797,29.969233,0.974951,810.02815,343.061281
13958,62027.4597,1536490936.13,1.2179928,-1.2891953,69.785847,-73.86545,1.9907962,394.94024,18.241232,1.3529462,0.93685675,-0.47843599,0.0839017,18.241232,1.3529462,16.8292304,1.2482185,11.945844,0.16725,0.079323,0.007451,0.019372,45.462073,0.40776,654.00803,202.997604
14007,63614.0265,1673570311.11,6.0938112,0.84661628,349.149663,48.50754,2.9046297,953.80972,3.9567845,1.3036642,0.57708061,-0.49086085,0.1895871,3.9567845,1.3036642,3.3261832,1.0958964,11.964294,0.16091,0.140031,0.020264,0.041885,22.707883,0.972055,581.436823,197.655215
14025,62897.7383,1611683004.53,1.3920024,-0.45123081,79.755863,-25.853621,2.0044218,117.62296,10.386548,1.4531629,0.93027043,-0.050293077,0.0260317,10.386548,1.4531629,10.1230284,1.4162944,11.89549,0.1804,0.207895,0.044496,0.044095,35.286027,0.420163,447.453846,150.532207
14041,61962.6609,1530892318.96,0.81830572,-0.00029369397,46.885464,-0.016827,2.4024072,829.54608,15.907069,1.3932222,0.96802145,0.36860606,0.1671021,15.907069,1.3932222,13.6295434,1.1937449,11.927419,0.17249,0.206904,0.063796,0.038572,70.459349,0.739018,713.561511,227.960069
14058,61667.7501,1505412027.37,0.57907617,-0.23448146,33.178621,-13.434798,0.81918179,548.03287,15.397959,1.4873143,0.98081452,0.42027888,0.1141149,15.397959,1.4873143,13.8207997,1.3349739,11.875102,0.18496,0.243133,0.061709,0.0489,24.282901,0.682819,611.394591,144.84009
14079,63854.2349,1694324316.15,5.4275135,-0.021524896,310.973617,-1.233286,2.6300564,314.00637,3.6511497,1.1428571,0.12610666,-0.031172577,0.0674644,3.6511497,1.1428571,3.420395,1.0706279,12.011619,0.1405,0.055104,0.018697,0.012376,72.666326,0.871994,307.823149,104.701541
14092,63063.5601,1626010013.49,5.5031269,-0.40882116,315.305945,-23.423727,2.4273044,395.73438,4.991775,1.1150428,-0.01270636,0.22260782,0.0840614,4.991775,1.1150428,4.6046979,1.0285791,12.017922,0.13701,0.004149,0.002058,0.000598,57.142298,0.75556,493.038095,156.199844
14143,61817.6448,1518362924.73,2.96697,1.1410471,169.994859,65.377183,0.5227593,621.34352,18.769302,1.5638382,0.97187179,-0.21617086,0.1282131,18.769302,1.5638382,16.6363091,1.3861195,11.820844,0.19536,0.100226,0.000528,0.026872,52.045191,0.866445,839.078651,314.160076
14154,62609.1807,1586751634.4,3.4343316,0.88826391,196.772706,50.893773,1.2644827,323.74025,16.690535,1.2792215,0.98770422,-0.027267352,0.0694596,16.690535,1.2792215,15.6065134,1.1961383,11.972938,0.15778,0.340147,0.132094,0.056077,45.589367,0.301546,482.997932,119.681305
14192,62458.7507,1573754482.13,1.0826589,1.0711226,62.031786,61.370804,0.48486247,377.68845,15.030136,1.0897242,0.8966676,0.29652208,0.0804264,15.030136,1.0897242,13.9112998,1.0086056,12.023307,0.13384,0.150885,0.081053,0.018822,31.783578,0.884739,656.825905,245.177754
14241,63219.9819,1639524851.3,2.0774606,-0.53719125,119.029724,-30.778791,1.3988681,257.74413,9.7586126,1.3384417,0.94352609,-0.49002439,0.0558292,9.7586126,1.3384417,9.242605,1.2676687,11.951204,0.16538,0.291348,0.07602,0.058095,23.500364,0.171082,968.586519,330.220178
14244,63799.9541,1689634448.23,3.7840401,0.14576889,216.809527,8.351942,0.49453164,132.58962,4.7474351,1.3160875,0.52455246,-0.14325719,0.0292741,4.7474351,1.3160875,4.6124108,1.278656,11.959733,0.1625,0.085548,0.015083,0.022322,24.107463,0.880191,128.483936,19.702754
14319,62698.1362,1594437384.67,0.56654341,-0.33764991,32.460546,-19.345915,2.280634,425.59898,4.8722758,1.349587,0.8613804,-0.12202656,0.0900411,4.8722758,1.349587,4.4698092,1.2381065,11.94774,0.16681,0.289491,0.039702,0.07909,26.177635,0.651711,499.020729,184.779223
14389,61808.1862,1517545707.4,1.3951241,-0.32536485,79.934723,-18.642033,0.78803073,463.535,5.8027563,1.4283478,0.62811756,-0.060674835,0.0975746,5.8027563,1.4283478,5.2868903,1.3013674,11.909932,0.1771,0.065558,0.004762,0.018077,15.652909,0.705243,601.529554,169.280802
14397,62665.1004,1591583092.83,2.1102209,0.38838354,120.906751,22.252738,1.005188,346.27233,7.3740544,1.4543284,0.70438236,0.36955088,0.0740586,7.3740544,1.4543284,6.8655979,1.3540494,11.89474,0.18055,0.052472,0.000232,0.014449,30.586021,0.53593,536.960735,161.634795
14418,62522.566,1579268116.48,6.0041613,-0.24997836,344.013102,-14.322705,2.598872,505.39975,17.953924,1.210332,0.96209884,0.10310453,0.1058098,17.953924,1.210332,16.235996,1.0945209,11.993594,0.14902,0.207423,0.094305,0.030489,15.828522,0.856307,464.074852,98.667595
14438,61342.4906,1477309605.9,4.2363711,-0.091794439,242.726184,-5.259434,0.5062529,986.60672,5.5715876,1.4711882,0.80026066,-0.39117217,0.1954394,5.5715876,1.4711882,4.6607028,1.2306674,11.885026,0.1828,0.172651,0.018282,0.047581,66.616107,0.874568,1089.582889,303.499689
14526,61280.3808,1471943323.25,5.7553632,-0.98723658,329.758021,-56.564489,2.1462212,242.38638,5.9921417,1.2762365,0.45979455,-0.040979683,0.0526219,5.9921417,1.2762365,5.6925868,1.2124358,11.973963,0.1574,0.034384,0.006955,0.007723,54.542379,0.544191,293.088388,72.216109
14540,63264.1123,1643337722.17,4.6753952,-0.5696882,267.880413,-32.640729,2.0304452,145.46948,2.6293035,1.0633531,0.31494629,0.16015539,0.0320525,2.6293035,1.0633531,2.547645,1.0303285,12.028665,0.13055,0.161719,0.032173,0.049599,31.084573,0.443633,157.948242,57.810891
14579,63285.118,1645152609.16,4.2931896,-0.7127087,245.981645,-40.835201,0.5557565,628.54686,5.7061348,1.3662708,0.49107483,-0.48536417,0.1295863,5.7061348,1.3662708,5.0515261,1.209532,11.939112,0.16899,0.031744,0.000207,0.00926,59.826014,0.849502,643.884122,174.434605
14686,62933.6773,1614788133.21,1.8648873,-0.74588299,106.850172,-42.735947,2.642361,131.18206,2.6352489,1.1643846,-0.43139064,0.27600348,0.0289698,2.6352489,1.1643846,2.5610556,1.1316023,12.006447,0.14321,0.00701,0.003064,0.001552,45.738709,0.877951,124.016343,15.819919
14692,63284.751,1645120900.38,5.9185375,-1.131564,339.10722,-64.833841,2.2193242,270.37781,4.8149042,1.0865754,0.88309032,-0.47538844,0.0584574,4.8149042,1.0865754,4.5489824,1.026565,12.024034,0.13345,0.366239,0.08369,0.081026,44.36865,0.604014,343.569755,117.488422
14726,62515.0416,1578618012.47,0.71050003,0.68042346,40.708653,38.985393,2.1711895,714.32173,10.035851,1.3809592,0.87922734,0.24079743,0.1457805,10.035851,1.3809592,8.7589651,1.2052564,11.932482,0.1709,0.153454,0.03811,0.031121,64.66953,0.564967,830.232799,230.436459
14745,62031.5152,1536841330.63,6.0163921,0.36365817,344.713875,20.836078,2.0353886,271.19674,15.232125,1.1387626,0.95021582,0.32761383,0.0586275,15.232125,1.1387626,14.38856,1.0756972,12.012795,0.13999,0.248651,0.120415,0.034564,67.839058,0.448058,366.480116,92.404943
14749,63809.1337,1690427567.28,4.1335271,-1.4848907,236.833657,-85.07797,1.1156845,542.95438,11.166646,1.1735311,0.78672886,0.15487942,0.1131298,11.166646,1.1735311,10.0317555,1.0542626,12.004122,0.14437,0.085825,0.035784,0.013488,55.48598,0.439563,881.247622,278.784382
14756,61734.9395,1511217192.26,5.8601828,1.0373978,335.763742,59.438516,2.3516746,205.71406,5.1471386,1.1513193,0.40402374,0.091125019,0.0449068,5.1471386,1.1513193,4.9259307,1.1018392,12.009117,0.14157,0.072314,0.026979,0.01296,67.991409,0.703904,222.773372,53.149865
14767,63415.7977,1656443340.42,5.9571648,-0.63263547,341.320401,-36.247342,0.76240127,692.2814,18.769321,1.2752416,0.94628608,-0.32929945,0.1416465,18.769321,1.2752416,16.4405714,1.1170197,11.974305,0.15727,0.117787,0.037532,0.021631,52.37722,0.72318,787.185245,220.582756
14803,63016.6032,1621952933.89,5.3875542,-0.13374286,308.684118,-7.662901,0.2105176,478.50464,3.9438105,1.1554151,-0.083636515,0.29061434,0.1005285,3.9438105,1.1554151,3.5835604,1.0498729,12.008094,0.14209,0.010984,0.005931,0.001653,22.201261,0.977923,587.948875,199.597103
14812,62560.2853,1582527066.67,1.829212,-0.085018212,104.806127,-4.871185,2.624601,712.1432,14.538455,1.6633976,0.96854788,0.3364968,0.1453727,14.538455,1.6633976,12.6932094,1.4522763,11.728783,0.20943,0.135292,0.007232,0.03452,59.529038,0.86931,946.130254,319.047737
14833,62384.6643,1567353417.82,1.9880544,-1.1644272,113.907127,-66.716764,1.1978185,242.18794,3.4908807,1.5687172,0.93985647,0.36646596,0.0525804,3.4908807,1.5687172,3.3164979,1.4903538,11.817166,0.19603,0.368555,0.009276,0.141914,24.160549,0.36439,383.249811,91.120466
14844,63992.8767,1706302964.91,5.7524855,0.80900588,329.593141,46.352623,2.2324476,372.9624,5.5599494,1.3830283,0.76594859,-0.11193498,0.0794718,5.5599494,1.3830283,5.1506206,1.2812084,11.931295,0.17118,0.171724,0.026516,0.043395,28.884588,0.614421,626.973791,221.087474
14845,62378.3826,1566810674.6,0.18021227,0.48593058,10.325402,27.841771,2.2353632,224.98452,7.1050596,1.3448611,0.93773466,-0.08181937,0.048971,7.1050596,1.3448611,6.7733615,1.2820766,11.949618,0.1662,0.340583,0.066124,0.075401,16.186394,0.616718,281.07686,61.025534
14872,62495.2943,1576911844.5,0.20177238,-0.89741953,11.560706,-51.418352,2.3995024,691.10716,14.935102,1.2925276,0.97492009,0.44985825,0.1414257,14.935102,1.2925276,13.0846023,1.1323799,11.968288,0.15948,0.293954,0.107364,0.050292,65.804598,0.737058,625.560533,173.239408
14881,62171.4625,1548932779.78,0.507925,-0.049704023,29.101959,-2.847831,0.065414052,266.56569,6.5898213,1.5896914,0.92413151,-0.093223751,0.0576654,6.5898213,1.5896914,6.2305353,1.5030193,11.7994,0.19895,0.254173,0.021746,0.068471,51.468887,0.997861,203.563967,48.6627
14910,62524.7471,1579456571.7,1.9158736,0.80572215,109.771471,46.164479,1.5379781,267.18275,5.571919,1.4145308,0.83421928,0.39428139,0.0577936,5.571919,1.4145308,5.2674916,1.3372465,11.916646,0.17529,0.222113,0.030277,0.057914,35.805375,0.032812,878.758086,283.912846
14932,61419.7555,1483985294.27,0.4992524,0.49527506,28.605055,28.377171,2.7029743,331.34254,6.4008422,1.5870397,0.81250602,-0.32833251,0.0710143,6.4008422,1.5870397,5.9764302,1.48181,11.801547,0.19859,0.11903,0.003064,0.034602,33.369343,0.905339,250.448997,58.222043
14937,61233.9206,1467929161.34,4.9780022,0.46676106,285.218516,26.743439,1.758233,597.92294,19.9424,1.2312624,0.93186206,0.34763265,0.1237336,19.9424,1.2312624,17.7465546,1.0956889,11.993695,0.1516,0.076717,0.011128,0.017678,49.744337,0.186341,973.981266,349.051931
14950,62935.9984,1614988680.06,0.25488757,0.85278948,14.603982,48.861238,3.0425383,373.0692,3.7538416,1.2636936,0.43401921,-0.28233176,0.0794933,3.7538416,1.2636936,3.4774106,1.1706358,11.978208,0.15579,0.10213,0.017529,0.029924,66.560135,0.995098,276.215371,76.950132
14965,62745.4866,1598528461.39,4.7748938,0.16012525,273.581262,9.174501,0.93174228,364.34544,10.591239,1.1187284,0.7007547,-0.064346656,0.0777281,10.591239,1.1187284,9.8273754,1.0380432,12.016904,0.13748,0.054421,0.02366,0.008291,74.797063,0.596436,773.121756,253.603383
14970,61994.6257,1533654080.74,1.0477676,-0.74573276,60.032661,-42.72734,0.34033875,353.31533,13.147723,1.4574543,0.94833362,-0.41842651,0.0754906,13.147723,1.4574543,12.2248607,1.355153,11.892626,0.18097,0.180861,0.042751,0.037228,50.036398,0.942642,270.729023,62.323148
15021,61355.8471,1478463605.42,1.4344484,-0.95327351,82.187839,-54.618549,2.5925719,570.15918,13.785822,1.3964949,0.87991947,-0.45116398,0.1183939,13.785822,1.3964949,12.3264463,1.2486611,11.926483,0.17291,0.059733,0.000698,0.015912,17.971114,0.853036,492.053433,118.340436
15204,61863.976,1522365943.72,4.8652818,0.18492206,278.760113,10.595254,2.9313692,322.35915,8.2746897,1.2263523,0.87447333,0.086446024,0.0691768,8.2746897,1.2263523,7.7393092,1.1470061,11.997104,0.15095,0.243115,0.073561,0.045801,24.895331,0.977984,243.332724,60.694756
15218,63136.5948,1632320209.52,3.9913612,0.79305179,228.688151,45.438521,1.5213962,52.758294,13.724695,1.4997069,0.91706491,0.26783514,0.0118007,13.724695,1.4997069,13.564623,1.4822157,11.866764,0.18663,0.084079,0.004292,0.021507,24.242496,0.04938,105.234058,23.542011
15274,62168.1743,1548648680.16,3.2251033,0.14541029,184.784808,8.331396,0.91028727,151.48562,11.361279,1.0576715,0.79899687,-0.36922035,0.0333466,11.361279,1.0576715,10.994645,1.0235399,12.029691,0.12984,0.125026,0.068512,0.015232,41.734932,0.613519,216.353582,46.231294
15280,63915.6853,1699633624.67,1.1988338,-1.0662181,68.688117,-61.089797,2.8517067,363.53998,10.029787,1.1425781,0.70474225,-0.31540895,0.077565,10.029787,1.1425781,9.3078259,1.0603334,12.011702,0.14047,0.063914,0.02786,0.009719,45.500732,0.958276,309.123921,64.570287
15305,64426.2581,1743747118.25,3.4670238,0.17126229,198.645831,9.812606,1.0645075,231.41657,11.267502,1.3502457,0.93466759,-0.12016028,0.0503225,11.267502,1.3502457,10.7276592,1.2855534,11.94739,0.16689,0.229695,0.066105,0.044102,32.018434,0.484935,340.825372,68.775636
15339,63148.6337,1633360366.45,4.4385775,0.69245571,254.311758,39.67479,2.597309,968.39082,5.7551441,1.30739,0.92416269,0.17117755,0.192193,5.7551441,1.30739,4.8273594,1.0966261,11.962938,0.16139,0.356871,0.061174,0.085,19.899236,0.855498,929.915696,292.517212
15350,63506.3225,1664264678.45,4.2779564,-1.0412951,245.108847,-59.661814,0.16154065,597.56659,5.1840491,1.4810244,0.77118737,-0.053240333,0.1236653,5.1840491,1.4810244,4.6135172,1.3180299,11.879632,0.1841,0.158478,0.013737,0.046659,38.377044,0.986981,466.323893,133.676614
15353,63990.1267,1706065361.91,5.1038399,0.36666166,292.428486,21.008166,0.30489259,677.7537,5.7564297,1.1799817,0.80856752,-0.24275471,0.1389115,5.7564297,1.1799817,5.0543257,1.0360609,12.002105,0.14518,0.256291,0.064298,0.053531,52.094085,0.953879,721.253627,241.94285
15360,62267.8766,1557262956.03,1.3631279,-0.14606067,78.101476,-8.36866,0.99720178,724.44213,12.259597,1.1689672,0.81020689,-0.24582483,0.1476725,12.259597,1.1689672,10.6821387,1.0185547,12.005424,0.14379,0.082022,0.033628,0.013044,24.86025,0.542655,998.679548,345.37054
15382,64452.4009,1746005859.43,1.5205761,-1.1918524,87.122593,-68.288112,2.7502078,566.65669,6.4945111,1.5447999,0.8998161,0.042472526,0.1177179,6.4945111,1.5447999,5.8105099,1.3821017,11.834475,0.19276,0.23222,0.023254,0.06118,71.009621,0.924382,549.656911,172.389334
15387,62941.3274,1615449108.82,4.5507136,-0.33276607,260.736683,-19.066091,2.6354373,899.16174,8.121356,1.3202705,0.72128814,0.31949222,0.1797608,8.121356,1.3202705,6.8839006,1.1191002,11.958166,0.16304,0.077359,0.018657,0.015907,18.558828,0.874615,819.587092,266.584736
15420,63530.6312,1666364950.41,2.9453487,0.84860381,168.75605,48.621417,0.55509684,707.41851,12.376341,1.4168187,0.95587236,-0.24238968,0.1444876,12.376341,1.4168187,10.8138703,1.2379502,11.915511,0.17559,0.235847,0.06205,0.046849,63.35885,0.849849,556.377488,156.709907
15436,62688.8886,1593638389.33,3.819192,0.88823076,218.823583,50.891874,2.5928862,330.13347,18.578974,1.0761887,0.91609079,0.35573912,0.0707672,18.578974,1.0761887,17.3510857,1.0050632,12.02567,0.13215,0.118441,0.060581,0.015595,35.718533,0.8532,408.388832,135.002203
15442,64326.2611,1735107373.42,2.3196412,-0.32989282,132.905651,-18.901466,0.095297411,462.55817,5.1949649,1.1281738,0.13283734,0.089852408,0.0973814,5.1949649,1.1281738,4.7339646,1.0280598,12.014955,0.13866,0.014568,0.008089,0.001834,32.429128,0.995463,379.551554,100.712913
15491,61920.95,1527288498.75,2.864651,0.44399788,164.132412,25.439205,1.1820445,329.92224,10.212515,1.4197147,0.94173354,-0.40541339,0.0707241,10.212515,1.4197147,9.5379522,1.3259389,11.913665,0.17598,0.249764,0.05762,0.051848,27.242252,0.379034,496.950222,103.716296
15521,62558.2118,1582347915.48,0.081753335,-1.3762699,4.684121,-78.854457,1.4580538,207.38294,9.6323137,1.5524137,0.93165618,0.16421969,0.0452597,9.6323137,1.5524137,9.2152351,1.4851943,11.829979,0.19379,0.196336,0.028434,0.045479,60.891163,0.112504,1287.093068,488.182982
15525,64285.4099,1731577829.08,4.4004883,0.77243464,252.129407,44.257245,0.80219785,163.16386,11.420854,1.3332901,0.9695217,-0.17385562,0.0358519,11.420854,1.3332901,11.0255668,1.2871436,11.953179,0.16472,0.33178,0.095038,0.063819,16.879492,0.695128,191.764806,31.571652
15536,61823.9882,1518911001.14,5.1726303,-0.81989135,296.369885,-46.976314,2.6564614,925.94306,6.2497578,1.6201538,0.92062861,0.12114786,0.1845882,6.2497578,1.6201538,5.2758905,1.3676937,11.771815,0.20324,0.247147,0.016048,0.07053,30.159548,0.884614,950.613071,277.017622
15550,61453.5674,1486906639.36,5.1525445,-0.49714097,295.219054,-28.484079,0.32953985,574.68697,7.1265807,1.1296715,0.45612156,0.39940834,0.1192669,7.1265807,1.1296715,6.3671861,1.0092959,12.014719,0.13885,0.03537,0.016537,0.005098,30.558362,0.946191,644.049863,216.24431
15574,63325.8163,1648668942.05,5.2645345,-0.11305566,301.635608,-6.477612,0.4427773,591.6651,17.248795,1.4012731,0.96746373,-0.10798481,0.1225329,17.248795,1.4012731,15.3659596,1.2483136,11.92333,0.17355,0.173094,0.05086,0.032946,25.188705,0.903565,452.336448,117.994617
15595,61210.2406,1465883205.09,4.7867463,-0.10516415,274.260361,-6.025462,1.0832007,326.44706,3.1346743,1.4470925,0.63435119,0.20329186,0.0700135,3.1346743,1.4470925,2.9295652,1.3524059,11.899679,0.17958,0.154097,0.003951,0.059696,54.8302,0.468503,575.204942,186.65087
15603,61068.8645,1453668306.59,0.3747735,0.27367354,21.47294,15.680339,2.4370598,469.86087,5.1658235,1.6183414,0.83194137,0.21140125,0.0988241,5.1658235,1.6183414,4.7012286,1.4727938,11.773716,0.20298,0.166919,0.002566,0.055898,58.267895,0.761914,741.814834,296.790302
15609,61363.3387,1479110881.88,5.455922,-0.39572029,312.601304,-22.673102,0.89423025,901.72939,8.933486,1.5063089,0.8285076,0.17668748,0.1802246,8.933486,1.5063089,7.5693099,1.27629,11.863298,0.1875,0.085376,0.005902,0.02158,44.575564,0.626119,1195.169779,359.513384
15615,63379.6903,1653323663.17,1.0086755,-0.98146915,57.792849,-56.23404,1.1394646,787.14736,6.884697,1.6065698,0.96410805,-0.47394919,0.1593116,6.884697,1.6065698,5.9386077,1.3857963,11.78443,0.20132,0.330794,0.030218,0.087301,60.548568,0.418081,1103.910503,342.670222
15658,63430.0908,1657678259.36,4.9352594,-0.1719008,282.769534,-9.84919,2.8467519,301.99344,7.9408503,1.1489292,0.61101723,-0.33590758,0.0649949,7.9408503,1.1489292,7.4562333,1.078812,12.009795,0.14127,0.066969,0.029332,0.010162,68.818968,0.956848,278.917306,80.792255
15671,62864.2079,1608785977.71,3.4028476,-0.77666042,194.968806,-44.499364,1.0831979,386.26106,13.296995,1.4516668,0.94119608,0.29863945,0.0821552,13.296995,1.4516668,12.2875116,1.3414589,11.896454,0.1802,0.160662,0.03723,0.033271,47.594073,0.468506,577.459679,124.976107
15672,64422.3936,1743413221.55,5.0511532,-0.49984391,289.40976,-28.638946,2.0375103,363.3841,15.068704,1.4586071,0.93381637,0.05996437,0.0775334,15.068704,1.4586071,13.9844429,1.3536538,11.89183,0.18113,0.10093,0.014114,0.0234,73.37699,0.449954,461.565531,117.73493
15712,64309.9169,1733695239.47,2.6790431,-0.99598179,153.497863,-57.065553,0.78764818,213.75275,3.0626206,1.4508783,0.89605707,-0.30465731,0.0466049,3.0626206,1.4508783,2.9262433,1.3862712,11.896973,0.18009,0.348093,0.014146,0.133544,49.021933,0.705514,200.987272,56.03361
15776,62053.9686,1538781306.6,3.0735069,0.61640108,176.098974,35.31718,1.6933828,106.16321,5.4921722,1.3983765,0.74699837,-0.44647026,0.0235388,5.4921722,1.3983765,5.3658661,1.3662174,11.925493,0.17316,0.155262,0.022296,0.040202,48.258734,0.12228,238.218442,76.236408
15793,61415.3051,1483600778.24,5.7039369,-0.86021288,326.811511,-49.286568,2.6746718,923.78232,6.9614711,1.4433458,0.92330396,0.29179931,0.1841996,6.9614711,1.4433458,5.8786298,1.2188366,11.901954,0.17908,0.289608,0.044927,0.068406,56.358494,0.892959,719.864601,206.701123
15846,64113.6578,1716738452.53,0.014689805,0.30225455,0.841664,17.31791,2.369214,602.24395,6.6782284,1.5583895,0.96410805,-0.47394919,0.1245618,6.6782284,1.5583895,5.9385163,1.3857749,11.824013,0.19463,0.351365,0.036698,0.091394,38.009871,0.716253,766.694421,275.864656
15872,61083.4391,1454927555.31,0.043500662,-0.88364202,2.492404,-50.628958,0.81593577,598.90215,19.372246,1.2363076,0.95574355,-0.011832808,0.1239214,19.372246,1.2363076,17.2363003,1.0999948,11.987436,0.1523,0.147936,0.059397,0.023864,41.133589,0.685187,705.910966,188.592372
15884,63825.6641,1691855796.85,0.64937883,0.5651354,37.206666,32.379873,0.60194452,455.91344,8.5043612,1.1105309,0.92768234,0.10487366,0.0960666,8.5043612,1.1105309,7.7589824,1.0131966,12.01904,0.13645,0.347109,0.118925,0.061538,41.433244,0.824236,547.320194,149.492706
15893,61519.9652,1492643412.28,2.9440335,0.78636932,168.680694,45.055643,2.3790688,289.47906,8.7598715,1.7945735,0.96550649,0.32573596,0.0624139,8.7598715,1.7945735,8.2452534,1.6891473,11.557346,0.2293,0.211676,0.002911,0.0582,20.699673,0.723095,328.191829,70.491098
15904,62788.2282,1602221334.05,3.8888159,0.25095118,222.812738,14.378443,2.921302,397.73297,3.1986225,1.5084184,0.76788682,-0.30978459,0.0844629,3.1986225,1.5084184,2.9494992,1.3909359,11.861444,0.1878,0.213585,0.003439,0.083954,50.37794,0.975834,287.454119,95.210947
15905,64427.5977,1743862855.77,5.0875232,-0.032564859,291.493608,-1.865829,1.015311,388.89465,8.6054077,1.163607,0.53314489,0.46567494,0.0826856,8.6054077,1.163607,7.9482056,1.0747414,12.006591,0.14312,0.018909,0.001215,0.004773,70.318253,0.527356,791.069902,277.645731
15937,64422.2511,1743400915.71,0.84303988,0.9662024,48.302627,55.35932,2.449292,823.12335,14.86723,1.4264185,0.98320711,-0.00066089851,0.165926,14.86723,1.4264185,12.7514354,1.2234211,11.910374,0.17686,0.291908,0.083746,0.056107,58.368524,0.76978,843.330731,274.88286
15957,64421.6334,1743347541.64,4.3900802,0.34234837,251.533067,19.615117,0.24804294,670.2469,4.0383801,1.320002,0.48278314,-0.11876827,0.1374951,4.0383801,1.320002,3.5502397,1.1604464,11.958267,0.16301,0.093424,0.013243,0.027921,28.6008,0.969395,619.592703,220.48648
15967,64122.5867,1717509907.69,5.6182758,0.32360969,321.903491,18.541469,0.95722826,397.92081,11.517673,1.1246325,0.78801471,0.24605836,0.0845006,11.517673,1.1246325,10.6202547,1.0370049,12.015544,0.13822,0.092106,0.043826,0.013013,54.412953,0.575788,726.200412,316.696037
16015,62658.6807,1591028430.05,0.90565833,-0.96295861,51.8904,-55.173464,2.1217867,57.826302,7.6302996,1.0649825,0.63998657,-0.28001869,0.0129234,7.6302996,1.0649825,7.5329486,1.0513949,12.028282,0.13075,0.112711,0.055106,0.015545,27.764885,0.523531,99.20634,22.957401
16051,62788.1584,1602215301.5,5.0753319,-0.092426904,290.795097,-5.295672,1.3028239,525.32826,12.356422,1.5223509,0.95923322,-0.21529338,0.109702,12.356422,1.5223509,11.1349011,1.3718556,11.852115,0.18968,0.20877,0.041267,0.04516,57.824994,0.264777,869.379779,246.54927
16065,64327.4058,1735206279.47,1.3156794,-0.3099296,75.382877,-17.757658,0.56538029,350.10283,2.4966538,1.0769695,0.47342449,-0.1828306,0.0748378,2.4966538,1.0769695,2.3228192,1.0019833,12.025542,0.13225,0.211003,0.033333,0.069412,18.179236,0.844385,405.868098,103.738062
16068,62084.6742,1541434271.25,4.6723978,0.095973048,267.708674,5.498851,2.0757814,528.63996,7.1906271,1.3121744,0.79837781,-0.32594359,0.1103471,7.1906271,1.3121744,6.4760175,1.1817696,11.961185,0.162,0.167135,0.040582,0.034603,45.65884,0.483794,978.944782,287.316674
16074,63937.6488,1701531272.11,4.0150497,-0.17707311,230.045402,-10.145542,2.5719208,384.83849,3.3200445,1.3936327,0.3838155,0.48256087,0.0818686,3.3200445,1.3936327,3.0688057,1.2881719,11.927331,0.17255,0.065127,0.000902,0.024889,18.721891,0.842078,406.013451,146.017514
16086,63172.4272,1635416128.03,1.4533512,-1.3302146,83.27089,-76.215682,0.52096204,378.5705,5.3603187,1.1399616,0.49828637,0.29912153,0.0806045,5.3603187,1.1399616,4.9604816,1.0549295,12.012463,0.14014,0.101157,0.036022,0.018331,35.667696,0.867341,325.639055,89.651915
16094,63497.3176,1663486660.88,0.76057066,1.2593904,43.577489,72.157755,2.200675,264.68232,4.6409669,1.3011508,0.55105388,-0.21541512,0.0572737,4.6409669,1.3011508,4.3895604,1.230666,11.965204,0.16059,0.104352,0.019149,0.027167,60.509435,0.589047,492.120888,183.879207
16139,63968.4019,1704188338.45,3.5766496,0.51825015,204.926927,29.693546,2.6541746,435.92439,3.5247197,1.477451,0.70752859,-0.22550347,0.0920984,3.5247197,1.477451,3.2274744,1.3528552,11.881864,0.18362,0.172345,0.005772,0.064524,30.727697,0.883545,378.31927,108.853411
16149,62753.4985,1599220691.24,5.5821794,1.3160705,319.83532,75.405285,0.89209388,66.27804,10.403463,1.3500248,0.98290628,0.46891576,0.0147914,10.403463,1.3500248,10.2518238,1.3303471,11.947509,0.16686,0.404835,0.101475,0.081808,30.776593,0.627784,82.944443,11.601783
16158,64177.1869,1722227364.57,4.6498043,-0.4075097,266.414162,-23.348586,2.1705613,497.11593,12.313152,1.2845063,0.90176427,0.43129382,0.1041867,12.313152,1.2845063,11.1513317,1.1633054,11.971109,0.15845,0.160165,0.055668,0.028166,31.838172,0.564448,1139.283734,409.520809
16219,63420.6633,1656863729.39,5.5061777,-0.66750326,315.480743,-38.24512,1.540496,165.08085,18.009295,1.1517655,0.9726128,0.050719507,0.0362623,18.009295,1.1517655,17.3790897,1.1114614,12.008995,0.14163,0.271031,0.135692,0.036478,28.581108,0.030296,286.003564,74.787733
16272,63395.3334,1654675222.62,4.4786335,-0.77720796,256.606798,-44.530736,2.2287442,560.36722,11.200503,1.1770892,0.78672886,0.15487942,0.1165028,11.200503,1.1770892,10.0317731,1.0542644,12.003011,0.14482,0.084015,0.034523,0.01334,34.67825,0.611494,554.651857,183.64429
16302,61950.918,1529877729.21,5.5159967,-0.77171658,316.043331,-44.216103,2.7015672,503.38737,17.40064,1.5042429,0.96641797,-0.09101402,0.1054158,17.40064,1.5042429,15.7412621,1.3607937,11.864597,0.18723,0.127657,0.019956,0.029029,70.841131,0.904741,442.935856,76.429573
16314,62099.0222,1542673932.89,6.2693724,1.2162667,359.208579,69.686949,2.2869915,303.76604,8.1680498,1.3036093,0.87592691,-0.090371601,0.0653598,8.1680498,1.3036093,7.6669404,1.2236329,11.964314,0.1609,0.225192,0.05836,0.04517,46.639387,0.656519,448.990877,154.593505
16317,63552.7903,1668279500.55,5.3705733,0.27085115,307.711184,15.518628,2.13586,468.46534,7.9301925,1.1902366,0.85962671,-0.18368015,0.0985486,7.9301925,1.1902366,7.2187905,1.0834628,11.999397,0.14648,0.24351,0.076748,0.04506,40.216088,0.53547,631.67915,191.785525
16345,61752.2991,1512717057.75,3.4146269,0.60779487,195.64371,34.824081,0.55839854,937.50725,15.712371,1.5104059,0.96079183,-0.25722778,0.1866656,15.712371,1.5104059,13.2407736,1.2728151,11.85947,0.18807,0.140848,0.025033,0.031216,31.277097,0.848105,937.482796,469.340035
16367,61184.0307,1463618668.12,4.9615189,0.6593358,284.274093,37.777159,2.4909472,895.02151,5.7343111,1.432122,0.81413651,0.0640283,0.1790124,5.7343111,1.432122,4.8636562,1.2146793,11.907964,0.1776,0.192118,0.025493,0.049893,71.133612,0.795693,905.659675,305.578981
16392,61547.2682,1495002391.25,0.6219369,-1.3532209,35.634359,-77.533846,1.3542563,172.92554,14.449648,1.0926917,0.87480903,-0.4872942,0.0379393,14.449648,1.0926917,13.9214772,1.0527511,12.022527,0.13422,0.128889,0.067913,0.016435,62.762458,0.214852,518.738795,153.241638
16430,64206.4418,1724754991.16,1.8154603,-0.73007544,104.018213,-41.830241,1.9870392,129.01906,10.430185,1.5240041,0.92010409,-0.45767862,0.0285019,10.430185,1.5240041,10.1411427,1.4817707,11.85085,0.18991,0.161597,0.025578,0.036732,20.625611,0.404327,196.76191,46.734593
16453,61544.6647,1494777449.91,0.53599861,-0.57540698,30.710458,-32.968391,1.3633415,295.58333,11.06691,1.2151732,0.88713211,-0.22038148,0.0636739,11.06691,1.2151732,10.4044199,1.1424302,11.99174,0.14964,0.189768,0.072437,0.031627,68.449231,0.20597,861.221427,309.29494
16504,64389.8843,1740604417.52,3.8851519,-0.06781663,222.602807,-3.885607,2.8512109,613.54994,15.165397,1.322575,0.94803566,-0.48238611,0.126725,15.165397,1.322575,13.4597148,1.1738224,11.957307,0.16334,0.181106,0.062639,0.031931,19.573551,0.958135,469.754096,120.927885
16573,62756.2003,1599454123.41,4.9473687,1.0876521,283.463346,62.317875,0.33853739,764.53046,3.5047395,1.2117999,0.6189484,-0.33383328,0.15513,3.5047395,1.2117999,3.034065,1.0490593,11.992833,0.14921,0.201271,0.031769,0.060773,52.886536,0.943241,470.901799,164.61429
16604,64470.0715,1747532597.41,4.4807784,1.1024437,256.729691,63.165371,2.3781471,620.39168,12.315166,1.6632333,0.95984799,-0.28917101,0.1280315,12.315166,1.6632333,10.9173955,1.4744564,11.728938,0.20941,0.157346,0.012386,0.039104,30.192882,0.722458,800.240096,221.633118
16609,61170.0145,1462407672.47,4.2532256,0.55635304,243.691876,31.876681,2.4237445,797.57242,17.74478,1.2091715,0.97720021,0.45790979,0.161233,17.74478,1.2091715,15.2809815,1.0412824,11.994231,0.14887,0.278617,0.126461,0.041011,61.724362,0.753223,774.058711,226.793696
16631,64218.6216,1725807320.46,4.0440817,-1.2589483,231.708813,-72.132424,0.81923355,199.69799,2.5852852,1.1777594,-0.30365783,0.45402172,0.0436334,2.5852852,1.1777594,2.4771967,1.1285183,12.0028,0.1449,0.016536,0.004622,0.004722,64.030324,0.682781,205.333936,44.327207
16676,61627.814,1501961544.09,2.1566056,0.62561185,123.564399,35.844919,2.5811414,908.60501,15.285634,1.5532556,0.94749081,0.10196702,0.1814656,15.285634,1.5532556,12.9378577,1.3146854,11.829155,0.19391,0.096193,0.003362,0.025022,32.480674,0.847015,906.002208,237.304215
16700,62692.2553,1593929275.22,5.0396134,-0.89415673,288.748578,-51.231407,2.4666125,352.11231,11.978883,1.407733,0.88510722,0.066094846,0.0752462,11.978883,1.407733,11.1405955,1.3092192,11.919233,0.17441,0.103118,0.020952,0.02215,59.990867,0.780719,517.503187,209.434737
16706,63514.704,1664988841.05,0.35593236,-0.39581441,20.393422,-22.678495,2.5110903,232.81609,12.527304,1.1349788,0.8718732,0.18179071,0.0506163,12.527304,1.1349788,11.9237673,1.0802981,12.013737,0.13951,0.156083,0.074219,0.022065,56.412273,0.807731,620.08071,197.210949
16721,63348.5824,1650635934.0,2.3668548,-0.31931902,135.610791,-18.295632,1.962872,393.46013,15.074375,1.0929316,0.8966676,0.29652208,0.0836042,15.074375,1.0929316,13.9113299,1.0086078,12.022463,0.13425,0.148841,0.079453,0.018702,18.746843,0.382107,622.668991,167.931292
16741,61929.1825,1527999790.31,4.1552452,-1.5414466,238.078013,-88.318385,0.87084302,130.08075,15.241079,1.6571898,0.96578509,-0.26425898,0.0287316,15.241079,1.6571898,14.815408,1.6109058,11.7356,0.20853,0.11263,0.000179,0.030311,68.944257,0.644182,154.492747,21.987759
16748,64306.8174,1733427442.88,2.8507512,-0.70547253,163.336012,-40.420599,2.4765156,503.18432,4.5722237,1.4112644,0.95715195,-0.097739033,0.105376,4.5722237,1.4112644,4.1363514,1.2767279,11.91793,0.17487,0.416443,0.040848,0.126664,30.758596,0.786869,531.06417,135.26531
16795,61287.4514,1472554221.79,3.1562338,-0.93868386,180.838876,-53.782623,0.52983099,415.37909,4.8453827,1.4847959,0.67672217,-0.10585701,0.0879998,4.8453827,1.4847959,4.4534778,1.3647024,11.876891,0.18461,0.105772,0.005149,0.033793,18.713246,0.862892,491.947061,153.823427
16808,61054.5155,1452428555.01,5.6881239,-0.2307287,325.905493,-13.219781,0.81479982,459.57883,12.737372,1.3739756,0.98186016,-0.19094361,0.0967921,12.737372,1.3739756,11.6132962,1.252722,11.936129,0.16999,0.346556,0.098436,0.06688,59.55829,0.686014,532.310984,131.888946
16858,64198.1687,1724040193.23,1.0032995,-0.239743,57.484827,-13.736262,1.6343281,388.74869,13.035309,1.3008118,0.94396943,-0.48686019,0.0826562,13.035309,1.3008118,12.0401185,1.2015003,11.965326,0.16054,0.226125,0.077693,0.040008,29.951683,0.063489,811.085972,267.776007
16871,62786.1084,1602038183.82,4.9939779,0.25572911,286.133857,14.652199,0.61298882,341.98241,5.8329768,1.0819943,0.2860637,-0.19808517,0.0731851,5.8329768,1.0819943,5.4352013,1.0082085,12.024808,0.13288,0.035374,0.020681,0.004026,40.698619,0.817932,374.370533,122.069459
16886,61302.0584,1473816263.67,0.21433865,0.29326481,12.2807,16.802836,1.3758621,107.34549,5.3610616,1.2205378,0.84295362,0.27226907,0.0237964,5.3610616,1.2205378,5.2364528,1.1921685,11.993803,0.15028,0.289064,0.060114,0.065866,30.512511,0.193702,118.177821,35.430775
16938,61653.3749,1504170010.65,3.375997,0.29019221,193.43038,16.626789,2.6812244,851.97214,3.2729702,1.3805175,0.74309129,0.42819294,0.1711977,3.2729702,1.3805175,2.7945497,1.1787229,11.932739,0.17085,0.232522,0.016204,0.083954,64.708461,0.895889,692.534428,229.767399
16981,62723.6297,1596640021.23,1.9994957,0.3509253,114.562665,20.106539,0.57699787,486.45259,2.6562223,1.1988621,0.15083604,0.19560471,0.1020927,2.6562223,1.1988621,2.4101623,1.0878051,11.997774,0.14756,0.081993,0.012884,0.027328,58.36799,0.838104,448.74939,157.764018
17018,64058.9595,1712012522.55,1.4316926,0.32126973,82.029944,18.4074,0.97476737,536.72675,4.1484661,1.2468966,0.58022881,-0.46306175,0.1119203,4.1484661,1.2468966,3.7309025,1.1213903,11.983853,0.15365,0.150519,0.02805,0.04067,43.254034,0.561361,830.867291,245.600568
17033,61227.5217,1467376290.5,3.6423573,0.39686459,208.691701,22.738666,2.7490377,399.1531,8.286767,1.187096,0.82043391,-0.24427992,0.0847481,8.286767,1.187096,7.6393467,1.0943517,12.000096,0.14608,0.191559,0.066384,0.033791,70.162993,0.923935,328.299001,93.061055
17037,63372.1213,1652669695.75,3.3772834,0.028709645,193.504085,1.644941,2.6179631,395.48022,4.2084374,1.102177,0.61012155,-0.23664996,0.0840103,4.2084374,1.102177,3.8822855,1.0167588,12.020405,0.1354,0.200221,0.050753,0.045866,61.390859,0.86601,596.087517,243.92285
17122,61785.1194,1515552729.88,5.937459,0.44118936,340.191342,25.278288,0.41137123,561.88545,5.8582649,1.4943612,0.67059195,-0.35775158,0.1167963,5.8582649,1.4943612,5.2455984,1.3380786,11.869988,0.18591,0.066803,0.00015,0.020171,69.569119,0.916573,593.096023,178.274831
17163,63981.1139,1705286660.54,4.995826,-0.61195534,286.239745,-35.062458,2.5426302,702.19016,10.611342,1.2149292,0.91667986,-0.27965203,0.1435073,10.611342,1.2149292,9.2796451,1.0624586,11.991771,0.14961,0.251101,0.089648,0.043522,27.302525,0.825921,604.227718,163.112741
17175,63307.1797,1647058741.48,1.3916414,-0.80941401,79.735179,-46.376007,2.5179503,806.01804,7.5412865,1.4347868,0.7485081,0.30923522,0.1627867,7.5412865,1.4347868,6.4855284,1.2339208,11.905647,0.17797,0.080218,0.009602,0.019415,59.440501,0.811757,845.756148,296.056327
17176,62168.3462,1548663528.98,2.9965781,-0.51817177,171.691278,-29.689055,1.3196364,160.95829,3.8603902,1.442046,0.86504179,0.42293191,0.0353794,3.8603902,1.442046,3.7284789,1.3927706,11.902399,0.17891,0.297294,0.020939,0.102655,47.002601,0.248528,415.679135,131.137089
17180,62464.9545,1574290487.19,1.4306857,-0.92101086,81.972252,-52.770035,2.4417649,505.60255,7.5212536,1.2394195,0.89062834,-0.20813216,0.1058495,7.5212536,1.2394195,6.8013354,1.1207849,11.985252,0.15271,0.280917,0.074498,0.055974,31.385329,0.764953,694.51069,244.450743
17181,63222.2533,1639721100.68,3.7289518,-0.73901139,213.6532,-42.342234,1.7869923,271.40725,15.356766,1.1465153,0.84002388,0.14019245,0.0586712,15.356766,1.1465153,14.5056994,1.0829758,12.010514,0.14097,0.053091,0.010022,0.011608,26.155796,0.214516,878.222216,271.693146
17226,64448.9105,1745704287.85,4.9020519,-1.1868755,280.866885,-68.002957,2.9315776,258.12413,6.8706217,1.2926399,0.69083917,-0.030859865,0.0559084,6.8706217,1.2926399,6.5068348,1.224197,11.968248,0.1595,0.103108,0.026787,0.02095,50.398803,0.978028,260.511601,83.793205
17265,64298.5825,1732715945.76,1.2766549,-0.56461894,73.146938,-32.350282,2.4351506,63.76722,9.0735331,1.1414232,0.59360713,-0.36562854,0.014237,9.0735331,1.1414232,8.9461664,1.1254009,12.012043,0.14032,0.033384,0.011481,0.005906,30.142625,0.760676,70.252795,8.977035
17276,62976.8394,1618517343.97,3.6593266,0.49121514,209.66397,28.144554,1.0841301,261.71618,8.487524,1.2206291,0.94422501,-0.023589866,0.0566565,8.487524,1.2206291,8.0324341,1.1551806,11.993873,0.15029,0.354445,0.099599,0.068801,40.804222,0.467682,362.785277,120.464537
17320,61136.3079,1459495423.59,5.1984007,0.74578237,297.84642,42.730182,0.83563851,218.36029,15.326034,1.0707747,0.86708933,-0.18038422,0.0475764,15.326034,1.0707747,14.6299911,1.0221447,12.026814,0.13148,0.106285,0.056204,0.013498,25.040202,0.670704,234.578169,53.725638
17344,64247.9402,1728340454.6,6.0470352,0.35046985,346.469596,20.080443,0.3062128,929.55903,7.2420235,1.3038716,0.58224374,-0.1003371,0.1852383,7.2420235,1.3038716,6.1101837,1.1000924,11.964219,0.16094,0.036591,0.005207,0.008569,54.988259,0.953482,715.398523,235.622743
17373,62746.8232,1598643943.85,2.4484786,-0.81264114,140.28749,-46.560908,0.7267875,823.91822,11.651592,1.3214411,0.95356399,-0.23930368,0.1660716,11.651592,1.3214411,9.9921752,1.1332418,11.957729,0.16319,0.278169,0.084752,0.052138,56.081642,0.747313,905.268544,247.300336
17437,62663.8569,1591475650.87,3.4908659,0.079427716,200.011883,4.550873,2.8847897,919.34027,3.6095159,1.2085477,0.58872974,0.43855977,0.1834002,3.6095159,1.2085477,3.0501228,1.0212502,11.994568,0.14879,0.184397,0.031362,0.053978,55.630464,0.967207,741.85083,245.36484
17441,64097.4846,1715341087.19,5.2749147,-0.19722529,302.23035,-11.300177,3.0027514,554.69925,6.6238265,1.5456947,0.96410805,-0.47394919,0.1154063,6.6238265,1.5456947,5.9384875,1.3857683,11.833957,0.19288,0.356584,0.03839,0.092419,58.420907,0.990377,469.684176,109.793333
17507,62439.4743,1572089000.3,0.1222231,-0.30841354,7.002868,-17.670794,2.253238,79.154293,9.0923395,1.0741392,0.84891194,-0.014003207,0.0176276,9.0923395,1.0741392,8.9348396,1.0555327,12.026049,0.1319,0.231358,0.099484,0.03555,51.365896,0.63069,100.448356,31.000349
17544,63412.7664,1656181436.25,6.1438024,-0.99017329,352.013948,-56.732751,0.90078535,353.07082,12.314989,1.6140814,0.98123288,0.30746982,0.0754409,12.314989,1.6140814,11.4511067,1.5008554,11.777951,0.20237,0.264267,0.04247,0.059817,24.739533,0.620995,485.114846,95.239944
17554,64474.6611,1747929140.46,5.1921931,0.25070933,297.490751,14.364586,2.4779045,280.45644,13.834208,1.5214697,0.97345197,-0.01093648,0.0605476,13.834208,1.5214697,13.0444012,1.4346077,11.852716,0.18956,0.227727,0.049474,0.048048,42.514005,0.787726,268.36644,85.047967
17570,63948.5445,1702472664.99,4.6905092,0.41189114,268.746381,23.599624,2.1633004,154.24255,3.7746737,1.3208758,0.45875517,-0.20401657,0.0339388,3.7746737,1.3208758,3.6507708,1.2775183,11.95794,0.16312,0.093974,0.011985,0.029569,15.188721,0.55844,440.492256,137.516835
17572,62707.9621,1595286345.79,3.7570833,-0.78686612,215.265016,-45.084108,2.6362301,522.6278,8.500493,1.1100771,0.53397864,-0.2963047,0.1091756,8.500493,1.1100771,7.6637936,1.0008128,12.019133,0.13639,0.031456,0.013397,0.00487,45.513481,0.874999,394.978534,134.657741
17579,61225.7772,1467225571.58,2.7848764,0.26875578,159.561664,15.398572,1.873404,508.07734,4.758029,1.1935132,0.3300423,-0.17963764,0.1063338,4.758029,1.1935132,4.3007173,1.0788003,11.998766,0.14689,0.05328,0.017669,0.010686,65.110184,0.29801,897.130016,253.108426
17587,64214.5606,1725456457.99,0.71141104,0.35744292,40.76085,20.479971,2.5909998,290.79705,5.3542185,1.3466285,0.65116078,0.12588699,0.0626861,5.3542185,1.3466285,5.038382,1.2671931,11.949064,0.16642,0.114977,0.019928,0.02856,73.918945,0.852214,266.594239,51.611941
17598,63048.9772,1624750049.4,4.5695914,-0.27343382,261.818301,-15.666604,1.9287118,270.26094,3.8000255,1.1944159,0.91067398,0.31964827,0.0584332,3.8000255,1.1944159,3.5902366,1.1284755,11.998601,0.147,0.39756,0.055693,0.116491,27.101389,0.350323,584.187602,211.135404
17684,63432.8076,1657912990.39,1.43397,0.071107244,82.160429,4.074145,2.6162412,781.73946,17.484209,1.582764,0.97520268,0.2099673,0.1583134,17.484209,1.582764,15.0945403,1.3664384,11.805692,0.19798,0.132262,0.013821,0.031924,60.956466,0.865148,1344.53646,519.702622
17707,61418.9402,1483914849.73,1.8687509,-0.86501363,107.07154,-49.56163,0.95227701,545.34336,4.9805932,1.3459686,0.71095371,-0.16806182,0.1135933,4.9805932,1.3459686,4.4725422,1.2086716,11.94929,0.16634,0.163687,0.025792,0.043053,34.094246,0.579829,574.780542,191.959978
17725,62007.6403,1534778544.08,1.2531199,-0.022093183,71.798481,-1.265846,2.2476078,178.13806,5.6277037,1.2636627,0.79240966,0.093911283,0.0390514,5.6277037,1.2636627,5.4161936,1.2161695,11.978218,0.15579,0.224987,0.047695,0.050751,62.394611,0.626311,217.270659,52.968402
17749,61278.3754,1471770053.88,2.4609479,0.16612831,141.001928,9.518451,2.9617255,671.33675,9.6202641,1.4810482,0.95864922,0.36078283,0.1377008,9.6202641,1.4810482,8.455882,1.3017905,11.879616,0.18411,0.289297,0.054821,0.063402,69.688975,0.983867,572.190456,166.216581
17766,63140.5798,1632664516.79,0.54317225,1.453637,31.121477,83.287265,2.0553846,535.8394,17.540201,1.3565873,0.9516663,-0.46625656,0.1117478,17.540201,1.3565873,15.7771406,1.2202294,11.943724,0.16773,0.129199,0.036084,0.025098,47.872807,0.465844,859.495832,308.547663
17772,61866.225,1522560261.29,1.6115027,-0.53751156,92.332303,-30.797144,2.5089531,719.31527,4.8691158,1.1877642,0.3327007,-0.070737116,0.1467145,4.8691158,1.1877642,4.2461448,1.0357977,11.999936,0.14617,0.05177,0.017907,0.010026,65.939624,0.80647,642.862985,178.155253
17786,64161.298,1720854568.9,0.40213085,-0.22246546,23.040401,-12.746332,2.2137873,408.95988,10.185374,1.1207991,0.66022676,-0.27398449,0.0867149,10.185374,1.1207991,9.3726273,1.0313644,12.016364,0.13774,0.041928,0.016171,0.006943,52.350757,0.599592,526.531327,164.307515
17793,64393.6099,1740926317.04,5.434065,0.84926591,311.34899,48.659352,2.6600201,644.90131,12.157972,1.50049,0.95044971,-0.36173695,0.1326963,12.157972,1.50049,10.7336554,1.3247063,11.866377,0.18673,0.195278,0.039989,0.041868,16.942963,0.886268,670.773122,206.184643
17849,62660.9994,1591228763.58,5.0366305,-1.0930395,288.577671,-62.62655,2.2064928,513.62085,6.8820148,1.4495941,0.78441489,-0.2681475,0.1074176,6.8820148,1.4495941,6.2144711,1.3089859,11.897852,0.17992,0.123177,0.016988,0.029807,68.802101,0.593738,675.510262,212.487068
17900,63774.3123,1687419004.33,3.7025996,-0.14040695,212.14333,-8.044726,1.9649247,352.10648,7.060164,1.1963125,0.81774735,0.37115943,0.075245,7.060164,1.1963125,6.5660979,1.1125953,11.998255,0.14724,0.222145,0.065607,0.04252,46.663866,0.384004,466.099269,114.349822
17906,61389.8891,1481404838.86,4.4582444,0.25654127,255.438588,14.698732,0.20599624,603.4631,4.5512953,1.2614182,0.47521737,0.28499407,0.1247953,4.5512953,1.2614182,4.0463321,1.1214647,11.978934,0.1555,0.088448,0.019338,0.021889,46.994594,0.978858,758.836199,268.725584
17913,63246.4961,1641815677.12,6.1136331,-0.1303356,350.285374,-7.46768,1.297162,204.31899,8.8277941,1.6193366,0.89825511,0.23652898,0.0446117,8.8277941,1.6193366,8.4507898,1.5501804,11.772669,0.20312,0.134917,0.00756,0.034844,38.737344,0.270232,348.366339,88.46093
17918,61659.4772,1504697250.79,2.4265036,0.17116261,139.028415,9.806895,1.2137799,469.63619,6.2537045,1.2696403,0.67221296,-0.28171089,0.0987798,6.2537045,1.2696403,5.6914994,1.1555002,11.976228,0.15655,0.118348,0.030852,0.024343,36.078417,0.34948,559.759379,171.281986
17924,64400.7249,1741541050.91,6.0340801,0.37863561,345.727323,21.694222,2.5358329,227.31162,9.7369289,1.1347083,0.89421046,-0.017631529,0.0494602,9.7369289,1.1347083,9.2780351,1.0812304,12.013797,0.13948,0.258006,0.10059,0.042435,35.52828,0.82207,234.036157,41.012263
17925,63374.8336,1652904041.87,2.0375351,0.45475782,116.742162,26.055704,2.0880006,974.88429,20.073826,1.3674796,0.96306479,-0.37577215,0.1933514,20.073826,1.3674796,16.8213871,1.1459153,11.938644,0.16915,0.113132,0.023885,0.024055,21.683452,0.494452,1267.032538,456.252762
17930,62847.433,1607336629.9,5.8837574,-1.1711659,337.114467,-67.102863,0.41200367,911.39985,7.586246,1.3146762,0.75632095,-0.4981916,0.1819696,7.586246,1.3146762,6.4183088,1.1122758,11.960259,0.16232,0.119183,0.030473,0.024136,45.506138,0.91632,696.408931,222.757777
17931,64296.971,1732576711.79,5.9791367,0.47101677,342.579298,26.987273,1.9425555,199.64445,6.8349762,1.245672,0.63063812,0.3421312,0.0436221,6.8349762,1.245672,6.549283,1.1936045,11.984067,0.1535,0.083709,0.025661,0.01587,35.606497,0.363255,358.940239,76.108181
17953,62294.9177,1559599307.58,5.4686958,-0.90289578,313.333189,-51.732118,2.2797153,480.32835,9.2535791,1.2591853,0.71634734,-0.16533427,0.1008877,9.2535791,1.2591853,8.4055612,1.1437909,11.979654,0.15522,0.060344,0.017139,0.011656,34.88,0.651014,642.32093,148.839095
17969,64131.8105,1718306845.13,0.55231575,0.26634532,31.645361,15.260463,2.7517165,891.9745,4.4084086,1.3591788,0.38455272,0.14893228,0.1784613,4.4084086,1.3591788,3.7408174,1.1533504,11.942316,0.16807,0.039491,0.002066,0.012613,21.438261,0.924956,714.663845,233.44068
17970,61963.5539,1530969473.87,1.2466986,-0.58789118,71.430568,-33.683683,2.6368024,238.20296,6.5547585,1.1414496,0.87774748,0.18661322,0.0517459,6.5547585,1.1414496,6.2322646,1.0852903,12.012035,0.14033,0.312726,0.087409,0.061327,26.962047,0.875276,398.861817,203.659875
17982,63529.1384,1666235976.9,0.208354,-0.61751652,11.937805,-35.38109,2.3094773,264.91325,10.379898,1.1188086,0.64558893,-0.25034466,0.0573218,10.379898,1.1188086,9.8171611,1.0581534,12.016882,0.13749,0.031834,0.008587,0.006266,52.692134,0.673313,300.208325,73.417321
17999,62203.3694,1551689534.53,3.6169382,1.1554651,207.235294,66.203274,2.6256737,532.9832,6.8709288,1.5084468,0.76562399,-0.46799448,0.1111924,6.8709288,1.5084468,6.1833838,1.3575029,11.861416,0.1878,0.090837,0.00535,0.024287,72.111435,0.86984,493.956386,173.98649
18000,62049.0003,1538352043.92,1.5293225,0.29823088,87.623725,17.087371,0.73116819,825.89443,18.365026,1.366775,0.95232886,0.0026358925,0.1664336,18.365026,1.366775,15.7445961,1.1717555,11.938915,0.16906,0.111292,0.024961,0.023269,39.285011,0.744395,1349.684321,472.313129
18011,63648.9004,1676583413.48,1.5367425,0.36317254,88.048859,20.808254,0.59314659,271.35338,2.488348,1.3403127,0.76327527,-0.43668932,0.05866,2.488348,1.3403127,2.3504695,1.2660464,11.950684,0.16562,0.278884,0.013099,0.108741,65.503645,0.829186,323.130431,111.67957
18017,62715.5071,1595938232.24,3.2569786,0.23294217,186.611128,13.346603,2.2934973,242.50238,7.1781545,1.3973868,0.94384485,-0.4172397,0.0526462,7.1781545,1.3973868,6.8191521,1.327499,11.926069,0.17303,0.337292,0.05899,0.076798,68.949628,0.661413,324.790855,82.898251
18023,62788.0673,1602207434.18,2.9749428,0.29152906,170.451667,16.703385,0.12813675,520.99778,10.288454,1.1989812,0.89421046,-0.017631529,0.1088577,10.288454,1.1989812,9.2784256,1.081276,11.997751,0.14758,0.225627,0.083295,0.038369,19.179697,0.991802,421.120029,151.032694
18042,64049.2001,1711169305.51,1.2405621,0.1825468,71.078973,10.459161,0.93523789,200.37523,10.733329,1.7057424,0.97550076,-0.34069803,0.0437769,10.733329,1.7057424,10.2831643,1.6342022,11.681086,0.21564,0.236656,0.021662,0.0582,50.431117,0.593627,232.983966,54.207883
18076,61520.8791,1492722369.45,4.6689395,0.0085742504,267.510528,0.491268,1.4250237,495.97623,6.3410678,1.3266662,0.88309503,0.097435243,0.1039631,6.3410678,1.3266662,5.7439126,1.2017305,11.955799,0.16386,0.279499,0.05354,0.063315,46.06015,0.145257,845.727621,279.568093
18088,63819.1252,1691290838.18,2.8371775,0.34797384,162.558296,19.937432,1.2966098,465.10574,19.483395,1.2029229,0.93186206,0.34763265,0.097885,19.483395,1.2029229,17.7462983,1.0956729,11.996822,0.14807,0.093318,0.02719,0.017824,55.813269,0.270764,680.318577,235.477403
18092,62113.3432,1543911272.26,1.5028794,1.3343313,86.108647,76.451552,0.4813209,409.25947,11.670731,1.3276782,0.96722817,-0.040949211,0.0867749,11.670731,1.3276782,10.7388666,1.221668,11.955421,0.16399,0.319762,0.094417,0.060744,39.642318,0.886384,418.413832,110.931254
18128,62737.2804,1597819440.99,2.7500388,-0.0037399213,157.565617,-0.214282,0.53671527,722.64696,6.0874729,1.4177395,0.69837338,0.051066875,0.1473372,6.0874729,1.4177395,5.3057401,1.2356782,11.914971,0.17571,0.0971,0.012694,0.024496,46.548165,0.859393,860.002581,318.083154
18139,61293.5385,1473080146.24,3.2968944,-0.50972014,188.898135,-29.204813,0.63986036,309.81035,7.4847651,1.6278808,0.93318409,-0.21759877,0.0666027,7.4847651,1.6278808,7.0173882,1.5262298,11.765175,0.20433,0.232253,0.019071,0.060389,56.580452,0.802179,307.887395,76.754708
18144,62991.7615,1619806607.77,5.2869005,0.77166827,302.917085,44.213335,1.9814936,846.9828,10.476958,1.2713628,0.90445727,0.28791937,0.170288,10.476958,1.2713628,8.9524613,1.0863675,11.975638,0.15677,0.215519,0.07042,0.039118,33.058716,0.399249,1168.555388,342.776195
18153,62115.0836,1544061639.27,3.1057097,-0.29152544,177.944058,-16.703177,0.82064867,430.92748,7.6944156,1.3824,0.71797907,0.041631527,0.0911034,7.6944156,1.3824,7.0519579,1.2669743,11.931651,0.17109,0.070477,0.011178,0.016187,24.614113,0.681747,822.926904,284.185881
18155,64177.3139,1722238341.57,2.2450654,0.045796703,128.632772,2.623958,2.6578573,242.72185,10.474319,1.3088387,0.86857593,-0.46217752,0.0526921,10.474319,1.3088387,9.9500307,1.2433252,11.962409,0.16157,0.149885,0.046033,0.028001,61.449723,0.885264,221.830916,37.220136
18177,63675.1008,1678847130.15,5.6921001,-0.67927709,326.133312,-38.91971,2.4413257,881.27485,8.6355152,1.5379611,0.87140375,-0.1274775,0.1765237,8.6355152,1.5379611,7.3398567,1.307208,11.840774,0.19181,0.131068,0.014075,0.031907,68.817461,0.76467,967.495285,340.921779
18180,63480.7804,1662057843.19,3.4313131,0.34735817,196.599759,19.902157,1.4054817,280.38769,4.115293,1.3049194,0.27784631,-0.41178986,0.0605333,4.115293,1.3049194,3.8803995,1.2304369,11.963838,0.16107,0.034715,0.00416,0.010463,64.522794,0.164563,800.41843,243.797274
18202,61928.227,1527917230.88,3.8483439,-1.172819,220.493864,-67.197579,2.6419604,845.14622,11.387955,1.7711629,0.97337389,-0.19296545,0.1699529,11.387955,1.7711629,9.7336865,1.5138754,11.592927,0.22561,0.1827,0.005561,0.047914,66.64108,0.877759,829.347293,285.962438
18207,62734.6211,1597589685.29,0.47251557,1.1655953,27.073148,66.783691,1.4350434,201.50325,13.175838,1.1666766,0.84998935,0.093688503,0.0440158,13.175838,1.1666766,12.6203441,1.1174895,12.005978,0.1435,0.103035,0.04483,0.015688,65.119132,0.135336,335.200388,73.608343
18222,64076.9327,1713565402.73,1.3034075,0.049530193,74.679749,2.837871,2.7817241,445.296,7.6604567,1.1795524,0.63942295,0.37127495,0.0939612,7.6604567,1.1795524,7.002494,1.0782397,12.002238,0.14513,0.080992,0.031859,0.013285,36.327469,0.935943,435.210894,132.919399
18226,63887.3141,1697182358.44,6.1575742,0.26147007,352.803014,14.981131,0.34553728,207.70984,6.1669321,1.5240843,0.92632931,0.33625087,0.0453288,6.1669321,1.5240843,5.8995143,1.4579952,11.850785,0.18992,0.29171,0.030626,0.07778,42.607178,0.940894,188.293847,61.941004
18227,62288.9755,1559085900.62,3.5864341,-0.42580692,205.487537,-24.396939,2.6958746,765.33065,12.020634,1.3198944,0.88713211,-0.22038148,0.1552783,12.020634,1.3198944,10.4049684,1.1424905,11.958307,0.16299,0.132737,0.041027,0.02472,22.961238,0.902301,654.86274,164.753235
18231,63490.8271,1662925878.97,3.6730894,0.43480284,210.45252,24.912368,0.37818556,380.23332,18.478924,1.2470658,0.97024268,-0.10081727,0.08094,18.478924,1.2470658,17.0952351,1.1536864,11.983817,0.15367,0.216789,0.09338,0.033263,38.928365,0.929336,339.139648,72.27162
18234,63405.8703,1655585616.11,5.7130093,1.5324631,327.331321,87.803668,1.5632227,148.62031,12.251587,1.4214939,0.86811423,-0.079852007,0.0327306,12.251587,1.4214939,11.8632946,1.3764422,11.912467,0.17622,0.07083,0.006396,0.017369,30.922111,0.007574,846.870707,276.602484
18273,63236.1652,1640923094.25,0.93005208,-0.38459071,53.288059,-22.035425,0.80223867,364.04539,4.1072164,1.3799869,0.36902869,-0.090990841,0.0776674,4.1072164,1.3799869,3.8112098,1.2805314,11.933047,0.17078,0.039483,0.000204,0.01388,48.002339,0.695099,512.764913,181.183769
18274,63331.3366,1649145900.37,2.7430238,0.56351862,157.163687,32.287239,1.9675811,345.33542,12.050462,1.4142033,0.86594164,-0.26594022,0.0738679,12.050462,1.4142033,11.2215498,1.3169248,11.916789,0.17525,0.074952,0.008997,0.01778,49.034075,0.386455,807.902159,244.738086
18301,61610.7207,1500484688.76,1.8527501,-0.033717989,106.154761,-1.931898,2.3449967,128.15106,8.9216137,1.0655267,0.98024255,-0.17146637,0.0283141,8.9216137,1.0655267,8.6759616,1.036188,12.028148,0.13082,0.475276,0.163085,0.084162,63.351039,0.699145,160.979363,35.100275
18309,63084.9179,1627855322.48,0.74798492,0.64355552,42.856379,36.873015,0.68549558,545.5004,12.126855,1.5829309,0.92992079,-0.12546532,0.1136238,12.126855,1.5829309,10.8895436,1.4214234,11.805534,0.19801,0.117056,0.009191,0.02909,25.011799,0.774105,574.415421,143.270177
18315,62711.5602,1595597215.19,2.4589333,0.042778478,140.8865,2.451026,3.0041443,649.25818,7.6420908,1.2529875,0.62368947,-0.085489191,0.133523,7.6420908,1.2529875,6.7418928,1.1053922,11.981886,0.15443,0.055201,0.016082,0.010605,62.691817,0.990569,790.522129,251.311507
18327,61803.987,1517182893.4,2.8958723,0.89531029,165.921261,51.297501,1.9999226,495.90011,3.5755792,1.2576791,0.46023875,0.19447501,0.1039482,3.5755792,1.2576791,3.2389012,1.1392555,11.980157,0.15503,0.119711,0.019183,0.036345,38.351749,0.416076,749.579978,230.031787
18369,62643.512,1589717858.35,3.5242945,-0.54814841,201.927201,-31.40659,1.1439183,286.58496,2.1730154,1.1061808,0.71328497,0.40506226,0.0618157,2.1730154,1.1061808,2.046509,1.0417823,12.019803,0.1359,0.307131,0.031008,0.111965,19.813003,0.414031,377.509037,121.728487
18391,61706.4927,1508759387.12,6.0601932,-0.44079261,347.223493,-25.255556,0.50931663,275.24851,18.61013,1.6103374,0.98535407,-0.16796951,0.0594683,18.61013,1.6103374,17.5655381,1.5199487,11.781674,0.20184,0.154396,0.019186,0.036444,28.660019,0.873078,256.349124,53.872715
18409,64355.4741,1737631382.59,3.0494618,0.11196498,174.721291,6.415121,2.6621881,721.65015,13.054714,1.6138464,0.95938581,-0.3071034,0.1471509,13.054714,1.6138464,11.380119,1.4068301,11.77819,0.20234,0.157524,0.018272,0.037544,58.531645,0.88727,557.947711,128.883742
18426,61455.5578,1487078612.38,3.3415099,-0.042585642,191.454414,-2.439978,0.6660738,428.81127,7.2419572,1.356699,0.95826942,0.46346611,0.0906817,7.2419572,1.356699,6.6398447,1.2439,11.943661,0.16774,0.379703,0.071219,0.084626,29.949385,0.786254,518.589205,131.420084
18449,62985.1106,1619231978.13,3.4132243,0.52947463,195.563347,30.336662,2.1743606,413.6243,3.7426109,1.5215504,0.72663838,0.48315454,0.0876487,3.7426109,1.5215504,3.4410107,1.3989355,11.852663,0.18957,0.162907,0.002925,0.061361,37.834235,0.567581,778.082744,263.513523
18451,61358.2219,1478668787.99,0.14779255,-1.2130815,8.467889,-69.50445,0.95822496,375.33486,3.7017231,1.5322917,0.79371887,-0.39737612,0.0799511,3.7017231,1.5322917,3.4276765,1.4188528,11.845264,0.19103,0.209783,0.005255,0.078913,23.127611,0.574973,540.738639,160.074723
18462,62131.5896,1545487760.48,5.6199771,-0.71282426,322.000969,-40.841822,1.4210956,291.24423,5.5312495,1.2756743,0.72199422,-0.2412978,0.0627784,5.5312495,1.2756743,5.204518,1.2003201,11.974156,0.15732,0.172192,0.037303,0.038996,69.006506,0.149142,830.838314,250.860944
18486,61044.3014,1451546058.0,0.2480054,0.43948759,14.209663,25.180784,2.8205678,347.64424,15.718366,1.5952357,0.98634738,0.013301091,0.0743377,15.718366,1.5952357,14.6307492,1.4848549,11.795165,0.19972,0.227598,0.043204,0.049701,18.888533,0.948913,335.689001,92.547187
18499,62336.7401,1563212761.52,0.71698713,-0.8095087,41.080337,-46.381432,0.61503408,433.882,8.2104635,1.3433224,0.88692385,-0.083863638,0.0916919,8.2104635,1.3433224,7.5208615,1.2304959,11.95,0.166,0.227351,0.053956,0.047001,16.902845,0.816754,378.144476,88.513991
18500,61172.1032,1462588135.65,5.8035707,-1.3620899,332.520107,-78.042003,2.4789252,627.0482,5.9461727,1.1413507,0.46144307,-0.4375332,0.1293008,5.9461727,1.1413507,5.2653577,1.0106702,12.012064,0.14031,0.067805,0.028317,0.010872,68.668145,0.788354,737.790368,262.231862
18562,61901.8765,1525640547.51,3.4037634,0.97183424,195.021277,55.682,2.52787,240.27609,4.7933574,1.693406,0.97901827,-0.36003074,0.0521801,4.7933574,1.693406,4.5556433,1.6094259,11.695868,0.21381,0.396804,0.011022,0.139768,55.088764,0.81751,244.701645,54.093217
18595,62448.4029,1572860425.25,4.8285966,0.31507662,276.658206,18.052561,1.453755,167.27733,17.530817,1.2124356,0.9299224,0.48410103,0.0367322,17.530817,1.2124356,16.9096866,1.1694781,11.992539,0.1493,0.122758,0.048532,0.020006,40.818795,0.116774,838.734107,293.779955
18596,62005.3595,1534581476.15,3.890315,-0.94572657,222.89863,-54.186141,3.0954588,475.60234,17.766716,1.5655292,0.97423869,0.45635197,0.0999566,17.766716,1.5655292,16.1521965,1.4232645,11.819718,0.19559,0.128941,0.014093,0.030956,25.092605,0.998936,378.932262,119.915633
18616,63841.7692,1693247273.27,6.0012764,0.42425875,343.847809,24.308236,2.2436955,455.10236,8.8376856,1.2175533,0.70454985,-0.060149282,0.0959059,8.8376856,1.2175533,8.064274,1.1110017,11.991997,0.14993,0.07472,0.026801,0.012929,60.241603,0.623256,749.55708,248.542785
18620,62887.0331,1610758079.29,4.8602782,1.0429453,278.473428,59.756364,2.7394136,801.40064,5.029871,1.2401767,0.30790409,-0.17251106,0.1619376,5.029871,1.2401767,4.328865,1.067335,11.984961,0.15281,0.029342,0.007636,0.006459,31.840004,0.92021,813.933826,243.607825
18639,61434.8697,1485291162.95,0.45308986,0.62109982,25.960137,35.586398,0.95375452,411.30009,7.3102226,1.2372466,0.59903163,-0.31814578,0.0871836,7.3102226,1.2372466,6.7240003,1.1380292,11.98658,0.15243,0.057091,0.018012,0.010614,29.483003,0.578625,654.034476,215.663489
18645,62672.4946,1592221954.65,0.68346772,-0.32342995,39.159816,-18.531171,0.94664019,621.76262,12.026505,1.2214823,0.8674596,0.20662852,0.1282931,12.026505,1.2214823,10.6590259,1.0825931,11.994541,0.15038,0.135837,0.0536,0.022166,49.681587,0.584413,723.610347,234.094996
18648,63674.1804,1678767608.32,4.5285088,-0.8562357,259.464442,-49.058692,2.7247785,963.84079,9.5929012,1.3528286,0.77022207,-0.015266974,0.1913805,9.5929012,1.3528286,8.0519204,1.1355134,11.945913,0.16723,0.063174,0.010789,0.014138,16.82356,0.914383,1010.072503,339.01822
18665,62637.6185,1589208660.23,3.2060668,-0.82378051,183.694096,-47.199146,2.9370947,430.92771,4.1948481,1.2411698,0.1207579,0.060878444,0.0911035,4.1948481,1.2411698,3.8445923,1.1375363,11.984681,0.15293,0.016725,0.003174,0.004459,37.4051,0.979163,370.030824,125.966269
18776,61136.7547,1459534028.35,1.1883975,-1.1369678,68.090161,-65.143456,2.1315353,187.91744,5.5733113,1.6896472,0.90275341,-0.20748048,0.0411334,5.5733113,1.6896472,5.3531195,1.6228922,11.70143,0.21323,0.213525,0.00263,0.070387,52.943772,0.531812,258.553134,50.080418
18787,61181.7126,1463418385.63,0.27512993,0.6470035,15.763784,37.07057,2.2274367,190.12396,5.1307206,1.2018012,0.60307622,-0.33646294,0.0416023,5.1307206,1.2018012,4.9257963,1.1538005,11.997123,0.14793,0.138473,0.036712,0.029602,57.183532,0.610459,275.41214,62.50196
18798,63621.9606,1674255811.56,3.8340505,-0.030394403,219.674912,-1.741471,2.2696401,318.39979,3.3733459,1.3447347,0.7855292,0.091507673,0.0683655,3.3733459,1.3447347,3.1574829,1.2586841,11.949652,0.16618,0.268397,0.023103,0.093443,60.299073,0.643333,462.99273,166.469279
18801,63904.4599,1698663751.57,2.9834641,0.25001337,170.939901,14.324711,2.2800908,688.17358,4.8912406,1.2934588,0.62662709,0.009046698,0.140874,4.8912406,1.2934588,4.287275,1.1337438,11.967958,0.1596,0.13324,0.025692,0.033176,51.104022,0.651299,548.012451,176.333541
18802,63433.8014,1657998858.63,2.0044026,0.49747572,114.843809,28.503259,2.2375115,329.18938,4.7297931,1.2044704,0.8962869,0.33903891,0.0705743,4.7297931,1.2044704,4.4179963,1.1250694,11.99634,0.14827,0.362912,0.064264,0.090302,74.18695,0.618408,437.716901,104.747307
18813,63118.8834,1630789945.95,5.9702962,0.40829593,342.072775,23.393634,0.66933375,486.61782,11.124227,1.5033293,0.89478582,0.24877189,0.1021252,11.124227,1.5033293,10.0934332,1.3640277,11.865058,0.1871,0.107831,0.013541,0.025436,39.452572,0.784235,585.140155,152.980269
18815,61579.0761,1497750589.62,4.7564223,-0.14001843,272.522923,-8.022465,0.31182033,449.1559,9.4498577,1.3669225,0.88135129,-0.17845368,0.0947272,9.4498577,1.3669225,8.6321575,1.2486421,11.938858,0.16908,0.177052,0.044499,0.035789,67.347998,0.951777,521.59246,186.682412
18830,62476.9016,1575322716.85,5.7794558,0.73567377,331.138425,42.151002,0.96753143,626.34975,16.801836,1.5272278,0.96996498,0.19657196,0.1291677,16.801836,1.5272278,14.8798411,1.3525252,11.848298,0.19035,0.145098,0.024855,0.03241,73.684201,0.567334,1232.867777,582.919063
18857,61934.4653,1528456224.11,5.5840162,1.2374538,319.940561,70.90088,0.71886439,473.82007,3.6007566,1.2765064,0.32685608,0.4871552,0.0996053,3.6007566,1.2765064,3.2745902,1.160877,11.973871,0.15743,0.070892,0.011284,0.021632,25.549071,0.752554,460.915781,139.042482
18878,62213.9467,1552603410.84,5.712573,-0.34721257,327.306323,-19.893815,0.40791731,806.60039,2.4998987,1.3368834,0.62799859,-0.076639093,0.1628938,2.4998987,1.3368834,2.1497223,1.1496178,11.951738,0.16518,0.205102,0.009808,0.079816,51.564504,0.917949,704.36498,204.159743
18890,64254.1828,1728879815.64,3.5669926,0.57261004,204.373622,32.808139,2.4095666,338.66202,2.439425,1.1564608,-0.3074539,0.23806232,0.0725083,2.439425,1.1564608,2.2745046,1.0782768,12.007872,0.14222,0.024195,0.006823,0.006948,17.042166,0.743822,395.827388,110.634263
18899,63897.432,1698056541.53,3.4065628,0.082496593,195.181671,4.726707,0.65049658,665.65337,3.2034352,1.2558749,0.81514198,-0.39778656,0.1366272,3.2034352,1.2558749,2.8183692,1.1049136,11.980791,0.1548,0.315116,0.033152,0.106761,20.832669,0.795783,553.826942,187.891792
18905,62946.9133,1615931731.26,2.5363425,0.10820021,145.321721,6.199415,2.4123711,708.72331,11.429341,1.5697328,0.96062464,0.44651332,0.1447321,11.429341,1.5697328,9.9842929,1.3712665,11.816255,0.19618,0.218305,0.035705,0.049266,44.785582,0.745693,670.341588,175.910746
18933,62222.5968,1553350778.33,1.653913,-0.45832805,94.762235,-26.260263,0.44470142,831.19019,3.4819202,1.4218646,0.9868356,-0.43259737,0.167403,3.4819202,1.4218646,2.9826207,1.2179724,11.912231,0.17626,0.502247,0.030507,0.181204,48.20841,0.902739,672.878138,190.903071
18985,62450.7813,1573065923.35,6.1732574,-1.085768,353.701595,-62.209924,2.282345,248.63391,9.1226597,1.4842585,0.87237364,-0.44796652,0.0539283,9.1226597,1.4842585,8.6558636,1.4083107,11.877282,0.18454,0.136175,0.021221,0.031151,63.117394,0.653007,303.156608,50.744227
18996,62768.0025,1600473836.24,1.9403987,-0.64484347,111.176656,-36.946809,1.2522262,486.46175,7.921186,1.6647705,0.89158428,0.4216499,0.1020945,7.921186,1.6647705,7.1873927,1.5105515,11.727617,0.20963,0.134876,0.001901,0.037304,22.584877,0.313209,916.398678,320.496586
19017,61539.6706,1494345961.42,3.8977937,0.28178353,223.327128,16.145007,0.60989456,890.76381,3.2762103,1.2557751,0.54776996,0.019497519,0.1782423,3.2762103,1.2557751,2.7805914,1.0658038,11.980827,0.15478,0.165696,0.021911,0.053974,55.276008,0.819708,817.519953,231.227753
19066,61962.2544,1530857201.68,0.23621467,-0.15872938,13.534104,-9.094524,1.3854428,156.04327,2.2003,1.3660257,0.59973943,-0.21753685,0.0343254,2.2003,1.3660257,2.1272803,1.3206924,11.939209,0.16896,0.191968,0.003327,0.078478,18.372649,0.184294,371.705171,129.068129
19072,62447.6843,1572798341.44,0.53169817,0.66363294,30.464061,38.023367,0.81387748,341.83172,5.0054669,1.1496602,0.33296818,-0.47587574,0.0731543,5.0054669,1.1496602,4.6642563,1.0712906,12.009583,0.14137,0.056546,0.022433,0.009847,42.588116,0.686685,325.590348,101.347093
19086,61903.0788,1525744429.72,6.0926374,1.1505872,349.082409,65.923791,2.1329331,593.39839,12.004632,1.4270912,0.88565564,0.078377247,0.1228656,12.004632,1.4270912,10.6910673,1.2709368,11.91023,0.17694,0.097317,0.016967,0.021661,49.062107,0.532995,1069.59678,323.597371
19152,63471.16,1661226637.69,6.2803609,0.54697588,359.838173,31.339409,0.93282546,501.70073,3.9678755,1.1382737,0.0028344251,0.20886047,0.1050854,3.9678755,1.1382737,3.59056,1.0300323,12.012926,0.13993,0.024176,0.011909,0.003964,19.571667,0.595567,599.678599,168.026388
19169,63183.2093,1636347703.12,3.4356916,-0.13421714,196.850628,-7.690076,0.38159699,392.64227,2.5963368,1.1552174,0.5549944,0.075871535,0.0834397,2.5963368,1.1552174,2.3963833,1.0662498,12.008138,0.14207,0.218568,0.027742,0.075185,36.15806,0.928071,426.396319,135.476014
19182,61480.5175,1489235133.15,5.8901807,0.048347812,337.482495,2.770126,0.55352755,849.47465,10.13937,1.6557854,0.91916043,0.032288659,0.1707424,10.13937,1.6557854,8.6606324,1.4143037,11.737382,0.20832,0.120541,0.002428,0.032013,42.210646,0.850675,675.523372,215.146402
19183,62967.6697,1617725084.03,2.5078564,-1.0079247,143.689587,-57.749831,1.3056171,370.84693,7.6128821,1.2715183,0.55765963,-0.37624437,0.079044,7.6128821,1.2715183,7.0552098,1.1783748,11.975584,0.15679,0.02625,0.002016,0.006576,58.371673,0.262082,691.782948,201.61313
19203,64005.5052,1707394067.56,0.90313116,-0.048255891,51.745604,-2.764859,2.5594646,738.27772,13.17222,1.7264357,0.98123288,0.30746982,0.150253,13.17222,1.7264357,11.4515852,1.5009183,11.655004,0.21875,0.196321,0.015756,0.048697,17.103262,0.835295,692.012156,173.794406
19221,61937.8652,1528749967.75,2.1724195,1.0819204,124.470469,61.989473,2.9484211,767.29356,3.0112116,1.3098817,0.66720808,-0.11157548,0.1556419,3.0112116,1.3098817,2.6056616,1.1334668,11.962028,0.16171,0.216088,0.01857,0.077349,17.907382,0.9814,718.415118,224.27956
19229,62321.6946,1561912831.2,0.45694418,0.76204697,26.180973,43.662075,2.4051382,186.32558,10.297966,1.1942422,0.93407243,-0.48244053,0.0407949,10.297966,1.1942422,9.8943282,1.1474328,11.998632,0.14698,0.299344,0.104761,0.052454,20.280392,0.740855,191.113564,50.137838
19243,63205.7,1638290897.25,5.523372,0.14778917,316.465904,8.467696,1.2372353,429.15565,4.0180511,1.3921634,0.86312777,-0.44412765,0.0907504,4.0180511,1.3921634,3.6837495,1.2763355,11.927637,0.17236,0.304055,0.028033,0.099065,32.133444,0.32741,586.166124,199.818741
19259,63665.8443,1678047365.48,2.1860651,-0.80412459,125.252304,-46.072945,0.59386946,149.26017,4.5085845,1.4616551,0.94613278,0.26909342,0.0328682,4.5085845,1.4616551,4.3651112,1.415142,11.889875,0.18154,0.385333,0.032003,0.12249,50.855553,0.828782,233.31292,74.698859
19274,62059.4533,1539255184.4,3.7265002,1.390082,213.512734,79.645832,1.3210896,446.60021,10.752469,1.3805292,0.84244895,-0.42658883,0.0942201,10.752469,1.3805292,9.8266052,1.2616559,11.932732,0.17085,0.089519,0.018342,0.019193,25.908472,0.24712,1058.61228,316.025433
19314,62215.3142,1552721568.42,3.3217437,0.84041102,190.321895,48.152005,0.71656673,571.70487,12.948276,1.3178546,0.90647835,-0.47972012,0.118692,12.948276,1.3178546,11.574478,1.1780317,11.959072,0.16273,0.142072,0.045619,0.025998,28.697597,0.754065,818.035123,231.030153
19349,61896.7298,1525195873.67,3.327282,-0.17381845,190.639216,-9.959064,2.2546566,312.92748,6.0762563,1.1033736,0.65521234,0.0059470311,0.0672429,6.0762563,1.1033736,5.6934147,1.0338543,12.020221,0.13555,0.160018,0.057686,0.027965,58.716585,0.63179,425.02476,133.783425
19357,61828.3497,1519287833.41,5.0711812,-0.15207937,290.55728,-8.713506,2.554531,757.4846,16.321335,1.6033689,0.97774863,0.45185807,0.1538236,16.321335,1.6033689,14.1454341,1.3896136,11.787283,0.20087,0.16026,0.021971,0.037274,17.796468,0.832572,668.139342,216.212544
19367,63829.1742,1692159072.37,5.4671344,-0.20962669,313.243727,-12.010725,1.938303,743.34771,16.179604,1.3823221,0.96597904,-0.065002069,0.1511968,16.179604,1.3823221,14.0545942,1.2007696,11.931695,0.17108,0.196851,0.061903,0.036373,69.48486,0.35929,911.862517,347.532856
19368,61310.6612,1474559547.36,1.6118934,-1.0518853,92.354689,-60.268588,0.30489556,336.82145,2.558769,1.1728128,0.63885128,0.13281795,0.0721329,2.558769,1.1728128,2.3866156,1.0939062,12.004339,0.14428,0.25067,0.027738,0.088485,16.977667,0.953878,255.910534,68.112491
19370,63180.5885,1636121262.4,4.4289891,0.71305615,253.762383,40.855108,0.31475593,755.27914,11.085426,1.3678076,0.80769032,-0.18741365,0.1534142,11.085426,1.3678076,9.6109668,1.1858772,11.938519,0.16919,0.052968,0.003576,0.013317,32.701642,0.950872,874.02874,314.699964
19401,64258.9801,1729294298.58,5.8671475,0.012190235,336.16279,0.698449,3.0763797,733.30196,2.8301122,1.4403819,0.7375083,0.054164153,0.1493258,2.8301122,1.4403819,2.4624108,1.2532408,11.9028,0.1787,0.225208,0.006152,0.088821,32.743902,0.997874,588.844035,195.798786
19431,63712.623,1682089048.94,1.5302178,-0.22643895,87.675022,-12.973996,2.5192774,427.53411,6.2439895,1.1013114,0.74131614,0.23622692,0.0904271,6.2439895,1.1013114,5.7261871,1.0099817,12.020545,0.1353,0.209128,0.070249,0.037842,27.867405,0.812531,442.486297,158.56973
19432,62725.5197,1596803323.54,3.5383728,0.28409824,202.733828,16.27763,0.76297209,764.49473,14.674618,1.411894,0.89976621,-0.12498314,0.1551234,14.674618,1.411894,12.7039397,1.2222885,11.917701,0.17495,0.063826,0.000248,0.017137,33.614797,0.722785,1043.416134,364.252945
19467,61433.8334,1485201627.77,2.890876,0.041563642,165.634994,2.381421,0.8086798,280.39847,4.5429811,1.2862178,0.56392121,0.0093420101,0.0605356,4.5429811,1.2862178,4.2836669,1.2128002,11.970511,0.15867,0.117711,0.022125,0.030651,69.29548,0.690454,366.402076,94.634519
19470,64355.486,1737632409.92,2.818449,-0.69537416,161.485232,-39.842005,0.58835686,569.35433,4.9118977,1.426635,0.60025024,-0.15308797,0.1182386,4.9118977,1.426635,4.392531,1.2757877,11.910327,0.17688,0.081575,0.006233,0.024523,25.033462,0.831854,496.6792,152.634838
19474,63085.3579,1627893341.11,1.8247057,0.4501537,104.547935,25.791907,1.0790589,532.51192,7.7943854,1.5690854,0.94478321,-0.47870028,0.1111007,7.7943854,1.5690854,7.0150127,1.4121901,11.81684,0.19609,0.269955,0.032083,0.066061,54.00505,0.472158,692.881731,252.379928
19496,61470.7967,1488395256.9,2.8705644,-0.67731986,164.471225,-38.807569,1.0387971,308.28663,3.896543,1.1663167,-0.081111155,-0.27533212,0.0662895,3.896543,1.1663167,3.6543011,1.0938086,12.006057,0.14346,0.01063,0.005175,0.001807,17.699961,0.507257,465.796457,161.761359
19531,63732.6925,1683823052.94,3.7217005,1.291337,213.237731,73.98816,0.38563864,398.13174,5.2880659,1.3188515,0.50276428,-0.39520198,0.084543,5.2880659,1.3188515,4.8758471,1.2160435,11.958698,0.16286,0.058698,0.010616,0.014388,60.256984,0.926558,375.007956,83.622754
19533,62516.487,1578742891.31,2.1705563,-0.040129562,124.363715,-2.299255,1.2070287,561.88913,9.915617,1.5343555,0.8600626,0.13353746,0.116797,9.915617,1.5343555,8.8786207,1.3738893,11.843896,0.19131,0.083805,0.00323,0.021791,71.047449,0.355798,1074.705139,354.056085
19542,61912.5921,1526566375.77,2.1526595,0.80922031,123.338304,46.364908,2.337985,298.60504,5.0545936,1.5160758,0.96771258,0.22780739,0.0642969,5.0545936,1.5160758,4.7492327,1.4244858,11.85558,0.18884,0.408085,0.033243,0.124328,64.05206,0.694114,360.616807,65.887579
19552,64398.9925,1741391369.15,3.4460475,-0.080651393,197.443978,-4.620984,0.70038162,722.8835,7.5544991,1.2435365,0.97295034,0.2701959,0.1473814,7.5544991,1.2435365,6.5841222,1.083804,11.984309,0.15323,0.439299,0.101612,0.091565,61.814396,0.764596,709.403653,203.580377
19597,62622.058,1587864225.83,5.911556,0.33876941,338.707209,19.410057,2.2823288,678.3232,15.609844,1.356594,0.96012926,-0.17028651,0.1390189,15.609844,1.356594,13.7046403,1.1910198,11.94372,0.16773,0.197138,0.064807,0.035668,62.940846,0.652995,770.838412,205.825728
19619,62868.4816,1609155231.85,2.4182231,-0.68919806,138.553978,-39.48814,0.82862387,804.00921,8.757329,1.2222853,0.63998657,-0.28001869,0.1624174,8.757329,1.2222853,7.5337215,1.0515029,11.995165,0.15048,0.041946,0.01161,0.008186,52.42705,0.675891,961.64643,310.845769
19641,61277.2641,1471674040.2,4.9776484,-0.42290306,285.198245,-24.23056,2.8615813,333.59034,6.6676397,1.4824753,0.93077546,-0.2140854,0.0714734,6.6676397,1.4824753,6.2228701,1.3835857,11.878591,0.1843,0.299238,0.039583,0.074077,28.780094,0.961052,300.227899,97.358259
19665,63834.7104,1692637396.44,0.49358099,-1.2365616,28.280108,-70.849761,1.3630536,339.00573,5.5426483,1.1841896,0.67225194,0.15626866,0.0725784,5.5426483,1.1841896,5.1675929,1.1040588,12.000858,0.14572,0.16592,0.046172,0.033744,67.896914,0.206252,490.121006,121.43548
19704,62967.6053,1617719517.66,5.4305101,1.0291982,311.145309,58.968713,0.65466151,397.26867,16.992622,1.4349895,0.96478248,0.34987,0.0843696,16.992622,1.4349895,15.670507,1.3233398,11.905473,0.17799,0.155548,0.039392,0.031308,53.569397,0.793254,360.927257,95.515524
19712,62757.481,1599564778.06,3.6483588,-0.18674278,209.035561,-10.699573,2.5360705,738.8196,3.4004695,1.2627722,0.26692292,-0.35420042,0.1503539,3.4004695,1.2627722,2.9560203,1.097725,11.978503,0.15568,0.065687,0.010607,0.020409,53.301956,0.822205,826.237303,285.871851
19715,63238.9313,1641162082.26,4.294405,-0.9154814,246.051282,-52.45322,2.1628681,286.47371,5.7802105,1.614725,0.83208799,0.45904237,0.0617927,5.7802105,1.614725,5.4438219,1.5207535,11.777307,0.20247,0.148239,0.003067,0.046191,18.732004,0.558081,379.440943,106.305983
19740,64073.5353,1713271870.39,2.2627764,1.0208739,129.647538,58.491766,2.0962647,445.33872,4.6160984,1.3234459,0.83443147,0.13279408,0.0939697,4.6160984,1.3234459,4.2195853,1.2097647,11.956985,0.16345,0.276932,0.03889,0.076894,26.800063,0.501618,610.768861,178.19976
19749,61351.0054,1478045283.69,3.9672789,-1.2127139,227.308337,-69.483388,0.73945566,470.05938,9.9119263,1.1069949,0.88511086,0.43099827,0.0988633,9.9119263,1.1069949,9.020163,1.0074,12.019677,0.136,0.247954,0.103547,0.038926,26.529011,0.738835,565.89422,199.013389
19797,61759.3373,1513325161.77,3.5215429,0.34710425,201.769546,19.887609,0.82294203,342.92725,8.7902212,1.3482034,0.96618962,0.069291957,0.0733775,8.7902212,1.3482034,8.1893099,1.2560384,11.948416,0.16663,0.371811,0.083841,0.077858,39.083016,0.680067,424.749976,163.50454
19827,63970.5689,1704375572.25,3.6510235,-1.1959603,209.188237,-68.523478,2.1673515,371.11709,6.4753432,1.1333898,0.97562712,0.49194854,0.0790987,6.4753432,1.1333898,6.0006961,1.0503115,12.014071,0.13931,0.477314,0.115131,0.098622,41.05568,0.561796,538.186056,142.68405
19847,62766.7614,1600366606.16,5.1851753,-0.4022913,297.088661,-23.049594,1.7526701,256.04352,17.351679,1.178923,0.94628608,-0.32929945,0.0554748,17.351679,1.178923,16.4396912,1.1169599,12.002434,0.14505,0.179349,0.084563,0.025548,68.344456,0.180873,907.58964,287.622036
19849,61521.0473,1492736908.25,4.4009319,0.04781892,252.154824,2.739822,2.5848105,822.23053,4.3439608,1.4226876,0.98070323,0.30452296,0.1657624,4.3439608,1.4226876,3.7262832,1.2203924,11.911741,0.17637,0.474852,0.040905,0.151273,65.683795,0.84896,862.818001,260.35191
19852,63172.2381,1635399790.33,0.027950737,-0.27925743,1.601459,-16.000272,0.83744413,493.50064,3.7537453,1.5331129,0.97453392,0.20767395,0.1034773,3.7537453,1.5331129,3.4017421,1.389347,11.844753,0.19114,0.444082,0.019498,0.1631,72.193997,0.669364,569.446435,159.109995
19862,64110.5704,1716471699.9,3.5233033,0.87950441,201.870409,50.391891,0.37776385,470.30033,5.693222,1.2839568,0.38864863,0.16164686,0.0989109,5.693222,1.2839568,5.1807859,1.1683903,11.971301,0.15838,0.022109,0.001922,0.005787,39.5269,0.929492,450.747221,106.232811
19880,62445.7959,1572635180.33,1.8399065,-0.62623683,105.418877,-35.880727,2.4884175,404.42133,17.375051,1.2051201,0.98976117,0.47263393,0.0858053,17.375051,1.2051201,16.0019952,1.109886,11.99611,0.14835,0.370329,0.162425,0.056037,22.150518,0.794158,476.559703,155.535779
19889,62917.5835,1613397632.56,3.4174533,-0.34757113,195.805651,-19.914359,0.78875779,130.92758,6.7915797,1.0615467,0.40482321,0.23761509,0.0289148,6.7915797,1.0615467,6.6007212,1.0317149,12.029045,0.13032,0.043984,0.026017,0.004861,18.588825,0.704727,136.338739,31.621322
19896,62657.1419,1590895481.0,1.2179121,-0.27751376,69.781223,-15.900367,2.517658,434.67312,4.3922977,1.5283661,0.87984949,0.13658974,0.0918494,4.3922977,1.5283661,4.0228055,1.3997957,11.847527,0.1905,0.273677,0.015641,0.092805,16.598553,0.811586,468.409304,115.515822
19916,62652.4271,1590488120.09,1.333909,-0.61509299,76.427356,-35.242232,0.53723263,528.33641,5.1222959,1.4633821,0.77118737,-0.053240333,0.110288,5.1222959,1.4633821,4.6134841,1.3180203,11.888937,0.18177,0.166013,0.015949,0.048375,18.253241,0.859128,441.290093,139.613541
19956,64455.2092,1746248489.02,3.9044231,-0.4105357,223.706965,-23.521963,1.2562945,366.8059,15.546783,1.2347502,0.87630194,-0.16040809,0.0782264,15.546783,1.2347502,14.4188485,1.1451678,11.989206,0.15209,0.065695,0.012954,0.014215,47.949718,0.309343,732.594475,278.657266
19957,64380.2436,1739771462.08,1.1871701,-0.28085005,68.019836,-16.091523,2.5876776,620.92509,3.6539602,1.285249,0.46023875,0.19447501,0.1281333,3.6539602,1.285249,3.2389437,1.1392705,11.97085,0.15855,0.108997,0.016085,0.033592,49.970721,0.850472,554.006173,172.828359
19958,62496.1717,1576987655.02,1.1846115,0.23590125,67.873239,13.516146,0.46547741,524.159,8.4429846,1.4174713,0.90226775,0.14064966,0.1094741,8.4429846,1.4174713,7.6098977,1.2776065,11.915134,0.17568,0.220888,0.044643,0.047844,51.618432,0.893607,558.185995,157.383736
19961,61932.2011,1528260592.4,2.8775787,0.36059919,164.873115,20.660812,2.195623,625.67612,14.48072,1.5269911,0.95176953,0.12231912,0.1290393,14.48072,1.5269911,12.8257004,1.3524694,11.848472,0.19032,0.134305,0.020783,0.030599,24.165327,0.584957,1068.622146,390.059698
19962,63907.668,1698940931.47,3.0613381,0.8068653,175.401753,46.229976,0.8142966,938.38908,10.222659,1.2657573,0.85942429,0.25910303,0.1868239,10.222659,1.2657573,8.6134592,1.0665081,11.977536,0.15606,0.15812,0.053204,0.028287,29.375106,0.68638,986.216856,286.026167
19972,61795.1077,1516415724.1,2.3712918,-0.28899221,135.865012,-16.558034,0.78933312,862.39563,11.894201,1.3220606,0.87895769,0.19054256,0.1730955,11.894201,1.3220606,10.1391581,1.1269846,11.957498,0.16327,0.12336,0.037159,0.023236,62.221065,0.704319,968.989203,332.294436
20017,62416.9913,1570146462.52,1.1693797,-0.64879424,67.000521,-37.173172,1.3036176,733.76629,7.0018024,1.221091,0.74746746,0.26788509,0.1494123,7.0018024,1.221091,6.0916367,1.0623611,11.994233,0.15034,0.157764,0.047913,0.029903,35.053518,0.264011,1113.770982,310.827553
20022,61774.1193,1514602328.51,4.7201085,1.2148283,270.442296,69.604534,2.9988626,585.44257,14.533204,1.5677456,0.96314865,0.33090451,0.1213373,14.533204,1.5677456,12.9605998,1.3981035,11.818,0.1959,0.153414,0.022947,0.035167,59.554247,0.989831,441.607701,116.581144
20029,61230.8421,1467663173.09,3.0746811,1.4194634,176.16625,81.329262,2.9086242,383.07583,4.0447121,1.454812,0.64693284,-0.012442363,0.0815133,4.0447121,1.454812,3.7398634,1.3451633,11.894424,0.18062,0.12636,0.006637,0.04374,36.204694,0.972985,370.447833,77.866871
20065,62264.536,1556974332.34,3.7963669,0.12497159,217.515801,7.160345,1.9032662,663.54861,7.6439061,1.2449338,0.79458559,0.11906223,0.1362293,7.6439061,1.2449338,6.7274325,1.0956713,11.98416,0.1534,0.169456,0.050636,0.032201,43.828993,0.326379,1056.56543,308.277269
20088,62745.2385,1598507027.86,2.4493172,-0.50280378,140.335538,-28.808535,2.4460646,408.96691,12.364125,1.2431693,0.78652167,0.40694237,0.0867163,12.364125,1.2431693,11.3775091,1.1439685,11.984351,0.15319,0.041315,0.002813,0.010378,52.370639,0.767715,318.597383,103.088937
20111,62321.1705,1561867550.04,4.6119432,0.56657447,264.244881,32.462326,2.5085502,980.49758,21.589539,1.2588388,0.9769147,-0.2631157,0.1943517,21.589539,1.2588388,18.0763658,1.0539934,11.979768,0.15518,0.185576,0.077268,0.029193,50.120657,0.806231,779.294594,198.846356
20121,61685.2436,1506923464.32,2.0793232,0.61152472,119.136444,35.037786,0.98495601,550.77418,5.0403457,1.4774476,0.83395118,0.35570353,0.1146462,5.0403457,1.4774476,4.5219243,1.3254857,11.881866,0.18362,0.219698,0.020309,0.06525,25.177254,0.5529,699.146539,188.181699
20122,63971.2259,1704432339.45,1.6613246,-0.87093931,95.186888,-49.901147,2.4636777,178.02487,2.5041058,1.1302056,0.15083604,0.19560471,0.0390273,2.5041058,1.1302056,2.4100481,1.0877535,12.014633,0.13891,0.106872,0.01943,0.034577,35.693875,0.778882,176.900405,39.795355
20131,63603.9838,1672702615.18,0.64991948,0.094568159,37.237643,5.418356,1.0151065,791.42208,12.006143,1.3910861,0.97901672,-0.34629187,0.1600999,12.006143,1.3910861,10.3492316,1.1991088,11.927876,0.17222,0.341305,0.090618,0.067577,30.797729,0.527529,1225.894969,384.169341
20173,62418.9327,1570314201.03,5.0023103,-0.82043331,286.611268,-47.007366,2.9277603,592.111,2.7324939,1.2675158,0.65447187,0.17334019,0.1226185,2.7324939,1.2675158,2.4340361,1.1290708,11.976949,0.15628,0.229816,0.019995,0.083515,50.594308,0.977225,491.12921,167.920223
20178,61164.5119,1461932250.38,6.1729232,-0.15644003,353.682447,-8.963353,0.71461631,602.32058,8.7257099,1.1394354,0.92768234,0.10487366,0.1245764,8.7257099,1.1394354,7.7591078,1.0132129,12.01261,0.14007,0.335877,0.112587,0.060218,30.877854,0.755345,919.304726,276.852125
20187,62944.8933,1615757200.02,4.093707,-0.3736715,234.552134,-21.4098,2.5030937,202.57392,3.1759851,1.0905557,0.80329132,0.030777091,0.0442424,3.1759851,1.0905557,3.0414251,1.0443511,12.023094,0.13395,0.336099,0.05351,0.10097,46.441214,0.802991,352.467048,125.554256
20211,64391.0777,1740707530.0,5.5167741,0.76768003,316.087872,43.984826,1.8937592,885.92106,8.0456638,1.2955248,0.95457047,0.20279029,0.1773655,8.0456638,1.2955248,6.8336159,1.100359,11.967223,0.15986,0.368986,0.085879,0.076682,36.334768,0.317378,1065.110608,339.440704
20258,63133.0241,1632011698.28,1.6626132,-0.29588528,95.260719,-16.952978,1.0023348,368.05892,6.7364535,1.3717974,0.66058928,-0.089152172,0.07848,6.7364535,1.3717974,6.2462479,1.2719729,11.937011,0.16971,0.068508,0.010822,0.01606,47.768701,0.538336,562.933706,188.971562
20265,61476.7338,1488908217.82,4.6691784,0.026321216,267.524216,1.508095,0.43415052,958.62346,10.681952,1.2981861,0.95061129,-0.025754973,0.1904481,10.681952,1.2981861,8.9730513,1.090502,11.966271,0.16021,0.29962,0.089193,0.056731,62.874481,0.907228,847.63907,271.812087
20273,63405.2143,1655528935.36,4.0396027,-0.96565901,231.452186,-55.328186,2.6456515,479.69735,13.826582,1.1687858,0.87441999,0.31599328,0.1007635,13.826582,1.1687858,12.560902,1.0617956,12.00547,0.14377,0.118713,0.052818,0.017761,48.375907,0.879521,457.664515,88.049786
20319,61381.0734,1480643160.81,5.9674048,-0.7394589,341.90711,-42.367874,1.3717916,275.16129,4.7243419,1.3713642,0.41020176,0.1181193,0.0594502,4.7243419,1.3713642,4.4592394,1.2944112,11.937178,0.16965,0.034435,0.000413,0.01107,36.294576,0.197694,499.990584,136.793912
20365,62027.966,1536534676.26,0.17355787,0.65185011,9.944133,37.34826,0.75981205,995.77006,14.496672,1.404759,0.90344214,0.25669351,0.1970686,14.496672,1.404759,12.1101433,1.1734992,11.920734,0.17402,0.074855,0.006956,0.018301,64.147579,0.724965,977.940758,331.606326
20374,61870.028,1522888838.7,4.6243023,-0.77722728,264.953005,-44.531843,2.5159897,804.29077,8.5831957,1.2832048,0.94761407,0.21819827,0.1624692,8.5831957,1.2832048,7.3835899,1.1038613,11.971562,0.15829,0.343981,0.08768,0.069248,26.152577,0.81061,1179.387687,349.523275
20403,62124.3248,1544860082.46,0.43386443,-0.766006,24.858601,-43.888911,0.4213755,763.90336,8.2613831,1.4318097,0.90740216,0.48399249,0.1550138,8.2613831,1.4318097,7.1526271,1.2396473,11.90821,0.17756,0.229849,0.043846,0.050607,25.892779,0.912527,975.302728,390.951117
20425,62132.1754,1545538369.33,4.007577,0.68825412,229.617248,39.434056,2.8477121,375.45904,17.722792,1.3034397,0.93244046,-0.13611317,0.0799762,17.722792,1.3034397,16.4103538,1.2069152,11.964375,0.16088,0.094938,0.022292,0.019581,61.18857,0.957127,294.219874,67.337927
20481,63091.2451,1628401994.13,2.0349164,0.26188981,116.592121,15.005181,0.52235422,691.45392,12.270281,1.156775,0.88052291,0.15437321,0.1414909,12.270281,1.156775,10.7493459,1.0133896,12.007808,0.14226,0.167905,0.075703,0.024852,74.410051,0.866647,778.548422,253.07307
20490,63165.2034,1634791994.75,0.74411176,-1.2801021,42.634463,-73.344448,1.230693,48.784352,5.3680019,1.2934873,0.42945862,0.41277719,0.0109191,5.3680019,1.2934873,5.3100214,1.2795162,11.967948,0.1596,0.038966,0.007253,0.009338,23.324785,0.333585,61.19173,9.68396
20496,62124.7542,1544897178.78,2.5926672,-0.48857439,148.548888,-27.993251,2.3176197,801.74243,5.5755868,1.2279894,0.97079593,0.019338265,0.1620005,5.5755868,1.2279894,4.7982655,1.0567891,11.996705,0.15116,0.463172,0.083571,0.107958,62.038012,0.679311,930.676806,271.118298
20498,62919.847,1613593199.55,0.75852114,-0.31964662,43.46006,-18.314402,2.5375193,396.92281,6.3839126,1.2513156,0.8406949,0.20400399,0.0843002,6.3839126,1.2513156,5.887588,1.1540306,11.982518,0.15421,0.250006,0.058882,0.052805,23.978454,0.823029,706.040092,249.160772
20515,61537.5304,1494161046.66,1.9320243,-0.23285637,110.696838,-13.341687,2.8738626,549.01516,6.1848621,1.5300958,0.93516934,0.40910649,0.1143053,6.1848621,1.5300958,5.5504196,1.3731387,11.846509,0.19073,0.305763,0.031625,0.081709,26.883262,0.964374,462.6333,140.001619
20557,63849.4758,1693913126.88,1.7213862,0.037756721,98.628164,2.163301,1.0844028,269.81603,5.8371525,1.2006512,0.79846168,-0.065602101,0.0583408,5.8371525,1.2006512,5.515381,1.1344656,11.997397,0.14779,0.240151,0.059548,0.050396,56.512632,0.467441,419.628216,121.796173
20571,63506.3828,1664269892.48,4.9041899,-0.80124671,280.989383,-45.908055,0.8653925,219.26779,4.6831713,1.2972063,0.8613804,-0.12202656,0.0477676,4.6831713,1.2972063,4.4696659,1.2380668,11.966622,0.16008,0.307502,0.045783,0.082868,15.301826,0.648341,299.742984,74.287838
20621,61032.0144,1450484463.28,5.9980838,-0.075983477,343.664887,-4.353533,1.1059687,371.13106,10.708038,1.4583696,0.8468467,0.24926008,0.0791015,10.708038,1.4583696,9.9231054,1.3514666,11.891993,0.1811,0.072539,0.00539,0.018115,46.993957,0.448269,558.208907,141.361883
20623,64343.3523,1736584055.43,2.9167867,-0.61573464,167.119568,-35.278996,2.8047523,439.15091,9.1592178,1.3137079,0.73467851,0.26506013,0.0927402,9.1592178,1.3137079,8.3818804,1.2022143,11.960619,0.1622,0.060093,0.012817,0.012762,27.104787,0.943804,337.528681,89.50007
20637,62733.2932,1597474948.53,1.5168903,-0.42310886,86.911412,-24.242352,2.2653212,383.3933,2.6561022,1.0916774,0.44392037,-0.49374738,0.0815773,2.6561022,1.0916774,2.4557673,1.0093383,12.022799,0.13409,0.192388,0.032637,0.061495,17.833831,0.64002,502.233452,181.248879
20660,63477.6619,1661788403.5,2.649628,-0.23430206,151.812502,-13.424519,2.305058,490.41003,5.2026954,1.1601002,0.65036017,0.059490602,0.1028704,5.2026954,1.1601002,4.717413,1.0518916,12.0072,0.14268,0.171643,0.047726,0.035387,71.413509,0.670039,891.406661,262.640782
20665,61818.1701,1518408312.62,2.1964139,-0.41441077,125.845247,-23.743988,2.2448859,578.52276,9.7458582,1.5206838,0.92157483,-0.013913536,0.1200058,9.7458582,1.5206838,8.7016137,1.3577463,11.853209,0.18945,0.1841,0.029659,0.041779,22.292921,0.624186,795.109678,303.853182
20715,61439.7862,1485715942.7,3.4156174,-0.4736791,195.700461,-27.139813,1.6240432,257.93586,8.4085484,1.2317535,0.97730565,0.44018647,0.0558692,8.4085484,1.2317535,7.963627,1.1665777,11.993087,0.15167,0.443335,0.113539,0.089065,15.73928,0.053222,736.673435,212.493286
20764,61737.0769,1511401858.38,2.9636313,-0.32820204,169.803566,-18.804592,0.92188739,228.65676,2.8610759,1.11344,-0.28719315,0.31520247,0.0497429,2.8610759,1.11344,2.7255015,1.0606788,12.018351,0.13681,0.023396,0.011043,0.004664,53.18309,0.604317,283.893785,71.759493
20809,61527.139,1493263226.97,1.3673822,0.63378766,78.345229,36.313358,0.74610275,571.78717,2.7229698,1.2630979,0.65447187,0.17334019,0.1187079,2.7229698,1.2630979,2.4340311,1.1290686,11.978399,0.15572,0.231241,0.02036,0.083936,45.249691,0.73434,783.12025,219.91543
20861,63865.7836,1695322119.83,5.5055664,-0.74966354,315.445719,-42.952557,2.3526221,230.56754,4.1369176,1.1890924,-0.078624181,0.061199401,0.0501443,4.1369176,1.1890924,3.9393803,1.1323134,11.999638,0.14634,0.003795,2.2e-05,0.001221,68.648888,0.704576,466.217655,155.811828
20908,61776.2149,1514783382.72,1.1654457,-1.3066059,66.77512,-74.863004,0.12004136,601.90892,10.221707,1.5082918,0.93578231,-0.44025984,0.1244976,10.221707,1.5082918,9.0900213,1.3413028,11.861567,0.18778,0.205232,0.036899,0.045467,59.291944,0.992804,385.864564,116.889678
20926,63425.9064,1657316731.33,0.67170778,0.38040046,38.486021,21.795341,0.11860942,565.3937,5.8226962,1.6774567,0.88934827,0.24253555,0.1174741,5.8226962,1.6774567,5.2105873,1.5011147,11.713495,0.21148,0.191046,0.002552,0.061061,50.489628,0.992974,400.227765,101.615291
20929,62097.841,1542571877.34,5.7095665,0.47191934,327.134063,27.038986,0.8915384,595.51211,5.2029967,1.1288998,0.9715789,-0.38420567,0.1232712,5.2029967,1.1288998,4.6320039,1.0050109,12.014841,0.13875,0.47855,0.096753,0.108074,15.737621,0.628216,775.154858,243.773733
20930,62922.8352,1613851381.77,4.4795258,0.91286234,256.657923,52.303159,2.5844126,907.23075,8.0854626,1.4534519,0.80700094,0.28382736,0.1812177,8.0854626,1.4534519,6.8450233,1.2304691,11.895305,0.18044,0.105057,0.014935,0.024602,30.145159,0.84875,1065.16995,325.950404
20933,61180.8932,1463347591.81,4.152929,0.57587847,237.945304,32.995406,0.4816537,732.63352,11.010467,1.3166794,0.84842569,-0.17914334,0.1492011,11.010467,1.3166794,9.5809746,1.1457345,11.959512,0.16258,0.108618,0.031596,0.020764,33.581572,0.88623,704.011915,223.767466
20935,62519.7022,1579020691.19,5.4127524,0.31814285,310.127868,18.228243,1.8672025,293.78732,13.079716,1.2868907,0.88428319,-0.34189603,0.0633034,13.079716,1.2868907,12.3010197,1.2102761,11.970276,0.15876,0.113377,0.037173,0.02054,58.814645,0.292085,596.623168,213.761545
20941,61346.0028,1477613057.03,5.9689371,0.29860937,341.994904,17.109057,1.1323144,220.97126,15.344873,1.1812897,0.84058207,-0.25084898,0.0481264,15.344873,1.1812897,14.6402884,1.1270489,12.001704,0.14535,0.045016,0.001131,0.011828,16.953461,0.424565,437.148896,90.882412
20949,62441.7384,1572284614.74,4.5108312,-1.1931698,258.45159,-68.363594,2.7436818,390.96351,9.9810801,1.4443845,0.86161208,-0.33296648,0.083102,9.9810801,1.4443845,9.2152727,1.3335628,11.901449,0.17922,0.111865,0.019647,0.024899,52.116303,0.921873,357.567084,67.002545
20953,62973.4633,1618225644.06,4.9303001,1.0024093,282.485387,57.433822,0.68154701,469.88961,3.4811492,1.179626,0.90403843,0.2586624,0.0988298,3.4811492,1.179626,3.1680513,1.0735293,12.002215,0.14514,0.39739,0.052391,0.122444,71.369885,0.776599,534.446046,159.770926
20984,62996.1556,1620186258.04,5.8205838,0.88232332,333.494886,50.553402,2.3116083,361.46604,4.7441392,1.2315063,0.66007519,0.17509635,0.0771446,4.7441392,1.2315063,4.404366,1.1433063,11.993396,0.15163,0.174021,0.037162,0.041798,37.967597,0.674887,432.462227,139.587125
21006,61864.7231,1522430491.13,1.6972704,-0.87784133,97.246431,-50.296603,0.66184704,978.75504,7.5171118,1.3187691,0.73507857,0.013215628,0.1940413,7.5171118,1.3187691,6.2955207,1.1044585,11.958729,0.16285,0.104609,0.026115,0.021378,59.554659,0.788858,990.423834,325.646912
21007,63381.5039,1653480353.51,4.366131,1.1876135,250.160879,68.045241,0.15637502,220.76896,6.0585151,1.5048679,0.79695523,-0.31191173,0.0480838,6.0585151,1.5048679,5.7805635,1.4358278,11.864249,0.18731,0.142998,0.012986,0.038826,17.361564,0.987798,191.816433,26.829542
21038,62091.762,1542046659.03,5.0242181,-0.53625329,287.866492,-30.72505,0.99087853,525.81379,4.6826777,1.1460042,0.64320093,0.42639303,0.1097966,4.6826777,1.1460042,4.2194017,1.0326254,12.010668,0.1409,0.189386,0.048358,0.04182,61.17358,0.547955,795.877936,233.161002
21092,64065.6783,1712593019.78,1.279595,-0.65830634,73.315393,-37.718175,2.856457,516.09358,8.4304981,1.2193831,0.67733902,-0.32252771,0.1079006,8.4304981,1.2193831,7.6094354,1.100625,11.992965,0.15015,0.069428,0.024433,0.012148,54.21245,0.959624,426.796762,82.967572
21136,61116.4646,1457780962.58,2.471122,-0.17884611,141.584861,-10.247127,1.8559395,55.135889,2.8419201,1.1392534,0.80468065,-0.35837829,0.0123276,2.8419201,1.1392534,2.8073126,1.1253802,12.01266,0.14005,0.336866,0.041784,0.112632,35.839039,0.281295,168.183063,34.45101
21137,62308.1793,1560745106.95,2.0775354,0.27096337,119.03401,15.525058,1.4596673,411.65836,8.2438869,1.569544,0.91547853,0.34682456,0.0872553,8.2438869,1.569544,7.5822919,1.4435837,11.816427,0.19615,0.197763,0.022759,0.04812,53.147246,0.1109,760.267013,207.596446
21155,64365.9004,1738532215.08,5.1618494,-0.3561091,295.752185,-20.403548,3.0429414,404.55959,6.7378392,1.3255656,0.66645437,0.10254747,0.085833,6.7378392,1.3255656,6.205226,1.2207822,11.956205,0.16372,0.084061,0.018722,0.018064,61.404686,0.995138,321.412751,72.18536
21186,62414.2084,1569906025.06,4.2238831,-0.20797374,242.010675,-11.916018,1.4839518,348.88346,4.0866666,1.5710363,0.84291792,-0.2130934,0.0745898,4.0866666,1.5710363,3.8030015,1.461987,11.815047,0.19636,0.229044,0.006091,0.083788,57.634616,0.086735,553.415737,212.748273
21242,61041.7064,1451321848.75,4.4405487,1.0167722,254.424699,58.256756,2.5045732,413.67375,16.545179,1.2111579,0.89802927,0.26565811,0.0876586,16.545179,1.2111579,15.2117389,1.113546,11.993155,0.14913,0.083381,0.024978,0.015742,69.01402,0.803872,427.226966,82.641564
21258,63133.6576,1632066433.4,4.0298553,-0.14685828,230.893701,-8.41436,0.34981861,271.50773,3.3174491,1.3663729,0.3856253,0.033485696,0.058692,3.3174491,1.3663729,3.1335355,1.2906236,11.939072,0.169,0.073331,0.003782,0.026791,16.661801,0.939435,225.076923,75.116417
21267,61592.5932,1498918471.88,1.0505293,-0.55158083,60.190895,-31.603254,0.1289467,505.33195,7.3913193,1.6426834,0.98899859,0.26346505,0.1057966,7.3913193,1.6426834,6.6841583,1.4855204,11.750743,0.20644,0.406942,0.037245,0.105455,59.698159,0.991698,417.518044,113.494304
21291,62716.3083,1596007454.15,5.4843508,-0.32882365,314.230154,-18.840207,2.2108075,264.36952,2.960144,1.4160185,0.93596435,-0.052004352,0.0572087,2.960144,1.4160185,2.7999619,1.3393936,11.915938,0.17549,0.407041,0.018807,0.155574,61.111171,0.597204,378.05489,146.380915
21294,61143.6852,1460132820.32,4.2214964,0.5262331,241.873927,30.150936,2.4014657,252.50395,6.9543939,1.2629,0.88300514,-0.32998601,0.0547364,6.9543939,1.2629,6.5934899,1.1973608,11.978462,0.15569,0.279621,0.06668,0.058193,65.848266,0.738383,407.661308,163.237423
21313,61195.3181,1464593905.66,1.5870339,-0.13330076,90.930344,-7.637571,0.75821173,540.3805,6.6696444,1.5159978,0.79859352,-0.48165941,0.1126301,6.6696444,1.5159978,5.9944849,1.3625353,11.855617,0.18883,0.121167,0.010178,0.031911,46.766067,0.726067,459.583073,159.170264
21346,62553.027,1581899953.91,2.6144144,-0.27147271,149.794911,-15.554241,0.39473556,798.68129,10.666724,1.4010228,0.98170626,-0.030416304,0.1614371,10.666724,1.4010228,9.1840734,1.2062838,11.923531,0.17352,0.378743,0.089352,0.078048,20.481804,0.923098,613.69405,163.162735
21357,63871.8494,1695846207.29,5.7177068,-0.37526127,327.600468,-21.500887,0.68489662,737.74882,5.8853879,1.3974838,0.77466655,-0.00043538626,0.1501545,5.8853879,1.3974838,5.1170413,1.2150401,11.926018,0.17304,0.163528,0.025472,0.040389,64.935906,0.774484,761.96582,222.036688
21364,61375.1202,1480128804.09,3.0194421,0.11333817,173.001289,6.493799,0.5725234,341.1625,4.9998884,1.0824796,0.12259804,-0.12746888,0.073018,4.9998884,1.0824796,4.6596501,1.0088178,12.024737,0.13294,0.025721,0.016489,0.002612,71.243196,0.840537,399.03594,101.563292
21377,62946.6209,1615906466.77,4.6320322,-1.1074775,265.395896,-63.453787,1.1925539,256.17301,8.0932264,1.3793706,0.67664105,0.41200832,0.0555018,8.0932264,1.3793706,7.6676579,1.3068388,11.933401,0.17069,0.038539,9.2e-05,0.010447,33.036576,0.369288,464.961207,112.510599
21447,61204.5249,1465389366.19,4.6235518,0.92335754,264.910005,52.90449,1.0722117,637.73468,11.975946,1.4371393,0.90532613,-0.47134823,0.1313348,11.975946,1.4371393,10.5856778,1.2703041,11.903915,0.17828,0.124813,0.02582,0.026687,41.438663,0.478183,1006.921754,328.941884
21449,64279.7362,1731087622.77,1.3016806,1.1803625,74.580805,67.62979,1.9862645,398.8325,16.40498,1.0881821,0.95422953,-0.43971619,0.0846837,16.40498,1.0881821,15.1242057,1.0032252,12.023682,0.13365,0.253729,0.136719,0.031538,46.703336,0.403618,842.066469,362.483278
21457,61719.9258,1509920005.59,4.6339751,0.23736207,265.507216,13.599845,0.54760482,583.4567,3.8626134,1.2997311,0.88073587,-0.093845695,0.1209554,3.8626134,1.2997311,3.4458225,1.1594851,11.965716,0.1604,0.347034,0.039586,0.108722,70.371877,0.853774,719.508605,261.509726
21467,62171.3597,1548923897.01,3.6641318,0.10205807,209.939288,5.847497,2.4552677,931.19812,12.997927,1.6467485,0.9635641,-0.44471508,0.1855328,12.997927,1.6467485,10.9637854,1.3890367,11.745972,0.20703,0.159602,0.015291,0.038912,55.070006,0.77358,914.145619,316.566108
21468,63671.1777,1678508174.59,0.33686832,0.025974948,19.301133,1.488255,0.91822237,577.41919,3.4643843,1.6160196,0.90757191,-0.42276803,0.1197933,3.4643843,1.6160196,3.0937712,1.443141,11.776037,0.20265,0.306806,0.001757,0.121573,62.191958,0.607233,868.615295,256.281682
21474,63706.7909,1681585148.87,4.1603028,1.2152634,238.367792,69.629464,2.3461073,620.40934,13.576712,1.1917518,0.80818397,0.15960839,0.1280349,13.576712,1.1917518,12.0357202,1.0564849,11.999097,0.14667,0.04667,0.006874,0.010726,57.189998,0.699938,689.741586,193.97092
21485,61376.2873,1480229640.75,5.5953539,0.71562472,320.590163,41.002276,2.7000711,804.08757,11.981003,1.5700113,0.96039814,-0.21015354,0.1624318,11.981003,1.5700113,10.3068437,1.3506266,11.816,0.19622,0.203747,0.033545,0.045902,51.671067,0.904103,1046.632198,385.839065
21487,62163.6302,1548256063.73,5.4963641,-0.039054385,314.918466,-2.237651,0.83684017,544.74853,9.9088249,1.2908435,0.81117743,-0.32331565,0.113478,9.9088249,1.2908435,8.8989862,1.1592897,11.968884,0.15927,0.106265,0.032536,0.019883,18.954965,0.669812,521.91155,146.202968
21488,64247.8734,1728334676.52,0.76948422,1.0011134,44.088198,57.359573,2.0281102,170.65314,16.485449,1.2677128,0.97356683,-0.086359046,0.0374539,16.485449,1.2677128,15.8902955,1.2219462,11.976883,0.15631,0.264553,0.106235,0.042672,60.678405,0.44154,296.637003,64.668604
21527,63911.7627,1699294717.7,4.1755706,0.017833221,239.242572,1.021768,1.815257,147.01415,11.701978,1.50883,0.88717872,0.11622101,0.032385,11.701978,1.50883,11.3348971,1.4614993,11.861038,0.18785,0.081298,0.003945,0.020859,52.192235,0.242033,238.444847,62.459671
21532,61443.4943,1486036322.29,5.3583581,0.25946546,307.011304,14.866276,0.50990179,530.80047,2.5783288,1.3212159,0.1700315,-0.36273429,0.1107677,2.5783288,1.3212159,2.3212134,1.189462,11.957813,0.16316,0.055088,0.00098,0.021965,37.509422,0.872792,552.111838,195.936664
21555,62377.7667,1566757463.98,0.53971226,0.71997053,30.923235,41.251273,2.7437577,843.98969,8.2148695,1.3278247,0.67329216,0.48672214,0.1697419,8.2148695,1.3278247,7.0228055,1.1351434,11.955366,0.16401,0.045965,0.006598,0.010665,44.235954,0.921902,717.316383,218.811585
21567,64187.7272,1723138045.84,2.6555707,-1.1604168,152.152993,-66.486985,0.52864536,436.8684,4.0770583,1.5490447,0.90038151,0.22535387,0.0922862,4.0770583,1.5490447,3.7325915,1.4181674,11.832266,0.19333,0.30191,0.013049,0.108052,44.325759,0.863491,642.072219,226.249387
21592,63627.3551,1674721901.02,3.1200765,-0.13122032,178.767215,-7.518371,2.3183571,234.10553,8.6579962,1.4571633,0.83594245,-0.063963316,0.0508868,8.6579962,1.4571633,8.2387523,1.3866035,11.892828,0.18094,0.115465,0.017976,0.026469,16.749656,0.679852,335.935984,90.65322
21600,64431.4005,1744191416.89,3.2132997,-0.36004256,184.108511,-20.628919,0.80459762,237.65047,4.6416187,1.6030076,0.80296379,-0.29807621,0.0516301,4.6416187,1.6030076,4.4137371,1.5243075,11.787646,0.20082,0.162747,0.001109,0.057919,19.043375,0.693401,364.427692,100.536222
21607,61342.8688,1477342279.82,5.5993869,-0.49745423,320.821237,-28.502028,2.4110463,832.86552,14.014706,1.6848483,0.96977741,0.20341058,0.1677094,14.014706,1.6848483,12.001878,1.4428661,11.705257,0.21256,0.142998,0.007268,0.036592,53.019952,0.74481,771.762098,285.954493
21628,61268.0036,1470873930.51,2.3715784,0.54143467,135.881433,31.021921,2.4412567,290.35566,15.079368,1.0777521,0.98593563,0.47785676,0.0625949,15.079368,1.0777521,14.1910784,1.0142643,12.02542,0.13235,0.417641,0.201113,0.058361,37.253843,0.764626,263.656266,80.520727
21664,63131.0129,1631837933.87,0.19012736,0.79279892,10.893495,45.424032,0.65219303,611.75663,10.824946,1.2653759,0.84468758,-0.25850958,0.1263822,10.824946,1.2653759,9.6103666,1.1233983,11.977662,0.15601,0.124571,0.042774,0.02205,22.806788,0.794755,681.55854,176.701253
21670,63608.8702,1673124807.39,6.0022238,-0.38930393,343.902091,-22.305472,1.2816566,128.23081,3.1834409,1.3112582,0.74363059,-0.38437387,0.0283314,3.1834409,1.3112582,3.0957345,1.275132,11.961522,0.16188,0.254305,0.0231,0.089063,35.506684,0.285128,168.50428,41.798436
21694,63724.0179,1683073560.35,2.5917954,-0.22499018,148.498938,-12.890988,2.697377,404.13481,6.7472572,1.4212095,0.78441489,-0.2681475,0.0857478,6.7472572,1.4212095,6.214387,1.3089683,11.912652,0.17618,0.136109,0.021727,0.032107,45.657753,0.902948,346.256453,76.393723
21697,63344.2248,1650259441.71,1.671918,-0.16874534,95.793845,-9.668396,2.6859534,404.95725,18.406507,1.2452703,0.98238319,-0.19649243,0.0859128,18.406507,1.2452703,16.9502632,1.1467499,11.98412,0.15345,0.282941,0.122835,0.043154,57.992608,0.89798,382.26184,65.643009
21723,62979.2041,1618721653.91,1.7331278,-0.1945853,99.300908,-11.148916,0.432058,229.37429,7.3674111,1.6023573,0.93318409,-0.21759877,0.0498936,7.3674111,1.6023573,7.0172928,1.5262092,11.788303,0.20073,0.244816,0.022966,0.062844,30.446528,0.908106,210.112751,35.875553
21732,61999.2273,1534051654.87,5.640728,-1.0421519,323.189908,-59.710905,1.7464971,278.94028,3.1832347,1.1526129,0.65170926,-0.20004423,0.0602335,3.1832347,1.1526129,3.0023902,1.0871312,12.008771,0.14174,0.242086,0.037998,0.074789,44.776061,0.174798,483.287531,146.810389
21753,61490.146,1490067029.7,6.0216949,-1.2681078,345.017703,-72.657225,2.0501843,194.77605,7.1400943,1.1501658,0.47184703,-0.18738326,0.0425899,7.1400943,1.1501658,6.8484206,1.1031814,12.009438,0.14143,0.03535,0.015111,0.005482,39.915118,0.461236,356.000008,78.871718
21775,63607.808,1673033031.96,4.7953385,-0.86584253,274.752657,-49.609123,2.2366785,521.61799,2.5161529,1.2951077,0.60559022,0.12951088,0.1089787,2.5161529,1.2951077,2.268892,1.1678382,11.967371,0.15981,0.206011,0.01347,0.07822,54.532104,0.617753,735.49303,213.190311
21779,61143.5828,1460123973.98,3.5373405,0.18978187,202.674681,10.8737,1.0545192,186.57983,2.7473583,1.4467179,0.80529726,0.46414876,0.0408489,2.7473583,1.4467179,2.639536,1.3899403,11.899948,0.17953,0.273331,0.007135,0.10854,24.133565,0.493646,288.181057,79.938746
21788,62461.3761,1573981317.19,3.8098834,-1.1494594,218.290239,-65.859172,1.5572649,703.33482,19.224579,1.2856097,0.92959088,0.18519716,0.143722,19.224579,1.2856097,16.8087862,1.1240578,11.970724,0.1586,0.067491,0.001861,0.01769,53.015403,0.013531,1444.54141,433.233889
21795,63950.014,1702599623.71,1.8900266,0.80681272,108.290547,46.226964,0.46570632,377.38414,4.0003695,1.3681061,0.67037499,0.034488916,0.080365,4.0003695,1.3681061,3.7027944,1.2663369,11.938405,0.16923,0.167107,0.017932,0.053193,57.889638,0.893505,310.937624,74.617424
21798,64331.2249,1735536246.84,1.6967251,0.8274632,97.215187,47.410149,0.38519938,828.65809,6.3899837,1.5032402,0.75160587,0.49454215,0.1669396,6.3899837,1.5032402,5.4758479,1.2881902,11.865101,0.18709,0.097086,0.006244,0.026472,51.602823,0.926724,572.149237,213.451118
21807,64099.6251,1715526028.36,1.6256646,0.062498521,93.14372,3.580901,0.87100247,362.78815,11.831361,1.0922496,0.86030006,0.33379191,0.0774126,11.831361,1.0922496,10.981272,1.0137709,12.022646,0.13416,0.170504,0.085471,0.022919,73.329749,0.64406,561.62364,156.801935
21833,62056.7043,1539017672.18,5.5207358,0.5227668,316.314861,29.952331,0.39163362,703.11078,8.4693232,1.6456388,0.96495152,-0.23710699,0.14368,8.4693232,1.6456388,7.405326,1.4388979,11.747327,0.20687,0.279149,0.027647,0.06938,62.466758,0.924287,599.754859,208.744518
21859,61089.4261,1455444831.31,2.3199111,0.13547412,132.921115,7.762095,1.2549349,319.61176,6.4586306,1.5343845,0.82012504,-0.204261,0.0686139,6.4586306,1.5343845,6.0439325,1.4358642,11.843875,0.19131,0.141715,0.011425,0.038125,22.997998,0.310635,650.120699,216.504757
21866,63091.7852,1628448657.62,5.7999529,-0.68055667,332.312823,-38.993025,2.2973585,498.44884,10.53441,1.4644636,0.94173354,-0.40541339,0.1044481,10.53441,1.4644636,9.5381669,1.3259687,11.888397,0.18191,0.226284,0.047781,0.048167,19.381565,0.664304,529.185897,137.708066
21879,62166.7677,1548527148.05,6.1397526,0.11657434,351.781911,6.679218,0.37542302,509.07442,3.0731823,1.4370285,0.66155803,-0.46728083,0.1065289,3.0731823,1.4370285,2.7773178,1.2986815,11.903977,0.17827,0.173594,0.005594,0.066991,71.203816,0.930353,705.007592,233.063366
21892,63658.8244,1677440848.0,4.069634,-0.61154671,233.172852,-35.039045,0.27273727,700.12103,19.311829,1.3868115,0.98475975,0.23215739,0.143119,19.311829,1.3868115,16.8939789,1.213182,11.929367,0.17167,0.227376,0.076975,0.040538,16.908067,0.963037,516.419871,117.519967
21908,62556.4012,1582191485.93,6.0405086,-0.75016286,346.095649,-42.981166,2.4915115,862.2659,5.0852838,1.5100162,0.72847962,-0.28553072,0.1730719,5.0852838,1.5100162,4.3350145,1.2872324,11.859853,0.18802,0.121654,0.006087,0.038107,19.769685,0.796035,956.583693,289.893516
21912,63380.5675,1653399449.76,3.3865415,0.41207533,194.034535,23.610177,1.9895116,77.525341,4.1442475,1.0515286,0.44052762,0.11000809,0.0172695,4.1442475,1.0515286,4.0738935,1.0336775,12.030556,0.12907,0.146615,0.047308,0.029972,66.890797,0.406587,280.123873,83.139669
21920,63228.2374,1640238131.27,4.900012,-0.069490567,280.750007,-3.981516,1.610554,379.49421,6.5099554,1.3489554,0.97538954,-0.10983286,0.0807909,6.5099554,1.3489554,6.0233255,1.2481188,11.948059,0.16673,0.442442,0.073459,0.103143,37.289403,0.039747,486.456738,173.063858
21954,64456.8373,1746389157.24,2.4832551,0.94453036,142.280037,54.117603,0.77712299,510.62701,9.1063595,1.2492883,0.87391895,-0.12535338,0.1068325,9.1063595,1.2492883,8.2274055,1.1287059,11.983216,0.15395,0.212551,0.067125,0.039236,41.895366,0.712934,689.89369,232.510069
21969,63432.5521,1657890915.12,5.1604634,1.0604221,295.672773,60.757711,0.82381288,663.34388,11.175296,1.2551317,0.79087919,-0.34977329,0.1361906,11.175296,1.2551317,9.8357581,1.1046841,11.981065,0.1547,0.066859,0.019022,0.012895,46.992032,0.679428,849.515856,276.216802
21994,61284.2242,1472275389.11,4.7326114,0.14897704,271.158659,8.535756,2.1437366,335.92876,3.4244111,1.1086986,0.62655228,0.089838646,0.0719507,3.4244111,1.1086986,3.1945602,1.0342813,12.019393,0.13622,0.232532,0.045077,0.064938,26.411164,0.542105,416.830437,121.549592
22041,63920.1966,1700023407.58,3.2231384,-0.29121711,184.672227,-16.685511,0.081626569,550.0838,16.886728,1.2336538,0.97798264,-0.027727358,0.1145124,16.886728,1.2336538,15.1516732,1.1069,11.990609,0.15193,0.291011,0.124141,0.044977,52.142902,0.99667,483.686078,131.109168
22053,62352.1587,1564544933.03,0.27384776,-0.9609126,15.690321,-55.056236,2.547995,407.22626,13.710785,1.2140443,0.84998935,0.093688503,0.0863676,13.710785,1.2140443,12.6207604,1.1175263,11.991958,0.1495,0.077386,0.025324,0.014033,24.660569,0.828934,364.511828,59.423085
22062,63517.233,1665207348.06,5.4317513,-0.46107246,311.216425,-26.417506,0.68891023,294.80235,3.1705437,1.2789501,0.26460099,-0.42970344,0.0635128,3.1705437,1.2789501,2.9811993,1.2025714,11.973032,0.15774,0.068887,0.008753,0.023003,69.830582,0.771939,347.052946,85.164934
22064,62474.3139,1575099141.33,1.6982388,-1.0354829,97.301916,-59.3288,2.8238468,698.00283,7.8083463,1.5741924,0.91044104,0.14931104,0.1427214,7.8083463,1.5741924,6.8331145,1.377582,11.812145,0.1968,0.200038,0.021184,0.049686,16.297392,0.949942,649.720626,244.417723
22066,61068.7781,1453660847.57,2.4273897,0.17934951,139.079185,10.27597,2.4087346,729.53322,18.253277,1.4036571,0.97356683,-0.086359046,0.1486229,18.253277,1.4036571,15.8914448,1.2220348,11.921474,0.17387,0.177992,0.053059,0.033674,41.869374,0.743265,877.307443,244.498885
22077,63734.1566,1683949552.01,1.6757131,-0.93503286,96.011288,-53.573437,2.5492526,913.79564,10.008884,1.54656,0.89288497,0.27201647,0.1824015,10.008884,1.54656,8.4648779,1.3079821,11.8335,0.193,0.119517,0.012206,0.02902,73.703452,0.829636,987.848279,358.173677
22097,61358.6386,1478704790.97,1.4095666,-0.94676814,80.762217,-54.245819,1.5545974,436.4027,4.0380664,1.1776258,0.29105768,-0.27581066,0.0921936,4.0380664,1.1776258,3.6972076,1.0782208,12.002842,0.14489,0.071369,0.020825,0.016491,37.295503,0.016198,804.935759,230.526851
22099,62885.7132,1610644035.15,0.043537646,-1.1332358,2.494523,-64.929629,0.34528685,375.06708,7.6846824,1.2453954,0.9211641,-0.42082033,0.079897,7.6846824,1.2453954,7.116125,1.1532538,11.984105,0.15346,0.322059,0.082588,0.064882,73.593571,0.940978,314.740386,66.496744
22100,62080.5123,1541074679.92,6.0999156,-0.033760161,349.499419,-1.934315,2.5223608,761.50115,9.8057184,1.4776009,0.83396327,0.41857442,0.1545685,9.8057184,1.4776009,8.4929721,1.2797862,11.881782,0.18364,0.076398,0.005574,0.019139,38.660641,0.814325,778.545102,260.076694
22147,64436.0036,1744589130.2,3.8278624,0.73528815,219.32036,42.128908,2.083275,485.91299,3.7815287,1.3265666,0.28984532,0.046426643,0.1019866,3.7815287,1.3265666,3.431556,1.2037956,11.955836,0.16385,0.042554,0.003677,0.014038,38.76838,0.490339,481.648995,182.89625
22151,61289.9428,1472769478.17,4.6434865,0.93675296,266.052179,53.671991,1.5213421,209.36749,14.251101,1.2481841,0.96802145,0.36860606,0.0456791,14.251101,1.2481841,13.6285612,1.1936589,11.983541,0.15381,0.2935,0.112816,0.0487,62.715849,0.049434,341.482868,109.319249
22177,63121.9339,1631053503.66,1.3115553,0.45777537,75.146583,26.228597,0.66552419,847.24211,19.35615,1.3167073,0.98479134,-0.37155455,0.1703353,19.35615,1.3167073,16.5389782,1.1250684,11.959502,0.16258,0.2542,0.099572,0.041678,34.123555,0.786593,852.444234,222.070443
22204,63076.1978,1627101907.52,3.6498853,0.63840399,209.123023,36.577854,2.6108905,999.13302,7.0403848,1.6531366,0.95928901,0.024920002,0.1976659,7.0403848,1.6531366,5.8784215,1.3802987,11.741241,0.20792,0.296911,0.022172,0.08,30.485553,0.862452,742.227559,264.184155
22296,61548.3962,1495099846.18,0.36735241,0.51726661,21.047743,29.637194,1.7333337,210.97053,5.0561781,1.418083,0.65057141,0.26061571,0.0460176,5.0561781,1.418083,4.8337408,1.355697,11.914756,0.17576,0.104053,0.010991,0.029679,57.008716,0.161823,522.464298,160.718586
22308,62777.7121,1601312746.6,3.0364917,-0.41356189,173.978159,-23.695351,0.97384124,577.44253,8.7398825,1.4528275,0.8683452,-0.40863359,0.1197978,8.7398825,1.4528275,7.8048755,1.2974016,11.895705,0.18035,0.152109,0.027315,0.033857,30.491352,0.562127,795.532574,280.279424
22317,64245.6925,1728146254.21,1.9564292,0.41966177,112.095136,24.044848,0.31338155,311.363,4.2764897,1.290325,0.19444142,0.043854084,0.0669216,4.2764897,1.290325,4.008251,1.2093906,11.969067,0.1592,0.01748,0.000507,0.005649,34.027675,0.951297,324.40037,98.767585
22332,62466.2574,1574403059.29,1.0950585,0.078559542,62.74223,4.50113,2.3308835,572.21479,10.169798,1.5006322,0.93578231,-0.44025984,0.1187903,10.169798,1.5006322,9.0899945,1.3412989,11.866308,0.18675,0.209284,0.038527,0.046122,63.256124,0.688985,756.538789,216.369692
22362,63278.109,1644547037.7,2.8356557,-0.18653326,162.471104,-10.687569,2.201467,447.66861,8.3533096,1.1452672,0.77721691,0.4451474,0.0944321,8.3533096,1.1452672,7.6325514,1.0464488,12.010892,0.14081,0.161657,0.063758,0.026413,55.015885,0.589687,840.716372,304.928234
22366,62361.2436,1565329869.07,4.5348154,0.19870031,259.825783,11.384689,0.64760668,201.14119,4.8626027,1.5073941,0.93869668,-0.31107095,0.0439391,4.8626027,1.5073941,4.6579372,1.4439483,11.862406,0.18765,0.352409,0.027996,0.109675,36.355066,0.79753,223.200318,39.788182
22423,62271.6471,1557588724.36,0.9949074,-0.12670565,57.003995,-7.259699,0.26951124,701.24478,6.3056808,1.1884856,0.98139316,0.10069243,0.1433299,6.3056808,1.1884856,5.5151891,1.0394949,11.999771,0.14626,0.489682,0.1038,0.105948,35.000552,0.963901,533.950928,139.224988
22425,63342.2157,1650085857.17,3.4720898,-0.59061911,198.936092,-33.839982,0.91146824,387.78199,15.986045,1.3181458,0.90925181,-0.20588435,0.0824616,15.986045,1.3181458,14.7682334,1.2177299,11.958962,0.16277,0.080158,0.014782,0.017621,17.193899,0.612586,698.38713,257.22357
22447,63619.5338,1674046140.15,4.2477966,-0.51232096,243.380817,-29.353829,0.60168592,903.30407,6.573072,1.4550349,0.76698446,-0.20841272,0.180509,6.573072,1.4550349,5.5679983,1.2325488,11.894278,0.18065,0.117297,0.014582,0.02926,46.569737,0.824383,858.488382,264.108647
22451,61733.7166,1511111529.14,3.0208244,0.3200157,173.080489,18.335549,2.0161251,360.99502,8.561903,1.4344386,0.7481271,0.13690023,0.0770492,8.561903,1.4344386,7.9494078,1.3318228,11.90595,0.17792,0.052631,0.001231,0.013951,47.205094,0.430755,490.279231,108.460077
22458,63693.5907,1680444654.57,1.1125221,0.36360832,63.742821,20.833222,0.42995415,447.88283,3.3646889,1.3295529,0.82636029,-0.35449889,0.0944746,3.3646889,1.3295529,3.0742502,1.2147864,11.954705,0.16424,0.303522,0.026922,0.105036,30.454507,0.908985,436.784991,161.714697
22488,63258.0252,1642811794.49,4.9963758,0.25078045,286.271246,14.368661,2.4274079,567.33608,2.9599998,1.3239477,0.16392913,0.31573716,0.1178491,2.9599998,1.3239477,2.6479422,1.1843707,11.9568,0.16351,0.04127,0.001026,0.015878,46.575761,0.755627,631.217393,200.699027
22530,61925.2944,1527663851.88,3.0566099,-0.55575188,175.130847,-31.842237,0.33221228,593.68549,8.9655609,1.7418644,0.96095413,0.23885311,0.1229207,8.9655609,1.7418644,7.9841441,1.5511909,11.634627,0.22109,0.214747,0.009449,0.056633,34.745525,0.945323,503.51222,140.194453
22544,62525.1453,1579490970.29,6.1589756,0.69569557,352.883308,39.86042,0.71393442,171.37901,6.6242814,1.8001578,0.97951144,-0.49370176,0.037609,6.6242814,1.8001578,6.384179,1.7349096,11.54809,0.2302,0.316813,0.006011,0.097342,32.919441,0.755791,278.296807,67.737299
22565,62863.9685,1608765295.89,3.8697485,-0.66530958,221.720257,-38.119431,0.69929485,319.56767,2.9717846,1.3161256,0.49678242,0.21958393,0.0686049,2.9717846,1.3161256,2.7809947,1.2316298,11.959719,0.16251,0.138785,0.011748,0.049991,59.675486,0.765296,320.359907,87.195749
22599,63365.1147,1652064329.61,5.0493504,0.14043601,289.306467,8.046391,2.4260286,501.43006,5.695581,1.6429833,0.95213217,0.10264977,0.1050324,5.695581,1.6429833,5.1542208,1.4868191,11.75043,0.20648,0.317479,0.017261,0.097328,71.899135,0.754723,820.117024,299.042222
22600,61161.0742,1461635228.96,0.56124421,-0.27557201,32.156925,-15.789113,0.89322318,547.44358,4.8072429,1.3788424,0.90664375,-0.2241087,0.1140007,4.8072429,1.3788424,4.3152963,1.2377393,11.933702,0.17062,0.337311,0.040475,0.095911,61.146095,0.626904,644.350774,204.498977
22618,61084.0381,1454979310.14,3.0173018,-0.026016439,172.878659,-1.490632,1.7788948,243.01816,3.0840697,1.4237313,0.63435119,0.20329186,0.0527541,3.0840697,1.4237313,2.9295251,1.3523873,11.911207,0.17651,0.163076,0.006015,0.062445,58.026405,0.2066,316.161992,95.623879
22661,62477.4645,1575371352.35,5.35249,-1.3258008,306.675087,-75.96279,0.28477706,661.52177,16.90074,1.170716,0.91467303,0.237744,0.135846,16.90074,1.170716,14.8794294,1.0306996,12.00495,0.14401,0.117706,0.050731,0.018052,50.710977,0.959724,559.608925,143.797845
22671,64029.5071,1709467831.21,3.8335409,-0.35849672,219.645714,-20.540349,1.0908094,411.08218,4.8734279,1.6905925,0.92822391,0.40878013,0.0871399,4.8734279,1.6905925,4.4827972,1.5550827,11.700424,0.21337,0.275098,0.003858,0.097407,25.274446,0.461768,831.240274,273.155517
22677,64145.644,1719502061.85,4.6365884,-1.3649879,265.656947,-78.208046,1.0034874,490.69047,11.475609,1.2600495,0.88713211,-0.22038148,0.1029255,11.475609,1.2600495,10.4046998,1.1424611,11.979373,0.15533,0.165381,0.059102,0.028648,68.483998,0.537364,873.912919,328.030969
22678,61624.1275,1501643034.04,0.73033839,0.38942005,41.845307,22.312125,0.27353173,476.03999,6.7200384,1.3816776,0.7867924,-0.16394746,0.1000429,6.7200384,1.3816776,6.1088875,1.2560215,11.932066,0.171,0.15103,0.028289,0.034247,65.25228,0.962823,457.792949,102.102025
22714,63354.183,1651119828.83,0.69106766,-0.065462479,39.59526,-3.750724,2.4197449,288.97919,10.972876,1.2264892,0.72789425,-0.47888491,0.0623106,10.972876,1.2264892,10.3292542,1.1545486,11.997105,0.15097,0.036584,0.004042,0.008772,17.346639,0.750586,304.996876,98.679774
22729,62844.4087,1607075331.36,6.0142136,0.84648279,344.589056,48.499891,2.1040597,557.90915,4.789897,1.3999465,0.55644596,0.17045145,0.1160275,4.789897,1.3999465,4.2919168,1.2544015,11.924378,0.17337,0.07408,0.006659,0.022026,26.095376,0.508346,662.405974,208.060962
22737,64095.0181,1715127985.32,5.2285857,-0.81076771,299.575893,-46.453568,0.67580609,705.79629,3.5767858,1.4124136,0.80279547,0.29695326,0.1441836,3.5767858,1.4124136,3.1260594,1.2344292,11.917508,0.17502,0.257229,0.018079,0.090792,18.567604,0.780203,740.771747,238.34505
22749,63315.6817,1647793314.76,2.8332258,1.0261692,162.331881,58.795164,0.59943194,516.83151,9.9293156,1.3188417,0.9682883,0.25755188,0.1080447,9.9293156,1.3188417,8.9611147,1.1902423,11.958701,0.16286,0.363038,0.095214,0.072237,73.806673,0.825656,511.801552,152.353087
22790,61174.2376,1462772549.45,3.262162,-0.62121088,186.908115,-35.592762,0.31707431,819.93308,3.4797816,1.3291887,0.53537947,-0.32644793,0.1653413,3.4797816,1.3291887,2.9860623,1.1406004,11.954846,0.16419,0.131948,0.013966,0.044227,45.31081,0.950152,823.496494,243.814446
22797,63096.2227,1628832060.88,3.547614,-0.24058934,203.26331,-13.784754,2.4043989,375.51821,6.8621888,1.3525354,0.59958893,0.49539566,0.0799882,6.8621888,1.3525354,6.3539481,1.2523613,11.946086,0.1672,0.041974,0.00418,0.010452,69.57758,0.740358,313.288138,102.499194
22824,63356.4797,1651318265.09,1.4920593,-1.2335251,85.488701,-70.675782,0.87503908,785.62132,12.854224,1.3614544,0.90147805,0.1540274,0.1590301,12.854224,1.3614544,11.0905009,1.1746498,11.941179,0.16837,0.121693,0.032829,0.023953,65.51192,0.640967,725.953592,236.02857
22850,63028.8636,1623012234.34,1.5004026,-0.2290243,85.966737,-13.122126,2.8358347,842.52045,11.828313,1.2966198,0.96781725,-0.1779905,0.1694737,11.828313,1.2966198,10.1142192,1.1087208,11.966832,0.16001,0.328125,0.102719,0.060758,19.170254,0.953619,971.292782,357.143429
22918,64039.3037,1710314261.19,3.2789862,0.22838477,187.87207,13.085483,2.2897916,376.61696,16.61517,1.1216562,0.93893439,-0.24489495,0.0802101,16.61517,1.1216562,15.3814246,1.0383686,12.016158,0.13785,0.194178,0.100883,0.025146,34.933481,0.658629,389.216894,100.716276
22934,64041.4333,1710498255.81,3.809156,-1.3215279,218.248562,-75.717971,2.8041641,938.6136,16.7889,1.6493014,0.97774863,0.45185807,0.1868642,16.7889,1.6493014,14.1455953,1.3896295,11.743695,0.20739,0.131876,0.00718,0.03361,18.560886,0.943609,863.471264,224.88982
22938,62395.4845,1568288280.09,5.3077943,0.42228485,304.114212,24.19514,0.52470248,111.96398,11.44262,1.0700326,0.85739869,-0.035882451,0.0248018,11.44262,1.0700326,11.1656909,1.0441362,12.026999,0.13138,0.183042,0.093297,0.024189,51.27406,0.865473,99.594377,30.504422
22944,62527.6763,1579709649.09,4.2752879,0.047576215,244.955953,2.725916,2.5982936,534.15354,5.2499914,1.2380908,0.62260801,0.37549144,0.11142,5.2499914,1.2380908,4.7236791,1.1139721,11.985965,0.15254,0.134053,0.032911,0.029504,15.077245,0.856008,519.615035,144.747841
22949,61217.9559,1466549808.38,1.202188,0.52368042,68.880299,30.004678,2.1477479,648.51764,7.9372487,1.3216176,0.96007317,0.45571756,0.1333826,7.9372487,1.3216176,7.0031505,1.1660825,11.957663,0.16322,0.378676,0.082389,0.080391,68.674068,0.545471,711.228962,226.45741
22975,64214.1296,1725419214.22,4.8894491,0.73324027,280.144798,42.011573,0.69596466,512.60566,7.8800864,1.11271,0.79857653,0.11177079,0.1072192,7.8800864,1.11271,7.1170064,1.0049591,12.018536,0.13672,0.2031,0.077935,0.033781,36.456839,0.767436,545.752861,204.022115
22983,62396.6028,1568384896.2,2.8207274,-0.60884768,161.615775,-34.884402,2.0298306,339.11276,8.2268543,1.1505975,0.62782323,-0.37496778,0.0726002,8.2268543,1.1505975,7.6700102,1.072718,12.009317,0.14148,0.066738,0.029158,0.010141,37.142294,0.443083,579.905493,188.523601
22995,63052.4373,1625049001.34,0.30913786,-0.50408274,17.712295,-28.881814,2.5029968,313.50056,8.5041075,1.7401159,0.97947264,0.28864875,0.0673605,8.5041075,1.7401159,7.967418,1.6302982,11.637368,0.22081,0.295506,0.019055,0.077049,23.892675,0.802934,318.998704,86.607979
23004,63197.0057,1637539708.43,5.5635106,-0.15531735,318.765677,-8.899029,2.5916992,546.53445,9.455596,1.3604027,0.94471109,0.10542975,0.1138244,9.455596,1.3604027,8.4893061,1.2213799,11.941691,0.16823,0.294816,0.071822,0.060202,22.574577,0.85258,794.469683,242.686157
23046,64200.5925,1724249608.18,2.2076172,-0.34376426,126.487148,-19.696241,0.41676395,485.90282,4.064333,1.2589475,0.36024672,-0.0085659558,0.1019846,4.064333,1.2589475,3.688194,1.1424366,11.979732,0.15519,0.068716,0.014114,0.018451,67.921597,0.914404,491.269291,160.755996
23052,61735.5683,1511271522.19,1.4563314,0.66132466,83.441643,37.891112,0.66469263,760.23102,10.525635,1.5969802,0.91808057,-0.4279741,0.154333,10.525635,1.5969802,9.1183695,1.3834658,11.793451,0.19997,0.129567,0.010459,0.032193,71.732714,0.787106,938.792806,497.851956
23064,63935.082,1701309498.6,2.9083125,0.075946638,166.634032,4.351422,0.21184601,678.27489,4.9830923,1.4814059,0.7710188,0.4154368,0.1390098,4.9830923,1.4814059,4.3749338,1.3006086,11.879363,0.18415,0.165059,0.013526,0.05,29.137735,0.977644,670.607484,247.555661
23088,62492.0898,1576634974.03,1.7761454,-0.28608436,101.765635,-16.391426,2.4216425,471.02258,19.516922,1.2926811,0.93618971,-0.41856793,0.0990534,19.516922,1.2926811,17.7579377,1.1761768,11.968234,0.1595,0.073975,0.005547,0.018444,36.877336,0.751839,478.724651,105.836465
23098,61321.4224,1475489316.04,5.0398313,-0.41673823,288.761063,-23.877342,2.4863033,554.95579,12.964285,1.2721163,0.83999908,-0.12533262,0.115456,12.964285,1.2721163,11.6224084,1.1404451,11.975379,0.15687,0.066648,0.015322,0.013834,31.61825,0.792872,538.690915,145.392032
23235,63698.9523,1680907898.93,3.0065741,-0.30601109,172.264007,-17.533144,2.0627043,782.69929,9.8607893,1.485625,0.84556097,0.43641669,0.1584907,9.8607893,1.485625,8.5117554,1.2823798,11.876296,0.18473,0.084232,0.007443,0.020751,22.140246,0.472308,1361.093813,374.261001
23248,64105.9922,1716076141.12,4.5388465,-0.70772196,260.056748,-40.549481,2.9644237,562.04856,14.227383,1.1674905,0.94432825,0.065801442,0.1168278,14.227383,1.1674905,12.7391015,1.045363,12.005791,0.1436,0.244138,0.10991,0.036179,28.29017,0.984347,480.842084,96.873181
23276,63441.0686,1658626747.2,4.174172,0.18489434,239.162439,10.593665,0.7136706,624.30589,10.958085,1.1773252,0.93166035,-0.34973517,0.1287781,10.958085,1.1773252,9.7079178,1.0430085,12.002937,0.14485,0.283861,0.107412,0.047561,32.385712,0.755964,689.989694,205.428491
23291,63366.4855,1652182763.9,2.6120494,-0.79449778,149.659406,-45.52137,1.99449,727.06924,5.7149591,1.553167,0.73782891,0.30541578,0.148163,5.7149591,1.553167,4.9774805,1.3527408,11.829247,0.19389,0.093717,0.000286,0.029263,56.287618,0.41113,914.194382,296.518278
23307,63948.5889,1702476495.8,0.37617349,-0.81893392,21.553153,-46.921457,0.33895941,322.57495,8.59443,1.4022483,0.75114155,-0.0051856851,0.069221,8.59443,1.4022483,8.0380298,1.3114673,11.922548,0.17368,0.062132,0.006986,0.014946,21.285173,0.943101,285.766543,52.911805
23308,62626.6198,1588258370.03,5.2519461,-0.75592937,300.914346,-43.311563,1.4242842,367.67987,9.6473627,1.252812,0.7259692,-0.43563682,0.0784033,9.6473627,1.252812,8.9459692,1.1617286,11.981953,0.1544,0.058151,0.016354,0.011272,32.277629,0.145989,906.458002,279.208454
23312,62651.597,1590416399.46,1.7804885,0.9841743,102.014477,56.389034,2.850989,487.24892,10.421806,1.5799681,0.91252196,0.42799783,0.1022493,10.421806,1.5799681,9.4550356,1.4334036,11.808088,0.19759,0.128472,0.011724,0.031555,37.383077,0.958071,390.740748,103.850436
23402,62244.3868,1555233435.97,1.2644693,-0.10695982,72.448754,-6.128346,2.7017689,670.83302,19.205135,1.1655934,0.9865365,0.39814982,0.1376057,19.205135,1.1655934,16.8820659,1.0246023,12.006209,0.14336,0.326125,0.161236,0.044443,70.336164,0.904827,947.303223,385.27848
23403,63969.1264,1704250941.62,1.4726855,-1.1762101,84.378664,-67.391875,0.48296095,355.05729,9.458972,1.3126351,0.78195435,0.44246051,0.0758444,9.458972,1.3126351,8.7921375,1.2200975,11.961015,0.16206,0.08647,0.023083,0.017104,45.691182,0.885624,289.017338,87.35428
23436,63421.7054,1656953761.82,0.34202259,0.19651019,19.596451,11.259205,2.8372915,196.26288,5.2526865,1.4162147,0.90558684,0.31867898,0.0429053,5.2526865,1.4162147,5.0365901,1.3579514,11.915837,0.17551,0.315011,0.03822,0.086306,58.954406,0.954057,184.015604,39.563142
23439,63742.8964,1684704668.19,5.6793163,0.78283912,325.400855,44.853378,2.5130148,584.39424,3.8711464,1.2101774,0.28452519,-0.10226921,0.1211357,3.8711464,1.2101774,3.4528794,1.079421,11.993679,0.149,0.067244,0.016821,0.017129,47.332893,0.808865,639.263357,182.6269
23470,61958.1676,1530504095.05,2.2114667,-0.12952178,126.707708,-7.421051,0.5827243,401.15448,4.4049463,1.1271176,0.20376058,0.085674308,0.0851499,4.4049463,1.1271176,4.0592975,1.0386746,12.015123,0.13853,0.049859,0.020985,0.008752,45.236069,0.834967,373.69259,95.63442
23493,61584.4604,1498215796.71,3.6493892,0.38510714,209.094599,22.065014,2.596363,650.04414,3.87099,1.3562623,0.8478235,-0.20722085,0.1336721,3.87099,1.3562623,3.4145588,1.1963444,11.943908,0.16769,0.302161,0.03001,0.098209,58.013431,0.855008,568.074295,189.305721
23502,61404.823,1482695126.44,4.2187968,0.27295979,241.719251,15.639444,0.33753808,562.53947,16.606949,1.345819,0.94073611,0.14786001,0.1169227,16.606949,1.345819,14.8684857,1.2049348,11.949337,0.16632,0.122596,0.03444,0.023761,46.922201,0.943573,470.751249,157.246166
23533,61927.8819,1527887412.09,5.9507487,0.043473185,340.952785,2.49083,2.4399121,593.43041,7.7432113,1.4501303,0.93932337,0.40599132,0.1228718,7.7432113,1.4501303,6.8958999,1.2914478,11.897479,0.17999,0.298097,0.050222,0.067996,64.937456,0.763758,665.197524,215.393918
23555,61009.3448,1448525812.55,4.9733726,0.85549344,284.95326,49.016164,0.97525323,656.18541,7.0702677,1.2296487,0.74903351,0.10207124,0.1348359,7.0702677,1.2296487,6.2302115,1.0835476,11.995463,0.15138,0.154567,0.046511,0.029408,41.081428,0.560958,815.446918,237.75279
23588,62298.6069,1559918056.11,4.001831,1.1135415,229.288027,63.801228,1.7787223,205.46742,4.5893211,1.3329443,0.60025024,-0.15308797,0.0448547,4.5893211,1.3329443,4.3923057,1.2757222,11.953324,0.16467,0.119591,0.018589,0.032876,67.651387,0.206431,407.362493,117.340814
23594,62891.7739,1611167687.19,5.4047412,-1.0398223,309.66886,-59.577429,1.8291735,478.58106,10.577009,1.305075,0.80769032,-0.18741365,0.1005436,10.577009,1.305075,9.6107133,1.1858458,11.963782,0.16109,0.081761,0.021976,0.016118,38.47361,0.255512,670.268526,173.092462
23597,61877.6086,1523543796.89,1.2864589,-0.2704853,73.708665,-15.497666,2.2814343,168.53144,4.0117393,1.1746888,-0.027422981,-0.086882189,0.0370004,4.0117393,1.1746888,3.8685995,1.1327756,12.003765,0.14451,0.012705,0.005552,0.002339,19.701397,0.652317,180.64488,38.411929
23607,64373.4917,1739188101.86,2.3317064,0.64893488,133.596936,37.18123,0.96497857,806.14634,7.903955,1.2099038,0.6183576,-0.22244351,0.1628103,7.903955,1.2099038,6.7972865,1.0404997,11.993829,0.14897,0.056237,0.019793,0.009852,63.621697,0.569434,957.274049,295.418725
23614,62207.8496,1552076626.91,2.7869934,-0.49937596,159.682959,-28.612135,2.7252174,453.12509,19.060755,1.2467536,0.97100997,-0.021189423,0.0955142,19.060755,1.2467536,17.3989123,1.1380534,11.983883,0.15363,0.208902,0.090282,0.031972,45.444143,0.914561,448.949849,123.232684
23617,61422.3102,1484206022.82,2.0989972,-0.18825728,120.263681,-10.786348,1.1240248,467.49589,17.019064,1.2689129,0.94664252,0.20100236,0.0983572,17.019064,1.2689129,15.4950176,1.1552826,11.976476,0.15646,0.155985,0.059861,0.025909,15.515393,0.432056,682.818401,201.237129
23634,62307.4208,1560679572.36,3.1920559,1.1738539,182.891331,67.256874,2.2904272,719.52079,16.419245,1.4203856,0.97083032,0.37807631,0.1467529,16.419245,1.4203856,14.318032,1.2386152,11.913206,0.17607,0.197433,0.057273,0.037778,65.020847,0.659107,951.853885,326.412066
23658,63158.0297,1634172182.46,3.0548597,0.93074942,175.030568,53.328014,2.5687807,569.8473,12.031007,1.2422965,0.86831748,0.36892399,0.1183337,12.031007,1.2422965,10.7579758,1.110846,11.984467,0.15308,0.130151,0.048765,0.021937,15.744295,0.84038,607.388521,206.657938
23660,61578.7954,1497726343.08,1.5194554,0.7817464,87.058382,44.790769,2.6552062,443.42476,18.720182,1.3859644,0.95461267,0.42156014,0.0935896,18.720182,1.3859644,17.1181055,1.2673533,11.929759,0.17156,0.104648,0.01901,0.023082,72.6557,0.884028,383.939657,97.015944
23664,61446.3185,1486280336.05,0.94596441,-0.57853829,54.199768,-33.147802,2.40502,647.41525,20.599066,1.2580427,0.937361,0.025374182,0.1331734,20.599066,1.2580427,18.1782113,1.1101943,11.980034,0.15507,0.069034,0.001227,0.018276,38.047395,0.740775,940.193073,492.185183
23665,63613.0566,1673486508.13,3.9043418,-0.86796851,223.702307,-49.730932,2.0930522,221.62427,11.779343,1.4546509,0.96517479,0.17349838,0.0482639,11.779343,1.4546509,11.2370015,1.3876762,11.89453,0.1806,0.267388,0.062789,0.055162,29.102094,0.498837,399.008433,103.472949
23675,61196.12,1464663188.18,4.6373649,0.4776294,265.701437,27.366149,0.48210207,496.64043,9.2562532,1.563519,0.92832142,0.019702645,0.1040934,9.2562532,1.563519,8.3835779,1.4161111,11.821041,0.19532,0.195723,0.026072,0.046072,44.291542,0.886022,499.383551,148.481649
23692,62584.6566,1584632748.06,4.5349883,-0.77263429,259.83569,-44.268684,2.3215292,392.78167,10.162312,1.444784,0.8346293,-0.42046651,0.0834677,10.162312,1.444784,9.3794321,1.3334813,11.901222,0.17927,0.077623,0.008605,0.018629,50.594256,0.682175,447.1753,110.929335
23726,61225.508,1467202307.09,3.0269545,0.47791654,173.431718,27.382601,0.77652708,484.50566,6.602386,1.2235119,0.67132235,-0.090261869,0.1017098,6.602386,1.2235119,5.9928539,1.1105573,11.996035,0.15062,0.1196,0.036897,0.022655,41.159325,0.713352,580.125795,194.473343
23760,62012.7111,1535216657.74,2.7256915,-1.0305556,156.170619,-59.046486,0.61536257,536.67042,6.9765038,1.4237021,0.6644305,0.31111702,0.1119093,6.9765038,1.4237021,6.2743461,1.2804121,11.911221,0.17651,0.050273,0.00182,0.013496,44.715193,0.816564,576.110748,293.460894
23765,63222.7211,1639761522.07,5.8025335,-0.14404641,332.46068,-8.253251,0.96445403,341.02269,10.396432,1.1483593,0.70176828,0.31118339,0.0729895,10.396432,1.1483593,9.6892207,1.0702428,12.009962,0.1412,0.05217,0.020308,0.008588,59.073064,0.569866,494.275514,156.633433
23769,62682.5968,1593094781.27,2.3987006,-1.1415085,137.435421,-65.403619,0.49388489,340.80821,14.83551,1.547477,0.95937884,-0.42192686,0.0729458,14.83551,1.547477,13.8268962,1.4422695,11.833044,0.19312,0.141686,0.021292,0.032451,49.273343,0.880498,278.083025,62.784122
23787,61912.1126,1526524950.33,4.7960365,1.2627044,274.79265,72.347633,0.088010351,556.49444,10.65785,1.3733323,0.85328352,0.43587902,0.1157538,10.65785,1.3733323,9.5521524,1.2308561,11.936399,0.1699,0.106149,0.024997,0.021884,17.630057,0.99613,458.932892,132.781405
23791,62055.0569,1538875334.38,1.9211754,-0.79946577,110.075242,-45.806014,2.0097878,126.45434,7.8492455,1.3021429,0.79385257,-0.49517143,0.0279468,7.8492455,1.3021429,7.6358482,1.2667416,11.964845,0.16071,0.145797,0.039163,0.028926,72.12275,0.425027,170.185656,55.320612
23843,63780.7194,1687972575.05,4.2327635,0.13417431,242.519484,7.687622,1.0275851,626.9756,7.9263725,1.1306766,0.79008067,-0.051361579,0.129287,7.9263725,1.1306766,7.0189179,1.0012305,12.014556,0.13897,0.189318,0.071815,0.031718,23.440332,0.516888,931.158872,282.405664
23862,64003.7019,1707238264.24,4.3423298,-0.58857836,248.797171,-33.723056,1.3889838,473.98252,11.891059,1.3612646,0.95587236,-0.24238968,0.0996373,11.891059,1.3612646,10.8136192,1.2379215,11.941269,0.16834,0.266344,0.076484,0.051179,23.863339,0.180813,1310.533119,384.351409
23908,62455.6615,1573487568.29,2.2744182,-0.23350481,130.314564,-13.37884,1.6215451,289.45375,4.4920688,1.7207739,0.95370394,0.1382663,0.0624086,4.4920688,1.7207739,4.2281931,1.6196912,11.671883,0.21771,0.325085,0.001754,0.121342,37.915099,0.050727,440.427112,153.144572
23938,61691.4325,1507458182.9,0.10733383,-0.98055414,6.149775,-56.181614,2.6685405,531.17097,2.2867641,1.2186743,0.66512334,0.14821321,0.1108398,2.2867641,1.2186743,2.0585904,1.0970748,11.992522,0.15006,0.259916,0.019823,0.098075,20.889708,0.890182,551.288849,164.377876
23943,63409.9007,1655933842.64,5.6181219,1.2071373,321.894674,69.163873,2.98688,424.06553,2.2561109,1.1526732,0.47741592,0.26237431,0.0897352,2.2561109,1.1526732,2.0703296,1.0577554,12.008755,0.14175,0.201816,0.021885,0.073006,44.571017,0.988056,335.845606,90.961487
23981,63991.2868,1706165596.66,3.2198014,0.39182462,184.481031,22.449897,0.46519071,627.18061,6.8922143,1.4968213,0.82572275,-0.31507403,0.129326,6.8922143,1.4968213,6.1029446,1.3254111,11.868363,0.18624,0.145541,0.016798,0.036453,22.436144,0.893736,511.131196,181.744084
24032,62966.109,1617590239.3,4.3410292,-0.44517956,248.722652,-25.50691,2.0186772,647.63645,10.899086,1.2297263,0.92381984,-0.16746819,0.1332154,10.899086,1.2297263,9.6178414,1.0851655,11.995389,0.15139,0.254004,0.089527,0.044336,36.628992,0.433056,967.77703,335.809675
24053,62076.1966,1540701802.9,4.4756787,-0.054835112,256.4375,-3.14182,2.5790746,639.91397,3.6315529,1.3080124,0.92245334,0.44372818,0.1317491,3.6315529,1.3080124,3.2087969,1.1557442,11.962711,0.16147,0.397121,0.039216,0.130841,52.314336,0.845915,823.656818,256.078742
24086,63212.2768,1638859136.49,4.0573029,-0.19685475,232.466332,-11.278946,0.91963762,430.45751,9.8500881,1.439271,0.87323266,0.45887366,0.0910098,9.8500881,1.439271,9.0284139,1.31921,11.903074,0.17856,0.13164,0.025635,0.028626,60.871564,0.606108,587.188378,150.494612
24088,63967.6892,1704126767.29,1.5943295,-0.9499934,91.348352,-54.430612,1.7976485,568.31118,5.6490779,1.399188,0.54957825,-0.018697767,0.1180373,5.6490779,1.399188,5.0526739,1.2514681,11.924941,0.17327,0.045039,0.001818,0.01289,43.329065,0.224911,893.505135,257.255002
24100,63263.7764,1643308698.24,4.7709216,-1.0687386,273.353672,-61.234211,1.0430362,133.30444,2.8081374,1.0382794,-0.28907764,0.14652056,0.0294286,2.8081374,1.0382794,2.7278603,1.0085978,12.033474,0.12742,0.041339,0.019769,0.007978,24.403121,0.503599,198.043185,42.674084
