simulation_id,mjd_time,gps_time,longitude,latitude,ra,dec,inclination,distance,mass1,mass2,spin1z,spin2z,radius2,compactness2,mej_tot,mej_dyn,mej_wind,phi,costheta,distmean,diststd,redshift,mass1_detector,mass2_detector
3,64173.4842,1721907457.02,0.90171014,0.34458973,51.664185,19.743537,0.21996888,184.47588,3.0643749,1.2183794,0.78774416,0.27584037,11.992361,0.15003,0.307176,0.034559,0.117317,21.342323,0.975904,145.352591,30.504837,0.0404014,3.1881799,1.2676036
17,63091.9274,1628460944.41,1.8094942,0.12912099,103.676381,7.398088,0.26935593,737.35537,4.9697371,1.4343284,0.60207832,-0.36476108,11.906048,0.1779,0.078312,0.005239,0.026794,41.500407,0.963942,620.800324,206.119712,0.1500812,5.7156012,1.6495941
39,63189.7157,1636909852.96,5.1286029,-0.86469639,293.847301,-49.543454,2.0386369,627.96415,6.4813328,1.4022652,0.61733574,0.37914616,11.922535,0.17369,0.047636,0.002558,0.014416,47.977553,0.45096,871.542506,317.824208,0.1294753,7.3205053,1.5838239
94,61718.9436,1509835145.49,0.50942776,0.2790114,29.188061,15.986176,1.2919772,557.20498,14.353896,1.5092601,0.92682821,0.15531732,11.860609,0.18791,0.085389,0.003449,0.024973,64.142474,0.275221,1557.985595,456.379325,0.1158912,16.0173862,1.6841701
114,62198.7063,1551286638.9,3.352007,-0.31341134,192.055854,-17.957147,2.3426958,526.96477,17.390877,1.2717348,0.96510029,0.14297999,11.97551,0.15682,0.208269,0.08416,0.037824,22.0547,0.697498,623.938591,152.512004,0.1100208,19.3042352,1.4116521
137,62670.0027,1592006648.59,4.9244833,-0.43293425,282.152109,-24.805305,0.55670275,727.1234,13.765974,1.1632371,0.9337213,0.49854156,12.006658,0.14307,0.228995,0.103229,0.038329,56.678688,0.849002,657.235976,170.179962,0.1481732,15.8057224,1.3355977
150,62318.7338,1561657018.27,3.6632965,-0.67706612,209.891429,-38.793031,0.079914416,733.74438,5.6562271,1.3017744,0.39612439,-0.39591342,11.964979,0.16067,0.021322,0.000549,0.006785,37.946584,0.996809,759.645598,227.242079,0.1494083,6.5013144,1.4962703
191,62562.2474,1582696592.7,2.2914665,-0.21448275,131.291359,-12.288956,0.87731539,184.82699,4.5912576,1.1434275,0.35041642,-0.28486311,12.011448,0.14058,0.077087,0.027029,0.016925,58.872647,0.639218,291.195365,89.142578,0.0404761,4.7770938,1.189709
199,62932.3221,1614671043.33,3.4742183,0.5099669,199.058046,29.218951,0.58754205,795.45518,5.020524,1.5288697,0.85819119,-0.095889971,11.847217,0.19057,0.229429,0.016224,0.080669,71.640108,0.832306,696.217671,250.563945,0.1608431,5.8280406,1.7747778
216,61825.5539,1519046278.15,3.5863299,0.30294238,205.481567,17.35732,2.3219602,241.85752,6.5707297,1.1861339,0.38670325,0.068621084,12.000337,0.14596,0.019699,0.005378,0.004422,47.057424,0.68249,357.548131,120.652601,0.0525112,6.9157666,1.2484192
243,62555.0533,1582075025.81,1.9847525,-0.79791143,113.717942,-45.716957,0.82683671,213.84012,8.0149803,1.2765052,0.74806988,-0.36678177,11.973871,0.15743,0.111066,0.032912,0.023924,37.512158,0.677207,219.593147,49.901725,0.0466233,8.3886651,1.3360201
248,63008.9014,1621287494.95,4.852142,-0.24651517,278.007258,-14.124279,0.36155233,883.20665,16.338531,1.5001585,0.95805579,-0.18338433,11.866539,0.18669,0.12244,0.018643,0.031634,32.276491,0.935349,982.062117,343.757103,0.1768738,19.2283891,1.7654972
273,61120.4054,1458121441.14,5.7931377,-0.071982472,331.92234,-4.124292,0.41152005,719.32884,13.533473,1.4982258,0.95507604,-0.43076551,11.867547,0.18643,0.176377,0.037085,0.042455,28.400791,0.916514,949.857454,371.531099,0.146717,15.5190636,1.718041
275,62727.1148,1596941134.13,0.74524378,0.10297563,42.699323,5.900069,0.81742099,434.85593,5.4992366,1.2615954,0.56611288,0.22691528,11.978877,0.15553,0.092014,0.023305,0.022415,57.466515,0.684105,506.44308,146.435911,0.0918858,6.0045384,1.3775181
287,62350.506,1564402138.98,5.8928598,-1.0205915,337.635996,-58.475586,2.7118834,246.35344,5.5156746,1.159238,0.58435768,-0.31845918,12.00735,0.14257,0.127541,0.04087,0.027493,33.407535,0.909087,222.061998,50.869225,0.0534517,5.8104968,1.2212012
296,63236.2447,1640929961.77,0.91871832,0.18796235,52.638682,10.769449,2.1024028,340.93267,12.820803,1.303731,0.88683319,-0.24943835,11.96427,0.16092,0.117942,0.037345,0.024564,72.166312,0.506919,484.555271,113.293188,0.0729711,13.7563511,1.3988657
307,61265.6438,1470670039.7,1.436544,0.96824237,82.307908,55.476201,1.1183969,549.42687,13.987705,1.4021251,0.9722752,-0.48840433,11.922646,0.17367,0.263562,0.076676,0.056958,56.517495,0.437125,1213.837104,354.273604,0.1143851,15.58769,1.5625073
331,64079.9037,1713822098.1,4.0228271,-0.40965467,230.491015,-23.471484,2.535957,326.03496,12.93119,1.4230555,0.9451583,-0.45547,11.91154,0.17642,0.189689,0.049295,0.04279,47.091291,0.82214,340.027449,85.2521,0.0699292,13.8354578,1.5225686
345,64488.2132,1749100037.22,1.083252,-0.94012056,62.065768,-53.86494,1.1747311,270.63763,3.3034542,1.3117542,0.39691961,-0.25712487,11.96134,0.16195,0.092781,0.00997,0.03562,65.18879,0.385791,597.021619,214.901187,0.0585114,3.4967439,1.3885068
352,62864.6923,1608827836.53,2.5412498,-0.23260473,145.602888,-13.327269,1.4611064,229.86647,2.1535232,1.2682136,0.50557321,0.11057789,11.976714,0.15637,0.183636,0.009833,0.081318,43.832114,0.10947,353.817243,86.056684,0.049997,2.2611929,1.3316205
362,63021.6467,1622388694.18,6.182322,-0.90201994,354.220958,-51.681936,2.7698418,657.34959,10.249949,1.3602687,0.95798427,0.13953535,11.941758,0.16821,0.31127,0.079655,0.070636,37.740193,0.931693,695.736364,208.567039,0.1350564,11.6342702,1.5439817
384,61288.4689,1472642129.62,1.0728406,-0.93864971,61.469238,-53.780667,2.5861582,301.80188,6.4365005,1.5291271,0.82012504,-0.204261,11.847063,0.1906,0.144114,0.012207,0.043644,15.222624,0.849671,303.1994,64.433225,0.0649554,6.854586,1.6284522
390,61055.4156,1452506329.2,3.9753212,-1.2763109,227.769127,-73.127228,0.20702401,268.52388,4.8051295,1.5993415,0.86442995,-0.10110982,11.791203,0.2003,0.219889,0.007477,0.084451,29.360287,0.978647,200.700641,50.13103,0.0580723,5.0841744,1.6922189
393,63002.217,1620709962.58,2.257077,-0.77274169,129.320986,-44.274837,2.1158506,632.87219,11.837072,1.1912659,0.90246779,-0.051734835,11.999191,0.14661,0.202697,0.08278,0.036547,15.700204,0.518465,826.451073,250.164459,0.1304099,13.3807434,1.3466188
421,61715.9321,1509574953.29,0.21444178,-0.56470554,12.286609,-32.355244,2.7683568,45.492847,15.124082,1.0308818,0.96504658,0.23898502,12.0348,0.12649,0.33296,0.181476,0.046167,70.162815,0.931152,30.387764,9.317215,0.010188,15.2781661,1.0413844
424,62584.1812,1584591670.3,0.46449392,1.1483984,26.613541,65.798382,2.1658333,326.73611,7.0052743,1.2546315,0.52529329,-0.094502054,11.981253,0.15464,0.033294,0.007294,0.008022,58.191421,0.560539,388.855279,115.201617,0.0700726,7.4961521,1.3425468
425,63640.6278,1675868658.41,2.1030156,0.22649294,120.493918,12.97709,1.1101836,479.04579,15.184749,1.386247,0.93230039,-0.25461856,11.929626,0.1716,0.119199,0.029192,0.027431,17.492881,0.444497,849.015167,298.14128,0.1006351,16.7128677,1.5257521
428,63446.2171,1659071575.29,5.2033627,-0.55086768,298.130722,-31.562393,1.0039932,672.56189,17.81955,1.5804586,0.97464836,0.48186243,11.807714,0.19766,0.123957,0.010499,0.034578,49.760237,0.536938,968.045199,320.626567,0.1379321,20.277438,1.7984546
443,62223.9668,1553469147.53,1.9622847,0.8969562,112.430632,51.391805,2.4783231,749.94773,10.772735,1.279181,0.85894924,0.035474338,11.972952,0.15777,0.138794,0.046272,0.028203,20.343168,0.787983,881.849237,319.476608,0.1524241,12.4147594,1.474159
459,63722.7452,1682963606.44,2.6882487,0.086731592,154.025305,4.969354,2.5181967,144.83523,6.3795528,1.6005903,0.86328524,0.48653716,11.790031,0.20048,0.167924,0.008937,0.053951,70.522435,0.811901,133.4451,29.162048,0.031916,6.5831626,1.6516747
470,64118.7725,1717180361.32,0.55186005,0.78741457,31.619252,45.115532,1.0210173,660.34051,11.63953,1.3252449,0.98334849,0.0083170114,11.956323,0.16368,0.391259,0.111527,0.085262,24.281574,0.522499,981.233943,279.678151,0.1356225,13.2181122,1.5049779
482,61786.3918,1515662672.74,3.0827368,-0.15364741,176.627808,-8.803348,0.88083786,764.41228,13.123148,1.1811951,0.95230156,0.13627641,12.001733,0.14534,0.285873,0.118234,0.051091,36.956003,0.636505,911.960099,296.56217,0.1551081,15.1586546,1.364408
493,61295.9106,1473285094.24,1.8056751,0.10097936,103.457562,5.785691,2.0020037,467.06785,4.6758509,1.7769805,0.98594522,-0.31440338,11.584593,0.22652,0.397885,0.001697,0.167588,21.346583,0.417968,944.063755,293.812136,0.0982727,5.1353594,1.9516092
542,64317.2023,1734324699.76,3.392121,1.3439584,194.354217,77.003144,2.7170412,350.03623,9.9724569,1.162156,0.89421046,-0.017631529,12.006847,0.14293,0.244424,0.093244,0.046081,58.853256,0.911224,322.095192,65.799722,0.0748242,10.718638,1.2491134
563,61887.1299,1524366443.56,5.370283,0.30318441,307.694551,17.371187,1.1005156,718.59929,8.0532932,1.2733002,0.90152115,0.46603152,11.974971,0.15702,0.273649,0.071804,0.06177,39.270199,0.453137,1138.905883,328.732974,0.1465806,9.2337497,1.4599413
567,61704.8203,1508614895.49,5.184914,-0.92757263,297.073689,-53.145997,1.9792632,867.95571,13.281716,1.4013354,0.90098083,0.21103145,11.92328,0.17356,0.098333,0.019346,0.024073,66.025226,0.397203,906.69842,323.469981,0.1741064,15.5941478,1.6453169
577,63467.1066,1660876430.01,1.9450331,1.5424297,111.442188,88.374712,2.0812701,540.23504,11.51562,1.3850319,0.86878341,0.098874867,11.93022,0.17144,0.099685,0.021767,0.023752,35.971631,0.488591,800.160822,235.152181,0.1126019,12.8123007,1.5409891
578,62951.4831,1616326560.83,2.1562666,0.73749232,123.544976,42.255197,2.6403913,341.50288,5.7177439,1.3617005,0.4892385,-0.23309983,11.941062,0.1684,0.03187,0.00054,0.010377,17.103749,0.877006,502.732282,184.251213,0.0730873,6.1356384,1.4612235
589,63897.8792,1698095180.97,1.7149559,-0.73967938,98.259735,-42.380507,0.37589726,316.86019,7.0166082,1.5525553,0.96876377,0.20559767,11.829848,0.19381,0.359294,0.040671,0.102617,19.76977,0.930179,281.046477,58.468829,0.0680498,7.494087,1.6582064
625,64042.9098,1710625827.14,1.1143565,0.63695332,63.847924,36.494737,2.3701691,596.55145,5.6847367,1.3393022,0.66485357,0.29935005,11.950948,0.16549,0.11336,0.021456,0.030301,72.065308,0.716919,674.484719,182.732574,0.1234706,6.3866346,1.5046666
652,63602.1218,1672541739.02,3.4033315,0.50765229,194.996531,29.086334,2.5266173,547.9944,15.405053,1.6068854,0.95937884,-0.42192686,11.784202,0.20137,0.107338,0.002848,0.031846,65.093059,0.816788,597.438799,118.958082,0.1141075,17.1628851,1.7902431
674,62833.919,1606169017.85,3.5410933,-0.26265501,202.889701,-15.049024,2.9889861,795.25585,11.222466,1.4292219,0.84838104,-0.17320651,11.909661,0.17722,0.070395,0.006544,0.019468,56.60552,0.988378,578.79278,278.283236,0.1608064,13.0271104,1.6590499
683,64262.0743,1729561633.81,2.2024147,-1.1701943,126.189067,-67.047195,2.1021767,392.92045,3.6534567,1.2380852,0.50339252,0.060375515,11.985969,0.15254,0.138593,0.02372,0.046101,37.611848,0.506724,409.359419,143.480517,0.0834956,3.9585043,1.3414599
686,62560.3456,1582532273.67,1.0610129,-1.3503089,60.791561,-77.367001,2.6143026,519.02193,2.2743227,1.1872208,0.95382643,-0.4557893,12.000066,0.1461,0.461931,0.032039,0.197927,73.468212,0.864174,686.847823,200.564675,0.1084722,2.5210235,1.3160013
696,63922.1105,1700188767.33,1.2846614,-0.07814961,73.605676,-4.477643,0.50423164,330.7523,16.678139,1.1389244,0.93390393,-0.062996417,12.012751,0.14001,0.174427,0.087651,0.026446,30.644285,0.875546,398.988863,108.677466,0.0708937,17.860514,1.219667
700,63369.6375,1652455098.64,2.9295978,0.088938547,167.85359,5.095803,0.69738718,567.3507,6.452055,1.2021451,0.42516574,-0.038752817,11.997035,0.14797,0.028598,0.009135,0.006033,17.122021,0.766523,529.630519,161.213552,0.1178519,7.2124419,1.3438202
713,64075.3297,1713426900.32,0.2020419,0.045983931,11.576148,2.634685,0.44235921,728.44684,8.0662203,1.2753439,0.90152115,0.46603152,11.97427,0.15728,0.272744,0.071413,0.061613,41.794729,0.903744,539.064252,149.493522,0.1484202,9.2634103,1.4646307
723,62912.3,1612941138.43,3.7802678,0.3224247,216.59339,18.473575,0.36578092,473.89372,4.7568831,1.1895555,0.41783795,0.29885748,11.999539,0.14639,0.080349,0.024457,0.018935,25.460532,0.933845,417.95444,151.578723,0.0996198,5.2307628,1.3080588
732,61175.5172,1462883101.77,1.8402173,0.81523509,105.436685,46.70953,0.1736562,649.77543,6.214241,1.7453644,0.92715859,-0.25291762,11.630433,0.22161,0.212653,4e-06,0.076745,24.203439,0.98496,518.36546,156.518142,0.1336211,7.0445947,1.9785819
738,63768.803,1686942996.95,6.1530618,0.45247287,352.544472,25.924786,2.1483359,494.55761,16.829807,1.1044958,0.98173887,-0.038662553,12.020054,0.13569,0.35597,0.179912,0.053657,59.655671,0.545964,1010.484956,319.929684,0.1036848,18.5748022,1.2190152
748,62359.7783,1565203264.8,5.2633491,0.23448371,301.56769,13.434927,2.7075014,476.28735,6.3041725,1.1672648,0.84156561,-0.045227673,12.005844,0.14357,0.274409,0.07411,0.062036,74.13444,0.907253,406.368745,114.988772,0.1000917,6.9351678,1.2840983
777,64461.1846,1746764765.32,2.2522842,-0.46127337,129.046379,-26.429017,0.48285746,466.40559,7.5650878,1.7492002,0.95806247,0.27436239,11.624647,0.22221,0.241566,0.007864,0.076471,31.101347,0.885672,413.230033,93.578913,0.0981418,8.3075391,1.9208699
791,62946.8068,1615922528.76,4.9987728,-0.22051464,286.408584,-12.634558,2.8668819,937.4431,13.940333,1.4976714,0.95391971,0.49196389,11.86786,0.18636,0.163555,0.033555,0.039622,69.383444,0.962504,978.808212,294.931571,0.1866541,16.5423533,1.7772179
797,62564.2783,1582872062.95,5.5120273,0.24448012,315.815901,14.007679,0.48220214,523.67698,2.5045488,1.1336926,0.66354144,-0.22394243,12.014011,0.13935,0.271611,0.032138,0.10715,44.828256,0.885976,562.310344,192.888874,0.1093802,2.7784968,1.2576961
827,61219.6698,1466697889.67,0.38637803,0.18393857,22.13783,10.538904,0.98242931,363.78148,17.896534,1.0927551,0.88975286,0.373808,12.02251,0.13422,0.081142,0.030729,0.015364,51.726773,0.555003,645.973871,192.676384,0.0776139,19.2855538,1.1775681
911,61156.6443,1461252486.49,2.8373125,1.0085157,162.566031,57.783693,1.2150841,297.55892,5.4015965,1.247673,0.46390343,0.30781347,11.983675,0.15375,0.05947,0.016368,0.014098,43.524768,0.348258,482.946505,129.870191,0.0640813,5.7477378,1.3276255
959,61749.5037,1512475541.2,0.33966313,-0.58804242,19.461264,-33.692349,1.9739831,113.62052,3.8178306,1.0889994,0.2555199,-0.24703403,12.023487,0.13375,0.093072,0.031384,0.022465,29.528261,0.392352,171.530854,36.312336,0.025162,3.9138949,1.1164008
1022,64248.7597,1728411256.55,3.9053322,0.33648879,223.759053,19.279388,1.7393195,447.10203,11.239473,1.1935015,0.92218268,-0.31134829,11.998768,0.14689,0.252985,0.09673,0.047623,51.559358,0.167727,1021.933147,306.055526,0.0943197,12.2995767,1.3060722
1028,64493.7838,1749581338.77,3.0452037,-0.2512394,174.47732,-14.394957,0.92397644,131.74355,8.1326656,1.333789,0.64374065,-0.27672321,11.95297,0.16478,0.03322,0.000715,0.009964,69.840209,0.602652,127.034857,39.375602,0.0290912,8.3692546,1.3725905
1031,63482.7597,1662228852.76,2.7788004,-0.4891864,159.213535,-28.028316,1.1681414,528.47807,7.6914821,1.2896318,0.64173943,0.17868103,11.969312,0.15911,0.053322,0.012572,0.012507,67.515823,0.391862,998.953977,310.384503,0.1103156,8.5399726,1.4318983
1077,63878.5232,1696422820.7,5.8431905,-0.99974116,334.790155,-57.280949,0.40756409,570.6218,4.4889474,1.166685,0.83954114,-0.093532078,12.005976,0.1435,0.320069,0.061445,0.089369,53.634683,0.918089,494.473911,119.639083,0.1184831,5.0208118,1.3049175
1080,64143.5562,1719321677.66,1.019717,-0.055895399,58.42548,-3.20257,0.70412777,898.43152,9.8157825,1.2307197,0.73026425,-0.037323143,11.994335,0.15152,0.062624,0.02014,0.012952,36.667777,0.762176,1129.039037,343.756367,0.1796288,11.5789797,1.4517924
1081,61877.6596,1523548204.25,1.4510961,-1.099072,83.141682,-62.972187,0.60630086,519.60049,10.427103,1.7003819,0.93548799,0.45821029,11.687229,0.21485,0.128031,0.000185,0.039178,37.568648,0.821762,533.311903,156.279239,0.1085851,11.559331,1.885018
1094,63952.3447,1702800996.41,0.55240071,-0.56921377,31.650229,-32.613547,0.39361186,181.60358,2.9631224,1.3872347,0.37788776,0.11124047,11.929181,0.17173,0.077061,0.000877,0.034359,46.566663,0.92353,154.824365,33.975578,0.0397899,3.0810247,1.4424326
1107,61113.0003,1457481641.76,1.6661661,0.30903947,95.464285,17.706657,0.83794228,419.9844,12.321061,1.2791578,0.81093585,0.17301522,11.97296,0.15777,0.051891,0.007295,0.013592,38.568962,0.668994,451.246851,98.402434,0.0889203,13.4166534,1.3929009
1120,64407.2501,1742104825.98,0.86078142,-0.74234099,49.319142,-42.533006,0.69394797,130.60953,5.5723753,1.2512389,0.79240966,0.093911283,11.982546,0.1542,0.230081,0.049533,0.058439,22.765766,0.768727,164.706039,39.607096,0.028846,5.733116,1.2873321
1134,61727.694,1510591179.42,0.46244773,0.5831361,26.496303,33.411237,1.0775833,548.5654,11.752473,1.5239058,0.96382642,0.33754942,11.850929,0.18989,0.238287,0.046721,0.058413,31.230931,0.473458,706.800246,190.060193,0.1142181,13.0948181,1.6979634
1176,61000.6468,1447774301.93,3.9364796,1.5537289,225.543667,89.022108,0.19278813,338.11664,5.6157947,1.2785321,0.84295362,0.27226907,11.973175,0.15769,0.267477,0.052009,0.07009,20.791465,0.981474,292.151007,56.712882,0.072397,6.0223614,1.371094
1202,61853.7681,1521483983.18,5.302323,-0.66450781,303.80073,-38.073493,0.26653676,472.39339,4.7726874,1.1851795,0.74574798,-0.10027862,12.000587,0.14584,0.237209,0.051636,0.062655,62.275002,0.964689,379.802656,101.446155,0.0993239,5.2467293,1.3028962
1213,64418.4318,1743070924.89,1.3945218,0.0067086086,79.900214,0.384375,0.33119536,649.32157,6.4629927,1.2488947,0.85459316,-0.24498025,11.983337,0.1539,0.263123,0.062017,0.062672,24.096855,0.945654,660.268858,197.946439,0.1335351,7.3260291,1.415666
1229,63757.1635,1685937343.6,3.0415378,-1.194654,174.267279,-68.448632,0.7630167,462.03632,7.0596004,1.5868958,0.91846013,-0.43542475,11.801679,0.19857,0.231318,0.021437,0.06796,69.005043,0.722754,578.965565,166.543762,0.0972783,7.7463463,1.7412663
1241,62270.0438,1557450202.19,5.6287054,-1.1817599,322.501064,-67.709855,2.6817526,890.9652,10.589299,1.5035204,0.96474618,0.071159311,11.864965,0.18713,0.277215,0.053748,0.068202,15.850697,0.896123,811.354592,259.745444,0.1782787,12.4771455,1.7715661
1295,63008.9428,1621291078.68,4.5706514,0.22369603,261.879035,12.816838,0.32799328,440.80573,11.709769,1.5176862,0.90782183,0.04467148,11.854817,0.18905,0.109,0.012712,0.02936,66.084861,0.946691,333.091292,107.520884,0.0930692,12.7995878,1.658936
1296,62364.5251,1565613383.11,3.5351459,0.056092125,202.54894,3.213842,2.6779653,728.07249,5.872716,1.1601486,0.55536109,-0.27942285,12.007191,0.14268,0.101957,0.036177,0.020579,73.414303,0.894436,749.092799,286.09101,0.1483503,6.7439352,1.332257
1340,63062.0368,1625878394.99,4.9903704,-1.1191713,285.927162,-64.123792,1.2595328,337.6015,4.0109916,1.1121438,0.23112962,0.15138544,12.018675,0.13665,0.073686,0.026532,0.016892,57.424876,0.306262,504.838309,167.450787,0.072292,4.3009542,1.1925429
1350,63487.1246,1662605984.98,2.9612376,-1.264733,169.666417,-72.463863,0.73338811,907.57525,4.6329598,1.307321,0.50579023,-0.11473201,11.962964,0.16138,0.084557,0.015211,0.025095,47.793786,0.742911,872.151381,287.254001,0.1812798,5.4728218,1.5443119
1359,61351.6954,1478104901.97,4.2261316,-0.1437728,242.139504,-8.237575,2.4355012,415.71745,3.4111094,1.5933141,0.97428155,0.46864343,11.79689,0.19945,0.434697,0.009086,0.191852,58.275384,0.760904,474.213695,151.585197,0.0880674,3.7115169,1.7336331
1426,64126.8662,1717879657.07,1.3063736,-1.0962433,74.849694,-62.810114,2.3635964,371.52821,10.739154,1.1810592,0.74996865,-0.22023669,12.001774,0.14532,0.066032,0.025134,0.012465,38.250768,0.712321,375.285985,85.159614,0.0791818,11.5894995,1.2745776
1427,61640.552,1503062113.95,0.82560133,-0.42834424,47.303472,-24.542317,2.2152152,649.53695,14.875368,1.2178391,0.9655264,0.26618463,11.992107,0.14997,0.280896,0.116558,0.050085,74.779672,0.600734,857.607351,227.189328,0.1335759,16.8623587,1.3805131
1433,62893.1187,1611283870.44,4.4705159,0.54415825,256.141693,31.177971,0.78722671,502.68964,4.8803582,1.3126156,0.74325871,-0.45636091,11.961022,0.16206,0.198362,0.033098,0.058187,43.219511,0.705813,716.316677,222.044764,0.1052792,5.3941584,1.4508067
1438,61697.029,1507941725.03,5.4945466,-0.29998572,314.814331,-17.187916,1.5588782,465.45124,4.921936,1.70742,0.92822391,0.40878013,11.678771,0.2159,0.267331,0.001996,0.107743,47.046683,0.011918,797.784092,231.143541,0.0979533,5.4040559,1.8746674
1441,61525.6371,1493133463.96,2.9001867,0.22434637,166.168458,12.8541,2.1671217,638.75386,14.326617,1.5385536,0.97549772,0.21104701,11.840166,0.19189,0.219228,0.045865,0.052838,57.89445,0.561606,1049.862868,345.806728,0.1315286,16.2109769,1.7409174
1455,63291.6693,1645718645.46,4.3655238,0.99949546,250.126089,57.266872,0.75630684,672.62765,6.4139972,1.4441752,0.87677002,0.35750577,11.90156,0.17919,0.235228,0.033937,0.065216,17.900539,0.727375,916.084855,303.684577,0.1379445,7.2987728,1.6433912
1468,62437.229,1571895000.56,5.2574913,-0.73231833,301.232062,-41.95875,2.7745688,894.98274,5.4149261,1.2350296,0.82654852,-0.092632607,11.988864,0.15212,0.268723,0.055898,0.069277,56.067491,0.933399,533.722329,203.003198,0.1790054,6.3842271,1.4561066
1504,62900.0544,1611883119.45,3.8348053,-1.107315,219.718159,-63.444476,2.329646,346.3249,10.381511,1.4202615,0.84811205,0.38927287,11.91329,0.17605,0.093207,0.016104,0.023521,74.280969,0.688087,362.705915,110.763974,0.0740693,11.1504623,1.5254593
1521,63329.2304,1648963922.82,0.63637696,-0.37455717,36.461714,-21.460545,0.51110397,579.70503,10.853392,1.4142649,0.92790538,-0.49577659,11.916763,0.17526,0.203905,0.049629,0.047044,53.203829,0.872205,489.808268,124.297113,0.1202335,12.1583333,1.5843069
1524,62592.5099,1585311271.38,2.6073191,-0.33342583,149.38838,-19.103893,2.5380806,196.96651,6.0290222,1.7849756,0.97679394,-0.35646728,11.572364,0.22778,0.327167,0.005297,0.119799,47.772331,0.823347,469.825017,130.297807,0.0430545,6.2885987,1.8618268
1543,61255.9052,1469828624.34,5.1487875,-0.42264323,295.003793,-24.215673,2.6652992,278.14135,2.2982233,1.2838473,0.79399788,0.063873924,11.971339,0.15837,0.315893,0.016847,0.139035,66.401403,0.8887,254.982738,52.499298,0.060068,2.436273,1.3609654
1585,62933.8353,1614801783.87,4.9225428,0.24413148,282.040927,13.987703,0.40170066,344.12373,15.707874,1.5941709,0.98634738,0.013301091,11.796158,0.19957,0.228278,0.04352,0.056309,18.779402,0.920397,395.263761,101.236838,0.0736212,16.8643065,1.7115357
1589,64173.919,1721945022.42,6.2644941,0.95976739,358.929073,54.990621,0.75331711,731.2682,12.83472,1.482726,0.90185225,-0.22715069,11.878407,0.18433,0.084407,0.006614,0.023712,62.990192,0.729424,665.347034,204.133716,0.1489465,14.7464066,1.7035728
1618,63406.2819,1655621176.89,3.8449853,0.71205825,220.30143,40.797932,0.87331107,551.19123,3.0493147,1.1479762,0.86337394,-0.31338984,12.010076,0.14115,0.372477,0.046973,0.137161,68.677428,0.642292,623.873812,207.010924,0.114727,3.3991534,1.2796801
1626,62346.577,1564062667.41,0.39267423,0.91996866,22.498576,52.710322,2.5676721,568.96384,18.794735,1.2568647,0.92959088,0.18519716,11.980438,0.15492,0.083777,0.017061,0.020333,42.626205,0.839779,594.784733,174.065499,0.1181632,21.015581,1.4053799
1634,61424.651,1484408260.88,0.27763318,-0.87835452,15.907209,-50.326007,1.9316502,743.11377,13.734989,1.1760112,0.95584935,-0.3723681,12.003351,0.14468,0.285171,0.121736,0.04981,40.112384,0.353073,895.776405,313.689133,0.1511533,15.8110779,1.3537692
1648,62861.1072,1608518077.99,1.9237372,-0.16063311,110.222022,-9.203599,0.75602733,804.91574,16.870565,1.431084,0.96859103,0.35170522,11.908731,0.17746,0.174509,0.04752,0.038702,36.146691,0.727567,1037.656819,328.076985,0.1625841,19.6134506,1.6637555
1653,61578.7489,1497722325.37,2.1325165,1.2071165,122.184195,69.162681,0.80067616,503.09485,8.6295424,1.2069448,0.57964909,-0.29698294,11.995364,0.14858,0.024594,0.002805,0.006649,44.87739,0.696222,582.263106,185.500201,0.1053585,9.538738,1.3341067
1661,63281.7809,1644864291.23,3.0811129,-0.4529037,176.534765,-25.949471,0.78000336,309.57754,7.5441675,1.3382734,0.70187187,-0.18657881,11.951258,0.16536,0.076904,0.016609,0.018587,33.380622,0.710911,376.069385,125.812954,0.0665548,8.0462681,1.4273419
1662,62308.0585,1560734670.32,1.0689519,-0.098132066,61.246432,-5.622553,0.45889699,117.44737,4.282383,1.3486603,0.70187426,-0.30600387,11.948203,0.16669,0.181532,0.023264,0.061046,53.584894,0.896542,106.47867,23.798477,0.0259936,4.3936976,1.3837168
1663,61230.2139,1467608899.95,0.78674127,0.67677356,45.076954,38.776269,2.1139511,269.21618,5.0258703,1.2379785,0.71237421,-0.028916501,11.986039,0.15252,0.193395,0.041365,0.051131,72.069294,0.516839,836.793064,273.095553,0.0582162,5.3184574,1.3100489
1671,63261.8012,1643138038.28,0.036526183,0.66538954,2.092796,38.124012,0.78059203,792.77034,14.501502,1.3554292,0.96676517,-0.202462,11.944384,0.16758,0.246325,0.079975,0.050698,58.976748,0.710497,1111.7986,455.154159,0.1603484,16.8267946,1.5727701
1697,64437.6217,1744728930.79,4.3193229,-0.67080236,247.478973,-38.434144,2.9209251,157.2144,5.467401,1.1588573,0.75193667,0.48801047,12.007417,0.14252,0.22621,0.059529,0.052992,32.728653,0.975752,101.723211,31.445954,0.0345767,5.6564457,1.1989268
1726,63142.4875,1632829338.08,2.29473,-1.2165279,131.478344,-69.701914,0.60070666,401.36874,5.8326721,1.2407366,0.56464922,-0.42796263,11.984791,0.15288,0.085861,0.024592,0.019498,51.449889,0.824936,345.587265,105.882757,0.0851929,6.3295744,1.3464385
1739,63197.6333,1637593939.17,3.1843769,-0.58651938,182.451357,-33.605085,2.4303317,717.22014,8.8098602,1.4572176,0.98151582,-0.25811461,11.892791,0.18094,0.397744,0.071337,0.100102,64.199867,0.757539,810.101017,240.189521,0.1463227,10.0989427,1.6704416
1747,61885.2138,1524200886.36,1.9699984,-0.89102844,112.872594,-51.052169,1.3009036,619.21052,7.2814937,1.2951781,0.98800963,-0.1694739,11.967346,0.15982,0.490227,0.09687,0.121289,16.920585,0.266628,924.325774,302.604188,0.1278061,8.212113,1.4607098
1757,62588.2648,1584944497.3,3.252902,-1.262109,186.377556,-72.313519,0.84263661,337.17738,2.5277653,1.2054754,0.76573622,-0.071212053,11.995977,0.1484,0.309093,0.027617,0.127456,38.186415,0.665497,422.697877,176.593109,0.0722055,2.7102839,1.2925174
1771,63022.4256,1622455988.81,0.4711629,0.099915978,26.995646,5.724764,2.8731055,447.41048,13.860101,1.2074372,0.9075973,0.43900511,11.995133,0.14865,0.158374,0.067058,0.02783,62.847403,0.964173,364.390021,136.615605,0.0943809,15.1682298,1.3213962
1774,63592.1628,1671681279.98,5.9051964,-0.080493946,338.342831,-4.611963,1.0854639,483.85041,11.001984,1.2398148,0.73870772,0.40702337,11.985091,0.15276,0.038741,0.0045,0.010437,47.026016,0.466502,630.226215,175.241829,0.1015809,12.1195754,1.3657563
1784,62208.1619,1552103604.62,5.7839373,1.3057309,331.395196,74.81287,0.42854405,489.57252,11.6441,1.5174856,0.92550492,-0.39433971,11.854914,0.18903,0.142965,0.022992,0.036584,63.572504,0.909572,530.244392,177.698377,0.1027059,12.8400178,1.6733403
1792,61302.7682,1473877586.73,4.1072817,-0.79421976,235.329907,-45.50544,0.88512625,739.51226,5.602356,1.3581147,0.92454141,-0.3029629,11.942881,0.16793,0.349201,0.052097,0.099184,74.970905,0.633192,842.61681,256.210973,0.1504829,6.4454148,1.5624877
1796,63412.9708,1656199097.68,6.200369,1.1426562,355.254975,65.469378,0.82311585,663.42568,6.4844732,1.4064125,0.90553921,0.22774468,11.919825,0.17424,0.284297,0.045422,0.076447,26.263869,0.67994,771.858906,213.529487,0.1362061,7.367698,1.5979745
1798,63808.4231,1690366177.08,5.5638014,-0.47617867,318.782338,-27.283028,1.1434339,222.90499,14.296846,1.5431126,0.95594507,0.26426661,11.835648,0.19253,0.144687,0.022609,0.037207,25.472221,0.414472,576.158332,198.697755,0.0485335,14.990722,1.6180053
1800,61083.2515,1454911351.69,4.7603459,-0.31448495,272.747729,-18.01866,2.1256158,684.85193,5.8633528,1.3314691,0.88177067,0.15235937,11.953939,0.16448,0.289758,0.050562,0.077735,59.998106,0.52679,844.931528,253.45265,0.1402488,6.685681,1.518206
1863,64226.3457,1726474690.35,0.24590328,0.17546654,14.08922,10.053492,2.1861834,179.30036,5.7856469,1.1991433,0.56790686,0.4893609,11.997718,0.1476,0.100009,0.031679,0.021598,42.544581,0.577275,243.833438,60.653822,0.0392992,6.0130182,1.2462687
1873,63759.4619,1686135927.77,3.5320628,-0.082632447,202.372291,-4.73449,0.85317378,530.40469,15.628381,1.4728605,0.9446997,0.4544909,11.884166,0.18302,0.109635,0.016225,0.028468,58.712222,0.657595,790.117775,198.751279,0.1106906,17.3582959,1.6358923
1887,62363.3578,1565512528.13,5.2828614,0.31646788,302.685662,18.132274,1.9213663,291.3758,13.840755,1.1520228,0.81388694,-0.12497661,12.008927,0.14166,0.056343,0.016128,0.012256,41.114265,0.343433,783.615745,314.414486,0.0628056,14.7100319,1.2243763
1915,63859.0335,1694738912.54,1.3332776,-0.46250699,76.391179,-26.499699,0.55781012,833.83044,4.1864266,1.4192029,0.70533192,-0.28788614,11.914015,0.17591,0.166029,0.014583,0.060789,61.412555,0.848416,669.342269,219.014752,0.1678859,4.8892686,1.6574671
1938,61347.01,1477700079.95,5.8666751,-0.44919285,336.135723,-25.736854,2.3089395,670.74325,5.9078841,1.6394397,0.89213502,0.0040154671,11.753512,0.20598,0.206205,0.008074,0.071009,42.332974,0.672916,721.831965,225.631513,0.1375888,6.7207428,1.8650082
1947,64291.682,1732119746.3,2.6777731,1.0484101,153.425097,60.069474,1.4544336,758.88756,14.644838,1.2121857,0.84675819,0.26289934,11.992651,0.14926,0.055738,0.009546,0.014078,44.322338,0.1161,1214.669797,364.563605,0.1540838,16.9013703,1.3989639
1959,61590.1087,1498703809.15,2.9453547,-1.1532537,168.756393,-66.07657,0.34935532,274.39286,2.8035715,1.3432655,0.82652265,-0.43037364,11.950013,0.16599,0.314716,0.018969,0.134049,33.886206,0.939594,270.226674,53.762957,0.0592908,2.9697975,1.4229088
1967,63492.8076,1663096991.72,0.14401899,0.34662622,8.25168,19.860219,0.54821186,371.84865,4.8182478,1.2765789,0.60368264,0.078011274,11.973846,0.15744,0.129083,0.026201,0.035923,53.506735,0.853458,374.88859,96.289096,0.0792466,5.2000776,1.3777434
1978,61555.7007,1495730956.77,2.843935,0.42137909,162.945473,24.143243,2.9782289,971.23557,6.28584,1.4528668,0.77512974,-0.45408213,11.89568,0.18036,0.133647,0.016915,0.038191,52.65782,0.986686,718.810957,343.686774,0.1927007,7.4971258,1.7328352
2010,63872.9436,1695940744.46,3.5489209,-0.22540374,203.338189,-12.914683,2.6797499,787.16218,6.3413463,1.4473512,0.73108017,0.42508033,11.89949,0.17962,0.101163,0.011582,0.029167,56.800312,0.895233,1117.135521,319.338112,0.1593144,7.3516141,1.6779351
2049,62115.4561,1544093823.41,0.91486307,-0.92777616,52.417793,-53.157658,2.2090937,227.77967,3.6365907,1.090729,0.89897519,0.29395685,12.023049,0.13397,0.399805,0.067515,0.12462,61.382373,0.595829,276.454641,81.934115,0.0495586,3.816815,1.144784
2053,63616.4975,1673783803.61,2.6876197,-0.34152014,153.989266,-19.567663,0.34731373,455.71349,3.7787595,1.3124599,0.93698311,0.41265452,11.96108,0.16204,0.413384,0.041951,0.150916,19.272426,0.94029,366.548843,126.914272,0.096027,4.1416224,1.4384915
2095,61428.2542,1484719577.49,4.9344829,-0.5003538,282.725044,-28.668161,2.5375749,422.90249,4.2276626,1.1857491,0.34363663,-0.2162371,12.000436,0.14591,0.077134,0.022088,0.01985,50.365146,0.82306,433.940965,123.828909,0.089503,4.6060511,1.2918772
2122,63408.6828,1655828615.49,0.90429439,0.64769421,51.812252,37.110145,2.7597505,529.4959,8.1991034,1.3601066,0.81966197,-0.2015074,11.941839,0.16819,0.1422,0.033176,0.033441,57.451643,0.92798,472.918435,164.226811,0.1105137,9.1052167,1.510417
2147,63592.1485,1671680045.31,1.6395186,0.26050754,93.937496,14.925983,2.6131677,590.9352,13.477933,1.5730125,0.97736627,0.015244321,11.813197,0.19664,0.233895,0.04367,0.057983,41.870665,0.863602,794.488739,301.974631,0.1223927,15.1275336,1.7655377
2152,63774.0961,1687400320.56,4.5097301,0.21221813,258.388501,12.159203,2.5104693,366.96143,7.4230585,1.1278762,0.46591738,-0.48083183,12.015002,0.13862,0.03144,0.014166,0.005279,48.923041,0.807365,367.735152,106.539672,0.0782579,8.0039715,1.2161414
2173,62844.6173,1607093353.16,5.2662529,1.0219356,301.734065,58.552597,2.3993118,403.42549,6.9381738,1.3648726,0.73903376,0.0053460253,11.939673,0.16881,0.111956,0.022451,0.02798,58.055476,0.736929,520.6107,211.972262,0.0856056,7.5321203,1.4817133
2176,61573.247,1497246960.23,5.5263336,1.443999,316.635591,82.735048,0.95867162,647.94796,3.1963844,1.3410496,0.44180703,0.33578411,11.950509,0.16571,0.103206,0.008222,0.041614,34.76311,0.574608,753.640501,249.521458,0.1332745,3.6223809,1.5197773
2203,61993.3694,1533545533.96,0.13851899,0.24165814,7.936554,13.845992,2.6428037,815.47569,10.460168,1.6035842,0.92707962,0.191257,11.787068,0.2009,0.146029,0.013743,0.040441,65.673207,0.878163,783.343398,241.707038,0.1645237,12.1811135,1.8674118
2225,62393.2616,1568096223.59,3.2134691,-0.3596538,184.118217,-20.606645,2.5963892,222.48258,5.7580309,1.0573689,0.089276142,0.34798804,12.029734,0.1298,0.008427,0.006404,0.000626,41.744051,0.855022,222.709727,53.995211,0.0484446,6.0369764,1.1085927
2226,62127.4745,1545132216.68,2.8550997,-0.21936124,163.585163,-12.568473,0.97966413,384.79848,7.3334928,1.5718601,0.82933968,0.4631767,11.814272,0.19648,0.111184,0.004804,0.033926,17.809113,0.557301,502.9651,153.508689,0.0818605,7.9338162,1.7005334
2236,61212.1816,1466050909.18,2.5065433,0.61203952,143.614352,35.067281,2.8287796,353.42094,8.5060749,1.1302772,0.83962733,0.17898376,12.014622,0.13892,0.221436,0.083861,0.041957,63.999466,0.951472,294.184679,50.787918,0.0755121,9.1483865,1.2156268
2269,63357.9879,1651448574.95,4.1622179,1.3562606,238.477519,77.708008,1.0999178,533.01108,10.429978,1.3016702,0.84504408,-0.32032099,11.965016,0.16065,0.124364,0.038324,0.026231,64.492255,0.453669,766.696743,230.112488,0.1111978,11.5897686,1.4464131
2282,64239.9809,1727652767.49,6.1753756,-1.0570003,353.822959,-60.561656,0.20410895,764.31633,7.6048245,1.6948307,0.9561522,-0.47697067,11.693972,0.21403,0.25723,0.015656,0.07799,72.246164,0.979242,620.624575,190.495871,0.1550903,8.784259,1.9576825
2314,61684.5199,1506860937.32,3.888754,0.078703474,222.809192,4.509377,2.4664293,663.25929,8.8888416,1.2576625,0.90797096,-0.059248447,11.980163,0.15503,0.266615,0.077776,0.05763,27.648808,0.780605,781.310477,304.00981,0.1361746,10.099276,1.4289242
2315,61503.5501,1491225147.72,4.049862,-0.34757023,232.04,-19.914307,1.2826827,352.91746,8.0982828,1.2650814,0.70425069,-0.4829537,11.977758,0.15597,0.082239,0.025033,0.017499,56.730516,0.284144,847.247348,351.960991,0.0754098,8.7089727,1.3604809
2328,61510.6745,1491840691.48,5.8294228,0.64055219,334.001323,36.700937,1.1449242,749.86727,17.985935,1.3785056,0.98770422,-0.027267352,11.933891,0.17058,0.278768,0.095847,0.055748,16.55346,0.413115,1161.418411,361.750265,0.1524091,20.7271552,1.5886024
2349,63532.5393,1666529810.67,3.187188,0.89227596,182.612421,51.123647,2.4529118,323.90394,16.22863,1.4194239,0.94154751,-0.25728393,11.913865,0.17594,0.107476,0.019922,0.026684,70.693527,0.772085,321.710556,65.561191,0.0694931,17.3564078,1.5180641
2379,63173.2531,1635487483.46,1.0039403,1.3781196,57.521542,78.960437,0.62692348,672.697,7.5709548,1.2886018,0.8995077,0.44581079,11.969675,0.15898,0.279073,0.067435,0.065021,67.10022,0.809836,608.556199,231.45916,0.1379576,8.6154256,1.4663742
2380,64205.718,1724692456.96,4.9122412,-0.62469007,281.450689,-35.792105,2.1241354,430.85925,2.4847558,1.5040764,0.93674511,0.42712215,11.864685,0.1872,0.397457,0.003735,0.184749,56.11953,0.525531,649.759938,219.09995,0.0910899,2.711092,1.6410826
2392,62987.3841,1619428403.65,2.2078799,0.53791151,126.5022,30.820059,1.0374394,392.34519,6.2527528,1.4635073,0.70526016,0.18261097,11.888873,0.18178,0.08278,0.00637,0.025125,40.426619,0.508427,545.578225,157.543165,0.0833799,6.7741067,1.5855344
2408,61893.7875,1524941661.52,5.212649,-1.2048295,298.662788,-69.031645,0.6849668,309.66228,2.8294241,1.1805589,0.24434344,0.14549507,12.001927,0.14526,0.103351,0.017992,0.037333,23.086756,0.77444,312.876317,83.745061,0.0665723,3.0177854,1.2591514
2451,63953.3137,1702884718.83,1.3944391,1.1181978,79.895475,64.068015,0.79172232,478.3816,11.397437,1.3560854,0.940175,0.37754726,11.944008,0.16766,0.237465,0.067804,0.051716,16.953053,0.702621,542.815888,138.470994,0.1005043,12.5429284,1.4923778
2462,63163.9547,1634684101.14,2.2439548,-0.59246386,128.569139,-33.945679,2.0367031,291.00721,9.1008568,1.4863863,0.88747013,0.10960116,11.875756,0.18483,0.15684,0.025763,0.040171,21.35938,0.449233,522.559442,182.447887,0.0627295,9.671749,1.5796266
2512,61775.942,1514759803.47,1.231025,-0.58133373,70.532537,-33.307969,2.0874187,569.30705,7.8448877,1.5928019,0.88076222,0.16068615,11.797289,0.19938,0.147799,0.010686,0.043135,56.400062,0.493946,955.869462,446.188832,0.1182295,8.7723849,1.7811181
2521,63041.7288,1624123783.82,2.4193516,0.39649826,138.618636,22.717677,1.2872962,494.14849,9.1876507,1.6354008,0.92223984,-0.2500923,11.757213,0.20541,0.15941,0.011473,0.045619,57.692065,0.279718,910.441846,308.985842,0.1036045,10.1395327,1.8048357
2558,61583.5979,1498141272.78,5.6003299,-0.88172014,320.875267,-50.518843,2.4095563,939.45386,18.138908,1.2360284,0.97720021,0.45790979,11.987726,0.15226,0.261417,0.114844,0.04467,62.713405,0.743815,1019.004946,295.47637,0.1870149,21.5311541,1.4671841
2587,64493.7976,1749582529.35,2.4364455,-0.28777235,139.598044,-16.488141,2.5271658,625.16896,12.641276,1.3575468,0.97606355,0.091725208,11.94319,0.16786,0.325084,0.095439,0.069991,38.323822,0.817104,661.323721,161.79614,0.1289426,14.271275,1.5325924
2592,63319.0599,1648085192.61,1.1980853,1.196434,68.645231,68.550619,0.12312827,426.03417,3.5954421,1.5436207,0.91171569,-0.23391686,11.835262,0.1926,0.330897,0.010737,0.141239,43.691805,0.992429,361.901287,97.3093,0.0901279,3.9194917,1.682744
2604,64340.9369,1736375365.27,0.74957706,0.38729628,42.947602,22.190442,2.0786209,755.08179,20.562201,1.3790203,0.97143298,0.3299461,11.933601,0.17065,0.132732,0.033305,0.030302,33.933443,0.486278,1151.889945,325.361642,0.1533776,23.715982,1.5905311
2606,64087.5046,1714478817.33,2.0001797,-0.46028383,114.601855,-26.372321,2.4068969,393.90189,16.096657,1.3486958,0.92734188,0.26117471,11.948186,0.16669,0.101885,0.024003,0.023736,45.393778,0.742035,763.570541,238.286238,0.083693,17.4438345,1.4615722
2625,62263.2038,1556859225.82,3.4775062,0.19796347,199.246428,11.342471,2.389759,213.86922,3.3343794,1.0498878,-0.22432776,-0.47893378,12.030824,0.12887,0.029683,0.018254,0.004408,52.661126,0.730438,211.661002,50.560698,0.0466295,3.4898598,1.0988435
2643,64347.0169,1736900682.46,6.0796034,-0.49867232,348.335616,-28.571819,2.1068409,378.40448,7.1960487,1.14483,0.6888417,-0.34389272,12.011024,0.14075,0.132781,0.050919,0.025058,17.309333,0.510739,539.531179,227.32867,0.080571,7.7758415,1.2370701
2651,63807.5528,1690290983.39,3.9281023,-0.3843611,225.063683,-22.022269,2.6995471,877.76825,10.985972,1.4119475,0.85818005,0.0024421066,11.917682,0.17496,0.091814,0.016385,0.022999,40.1021,0.903878,767.422556,259.339461,0.1758878,12.9182704,1.6602918
2661,63283.9407,1645050898.77,4.6115765,-0.45656153,264.22387,-26.159049,0.47462776,418.12809,8.0166788,1.1170409,0.67780131,-0.3122333,12.017369,0.13727,0.108675,0.048696,0.018301,66.388593,0.889463,467.227798,154.712406,0.0885494,8.7265509,1.2159542
2692,64103.8888,1715894414.64,2.1142565,-0.59234737,121.137974,-33.939004,2.4073361,857.59701,9.1923609,1.2879926,0.78250045,0.12610583,11.969889,0.1589,0.101111,0.030351,0.021592,70.103084,0.742329,959.624595,282.965362,0.1722223,10.7754904,1.5098136
2728,63046.5187,1624537637.89,5.9919076,-0.65960286,343.311017,-37.79246,2.0684589,422.87557,13.7514,1.1596022,0.90826011,-0.48616523,12.007286,0.14261,0.177546,0.082255,0.029042,44.309094,0.477373,522.56658,118.023273,0.0894976,14.9821173,1.2633838
2749,61220.6626,1466783665.84,4.2359301,0.20876024,242.700917,11.961081,2.0377244,759.14769,5.416163,1.5756607,0.95123637,0.0074799755,11.810966,0.19701,0.344226,0.024655,0.117727,62.541256,0.450145,925.135955,302.66925,0.1541321,6.2509676,1.8185206
2770,61590.7429,1498758600.78,6.2695464,-0.52674788,359.218548,-30.18043,2.4240458,405.24067,4.1423688,1.0867541,0.035323463,0.085607857,12.023997,0.13347,0.034688,0.018959,0.005463,25.547567,0.753421,467.663873,158.658394,0.0859696,4.4984866,1.1801819
2772,61472.2223,1488518427.24,2.4880262,0.28522306,142.553401,16.342078,0.85726949,707.09583,4.9384341,1.3929839,0.92243803,-0.19394439,11.927468,0.17246,0.353148,0.041649,0.1127,18.538552,0.654504,673.615207,248.824757,0.1444272,5.6516783,1.5941687
2781,64260.2908,1729407540.45,6.1364574,-0.24247315,351.59311,-13.892688,2.3009885,137.50467,5.0899682,1.0820296,-0.074276634,-0.22579207,12.024803,0.13288,0.001865,0.000657,0.000384,25.604228,0.667013,179.284537,35.502723,0.0303357,5.2443759,1.1148537
2794,63284.12,1645066382.27,4.4840722,0.19084218,256.918412,10.934451,1.3824086,218.76723,6.8988848,1.2263086,0.9855696,0.30802947,11.997102,0.15095,0.494726,0.105453,0.120022,46.433276,0.187275,932.38235,332.876902,0.0476622,7.2277008,1.2847572
2823,63419.2964,1656745629.68,2.0045694,0.81334456,114.853366,46.601211,2.4012532,982.34261,10.187759,1.2629141,0.89833874,0.46226892,11.978457,0.15569,0.215491,0.070508,0.044199,23.221133,0.73824,1041.965058,323.161113,0.1946803,12.171115,1.5087786
2891,64197.9388,1724020327.86,0.0059824157,-0.90251138,0.342767,-51.710093,0.67667128,797.56359,3.9804564,1.4109559,0.4377856,-0.038352065,11.91804,0.17483,0.05518,0.000589,0.022399,70.123254,0.779661,878.096234,252.034982,0.1612314,4.622231,1.6384463
2925,63329.3035,1648970239.51,1.8807609,0.45364134,107.759662,25.991734,0.80231821,588.41622,6.1500015,1.7273217,0.92715859,-0.25291762,11.654357,0.21887,0.221773,0.00239,0.079176,33.442782,0.695042,859.094728,290.077801,0.1219089,6.8997414,1.9378976
2950,62907.2239,1612502562.14,4.4061585,-1.0265553,252.454286,-58.817286,0.53990024,104.55036,7.0092335,1.5244414,0.76259673,-0.23711476,11.850497,0.18997,0.079764,0.001828,0.024963,52.268023,0.85776,98.368277,19.582916,0.0231872,7.171758,1.5597889
2963,62426.5677,1570973864.49,1.5943102,0.4100835,91.347246,23.496054,2.4837469,666.4032,15.565825,1.2480803,0.9608292,-0.20203348,11.983569,0.1538,0.238962,0.097408,0.043141,64.095558,0.791311,931.489546,343.187395,0.136769,17.6947473,1.418779
2971,61794.6563,1516376725.12,0.5498065,-0.54423823,31.501592,-31.182554,0.36902111,104.13276,14.357204,1.2083087,0.95405358,-0.21011113,11.994695,0.14876,0.255902,0.107361,0.04527,18.388067,0.932681,95.188652,29.539483,0.0230962,14.6888009,1.236216
3009,63259.8557,1642969949.72,0.10086801,1.0623463,5.779311,60.867959,0.40544059,924.86847,10.169722,1.4163013,0.82820892,-0.27799803,11.915791,0.17552,0.07939,0.011601,0.020683,30.597981,0.918929,829.393751,293.73635,0.184395,12.0449679,1.6774602
3010,61395.3099,1481873190.48,5.8370088,-0.092373585,334.435969,-5.292617,0.70358507,236.08347,2.7660513,1.1022406,0.49856558,0.059715532,12.020395,0.13541,0.20465,0.0342,0.07341,19.038985,0.762528,212.24592,53.209497,0.0513016,2.9079542,1.1587873
3037,62703.6558,1594914277.28,1.8834461,-0.70613784,107.913512,-40.458718,1.0351273,748.00128,11.616558,1.5876985,0.91839504,-0.056675043,11.800957,0.19868,0.105807,0.005267,0.03067,59.408723,0.510416,1280.793444,396.790792,0.1520623,13.3829985,1.8291276
3041,63163.6169,1634654920.51,6.0419164,0.9361988,346.17631,53.64024,1.1342846,181.02993,2.6430657,1.1493492,-0.0059168567,-0.43080726,12.009673,0.14133,0.063755,0.01428,0.021905,71.398629,0.422781,294.0498,59.96672,0.0396677,2.74791,1.1949412
3068,63336.6639,1649606177.57,5.4871264,0.85086341,314.389184,48.750882,1.9787538,303.2499,16.496964,1.292292,0.94078487,-0.44412485,11.968372,0.15945,0.143144,0.050585,0.028209,23.715439,0.396735,521.706902,118.54511,0.0652535,17.5734486,1.3766186
3070,63881.0545,1696641527.03,2.0269599,0.34339929,116.136248,19.67533,2.2172208,318.87463,6.3156152,1.4721966,0.96771973,0.17335813,11.884504,0.18293,0.394425,0.049066,0.113372,43.005742,0.602336,532.303632,190.361627,0.0684629,6.7480005,1.5729874
3073,63327.363,1648802577.33,3.0004377,-1.3539379,171.912417,-77.574927,0.49142054,804.27226,3.3431396,1.4240372,0.61572534,0.082242228,11.911074,0.17655,0.144674,0.006555,0.060791,49.689373,0.881663,714.549082,215.309811,0.1624658,3.8862854,1.6553945
3078,64478.1599,1748231435.13,3.7951055,0.077801616,217.443528,4.457704,1.5904765,644.36101,19.175087,1.1619766,0.93759274,-0.069978945,12.006878,0.14291,0.125904,0.054882,0.021645,23.292302,0.019679,1256.587691,392.857625,0.1325938,21.7175847,1.3160475
3091,62435.8768,1571778176.24,4.2075743,-0.25350725,241.076249,-14.524896,1.1072557,327.09423,11.995118,1.2856278,0.8100338,0.34373954,11.970718,0.1586,0.056305,0.009954,0.014127,52.18631,0.447118,335.22748,108.928077,0.0701459,12.8365263,1.3758093
3110,61885.5616,1524230937.16,5.9793597,-1.0280335,342.592075,-58.901981,1.2089359,575.19953,13.345281,1.1393385,0.85890424,-0.18336546,12.012637,0.14006,0.118209,0.055993,0.018961,51.896846,0.354015,1066.957198,320.522989,0.1193657,14.9382498,1.2753364
3184,62778.2908,1601362741.34,4.9695299,-0.24594372,284.733089,-14.091537,0.89255888,600.43178,12.732282,1.3954713,0.85922664,-0.23421837,11.926853,0.17278,0.057986,0.001602,0.017185,19.045672,0.627422,583.761689,181.670292,0.1242145,14.313816,1.5688091
3194,61530.8273,1493581892.92,3.9613379,0.048944188,226.967943,2.804295,2.6186507,932.87475,13.572115,1.2157894,0.96678644,0.039781082,11.991704,0.14972,0.313087,0.122481,0.05809,29.611347,0.866354,867.458851,308.291202,0.185834,16.0942754,1.4417244
3207,61171.4251,1462529547.03,2.0495415,-0.1045917,117.430078,-5.992663,0.34291364,248.75172,5.6803827,1.5760951,0.91205227,-0.39506274,11.810654,0.19706,0.26474,0.019165,0.088006,26.846566,0.941779,222.071313,53.164749,0.0539529,5.9868558,1.66113
3209,61463.2606,1487744133.14,3.8437616,0.30599471,220.231317,17.532205,2.6867642,694.77251,3.7101831,1.5598229,0.82985425,-0.073133223,11.823106,0.19482,0.231831,0.004458,0.09968,59.938829,0.898336,615.503668,227.141479,0.1421147,4.2374547,1.7814967
3261,61393.4135,1481709342.28,0.47170093,-0.60564581,27.026472,-34.700949,0.3219954,358.12077,7.9598923,1.7887001,0.97219962,-0.41136792,11.56641,0.22837,0.258866,0.007132,0.081503,57.718204,0.948606,304.872127,64.668515,0.0764662,8.568555,1.9254752
3305,63753.4003,1685612200.35,0.26993817,-0.17828955,15.466318,-10.215239,2.596869,646.82371,12.687419,1.362502,0.97606355,0.091725208,11.940692,0.1685,0.322485,0.094154,0.069591,48.463524,0.855271,879.03831,260.517652,0.1330612,14.3756222,1.5437982
3327,62909.9168,1612735225.42,1.6417954,0.27386053,94.067947,15.691053,2.7006905,432.44286,10.342278,1.1023731,0.77588993,0.3797017,12.020374,0.13543,0.117627,0.058061,0.018155,26.137526,0.904367,372.842541,124.313786,0.0914053,11.287617,1.2031358
3337,63303.1424,1646709923.61,5.3477928,-0.59579096,306.405957,-34.136307,0.44686129,571.09184,9.9683838,1.4973311,0.91543013,-0.18406169,11.868058,0.18631,0.17451,0.030576,0.043977,71.767667,0.901808,458.067936,112.336,0.1185738,11.1503729,1.6748753
3355,62726.2606,1596867334.51,0.93877098,0.51129265,53.787615,29.294911,0.95968288,143.53371,9.1717768,1.0838773,0.84275383,-0.27114978,12.024521,0.13311,0.219712,0.094644,0.038123,70.405998,0.57378,182.095995,43.674579,0.0316357,9.4619324,1.1181665
3370,61959.4742,1530616987.11,1.0074668,-1.0118684,57.723596,-57.975789,1.5674752,185.68272,5.8652649,1.3206227,0.87677002,0.35750577,11.958034,0.16309,0.286434,0.051475,0.076125,51.78933,0.003321,327.190351,75.006733,0.0406581,6.1037354,1.3743167
3375,63188.7852,1636829462.08,1.5445328,-0.52719363,88.495211,-30.20597,1.1778586,385.30257,4.5247655,1.6311122,0.95460647,0.013020448,11.761746,0.20479,0.355758,0.012478,0.141954,69.724347,0.382904,549.518807,206.097297,0.0819621,4.8956248,1.7648016
3376,63756.7393,1685900694.26,1.4780898,-0.48893913,84.688307,-28.014149,0.98736646,282.51086,7.8922186,1.5978382,0.93682778,0.19205128,11.792618,0.20009,0.23928,0.024937,0.067389,29.722622,0.55089,402.17266,183.496922,0.0609729,8.3734301,1.695263
3378,64465.2256,1747113908.68,4.8346129,0.2845351,277.002915,16.30266,0.58036101,715.3357,4.381588,1.2814817,0.35097203,-0.027048491,11.972159,0.15807,0.049801,0.009626,0.014847,45.395381,0.836265,889.332969,287.330445,0.1459702,5.0211693,1.4685398
3380,61026.081,1449971816.55,4.2013757,1.4174159,240.721096,81.211949,0.20536721,282.75852,4.8617163,1.1809515,0.80380809,-0.30583426,12.001807,0.14531,0.277831,0.058614,0.07325,58.35931,0.978986,246.74739,61.702796,0.0610242,5.1583986,1.2530181
3382,62636.2451,1589089991.18,0.70189562,0.80087529,40.215657,45.886774,1.8393253,207.27049,4.8270659,1.3401628,0.40287262,-0.43287504,11.950721,0.1656,0.036574,0.0031,0.012,50.379423,0.265313,405.670173,114.380417,0.0452359,5.0454226,1.4007863
3387,64480.2719,1748413911.26,1.4397264,0.065306793,82.490246,3.741804,1.9547367,85.143968,9.9497643,1.1748339,0.67245299,-0.23732105,12.00372,0.14453,0.040646,0.012152,0.008685,43.91163,0.374577,141.393829,34.37537,0.0189429,10.1382417,1.1970887
3416,63185.0207,1636504207.04,5.2321217,0.63370621,299.778491,36.308691,1.3932201,681.67087,5.9969673,1.188858,0.74265242,-0.012802593,11.999689,0.14631,0.194986,0.054113,0.044101,51.76391,0.176644,865.785218,272.215884,0.1396498,6.8344426,1.3548818
3418,62570.5096,1583410447.59,1.9668706,-0.81274969,112.693384,-46.567127,1.8715962,325.47139,8.9797134,1.3064314,0.77360803,-0.046227138,11.963288,0.16126,0.094512,0.026185,0.020862,21.897012,0.296284,1038.417201,320.9164,0.0698139,9.6066222,1.3976385
3433,64130.2813,1718174718.08,5.5829129,1.2331274,319.877347,70.652996,0.37686663,537.56088,9.0973606,1.8130345,0.98454267,-0.39349663,11.526232,0.23228,0.273515,0.0101,0.082549,16.695845,0.929822,619.032344,233.581893,0.1120824,10.1170146,2.0162438
3458,63605.6955,1672850511.4,1.0067644,-0.66978189,57.683351,-38.375675,3.088401,617.03314,12.026607,1.4563627,0.93844372,0.2938906,11.893382,0.18083,0.183222,0.04169,0.043144,43.020462,0.998586,626.7817,195.602015,0.1273904,13.5586813,1.6418893
3459,62333.8171,1562960212.45,1.3522355,-0.56658502,77.477387,-32.46293,2.4307218,500.91254,3.0644574,1.3954525,0.40377024,0.14134166,11.926859,0.17278,0.079316,0.001091,0.035053,62.313937,0.757794,594.656635,206.382941,0.104931,3.386014,1.5418787
3475,61285.5672,1472391424.11,4.857512,0.51347632,278.314937,29.420026,2.7556418,764.84733,6.1583781,1.1755151,0.71949142,-0.23692727,12.003507,0.14462,0.177377,0.053235,0.038612,32.335081,0.926441,691.313962,189.478404,0.1551887,7.1140888,1.3579418
3501,63592.3915,1671701042.12,5.5171086,-0.37483265,316.107038,-21.476329,2.365167,690.03964,14.552113,1.3961849,0.98320711,-0.00066089851,11.926606,0.17287,0.309644,0.09269,0.066121,65.249686,0.713423,618.697385,176.710394,0.141225,16.6072352,1.5933611
3523,63822.6435,1691594818.14,3.720654,0.61910282,213.177771,35.471979,0.15812147,745.64476,4.3365469,1.2931969,0.96276194,-0.38203406,11.968051,0.15957,0.451136,0.055267,0.147965,39.770638,0.987525,514.232076,160.163629,0.1516241,4.9940719,1.4892767
3525,62368.0143,1565914855.28,3.0041187,-0.075561599,172.123323,-4.329361,0.59801186,332.70562,9.3448553,1.0814505,0.92229551,-0.12334727,12.024887,0.13281,0.326662,0.127269,0.060776,22.336393,0.826457,298.564022,66.879014,0.0712927,10.0110753,1.15855
3542,61616.2212,1500959925.68,5.1447587,-0.041918169,294.77296,-2.401734,2.3797714,365.48016,9.6669445,1.3489045,0.76953173,-0.49925107,11.948084,0.16672,0.061898,0.010529,0.015674,21.071086,0.72358,402.403211,94.428114,0.077958,10.4205602,1.4540624
3594,61848.3392,1521014925.5,0.37627838,-0.035722469,21.559163,-2.046747,1.0025391,631.54022,12.526603,1.4805758,0.95412403,0.2399278,11.879943,0.18404,0.204186,0.045555,0.048353,46.572207,0.538164,795.191696,226.324265,0.1301564,14.1570206,1.6732822
3615,62628.28,1588401811.38,4.9823373,0.6284656,285.466899,36.008426,0.32115552,304.21483,14.973753,1.2792989,0.96597904,-0.065002069,11.972912,0.15779,0.2597,0.098161,0.049232,18.212641,0.948871,272.674737,41.572219,0.0654521,15.9538166,1.3630317
3634,61955.1842,1530246336.07,3.7080859,0.26893241,212.457672,15.408692,2.6390331,492.61121,3.3738189,1.1242045,0.48201185,-0.42612767,12.015623,0.13817,0.171481,0.035915,0.05393,36.782084,0.876353,382.301942,113.360813,0.1033027,3.7223435,1.2403379
3639,62059.1843,1539231941.08,5.3671681,-0.66410509,307.51608,-38.050419,0.35380771,186.87145,4.8484297,1.1059718,0.49648014,0.081603624,12.019834,0.13588,0.127494,0.04279,0.027573,17.173437,0.93806,162.775074,30.237227,0.040911,5.0467838,1.1512182
3675,62012.0924,1535163202.44,3.8426983,-0.27242804,220.170395,-15.608977,1.9277097,289.23535,13.728187,1.1242212,0.96684301,0.25063106,12.01562,0.13817,0.338027,0.151544,0.056834,61.064678,0.349384,503.819888,166.428007,0.0623635,14.5843248,1.1943316
3677,63526.5372,1666011227.79,1.234594,0.028810726,70.737026,1.650733,1.1815325,197.44657,7.2527828,1.2075553,0.48032993,0.49193168,11.995076,0.14866,0.023711,0.005143,0.005697,47.735375,0.379507,347.571299,91.312749,0.0431563,7.5657861,1.2596689
3690,61129.8457,1458937089.41,5.4649748,0.35598248,313.119991,20.396294,1.3395319,474.84312,15.315747,1.1962897,0.89278793,0.16591947,11.99826,0.14724,0.104661,0.04137,0.019289,21.814619,0.229208,1190.165663,429.713924,0.099807,16.8443658,1.3156878
3703,64259.1036,1729304965.89,4.3335766,0.9272804,248.295649,53.129253,0.78473256,739.75836,11.082323,1.1887286,0.72302139,0.050197154,11.999717,0.14629,0.039829,0.008303,0.009609,68.533305,0.707577,731.842006,425.287966,0.1505287,12.7505307,1.3676664
3706,63567.1115,1669516853.18,0.16189839,0.56790775,9.276094,32.538717,1.7899979,997.53118,15.943127,1.7436903,0.98806316,-0.18003036,11.632251,0.22136,0.169668,0.009231,0.048899,41.573632,0.21745,1273.206992,410.812215,0.1973814,19.0900037,2.0878623
3728,61932.1292,1528254384.7,1.8479729,0.17487406,105.881048,10.019546,2.8194925,674.24155,19.431541,1.1867577,0.97652745,0.22161633,12.000179,0.14604,0.251004,0.122096,0.039287,38.103554,0.948573,560.657126,149.175739,0.1382491,22.1179341,1.3508259
3733,63036.9303,1623709197.45,1.0157525,0.81994019,58.198331,46.979112,2.211008,601.39795,7.6262174,1.2235471,0.59135717,0.072499625,11.996058,0.15062,0.048881,0.01579,0.010133,62.256741,0.597365,852.238407,273.378889,0.1243997,8.5749166,1.375756
3752,61173.9908,1462751220.36,5.3213369,-0.21923701,304.890146,-12.561355,2.4853328,249.01829,5.2635713,1.7101283,0.95942044,0.38331419,11.675631,0.2163,0.322387,0.007907,0.12342,64.86766,0.79228,426.374482,110.065602,0.0540086,5.5478494,1.8024899
3757,64338.774,1736188492.41,3.6844883,0.25247404,211.105629,14.465697,2.3841207,668.65565,8.0911102,1.3798892,0.68959802,0.31826016,11.933103,0.17076,0.044766,0.002547,0.012973,58.156769,0.726575,914.347384,282.303531,0.1371945,9.201166,1.5692024
3771,63754.2854,1685688678.06,2.9149262,-0.80694728,167.012969,-46.234673,0.6487145,382.70362,6.8521791,1.7076373,0.94192439,-0.040707842,11.678485,0.21593,0.238648,0.009029,0.077661,56.2445,0.796861,391.153012,110.197107,0.0814383,7.4102089,1.8467044
3829,63056.269,1625380061.64,4.1696838,-0.44040363,238.905284,-25.233269,1.0327799,483.03451,9.7888308,1.6741873,0.94524908,-0.11757065,11.717217,0.211,0.177399,0.012137,0.05079,51.120513,0.512434,608.287581,189.169022,0.1014204,10.7816179,1.843984
3845,61386.039,1481072189.97,5.5365178,-0.9344243,317.219103,-53.538569,2.4244628,449.38528,3.4652462,1.2481624,0.51025003,0.44129112,11.983547,0.15381,0.145537,0.022161,0.051,16.220753,0.753695,418.33121,153.406675,0.0947727,3.7936569,1.3664541
3872,61326.3365,1475913890.43,3.3126616,-0.94138192,189.801529,-53.937211,2.4495784,411.5472,4.7403021,1.2342809,0.19947919,-0.43212542,11.989797,0.15202,0.017303,0.003673,0.004715,32.943429,0.769962,526.75401,186.786717,0.087233,5.1538129,1.3419509
3893,64357.8532,1737836934.11,2.5790499,-0.16315535,147.768674,-9.348113,0.75151382,557.0555,19.578558,1.2054608,0.94235021,-0.49320462,11.995983,0.14839,0.11576,0.042652,0.022281,29.077765,0.730656,816.964386,233.321916,0.1158623,21.8469748,1.3451283
3903,62811.8722,1604264176.9,0.43785169,1.0234749,25.087054,58.640792,2.4316212,561.77241,8.2902603,1.358475,0.7032845,0.18485038,11.942687,0.16798,0.052205,0.006797,0.013919,39.605054,0.75838,610.610858,200.656286,0.1167744,9.2583505,1.5171101
3933,61009.5906,1448547049.89,0.9896525,0.3095033,56.702911,17.733233,0.89001937,558.81794,11.106738,1.3878639,0.86857593,-0.46217752,11.928919,0.17181,0.108731,0.024706,0.025617,49.850692,0.629397,824.746128,269.957508,0.1162032,12.3973765,1.5491381
3953,61774.7673,1514658311.36,4.1015887,-0.63056135,235.003722,-36.128504,0.32474779,502.48243,5.4109631,1.3312962,0.62610871,-0.40266106,11.95401,0.16446,0.104137,0.019482,0.028456,22.940468,0.947731,443.766091,148.839412,0.1052386,5.9804053,1.4713999
3995,64119.4616,1717239896.83,5.026177,0.686236,287.978729,39.318427,2.2221798,644.12449,8.6664076,1.3680173,0.73895723,-0.11007553,11.938439,0.16922,0.061296,0.0093,0.015911,50.728333,0.606287,745.261724,249.058463,0.1325488,9.8151295,1.5493464
4003,64376.0891,1739412520.06,1.1471339,-0.79590782,65.725931,-45.602159,2.9755814,80.85926,2.7265286,1.144395,0.19489576,0.45376921,12.011156,0.1407,0.104895,0.020187,0.037117,49.265805,0.986252,69.14808,7.98704,0.0180023,2.7756124,1.1649967
4009,62116.1373,1544152678.46,3.5857498,-0.90449739,205.44833,-51.823883,1.7300474,382.82817,6.2751741,1.2081364,0.38726726,0.43557015,11.994784,0.14874,0.022393,0.005983,0.005111,17.662513,0.158579,792.012965,264.103796,0.0814634,6.7863711,1.3065553
4023,61087.5664,1455284154.89,4.2557849,1.0447006,243.838513,59.856935,0.19624683,260.12655,15.418764,1.3412942,0.970676,0.10350402,11.950453,0.16575,0.247478,0.084897,0.04955,18.419779,0.980805,206.730954,46.298763,0.0563256,16.2872351,1.4168434
4037,62794.63,1602774448.14,0.52545263,0.38168094,30.106218,21.868707,2.2875373,354.62482,3.6693058,1.3448443,0.6067186,-0.45361704,11.949623,0.1662,0.152561,0.016107,0.056846,58.114346,0.656931,578.980929,213.737917,0.0757566,3.9472799,1.4467251
4040,62077.7585,1540836748.24,5.4743424,0.35946129,313.656715,20.595615,0.54746043,543.6836,15.393485,1.6056788,0.95937884,-0.42192686,11.785124,0.2012,0.108024,0.003229,0.031939,49.021461,0.853849,494.480499,127.191977,0.1132713,17.1371251,1.7875561
4042,62834.0531,1606180608.08,3.9966732,0.38428959,228.992506,22.018172,1.9014911,88.283694,5.8718514,1.1312509,0.52370745,-0.20499772,12.01446,0.13905,0.09622,0.037453,0.018305,16.44673,0.3247,428.636022,115.868088,0.0196314,5.9871241,1.1534589
4086,63623.6961,1674405758.28,0.1457244,-0.13382098,8.349393,-7.667377,2.290343,555.6585,4.5795116,1.3851298,0.57802051,0.27306443,11.930171,0.17145,0.094592,0.010491,0.031695,39.346997,0.659044,866.971584,271.023206,0.115592,5.1088665,1.5452397
4088,61405.4408,1482748504.69,5.4971576,-0.96129694,314.96393,-55.078258,2.3414217,368.57108,2.9995573,1.3284254,0.49678242,0.21958393,11.955139,0.16409,0.134155,0.010617,0.054969,58.55857,0.696584,435.10985,108.071771,0.0785837,3.2352736,1.432818
4100,63734.7912,1684004380.93,3.0935644,0.86572983,177.248184,49.602665,0.95519951,324.63411,2.7829535,1.3669858,0.91540498,-0.26891539,11.938834,0.16908,0.3928,0.020232,0.169712,70.486335,0.577446,391.766796,141.872775,0.0696425,2.9767653,1.4621861
4117,63797.0891,1689386919.33,5.9906554,-0.93400713,343.239271,-53.514667,1.3245006,202.98784,9.3722897,1.5418613,0.9226588,-0.044203885,11.836739,0.19236,0.188904,0.027382,0.049521,18.48514,0.243813,474.100044,147.469166,0.04433,9.7877633,1.610212
4127,62971.8686,1618087863.6,3.1202547,0.96178675,178.777425,55.106322,1.4461967,383.09297,17.103128,1.2663555,0.96771002,0.093979619,11.977338,0.15613,0.226648,0.092551,0.040868,62.064915,0.124277,643.415375,291.323277,0.0815168,18.4973203,1.3695847
4128,61206.6982,1465577146.69,5.5910423,1.2320766,320.343127,70.592789,0.66617962,459.17373,14.385899,1.2930349,0.91835564,0.35631201,11.968108,0.15955,0.138754,0.048032,0.027649,73.507038,0.786188,474.868567,93.829321,0.096712,15.7771881,1.4180869
4149,63304.8804,1646860080.95,1.8674241,-0.80226304,106.995519,-45.966286,0.61098074,305.63523,7.2316699,1.0741959,0.88245571,-0.32243887,12.026037,0.13191,0.316841,0.106891,0.06413,35.250174,0.819086,299.223639,98.152654,0.0657443,7.707111,1.1448182
4232,61443.5996,1486045423.19,3.8023086,-0.40332415,217.856235,-23.108772,1.6289749,586.09247,16.802849,1.1276193,0.90501708,-0.25439113,12.015043,0.13859,0.115866,0.054622,0.018665,38.747571,0.058146,838.319761,242.59004,0.1214623,18.8437617,1.2645825
4239,62577.1982,1583988338.74,0.24373127,-0.93970658,13.964773,-53.841221,0.25985172,418.4564,9.8932257,1.3565208,0.89679635,0.08102002,11.943762,0.16772,0.191487,0.050749,0.042934,62.142452,0.966428,518.509982,181.383442,0.088615,10.7699139,1.4767289
4252,62713.3315,1595750257.71,2.4345335,-0.71983798,139.488495,-41.243678,2.4075927,599.18579,2.6646678,1.1811062,-0.29920837,-0.25562498,12.00176,0.14533,0.014437,0.004192,0.004559,22.389367,0.742501,670.11793,198.714885,0.1239757,2.9950219,1.3275347
4255,63156.7813,1634064322.39,1.0637755,1.325833,60.949846,75.964635,3.0317727,625.13409,6.691628,1.5411873,0.81502444,0.060563002,11.837399,0.19226,0.127188,0.009067,0.038592,19.820066,0.993976,483.969563,169.192657,0.128936,7.5544197,1.7399018
4377,64181.2492,1722578348.48,5.5756702,-0.14223835,319.46237,-8.149657,0.9675871,417.31248,6.9641342,1.3865564,0.9634394,0.10890281,11.929482,0.17164,0.391246,0.06599,0.101909,43.681675,0.567288,694.392861,248.786258,0.0883863,7.5796683,1.509109
4378,61912.0891,1526522919.53,4.3871954,-0.36345605,251.36778,-20.824498,2.0921949,146.78564,9.6961975,1.3221684,0.72218513,0.19379245,11.957458,0.16329,0.038203,0.00144,0.011214,28.947059,0.498093,208.107503,39.028581,0.0323358,10.0097318,1.3649218
4392,63873.6656,1696003129.04,5.4232425,-1.3514432,310.728907,-77.431992,2.4913068,118.16198,15.240076,1.0364361,0.91200894,0.30024248,12.033873,0.12719,0.191245,0.112504,0.023997,60.22602,0.795911,100.116928,31.169583,0.0261487,15.6385842,1.0635376
4440,62837.2028,1606452743.53,1.7319065,-0.052213732,99.230933,-2.991626,2.519359,583.66099,14.41841,1.2593338,0.90443969,0.2959556,11.979605,0.15524,0.123339,0.044803,0.023935,33.89683,0.812579,567.559102,143.001729,0.1209947,16.1629612,1.4117065
4441,63729.5992,1683555786.26,0.15999532,0.1500373,9.167057,8.596504,1.0671881,174.98194,10.280325,1.0646453,0.96289784,0.13735972,12.028364,0.13071,0.401883,0.160094,0.073691,64.320343,0.482589,301.601944,63.392444,0.0383782,10.6748654,1.1055045
4442,63274.0354,1644195080.78,0.55595225,0.87036331,31.853718,49.868144,2.9297911,459.59613,5.9142756,1.2118893,0.29429138,-0.37563109,11.99279,0.14923,0.011494,0.000387,0.003502,43.548712,0.977654,516.045757,200.45318,0.0967956,6.4867515,1.3291949
4450,61785.1269,1515553377.92,3.7467091,-0.07923894,214.670618,-4.540057,0.62578887,306.94976,6.2509689,1.1037396,0.2896086,0.47982383,12.020166,0.1356,0.021413,0.011763,0.002973,32.733128,0.810501,406.474746,150.971744,0.0660147,6.6636247,1.1766026
4457,61286.185,1472444804.03,2.1330011,0.86667939,122.211961,49.657071,1.1794317,289.10919,5.4077196,1.5486261,0.98813188,-0.10307987,11.83248,0.19327,0.463743,0.037261,0.15567,46.743018,0.38145,544.396354,179.293532,0.0623374,5.7448228,1.6451634
4458,64013.7749,1708108566.07,0.49013887,1.1580693,28.082889,66.352483,1.7960958,211.46325,15.115347,1.1186734,0.88465881,0.16272582,12.016919,0.13747,0.120691,0.059743,0.018575,59.085405,0.223398,327.622264,87.097065,0.0461217,15.8124925,1.1702685
4466,61942.4296,1529144331.33,0.54293216,-0.65826947,31.107721,-37.716062,0.14139769,551.9997,6.0346551,1.1274925,0.63952112,0.46978292,12.015063,0.13858,0.146308,0.051299,0.02946,25.919766,0.99002,658.04466,234.133432,0.1148836,6.727938,1.2570229
4477,61278.9793,1471822233.81,5.6517038,1.0026138,323.818775,57.445539,2.3166983,462.20524,10.319694,1.29128,0.96080732,-0.30188289,11.96873,0.15932,0.338724,0.097342,0.07359,27.859862,0.678635,572.631456,154.986063,0.0973117,11.323921,1.4169367
4520,64262.9709,1729639104.36,0.32635996,-0.73115901,18.699048,-41.892325,1.8952231,275.64677,10.612878,1.7214121,0.94724321,0.34754553,11.670026,0.21783,0.142486,0.001582,0.043168,16.19164,0.318766,731.36498,225.981022,0.0595508,11.2448834,1.8239236
4534,62904.163,1612238104.5,2.6585318,0.18311752,152.322652,10.491861,2.3491906,489.67538,14.549438,1.268965,0.93045217,0.2884725,11.976459,0.15647,0.16869,0.06403,0.031897,24.490232,0.702137,594.716338,142.172963,0.1027261,16.044045,1.3993208
4535,64074.929,1713392286.74,3.3986114,1.1281989,194.726089,64.641035,0.6383778,330.98316,5.6017914,1.1536467,0.29209542,-0.32082888,12.008509,0.14187,0.028222,0.012741,0.004886,23.677543,0.803063,314.099051,83.403288,0.0709409,5.9991875,1.2354874
4551,61226.1421,1467257097.0,5.9671777,-0.11598622,341.894098,-6.645521,0.023398809,500.58607,19.310429,1.3623288,0.98997563,0.46153402,11.940771,0.16848,0.279422,0.10173,0.054154,59.013443,0.999726,386.316801,80.159021,0.104867,21.3354558,1.5051921
4558,64277.0243,1730853319.18,2.422711,0.71393868,138.811115,40.905673,0.55412602,990.75976,6.5430655,1.4933916,0.73108017,0.42508033,11.870686,0.18578,0.081329,0.004109,0.025143,58.46234,0.850361,958.492374,317.883383,0.1961781,7.8266717,1.7863623
4609,62843.4142,1606989408.98,0.35649045,0.88643358,20.425398,50.788903,0.40660734,792.24895,10.106379,1.6551105,0.98935413,0.31082407,11.738383,0.20822,0.348049,0.043736,0.093276,39.877464,0.918468,705.887438,182.698021,0.1602524,11.7259505,1.9203459
4612,61782.9413,1515364549.54,6.0949105,0.7638158,349.212648,43.763422,1.5128747,415.19676,6.6816907,1.5548965,0.9044165,0.21966863,11.827356,0.19414,0.230274,0.022884,0.068034,24.857413,0.057889,765.039586,207.289101,0.0879633,7.2694343,1.6916703
4617,64354.5939,1737555335.22,4.6619827,0.17138034,267.111933,9.81937,0.54907953,158.3856,9.5133762,1.1925832,0.71068966,-0.14414619,11.998939,0.14677,0.067434,0.025699,0.012724,18.293037,0.853005,170.422639,32.751076,0.0348279,9.8447071,1.2341184
4644,63319.7684,1648146410.94,6.225524,-0.39093856,356.69625,-22.39913,2.9422879,191.73026,7.6587205,1.0434821,0.88272405,-0.33933306,12.032215,0.12807,0.314041,0.116561,0.06024,66.63861,0.980204,180.517991,46.11995,0.0419434,7.9799533,1.0872493
4654,63061.7261,1625851555.81,4.7066186,-0.59571115,269.669382,-34.131735,2.8773823,478.20635,9.667572,1.1607658,0.86170954,-0.21668063,12.007086,0.14276,0.207403,0.080946,0.038548,24.56676,0.965299,439.160688,120.058237,0.1004698,10.638871,1.2773877
4680,62369.455,1566039327.84,3.5594713,-0.86698361,203.942683,-49.674502,0.94713758,172.42344,13.99687,1.5113605,0.97435939,0.31427971,11.858575,0.18821,0.231895,0.05227,0.054747,17.325415,0.584009,235.244058,38.686593,0.0378321,14.526401,1.5685384
4696,61805.3318,1517299088.72,2.162107,0.72012841,123.879606,41.260319,2.6641409,342.44715,4.8509159,1.5257111,0.97032076,0.10009585,11.849466,0.19014,0.416461,0.030743,0.148668,60.975007,0.888169,333.245832,118.486473,0.0732797,5.2063896,1.6375148
4716,63691.7036,1680281609.46,1.1310604,-0.59861818,64.804987,-34.298295,2.7860169,860.42064,17.163004,1.642506,0.97919852,0.46153891,11.750923,0.20641,0.13421,0.008594,0.038284,24.128551,0.937446,877.540606,272.198565,0.1727362,20.1276761,1.9262262
4745,61042.7275,1451410077.45,0.53032974,-1.0104325,30.385656,-57.893518,0.87447702,377.30617,6.512116,1.2086916,0.86784548,0.31506166,11.994491,0.14881,0.286747,0.072031,0.066521,30.724482,0.641398,590.747357,187.466057,0.0803493,7.03536,1.3058091
4766,62964.3773,1617440613.82,6.0640214,-0.36556419,347.442833,-20.945285,2.3874002,542.641,16.122225,1.3172904,0.95112014,-0.21464913,11.959283,0.16266,0.171012,0.060076,0.03381,56.551467,0.728825,623.603177,169.479771,0.113069,17.9451489,1.4662351
4778,62779.7902,1601492287.57,3.8962812,0.44699836,223.240469,25.611119,1.0895427,306.19266,8.3383713,1.1797779,0.90797096,-0.059248447,12.002168,0.14516,0.301412,0.094304,0.063206,64.144974,0.462891,344.118865,100.021203,0.065859,8.8875281,1.2574769
4793,63719.6966,1682700200.68,5.9838518,0.79762756,342.849453,45.700693,0.54344198,277.13613,6.8249898,1.0671122,0.38555974,0.050006241,12.027747,0.13102,0.036588,0.021815,0.004519,41.980522,0.855934,329.499309,110.279398,0.0598596,7.233531,1.1309891
4841,62569.1308,1583291318.93,3.2283615,0.67095427,184.971489,38.442848,2.027,634.06903,7.3221068,1.3361673,0.79837781,-0.32594359,11.952008,0.16509,0.155914,0.036118,0.037038,39.884232,0.440543,1194.950952,331.400447,0.1306376,8.2786493,1.510721
4851,61268.574,1470923208.14,2.9125573,0.2748167,166.877241,15.745837,0.74700299,261.79412,4.6890206,1.1091359,-0.10357795,0.40227005,12.019314,0.13627,0.002452,0.001476,0.000322,45.007214,0.733728,375.281438,105.79475,0.0566728,4.9547605,1.1719937
4856,62363.2483,1565503072.18,2.8817892,-0.80845499,165.114359,-46.321059,2.5800259,933.0386,9.1475897,1.4799639,0.94126171,0.36870748,11.880356,0.18396,0.256133,0.046728,0.064147,19.65632,0.846422,806.604392,264.100099,0.1858634,10.8477918,1.755035
4859,61141.1076,1459910113.93,2.9979465,-0.31909735,171.769682,-18.282931,2.4840972,281.78042,8.1364403,1.1379522,0.62782323,-0.37496778,12.013011,0.13989,0.072422,0.032686,0.012125,30.583244,0.791525,273.508465,53.922446,0.0608217,8.6313124,1.2071644
4885,63977.3861,1704964577.27,2.6884271,-1.2249141,154.035526,-70.182408,2.6719225,323.58054,6.8244143,1.2247512,0.86003071,0.28072089,11.996714,0.15076,0.265726,0.068631,0.060827,17.223437,0.891718,292.122228,79.932016,0.0694269,7.2982122,1.3097819
4891,62076.1388,1540696814.06,0.90954048,-0.34507324,52.112831,-19.77124,2.3738118,679.89027,11.086406,1.8366908,0.98889893,-0.39467558,11.483123,0.2362,0.240659,0.00795,0.071373,33.18307,0.719454,843.465541,269.50499,0.1393143,12.6309009,2.0925681
4903,62296.0965,1559701158.72,0.73154123,0.48774506,41.914225,27.945733,0.9638785,404.24467,7.7418833,1.2367469,0.94162899,-0.268112,11.987012,0.15236,0.360778,0.091487,0.082446,24.962085,0.570338,475.063547,109.72667,0.0857699,8.4059039,1.3428226
4919,61541.7868,1494528799.0,0.064371801,1.3579974,3.688233,77.80752,2.8346381,524.9478,6.7922025,1.3919359,0.64878321,0.30129942,11.927685,0.17233,0.055816,0.005763,0.015779,48.945978,0.953258,486.095432,139.725982,0.1096279,7.5368174,1.5445309
4946,63269.6408,1643815380.1,4.718965,1.0083251,270.376778,57.772773,2.5783771,371.23646,4.7347131,1.1318161,0.49706969,-0.0037586598,12.014363,0.13912,0.125006,0.03894,0.028553,15.845996,0.845543,360.650381,116.461834,0.0791228,5.1093369,1.2213686
4954,63251.61,1642257525.74,3.1739092,0.85220506,181.851602,48.827753,0.60481269,875.37538,13.735211,1.5604798,0.93869621,0.086834669,11.82274,0.19491,0.106254,0.007573,0.030078,74.38841,0.822609,809.860481,208.458913,0.1754537,16.1451046,1.8342718
4957,61949.2805,1529736251.51,4.4918997,-0.80707248,257.366895,-46.241847,1.586173,471.05083,6.6224637,1.1346711,0.85577679,-0.26585346,12.013805,0.13947,0.288212,0.084585,0.06259,28.765801,0.015376,602.973554,164.846774,0.099059,7.2784783,1.2470705
4985,61375.5598,1480166786.05,2.3639984,0.56510379,135.447131,32.378062,0.31339791,594.75364,7.4556603,1.4371387,0.94135725,-0.10025651,11.903915,0.17828,0.313665,0.052345,0.081404,65.132194,0.951292,467.767817,137.656335,0.1231257,8.3736437,1.6140874
5013,62821.4403,1605090863.28,3.259541,1.2996991,186.757942,74.467273,1.747273,766.71542,10.766808,1.5260625,0.98849684,0.29151782,11.849186,0.19019,0.375553,0.069649,0.093359,30.396277,0.175562,1306.93623,389.349365,0.1555348,12.4414213,1.7634183
5014,64285.0547,1731547147.29,3.0547704,0.69781021,175.025451,39.98158,2.5416279,258.36433,9.6194506,1.1584234,0.64507163,-0.42304227,12.007495,0.14247,0.038827,0.012746,0.00795,30.562779,0.825356,264.068323,59.47992,0.0559585,10.1577406,1.223247
5033,64226.4398,1726482815.9,1.6063417,0.10119079,92.0366,5.797805,1.2222043,357.69518,4.7837572,1.3285921,0.59260762,-0.42351639,11.955075,0.16411,0.110278,0.018405,0.032943,17.627574,0.341575,722.797737,270.566728,0.0763799,5.1491401,1.4300698
5034,61392.7322,1481650481.85,5.3543209,-0.44582992,306.77999,-25.544173,0.48147101,597.00679,9.2820768,1.4457893,0.87658387,-0.48392513,11.900591,0.17941,0.149832,0.028705,0.037048,24.006011,0.886315,577.36731,171.700523,0.1235579,10.4289507,1.624428
5044,61388.2993,1481267479.96,2.5649493,-0.034734625,146.96077,-1.990147,0.71005503,437.48288,15.180366,1.2443562,0.97185642,0.093055949,11.984223,0.15333,0.291497,0.116393,0.053366,50.178706,0.758326,508.503515,140.420762,0.0924085,16.5831609,1.3593453
5056,61999.623,1534085848.45,2.5797483,-0.64292036,147.80869,-36.836623,1.9296363,322.69722,8.843277,1.2526734,0.92571467,-0.46628401,11.982006,0.15439,0.300533,0.085722,0.065558,51.135237,0.351188,783.664251,281.349424,0.069246,9.4556386,1.339416
5058,62809.3134,1604043093.43,1.7972999,0.63876396,102.977699,36.598479,3.030851,906.784,3.5451999,1.2835306,0.9059211,-0.28690264,11.971449,0.15833,0.383297,0.039802,0.142321,27.896658,0.993874,798.57517,243.643794,0.1811371,4.1873671,1.5160256
5146,63702.2626,1681193909.12,3.7745715,0.21851723,216.267016,12.520115,2.7094384,535.59389,9.0451193,1.258875,0.88457501,0.36793703,11.979756,0.15518,0.226127,0.068914,0.047968,28.52536,0.908066,495.162441,164.926827,0.1117,10.0554591,1.3994913
5230,64045.4818,1710848041.94,3.0466739,-1.0485669,174.561556,-60.078458,1.1189985,401.43636,9.8600607,1.3621922,0.77386558,-0.2297065,11.940834,0.16846,0.056823,0.007212,0.015136,72.069506,0.436584,533.493562,133.875255,0.0852065,10.700202,1.4782598
5241,62910.0102,1612743302.6,0.67836202,0.44580742,38.867281,25.542884,2.2400943,221.32544,2.1171961,1.3158449,0.83426535,-0.14662793,11.959824,0.16247,0.340462,0.01202,0.154515,37.382801,0.620436,230.629629,51.809349,0.048201,2.2192471,1.3792699
5248,62893.3137,1611300722.65,5.9149787,1.1226954,338.903315,64.325708,1.5145647,521.78798,11.226625,1.1288074,0.75254381,-0.26742178,12.014856,0.13874,0.070168,0.031474,0.011793,69.653836,0.056202,1197.690252,335.893463,0.1090119,12.4504607,1.2518608
5292,63398.2175,1654924408.88,4.9221359,0.12981196,282.017613,7.437677,0.88708008,425.7334,8.8203802,1.2359753,0.933451,-0.18684736,11.987782,0.15226,0.320653,0.092594,0.06959,56.958112,0.631678,796.701103,284.094898,0.0900679,9.6148133,1.347297
5316,63651.5411,1676811571.44,2.0726778,0.094850442,118.75569,5.43453,0.44258493,253.53288,8.6169081,1.5988935,0.91970062,0.2996802,11.791621,0.20024,0.184185,0.018458,0.051342,38.382601,0.903648,231.247093,55.140244,0.0549511,9.0904167,1.6867545
5335,64051.6857,1711384059.25,5.2053011,-0.20916725,298.241784,-11.984401,1.95618,194.15117,7.3622484,1.0685894,0.36823371,0.030443462,12.027367,0.1312,0.019767,0.010364,0.002871,52.475646,0.375915,257.417786,53.818232,0.0424573,7.6748296,1.1139588
5339,64312.1765,1733890471.77,0.77291012,-0.59643824,44.284488,-34.173394,2.4128283,860.07741,9.3963385,1.4368373,0.91726738,0.29506317,11.904091,0.17824,0.214004,0.044621,0.051778,35.144012,0.745998,841.443371,333.719334,0.1726738,11.01884,1.6849415
5393,61820.5658,1518615301.8,0.89592746,0.035216957,51.332862,2.017783,3.0490016,931.20796,20.014633,1.2147232,0.9865365,0.39814982,11.991805,0.14959,0.293624,0.13773,0.047512,47.676404,0.995717,1419.955315,427.111225,0.1855345,23.7280379,1.4400963
5397,63181.0551,1636161581.52,4.6925615,0.62132995,268.863969,35.599584,2.4069487,790.4434,11.408802,1.2813575,0.79087919,-0.34977329,11.972202,0.15805,0.054791,0.010356,0.013544,18.155275,0.742069,695.395854,172.171308,0.1599195,13.2332919,1.4862716
5427,63396.0975,1654741242.98,4.2018253,-0.58857924,240.746856,-33.723106,2.3338291,690.05239,10.403816,1.2223434,0.83142936,0.27298826,11.995209,0.15048,0.134118,0.050612,0.025454,64.95176,0.691117,877.414923,290.489472,0.1412274,11.8731199,1.3949718
5429,63649.9889,1676677462.52,2.3435104,-0.45038691,134.273255,-25.805269,0.56207525,227.59858,8.0175467,1.1394112,0.80229157,-0.025524218,12.012617,0.14007,0.19524,0.072665,0.03741,31.203455,0.846151,211.465671,44.838491,0.0495206,8.4145804,1.1958355
5434,61939.554,1528895884.15,5.909307,-0.12167614,338.578351,-6.971529,0.82393604,626.01655,6.803616,1.1657091,0.85577679,-0.26585346,12.006185,0.14338,0.27605,0.078983,0.060573,51.3883,0.679338,707.507406,250.862722,0.1291042,7.6819914,1.316207
5443,64444.5153,1745324539.09,1.2787911,-0.74918084,73.269333,-42.9249,1.35192,303.36084,8.079648,1.2249383,0.74738061,0.47375038,11.996791,0.15078,0.123718,0.042139,0.024931,64.100591,0.217133,734.121301,257.478888,0.0652764,8.6070583,1.3048979
5452,64449.9248,1745791917.95,6.0500501,1.1335745,346.642337,64.949035,2.7025403,715.46441,12.838891,1.4197274,0.95265657,0.27897221,11.913657,0.17598,0.214039,0.056775,0.047932,29.638077,0.905155,616.009409,171.72322,0.1459943,14.7132959,1.6269995
5469,62461.2667,1573971861.29,3.4461551,0.30007882,197.450143,17.19325,2.6009871,652.85772,3.4328496,1.2575647,0.15698233,-0.17127423,11.980196,0.15501,0.041086,0.007069,0.014168,32.201637,0.857397,713.423006,217.343038,0.1342055,3.8935569,1.4263368
5473,64127.0958,1717899497.61,1.4594659,-1.3229431,83.621236,-75.799056,0.80066706,728.14563,6.2336454,1.4517677,0.69164497,-0.14237763,11.896388,0.18021,0.07876,0.006425,0.023737,19.891687,0.696228,825.482193,260.696012,0.1483639,7.1584933,1.6671576
5487,63614.6181,1673621418.7,3.633487,-0.58749298,208.18347,-33.660868,0.9530298,837.55332,3.7423863,1.2016188,0.64568758,-0.084952772,11.997169,0.14791,0.208872,0.036066,0.06738,32.734009,0.579216,601.219616,204.790388,0.1685664,4.3732269,1.4041714
5494,63194.6109,1637332797.45,3.968678,0.14212356,227.3885,8.14308,0.23242907,990.63937,3.8189433,1.3893758,0.53633559,0.18792044,11.928362,0.172,0.102357,0.007944,0.039204,34.612115,0.97311,682.844749,216.652591,0.1961567,4.5680546,1.6619112
5503,64417.8026,1743016565.83,3.6914304,-0.74330198,211.503382,-42.588066,0.52695145,595.21417,9.8289442,1.2196659,0.77713615,-0.49439985,11.993159,0.15018,0.098983,0.03683,0.018948,25.760182,0.864344,526.649037,138.545606,0.1232141,11.0400087,1.3699459
5525,63972.652,1704555548.2,1.7166635,0.70975631,98.357573,40.666041,2.375803,939.18365,9.2127666,1.3287933,0.74542081,0.30106941,11.954998,0.16414,0.061794,0.01231,0.015106,29.46134,0.720835,831.675959,329.003623,0.1869664,10.9352444,1.577233
5540,61537.6575,1494172026.38,2.7415864,-0.85496829,157.08133,-48.986075,0.20020703,793.29786,6.5137105,1.3894107,0.70638913,0.0097875968,11.928351,0.17201,0.096543,0.015887,0.025687,30.606053,0.980025,690.801677,213.879519,0.1604457,7.5588073,1.6123357
5551,62485.1916,1576038968.54,2.4521523,-0.30686154,140.497978,-17.581871,2.2332645,442.45163,10.455721,1.3927474,0.94647753,-0.22442897,11.927517,0.17243,0.264431,0.065591,0.060643,52.402345,0.615065,570.44245,172.167275,0.0933963,11.4322467,1.5228249
5558,63672.3497,1678609429.29,1.263923,-1.2225061,72.417454,-70.04444,0.25069781,497.69452,12.090402,1.4305327,0.9843111,0.41567829,11.909068,0.17739,0.354764,0.087546,0.081453,64.343281,0.96874,478.034525,111.90438,0.1043002,13.3514333,1.5797375
5596,62100.002,1542758594.63,0.35328352,-1.0426967,20.241655,-59.74212,0.60297733,731.69036,10.602011,1.1964233,0.75101238,-0.21593769,11.998235,0.14725,0.066033,0.02398,0.012818,62.831896,0.823651,815.699445,227.576452,0.1490253,12.1819789,1.3747206
5598,61078.2853,1454482268.58,2.1855263,1.0884649,125.221433,62.364445,1.1939364,428.95581,13.582784,1.4706522,0.96200222,0.38999316,11.885306,0.18273,0.207892,0.049936,0.048142,22.894445,0.368003,737.616912,243.051186,0.0907105,14.8148851,1.6040558
5619,61161.0037,1461629140.71,2.8691237,-0.1535191,164.388679,-8.795997,3.0273041,590.09156,7.6553802,1.2658521,0.78613538,0.080004565,11.977505,0.15607,0.155554,0.044888,0.033938,68.634934,0.993476,516.325707,171.181192,0.1222307,8.5911027,1.4205781
5631,63990.0068,1706055006.84,2.3604754,-0.74655895,135.245278,-42.774677,2.5180339,363.55184,5.1907635,1.2614684,0.94893193,-0.090810873,11.978918,0.15551,0.418044,0.068166,0.116935,45.61248,0.811806,430.107552,188.388118,0.0775674,5.5933975,1.3593172
5632,63936.2214,1701407945.9,2.072385,0.42000117,118.738914,24.064294,2.2007855,225.29878,4.5542006,1.1309237,0.74574798,-0.10027862,12.014515,0.139,0.256667,0.058911,0.066769,57.694352,0.589136,315.454583,68.38085,0.0490371,4.7775254,1.1863809
5647,62686.769,1593455255.48,4.0782984,-0.12866098,233.669286,-7.371731,1.0487436,168.44357,6.5907755,1.3115257,0.84656614,-0.078013495,11.961424,0.16192,0.233502,0.049966,0.057499,70.195738,0.49866,209.844888,44.776526,0.0369816,6.8345129,1.360028
5648,64134.6733,1718554192.53,3.116682,-0.089326342,178.572725,-5.118022,0.79549131,168.68205,4.3606033,1.2361187,0.18286671,-0.44340223,11.987631,0.15227,0.023504,0.005796,0.006425,63.02397,0.699934,318.023132,107.156509,0.0370326,4.5220878,1.2818954
5649,63775.1196,1687488755.74,1.4568698,-0.061310883,83.472491,-3.512855,1.6494164,161.97004,2.2989008,1.1018248,-0.26266038,-0.25028253,12.020461,0.13536,0.047057,0.013026,0.015426,39.710354,0.078539,411.428187,117.625774,0.0355962,2.3807329,1.1410456
5679,63803.5548,1689945548.56,0.2673219,-0.10230629,15.316417,-5.861719,1.373191,209.6871,5.8787131,1.2683829,0.84234262,0.25508144,11.976657,0.15639,0.261877,0.054653,0.066215,43.776394,0.196322,359.827941,94.328447,0.0457466,6.1476442,1.3264071
5687,62066.4894,1539863098.94,2.3528016,0.39052341,134.805602,22.375343,2.7498569,587.77137,11.241426,1.1865581,0.71577138,0.43486381,12.000229,0.14602,0.033299,0.003391,0.009115,49.128179,0.924248,465.178464,118.575706,0.1217849,12.6104619,1.331063
5706,61594.7023,1499100700.82,1.8701699,0.32986331,107.152842,18.899775,1.8723407,423.01905,3.9558966,1.4296484,0.73701859,-0.23213729,11.909496,0.17727,0.191543,0.014547,0.073276,41.811637,0.296995,595.255824,187.54188,0.0895263,4.3100534,1.5576395
5722,63941.3486,1701850934.68,4.8448683,-0.71980445,277.590506,-41.241757,0.53092969,544.90422,7.1624846,1.2254009,0.71076828,0.25587806,11.99695,0.15084,0.125866,0.040133,0.026349,32.32071,0.862337,1070.399299,381.920346,0.1135082,7.9754853,1.364494
5731,61773.6296,1514560011.83,3.6838112,-0.28545752,211.066834,-16.355511,0.44704294,667.12603,4.9013233,1.5391626,0.84776044,-0.10314791,11.839525,0.19198,0.218564,0.01346,0.078984,26.724141,0.901729,759.678079,346.989021,0.1369055,5.5723414,1.7498824
5745,62196.2263,1551072368.99,4.6623286,-0.62529681,267.131751,-35.826868,0.70931749,763.57441,14.655871,1.2130989,0.84675819,0.26289934,11.992268,0.14938,0.055272,0.009116,0.014067,40.749041,0.758807,798.30176,245.478838,0.1549528,16.9268392,1.401072
5788,63284.4439,1645094370.88,0.12949436,0.26000367,7.41948,14.897113,2.7624016,792.60685,9.2972965,1.4216924,0.91726738,0.29506317,11.91234,0.17624,0.221702,0.047732,0.05318,31.98756,0.928964,639.391592,237.882681,0.1603183,10.7878233,1.6496157
5795,63335.3172,1649489827.02,4.0819562,-0.60863819,233.878862,-34.8724,0.8652639,291.63682,9.4893456,1.4874963,0.88979691,-0.20107754,11.874974,0.18498,0.148966,0.024616,0.038043,46.751535,0.648439,367.703791,87.406498,0.0628595,10.0858411,1.5809996
5813,61437.3389,1485504496.87,1.3132258,-0.13950177,75.242296,-7.992863,1.5871843,228.78651,3.0291352,1.1815466,0.96186209,0.41406533,12.001627,0.14538,0.4704,0.04895,0.180093,22.869276,0.016387,646.617566,255.811384,0.0497702,3.1798959,1.2403524
5815,63963.1847,1703737580.38,6.0913139,0.86645326,349.006578,49.644115,0.85932567,740.12594,15.29077,1.2448447,0.86182523,-0.34984678,11.98417,0.15339,0.05096,0.002227,0.014852,45.086908,0.652948,903.595202,246.393511,0.1505972,17.5935171,1.4323148
5850,61402.1933,1482467919.49,6.166724,0.64914882,353.327259,37.193488,2.537258,922.96359,6.4658599,1.7635266,0.96456158,0.27014804,11.604322,0.22442,0.284278,0.006189,0.098685,60.246279,0.82288,970.872487,326.835981,0.1840523,7.6559163,2.0881077
5870,62607.1639,1586577376.72,1.0879111,-0.08616478,62.332715,-4.936878,2.2746042,880.86021,9.8631697,1.6660362,0.92832142,0.019702645,11.726577,0.2098,0.14133,0.00585,0.041602,43.566269,0.647125,1250.505542,387.161305,0.1764485,11.6035112,1.9600058
5884,64180.3293,1722498867.59,5.2148483,-0.19796696,298.788798,-11.342671,0.84720581,804.00447,19.653032,1.1732016,0.96687841,-0.24363746,12.004222,0.14432,0.206469,0.101816,0.031895,27.794642,0.66208,1054.908258,338.734415,0.1624165,22.8450087,1.3637489
5938,61157.789,1461351384.5,2.7713713,1.3145092,158.787879,75.315829,0.60281973,463.11279,3.2784836,1.4761789,0.65171319,0.13170888,11.882528,0.18346,0.149005,0.002366,0.065526,37.749132,0.82374,755.489361,228.899523,0.0974911,3.5981066,1.6200932
5941,63817.7328,1691170531.52,3.145796,0.7837763,180.240834,44.907074,2.5420494,311.50896,3.3568964,1.2175241,0.75128806,-0.28992471,11.991987,0.14993,0.276274,0.036327,0.099498,72.527422,0.825593,336.134546,114.957316,0.0669516,3.581646,1.2990393
5954,64411.1666,1742443212.24,5.6652689,-0.1056127,324.595998,-6.051162,2.7838956,758.68177,14.729788,1.2576249,0.89468902,-0.026697975,11.980176,0.15502,0.101119,0.03359,0.02058,15.893769,0.936706,704.092334,233.504869,0.1540457,16.9988485,1.4513566
5967,63300.5516,1646486076.41,4.6596298,0.71926928,266.977122,41.211094,2.4255189,179.16272,18.269915,1.1684766,0.91083169,-0.26820701,12.005549,0.14373,0.085014,0.026483,0.017838,65.438796,0.754389,203.969919,33.132803,0.0392698,18.9873709,1.2143624
5987,63937.7771,1701542358.73,4.8664309,0.033657361,278.825952,1.928425,2.7823721,225.06309,4.8887672,1.4009138,0.68339396,0.011896085,11.923618,0.1735,0.133503,0.016122,0.042861,43.23763,0.936171,198.606823,67.37914,0.0489875,5.1282557,1.4695411
5991,61732.4245,1510999897.19,0.40747131,-0.52821829,23.346386,-30.264679,0.76036595,883.85086,15.936522,1.1802306,0.87204665,-0.056558661,12.002028,0.14522,0.068158,0.017977,0.015293,73.451771,0.724584,816.540924,214.52237,0.1769905,18.757135,1.3891202
6014,61064.1813,1453263683.31,5.5201647,-0.68316938,316.28214,-39.142722,1.2257304,466.61422,13.820908,1.756201,0.98508567,-0.37410089,11.614947,0.22328,0.190245,0.011715,0.054432,25.625973,0.338259,610.506378,190.2449,0.098183,15.1778862,1.9286301
6023,61535.5157,1493986975.33,4.2548948,0.85304537,243.787514,48.875899,2.2280011,253.20668,4.0638504,1.6852039,0.95805728,-0.21318097,11.704784,0.21261,0.356594,0.003368,0.154189,58.387587,0.610906,293.229937,76.129913,0.0548831,4.2868871,1.7776931
6027,62087.7841,1541702964.26,1.4897251,0.13656076,85.354961,7.824355,0.77569019,751.70764,8.5403032,1.4384533,0.78291559,0.22511065,11.903329,0.17845,0.07647,0.008769,0.020785,64.695506,0.713938,911.2127,287.612216,0.152751,9.8448431,1.6581785
6064,63948.8149,1702496023.88,2.7693996,-0.40800494,158.674909,-23.376961,1.0102642,829.30308,9.2208376,1.4326198,0.77940369,-0.33971417,11.907553,0.17767,0.057904,0.002864,0.016833,54.369919,0.531637,1187.331577,352.002744,0.1670576,10.7612486,1.6719498
6086,61011.625,1448722820.29,3.0605025,0.17645421,175.353876,10.110082,2.9539366,181.30778,11.505016,1.0817369,0.76420015,-0.20305373,12.024846,0.13284,0.085003,0.044325,0.012397,56.560411,0.982444,160.315882,50.018951,0.0397269,11.9620746,1.124711
6130,61648.1965,1503722598.34,5.9369906,-1.0947933,340.164504,-62.727036,2.5653587,741.37993,4.3822722,1.1808196,0.65301973,-0.29373136,12.001847,0.14529,0.195932,0.042795,0.053973,61.899297,0.838521,759.420565,244.962491,0.1508306,5.0432529,1.3589233
6143,63373.7661,1652811812.44,4.0084625,1.1142198,229.667984,63.840092,0.54623004,736.82581,5.5512996,1.214292,0.71124375,0.058396291,11.991895,0.14953,0.181367,0.045672,0.043541,21.629336,0.854489,902.442914,286.589159,0.1499825,6.3838974,1.3964145
6149,64335.4755,1735903501.4,5.319447,-0.098729789,304.781862,-5.6568,1.914499,142.69691,3.319876,1.547788,0.8808167,-0.1381388,11.832892,0.19316,0.298702,0.005905,0.131928,68.708306,0.336976,296.613301,76.327285,0.0314554,3.424304,1.5964743
6185,63203.605,1638109888.67,0.34251058,0.45216348,19.624411,25.907059,2.7319311,574.63518,19.432835,1.2174237,0.97559279,-0.31437373,11.991953,0.14992,0.234725,0.108346,0.038516,71.061851,0.917256,950.732045,372.605768,0.1192569,21.7503347,1.3626099
6198,61258.7723,1470076343.65,1.9126933,0.33587103,109.589254,19.243992,1.4236284,122.86874,2.3493922,1.050667,-0.25202054,-0.45133311,12.030692,0.12897,0.059981,0.018825,0.018359,41.537899,0.146637,280.394749,75.331839,0.0271699,2.413225,1.0792135
6199,63783.8803,1688245673.11,1.3357842,0.22798024,76.534797,13.062306,0.52422801,610.46521,5.4657574,1.50717,0.82676888,0.21847923,11.862603,0.18762,0.189327,0.01649,0.061719,44.277419,0.865711,641.795927,215.001523,0.1261353,6.1551823,1.6972773
6205,61153.102,1460946430.02,4.0333509,0.59540729,231.093984,34.114325,0.57146193,607.70981,7.7552385,1.1756815,0.68368465,-0.24747141,12.003455,0.14464,0.103989,0.040304,0.019463,15.529167,0.841111,469.065764,144.768876,0.1256082,8.72936,1.3233567
6220,61999.743,1534096217.5,5.7078123,-1.2747047,327.033555,-73.035199,1.3532692,284.06722,7.5418663,1.0928743,0.89402747,0.13249689,12.022478,0.13424,0.32045,0.107222,0.065099,69.97759,0.215816,714.438271,241.711419,0.061295,8.004145,1.159862
6287,62979.2578,1618726288.26,2.7794302,-0.58081373,159.24962,-33.278175,0.96452001,721.29754,8.8738327,1.6562634,0.89918226,-0.14268738,11.736726,0.20839,0.121896,0.001559,0.037309,42.121164,0.569811,869.123553,308.80686,0.147085,10.1790404,1.8998749
6291,62129.5589,1545312302.97,1.9229616,-1.4053416,110.177584,-80.520142,0.54950872,388.96531,6.0406475,1.3680531,0.54248786,0.096442997,11.938426,0.16922,0.038968,0.00231,0.011902,25.027945,0.852781,390.932553,108.824451,0.0826998,6.5402078,1.4811908
6298,62930.1711,1614485200.65,1.4753442,0.17463163,84.530996,10.005655,1.6970094,398.87888,2.6114869,1.3165605,0.64787269,-0.12070977,11.959556,0.16256,0.217133,0.013481,0.093214,71.8022,0.125878,530.18364,155.816953,0.0846931,2.8326618,1.4280641
6301,64458.123,1746500244.34,3.1161604,0.083433163,178.542839,4.780368,1.1085821,214.57159,14.661148,1.4522961,0.94171458,-0.19580476,11.896047,0.18028,0.130273,0.02705,0.031459,61.087239,0.445931,334.168007,68.998295,0.0467777,15.3469628,1.5202312
6310,63364.1898,1651984417.43,1.0175429,1.1991601,58.300914,68.706813,0.19614148,836.62988,2.7574542,1.5324954,0.90396351,-0.067543574,11.845141,0.19106,0.342938,0.003007,0.157938,55.457401,0.980826,662.472336,219.82437,0.1683977,3.2218031,1.7905641
6365,62085.3207,1541490127.92,4.7045145,0.29182176,269.548826,16.720155,1.1599324,701.92867,12.616758,1.5339255,0.93703103,-0.3541207,11.844205,0.19125,0.137965,0.020602,0.035777,50.718337,0.399402,1206.74471,394.749852,0.1434582,14.4267354,1.7539797
6368,63753.8326,1685649553.0,5.8660716,0.9798865,336.101145,56.143361,0.60952096,292.9109,7.8766608,1.4670988,0.95027143,-0.23400845,11.887125,0.18226,0.314414,0.051298,0.081553,57.348786,0.819922,265.168272,57.789625,0.0631225,8.3738553,1.5597057
6401,62888.4789,1610882992.48,4.8309577,0.70262168,276.793487,40.257257,0.86186704,916.49935,8.0450974,1.4673358,0.76805037,-0.43031973,11.887009,0.18229,0.070696,0.004632,0.020424,27.762251,0.651021,1099.636667,324.731627,0.1828886,9.516454,1.7356948
6449,62170.3256,1548834552.8,3.1750173,0.49637428,181.915091,28.440151,1.0945836,536.19563,8.2691088,1.1606883,0.795367,0.30233389,12.007099,0.14275,0.175637,0.065482,0.033614,45.293915,0.458417,772.880084,268.914577,0.111817,9.1937357,1.290473
6462,64018.5257,1708519034.39,2.1429095,-0.080926351,122.77967,-4.636738,1.8901873,665.42455,7.4837928,1.2457114,0.69567388,0.48918498,11.984062,0.1535,0.100263,0.031699,0.021035,58.579545,0.313988,999.437165,300.248795,0.136584,8.5059592,1.4158556
6466,61502.5155,1491135758.67,3.2856112,-1.1339528,188.251655,-64.97071,1.1344578,344.1588,13.025406,1.4587088,0.89211768,0.19353609,11.891761,0.18114,0.073385,0.003726,0.021232,51.654177,0.422624,434.835894,110.801451,0.0736283,13.9844445,1.566111
6506,61494.0464,1490404029.22,2.1628413,0.71208279,123.921678,40.799339,2.8391775,565.67484,6.1137629,1.4234811,0.67348206,0.20448075,11.911325,0.17648,0.080212,0.00878,0.023438,21.952643,0.95462,440.043292,122.303083,0.1175284,6.8323037,1.5907806
6522,63018.2886,1622098549.56,1.210911,0.74821364,69.38009,42.869484,1.121795,234.85376,3.6360786,1.1571791,0.92234021,0.23229787,12.007729,0.14231,0.417043,0.059611,0.138682,28.690225,0.434066,394.488241,141.961014,0.0510438,3.8216779,1.2162459
6542,61476.0771,1488851479.56,0.95932278,-0.78064826,54.965146,-44.727851,2.7316135,243.92682,2.2838976,1.1163827,0.096558079,-0.39543512,12.017552,0.13718,0.106842,0.018217,0.040332,67.909633,0.917129,283.488734,124.22101,0.0529442,2.4048167,1.1754887
6626,63217.9954,1639353220.96,0.61130528,-0.53950157,35.025213,-30.911163,2.1140001,181.56608,3.7438016,1.2191348,0.86943626,0.31038395,11.992802,0.15012,0.353889,0.048002,0.120197,31.872303,0.516881,246.129904,50.036005,0.0397819,3.8927371,1.2676343
6644,61330.0754,1476236936.46,4.3265044,-1.3658225,247.890442,-78.255865,1.0552371,260.59057,14.377563,1.1254441,0.809461,0.46261501,12.0154,0.13832,0.049215,0.010932,0.011667,58.224529,0.493021,363.412395,76.069017,0.0564222,15.1887767,1.1889441
6667,62943.0432,1615597353.43,3.1821542,0.87232206,182.324005,49.980372,0.66525039,266.03882,4.6001172,1.1475179,0.88484007,0.11320123,12.010213,0.14109,0.362913,0.070682,0.098885,38.604903,0.786762,221.084434,54.395124,0.0575558,4.8648806,1.2135642
6676,63298.3381,1646294826.97,4.1931031,0.39556726,240.247111,22.664335,0.80847647,474.19234,17.40593,1.2345181,0.92637122,-0.23403224,11.989496,0.15205,0.110546,0.03892,0.021829,52.501664,0.690601,504.707738,119.553682,0.0996787,19.1409305,1.3575733
6688,62510.5425,1578229292.73,3.9208861,0.093827707,224.650225,5.375932,0.13889195,717.23135,6.3171992,1.1769733,0.67653686,-0.25011575,12.003048,0.1448,0.144588,0.04668,0.030348,50.946457,0.99037,586.983529,180.522726,0.1463248,7.2415621,1.3491937
6702,62965.1221,1617504963.97,4.2756673,0.5363933,244.977691,30.733072,0.51698822,185.96861,3.6850886,1.3983066,0.7859087,-0.3208459,11.925537,0.17315,0.244774,0.019525,0.095221,68.351163,0.869312,177.934078,38.349054,0.0407189,3.8351414,1.4552441
6706,63716.1429,1682393168.55,3.8274523,-0.66287671,219.296863,-37.980038,1.9446076,375.58728,14.889205,1.6963264,0.98875445,0.18164295,11.692203,0.21425,0.219394,0.027106,0.058609,24.396444,0.365166,770.496831,252.236464,0.0800021,16.0803727,1.8320361
6753,63315.6154,1647787592.01,0.89859401,0.36775005,51.485644,21.070526,0.80679004,565.19844,11.196905,1.2212278,0.95716166,0.18835324,11.994341,0.15036,0.329447,0.113321,0.065872,40.337925,0.69182,578.932617,163.905248,0.1174364,12.5118292,1.3646444
6767,63331.6738,1649175038.38,3.1699152,-0.22742304,181.622762,-13.03038,2.1501912,149.07602,3.0960393,1.2314132,0.58086842,0.0078698574,11.993511,0.15162,0.193289,0.024848,0.072496,50.265295,0.547518,223.404843,56.587592,0.0328286,3.1976779,1.2718388
6780,64106.447,1716115436.67,1.0399592,-1.2564478,59.585273,-71.989156,1.2917134,339.33341,6.9462991,1.2675885,0.79837781,-0.32594359,11.976925,0.15629,0.187735,0.048798,0.042955,15.794583,0.275474,747.41328,272.231822,0.0726452,7.4509144,1.3596727
6801,62125.1167,1544928498.12,0.095573527,-0.57962052,5.47596,-33.20981,1.1374719,248.72963,3.3383462,1.266246,0.54513627,0.14847781,11.977374,0.15612,0.159359,0.020929,0.05851,68.826225,0.41989,515.406055,178.547469,0.0539483,3.5184443,1.3345578
6844,61293.1654,1473047911.81,3.8522229,0.35533283,220.716114,20.359071,2.4697178,514.92885,5.8913498,1.2678813,0.40913835,-0.25470299,11.976826,0.15633,0.025226,0.004022,0.00677,69.500257,0.782656,659.473281,231.98127,0.1076731,6.5256897,1.404398
6856,61393.053,1481678199.42,0.89267863,1.0214606,51.146718,58.525381,0.74236159,699.5006,9.5897379,1.4690862,0.84096092,0.086201988,11.886122,0.18252,0.091451,0.011053,0.024578,46.890809,0.736874,1275.853312,371.991125,0.1430026,10.9610954,1.6791693
6870,63959.9443,1703457605.53,3.7195427,0.29855505,213.114098,17.105944,2.1214282,280.41341,7.8872395,1.068383,0.64285171,-0.054036025,12.02742,0.13118,0.10568,0.05274,0.016148,64.968137,0.523226,402.315896,122.588009,0.0605387,8.3647227,1.1330615
6893,61598.7943,1499454247.52,6.0813654,0.39247316,348.436571,22.487056,2.9540585,288.67244,5.9933147,1.2391528,0.56003308,0.23211147,11.985373,0.15268,0.079079,0.023356,0.017603,52.362415,0.982467,209.925165,48.6966,0.0622472,6.3663818,1.3162866
6909,62445.997,1572652559.48,0.99900644,-1.1127563,57.238853,-63.75624,0.44387786,395.69486,3.006515,1.3690674,0.40377024,0.14134166,11.938043,0.16935,0.088977,0.003571,0.03827,53.22742,0.903093,363.32583,105.405112,0.0840534,3.2592228,1.4841422
6917,63978.7351,1705081133.79,2.1529781,-1.1259891,123.356559,-64.514423,2.8225212,217.48645,2.1832204,1.0757651,0.097775184,0.47025406,12.025743,0.1321,0.122194,0.021674,0.045816,53.197236,0.949527,202.739516,47.431755,0.0473923,2.2866882,1.1267481
6931,61490.2255,1490073900.38,6.0470854,-0.17583395,346.472472,-10.074543,2.8165393,258.05212,5.9990726,1.5932657,0.83178991,0.28268045,11.796929,0.19944,0.148285,0.005684,0.049857,59.494645,0.947634,252.303729,65.981088,0.0558934,6.3343812,1.6823187
6948,64037.416,1710151156.98,6.2767946,-0.85489213,359.633839,-48.981711,2.2014489,598.79888,18.963785,1.2098083,0.97093809,0.21859673,11.993881,0.14896,0.22395,0.103766,0.036628,57.269285,0.589672,679.33357,245.852215,0.1239016,21.3134283,1.3597055
6970,63041.4263,1624097646.68,2.6510891,0.37644958,151.896217,21.568972,2.2778861,366.86831,7.9730115,1.7916481,0.97219962,-0.41136792,11.561545,0.22884,0.257201,0.006665,0.081115,49.491025,0.649624,466.899599,96.180696,0.078239,8.5968119,1.9318249
6972,62411.0003,1569628841.74,1.6315678,-0.62184891,93.481949,-35.629318,0.93245736,184.4655,3.5036407,1.3852885,0.70955521,-0.33000407,11.930091,0.17147,0.202387,0.01572,0.080168,62.111257,0.595862,346.893838,118.995216,0.0403992,3.645185,1.441253
6982,62490.2133,1576472843.94,5.0410587,-0.02516285,288.831388,-1.441725,2.4031173,337.11307,10.319427,1.2248482,0.74288303,-0.16490193,11.996755,0.15077,0.060225,0.018991,0.012569,49.611239,0.739496,467.490774,184.993319,0.0721923,11.0644102,1.3132728
6997,62923.8578,1613939731.62,0.81656775,1.1723462,46.785886,67.170489,2.0022886,280.926,7.4535327,1.2476367,0.52011508,-0.22887851,11.983684,0.15374,0.022934,0.001956,0.006438,59.577046,0.418227,460.766099,130.087468,0.0606448,7.9055507,1.3232994
7001,63308.8907,1647206575.77,3.2338899,-0.69374118,185.288243,-39.748442,1.9414004,435.34919,10.329236,1.4303246,0.86785746,-0.073333047,11.909181,0.17736,0.114763,0.022143,0.028258,73.725772,0.362179,512.360602,177.390723,0.0919839,11.2793594,1.5618914
7015,63347.4154,1650535109.82,3.8649168,-0.64135897,221.443421,-36.747162,2.7150184,269.27938,7.2137809,1.2011495,0.95939606,-0.052374002,11.997282,0.14785,0.41672,0.101942,0.096573,40.808616,0.910389,260.627071,60.538156,0.0582293,7.6338343,1.2710916
7047,63161.369,1634460700.35,4.064718,-0.065813997,232.891186,-3.770864,0.49007101,620.71563,9.477355,1.2758003,0.98039609,0.10509215,11.974113,0.15734,0.42846,0.112363,0.096412,22.299733,0.882299,627.032504,204.58513,0.1280933,10.6913407,1.4392218
7050,61895.0804,1525053363.8,2.9936954,0.83297655,171.526112,47.726041,2.2963736,558.3784,11.263535,1.716131,0.9890542,0.2364482,11.667031,0.21722,0.294415,0.031868,0.080248,43.286682,0.663567,551.641326,147.040969,0.1161182,12.5714364,1.915405
7097,61162.3351,1461744170.35,5.6164663,0.81239425,321.799815,46.546762,0.6074483,715.53631,9.1226187,1.1638184,0.74299878,0.10568143,12.006552,0.14314,0.107335,0.045112,0.018972,50.1579,0.821107,685.718924,189.256839,0.1460077,10.4545913,1.3337448
7102,64178.7074,1722358733.09,0.44588232,0.92851724,25.547175,53.200119,0.65818429,882.99163,5.263588,1.4224458,0.71095371,-0.16806182,11.91188,0.17634,0.131044,0.015512,0.040786,30.466269,0.791104,894.32139,291.216587,0.1768348,6.1943735,1.6739837
7111,62963.2896,1617346641.13,2.2559189,-0.6083529,129.254632,-34.856054,2.6797072,132.69094,5.8924341,1.0674561,0.55071306,0.22299612,12.027659,0.13106,0.123776,0.051789,0.022238,66.707823,0.895214,124.733912,21.321961,0.029296,6.0650588,1.0987283
7145,62234.0278,1554338422.16,3.0447423,-0.67642124,174.450883,-38.756082,2.7275638,406.74021,17.135157,1.243039,0.90528733,-0.23451348,11.984366,0.15317,0.074171,0.014843,0.018081,61.421672,0.915507,308.651572,77.326732,0.0862702,18.6134104,1.3502762
7159,61199.6316,1464966585.18,1.1314185,0.49389923,64.825505,28.298341,2.3454001,364.63285,3.3075073,1.38837,0.3838155,0.48256087,11.92872,0.17187,0.066978,0.001431,0.028722,60.711104,0.699433,412.415507,117.577972,0.0777864,3.5647864,1.4963663
7163,62867.6011,1609079151.97,5.2167594,-1.4897638,298.898296,-85.357178,2.0452334,587.37549,3.8528976,1.280193,0.67574221,0.2013949,11.972604,0.1579,0.200334,0.028333,0.068322,57.879921,0.456838,645.579653,198.030635,0.1217089,4.3218295,1.4360039
7208,62552.9337,1581891886.65,2.7209235,1.4047039,155.897433,80.483605,0.89019388,608.8615,9.5575638,1.3750731,0.94471109,0.10542975,11.935646,0.17013,0.287833,0.068833,0.066852,44.468459,0.629261,675.933421,248.182343,0.1258286,10.7601787,1.5480966
7234,63757.0246,1685925342.61,2.9484186,0.26174902,168.931942,14.997114,1.4720926,313.04662,8.5545893,1.4992858,0.9794355,0.41288549,11.866979,0.18657,0.381099,0.061024,0.09856,38.557698,0.098544,611.823247,190.833895,0.0672673,9.1300334,1.6001387
7268,63061.2366,1625809262.44,4.6980072,0.31538115,269.175985,18.070009,1.0093254,333.1257,12.798965,1.2883813,0.86671746,0.27854988,11.969752,0.15895,0.095738,0.029004,0.020339,21.468033,0.532432,468.387139,122.632791,0.0713785,13.7125359,1.380344
7294,62281.2142,1558415329.14,2.4210894,0.18892813,138.718204,10.824784,1.2434991,179.40037,18.062494,1.1551678,0.9726128,0.050719507,12.008149,0.14206,0.268805,0.134069,0.041063,67.637701,0.321485,261.606336,71.488994,0.0393205,18.7727203,1.2005896
7304,64321.5697,1734702036.64,1.1782913,0.46529757,67.511119,26.659587,1.6082303,443.51404,14.215636,1.2079173,0.93739969,-0.481538,11.994896,0.14871,0.213203,0.090619,0.03736,43.809706,0.037425,754.855691,286.060921,0.0936073,15.5463233,1.3209872
7319,61033.4195,1450605865.9,4.2186078,0.25090773,241.708422,14.375954,3.0384916,807.68581,13.228261,1.3724899,0.9514302,-0.24428634,11.93674,0.16979,0.217855,0.065249,0.046511,47.194405,0.99469,858.871846,262.084796,0.1630933,15.3857017,1.5963338
7348,62647.8291,1590090849.22,1.7298382,0.89020789,99.112428,51.005155,2.1425968,74.81961,8.1129904,1.0958771,0.75851589,-0.4516269,12.021689,0.13462,0.167184,0.071116,0.029303,21.168038,0.541147,99.072246,12.973304,0.0166742,8.248268,1.11415
7411,61371.315,1479800032.56,2.0343581,-0.41366568,116.560133,-23.701298,2.1222519,806.03914,9.4580879,1.445652,0.96159166,-0.036066633,11.900681,0.17939,0.313789,0.063286,0.076574,66.536726,0.523928,1049.837499,314.873615,0.1627906,10.9977757,1.6809906
7427,64049.5625,1711200619.2,0.76632932,0.1671339,43.907436,9.576067,2.6850133,329.87987,4.8700066,1.552521,0.94418454,0.48953721,11.82988,0.1938,0.349792,0.023054,0.126894,56.714146,0.897566,427.033312,147.871825,0.0707154,5.2143911,1.6623081
7438,62995.4002,1620120995.06,4.1692137,0.34745617,238.878349,19.907772,1.2248532,198.1993,2.3394663,1.1176642,0.86723584,-0.012638147,12.017196,0.13734,0.388452,0.037591,0.158933,42.662715,0.339084,564.860933,163.693393,0.0433158,2.4408022,1.1660767
7448,63460.3284,1660290792.78,2.8080237,0.54419063,160.887907,31.179826,1.1734353,277.32241,11.591097,1.3689504,0.97423387,0.093990318,11.938087,0.16934,0.33557,0.090836,0.074599,26.276647,0.386986,478.304627,170.805151,0.0598982,12.2853828,1.4509481
7451,64105.1248,1716001201.27,2.2482071,-0.048731465,128.812778,-2.792107,2.4583661,241.62528,7.791431,1.1341156,0.8725214,0.4627794,12.013924,0.1394,0.277439,0.092414,0.056493,28.307449,0.77554,255.508454,63.306893,0.0524626,8.2001897,1.1936143
7490,61827.1862,1519187309.19,3.1574209,-0.39960315,180.906892,-22.895574,2.3099655,757.86128,7.8438759,1.4188427,0.98182112,-0.2117116,11.914258,0.17586,0.427631,0.073792,0.109291,32.622132,0.673674,902.774809,405.627003,0.1538934,9.0509966,1.6371932
7505,63468.1654,1660967910.71,2.155546,-0.87259442,123.503688,-49.995977,0.17364399,925.271,8.0533733,1.5475484,0.83501703,-0.1098498,11.833009,0.19313,0.103465,0.006288,0.030256,64.496746,0.984962,765.075188,257.527519,0.1844674,9.5389581,1.8330206
7509,63854.6947,1694364041.51,1.6908764,-0.22201223,96.880081,-12.720364,0.34583166,553.64509,3.8501437,1.448738,0.72233725,-0.068659447,11.898468,0.1798,0.179561,0.011068,0.070985,49.676773,0.940794,499.312143,143.668297,0.1152022,4.2936887,1.6156358
7511,62431.5691,1571405991.05,3.6589254,0.12690896,209.640983,7.271348,2.2587985,821.77931,8.1460676,1.3591021,0.86088353,-0.40452754,11.942356,0.16806,0.189727,0.043929,0.044736,17.468259,0.634995,756.283778,236.112952,0.1656797,9.4957056,1.5842777
7513,64259.8504,1729369492.23,6.0941754,-0.31021702,349.17053,-17.774126,0.38316661,561.65578,4.4755774,1.3542538,0.85373741,-0.49345413,11.94507,0.16742,0.29163,0.035608,0.096511,41.344821,0.927485,539.357742,183.279052,0.1167519,4.9981096,1.5123655
7536,63074.2082,1626930010.76,1.0825985,0.31738494,62.028325,18.184818,0.35368565,600.77128,6.8298922,1.3500808,0.87609792,-0.44322416,11.947479,0.16687,0.250209,0.049555,0.062782,55.496718,0.938103,512.11804,161.777358,0.1242796,7.6787085,1.5178683
7540,61718.0621,1509758987.23,5.6365682,0.31669507,322.951569,18.145291,0.45949443,825.87922,14.662581,1.7086855,0.98507702,0.16321614,11.67718,0.21609,0.192806,0.018617,0.053095,27.148431,0.896277,1058.136747,420.603005,0.1664308,17.1028861,1.9930634
7562,62120.5965,1544537954.22,0.23293932,0.57777627,13.34644,33.104142,1.5894697,80.572703,13.067822,1.2308592,0.82963592,-0.46194699,11.994175,0.15154,0.065833,0.018017,0.014573,33.48188,0.018672,120.499476,37.255371,0.0179393,13.3022496,1.25294
7620,63180.1139,1636080258.34,3.4060064,0.45534504,195.149792,26.089349,1.9157381,430.50267,5.0004635,1.330645,0.6712985,0.37098154,11.954273,0.16438,0.143133,0.024354,0.041573,28.852268,0.338142,737.47646,219.751432,0.0910188,5.4555997,1.4517587
7624,63610.5174,1673267123.97,4.0571731,0.46592904,232.458895,26.695768,0.83048447,844.73126,5.7893825,1.4230218,0.78287292,-0.26959503,11.911558,0.17642,0.165521,0.022856,0.047933,34.392854,0.674518,1166.281052,365.645039,0.1698772,6.7728666,1.6647608
7638,63534.3181,1666683498.59,2.3860068,-0.69608369,136.70812,-39.882658,2.3937888,319.22959,7.6900721,1.0770749,0.78940588,-0.44536,12.025526,0.13226,0.209946,0.084111,0.038398,20.926172,0.733184,374.689542,98.696595,0.0685356,8.2171158,1.1508929
7649,63323.0819,1648432693.97,1.2941886,-0.69017952,74.151545,-39.544374,1.0583354,471.56946,5.0969496,1.467181,0.98809624,-0.2274099,11.887085,0.18227,0.48511,0.045508,0.160944,23.916272,0.490324,703.884977,231.885079,0.0991613,5.6023697,1.6126686
7667,63317.3985,1647941651.82,5.2885181,0.25215273,303.009767,14.447287,2.2578515,227.65603,3.6308463,1.1555139,0.92234021,0.23229787,12.008072,0.1421,0.417275,0.059768,0.138711,22.189044,0.634263,277.520189,58.103515,0.0495326,3.8106916,1.2127495
7672,64339.5747,1736257671.87,0.060123356,1.2130061,3.444815,69.50013,2.4629163,798.49389,4.2138844,1.2671425,0.69922805,0.073300011,11.977075,0.15623,0.205043,0.033336,0.064493,67.351666,0.778404,587.463599,283.871206,0.1614026,4.8940163,1.4716626
7688,62396.6608,1568389909.52,2.3613352,-0.48800664,135.294541,-27.960721,0.66615075,474.18485,4.4717288,1.3110601,0.45045084,0.26691553,11.961595,0.16186,0.069243,0.011604,0.021331,71.68036,0.786206,770.531443,250.262928,0.0996772,4.9174582,1.4417429
7702,63411.7966,1656097647.58,4.4331269,-1.3555485,253.999461,-77.667208,0.54474849,776.65205,3.7132449,1.1714418,0.74394202,0.48349473,12.004743,0.1441,0.271536,0.045638,0.087218,37.792747,0.855258,810.594713,234.888929,0.1573734,4.2976109,1.3557956
7705,62095.7582,1542391926.81,6.010568,0.10329901,344.380179,5.918597,3.0195134,652.34904,6.531651,1.2583655,0.52370745,-0.20499772,11.979926,0.15511,0.044189,0.011655,0.010134,50.400186,0.992558,665.657264,270.129561,0.1341091,7.4076048,1.4271238
7722,62569.0301,1583282614.64,4.035752,-1.0099545,231.231557,-57.86613,0.93746428,360.40179,5.362957,1.1682727,0.35454541,0.48984259,12.0056,0.1437,0.046845,0.018602,0.009051,48.424177,0.591834,637.119459,272.972298,0.0769289,5.7755234,1.2581466
7733,62629.2455,1588485230.26,4.2849806,0.20691171,245.511304,11.855168,2.2940892,405.7901,3.6314447,1.2528425,0.59206408,-0.28120965,11.981941,0.15441,0.173161,0.026117,0.059547,19.867745,0.661857,544.590686,193.76438,0.0860797,3.9440384,1.3606868
7734,64399.1492,1741404906.91,3.4553069,0.78061675,197.974502,44.726045,0.73269754,540.82471,6.8266125,1.4381703,0.86273187,0.44771847,11.903434,0.17842,0.206986,0.032561,0.055363,18.33333,0.743373,583.227644,217.31789,0.1127164,7.5960837,1.6002757
7836,62868.9525,1609195915.99,4.209214,-0.24109968,241.170197,-13.813994,2.1541859,143.52542,4.7025442,1.4044629,0.82162404,0.11829709,11.920922,0.17398,0.240512,0.027283,0.07977,49.218445,0.550856,207.393941,65.866666,0.0316339,4.851304,1.4488915
7867,64066.8148,1712691214.33,4.67813,-0.3486255,268.037105,-19.97477,0.82954991,296.61475,2.2813168,1.1532338,0.81140554,0.41269445,12.008612,0.14182,0.349474,0.030557,0.146043,28.871997,0.675208,314.457278,91.732522,0.0638866,2.4270624,1.22691
7936,61401.2232,1482384106.48,1.9511165,-0.99151559,111.790741,-56.809659,1.6571408,484.75338,3.5266724,1.2120677,0.070568137,0.41522282,11.992706,0.14925,0.032496,0.008604,0.009657,73.349649,0.086237,795.200631,234.807037,0.1017585,3.8855413,1.3354059
7937,63174.2536,1635573929.44,1.0313878,-0.025278041,59.094168,-1.448325,2.7004365,956.5639,4.2861166,1.6485291,0.97700638,0.21400256,11.744189,0.20729,0.413481,0.011973,0.170649,50.854777,0.904259,927.658323,388.037146,0.1900798,5.1008208,1.9618812
7964,62206.9526,1551999126.43,3.329122,1.4325199,190.74464,82.077344,1.5816989,136.26225,12.877863,1.1411556,0.87965035,-0.20018108,12.012121,0.14029,0.156869,0.074248,0.02518,34.540455,0.010902,182.117694,47.092453,0.0300675,13.2650681,1.1754673
7999,63830.1359,1692242161.62,5.4131468,0.19684303,310.150466,11.278275,2.0447739,555.40593,18.449497,1.2550319,0.98479134,-0.37155455,11.981102,0.15469,0.294649,0.125846,0.051446,27.708755,0.456429,1109.430274,392.713415,0.1155431,20.5812091,1.4000422
8011,61060.4394,1452940382.05,1.6444203,-0.16657524,94.218343,-9.544058,0.70683253,766.07942,3.0491741,1.3521422,0.55034727,-0.34921026,11.946317,0.16714,0.147078,0.010213,0.060919,41.55171,0.760423,841.203822,234.541827,0.155417,3.5230676,1.5622881
8052,63530.3624,1666341733.23,5.4055121,-1.4338876,309.713029,-82.155708,2.7854947,977.64674,7.3659401,1.4896848,0.80493546,0.19927932,11.87342,0.18528,0.11347,0.012484,0.031742,46.091636,0.937264,703.132168,210.355483,0.1938438,8.7937819,1.778451
8075,61769.975,1514244254.79,1.4482579,0.7907635,82.979065,45.307411,2.9058065,394.26129,4.7094216,1.1902943,0.45800591,-0.21937776,11.999385,0.14649,0.095607,0.027422,0.023223,45.614097,0.972331,346.194531,131.634358,0.0837652,5.1039072,1.2899995
8098,61962.0015,1530835346.89,0.45514745,0.96596495,26.078028,55.345715,2.6354102,403.03346,2.2819819,1.130263,0.84558749,-0.35323188,12.014624,0.13892,0.373533,0.034213,0.154811,16.826976,0.874602,439.549958,225.289937,0.0855269,2.4771527,1.2269309
8104,64310.0327,1733705240.17,4.5392279,-0.84647936,260.078601,-48.499695,1.5337678,428.78309,12.528149,1.4039397,0.89379179,-0.23253921,11.921274,0.17391,0.103831,0.021558,0.025076,29.567067,0.03702,737.340268,280.818825,0.0906761,13.6641527,1.5312435
8174,63163.6879,1634661049.55,2.5763938,0.56926846,147.616491,32.61668,1.2962393,159.05079,4.8420091,1.1698693,0.4666037,0.017783586,12.005184,0.1439,0.099479,0.030647,0.022944,38.210702,0.271121,282.96024,75.439237,0.0349705,5.0113366,1.2107802
8178,62059.1143,1539225892.73,0.18841137,0.59486391,10.795176,34.083191,0.85875965,559.21254,15.525747,1.3995645,0.95357376,-0.49700361,11.924666,0.17332,0.162285,0.045763,0.035512,48.332158,0.653377,760.583178,216.500976,0.1162796,17.3310747,1.5623053
8183,62071.2337,1540273013.19,5.5929827,0.59841863,320.454304,34.286862,2.2117722,237.21615,10.207217,1.3879336,0.91188496,-0.49309507,11.928891,0.17182,0.198378,0.049593,0.045385,58.396609,0.597978,290.160012,102.002868,0.0515391,10.7332878,1.4594664
8190,63098.8942,1629062877.16,0.95254978,-0.018784061,54.577082,-1.076247,2.0854385,493.08498,13.085188,1.1920066,0.94755298,-0.090945996,11.999048,0.1467,0.269992,0.110615,0.048573,47.087522,0.492223,879.82276,278.242943,0.1033957,14.4381402,1.315255
8213,62101.739,1542908666.38,2.1975248,0.84545673,125.908896,48.441102,1.1247962,142.43312,12.779527,1.0544688,0.9884212,0.4784613,12.030135,0.12944,0.470711,0.207245,0.080295,40.342282,0.43136,203.399014,67.012451,0.0313985,13.180785,1.0875775
8224,63565.7577,1669399883.46,6.220216,-0.54500555,356.392124,-31.226518,0.27349551,884.00982,10.160608,1.4697326,0.88135129,-0.17845368,11.885786,0.1826,0.124428,0.021011,0.031572,73.300902,0.962833,924.617872,350.162333,0.1770193,11.9592317,1.7299036
8226,62350.3552,1564389104.5,4.200499,1.188107,240.670865,68.073517,2.7980183,384.21335,8.231534,1.2322891,0.69180608,0.48432824,11.992401,0.15174,0.079993,0.027293,0.0161,45.167968,0.941557,336.258164,72.84992,0.0817426,8.904401,1.3330196
8261,63390.9453,1654296093.79,0.13106652,0.5512843,7.509558,31.586264,2.5742084,794.9694,8.0798569,1.5126882,0.85618407,0.24381839,11.857501,0.18839,0.136954,0.016665,0.037309,47.460803,0.84331,1103.601088,349.661506,0.1607536,9.378723,1.7558583
8288,64118.6319,1717168217.19,2.6710595,1.059637,153.040436,60.712728,2.4313719,653.94045,14.23921,1.4273359,0.9722752,-0.48840433,11.910176,0.17697,0.248881,0.069346,0.054717,36.330172,0.758218,609.586892,193.448719,0.1344106,16.1531108,1.619185
8300,62489.395,1576402142.26,1.1653525,0.59814104,66.76978,34.270957,2.6070042,331.60925,12.513455,1.4560329,0.89535892,-0.070907563,11.893607,0.18078,0.090242,0.011453,0.024016,15.690607,0.860478,393.070618,144.98998,0.0710688,13.4027712,1.5595114
8326,61482.6647,1489420645.88,2.8737026,-1.0678248,164.651031,-61.181854,2.773936,197.78681,6.4346952,1.2490376,0.76605153,0.41812262,11.983294,0.15392,0.182017,0.047117,0.042071,35.893697,0.933172,164.990369,41.161541,0.0432284,6.7128568,1.3030315
8327,61142.1356,1459998934.24,4.8656756,-0.2694107,278.782676,-15.436096,2.3632653,414.44331,15.405102,1.2662987,0.9649297,0.1752439,11.977357,0.15613,0.251023,0.098472,0.046493,23.740421,0.712089,466.60985,103.910232,0.0878126,16.7578641,1.3774957
8438,63508.3227,1664437500.81,2.9174367,0.43904034,167.15681,25.155159,0.91714687,426.79878,7.9960933,1.5826375,0.98003459,0.0099769412,11.805812,0.19796,0.369074,0.044586,0.101552,50.313181,0.608088,538.892353,161.152876,0.0902804,8.7179838,1.7255186
8470,62718.1655,1596167915.74,4.9453603,0.62885197,283.348273,36.030564,0.91931863,38.890832,3.7027705,1.0141107,0.45050707,0.37791026,12.037743,0.12441,0.175462,0.052119,0.043874,54.658777,0.606362,45.782899,7.855713,0.0087192,3.7350557,1.0229529
8491,63108.6591,1629906567.09,5.0528699,-0.46805201,289.50812,-26.817405,0.88069459,330.6814,6.2472944,1.1295996,0.84371537,0.35250476,12.01473,0.13884,0.286792,0.081548,0.063391,54.840741,0.636616,480.392745,186.25394,0.0708792,6.6900976,1.2096647
8501,61766.4224,1513937317.18,1.5401883,1.0153159,88.246289,58.173316,0.64721237,905.15305,16.507532,1.2935232,0.9849577,-0.24449338,11.967935,0.15961,0.318661,0.121128,0.060202,54.604748,0.797768,1010.019227,283.555484,0.1808428,19.4928003,1.5274476
8516,62524.4387,1579429924.88,0.31706801,-0.55550362,18.166659,-31.828013,1.6595998,346.06759,13.878899,1.1365632,0.96684301,0.25063106,12.013365,0.13971,0.331563,0.147253,0.056172,61.569775,0.088687,587.735044,227.979089,0.0740169,14.9061721,1.2206881
8539,62399.9647,1568675365.96,6.2071048,-0.77208743,355.640908,-44.237351,0.25850633,691.55042,6.372395,1.4048345,0.91432303,-0.21680483,11.920688,0.17403,0.301385,0.047067,0.081808,37.33489,0.966773,509.876986,176.153922,0.1415091,7.2741469,1.6036314
8549,63349.2523,1650693818.2,0.73631782,1.0640688,42.187903,60.966651,2.3717878,449.75491,5.1287341,1.3872006,0.61920053,0.26872084,11.929196,0.17172,0.094409,0.012144,0.029056,18.867041,0.718047,515.638084,191.700973,0.094846,5.615174,1.518771
8551,62056.3571,1538987675.55,2.5105348,0.063740906,143.843048,3.652085,2.5241407,378.24595,8.6157818,1.6061379,0.86203247,0.22630143,11.784755,0.20126,0.097686,0.000457,0.03014,53.457869,0.815356,366.867256,68.717324,0.080539,9.3096883,1.7354946
8575,62852.1401,1607743322.27,5.7607582,0.028128385,330.067132,1.611638,1.2208787,403.78836,6.1062465,1.2621404,0.91247898,0.042357754,11.978704,0.1556,0.341506,0.069021,0.086073,20.859325,0.34282,840.266952,266.264457,0.0856783,6.6294193,1.3702784
8580,61914.6063,1526740405.98,3.7042301,-0.043097498,212.236751,-2.469305,1.4963524,276.57056,6.1386356,1.1933378,0.94624281,0.42659736,11.998798,0.14687,0.408973,0.08957,0.099637,46.167668,0.074375,662.677151,197.838964,0.0597424,6.5053724,1.2646307
8593,63921.8953,1700170174.53,1.1213438,-0.076750645,64.248267,-4.397488,1.044073,465.52934,12.853175,1.105184,0.94685441,0.3054395,12.019952,0.13578,0.299424,0.137367,0.04939,63.176632,0.502703,849.453346,263.652283,0.0979687,14.1123838,1.2134574
8600,64342.0344,1736470189.65,1.1847632,-0.31036022,67.881931,-17.782331,2.4016256,415.02691,3.1263914,1.2261326,-0.18186817,-0.12552492,11.997091,0.15093,0.008241,0.000716,0.003222,50.573379,0.738491,466.314248,155.32934,0.0879293,3.4012928,1.3339456
8614,63762.5195,1686400106.08,0.64553472,-0.99152007,36.986415,-56.809915,0.45973843,458.39937,3.3757386,1.3292606,0.23934972,0.13074622,11.954818,0.1642,0.042998,0.002425,0.017399,31.030973,0.896169,375.141391,132.511332,0.0965587,3.7016955,1.4576123
8636,61657.3894,1504516865.63,3.6133743,-0.48596816,207.031097,-27.843925,0.41282543,717.54108,12.676924,1.1964332,0.92382878,0.064339183,11.998233,0.14726,0.221371,0.091288,0.039645,74.985436,0.915991,515.594399,153.025088,0.1463827,14.5326064,1.3715703
8671,62454.3316,1573372669.21,1.2530913,-0.51010822,71.796843,-29.227048,2.5864071,907.4874,9.295311,1.6986539,0.96472341,-0.12278526,11.689168,0.2146,0.235839,0.018298,0.067269,54.905852,0.849803,853.908312,245.657035,0.181264,10.9802163,2.0065587
8694,63750.0512,1685322845.09,5.2985664,0.042055183,303.585492,2.409584,2.1322159,214.25521,7.8341374,1.7161628,0.95967346,-0.064912856,11.666967,0.21722,0.252244,0.013656,0.076592,16.682423,0.532388,311.60411,63.110908,0.0467109,8.200077,1.7963263
8697,61644.0138,1503361210.53,5.4694915,1.0336306,313.378779,59.222671,2.6174174,96.096955,2.3047035,1.0293914,-0.58774596,0.48948166,12.035003,0.12631,0.026552,0.014723,0.005275,54.880666,0.865737,90.754052,20.88274,0.0213416,2.3538896,1.0513603
8707,64014.5903,1708179019.29,3.8668292,0.42253041,221.552993,24.209209,2.895346,515.58728,4.9038119,1.3159318,0.46911845,0.14478637,11.959792,0.16248,0.060001,0.010444,0.017426,34.357915,0.969834,441.656443,116.851252,0.1078017,5.4324512,1.4577915
8725,61288.8757,1472677275.61,5.7355419,1.2908732,328.622344,73.961586,2.0505047,129.09786,8.0813913,1.1501081,0.52209103,-0.38444659,12.009455,0.14142,0.028761,0.010025,0.005718,73.884921,0.46152,200.426629,34.071229,0.028519,8.3118645,1.182908
8780,64357.5223,1737808341.1,0.054303346,-0.69366405,3.111353,-39.744022,0.61040096,413.54204,3.8285978,1.1847521,-0.07183411,-0.49583271,12.000703,0.14579,0.010273,0.003996,0.002397,73.144794,0.819418,417.911045,107.665622,0.0876323,4.1641066,1.2885747
8806,62789.5869,1602338728.07,0.7826978,0.55488876,44.845281,31.792784,2.3907275,509.65375,5.2403431,1.4583572,0.62982595,-0.10423835,11.892002,0.1811,0.07571,0.003567,0.025898,44.408414,0.731099,609.832115,183.067311,0.1066422,5.7991848,1.6138796
8808,63518.2781,1665297642.0,1.464884,-0.12880511,83.931671,-7.379989,0.18587785,609.05037,3.3100762,1.3704866,0.79284781,0.37158501,11.937511,0.16954,0.268855,0.019986,0.108581,54.201979,0.982774,560.002473,208.753063,0.1258647,3.7266979,1.5429825
8830,63474.8024,1661541348.79,6.2183443,-0.12255962,356.284884,-7.022149,0.84718576,527.40407,6.6687512,1.2111638,0.39850456,-0.30629605,11.993152,0.14913,0.015917,0.001538,0.004443,33.538202,0.662095,738.974897,221.329198,0.1101064,7.4030234,1.3445207
8837,62369.3127,1566027036.7,5.7698503,-1.196082,330.588071,-68.530451,2.3406758,794.55368,15.291593,1.7056895,0.98739517,-0.30149353,11.68116,0.21563,0.196164,0.020452,0.053555,72.292506,0.696049,1188.714203,408.52079,0.160677,17.7486003,1.9797546
8853,61679.1481,1506396810.61,5.5874021,0.77279308,320.134559,44.277782,2.3114734,366.69016,4.7495556,1.1201643,0.67638308,0.19559164,12.016524,0.13766,0.211478,0.055575,0.051425,27.067765,0.674788,575.195014,209.209508,0.078203,5.1209851,1.2077645
8858,64299.8282,1732823578.52,1.0740216,0.82804973,61.536905,47.443755,0.96365131,633.63195,4.3436723,1.2882618,0.4325673,0.077189863,11.969794,0.15893,0.073719,0.013762,0.022339,33.247281,0.570525,940.224877,260.489287,0.1305545,4.9107583,1.4564502
8859,62949.3815,1616144983.2,1.7810346,-0.73871005,102.045766,-42.324968,2.6188781,440.53095,11.327583,1.4305545,0.98757303,0.13918956,11.909056,0.17739,0.390067,0.090683,0.091277,63.13882,0.866467,691.315089,230.746851,0.0930146,12.3812136,1.563617
8878,63614.1686,1673582581.36,4.0755435,-1.0703272,233.511442,-61.325231,2.5217258,350.20933,3.6405768,1.2363833,0.38556677,-0.15436831,11.987361,0.15231,0.097896,0.018514,0.031893,28.086193,0.813956,444.445853,148.218996,0.0748594,3.9131082,1.3289382
8893,61427.2328,1484631329.14,0.12828467,-0.49774859,7.35017,-28.518893,2.4836905,545.4387,14.213434,1.2135388,0.89468902,-0.026697975,11.992111,0.14944,0.126166,0.051401,0.022786,70.635947,0.791277,595.742385,137.287054,0.1136118,15.8282478,1.3514111
8932,61952.6788,1530029868.43,2.8681477,0.98306348,164.332758,56.325388,2.0462703,698.26419,10.845728,1.451542,0.89837736,0.19204371,11.896536,0.18018,0.137477,0.027338,0.033591,74.317603,0.45776,1142.995727,345.024954,0.1427705,12.394178,1.6587794
8947,63331.1475,1649129563.78,3.5911018,-0.39103941,205.754977,-22.404908,0.56182279,636.79815,5.5674205,1.2304951,0.56336522,0.39694238,11.994588,0.15149,0.097232,0.027484,0.022455,57.853178,0.846285,594.373807,161.324706,0.1311568,6.2976256,1.3918829
8951,62269.8445,1557432984.54,4.5422486,0.50620255,260.251674,29.00327,2.1359573,150.38331,3.5855782,1.3398727,0.85728675,0.21736394,11.950794,0.16556,0.322278,0.029905,0.12282,24.491199,0.535552,252.172811,63.796447,0.0331097,3.7042956,1.3842355
8981,62857.4156,1608199125.61,0.41990459,0.71819068,24.058761,41.149295,2.4931951,725.35614,12.234135,1.4272357,0.96829474,-0.0058750357,11.910198,0.17696,0.277982,0.070935,0.06311,31.893305,0.797053,680.866805,157.181088,0.1478432,14.0428687,1.6382428
9002,64125.3275,1717746712.12,2.405074,1.0973823,137.80059,62.875374,0.30731762,560.00259,3.1039536,1.5179864,0.91345841,-0.10948661,11.854671,0.18909,0.351407,0.008735,0.155961,43.871394,0.953148,488.604307,137.898832,0.1164323,3.4653541,1.694729
9013,63077.2128,1627189607.01,5.6410168,0.77615344,323.206455,44.470316,2.6088888,369.29564,6.8923116,1.117141,0.87774783,-0.22903796,12.017341,0.13728,0.30993,0.09431,0.066057,29.921838,0.861437,371.555656,103.814255,0.0787303,7.4349454,1.2050938
9019,63080.6629,1627487694.92,4.7890285,-0.11880945,274.391121,-6.80728,0.38270232,545.7474,12.539871,1.6102955,0.94791162,-0.28092638,11.781711,0.20184,0.138422,0.012937,0.038261,47.520067,0.927659,420.5915,92.896523,0.1136717,13.9652995,1.7933405
9051,63935.6877,1701361831.51,2.7946892,-0.68547832,160.123896,-39.275015,1.7536905,125.83409,8.7974739,1.2295017,0.80596203,-0.31936151,11.995601,0.15136,0.150749,0.051602,0.030253,17.170576,0.181876,311.022166,77.842783,0.0278124,9.0421528,1.2636971
9113,64102.6488,1715787277.03,5.2812664,1.2591801,302.594275,72.145705,0.30652859,523.66092,4.9864278,1.3363051,0.67623454,0.46602502,11.951955,0.16511,0.144861,0.024016,0.042462,52.53607,0.953387,447.009476,98.776779,0.109377,5.5318283,1.4824661
9119,61978.8337,1532289647.49,3.5655235,0.74600308,204.289448,42.742828,2.6234388,867.89012,17.955944,1.427955,0.95189583,-0.081895381,11.910034,0.17705,0.097248,0.012123,0.025943,38.783076,0.868735,746.842236,198.36159,0.1740945,21.0819751,1.6765541
9129,62511.8679,1578343802.98,5.8229803,-0.11321297,333.632195,-6.486625,2.9242119,213.96637,14.14229,1.0908308,0.91121578,0.45521387,12.023022,0.13398,0.196244,0.102861,0.02846,50.743201,0.976466,199.396047,42.511074,0.04665,14.8020278,1.1417181
9170,62776.0333,1601167692.08,4.0214111,-0.82400187,230.409884,-47.211829,2.6528369,925.79524,13.523334,1.4894127,0.96427566,0.35121378,11.873615,0.18524,0.21037,0.048147,0.049443,42.564438,0.882918,1212.988204,394.870351,0.1845616,16.0192222,1.7643011
9181,62859.0908,1608343865.9,1.3192937,-0.47178383,75.589961,-27.031222,0.2326815,606.71299,12.170011,1.3931984,0.95587236,-0.24238968,11.927424,0.17249,0.248987,0.068236,0.055093,62.327136,0.973052,523.98961,180.594238,0.1254175,13.6963434,1.5679299
9193,63097.3363,1628928272.8,4.2163461,1.2942517,241.578836,74.15516,0.69768468,711.98894,8.2001047,1.5060952,0.92064637,0.18566048,11.863455,0.18747,0.230392,0.035045,0.060442,50.784054,0.766332,1057.573836,338.812183,0.1453438,9.3919391,1.7249968
9194,62665.6466,1591630285.35,0.026738774,0.9394057,1.532019,53.823982,1.2227324,526.13209,8.7371979,1.3661758,0.94334233,-0.070242509,11.939149,0.16898,0.307368,0.069205,0.072855,24.989447,0.341078,832.805211,240.786827,0.1098586,9.6970542,1.516262
9197,63018.5971,1622125209.04,1.5857143,0.95958604,90.854737,54.98023,1.2510642,427.88575,4.6317549,1.4686357,0.96672767,-0.23678558,11.886354,0.18246,0.424428,0.035454,0.15061,49.666696,0.314312,977.538715,283.28771,0.0904972,5.0509157,1.6015431
9198,61455.2224,1487049630.18,0.90826285,-0.033310307,52.039628,-1.90854,2.5332151,654.90973,8.1240778,1.3941649,0.75707322,-0.27744126,11.92721,0.17261,0.081182,0.013658,0.020757,64.914364,0.820576,663.170713,198.251829,0.1345943,9.2175324,1.5818115
9203,63141.1692,1632715436.68,5.6571759,-0.46934422,324.132303,-26.891443,2.746031,982.60126,12.069389,1.3169401,0.91154504,0.40091097,11.959414,0.16261,0.173026,0.055667,0.035769,71.114849,0.92278,630.968636,178.226475,0.1947264,14.4196177,1.5733831
9240,64339.1269,1736218978.03,2.1050395,-1.0627317,120.609879,-60.890041,0.93652357,428.47176,9.4850674,1.8202792,0.97521377,-0.23023175,11.51259,0.23349,0.21586,0.002473,0.066425,49.072,0.592592,568.020154,165.489082,0.090614,10.3445473,1.985222
9242,62808.8751,1604005223.12,2.8748543,0.92697673,164.717018,53.111854,1.1251427,161.73967,8.5408068,1.757977,0.98164785,0.19015887,11.61204,0.22357,0.297102,0.017332,0.088287,60.112452,0.431048,274.863257,67.536392,0.0355468,8.8444052,1.8204675
9243,62163.9267,1548281681.56,5.9941548,-1.2204145,343.439772,-69.9246,0.94663447,642.32201,8.0610943,1.5610118,0.96976256,-0.43901336,11.822454,0.19498,0.335462,0.043412,0.091045,47.593637,0.584417,1295.06849,403.787502,0.1322066,9.1268242,1.7673879
9254,63397.8081,1654889034.72,0.73851898,-0.77500345,42.314021,-44.404427,2.3269899,534.58599,3.6106889,1.5179938,0.82985425,-0.073133223,11.854667,0.1891,0.248209,0.008311,0.105171,21.462762,0.686157,614.731348,189.465958,0.1115041,4.0132955,1.6872563
9264,63685.9615,1679785495.52,2.9797891,-0.93371218,170.729339,-53.497767,0.12626739,998.1359,16.825388,1.735393,0.98777044,0.42109728,11.643392,0.2201,0.152878,0.005268,0.044988,74.350226,0.992039,693.019835,211.103661,0.1974888,20.1482137,2.0781137
9281,64172.7182,1721841270.19,5.4716192,-1.1800122,313.500687,-67.609719,0.0072278561,802.3645,3.6415694,1.1626949,0.085895851,0.4166953,12.006754,0.143,0.042764,0.014577,0.010956,45.591955,0.999974,695.71792,206.418126,0.1621149,4.2319221,1.3511851
9287,64453.2896,1746082638.02,3.0335978,-0.10081654,173.812351,-5.776362,1.9965762,177.33579,11.538304,1.7055148,0.98778534,-0.064651221,11.681406,0.21561,0.283787,0.032269,0.076819,37.53311,0.413031,260.238389,57.353546,0.0388804,11.9869179,1.7718259
9318,61005.8107,1448220464.4,4.9584304,0.2315338,284.097135,13.26591,0.99099208,342.31294,5.2802978,1.1715454,0.289042,0.40098524,12.004713,0.14411,0.032543,0.013355,0.006186,26.764093,0.54786,482.405851,129.007177,0.0732524,5.6670923,1.2573639
9341,61224.4164,1467107994.13,0.74627961,-0.60950636,42.758672,-34.922142,1.2297356,547.96134,13.563264,1.6328422,0.96671486,-0.20246755,11.759974,0.20504,0.162927,0.018137,0.044137,20.465468,0.334487,905.724774,281.032221,0.114101,15.110846,1.8191511
9423,63845.3564,1693557213.42,1.1896068,0.50335777,68.159449,28.840276,1.6241257,402.15884,10.08252,1.088074,0.72473425,0.33642942,12.023707,0.13364,0.089692,0.046301,0.013225,71.081024,0.053304,801.978361,231.030957,0.0853514,10.9430772,1.1809426
9435,61586.22,1498367825.84,0.82658848,0.90286394,47.360031,51.730293,0.95370843,710.49928,11.534861,1.2285955,0.90818638,0.28639141,11.996336,0.15124,0.209069,0.078443,0.039812,62.579798,0.578663,1196.334872,350.601555,0.1450648,13.2081633,1.4068215
9456,62041.559,1537709111.39,4.3911785,-0.79938863,251.595995,-45.801595,1.0980829,443.03995,10.339746,1.4378823,0.90660286,-0.028488785,11.903552,0.17838,0.168991,0.036597,0.040395,65.076496,0.455304,791.096737,239.643474,0.0935132,11.3066487,1.5723433
9492,62269.1871,1557376180.14,4.0910098,-0.46315191,234.397595,-26.53665,0.78647637,356.91704,3.0157619,1.1833709,0.35493383,-0.13593848,12.00109,0.14561,0.12663,0.021891,0.044857,23.41191,0.706344,452.99969,123.655211,0.0762219,3.245629,1.2735697
9511,61076.4255,1454321581.16,4.9836073,0.69972054,285.539665,40.091034,2.5875204,766.20273,9.8973789,1.1779002,0.65298635,0.34651995,12.002755,0.14492,0.032242,0.006598,0.007817,24.468573,0.850389,680.568165,205.79858,0.1554398,11.4358255,1.3609928
9568,62815.223,1604553685.26,5.0381878,-0.10334299,288.666897,-5.921117,2.3727418,256.8393,8.1447649,1.4295927,0.76006544,0.016065082,11.909519,0.17726,0.072872,0.008303,0.019885,29.093611,0.71871,297.277476,76.095481,0.0556407,8.5979453,1.5091362
9598,63700.3436,1681028100.85,0.11835809,0.24435085,6.781419,14.000272,2.0591255,918.55508,7.9807234,1.64196,0.93445337,0.41318929,11.751456,0.20633,0.215532,0.0171,0.062612,69.427816,0.469151,1223.661078,356.992381,0.1832588,9.4432612,1.9428636
9608,64438.7601,1744827294.65,3.4289179,0.85426378,196.462524,48.945709,1.7061662,562.68546,13.265355,1.6427498,0.9537335,0.23689692,11.750674,0.20645,0.124717,0.005944,0.036209,74.033913,0.134957,894.533516,251.350215,0.1169509,14.8167502,1.8348709
9610,61153.2149,1460956185.16,2.7523128,-0.71668925,157.695907,-41.063269,2.4466153,537.87876,10.249445,1.5622585,0.88675922,-0.35067517,11.821778,0.19515,0.099376,0.005445,0.028711,19.383895,0.768068,839.425857,300.479144,0.1121441,11.3988598,1.7374566
9644,61452.7012,1486831805.79,1.4685468,1.096215,84.141534,62.808493,2.493468,439.83518,6.1822681,1.5300177,0.95913279,-0.11002507,11.846553,0.19072,0.358357,0.037124,0.108282,71.156917,0.797217,526.538457,142.480543,0.0928763,6.7564543,1.6721201
9649,63830.0546,1692235131.35,2.2533494,0.12707223,129.10741,7.280702,2.667712,743.04675,10.039478,1.4155906,0.83213466,-0.2532075,11.916153,0.17543,0.086717,0.014249,0.022115,53.905927,0.889804,862.463595,290.248904,0.1511408,11.5568527,1.6295441
9663,61746.5886,1512223671.75,3.3871592,-0.13350696,194.069927,-7.649385,0.84692136,299.41584,6.9290686,1.655136,0.91750842,-0.01836353,11.738344,0.20822,0.208939,0.011072,0.065623,64.663394,0.662293,593.695253,217.765878,0.064464,7.3757441,1.7618327
9666,61635.15,1502595375.88,5.9067801,-0.19834879,338.43357,-11.364549,0.99818701,362.59194,5.9711661,1.4061862,0.94959825,-0.19431445,11.919937,0.17421,0.374533,0.052258,0.106237,25.841994,0.541827,524.369777,144.69436,0.0773729,6.4331725,1.5149869
9683,63464.6677,1660665707.95,1.2167007,-0.32263835,69.711815,-18.485816,0.68589216,441.86636,7.5320907,1.2182262,0.8676039,-0.32942653,11.992283,0.15001,0.256487,0.072828,0.056259,73.072705,0.773854,408.36296,121.742582,0.09328,8.2346841,1.3318623
9704,61838.9645,1520204950.48,3.9679448,1.1540382,227.34649,66.121518,2.2362206,963.38881,9.1461887,1.4867954,0.97838825,-0.40580025,11.875467,0.18488,0.368077,0.064724,0.092947,27.755078,0.617393,1187.847727,350.239707,0.1912998,10.8958528,1.7712191
9708,61524.5497,1493039511.41,1.4291059,-0.64809119,81.881737,-37.13289,2.6141,978.11251,12.370955,1.2205962,0.96884859,-0.22064976,11.993848,0.15028,0.343898,0.124491,0.066869,44.688312,0.864072,824.290509,292.210503,0.1939268,14.7700147,1.4573025
9710,62220.8219,1553197428.01,5.3125097,-0.32993059,304.384384,-18.90363,2.7881361,699.14688,20.645647,1.2162411,0.97759885,0.26114759,11.99172,0.14977,0.223047,0.104056,0.036265,33.988214,0.938182,951.282314,317.793075,0.1429362,23.5966573,1.390086
9722,61709.2088,1508994056.42,2.0143777,0.84302544,115.415341,48.3018,2.0853378,978.52139,14.011357,1.2612311,0.96134847,0.46240154,11.978994,0.15548,0.269633,0.101578,0.051218,41.926395,0.492136,1594.215374,426.058786,0.1939997,16.7295561,1.5059096
9742,61537.571,1494164556.05,5.4294756,0.48482036,311.086037,27.77816,0.80826313,537.98724,10.049841,1.4988092,0.89396471,-0.1546713,11.86723,0.18651,0.136024,0.021144,0.035094,37.169003,0.690755,539.456414,183.457174,0.1121652,11.1770834,1.6669234
9750,63317.1643,1647921410.12,4.3631418,0.34726492,249.989611,19.896814,1.6598698,366.93586,16.872828,1.1384372,0.85960186,-0.26238197,12.012882,0.13995,0.048623,0.001824,0.014263,52.532085,0.088956,612.586094,183.642708,0.0782527,18.1931723,1.227523
9774,63054.4004,1625218609.25,5.5356068,0.39909218,317.166907,22.866298,0.99035806,751.15163,12.047698,1.3820415,0.88177949,0.09859702,11.931856,0.17105,0.104805,0.024038,0.024618,69.710107,0.54839,1095.730628,358.84543,0.1526477,13.8867514,1.593007
9787,61568.2698,1496816926.55,4.0673114,0.21835933,233.039777,12.511068,1.258404,297.35755,12.561661,1.4429429,0.88110495,0.44516084,11.902112,0.17903,0.073663,0.005621,0.02074,43.496818,0.307336,651.960131,211.809168,0.0640398,13.3661073,1.5353487
9830,61843.6625,1520610858.86,3.9179688,-0.40800108,224.483077,-23.37674,0.90787899,677.69423,14.572958,1.2885939,0.86263877,0.47674325,11.969677,0.15898,0.053612,0.003005,0.015423,35.476302,0.615419,793.99841,210.011771,0.1389003,16.5971462,1.46758
9847,61346.1173,1477622950.59,5.184938,0.87047767,297.075064,49.874697,1.239928,328.27105,6.6282067,1.3152037,0.51099426,-0.21297218,11.960063,0.16239,0.025558,0.000455,0.00786,49.922338,0.324864,495.820115,154.533106,0.0703865,7.094743,1.4077763
9878,63677.2149,1679029782.25,2.6310799,-1.1881681,150.749774,-68.077017,0.60497652,203.14277,12.69834,1.1334625,0.9096877,-0.14554816,12.014057,0.13932,0.212966,0.098739,0.034813,71.326311,0.822515,437.119017,124.034938,0.0443628,13.2616739,1.1837461
9887,61704.9385,1508625101.69,3.4319347,-0.087606338,196.635374,-5.019473,2.1285046,346.45851,10.042449,1.2292221,0.91556394,0.10930386,11.995849,0.15132,0.259423,0.086905,0.052591,74.011655,0.529243,533.744994,120.406551,0.0740965,10.7865593,1.3203032
9930,63180.3159,1636097712.67,4.917547,0.40062943,281.754689,22.954375,0.18317485,646.11003,8.0652952,1.3683234,0.75769746,0.20570369,11.938323,0.16926,0.090527,0.018534,0.022113,23.636541,0.98327,541.036767,169.677204,0.1329258,9.137381,1.5502089
9974,63337.1486,1649648057.52,3.7636656,0.53490804,215.642154,30.647973,0.38064338,800.85109,9.8049803,1.4146084,0.84523851,-0.48924959,11.916612,0.1753,0.106886,0.020788,0.026284,64.720038,0.928426,694.648066,180.85439,0.1618365,11.391784,1.6435437
10002,62826.8686,1605559868.78,6.0370795,1.0833867,345.899176,62.073485,1.1235883,307.61637,9.9749146,1.6058979,0.95898288,0.24040364,11.784945,0.20123,0.236431,0.031041,0.062903,29.463521,0.43245,480.200234,98.388988,0.0661518,10.6347732,1.7121309
10038,64050.6045,1711290649.81,0.53395258,0.17247116,30.593229,9.88187,1.283428,178.65053,5.5204048,1.6096047,0.84712571,-0.30493572,11.78228,0.20174,0.174079,0.005607,0.062146,46.123829,0.283429,599.134995,212.38048,0.0391607,5.7365877,1.6726379
10058,64230.69,1726850034.61,3.542881,0.22298844,202.992129,12.776296,0.4838933,905.81514,17.724285,1.3046402,0.98767757,0.18608616,11.96394,0.16103,0.311547,0.120465,0.058235,39.756961,0.88519,1032.594887,375.556438,0.1809623,20.9317124,1.5407309
10112,61225.422,1467194882.93,1.8452159,-0.76467716,105.723083,-43.812774,0.41331228,565.71157,3.4732194,1.3007295,0.16076961,0.24737734,11.965356,0.16053,0.030751,0.002371,0.011933,49.954641,0.915795,497.67698,147.19475,0.1175354,3.8814456,1.4536113
10117,62954.046,1616547996.43,0.52593081,0.92151915,30.133616,52.799158,0.82047505,285.98998,3.8076243,1.2845949,0.16460216,0.45077842,11.971078,0.15847,0.025454,0.002816,0.009064,59.091372,0.681874,280.53826,53.5982,0.0616927,4.0425269,1.363845
10125,62387.7666,1567621455.9,5.5653746,0.59970183,318.872476,34.360384,0.60070667,355.76576,15.378204,1.500201,0.93716663,-0.44840032,11.866518,0.18669,0.088093,0.004356,0.02552,29.611662,0.824936,614.495843,182.668255,0.0759883,16.5467676,1.6141987
10138,62763.2137,1600060084.11,1.0150656,-0.086473792,58.158975,-4.954583,2.8320597,377.22901,5.492465,1.5253769,0.87204027,0.027091533,11.849736,0.19009,0.231891,0.019708,0.07608,61.027937,0.952476,335.240774,65.890904,0.0803337,5.933695,1.6479161
10154,63716.02,1682382541.88,5.1361751,-0.85461643,294.281156,-48.965915,2.481629,480.30003,9.9893475,1.1453685,0.73341602,-0.12678473,12.010861,0.14082,0.082499,0.037014,0.013864,60.931713,0.790015,860.433225,426.062482,0.1008821,10.9970939,1.2609157
10161,63362.6125,1651848141.23,3.5151607,-0.39500051,201.403872,-22.631862,2.2859131,319.40219,4.381618,1.3981433,0.72081941,0.20596731,11.925639,0.17313,0.175536,0.018732,0.060929,52.576723,0.655706,324.559382,108.333298,0.068571,4.6820699,1.4940154
10164,61564.7371,1496511700.39,3.0174298,0.10539056,172.885993,6.038434,2.9650041,697.59385,6.0989523,1.241128,0.62253588,0.19344686,11.984691,0.15293,0.104242,0.029778,0.023438,60.892236,0.984449,672.782947,235.54375,0.1426446,6.9689349,1.4181682
10178,62595.3117,1585553349.69,3.6327142,-0.44726777,208.139192,-25.626556,2.1229897,318.90037,18.427893,1.1983786,0.93730325,-0.31038338,11.997869,0.1475,0.127227,0.052175,0.022873,25.748642,0.524556,668.224308,242.327227,0.0684681,19.6896158,1.2804293
10180,61172.1187,1462589473.51,4.380338,-0.86205033,250.97488,-49.391846,0.99072587,324.36768,3.5013306,1.1391344,0.49507117,0.36677605,12.012693,0.14003,0.167839,0.035282,0.052061,39.820525,0.548083,408.818224,104.757373,0.069588,3.7449812,1.2184045
10204,62703.5959,1594909106.25,1.5429328,-0.2527892,88.403538,-14.483754,2.5828286,451.25586,4.1711812,1.4755527,0.89257622,-0.17364743,11.882841,0.18337,0.310694,0.021642,0.118487,49.107034,0.847911,661.291743,232.969805,0.0951437,4.5680428,1.6159422
10208,62196.0884,1551060451.48,1.8238891,0.60770839,104.501148,34.819126,1.5025338,331.15725,19.140041,1.5338583,0.98245466,-0.4072758,11.844252,0.19124,0.156818,0.028559,0.039089,64.688658,0.06821,575.42045,195.478534,0.0709764,20.4985322,1.642726
10260,61074.4858,1454153990.0,4.239654,-0.88585184,242.914281,-50.755572,0.36782932,850.0982,3.7691262,1.3356488,0.64773351,-0.29688251,11.95221,0.16502,0.172431,0.019645,0.062681,38.442191,0.93311,609.091857,169.508379,0.1708561,4.4131044,1.5638525
10284,61989.2695,1533191298.64,3.9408214,0.25467827,225.792434,14.59199,1.5811802,537.40281,9.3666592,1.5453908,0.90534073,0.078015558,11.834126,0.19284,0.156896,0.020302,0.041885,40.268209,0.010384,781.88346,268.891294,0.1120516,10.4162084,1.7185543
10292,63703.1719,1681272472.69,3.7354251,-0.82378119,214.024093,-47.199185,0.79679095,237.56641,5.9117184,1.2755041,0.84234262,0.25508144,11.974215,0.1573,0.259048,0.053601,0.065647,36.878528,0.699005,278.628156,62.936927,0.0516125,6.216837,1.3413361
10297,62264.7626,1556993909.4,0.34289296,-0.069948001,19.646319,-4.007725,2.3568455,236.22679,3.7221727,1.1115015,0.11715604,-0.3493734,12.018827,0.13657,0.058404,0.022071,0.013591,31.386072,0.707567,307.865108,104.895754,0.0513317,3.9132382,1.1685568
10329,62813.8897,1604438486.64,4.1784203,-0.12211831,239.405848,-6.996864,0.080934429,290.52412,2.1630926,1.1049031,-0.51055795,-0.45638734,12.019994,0.13574,0.02179,0.008213,0.006228,46.128314,0.996727,339.44253,107.599794,0.0626297,2.2985664,1.1741028
10408,61417.8793,1483823189.85,5.8148065,-0.21101856,333.163871,-12.090473,0.56435588,338.48771,9.0234995,1.5724647,0.85266691,0.19730228,11.813705,0.19656,0.087056,0.000866,0.026527,44.444308,0.844933,254.49886,80.844686,0.0724727,9.6774569,1.6864255
10431,61876.6596,1523461805.73,5.8432832,1.0237014,334.795466,58.65377,3.0680839,879.34453,9.7899647,1.6245089,0.9442609,0.40156907,11.768164,0.20385,0.194175,0.020569,0.053251,72.533468,0.997299,635.813559,176.553544,0.1761737,11.514699,1.9107046
10437,61928.4687,1527938113.68,5.6301084,-0.50201106,322.58145,-28.763115,2.3651417,265.81985,8.6149931,1.5183771,0.90433973,-0.49534774,11.854476,0.18915,0.185887,0.027176,0.048896,42.993097,0.713405,330.635671,79.292171,0.0575103,9.1104439,1.6056994
10483,61216.938,1466461863.35,3.8214339,-0.016528197,218.952034,-0.946996,2.4013829,289.88999,11.687159,1.0735152,0.80658329,-0.14997944,12.026178,0.13182,0.11957,0.064023,0.016929,38.700825,0.738327,336.408611,91.105289,0.0624987,12.4175912,1.1406085
10519,62324.9761,1562196352.49,6.1981262,0.69593815,355.126472,39.874319,2.2600158,429.04304,5.8509922,1.2804135,0.70584917,-0.1145997,11.972528,0.15793,0.149396,0.034489,0.036876,50.494694,0.635935,451.432673,136.152993,0.0907279,6.3818404,1.3965827
10618,61436.0154,1485390148.94,3.4762617,0.13737265,199.175124,7.870873,2.7930104,697.68557,6.6390963,1.3913752,0.90693378,0.3497135,11.927808,0.17226,0.28655,0.048659,0.075405,26.284374,0.939858,783.941155,290.372739,0.1426618,7.5862417,1.5898713
10641,62703.8666,1594932492.4,0.4276259,-0.67891019,24.501159,-38.898689,0.51558699,527.65986,4.5116105,1.2111285,0.10098769,0.094102889,11.99317,0.14913,0.011851,0.002815,0.003178,26.351896,0.870003,417.282122,125.948967,0.1101562,5.0085924,1.3445418
10645,61806.2218,1517375984.25,2.4382791,-0.92314529,139.703102,-52.892329,2.2944605,197.84193,11.122312,1.3236934,0.89530694,0.17060682,11.956894,0.16348,0.167007,0.050979,0.035368,31.79508,0.662135,281.527315,97.998557,0.0432401,11.6032419,1.38093
10669,62446.6664,1572710392.85,1.6061862,0.59237326,92.02769,33.940488,1.9621472,298.096,5.2819095,1.0999057,0.72924513,0.32763305,12.020793,0.13512,0.231,0.066569,0.052036,45.085992,0.381438,622.841675,214.532498,0.064192,5.6209658,1.1705108
10687,62255.8869,1556227042.78,4.8698847,-0.99697203,279.02384,-57.12229,2.1270142,212.62828,16.917473,1.1856458,0.92705172,0.45963156,12.000463,0.1459,0.137801,0.060859,0.023449,40.080661,0.527978,279.143491,88.912327,0.0463676,17.7018956,1.2406214
10722,63347.9982,1650585465.15,6.1041087,-0.27307516,349.739666,-15.646054,2.7922097,915.88053,2.9994545,1.3535888,0.31155136,0.19440413,11.945463,0.16733,0.066613,0.002337,0.028738,73.839042,0.939584,772.740891,222.913859,0.1827771,3.5476861,1.6009938
10726,64192.6735,1723565408.95,5.5728953,-0.037656827,319.30338,-2.157577,0.51567746,343.31488,2.5569632,1.2979616,0.5139699,0.30393901,11.966351,0.16018,0.165301,0.011199,0.07062,67.819242,0.869959,335.968587,78.073938,0.0734565,2.7447888,1.3933053
10746,64218.6944,1725813611.47,3.6052765,-0.9240086,206.567127,-52.941793,2.6521312,442.29774,4.0184646,1.407861,0.52023292,-0.012696439,11.919181,0.17443,0.083495,0.005039,0.032012,62.950475,0.882586,495.66486,186.625154,0.0933657,4.3936514,1.5393069
10765,62510.5557,1578230427.51,1.2113624,0.36532099,69.405953,20.931351,2.4568114,796.5703,7.777287,1.325969,0.74473,-0.39895749,11.956057,0.16377,0.101614,0.025094,0.023512,43.52864,0.774557,763.210921,242.099656,0.1610485,9.0298074,1.5395143
10782,64023.5031,1708949089.35,1.3751358,-0.95970544,78.789478,-54.987071,2.9208218,465.19843,7.2587943,1.455081,0.77086639,0.027712563,11.894247,0.18066,0.098976,0.012157,0.027239,30.727346,0.975729,682.575874,192.727585,0.0979033,7.9694542,1.5975382
10783,63230.3707,1640422443.94,0.67480198,0.14990518,38.663305,8.588934,1.3731623,617.96815,12.214101,1.4391631,0.89391631,-0.14284784,11.903104,0.17855,0.10036,0.01697,0.025419,63.749887,0.19635,1002.310877,317.917285,0.1275689,13.7722404,1.6227556
10788,64258.2924,1729234878.62,0.75709212,0.4157507,43.378183,23.82076,0.16074015,622.27347,5.5049796,1.5215789,0.85531139,0.091561429,11.852644,0.18957,0.213252,0.018099,0.069782,32.049224,0.987109,567.696544,152.49667,0.1283905,6.2117667,1.7169352
10813,61041.1617,1451274792.79,2.25539,0.62562659,129.224328,35.845763,0.38114453,731.38531,4.8068476,1.5124984,0.94584811,0.2483625,11.85764,0.18836,0.365544,0.027947,0.130152,43.154016,0.928239,749.164716,233.230872,0.1489684,5.522916,1.7378129
10833,62001.1563,1534218318.3,3.5345939,0.02495127,202.517313,1.429602,2.401869,234.81032,9.8304806,1.2879391,0.74791908,-0.25038052,11.969908,0.15889,0.058783,0.013765,0.013728,24.175904,0.738655,247.16083,57.266949,0.0510347,10.3321762,1.3536687
10837,61558.9255,1496009583.02,5.0029809,-0.99684061,286.649691,-57.11476,2.6620787,358.71963,4.3493161,1.5298371,0.6924513,-0.14747845,11.846654,0.1907,0.117876,0.001195,0.0477,29.442831,0.887219,326.998241,78.979994,0.0765877,4.6824202,1.6470038
10841,61684.6254,1506870050.48,2.4104416,0.87261621,138.10813,49.997226,0.60528356,417.49217,5.7832422,1.1588732,0.34812096,0.37740609,12.007414,0.14252,0.035192,0.01525,0.006256,50.905452,0.822341,348.918983,93.157318,0.0884223,6.2946098,1.2613434
10894,62378.374,1566809932.34,5.1496847,-0.40564273,295.055199,-23.241616,0.45121284,684.89612,11.81026,1.2778676,0.92357141,0.32088012,11.973404,0.1576,0.215652,0.074087,0.043147,19.077763,0.899919,641.471321,201.447332,0.1402572,13.466734,1.4570977
10903,61060.7592,1452968010.46,6.0672763,0.050824754,347.629325,2.912044,1.173902,488.07094,3.3617299,1.346209,0.73698682,0.38770273,11.94921,0.16637,0.23537,0.020435,0.09273,65.160524,0.386556,666.746793,216.790745,0.1024108,3.7060073,1.4840753
10905,62787.599,1602166974.4,0.77375901,0.46069293,44.333126,26.395761,0.37471327,520.39747,7.6415491,1.1850681,0.87035704,-0.17204241,12.000617,0.14583,0.265611,0.08045,0.056625,69.318857,0.930613,403.162931,115.677446,0.1087406,8.4724957,1.3139331
10908,63042.9697,1624231001.83,1.7836283,-0.020775426,102.194374,-1.190344,2.8185179,671.23611,4.9708223,1.2484124,0.35314944,0.15141076,11.983478,0.15384,0.04001,0.010385,0.010058,40.811344,0.948264,578.943957,190.45509,0.1376818,5.6552141,1.4202961
10947,63495.4344,1663323952.53,3.1024582,1.2005689,177.757761,68.787531,0.44495426,338.35924,4.5748267,1.0872102,0.79132462,-0.012188284,12.023901,0.13353,0.295783,0.070625,0.074509,21.640848,0.90263,281.835928,76.292718,0.0724465,4.9062569,1.1659748
10971,62623.7929,1588014122.03,6.1644569,-0.78256,353.197363,-44.837385,1.1557682,541.51822,5.5868573,1.260617,0.33514318,0.38956839,11.97919,0.1554,0.017557,0.001451,0.005222,44.086271,0.403216,793.578196,270.988519,0.112851,6.2173397,1.4028789
10982,64173.7743,1721932513.31,6.0738748,-0.57663835,348.007391,-33.038944,0.25484392,872.54447,4.9793673,1.4617211,0.71616185,-0.094176441,11.889837,0.18155,0.132162,0.011105,0.044833,67.134008,0.967703,665.438546,188.392399,0.1749399,5.8504573,1.7174344
10984,62204.5405,1551790714.54,2.8173279,-0.55753167,161.420998,-31.944212,0.61364779,657.42499,11.353712,1.3633643,0.92009121,-0.32091883,11.94031,0.16862,0.192063,0.05412,0.042049,74.192778,0.817553,683.40138,157.390807,0.1350706,12.8872647,1.5475147
11002,63814.1398,1690860098.12,2.5752854,1.127146,147.552984,64.580709,1.7591626,348.17154,10.08477,1.2585878,0.84504408,-0.32032099,11.979851,0.15514,0.146709,0.050075,0.029461,56.462068,0.187254,600.401856,210.119987,0.074445,10.8355307,1.3522834
11023,63959.37,1703407986.46,5.936611,-0.95015467,340.142755,-54.439852,2.5896048,702.55612,17.15276,1.3068037,0.9747209,-0.49879187,11.963152,0.16131,0.24238,0.092408,0.045706,27.698585,0.851484,1256.761112,488.629083,0.143576,19.6154847,1.4944293
11046,64473.7377,1747849356.65,2.4140272,-0.49194358,138.31357,-28.186291,1.1056915,255.45264,13.02773,1.346597,0.97249597,-0.16877645,11.949075,0.16642,0.30495,0.093751,0.064368,55.499849,0.448516,517.355856,177.469952,0.0553516,13.7488357,1.4211333
11047,63018.47,1622114222.88,4.517182,-0.61657003,258.815464,-35.32686,2.6476459,217.03177,2.740819,1.0473503,0.90067679,-0.046812825,12.031316,0.12855,0.413286,0.056634,0.151197,65.942756,0.880469,186.289982,46.399999,0.0472964,2.8704499,1.0968862
11165,63366.0534,1652145435.38,2.6981722,-0.073429849,154.593879,-4.20722,2.117862,443.95824,10.403863,1.469875,0.86810786,0.45590821,11.885712,0.18262,0.100691,0.014118,0.02642,53.470547,0.520183,542.022614,189.488238,0.0936956,11.3786592,1.6075958
11169,61761.5297,1513514580.97,1.5821847,1.3051548,90.652506,74.779862,1.9220499,298.59419,3.5944686,1.3360088,0.77030361,0.1735414,11.952069,0.16507,0.253049,0.025178,0.095507,52.85878,0.344075,749.440874,226.469608,0.0642947,3.8255739,1.4219071
11170,63924.8174,1700422643.38,5.8824323,0.40435681,337.038544,23.167939,1.0055105,382.14222,16.088997,1.1144865,0.91467303,0.237744,12.018073,0.13694,0.152923,0.079111,0.022496,71.388721,0.535657,635.109614,190.615824,0.0813251,17.3974363,1.2051222
11176,62362.8834,1565471545.59,0.44743212,-0.34655219,25.635972,-19.855978,1.0469099,716.99674,3.6232178,1.3123245,0.57480401,0.06338498,11.96113,0.16202,0.148725,0.018152,0.054111,61.567218,0.500249,634.570686,188.56098,0.1462809,4.1532254,1.5042925
11180,62966.3445,1617610581.56,5.6535921,-0.92500093,323.926966,-52.998649,0.63772207,952.25579,20.819359,1.5148585,0.98264354,-0.27341273,11.856181,0.18868,0.133568,0.019234,0.034845,22.213471,0.803454,847.683104,205.782646,0.189309,24.760651,1.8016348
11188,63007.5189,1621168046.88,3.7975937,-0.037401141,217.586091,-2.142928,1.0479198,366.8419,5.3356133,1.311486,0.78287292,-0.26959503,11.961439,0.16191,0.213379,0.038479,0.058764,26.311137,0.499374,491.756551,164.18347,0.0782337,5.7530381,1.4140884
11200,61935.4802,1528543909.46,4.9143093,-0.67819147,281.569182,-38.857509,0.12306912,462.98587,14.94313,1.136674,0.81625468,0.21574292,12.013338,0.13972,0.041948,0.002187,0.012118,18.914305,0.992437,459.854429,108.561396,0.097466,16.3995771,1.2474611
11205,63836.9302,1692829184.88,1.5350425,0.32850276,87.951457,18.821822,0.62917109,435.58961,3.7426612,1.1818269,0.47278956,-0.09258946,12.001543,0.14542,0.139037,0.029583,0.042282,55.663156,0.808516,587.292876,163.37744,0.0920318,4.087105,1.2905926
11232,64453.9663,1746141104.38,4.6295742,-0.87677172,265.255063,-50.235319,2.4121495,119.40476,4.0701919,1.6494292,0.96889853,0.16823985,11.743629,0.20741,0.394058,0.008787,0.166905,69.969494,0.745546,137.116588,21.7678,0.0264185,4.1777203,1.6930046
11235,61108.4083,1457084894.76,1.6932068,0.7127039,97.013603,40.834926,0.99466893,317.13229,6.1160765,1.0787503,0.74131614,0.23622692,12.025272,0.13247,0.21869,0.074572,0.044403,43.791077,0.544781,379.72677,93.614105,0.0681056,6.5326156,1.1522192
11248,62391.7118,1567962315.94,5.4971064,-0.034619043,314.960996,-1.983525,2.5229442,790.84305,10.33021,1.2312144,0.78255659,0.39422059,11.993753,0.15159,0.087417,0.03116,0.017149,29.530962,0.814663,936.365897,291.67155,0.1599932,11.9829734,1.4282003
11256,61792.262,1516169858.32,5.8159195,-0.38719131,333.227641,-22.184428,2.3263506,338.1757,3.9817879,1.0798246,0.52078897,-0.39780867,12.025118,0.13261,0.175218,0.047345,0.045232,20.567448,0.685692,461.993,137.34413,0.0724091,4.2701056,1.1580137
11272,61056.0089,1452557585.25,1.1242381,0.82534492,64.414098,47.288781,2.2238817,242.3967,5.8395505,1.1078061,0.37347654,-0.28191519,12.019546,0.13611,0.05164,0.025374,0.008162,46.469157,0.60764,294.193816,76.342666,0.0526241,6.1468516,1.1661034
11274,63680.7886,1679338555.72,4.2718464,-0.23813785,244.758769,-13.644294,2.5668533,473.63049,10.956507,1.173556,0.83149749,0.39392301,12.004114,0.14437,0.133987,0.057223,0.023396,67.499803,0.839334,768.1596,262.857964,0.0995679,12.0474234,1.2904045
11304,64072.4569,1713178691.22,4.8334087,-1.3668446,276.933919,-78.314427,1.4540187,253.51818,6.8675404,1.3894404,0.77630901,-0.022664875,11.928341,0.17201,0.135233,0.024941,0.034671,70.549455,0.116512,396.842347,95.444683,0.0549481,7.2448987,1.4657875
11332,64319.9225,1734559718.92,2.2542213,-1.1242783,129.157367,-64.416402,2.4041212,910.03038,17.482794,1.3048838,0.98688811,-0.36540017,11.963851,0.16107,0.309821,0.119035,0.058145,50.861743,0.740171,1055.430005,306.803276,0.1817227,20.6598145,1.5420108
11336,62830.4362,1605868101.41,4.0033955,0.85994188,229.377666,49.27104,1.3089021,509.25916,8.1091461,1.5500762,0.85576558,0.36848089,11.831696,0.19347,0.123385,0.010446,0.035135,20.724939,0.258911,849.54692,313.503702,0.106565,8.9732973,1.7152601
11353,64141.5717,1719150212.64,1.9578096,-0.51339395,112.174227,-29.415307,2.7623259,400.81677,9.4522238,1.3037415,0.89708859,0.17192528,11.964266,0.16092,0.220413,0.063179,0.04797,22.440071,0.928936,570.754721,324.884357,0.0850821,10.2564389,1.4146666
11367,61176.5633,1462973485.68,3.1459742,0.64898127,180.251044,37.183888,0.33208004,549.54211,7.3723087,1.3944838,0.82167691,0.19974662,11.927132,0.17265,0.158838,0.030845,0.039756,67.169366,0.945366,467.399243,120.753653,0.1144074,8.2157554,1.5540231
11374,62218.8908,1553030585.02,1.1973669,0.76148202,68.60407,43.629706,0.40116719,193.52043,12.622457,1.0924205,0.84892911,-0.38026109,12.0226,0.13418,0.137036,0.071261,0.020046,59.138798,0.920606,172.926913,37.939514,0.0423235,13.1566836,1.1386556
11381,61327.4014,1476005894.74,5.009227,-0.19990012,287.007566,-11.453433,1.2752821,373.60456,3.5174682,1.4501635,0.69715846,-0.15726939,11.897456,0.18,0.174785,0.008135,0.072609,38.465342,0.291232,552.116597,171.772601,0.0796015,3.7974639,1.5655987
11382,62298.5747,1559915270.23,3.8124039,0.24434923,218.434653,14.00018,2.0118061,335.48754,3.1534569,1.5442567,0.80364329,0.11121193,11.83482,0.19269,0.230927,0.001098,0.104629,50.614213,0.426853,471.074243,110.603084,0.0718607,3.3800665,1.6552281
11383,62924.4723,1613992821.47,4.2848591,1.059011,245.504342,60.676861,2.6355894,292.29782,6.4307399,1.6904106,0.95064527,-0.45482191,11.700658,0.21335,0.277273,0.012928,0.091904,65.812333,0.874689,268.363434,54.32098,0.062996,6.8358508,1.7968997
11395,63675.8812,1678914555.21,2.7819294,-0.27032314,159.392814,-15.488375,0.5420988,555.26373,8.6051989,1.1366824,0.82140183,0.048524003,12.013335,0.13973,0.197743,0.076737,0.036903,58.33142,0.856628,569.948189,148.323162,0.1155156,9.5992336,1.2679869
11401,62167.7649,1548613308.43,0.33606441,-0.49528878,19.255072,-28.377957,2.7071737,788.83815,12.552868,1.3718903,0.90722805,0.15183403,11.936975,0.16972,0.135323,0.036716,0.030054,61.313902,0.907115,797.397734,280.945568,0.1596235,14.5566007,1.5908762
11441,61139.6021,1459780040.38,0.12965738,0.1481576,7.428821,8.488805,2.8979041,551.97225,18.848892,1.1251979,0.96687841,-0.24363746,12.015443,0.13829,0.239157,0.127326,0.034082,49.561583,0.970455,489.346297,129.17098,0.1148783,21.0142207,1.2544587
11446,61529.2782,1493448055.24,2.4349879,-0.82287585,139.51453,-47.147313,0.92769164,433.94033,3.9713886,1.3125707,0.25662425,0.2005652,11.961039,0.16205,0.03265,0.002967,0.011758,38.731903,0.599683,371.68625,115.970012,0.0917035,4.3355788,1.432938
11452,62219.8255,1553111342.32,2.753427,0.47156469,157.759746,27.018667,0.89836774,125.01078,3.5153573,1.2279482,0.24061827,0.13962772,11.996726,0.15115,0.064522,0.013554,0.020766,36.67506,0.622888,168.776684,32.593275,0.0276341,3.612501,1.2618814
11527,63176.2388,1635745447.06,1.0113982,0.50986485,57.948848,29.213104,1.0269878,553.19201,17.332169,1.2187363,0.92880505,-0.39956737,11.992558,0.15007,0.122325,0.047733,0.022733,15.927241,0.517399,1120.124931,397.104178,0.1151145,19.327353,1.3590305
11563,61986.6454,1532964582.64,4.116158,-0.23294114,235.838481,-13.346544,1.9383836,132.32033,3.2701173,1.136667,0.37253419,-0.34281024,12.013339,0.13972,0.135125,0.029304,0.043012,41.62994,0.359365,357.304944,159.835314,0.0292159,3.3656567,1.1698757
11564,61849.5458,1521119177.37,3.3902815,-0.37560627,194.248821,-21.520654,2.1598333,251.70321,15.480731,1.0552709,0.97003055,-0.097795732,12.030026,0.12954,0.338323,0.178944,0.048573,41.216248,0.555561,348.828358,80.652635,0.0545693,16.3255037,1.1128563
11567,61576.5995,1497536617.42,4.9179969,-0.7997266,281.780466,-45.820959,2.1215717,453.54881,4.9959421,1.305209,0.84758013,0.12567352,11.963733,0.16111,0.283104,0.045249,0.082421,54.066998,0.523348,650.505838,232.200319,0.0955981,5.4735447,1.4299845
11646,63836.8718,1692824144.02,4.2625028,0.78231013,244.223421,44.823069,0.69885293,610.70425,3.5382071,1.1987028,-0.041887425,0.43804005,11.997806,0.14754,0.018156,0.005816,0.004952,17.09202,0.765581,766.01688,231.636207,0.126181,3.9846616,1.3499563
11668,61576.3519,1497515220.09,2.3036622,0.54724246,131.990121,31.354683,0.43387816,826.9295,7.611763,1.6437409,0.92021388,-0.25274241,11.749601,0.20659,0.197754,0.01309,0.059021,59.472984,0.907342,721.561635,182.14376,0.1666231,8.8800585,1.9176261
11685,61114.3091,1457594724.28,1.2216877,0.76925023,69.997549,44.074792,2.1786349,847.85355,19.121143,1.4182994,0.96394157,0.47114986,11.914617,0.17579,0.11606,0.021679,0.028764,67.519495,0.571095,970.344524,299.999477,0.1704468,22.3802806,1.660044
11690,61369.3607,1479631180.67,1.0309065,-0.72646068,59.066592,-41.623131,0.95591758,454.67285,11.060552,1.4947242,0.89478582,0.24877189,11.869734,0.18596,0.112155,0.015657,0.029434,24.14048,0.576859,622.410019,224.314801,0.0958208,12.1203829,1.6379499
11706,63702.6938,1681231162.01,6.1690393,-1.1139587,353.459916,-63.825132,2.5349227,365.75267,4.8760228,1.4974536,0.74862105,0.33130741,11.867986,0.18633,0.146742,0.009434,0.052206,36.273147,0.821551,497.728792,173.872262,0.0780131,5.2564165,1.6142746
11709,64477.2271,1748150842.17,2.206052,0.68566626,126.397469,39.285783,2.8289487,994.13771,9.9987221,1.4039016,0.8408156,0.066816166,11.9213,0.17391,0.100131,0.019757,0.024526,51.072932,0.951524,780.268961,207.50771,0.1967785,11.9662556,1.6801593
11716,64069.1113,1712889633.87,0.34593927,-1.3262418,19.82086,-75.988058,1.0359155,486.51038,4.3458772,1.365695,0.78082079,0.20584384,11.93934,0.16892,0.228792,0.027102,0.0777,48.297877,0.509739,836.988506,343.466581,0.1021041,4.7896091,1.5051381
11752,63805.7285,1690133361.79,5.0779068,0.35452873,290.942628,20.313,0.43863452,767.08864,8.6922712,1.6633821,0.94509244,0.061554234,11.728797,0.20943,0.211228,0.016457,0.060603,41.363221,0.905332,574.747505,170.128185,0.1556039,10.0448225,1.9222108
11761,62000.3515,1534148784.32,2.2299241,-0.9791702,127.76524,-56.10232,2.4872454,439.97957,12.075755,1.2040559,0.86094558,-0.46311745,11.996478,0.14822,0.131244,0.053762,0.023614,53.207659,0.793445,437.833119,143.544294,0.092905,13.197653,1.3159187
11764,61633.5521,1502457322.43,3.0270001,0.5348627,173.43433,30.645375,2.9427767,436.92503,14.494539,1.4670871,0.98558879,-0.39977184,11.887131,0.18226,0.299744,0.078285,0.067495,54.547399,0.980301,400.078989,89.174806,0.0922975,15.8323487,1.6024956
11772,63315.9228,1647814152.06,3.0593303,0.43734387,175.286714,25.057958,2.688005,657.28094,4.0413938,1.2426018,0.23900101,0.06546507,11.984422,0.15311,0.042524,0.009996,0.012376,52.902514,0.898881,583.392701,158.706967,0.1350434,4.5871574,1.410407
11815,63999.6473,1706887945.32,4.1907112,0.31197638,240.110065,17.87493,0.82879868,517.56391,4.6919312,1.537203,0.73395973,0.36529776,11.841515,0.1917,0.130141,0.003396,0.049968,36.604334,0.675762,895.809429,287.639886,0.1081877,5.1995404,1.7035095
11827,61407.8372,1482955552.12,6.0102736,0.63002755,344.363311,36.09792,2.7750688,333.64807,6.6585565,1.4025259,0.78441489,-0.2681475,11.922329,0.17372,0.14468,0.024838,0.038037,50.553067,0.933579,297.458226,67.066793,0.0714852,7.1345447,1.5027857
11841,61664.1167,1505098101.41,1.0743358,-0.34288444,61.554907,-19.645831,0.22561269,356.28682,5.5476222,1.4120051,0.79110384,0.49929532,11.91766,0.17496,0.183872,0.025345,0.054186,18.899251,0.974657,650.142363,197.678005,0.076094,5.969763,1.5194502
11868,64088.9094,1714600192.46,3.0189996,1.257047,172.975935,72.023488,1.5200297,586.81027,11.185736,1.5284896,0.9654662,0.31109634,11.84745,0.19052,0.25613,0.048321,0.063393,38.496214,0.050745,1202.748306,388.642349,0.1216002,12.5459237,1.7143542
11876,63557.8815,1668719381.25,2.5216711,1.2252011,144.481111,70.198852,2.3806586,709.43439,7.2594333,1.2582785,0.91661125,-0.27553153,11.979955,0.1551,0.321445,0.076989,0.075206,73.362274,0.724192,761.146234,242.391649,0.1448654,8.311074,1.4405595
11902,62442.2221,1572326409.0,2.0845889,1.0028809,119.438146,57.460843,2.9173395,508.61727,5.1465292,1.1906433,0.38109645,-0.15215127,11.999314,0.14653,0.055659,0.019268,0.011911,56.174752,0.97496,421.449858,116.749908,0.1064394,5.6943227,1.3173747
11903,63047.8193,1624650008.55,5.5149263,-0.012904256,315.982001,-0.739359,1.9924139,379.61858,9.2577877,1.1017817,0.65298635,0.34651995,12.020468,0.13536,0.064638,0.032241,0.009875,54.677382,0.409237,747.381855,234.696262,0.080816,10.0059651,1.1908233
11945,61894.7708,1525026618.06,1.4065144,0.85447156,80.587339,48.957614,0.76614462,622.14331,2.8739071,1.2847716,0.68037045,0.009476847,11.971017,0.15849,0.234151,0.020476,0.095308,43.850839,0.720589,777.642636,242.578495,0.1283657,3.2428182,1.4496922
11974,63576.5231,1670330012.35,0.79388916,-0.11747426,45.486498,-6.730779,1.0708723,593.45283,15.205687,1.5287641,0.93996602,-0.0118054,11.847281,0.19056,0.088369,0.002217,0.026257,26.857562,0.479359,1205.879721,409.269744,0.1228761,17.0741025,1.7166127
11991,63194.8955,1637357390.76,5.0180369,0.90108625,287.512336,51.628439,1.8839557,383.26272,7.9501028,1.0831823,0.88272405,-0.33933306,12.02463,0.13302,0.298541,0.10778,0.05819,20.77932,0.308066,562.374244,143.403408,0.081551,8.5984416,1.1715169
11996,61360.3323,1478851125.16,0.4730665,1.2433862,27.104714,71.240782,0.96563105,359.869,11.276899,1.2373122,0.86229336,0.060241342,11.986527,0.15244,0.142805,0.053408,0.027247,54.305108,0.568898,477.124323,133.14711,0.0768208,12.1431994,1.3323635
12043,61317.6405,1475162560.54,4.3548252,-0.07912118,249.513104,-4.53331,0.24371983,407.87103,3.6191018,1.5169206,0.75862771,0.36306873,11.855182,0.18895,0.190596,0.004565,0.081479,20.943821,0.970447,325.521954,68.845544,0.0864968,3.9321425,1.6481294
12058,61737.6868,1511454554.08,3.3604759,1.3506323,192.541086,77.38553,1.2364738,294.78582,5.5946565,1.1840894,0.53062993,-0.42587221,12.000886,0.1457,0.094435,0.031078,0.020134,60.800549,0.328129,450.979233,126.796253,0.0635094,5.9499698,1.2592902
12110,63104.7996,1629573101.92,0.53805442,0.032513149,30.828247,1.862866,0.79291137,505.30331,16.105705,1.194257,0.89458352,0.36221552,11.99863,0.14698,0.091872,0.032832,0.017993,51.800936,0.701774,757.555523,270.98387,0.105791,17.8095436,1.3205986
12142,61489.32,1489995664.85,1.1045224,-0.2335626,63.284472,-13.382151,1.6253143,41.174569,16.806396,1.11926,0.95933306,-0.093690217,12.016761,0.13754,0.252327,0.13057,0.037107,46.559969,0.054491,58.906512,7.225293,0.0092276,16.9614787,1.1295881
12167,61380.2726,1480573972.15,5.7474908,0.11238675,329.306966,6.439286,0.39417876,849.61676,9.491107,1.4734328,0.96166104,0.32305151,11.88388,0.18309,0.304132,0.057891,0.075307,56.722574,0.923312,890.880007,366.005127,0.1707684,11.1118882,1.7250486
12170,61657.4341,1504520723.11,5.5790662,-0.37524623,319.656947,-21.500025,1.4448509,228.55382,5.0944009,1.2202899,0.89059788,-0.25368708,11.993614,0.15025,0.345632,0.064576,0.093326,45.624135,0.125613,426.752338,110.29563,0.0497213,5.3477011,1.2809643
12178,61971.3365,1531641895.68,3.1943989,0.28375263,183.025575,16.257828,0.86352316,339.56725,2.2758791,1.1011173,0.25686356,0.46100074,12.020578,0.13527,0.149352,0.02297,0.057398,42.721453,0.649763,420.752658,115.50938,0.0726928,2.4413191,1.1811606
12186,62502.8891,1577568038.47,2.6647069,0.080873034,152.676459,4.633684,0.64311278,453.52886,9.7458878,1.6811016,0.92717665,-0.36683056,11.710144,0.212,0.136527,0.003255,0.040985,27.679272,0.800233,454.854188,107.862734,0.0955942,10.6775381,1.8418052
12211,61424.9121,1484430821.5,5.5231959,-1.2226487,316.455814,-70.05261,2.4660554,537.2296,4.733582,1.5041877,0.88149923,0.25286183,11.864626,0.18722,0.273048,0.020628,0.097855,26.163295,0.780371,508.453136,159.690492,0.112018,5.2638284,1.6726838
12215,62186.3067,1550215320.52,0.66524693,-0.052673875,38.115841,-3.017991,1.7497722,131.43248,8.8645325,1.3341845,0.92178124,0.37022811,11.952806,0.16483,0.269192,0.067088,0.061753,17.774023,0.178022,241.580664,81.288323,0.029024,9.1218167,1.3729079
12258,62356.4555,1564916175.5,1.5196357,-1.1063453,87.068712,-63.388916,2.5654454,707.05419,9.4157801,1.2917373,0.87391895,-0.12535338,11.968568,0.15938,0.191154,0.057164,0.040876,37.464324,0.838568,708.247994,176.281681,0.1444194,10.7756014,1.4782892
12275,61750.399,1512552890.03,1.2433685,1.4126341,71.239767,80.937972,2.7061404,655.13885,13.531865,1.3757702,0.96092206,0.092562012,11.93532,0.17022,0.239614,0.072217,0.051018,65.441659,0.906679,664.029924,210.1851,0.1346377,15.3537642,1.5610007
12300,62401.2607,1568787341.32,1.3597838,0.71946432,77.909873,41.222269,1.1667104,379.94574,18.593262,1.5185716,0.96478307,-0.12220605,11.854378,0.18917,0.093558,0.001384,0.028091,21.479288,0.393178,532.226132,132.630486,0.080882,20.0971222,1.6413967
12311,63965.4908,1703936821.5,5.519296,1.365721,316.232367,78.250049,2.190739,189.19614,10.108464,1.1028501,0.81702071,-0.02856176,12.0203,0.13549,0.161823,0.075652,0.026264,17.405135,0.580989,236.346584,44.554224,0.0414051,10.527006,1.1485137
12320,62495.0358,1576889509.83,1.7767799,-0.47738654,101.801989,-27.352234,1.9682189,825.43601,11.543516,1.3808914,0.89575505,0.13019723,11.932522,0.17089,0.138438,0.035892,0.031259,42.225166,0.387043,1031.381729,301.677216,0.1663497,13.4637764,1.6106023
12339,62358.9455,1565131312.48,0.20622623,-0.53563084,11.815893,-30.689387,0.83709468,400.93951,10.738825,1.5576515,0.97375727,-0.18230326,11.824574,0.19453,0.287758,0.049208,0.072831,38.066249,0.669623,447.586564,113.478535,0.0851068,11.652772,1.6902182
12400,62620.8252,1587757712.07,1.5573987,-0.11967443,89.232373,-6.85684,2.4240613,394.18867,5.8668618,1.4999387,0.69307971,0.26163048,11.866647,0.18666,0.077191,0.001802,0.025827,36.489543,0.753431,507.550899,127.421621,0.0837506,6.358215,1.6255595
12418,64206.7895,1724785034.34,3.0261038,1.4581078,173.382976,83.543423,0.35608833,598.43803,6.9096241,1.2526034,0.98077095,0.28734899,11.982033,0.15438,0.472202,0.09755,0.115747,68.860142,0.937268,556.898174,140.46878,0.1238324,7.7652594,1.4077163
12425,63625.2498,1674540003.73,1.7454029,-0.260227,100.00422,-14.909909,1.0635558,290.72205,6.7921648,1.1856722,0.47668275,-0.1011081,12.000457,0.1459,0.038038,0.014222,0.007331,55.138936,0.485767,657.665499,237.812919,0.0626706,7.2178338,1.259979
12509,61708.8967,1508967096.45,0.46482013,1.3426217,26.632232,76.926557,2.5035617,994.46998,9.3757229,1.2266957,0.73175597,-0.16342881,11.997095,0.15099,0.075821,0.026577,0.015016,32.466347,0.80327,950.248915,290.58448,0.1968376,11.2212177,1.4681555
12560,64164.5253,1721133404.34,3.3901933,-0.2111187,194.243768,-12.09621,0.83082,556.83238,11.249803,1.4171927,0.90589827,-0.084343962,11.915298,0.17564,0.150774,0.035454,0.035159,36.408345,0.67427,830.951444,314.846006,0.1158192,12.5527462,1.5813308
12624,61337.8942,1476912475.54,1.3905175,-0.01917866,79.670784,-1.098856,0.78597181,299.55032,4.1276226,1.0649871,0.97640342,0.45483467,12.028281,0.13075,0.495561,0.090641,0.139385,37.72515,0.706701,383.705984,95.020728,0.0644917,4.39382,1.1336699
12660,62482.3037,1575789461.87,3.815092,-1.140041,218.58867,-65.319538,2.6397585,651.32827,6.9213409,1.4843794,0.81596667,-0.069723397,11.877193,0.18456,0.139132,0.01691,0.038985,26.175249,0.876702,704.899123,226.41906,0.1339156,7.8482164,1.683161
12710,62315.1008,1561343126.74,3.3840446,0.15073236,193.891473,8.636328,0.21829836,465.18359,2.4781878,1.4089713,0.68970418,-0.20016931,11.91875,0.17457,0.216326,0.0044,0.09875,30.447013,0.976267,395.098023,121.114134,0.0979004,2.7208034,1.5469102
12735,62482.5094,1575807232.58,2.4835045,0.66931197,142.294326,38.348751,0.34866799,417.75599,4.2472124,1.4234204,0.96943289,-0.33513197,11.911354,0.17647,0.445959,0.037599,0.162944,50.242327,0.939829,589.996978,235.96172,0.088475,4.6229845,1.5493575
12782,62196.4513,1551091807.54,4.8444099,-1.2604006,277.564242,-72.215635,1.3045487,556.00603,9.3349352,1.1933289,0.80793571,0.14970173,11.9988,0.14687,0.147547,0.056393,0.027793,27.341909,0.263113,1148.669571,341.298445,0.1156593,10.4146073,1.3313485
12793,63409.0121,1655857059.79,2.8079513,0.3611638,160.883759,20.693161,2.7561522,671.81761,18.817665,1.2800766,0.98479134,-0.37155455,11.972644,0.15789,0.278365,0.115211,0.049724,65.646287,0.926633,528.860948,142.540859,0.1377916,21.4105812,1.4564604
12803,63179.1777,1635999369.31,4.9791754,0.67546143,285.285736,38.701089,1.4304934,302.70296,3.3665857,1.2193727,0.57480401,0.06338498,11.992958,0.15015,0.184044,0.027906,0.064705,38.245442,0.139843,429.122364,134.316271,0.0651409,3.5858881,1.2988037
12806,62341.6192,1563634318.96,4.5595082,0.090417997,261.240577,5.18057,0.65113495,519.50274,18.225157,1.2382694,0.94628608,-0.32929945,11.985852,0.15256,0.141087,0.055725,0.026016,57.699398,0.795396,492.933248,141.527545,0.1085661,20.2037912,1.3727035
12810,61959.1903,1530592462.04,1.3748015,0.33035357,78.770324,18.927865,1.9889416,476.70745,11.259414,1.1129181,0.89865899,-0.37661842,12.018484,0.13675,0.234116,0.104746,0.039428,68.272338,0.406066,917.865354,285.804945,0.1001745,12.3873202,1.2244041
12843,62050.009,1538439194.24,3.5971567,0.93017202,206.101897,53.294931,0.96803887,438.81487,2.2630785,1.1959494,-0.45613483,-0.17670405,11.998322,0.1472,0.0076,0.000452,0.003297,42.737059,0.566916,589.486847,177.296476,0.0926734,2.4728057,1.3067821
12851,61958.338,1530518818.54,3.5463148,-0.96593596,203.188871,-55.344054,0.74899521,516.48184,13.126605,1.250524,0.84978092,0.24956894,11.982803,0.15411,0.079499,0.024046,0.0169,39.507957,0.732373,512.50136,143.161025,0.1079764,14.5439686,1.3855511
12868,64185.6022,1722954448.75,2.6000738,0.22969611,148.973255,13.160618,2.7177876,206.80124,9.2243528,1.6959286,0.95839435,-0.47654662,11.69268,0.21419,0.219176,0.015768,0.062944,72.531859,0.911531,185.362323,46.286753,0.0451367,9.6407096,1.7724772
12877,62641.5185,1589545613.3,0.67395672,0.51673641,38.614876,29.606815,2.169856,477.90961,14.417127,1.3267304,0.89861417,-0.22506295,11.955775,0.16387,0.092699,0.022864,0.021283,63.633448,0.563866,1206.457508,432.683298,0.1004113,15.8647695,1.4599491
12897,62260.6581,1556639277.24,2.1662189,0.63413192,124.1152,36.333083,2.7820029,531.17118,2.9109762,1.2750422,0.089017503,-0.10249128,11.974373,0.15724,0.040334,0.003884,0.016171,73.037779,0.936041,560.180333,173.891437,0.1108398,3.2336282,1.4163676
12938,63353.4006,1651052229.74,2.9405515,0.81838723,168.48119,46.890134,2.6726072,328.92749,3.0544627,1.0788331,0.46025333,0.11877224,12.02526,0.13248,0.186799,0.038661,0.060679,35.118576,0.892027,429.797313,126.83826,0.0705207,3.2698655,1.1549132
12948,62617.6073,1587479690.53,3.0077838,-0.67547548,172.333317,-38.701894,0.57532232,688.9128,7.7278523,1.3676009,0.67411512,-0.14111115,11.938598,0.16916,0.049088,0.005269,0.013505,69.780159,0.839017,823.046141,299.536871,0.1410131,8.8175807,1.5604505
12991,63889.5843,1697378500.73,3.7897307,0.075683429,217.135575,4.336341,2.4859191,105.64533,5.3486099,1.0638323,0.066741675,-0.33710787,12.028556,0.13061,0.012487,0.010132,0.000738,40.861399,0.792637,107.258412,24.01563,0.0234259,5.4739059,1.0887535
13030,63608.3941,1673083668.77,6.18315,-0.92711369,354.268399,-53.119702,0.31644308,476.15669,10.749455,1.2415074,0.85750723,0.061494537,11.984607,0.15298,0.149097,0.05426,0.028907,68.747866,0.950348,659.250317,233.145702,0.1000659,11.8251089,1.36574
13043,63811.8903,1690665736.03,5.7520394,0.46222209,329.567581,26.483375,2.070095,366.55212,3.7626679,1.0820178,0.71444726,-0.14342184,12.024805,0.13288,0.271474,0.057284,0.078372,41.687852,0.47881,654.296119,220.942727,0.078175,4.0568145,1.1666045
13046,62377.1822,1566706959.2,2.8560863,-1.2564925,163.641691,-71.991717,1.1813361,166.72121,9.2425594,1.5775524,0.8957389,0.0063572517,11.809694,0.19726,0.134141,0.011941,0.037551,19.080307,0.379689,276.833908,58.221064,0.0366133,9.58096,1.6353118
13074,61213.1901,1466138041.77,0.35477876,-0.69436481,20.327326,-39.784173,0.69632711,395.90187,2.5033922,1.0853704,-0.4912543,-0.37028784,12.024265,0.1333,0.018314,0.010357,0.00352,35.264429,0.767203,400.860496,134.092337,0.084095,2.713915,1.1766446
13078,61801.5204,1516969779.37,5.5012519,-1.008762,315.198516,-57.797805,1.6647558,244.42212,11.581942,1.2303485,0.84818369,0.35609958,11.994749,0.15147,0.120317,0.045747,0.022727,42.336375,0.093821,487.75476,151.081842,0.0530479,12.1963397,1.2956159
13084,64252.0625,1728696618.32,1.6427642,0.54464813,94.123455,31.206039,1.3036784,380.82291,6.5009089,1.6236358,0.84271854,0.067796104,11.768789,0.20373,0.133055,0.00231,0.044268,56.370824,0.263953,527.98598,142.36657,0.081059,7.0278661,1.7552461
13085,61469.3042,1488266303.35,5.7461049,1.265636,329.227559,72.515601,2.5968632,615.67464,5.3030496,1.4413193,0.7350955,0.15155406,11.902585,0.17882,0.14014,0.015344,0.044198,68.828194,0.855268,533.550898,148.578399,0.1271309,5.9772311,1.6245555
13089,64133.003,1718409874.21,3.9313896,1.2033096,225.252032,68.944562,2.6492558,466.81041,10.792784,1.1400173,0.7007547,-0.064346656,12.012447,0.14015,0.044915,0.015611,0.008931,58.347969,0.881231,573.487587,182.789418,0.0982218,11.8528707,1.2519919
13123,64176.9777,1722209287.51,1.9303726,-0.25362662,110.602203,-14.531735,0.82707137,346.18794,6.923871,1.1822101,0.6092028,-0.45576763,12.001429,0.14547,0.087151,0.032596,0.016765,63.730136,0.677034,368.818288,89.857295,0.0740414,7.4365241,1.2697426
13149,61767.0083,1513987930.85,5.0110031,0.82735943,287.109329,47.404203,0.66680097,256.18462,3.3196096,1.2746931,0.34553629,0.17140543,11.974493,0.1572,0.08686,0.012168,0.031725,73.461686,0.785804,209.706488,67.409739,0.0555042,3.5038619,1.3454439
13156,61410.5929,1483193642.15,2.2105203,-0.83492659,126.653484,-47.83777,0.85902095,379.14381,9.9001875,1.1430006,0.74392492,-0.0098633049,12.011576,0.14052,0.092854,0.042031,0.015491,34.077061,0.653179,456.166087,133.20931,0.0807202,10.6993326,1.2352638
13159,61235.633,1468077113.39,4.9593222,-0.74958472,284.148231,-42.948041,1.339948,231.81399,11.582185,1.0584372,0.88665766,-0.18281902,12.029577,0.12993,0.223537,0.112343,0.033888,25.635627,0.228803,502.493924,147.493413,0.0504059,12.1659955,1.1117887
13168,64416.7951,1742929513.77,6.2702888,0.97949705,359.261085,56.121047,2.8121136,595.57563,10.416276,1.2592684,0.89733374,0.10756633,11.979627,0.15523,0.209002,0.070037,0.042361,28.920952,0.946211,519.213837,120.322457,0.1232834,11.7004299,1.4145153
13180,64050.5416,1711285210.28,3.1848296,-0.23808267,182.477295,-13.641132,1.507457,381.71065,11.143678,1.4602867,0.96039814,-0.21015354,11.890712,0.18136,0.264439,0.059001,0.062647,55.875775,0.063297,839.430279,299.59108,0.081238,12.0489681,1.5789175
13186,62388.4689,1567682133.91,1.2500101,-1.1215464,71.620303,-64.259875,2.1114285,543.62822,3.1430488,1.3139547,0.55502033,0.40023476,11.960527,0.16223,0.156959,0.014929,0.062157,30.410561,0.514678,844.707065,247.518559,0.1132606,3.4990324,1.462774
13191,61382.2496,1480744784.01,0.29962187,0.27040171,17.167069,15.492877,0.22463552,688.56528,7.6425786,1.3030022,0.74473,-0.39895749,11.964534,0.16082,0.112212,0.029901,0.025291,47.96779,0.974875,504.201748,139.183799,0.1409477,8.7197825,1.4866574
13203,61832.4069,1519638370.55,3.875671,-0.86107148,222.059591,-49.335762,0.88160012,249.94544,11.223413,1.3909874,0.89398229,0.046948262,11.927899,0.17221,0.140559,0.035111,0.032147,74.0691,0.635917,274.1867,78.502905,0.0542023,11.8317478,1.4663821
13256,61983.3841,1532682806.64,5.4236887,-0.95400199,310.754472,-54.660288,1.8847991,499.19182,3.916153,1.2011054,0.059383985,-0.42054218,11.997293,0.14784,0.021916,0.007189,0.005595,57.955836,0.308868,729.056352,233.44929,0.1045937,4.3257579,1.3267335
13288,63342.1218,1650077742.77,2.9486635,0.26559108,168.945974,15.217248,1.1346024,987.39884,18.659988,1.4301674,0.98770422,-0.027267352,11.909261,0.17734,0.245216,0.076531,0.05141,22.005895,0.422493,1198.518526,423.069263,0.1955803,22.3095141,1.70988
13297,64257.4218,1729159664.12,4.0705293,-0.30913027,233.224149,-17.71186,2.1851375,344.14166,12.468128,1.3449324,0.98186016,-0.19094361,11.949598,0.16621,0.361417,0.105834,0.077897,54.29587,0.57642,427.267665,86.762445,0.0736248,13.3860914,1.4439528
13303,62614.5839,1587218467.63,2.5951588,0.20456265,148.691646,11.720576,0.94055021,295.30608,6.055594,1.0996217,0.65521234,0.0059470311,12.020847,0.13509,0.161641,0.058405,0.0319,23.738102,0.589344,429.167603,162.214976,0.0636167,6.4408309,1.169576
13311,63337.2417,1649656099.23,3.6291602,0.35785566,207.935563,20.503619,2.0358334,383.43598,4.0537558,1.1844832,0.91069329,0.35546869,12.000777,0.14575,0.394815,0.060734,0.123389,15.728678,0.448456,632.137739,193.33738,0.0815859,4.3844851,1.2811203
13375,62666.6276,1591715042.62,1.6198203,-0.38986805,92.808867,-22.337794,0.28337953,583.78149,4.904736,1.2478392,0.76618737,-2.4081352e-05,11.983633,0.15377,0.231612,0.044698,0.063875,30.808409,0.960116,595.182085,221.254879,0.1210179,5.4982969,1.3988501
13378,62800.2768,1603262333.29,2.7907566,1.0046784,159.898575,57.563832,0.83471273,471.5355,4.3769307,1.4794867,0.87470019,0.4366107,11.880667,0.1839,0.282719,0.020967,0.104909,68.379312,0.671391,642.413231,220.203213,0.0991546,4.8109235,1.6261846
13402,63002.4191,1620727424.35,4.2558094,0.2572733,243.839917,14.740674,1.7607202,379.39065,14.23824,1.5881941,0.98739517,-0.30149353,11.800535,0.19875,0.27009,0.052339,0.066368,53.401349,0.188784,683.431588,199.456537,0.08077,15.3882626,1.7164725
13418,63964.1643,1703822214.8,2.0896749,-0.2753206,119.729552,-15.774708,0.85211132,310.57578,12.914816,1.2075011,0.87789345,0.12082294,11.995103,0.14866,0.132741,0.054705,0.023783,34.06117,0.658395,369.558138,96.578047,0.0667599,13.7770078,1.2881138
13487,63731.7347,1683740291.97,3.2253291,1.0032079,184.797745,57.479579,2.3972658,602.88582,7.0521202,1.3064414,0.93925935,-0.16946375,11.963284,0.16127,0.354352,0.073264,0.087063,37.322787,0.735544,542.59377,168.807899,0.1246847,7.9314117,1.4693347
13520,63431.8101,1657826809.27,5.6647209,0.43637153,324.5646,25.002247,1.2741946,301.97751,15.64767,1.2767152,0.94777787,-0.31176648,11.973799,0.15746,0.185711,0.071439,0.034826,20.3505,0.292272,523.556317,179.232493,0.0649916,16.6646371,1.359691
13544,61860.958,1522105192.92,0.67343594,0.55455299,38.585037,31.773546,0.19000852,298.32426,3.7894526,1.266853,0.68559861,0.4646621,11.977172,0.1562,0.211632,0.030204,0.0723,27.225516,0.982003,244.719962,65.93856,0.064239,4.0328832,1.3482344
13560,61197.913,1464818102.01,5.6219575,-1.0577138,322.114437,-60.602537,1.9968668,400.98986,9.1037893,1.3946419,0.84096092,0.086201988,11.927091,0.17267,0.127703,0.027879,0.030516,51.899124,0.413296,547.544884,152.838133,0.0851169,9.8786756,1.5133495
13638,62731.61,1597329525.7,2.7094269,-0.83362146,155.238726,-47.762991,2.4374339,545.16454,13.67415,1.6458117,0.97424525,-0.41674617,11.747112,0.20689,0.185291,0.02283,0.049523,33.144558,0.762156,922.773684,380.872892,0.1135587,15.2269687,1.8327079
13662,63271.2656,1643955763.12,1.2824211,-0.44976775,73.477317,-25.769794,1.6055389,459.95228,14.622286,1.3395104,0.88723302,-0.14866287,11.95089,0.16552,0.068239,0.008325,0.01826,71.209067,0.034736,1538.774074,492.469598,0.096866,16.0386884,1.4692634
13667,63593.5475,1671800919.94,2.1641849,0.32526183,123.998661,18.63613,1.8980604,394.39885,5.699862,1.3019519,0.98353642,-0.29949939,11.964914,0.16069,0.488029,0.07618,0.134136,73.930888,0.321454,680.903171,212.825321,0.0837929,6.17747,1.4110462
13674,62379.9384,1566945092.82,5.1391956,0.72454561,294.454218,41.513406,0.46493976,303.28979,5.0442514,1.4037861,0.62982595,-0.10423835,11.921382,0.17389,0.097816,0.011109,0.031127,17.674735,0.893849,283.406152,57.188601,0.0652617,5.3734478,1.4953996
13729,62235.9041,1554500531.95,4.1220292,0.97217841,236.174876,55.70172,0.6385861,538.59409,3.8605902,1.4426402,0.85728675,0.21736394,11.902218,0.17899,0.289227,0.020309,0.112967,71.840653,0.802939,661.28641,232.848575,0.1122831,4.2940692,1.6046243
13745,63372.6516,1652715515.48,3.7920777,0.28605581,217.270048,16.389791,2.445319,287.46129,16.249357,1.1180873,0.87903911,-0.43824723,12.017079,0.1374,0.089379,0.038189,0.015601,23.467334,0.767237,430.649318,149.820514,0.0619969,17.2567668,1.1874052
13748,61055.7825,1452538027.7,5.1463562,-0.40584262,294.86449,-23.253069,2.8697532,233.51281,5.1839352,1.2760133,0.3217369,0.38115317,11.97404,0.15737,0.021377,0.002495,0.006348,22.691887,0.963279,247.090442,47.086498,0.0507625,5.4470847,1.3407869
13763,64264.5378,1729774487.14,4.6443536,-1.0555632,266.10186,-60.479316,2.334458,893.08156,6.8722019,1.3737416,0.71223211,0.25308856,11.936228,0.16996,0.093522,0.017217,0.023927,29.310712,0.691571,601.766036,228.759893,0.1786616,8.1000005,1.6191765
13776,64004.6928,1707323874.56,5.1794366,0.025939088,296.759857,1.4862,2.4111226,576.13414,4.8272171,1.280759,0.30727974,-0.33317605,11.972409,0.15797,0.026422,0.004047,0.007818,41.18492,0.744861,832.653129,271.273539,0.1195458,5.4042906,1.4338684
13783,63350.7106,1650819815.36,1.8773972,0.37560584,107.566936,21.520629,1.9214925,232.87777,2.1198447,1.1347992,-0.42154813,0.45264027,12.013777,0.13949,0.025325,0.006644,0.008634,54.619335,0.343552,363.915634,135.747968,0.0506292,2.2271707,1.1922532
13806,61117.8949,1457904538.59,3.6518047,0.28370098,209.232997,16.254869,2.6366512,354.0624,7.7493734,1.1635514,0.92710924,0.43979278,12.006601,0.14311,0.350144,0.102324,0.075717,36.570654,0.875203,681.235983,234.905508,0.0756424,8.3355546,1.2515652
13849,63534.5472,1666703299.59,0.30741942,0.3514126,17.613835,20.134459,0.9172684,284.1276,3.4736085,1.0954938,0.08897125,0.3142876,12.021787,0.13457,0.065556,0.023648,0.016177,41.460585,0.607991,425.211935,157.931018,0.0613075,3.6865668,1.1626558
13866,61633.072,1502415839.3,4.6011765,1.1886423,263.627994,68.104187,0.52269852,546.10395,8.4448433,1.6078039,0.91547853,0.34682456,11.783567,0.20149,0.178251,0.01605,0.050429,47.613281,0.866475,497.790627,167.51527,0.1137409,9.4053674,1.790677
13883,62658.7563,1591034959.24,5.3427551,0.35339218,306.117318,20.24788,0.607493,327.17168,13.230832,1.2395799,0.97563338,0.35622904,11.985184,0.15273,0.348685,0.12685,0.067608,51.364394,0.821082,306.809362,75.312059,0.0701617,14.1591297,1.3265509
13897,64267.5231,1730032417.99,0.10964579,0.38283016,6.282241,21.934552,2.6766544,147.52755,4.8397145,1.2231075,0.4588109,-0.2197969,11.995765,0.15057,0.082877,0.022514,0.020558,69.666408,0.893849,201.491586,64.110764,0.0324955,4.9969834,1.262853
13911,61379.0147,1480465291.7,0.022100775,-1.2898753,1.266281,-73.904411,0.87816936,401.11977,4.6875405,1.4753577,0.9542802,0.40636098,11.882937,0.18335,0.394304,0.033059,0.13929,43.390271,0.638561,537.444734,169.231023,0.0851429,5.0866513,1.6009739
13912,63763.691,1686501318.46,1.5432473,-1.1129983,88.421557,-63.770105,2.2117704,287.73232,3.2576327,1.1537776,0.48807189,0.40710348,12.008477,0.14188,0.170357,0.031646,0.056892,66.975658,0.597976,549.408338,157.483205,0.0620529,3.4597783,1.2253728
13913,61001.2117,1447823105.87,3.1165135,0.53129104,178.56307,30.440734,1.2021273,120.69264,3.6890612,1.2225498,0.88140631,0.095037974,11.995363,0.15051,0.365765,0.047812,0.126121,74.520504,0.360374,189.67734,43.776097,0.026698,3.7875518,1.2551894
13916,62032.8004,1536952368.45,3.0698345,1.2036395,175.888561,68.963463,2.0856662,295.75295,13.650965,1.191312,0.82646549,-0.30970988,11.999182,0.14661,0.06108,0.01698,0.01344,35.840064,0.492422,419.821248,125.16482,0.0637089,14.520653,1.2672092
13918,63274.5334,1644238102.09,0.4001038,0.85547772,22.924259,49.015263,0.22429573,791.44068,5.5466828,1.6752944,0.94264948,0.49614102,11.715851,0.21116,0.289246,0.010602,0.104927,59.649226,0.974951,810.02815,343.061281,0.1601034,6.4347256,1.9435147
13958,61484.3428,1489565636.59,1.2179928,-1.2891953,69.785847,-73.86545,1.9907962,394.94024,18.241232,1.3529462,0.93685675,-0.47843599,11.945844,0.16725,0.079323,0.007451,0.021904,20.321579,0.40776,654.00803,202.997604,0.0839017,19.7717024,1.4664607
14007,63249.2959,1642057587.9,6.0938112,0.84661628,349.149663,48.50754,2.9046297,953.80972,3.9567845,1.3036642,0.57708061,-0.49086085,11.964294,0.16091,0.140031,0.020264,0.04736,35.60545,0.972055,581.436823,197.655215,0.1895871,4.7069398,1.5508221
14025,61276.7773,1471631978.08,1.3920024,-0.45123081,79.755863,-25.853621,2.0044218,117.62296,10.386548,1.4531629,0.93027043,-0.050293077,11.89549,0.1804,0.207895,0.044496,0.049859,27.553751,0.420163,447.453846,150.532207,0.0260317,10.6569275,1.4909912
14041,62596.5612,1585661304.14,0.81830572,-0.00029369397,46.885464,-0.016827,2.4024072,829.54608,15.907069,1.3932222,0.96802145,0.36860606,11.927419,0.17249,0.206904,0.063796,0.043614,51.734293,0.739018,713.561511,227.960069,0.1671021,18.5651736,1.6260326
14058,63101.0371,1629248022.57,0.57907617,-0.23448146,33.178621,-13.434798,0.81918179,548.03287,15.397959,1.4873143,0.98081452,0.42027888,11.875102,0.18496,0.243133,0.061709,0.055292,67.682893,0.682819,611.394591,144.84009,0.1141149,17.1550956,1.657039
14079,62237.4751,1554636266.13,5.4275135,-0.021524896,310.973617,-1.233286,2.6300564,314.00637,3.6511497,1.1428571,0.12610666,-0.031172577,12.011619,0.1405,0.055104,0.018697,0.013994,61.625824,0.871994,307.823149,104.701541,0.0674644,3.8974723,1.2199593
14092,64039.5784,1710337994.38,5.5031269,-0.40882116,315.305945,-23.423727,2.4273044,395.73438,4.991775,1.1150428,-0.01270636,0.22260782,12.017922,0.13701,0.004149,0.002058,0.000676,25.475132,0.75556,493.038095,156.199844,0.0840614,5.4113906,1.2087749
14143,62837.4587,1606474848.97,2.96697,1.1410471,169.994859,65.377183,0.5227593,621.34352,18.769302,1.5638382,0.97187179,-0.21617086,11.820844,0.19536,0.100226,0.000528,0.030385,68.331345,0.866445,839.078651,314.160076,0.1282131,21.1757724,1.7643427
14154,64437.416,1744711162.64,3.4343316,0.88826391,196.772706,50.893773,1.2644827,323.74025,16.690535,1.2792215,0.98770422,-0.027267352,11.972938,0.15778,0.340147,0.132094,0.063407,41.645164,0.301546,482.997932,119.681305,0.0694596,17.8498529,1.3680757
14192,61871.1218,1522983340.79,1.0826589,1.0711226,62.031786,61.370804,0.48486247,377.68845,15.030136,1.0897242,0.8966676,0.29652208,12.023307,0.13384,0.150885,0.081053,0.021283,62.017588,0.884739,656.825905,245.177754,0.0804264,16.2389557,1.1773668
14241,61481.9517,1489359049.01,2.0774606,-0.53719125,119.029724,-30.778791,1.3988681,257.74413,9.7586126,1.3384417,0.94352609,-0.49002439,11.951204,0.16538,0.291348,0.07602,0.065689,30.218347,0.171082,968.586519,330.220178,0.0558292,10.3034281,1.4131658
14244,61281.3221,1472024650.5,3.7840401,0.14576889,216.809527,8.351942,0.49453164,132.58962,4.7474351,1.3160875,0.52455246,-0.14325719,11.959733,0.1625,0.085548,0.015083,0.02524,67.541925,0.880191,128.483936,19.702754,0.0292741,4.886412,1.3546148
14319,62649.7494,1590256764.71,0.56654341,-0.33764991,32.460546,-19.345915,2.280634,425.59898,4.8722758,1.349587,0.8613804,-0.12202656,11.94774,0.16681,0.289491,0.039702,0.089429,67.72234,0.651711,499.020729,184.779223,0.0900411,5.3109809,1.4711053
14389,62501.9424,1577486238.49,1.3951241,-0.32536485,79.934723,-18.642033,0.78803073,463.535,5.8027563,1.4283478,0.62811756,-0.060674835,11.909932,0.1771,0.065558,0.004762,0.02044,40.393,0.705243,601.529554,169.280802,0.0975746,6.3689579,1.5677183
14397,64261.8759,1729544491.74,2.1102209,0.38838354,120.906751,22.252738,1.005188,346.27233,7.3740544,1.4543284,0.70438236,0.36955088,11.89474,0.18055,0.052472,0.000232,0.016338,43.532991,0.53593,536.960735,161.634795,0.0740586,7.9201665,1.5620339
14418,62919.1934,1613536726.79,6.0041613,-0.24997836,344.013102,-14.322705,2.598872,505.39975,17.953924,1.210332,0.96209884,0.10310453,11.993594,0.14902,0.207423,0.094305,0.034474,65.272245,0.856307,464.074852,98.667595,0.1058098,19.8536251,1.338397
14438,63251.8088,1642274700.07,4.2363711,-0.091794439,242.726184,-5.259434,0.5062529,986.60672,5.5715876,1.4711882,0.80026066,-0.39117217,11.885026,0.1828,0.172651,0.018282,0.053801,33.087695,0.874568,1089.582889,303.499689,0.1954394,6.6604953,1.7587163
14526,62711.1864,1595564924.19,5.7553632,-0.98723658,329.758021,-56.564489,2.1462212,242.38638,5.9921417,1.2762365,0.45979455,-0.040979683,11.973963,0.1574,0.034384,0.006955,0.008732,64.757868,0.544191,293.088388,72.216109,0.0526219,6.3074596,1.3433945
14540,62202.805,1551640769.6,4.6753952,-0.5696882,267.880413,-32.640729,2.0304452,145.46948,2.6293035,1.0633531,0.31494629,0.16015539,12.028665,0.13055,0.161719,0.032173,0.056082,58.988493,0.443633,157.948242,57.810891,0.0320525,2.7135793,1.0974362
14579,61337.2617,1476857826.82,4.2931896,-0.7127087,245.981645,-40.835201,0.5557565,628.54686,5.7061348,1.3662708,0.49107483,-0.48536417,11.939112,0.16899,0.031744,0.000207,0.01047,72.613864,0.849502,643.884122,174.434605,0.1295863,6.4455717,1.5433208
14686,61727.5737,1510580783.39,1.8648873,-0.74588299,106.850172,-42.735947,2.642361,131.18206,2.6352489,1.1643846,-0.43139064,0.27600348,12.006447,0.14321,0.00701,0.003064,0.001754,57.195207,0.877951,124.016343,15.819919,0.0289698,2.7115915,1.1981166
14692,61092.3914,1455701033.76,5.9185375,-1.131564,339.10722,-64.833841,2.2193242,270.37781,4.8149042,1.0865754,0.88309032,-0.47538844,12.024034,0.13345,0.366239,0.08369,0.091617,58.003625,0.604014,343.569755,117.488422,0.0584574,5.096371,1.1500938
14726,62618.0331,1587516479.19,0.71050003,0.68042346,40.708653,38.985393,2.1711895,714.32173,10.035851,1.3809592,0.87922734,0.24079743,11.932482,0.1709,0.153454,0.03811,0.035189,35.456519,0.564967,830.232799,230.436459,0.1457805,11.4988824,1.5822761
14745,62636.9746,1589153022.92,6.0163921,0.36365817,344.713875,20.836078,2.0353886,271.19674,15.232125,1.1387626,0.95021582,0.32761383,12.012795,0.13999,0.248651,0.120415,0.039082,20.626138,0.448058,366.480116,92.404943,0.0586275,16.1251464,1.2055254
14749,61625.5934,1501769691.88,4.1335271,-1.4848907,236.833657,-85.07797,1.1156845,542.95438,11.166646,1.1735311,0.78672886,0.15487942,12.004122,0.14437,0.085825,0.035784,0.015252,53.872436,0.439563,881.247622,278.784382,0.1131298,12.4299264,1.3062924
14756,61342.0058,1477267715.59,5.8601828,1.0373978,335.763742,59.438516,2.3516746,205.71406,5.1471386,1.1513193,0.40402374,0.091125019,12.009117,0.14157,0.072314,0.026979,0.014654,44.87672,0.703904,222.773372,53.149865,0.0449068,5.3782801,1.2030214
14767,62827.4433,1605609520.92,5.9571648,-0.63263547,341.320401,-36.247342,0.76240127,692.2814,18.769321,1.2752416,0.94628608,-0.32929945,11.974305,0.15727,0.117787,0.037532,0.024459,16.201517,0.72318,787.185245,220.582756,0.1416465,21.4279296,1.4558751
14803,64499.1979,1750049117.26,5.3875542,-0.13374286,308.684118,-7.662901,0.2105176,478.50464,3.9438105,1.1554151,-0.083636515,0.29061434,12.008094,0.14209,0.010984,0.005931,0.001869,48.485785,0.977923,587.948875,199.597103,0.1005285,4.3402759,1.2715672
14812,62781.4795,1601638250.51,1.829212,-0.085018212,104.806127,-4.871185,2.624601,712.1432,14.538455,1.6633976,0.96854788,0.3364968,11.728783,0.20943,0.135292,0.007232,0.039033,40.626598,0.86931,946.130254,319.047737,0.1453727,16.6519495,1.9052102
14833,63550.5325,1668084427.87,1.9880544,-1.1644272,113.907127,-66.716764,1.1978185,242.18794,3.4908807,1.5687172,0.93985647,0.36646596,11.817166,0.19603,0.368555,0.009276,0.160465,15.040135,0.36439,383.249811,91.120466,0.0525804,3.6744326,1.651201
14844,62842.2667,1606890263.61,5.7524855,0.80900588,329.593141,46.352623,2.2324476,372.9624,5.5599494,1.3830283,0.76594859,-0.11193498,11.931295,0.17118,0.171724,0.026516,0.049068,61.270475,0.614421,626.973791,221.087474,0.0794718,6.0018086,1.49294
14845,63210.5277,1638708008.19,0.18021227,0.48593058,10.325402,27.841771,2.2353632,224.98452,7.1050596,1.3448611,0.93773466,-0.08181937,11.949618,0.1662,0.340583,0.066124,0.085258,69.39526,0.616718,281.07686,61.025534,0.048971,7.4530015,1.4107203
14872,62376.8326,1566676750.95,0.20177238,-0.89741953,11.560706,-51.418352,2.3995024,691.10716,14.935102,1.2925276,0.97492009,0.44985825,11.968288,0.15948,0.293954,0.107364,0.056866,27.442807,0.737058,625.560533,173.239408,0.1414257,17.0473093,1.4753242
14881,63285.109,1645151839.8,0.507925,-0.049704023,29.101959,-2.847831,0.065414052,266.56569,6.5898213,1.5896914,0.92413151,-0.093223751,11.7994,0.19895,0.254173,0.021746,0.077421,22.459718,0.997861,203.563967,48.6627,0.0576654,6.969826,1.6813616
14910,62451.65,1573140973.85,1.9158736,0.80572215,109.771471,46.164479,1.5379781,267.18275,5.571919,1.4145308,0.83421928,0.39428139,11.916646,0.17529,0.222113,0.030277,0.065484,48.850398,0.032812,878.758086,283.912846,0.0577936,5.8939403,1.4962816
14932,62924.9046,1614030173.53,0.4992524,0.49527506,28.605055,28.377171,2.7029743,331.34254,6.4008422,1.5870397,0.81250602,-0.32833251,11.801547,0.19859,0.11903,0.003064,0.039125,70.524376,0.905339,250.448997,58.222043,0.0710143,6.8553935,1.6997422
14937,63312.5816,1647525471.61,4.9780022,0.46676106,285.218516,26.743439,1.758233,597.92294,19.9424,1.2312624,0.93186206,0.34763265,11.993695,0.1516,0.076717,0.011128,0.019989,71.552018,0.186341,973.981266,349.051931,0.1237336,22.4099449,1.3836109
14950,61173.5641,1462714358.38,0.25488757,0.85278948,14.603982,48.861238,3.0425383,373.0692,3.7538416,1.2636936,0.43401921,-0.28233176,11.978208,0.15579,0.10213,0.017529,0.033836,26.463635,0.995098,276.215371,76.950132,0.0794933,4.0522469,1.3641488
14965,62993.3813,1619946563.81,4.7748938,0.16012525,273.581262,9.174501,0.93174228,364.34544,10.591239,1.1187284,0.7007547,-0.064346656,12.016904,0.13748,0.054421,0.02366,0.009375,21.602591,0.596436,773.121756,253.603383,0.0777281,11.4144759,1.205685
14970,61638.7711,1502908242.54,1.0477676,-0.74573276,60.032661,-42.72734,0.34033875,353.31533,13.147723,1.4574543,0.94833362,-0.41842651,11.892626,0.18097,0.180861,0.042751,0.042094,16.499754,0.942642,270.729023,62.323148,0.0754906,14.1402525,1.5674784
15021,62405.7954,1569179143.87,1.4344484,-0.95327351,82.187839,-54.618549,2.5925719,570.15918,13.785822,1.3964949,0.87991947,-0.45116398,11.926483,0.17291,0.059733,0.000698,0.017992,59.272701,0.853036,492.053433,118.340436,0.1183939,15.4179792,1.5618314
15204,62233.0546,1554254335.6,4.8652818,0.18492206,278.760113,10.595254,2.9313692,322.35915,8.2746897,1.2263523,0.87447333,0.086446024,11.997104,0.15095,0.243115,0.073561,0.051788,48.25994,0.977984,243.332724,60.694756,0.0691768,8.8471063,1.3111874
15218,61305.8554,1474144323.42,3.9913612,0.79305179,228.688151,45.438521,1.5213962,52.758294,13.724695,1.4997069,0.91706491,0.26783514,11.866764,0.18663,0.084079,0.004292,0.024318,39.250302,0.04938,105.234058,23.542011,0.0118007,13.886656,1.5174045
15274,62478.7138,1575479288.17,3.2251033,0.14541029,184.784808,8.331396,0.91028727,151.48562,11.361279,1.0576715,0.79899687,-0.36922035,12.029691,0.12984,0.125026,0.068512,0.017224,15.583763,0.613519,216.353582,46.231294,0.0333466,11.740139,1.0929412
15280,61952.6426,1530026742.47,1.1988338,-1.0662181,68.688117,-61.089797,2.8517067,363.53998,10.029787,1.1425781,0.70474225,-0.31540895,12.011702,0.14047,0.063914,0.02786,0.010989,35.994643,0.958276,309.123921,64.570287,0.077565,10.8077474,1.2312022
15305,62338.4183,1563357762.15,3.4670238,0.17126229,198.645831,9.812606,1.0645075,231.41657,11.267502,1.3502457,0.93466759,-0.12016028,11.94739,0.16689,0.229695,0.066105,0.049867,35.164138,0.484935,340.825372,68.775636,0.0503225,11.8345109,1.4181934
15339,64480.0579,1748395416.97,4.4385775,0.69245571,254.311758,39.67479,2.597309,968.39082,5.7551441,1.30739,0.92416269,0.17117755,11.962938,0.16139,0.356871,0.061174,0.096111,30.733676,0.855498,929.915696,292.517212,0.192193,6.8612425,1.5586612
15350,62500.3407,1577347857.46,4.2779564,-1.0412951,245.108847,-59.661814,0.16154065,597.56659,5.1840491,1.4810244,0.77118737,-0.053240333,11.879632,0.1841,0.158478,0.013737,0.052758,42.945191,0.986981,466.323893,133.676614,0.1236653,5.8251361,1.6641757
15353,61754.9949,1512949980.4,5.1038399,0.36666166,292.428486,21.008166,0.30489259,677.7537,5.7564297,1.1799817,0.80856752,-0.24275471,12.002105,0.14518,0.256291,0.064298,0.060529,47.752872,0.953879,721.253627,241.94285,0.1389115,6.556064,1.3438947
15360,64364.4992,1738411151.74,1.3631279,-0.14606067,78.101476,-8.36866,0.99720178,724.44213,12.259597,1.1689672,0.81020689,-0.24582483,12.005424,0.14379,0.082022,0.033628,0.014749,30.675081,0.542655,998.679548,345.37054,0.1476725,14.0700023,1.3415915
15382,61798.2215,1516684754.4,1.5205761,-1.1918524,87.122593,-68.288112,2.7502078,566.65669,6.4945111,1.5447999,0.8998161,0.042472526,11.834475,0.19276,0.23222,0.023254,0.069177,73.187499,0.924382,549.656911,172.389334,0.1177179,7.2590313,1.7266505
15387,61127.9418,1458772588.4,4.5507136,-0.33276607,260.736683,-19.066091,2.6354373,899.16174,8.121356,1.3202705,0.72128814,0.31949222,11.958166,0.16304,0.077359,0.018657,0.017986,18.218507,0.874615,819.587092,266.584736,0.1797608,9.5812575,1.5576034
15420,61930.9369,1528151369.1,2.9453487,0.84860381,168.75605,48.621417,0.55509684,707.41851,12.376341,1.4168187,0.95587236,-0.24238968,11.915511,0.17559,0.235847,0.06205,0.052974,21.877796,0.849849,556.377488,156.709907,0.1444876,14.1645688,1.6215314
15436,61654.5392,1504270605.35,3.819192,0.88823076,218.823583,50.891874,2.5928862,330.13347,18.578974,1.0761887,0.91609079,0.35573912,12.02567,0.13215,0.118441,0.060581,0.017634,40.961291,0.8532,408.388832,135.002203,0.0707672,19.893756,1.1523476
15442,61940.7091,1528995685.21,2.3196412,-0.32989282,132.905651,-18.901466,0.095297411,462.55817,5.1949649,1.1281738,0.13283734,0.089852408,12.014955,0.13866,0.014568,0.008089,0.002074,33.235476,0.995463,379.551554,100.712913,0.0973814,5.7008579,1.2380369
15491,62431.5172,1571401507.92,2.864651,0.44399788,164.132412,25.439205,1.1820445,329.92224,10.212515,1.4197147,0.94173354,-0.40541339,11.913665,0.17598,0.249764,0.05762,0.058626,22.185683,0.379034,496.950222,103.716296,0.0707241,10.9347859,1.5201227
15521,63110.8764,1630098142.94,0.081753335,-1.3762699,4.684121,-78.854457,1.4580538,207.38294,9.6323137,1.5524137,0.93165618,0.16421969,11.829979,0.19379,0.196336,0.028434,0.051425,63.05313,0.112504,1287.093068,488.182982,0.0452597,10.0682693,1.6226755
15525,63526.7177,1666026829.94,4.4004883,0.77243464,252.129407,44.257245,0.80219785,163.16386,11.420854,1.3332901,0.9695217,-0.17385562,11.953179,0.16472,0.33178,0.095038,0.072161,57.624335,0.695128,191.764806,31.571652,0.0358519,11.8303133,1.3810911
15536,62601.9335,1586125469.78,5.1726303,-0.81989135,296.369885,-46.976314,2.6564614,925.94306,6.2497578,1.6201538,0.92062861,0.12114786,11.771815,0.20324,0.247147,0.016048,0.079749,20.733411,0.884614,950.613071,277.017622,0.1845882,7.4033893,1.9192151
15550,63756.5377,1685883274.07,5.1525445,-0.49714097,295.219054,-28.484079,0.32953985,574.68697,7.1265807,1.1296715,0.45612156,0.39940834,12.014719,0.13885,0.03537,0.016537,0.005764,48.84712,0.946191,644.049863,216.24431,0.1192669,7.9765459,1.2644039
15574,64079.4159,1713779948.26,5.2645345,-0.11305566,301.635608,-6.477612,0.4427773,591.6651,17.248795,1.4012731,0.96746373,-0.10798481,11.92333,0.17355,0.173094,0.05086,0.037253,64.851754,0.903565,452.336448,117.994617,0.1225329,19.3623399,1.5729752
15595,62664.3494,1591518205.0,4.7867463,-0.10516415,274.260361,-6.025462,1.0832007,326.44706,3.1346743,1.4470925,0.63435119,0.20329186,11.899679,0.17958,0.154097,0.003951,0.067499,19.318033,0.468503,575.204942,186.65087,0.0700135,3.3541438,1.5484085
15603,64374.8788,1739307946.08,0.3747735,0.27367354,21.47294,15.680339,2.4370598,469.86087,5.1658235,1.6183414,0.83194137,0.21140125,11.773716,0.20298,0.166919,0.002566,0.063205,33.923452,0.761914,741.814834,296.790302,0.0988241,5.6763314,1.7782725
15609,63878.5472,1696424897.54,5.455922,-0.39572029,312.601304,-22.673102,0.89423025,901.72939,8.933486,1.5063089,0.8285076,0.17668748,11.863298,0.1875,0.085376,0.005902,0.024401,67.035133,0.626119,1195.169779,359.513384,0.1802246,10.5435199,1.7777828
15615,61862.7823,1522262810.79,1.0086755,-0.98146915,57.792849,-56.23404,1.1394646,787.14736,6.884697,1.6065698,0.96410805,-0.47394919,11.78443,0.20132,0.330794,0.030218,0.098713,50.622275,0.418081,1103.910503,342.670222,0.1593116,7.9815091,1.862515
15658,64383.0499,1740013926.62,4.9352594,-0.1719008,282.769534,-9.84919,2.8467519,301.99344,7.9408503,1.1489292,0.61101723,-0.33590758,12.009795,0.14127,0.066969,0.029332,0.011491,48.179526,0.956848,278.917306,80.792255,0.0649949,8.4569651,1.2236037
15671,62128.651,1545233861.92,3.4028476,-0.77666042,194.968806,-44.499364,1.0831979,386.26106,13.296995,1.4516668,0.94119608,0.29863945,11.896454,0.1802,0.160662,0.03723,0.03762,57.063566,0.468506,577.459679,124.976107,0.0821552,14.3894123,1.5709288
15672,61201.673,1465142964.19,5.0511532,-0.49984391,289.40976,-28.638946,2.0375103,363.3841,15.068704,1.4586071,0.93381637,0.05996437,11.89183,0.18113,0.10093,0.014114,0.026459,24.879107,0.449954,461.565531,117.73493,0.0775334,16.2370319,1.5716979
15712,63609.0949,1673144220.89,2.6790431,-0.99598179,153.497863,-57.065553,0.78764818,213.75275,3.0626206,1.4508783,0.89605707,-0.30465731,11.896973,0.18009,0.348093,0.014146,0.151001,67.040977,0.705514,200.987272,56.03361,0.0466049,3.2053537,1.5184963
15776,61273.8278,1471377139.82,3.0735069,0.61640108,176.098974,35.31718,1.6933828,106.16321,5.4921722,1.3983765,0.74699837,-0.44647026,11.925493,0.17316,0.155262,0.022296,0.045457,59.097079,0.12228,238.218442,76.236408,0.0235388,5.6214513,1.4312926
15793,61740.4318,1511691727.44,5.7039369,-0.86021288,326.811511,-49.286568,2.6746718,923.78232,6.9614711,1.4433458,0.92330396,0.29179931,11.901954,0.17908,0.289608,0.044927,0.077348,66.881044,0.892959,719.864601,206.701123,0.1841996,8.2437713,1.7092095
15846,63881.0482,1696640981.95,0.014689805,0.30225455,0.841664,17.31791,2.369214,602.24395,6.6782284,1.5583895,0.96410805,-0.47394919,11.824013,0.19463,0.351365,0.036698,0.103341,36.269193,0.716253,766.694421,275.864656,0.1245618,7.5100806,1.7525053
15872,61977.24,1532151955.12,0.043500662,-0.88364202,2.492404,-50.628958,0.81593577,598.90215,19.372246,1.2363076,0.95574355,-0.011832808,11.987436,0.1523,0.147936,0.059397,0.026984,73.411588,0.685187,705.910966,188.592372,0.1239214,21.7728818,1.3895126
15884,61692.0669,1507512995.99,0.64937883,0.5651354,37.206666,32.379873,0.60194452,455.91344,8.5043612,1.1105309,0.92768234,0.10487366,12.01904,0.13645,0.347109,0.118925,0.069582,43.804937,0.824236,547.320194,149.492706,0.0960666,9.3213463,1.2172158
15893,64093.7142,1715015325.95,2.9440335,0.78636932,168.680694,45.055643,2.3790688,289.47906,8.7598715,1.7945735,0.96550649,0.32573596,11.557346,0.2293,0.211676,0.002911,0.065808,16.824055,0.723095,328.191829,70.491098,0.0624139,9.3066092,1.9065798
15904,61651.699,1504025212.89,3.8888159,0.25095118,222.812738,14.378443,2.921302,397.73297,3.1986225,1.5084184,0.76788682,-0.30978459,11.861444,0.1878,0.213585,0.003439,0.094928,36.346234,0.975834,287.454119,95.210947,0.0844629,3.4687874,1.6358238
15905,61055.7932,1452538951.16,5.0875232,-0.032564859,291.493608,-1.865829,1.015311,388.89465,8.6054077,1.163607,0.53314489,0.46567494,12.006591,0.14312,0.018909,0.001215,0.005397,56.745117,0.527356,791.069902,277.645731,0.0826856,9.316951,1.2598205
15937,64126.751,1717869704.04,0.84303988,0.9662024,48.302627,55.35932,2.449292,823.12335,14.86723,1.4264185,0.98320711,-0.00066089851,11.910374,0.17686,0.291908,0.083746,0.063441,72.78782,0.76978,843.330731,274.88286,0.165926,17.33409,1.6630984
15957,61762.8572,1513629279.49,4.3900802,0.34234837,251.533067,19.615117,0.24804294,670.2469,4.0383801,1.320002,0.48278314,-0.11876827,11.958267,0.16301,0.093424,0.013243,0.031571,73.168696,0.969395,619.592703,220.48648,0.1374951,4.5936376,1.5014958
15967,61987.6761,1533053635.73,5.6182758,0.32360969,321.903491,18.541469,0.95722826,397.92081,11.517673,1.1246325,0.78801471,0.24605836,12.015544,0.13822,0.092106,0.043826,0.014714,45.39096,0.575788,726.200412,316.696037,0.0845006,12.4909233,1.2196646
16015,63329.8951,1649021354.72,0.90565833,-0.96295861,51.8904,-55.173464,2.1217867,57.826302,7.6302996,1.0649825,0.63998657,-0.28001869,12.028282,0.13075,0.112711,0.055106,0.017577,54.463342,0.523531,99.20634,22.957401,0.0129234,7.728909,1.0787457
16051,63866.7856,1695408695.8,5.0753319,-0.092426904,290.795097,-5.295672,1.3028239,525.32826,12.356422,1.5223509,0.95923322,-0.21529338,11.852115,0.18968,0.20877,0.041267,0.051064,46.927665,0.264777,869.379779,246.54927,0.109702,13.7119462,1.6893558
16065,64465.4633,1747134444.91,1.3156794,-0.3099296,75.382877,-17.757658,0.56538029,350.10283,2.4966538,1.0769695,0.47342449,-0.1828306,12.025542,0.13225,0.211003,0.033333,0.078485,40.715771,0.844385,405.868098,103.738062,0.0748378,2.6834979,1.1575675
16068,63806.304,1690183082.05,4.6723978,0.095973048,267.708674,5.498851,2.0757814,528.63996,7.1906271,1.3121744,0.79837781,-0.32594359,11.961185,0.162,0.167135,0.040582,0.039127,62.107148,0.483794,978.944782,287.316674,0.1103471,7.9840919,1.456969
16074,61502.2221,1491110410.51,4.0150497,-0.17707311,230.045402,-10.145542,2.5719208,384.83849,3.3200445,1.3936327,0.3838155,0.48256087,11.927331,0.17255,0.065127,0.000902,0.028143,17.360656,0.842078,406.013451,146.017514,0.0818686,3.5918519,1.5077275
16086,62044.0988,1537928551.99,1.4533512,-1.3302146,83.27089,-76.215682,0.52096204,378.5705,5.3603187,1.1399616,0.49828637,0.29912153,12.012463,0.14014,0.101157,0.036022,0.020727,60.960233,0.867341,325.639055,89.651915,0.0806045,5.7923845,1.2318476
16094,62342.9638,1563750487.69,0.76057066,1.2593904,43.577489,72.157755,2.200675,264.68232,4.6409669,1.3011508,0.55105388,-0.21541512,11.965204,0.16059,0.104352,0.019149,0.030718,74.306159,0.589047,492.120888,183.879207,0.0572737,4.9067722,1.3756725
16139,62998.1713,1620360421.57,3.5766496,0.51825015,204.926927,29.693546,2.6541746,435.92439,3.5247197,1.477451,0.70752859,-0.22550347,11.881864,0.18362,0.172345,0.005772,0.072959,22.223776,0.883545,378.31927,108.853411,0.0920984,3.8493407,1.6135219
16149,62150.3866,1547111820.54,5.5821794,1.3160705,319.83532,75.405285,0.89209388,66.27804,10.403463,1.3500248,0.98290628,0.46891576,11.947509,0.16686,0.404835,0.101475,0.092502,44.99981,0.627784,82.944443,11.601783,0.0147914,10.5573448,1.3699936
16158,63048.1485,1624678445.31,4.6498043,-0.4075097,266.414162,-23.348586,2.1705613,497.11593,12.313152,1.2845063,0.90176427,0.43129382,11.971109,0.15845,0.160165,0.055668,0.031848,26.728547,0.564448,1139.283734,409.520809,0.1041867,13.5960187,1.4183348
16219,62501.1009,1577413539.11,5.5061777,-0.66750326,315.480743,-38.24512,1.540496,165.08085,18.009295,1.1517655,0.9726128,0.050719507,12.008995,0.14163,0.271031,0.135692,0.041247,44.229329,0.030296,286.003564,74.787733,0.0362623,18.6623535,1.1935312
16272,64178.1888,1722313929.42,4.4786335,-0.77720796,256.606798,-44.530736,2.2287442,560.36722,11.200503,1.1770892,0.78672886,0.15487942,12.003011,0.14482,0.084015,0.034523,0.015084,52.524197,0.611494,554.651857,183.64429,0.1165028,12.505393,1.3142234
16302,63620.5359,1674132716.03,5.5159967,-0.77171658,316.043331,-44.216103,2.7015672,503.38737,17.40064,1.5042429,0.96641797,-0.09101402,11.864597,0.18723,0.127657,0.019956,0.032824,47.74825,0.904741,442.935856,76.429573,0.1054158,19.2349424,1.6628139
16314,63018.0621,1622078986.79,6.2693724,1.2162667,359.208579,69.686949,2.2869915,303.76604,8.1680498,1.3036093,0.87592691,-0.090371601,11.964314,0.1609,0.225192,0.05836,0.051075,55.863397,0.656519,448.990877,154.593505,0.0653598,8.7019119,1.3888129
16317,61271.904,1471210922.6,5.3705733,0.27085115,307.711184,15.518628,2.13586,468.46534,7.9301925,1.1902366,0.85962671,-0.18368015,11.999397,0.14648,0.24351,0.076748,0.05095,25.809341,0.53547,631.67915,191.785525,0.0985486,8.7117019,1.3075328
16345,62700.9599,1594681357.19,3.4146269,0.60779487,195.64371,34.824081,0.55839854,937.50725,15.712371,1.5104059,0.96079183,-0.25722778,11.85947,0.18807,0.140848,0.025033,0.035297,72.256391,0.848105,937.482796,469.340035,0.1866656,18.6453302,1.7923467
16367,64354.5491,1737551459.07,4.9615189,0.6593358,284.274093,37.777159,2.4909472,895.02151,5.7343111,1.432122,0.81413651,0.0640283,11.907964,0.1776,0.192118,0.025493,0.056415,67.30651,0.795693,905.659675,305.578981,0.1790124,6.7608239,1.6884896
16392,62157.3407,1547712657.02,0.6219369,-1.3532209,35.634359,-77.533846,1.3542563,172.92554,14.449648,1.0926917,0.87480903,-0.4872942,12.022527,0.13422,0.128889,0.067913,0.018583,53.878069,0.214852,518.738795,153.241638,0.0379393,14.9978575,1.1341477
16430,61208.3063,1465716080.23,1.8154603,-0.73007544,104.018213,-41.830241,1.9870392,129.01906,10.430185,1.5240041,0.92010409,-0.45767862,11.85085,0.18991,0.161597,0.025578,0.041533,72.4914,0.404327,196.76191,46.734593,0.0285019,10.7274651,1.5674411
16453,64202.3249,1724399288.57,0.53599861,-0.57540698,30.710458,-32.968391,1.3633415,295.58333,11.06691,1.2151732,0.88713211,-0.22038148,11.99174,0.14964,0.189768,0.072437,0.035761,67.266724,0.20597,861.221427,309.29494,0.0636739,11.7715833,1.292548
16504,62592.8943,1585344486.56,3.8851519,-0.06781663,222.602807,-3.885607,2.8512109,613.54994,15.165397,1.322575,0.94803566,-0.48238611,11.957307,0.16334,0.181106,0.062639,0.036105,63.568055,0.958135,469.754096,120.927885,0.126725,17.0872319,1.4901783
16573,64266.1969,1729917828.17,4.9473687,1.0876521,283.463346,62.317875,0.33853739,764.53046,3.5047395,1.2117999,0.6189484,-0.33383328,11.992833,0.14921,0.201271,0.031769,0.068717,20.024816,0.943241,470.901799,164.61429,0.15513,4.0484297,1.3997864
16604,63373.3547,1652776263.44,4.4807784,1.1024437,256.729691,63.165371,2.3781471,620.39168,12.315166,1.6632333,0.95984799,-0.28917101,11.728938,0.20941,0.157346,0.012386,0.044216,50.885988,0.722458,800.240096,221.633118,0.1280315,13.8918952,1.8761796
16609,63049.7712,1624818651.17,4.2532256,0.55635304,243.691876,31.876681,2.4237445,797.57242,17.74478,1.2091715,0.97720021,0.45790979,11.994231,0.14887,0.278617,0.126461,0.046372,47.833075,0.753223,774.058711,226.793696,0.161233,20.6058241,1.4041298
16631,61761.7452,1513533207.38,4.0440817,-1.2589483,231.708813,-72.132424,0.81923355,199.69799,2.5852852,1.1777594,-0.30365783,0.45402172,12.0028,0.1449,0.016536,0.004622,0.005339,28.788981,0.682781,205.333936,44.327207,0.0436334,2.69809,1.229149
16676,61758.6699,1513267496.83,2.1566056,0.62561185,123.564399,35.844919,2.5811414,908.60501,15.285634,1.5532556,0.94749081,0.10196702,11.829155,0.19391,0.096193,0.003362,0.028293,58.036113,0.847015,906.002208,237.304215,0.1814656,18.0594507,1.8351181
16700,63190.0079,1636935096.72,5.0396134,-0.89415673,288.748578,-51.231407,2.4666125,352.11231,11.978883,1.407733,0.88510722,0.066094846,11.919233,0.17441,0.103118,0.020952,0.025045,72.849681,0.780719,517.503187,209.434737,0.0752462,12.8802484,1.5136596
16706,63830.8382,1692302836.79,0.35593236,-0.39581441,20.393422,-22.678495,2.5110903,232.81609,12.527304,1.1349788,0.8718732,0.18179071,12.013737,0.13951,0.156083,0.074219,0.024949,42.409499,0.807731,620.08071,197.210949,0.0506163,13.1613898,1.1924272
16721,62070.0275,1540168794.75,2.3668548,-0.31931902,135.610791,-18.295632,1.962872,393.46013,15.074375,1.0929316,0.8966676,0.29652208,12.022463,0.13425,0.148841,0.079453,0.021147,17.91333,0.382107,622.668991,167.931292,0.0836042,16.3346561,1.1843053
16741,62654.935,1590704797.88,4.1552452,-1.5414466,238.078013,-88.318385,0.87084302,130.08075,15.241079,1.6571898,0.96578509,-0.26425898,11.7356,0.20853,0.11263,0.000179,0.034273,46.007179,0.644182,154.492747,21.987759,0.0287316,15.6789796,1.7048035
16748,61447.8225,1486410279.51,2.8507512,-0.70547253,163.336012,-40.420599,2.4765156,503.18432,4.5722237,1.4112644,0.95715195,-0.097739033,11.91793,0.17487,0.416443,0.040848,0.143222,74.55366,0.786869,531.06417,135.26531,0.105376,5.0540263,1.5599778
16795,62873.4143,1609581415.05,3.1562338,-0.93868386,180.838876,-53.782623,0.52983099,415.37909,4.8453827,1.4847959,0.67672217,-0.10585701,11.876891,0.18461,0.105772,0.005149,0.03821,52.528723,0.862892,491.947061,153.823427,0.0879998,5.2717754,1.6154576
16808,62265.3916,1557048250.87,5.6881239,-0.2307287,325.905493,-13.219781,0.81479982,459.57883,12.737372,1.3739756,0.98186016,-0.19094361,11.936129,0.16999,0.346556,0.098436,0.075622,59.003892,0.686014,532.310984,131.888946,0.0967921,13.970249,1.5069656
16858,64272.7269,1730482021.62,1.0032995,-0.239743,57.484827,-13.736262,1.6343281,388.74869,13.035309,1.3008118,0.94396943,-0.48686019,11.965326,0.16054,0.226125,0.077693,0.045238,55.967678,0.063489,811.085972,267.776007,0.0826562,14.1127581,1.408332
16871,61059.3374,1452845170.07,4.9939779,0.25572911,286.133857,14.652199,0.61298882,341.98241,5.8329768,1.0819943,0.2860637,-0.19808517,12.024808,0.13288,0.035374,0.020681,0.004552,63.493384,0.817932,374.370533,122.069459,0.0731851,6.2598638,1.1611802
16886,61199.99,1464997551.86,0.21433865,0.29326481,12.2807,16.802836,1.3758621,107.34549,5.3610616,1.2205378,0.84295362,0.27226907,11.993803,0.15028,0.289064,0.060114,0.074476,29.094924,0.193702,118.177821,35.430775,0.0237964,5.4886356,1.2495822
16938,63028.9164,1623016793.98,3.375997,0.29019221,193.43038,16.626789,2.6812244,851.97214,3.2729702,1.3805175,0.74309129,0.42819294,11.932739,0.17085,0.232522,0.016204,0.094929,15.005992,0.895889,692.534428,229.767399,0.1711977,3.8332952,1.6168589
16981,62595.2693,1585549687.15,1.9994957,0.3509253,114.562665,20.106539,0.57699787,486.45259,2.6562223,1.1988621,0.15083604,0.19560471,11.997774,0.14756,0.081993,0.012884,0.0309,71.702052,0.838104,448.74939,157.764018,0.1020927,2.9274032,1.3212572
17018,62263.808,1556911431.39,1.4316926,0.32126973,82.029944,18.4074,0.97476737,536.72675,4.1484661,1.2468966,0.58022881,-0.46306175,11.983853,0.15365,0.150519,0.02805,0.045987,26.738247,0.561361,830.867291,245.600568,0.1119203,4.6127637,1.3864496
17033,61062.1046,1453084259.58,3.6423573,0.39686459,208.691701,22.738666,2.7490377,399.1531,8.286767,1.187096,0.82043391,-0.24427992,12.000096,0.14608,0.191559,0.066384,0.038208,73.345209,0.923935,328.299001,93.061055,0.0847481,8.9890548,1.2877001
17037,61582.0823,1498010330.87,3.3772834,0.028709645,193.504085,1.644941,2.6179631,395.48022,4.2084374,1.102177,0.61012155,-0.23664996,12.020405,0.1354,0.200221,0.050753,0.051862,55.207047,0.86601,596.087517,243.92285,0.0840103,4.5619895,1.1947712
17122,63750.0957,1685326690.03,5.937459,0.44118936,340.191342,25.278288,0.41137123,561.88545,5.8582649,1.4943612,0.67059195,-0.35775158,11.869988,0.18591,0.066803,0.00015,0.022808,56.506365,0.916573,593.096023,178.274831,0.1167963,6.5424886,1.6688971
17163,63076.9975,1627171003.58,4.995826,-0.61195534,286.239745,-35.062458,2.5426302,702.19016,10.611342,1.2149292,0.91667986,-0.27965203,11.991771,0.14961,0.251101,0.089648,0.049211,70.123229,0.825921,604.227718,163.112741,0.1435073,12.134147,1.3892804
17175,62155.251,1547532108.51,1.3916414,-0.80941401,79.735179,-46.376007,2.5179503,806.01804,7.5412865,1.4347868,0.7485081,0.30923522,11.905647,0.17797,0.080218,0.009602,0.021953,63.15385,0.811757,845.756148,296.056327,0.1627867,8.7689076,1.668351
17176,61810.1722,1517717296.58,2.9965781,-0.51817177,171.691278,-29.689055,1.3196364,160.95829,3.8603902,1.442046,0.86504179,0.42293191,11.902399,0.17891,0.297294,0.020939,0.116074,43.170406,0.248528,415.679135,131.137089,0.0353794,3.9969685,1.4930647
17180,62205.6578,1551887253.31,1.4306857,-0.92101086,81.972252,-52.770035,2.4417649,505.60255,7.5212536,1.2394195,0.89062834,-0.20813216,11.985252,0.15271,0.280917,0.074498,0.063291,38.415897,0.764953,694.51069,244.450743,0.1058495,8.3173745,1.3706114
17181,61124.428,1458468999.63,3.7289518,-0.73901139,213.6532,-42.342234,1.7869923,271.40725,15.356766,1.1465153,0.84002388,0.14019245,12.010514,0.14097,0.053091,0.010022,0.013126,46.079704,0.214516,878.222216,271.693146,0.0586712,16.2577659,1.2137827
17226,61159.3963,1461490257.81,4.9020519,-1.1868755,280.866885,-68.002957,2.9315776,258.12413,6.8706217,1.2926399,0.69083917,-0.030859865,11.968248,0.1595,0.103108,0.026787,0.023688,45.046506,0.978028,260.511601,83.793205,0.0559084,7.2547472,1.3649093
17265,62219.2163,1553058706.84,1.2766549,-0.56461894,73.146938,-32.350282,2.4351506,63.76722,9.0735331,1.1414232,0.59360713,-0.36562854,12.012043,0.14032,0.033384,0.011481,0.006678,30.703891,0.760676,70.252795,8.977035,0.014237,9.202713,1.1576736
17276,61350.2051,1477976138.8,3.6593266,0.49121514,209.66397,28.144554,1.0841301,261.71618,8.487524,1.2206291,0.94422501,-0.023589866,11.993873,0.15029,0.354445,0.099599,0.077794,74.070693,0.467682,362.785277,120.464537,0.0566565,8.9683974,1.2897857
17320,62295.7473,1559670983.81,5.1984007,0.74578237,297.84642,42.730182,0.83563851,218.36029,15.326034,1.0707747,0.86708933,-0.18038422,12.026814,0.13148,0.106285,0.056204,0.015263,15.96957,0.670704,234.578169,53.725638,0.0475764,16.0551915,1.1217183
17344,63995.9903,1706571976.67,6.0470352,0.35046985,346.469596,20.080443,0.3062128,929.55903,7.2420235,1.3038716,0.58224374,-0.1003371,11.964219,0.16094,0.036591,0.005207,0.009689,50.593417,0.953482,715.398523,235.622743,0.1852383,8.5835236,1.5453986
17373,62921.2783,1613716864.92,2.4484786,-0.81264114,140.28749,-46.560908,0.7267875,823.91822,11.651592,1.3214411,0.95356399,-0.23930368,11.957729,0.16319,0.278169,0.084752,0.058953,15.404727,0.747313,905.268544,247.300336,0.1660716,13.5865905,1.5408949
17437,62745.5641,1598535154.03,3.4908659,0.079427716,200.011883,4.550873,2.8847897,919.34027,3.6095159,1.2085477,0.58872974,0.43855977,11.994568,0.14879,0.184397,0.031362,0.061034,55.147702,0.967207,741.85083,245.36484,0.1834002,4.2715018,1.4301956
17441,63486.4492,1662547626.75,5.2749147,-0.19722529,302.23035,-11.300177,3.0027514,554.69925,6.6238265,1.5456947,0.96410805,-0.47394919,11.833957,0.19288,0.356584,0.03839,0.1045,41.590523,0.990377,469.684176,109.793333,0.1154063,7.3882578,1.7240776
17507,63370.3161,1652513726.79,0.1222231,-0.30841354,7.002868,-17.670794,2.253238,79.154293,9.0923395,1.0741392,0.84891194,-0.014003207,12.026049,0.1319,0.231358,0.099484,0.040198,38.451995,0.63069,100.448356,31.000349,0.0176276,9.2526156,1.0930737
17544,64233.2378,1727070166.98,6.1438024,-0.99017329,352.013948,-56.732751,0.90078535,353.07082,12.314989,1.6140814,0.98123288,0.30746982,11.777951,0.20237,0.264267,0.04247,0.067636,46.634885,0.620995,485.114846,95.239944,0.0754409,13.2440429,1.7358492
17554,62566.0513,1583025247.88,5.1921931,0.25070933,297.490751,14.364586,2.4779045,280.45644,13.834208,1.5214697,0.97345197,-0.01093648,11.852716,0.18956,0.227727,0.049474,0.054329,31.012683,0.787726,268.36644,85.047967,0.0605476,14.6718361,1.613591
17570,63227.2323,1640151290.83,4.6905092,0.41189114,268.746381,23.599624,2.1633004,154.24255,3.7746737,1.3208758,0.45875517,-0.20401657,11.95794,0.16312,0.093974,0.011985,0.033434,71.0628,0.55844,440.492256,137.516835,0.0339388,3.9027816,1.3657047
17572,64230.9011,1726868269.75,3.7570833,-0.78686612,215.265016,-45.084108,2.6362301,522.6278,8.500493,1.1100771,0.53397864,-0.2963047,12.019133,0.13639,0.031456,0.013397,0.005507,22.753599,0.874999,394.978534,134.657741,0.1091756,9.4285394,1.2312704
17579,64019.52,1708604945.0,2.7848764,0.26875578,159.561664,15.398572,1.873404,508.07734,4.758029,1.1935132,0.3300423,-0.17963764,11.998766,0.14689,0.05328,0.017669,0.012083,34.879732,0.29801,897.130016,253.108426,0.1063338,5.2639683,1.320424
17587,61296.2803,1473317032.98,0.71141104,0.35744292,40.76085,20.479971,2.5909998,290.79705,5.3542185,1.3466285,0.65116078,0.12588699,11.949064,0.16642,0.114977,0.019928,0.032293,32.581467,0.852214,266.594239,51.611941,0.0626861,5.6898536,1.4310434
17598,61613.5972,1500733214.84,4.5695914,-0.27343382,261.818301,-15.666604,1.9287118,270.26094,3.8000255,1.1944159,0.91067398,0.31964827,11.998601,0.147,0.39756,0.055693,0.131718,37.335063,0.350323,584.187602,211.135404,0.0584332,4.0220732,1.2642094
17684,64318.2357,1734413980.78,1.43397,0.071107244,82.160429,4.074145,2.6162412,781.73946,17.484209,1.582764,0.97520268,0.2099673,11.805692,0.19798,0.132262,0.013821,0.036097,41.155879,0.865148,1344.53646,519.702622,0.1583134,20.2521936,1.8333368
17707,61100.2054,1456376162.5,1.8687509,-0.86501363,107.07154,-49.56163,0.95227701,545.34336,4.9805932,1.3459686,0.71095371,-0.16806182,11.94929,0.16634,0.163687,0.025792,0.04868,33.401563,0.579829,574.780542,191.959978,0.1135933,5.5463552,1.4988616
17725,61405.9726,1482794450.2,1.2531199,-0.022093183,71.798481,-1.265846,2.2476078,178.13806,5.6277037,1.2636627,0.79240966,0.093911283,11.978218,0.15579,0.224987,0.047695,0.057386,23.555285,0.626311,217.270659,52.968402,0.0390514,5.8474734,1.3130105
17749,64006.0068,1707437403.32,2.4609479,0.16612831,141.001928,9.518451,2.9617255,671.33675,9.6202641,1.4810482,0.95864922,0.36078283,11.879616,0.18411,0.289297,0.054821,0.07169,58.479084,0.983867,572.190456,166.216581,0.1377008,10.9449822,1.6849897
17766,62062.1937,1539491955.33,0.54317225,1.453637,31.121477,83.287265,2.0553846,535.8394,17.540201,1.3565873,0.9516663,-0.46625656,11.943724,0.16773,0.129199,0.036084,0.028378,69.219827,0.465844,859.495832,308.547663,0.1117478,19.5002799,1.5081829
17772,62594.1967,1585457008.65,1.6115027,-0.53751156,92.332303,-30.797144,2.5089531,719.31527,4.8691158,1.1877642,0.3327007,-0.070737116,11.999936,0.14617,0.05177,0.017907,0.011337,21.517885,0.80647,642.862985,178.155253,0.1467145,5.5834857,1.3620264
17786,64111.079,1716515645.35,0.40213085,-0.22246546,23.040401,-12.746332,2.2137873,408.95988,10.185374,1.1207991,0.66022676,-0.27398449,12.016364,0.13774,0.041928,0.016171,0.00785,72.083575,0.599592,526.531327,164.307515,0.0867149,11.0685977,1.2179891
17793,62145.9774,1546730868.04,5.434065,0.84926591,311.34899,48.659352,2.6600201,644.90131,12.157972,1.50049,0.95044971,-0.36173695,11.866377,0.18673,0.195278,0.039989,0.04734,60.293487,0.886268,670.773122,206.184643,0.1326963,13.7712899,1.6995995
17849,61698.9065,1508103936.01,5.0366305,-1.0930395,288.577671,-62.62655,2.2064928,513.62085,6.8820148,1.4495941,0.78441489,-0.2681475,11.897852,0.17992,0.123177,0.016988,0.033703,16.492124,0.593738,675.510262,212.487068,0.1074176,7.6212643,1.605306
17900,61942.2099,1529125357.1,3.7025996,-0.14040695,212.14333,-8.044726,1.9649247,352.10648,7.060164,1.1963125,0.81774735,0.37115943,11.998255,0.14724,0.222145,0.065607,0.048078,36.205785,0.384004,466.099269,114.349822,0.075245,7.591406,1.286329
17906,63267.4135,1643622943.42,4.4582444,0.25654127,255.438588,14.698732,0.20599624,603.4631,4.5512953,1.2614182,0.47521737,0.28499407,11.978934,0.1555,0.088448,0.019338,0.024751,19.277209,0.978858,758.836199,268.725584,0.1247953,5.1192756,1.4188373
17913,62393.0322,1568076399.32,6.1136331,-0.1303356,350.285374,-7.46768,1.297162,204.31899,8.8277941,1.6193366,0.89825511,0.23652898,11.772669,0.20312,0.134917,0.00756,0.039399,72.470337,0.270232,348.366339,88.46093,0.0446117,9.221617,1.691578
17918,62357.9327,1565043803.06,2.4265036,0.17116261,139.028415,9.806895,1.2137799,469.63619,6.2537045,1.2696403,0.67221296,-0.28171089,11.976228,0.15655,0.118348,0.030852,0.027525,42.057309,0.34948,559.759379,171.281986,0.0987798,6.8714442,1.3950551
17924,63076.0791,1627091655.18,6.0340801,0.37863561,345.727323,21.694222,2.5358329,227.31162,9.7369289,1.1347083,0.89421046,-0.017631529,12.013797,0.13948,0.258006,0.10059,0.047982,64.676046,0.82207,234.036157,41.012263,0.0494602,10.2185194,1.1908312
17925,63155.9215,1633990036.32,2.0375351,0.45475782,116.742162,26.055704,2.0880006,974.88429,20.073826,1.3674796,0.96306479,-0.37577215,11.938644,0.16915,0.113132,0.023885,0.027199,58.265848,0.494452,1267.032538,456.252762,0.1933514,23.9551284,1.6318837
17930,62709.3396,1595405356.79,5.8837574,-1.1711659,337.114467,-67.102863,0.41200367,911.39985,7.586246,1.3146762,0.75632095,-0.4981916,11.960259,0.16232,0.119183,0.030473,0.027291,21.091896,0.91632,696.408931,222.757777,0.1819696,8.9667122,1.5539073
17931,64228.9632,1726700842.4,5.9791367,0.47101677,342.579298,26.987273,1.9425555,199.64445,6.8349762,1.245672,0.63063812,0.3421312,11.984067,0.1535,0.083709,0.025661,0.017944,50.433658,0.363255,358.940239,76.108181,0.0436221,7.1331322,1.3000108
17953,63436.0944,1658196976.66,5.4686958,-0.90289578,313.333189,-51.732118,2.2797153,480.32835,9.2535791,1.2591853,0.71634734,-0.16533427,11.979654,0.15522,0.060344,0.017139,0.013179,52.876165,0.651014,642.32093,148.839095,0.1008877,10.1871514,1.3862216
17969,62298.0068,1559866204.35,0.55231575,0.26634532,31.645361,15.260463,2.7517165,891.9745,4.4084086,1.3591788,0.38455272,0.14893228,11.942316,0.16807,0.039491,0.002066,0.014262,69.564448,0.924956,714.663845,233.44068,0.1784613,5.1951389,1.6017396
17970,61743.5447,1511960676.89,1.2466986,-0.58789118,71.430568,-33.683683,2.6368024,238.20296,6.5547585,1.1414496,0.87774748,0.18661322,12.012035,0.14033,0.312726,0.087409,0.069344,25.090176,0.875276,398.861817,203.659875,0.0517459,6.8939404,1.2005149
17982,62769.1297,1600571224.29,0.208354,-0.61751652,11.937805,-35.38109,2.3094773,264.91325,10.379898,1.1188086,0.64558893,-0.25034466,12.016882,0.13749,0.031834,0.008587,0.007085,41.075957,0.673313,300.208325,73.417321,0.0573218,10.9748924,1.1829407
17999,63444.8072,1658949761.78,3.6169382,1.1554651,207.235294,66.203274,2.6256737,532.9832,6.8709288,1.5084468,0.76562399,-0.46799448,11.861416,0.1878,0.090837,0.00535,0.027462,22.357018,0.86984,493.956386,173.98649,0.1111924,7.6349239,1.6761746
18000,62072.6614,1540396363.62,1.5293225,0.29823088,87.623725,17.087371,0.73116819,825.89443,18.365026,1.366775,0.95232886,0.0026358925,11.938915,0.16906,0.111292,0.024961,0.026311,64.372434,0.744395,1349.684321,472.313129,0.1664336,21.4215834,1.5942523
18011,61675.2822,1506062796.61,1.5367425,0.36317254,88.048859,20.808254,0.59314659,271.35338,2.488348,1.3403127,0.76327527,-0.43668932,11.950684,0.16562,0.278884,0.013099,0.122955,53.03488,0.829186,323.130431,111.67957,0.05866,2.6343145,1.4189354
18017,63576.3688,1670316678.71,3.2569786,0.23294217,186.611128,13.346603,2.2934973,242.50238,7.1781545,1.3973868,0.94384485,-0.4172397,11.926069,0.17303,0.337292,0.05899,0.086837,64.25379,0.661413,324.790855,82.898251,0.0526462,7.5560571,1.4709539
18023,63044.2459,1624341259.55,2.9749428,0.29152906,170.451667,16.703385,0.12813675,520.99778,10.288454,1.1989812,0.89421046,-0.017631529,11.997751,0.14758,0.225627,0.083295,0.043384,39.218424,0.991802,421.120029,151.032694,0.1088577,11.4084314,1.3294995
18042,61759.2044,1513313681.38,1.2405621,0.1825468,71.078973,10.459161,0.93523789,200.37523,10.733329,1.7057424,0.97550076,-0.34069803,11.681086,0.21564,0.236656,0.021662,0.065808,52.028786,0.593627,232.983966,54.207883,0.0437769,11.2032009,1.7804145
18076,61178.4443,1463136005.77,4.6689395,0.0085742504,267.510528,0.491268,1.4250237,495.97623,6.3410678,1.3266662,0.88309503,0.097435243,11.955799,0.16386,0.279499,0.05354,0.071592,54.997954,0.145257,845.727621,279.568093,0.1039631,7.0003049,1.4645905
18088,63629.827,1674935475.02,2.8371775,0.34797384,162.558296,19.937432,1.2966098,465.10574,19.483395,1.2029229,0.93186206,0.34763265,11.996822,0.14807,0.093318,0.02719,0.020154,39.103071,0.270764,680.318577,235.477403,0.097885,21.3905271,1.320671
18092,64299.7698,1732818528.53,1.5028794,1.3343313,86.108647,76.451552,0.4813209,409.25947,11.670731,1.3276782,0.96722817,-0.040949211,11.955421,0.16399,0.319762,0.094417,0.068685,28.042861,0.886384,418.413832,110.931254,0.0867749,12.6834575,1.4428873
18128,61282.1496,1472096142.8,2.7500388,-0.0037399213,157.565617,-0.214282,0.53671527,722.64696,6.0874729,1.4177395,0.69837338,0.051066875,11.914971,0.17571,0.0971,0.012694,0.027698,37.92204,0.859393,860.002581,318.083154,0.1473372,6.9843841,1.6266253
18139,63699.8789,1680987950.72,3.2968944,-0.50972014,188.898135,-29.204813,0.63986036,309.81035,7.4847651,1.6278808,0.93318409,-0.21759877,11.765175,0.20433,0.232253,0.019071,0.068283,58.606321,0.802179,307.887395,76.754708,0.0666027,7.9832707,1.7363021
18144,61537.3559,1494145966.27,5.2869005,0.77166827,302.917085,44.213335,1.9814936,846.9828,10.476958,1.2713628,0.90445727,0.28791937,11.975638,0.15677,0.215519,0.07042,0.044232,32.200992,0.399249,1168.555388,342.776195,0.170288,12.2610582,1.4878606
18153,63456.173,1659931765.45,3.1057097,-0.29152544,177.944058,-16.703177,0.82064867,430.92748,7.6944156,1.3824,0.71797907,0.041631527,11.931651,0.17109,0.070477,0.011178,0.018303,50.045615,0.681747,822.926904,284.185881,0.0911034,8.395403,1.5083413
18155,61374.3142,1480059164.81,2.2450654,0.045796703,128.632772,2.623958,2.6578573,242.72185,10.474319,1.3088387,0.86857593,-0.46217752,11.962409,0.16157,0.149885,0.046033,0.031661,58.403048,0.885264,221.830916,37.220136,0.0526921,11.0262329,1.3778042
18177,63079.9461,1627425761.91,5.6921001,-0.67927709,326.133312,-38.91971,2.4413257,881.27485,8.6355152,1.5379611,0.87140375,-0.1274775,11.840774,0.19181,0.131068,0.014075,0.036078,56.954341,0.76467,967.495285,340.921779,0.1765237,10.1598883,1.8094477
18180,64067.0597,1712712377.62,3.4313131,0.34735817,196.599759,19.902157,1.4054817,280.38769,4.115293,1.3049194,0.27784631,-0.41178986,11.963838,0.16107,0.034715,0.00416,0.011831,48.856631,0.164563,800.41843,243.797274,0.0605333,4.3644053,1.3839105
18202,62934.2427,1614836986.29,3.8483439,-1.172819,220.493864,-67.197579,2.6419604,845.14622,11.387955,1.7711629,0.97337389,-0.19296545,11.592927,0.22561,0.1827,0.005561,0.054177,26.284113,0.877759,829.347293,285.962438,0.1699529,13.323371,2.0721772
18207,61467.109,1488076636.99,0.47251557,1.1655953,27.073148,66.783691,1.4350434,201.50325,13.175838,1.1666766,0.84998935,0.093688503,12.005978,0.1435,0.103035,0.04483,0.017739,70.978977,0.135336,335.200388,73.608343,0.0440158,13.7557831,1.2180288
18222,62713.0763,1595728208.34,1.3034075,0.049530193,74.679749,2.837871,2.7817241,445.296,7.6604567,1.1795524,0.63942295,0.37127495,12.002238,0.14513,0.080992,0.031859,0.015022,27.866374,0.935943,435.210894,132.919399,0.0939612,8.3802424,1.2903846
18226,63316.301,1647846822.2,6.1575742,0.26147007,352.803014,14.981131,0.34553728,207.70984,6.1669321,1.5240843,0.92632931,0.33625087,11.850785,0.18992,0.29171,0.030626,0.087947,58.24178,0.940894,188.293847,61.941004,0.0453288,6.4464717,1.5931692
18227,63585.4061,1671097503.95,3.5864341,-0.42580692,205.487537,-24.396939,2.6958746,765.33065,12.020634,1.3198944,0.88713211,-0.22038148,11.958307,0.16299,0.132737,0.041027,0.027952,30.980727,0.902301,654.86274,164.753235,0.1552783,13.8871776,1.5248454
18231,61244.8781,1468875886.97,3.6730894,0.43480284,210.45252,24.912368,0.37818556,380.23332,18.478924,1.2470658,0.97024268,-0.10081727,11.983817,0.15367,0.216789,0.09338,0.037611,64.193167,0.929336,339.139648,72.27162,0.08094,19.9746081,1.3480033
18234,62165.7389,1548438255.51,5.7130093,1.5324631,327.331321,87.803668,1.5632227,148.62031,12.251587,1.4214939,0.86811423,-0.079852007,11.912467,0.17622,0.07083,0.006396,0.01964,38.358761,0.007574,846.870707,276.602484,0.0327306,12.6525888,1.4680202
18273,62856.6376,1608131910.45,0.93005208,-0.38459071,53.288059,-22.035425,0.80223867,364.04539,4.1072164,1.3799869,0.36902869,-0.090990841,11.933047,0.17078,0.039483,0.000204,0.015694,59.288285,0.695099,512.764913,181.183769,0.0776674,4.4262132,1.4871669
18274,63264.8869,1643404645.68,2.7430238,0.56351862,157.163687,32.287239,1.9675811,345.33542,12.050462,1.4142033,0.86594164,-0.26594022,11.916789,0.17525,0.074952,0.008997,0.020104,29.489865,0.386455,807.902159,244.738086,0.0738679,12.9406043,1.5186675
18301,64315.4171,1734170457.4,1.8527501,-0.033717989,106.154761,-1.931898,2.3449967,128.15106,8.9216137,1.0655267,0.98024255,-0.17146637,12.028148,0.13082,0.475276,0.163085,0.095164,61.735493,0.699145,160.979363,35.100275,0.0283141,9.1742212,1.0956961
18309,62982.5786,1619013207.5,0.74798492,0.64355552,42.856379,36.873015,0.68549558,545.5004,12.126855,1.5829309,0.92992079,-0.12546532,11.805534,0.19801,0.117056,0.009191,0.032892,20.486942,0.774105,574.415421,143.270177,0.1136238,13.5047543,1.7627895
18315,62251.7199,1555867017.58,2.4589333,0.042778478,140.8865,2.451026,3.0041443,649.25818,7.6420908,1.2529875,0.62368947,-0.085489191,11.981886,0.15443,0.055201,0.016082,0.011991,31.293116,0.990569,790.522129,251.311507,0.133523,8.6624857,1.4202901
18327,61765.1351,1513826089.18,2.8958723,0.89531029,165.921261,51.297501,1.9999226,495.90011,3.5755792,1.2576791,0.46023875,0.19447501,11.980157,0.15503,0.119711,0.019183,0.041096,56.109591,0.416076,749.579978,230.031787,0.1039482,3.9472542,1.3884126
18369,62471.2307,1574832753.05,3.5242945,-0.54814841,201.927201,-31.40659,1.1439183,286.58496,2.1730154,1.1061808,0.71328497,0.40506226,12.019803,0.1359,0.307131,0.031008,0.1266,31.124386,0.414031,377.509037,121.728487,0.0618157,2.3073419,1.1745601
18391,62691.1881,1593837074.01,6.0601932,-0.44079261,347.223493,-25.255556,0.50931663,275.24851,18.61013,1.6103374,0.98535407,-0.16796951,11.781674,0.20184,0.154396,0.019186,0.041208,31.433028,0.873078,256.349124,53.872715,0.0594683,19.7168428,1.7061014
18409,61343.9962,1477439693.63,3.0494618,0.11196498,174.721291,6.415121,2.6621881,721.65015,13.054714,1.6138464,0.95938581,-0.3071034,11.77819,0.20234,0.157524,0.018272,0.042452,49.629963,0.88727,557.947711,128.883742,0.1471509,14.9757269,1.8513254
18426,63129.2697,1631687323.02,3.3415099,-0.042585642,191.454414,-2.439978,0.6660738,428.81127,7.2419572,1.356699,0.95826942,0.46346611,11.943661,0.16774,0.379703,0.071219,0.095688,21.511104,0.786254,518.589205,131.420084,0.0906817,7.8986702,1.4797268
18449,63227.2009,1640148578.46,3.4132243,0.52947463,195.563347,30.336662,2.1743606,413.6243,3.7426109,1.5215504,0.72663838,0.48315454,11.852663,0.18957,0.162907,0.002925,0.069382,45.594883,0.567581,778.082744,263.513523,0.0876487,4.0706459,1.6549123
18451,61370.4209,1479722780.58,0.14779255,-1.2130815,8.467889,-69.50445,0.95822496,375.33486,3.7017231,1.5322917,0.79371887,-0.39737612,11.845264,0.19103,0.209783,0.005255,0.089229,69.235426,0.574973,540.738639,160.074723,0.0799511,3.9976799,1.6548001
18462,62805.4138,1603706172.65,5.6199771,-0.71282426,322.000969,-40.841822,1.4210956,291.24423,5.5312495,1.2756743,0.72199422,-0.2412978,11.974156,0.15732,0.172192,0.037303,0.044094,71.237631,0.149142,830.838314,250.860944,0.0627784,5.8784925,1.3557591
18486,62725.8117,1596828545.63,0.2480054,0.43948759,14.209663,25.180784,2.8205678,347.64424,15.718366,1.5952357,0.98634738,0.013301091,11.795165,0.19972,0.227598,0.043204,0.056198,19.954,0.948913,335.689001,92.547187,0.0743377,16.8868332,1.7138219
18499,62168.5132,1548677954.42,0.71698713,-0.8095087,41.080337,-46.381432,0.61503408,433.882,8.2104635,1.3433224,0.88692385,-0.083863638,11.95,0.166,0.227351,0.053956,0.053145,49.3766,0.816754,378.144476,88.513991,0.0916919,8.9632965,1.4664942
18500,62120.2249,1544505846.58,5.8035707,-1.3620899,332.520107,-78.042003,2.4789252,627.0482,5.9461727,1.1413507,0.46144307,-0.4375332,12.012064,0.14031,0.067805,0.028317,0.012293,46.100553,0.788354,737.790368,262.231862,0.1293008,6.7150176,1.2889283
18562,64252.2368,1728711678.52,3.4037634,0.97183424,195.021277,55.682,2.52787,240.27609,4.7933574,1.693406,0.97901827,-0.36003074,11.695868,0.21381,0.396804,0.011022,0.158038,73.92946,0.81751,244.701645,54.093217,0.0521801,5.0434753,1.7817681
18595,64461.6779,1746807390.58,4.8285966,0.31507662,276.658206,18.052561,1.453755,167.27733,17.530817,1.2124356,0.9299224,0.48410103,11.992539,0.1493,0.122758,0.048532,0.022622,43.850242,0.116774,838.734107,293.779955,0.0367322,18.1747625,1.256971
18596,64321.996,1734738874.64,3.890315,-0.94572657,222.89863,-54.186141,3.0954588,475.60234,17.766716,1.5655292,0.97423869,0.45635197,11.819718,0.19559,0.128941,0.014093,0.035002,52.618002,0.998936,378.932262,119.915633,0.0999566,19.5426165,1.7220142
18616,63231.7187,1640538912.87,6.0012764,0.42425875,343.847809,24.308236,2.2436955,455.10236,8.8376856,1.2175533,0.70454985,-0.060149282,11.991997,0.14993,0.07472,0.026801,0.014619,44.182305,0.623256,749.55708,248.542785,0.0959059,9.6852718,1.3343238
18620,61113.0451,1457485511.71,4.8602782,1.0429453,278.473428,59.756364,2.7394136,801.40064,5.029871,1.2401767,0.30790409,-0.17251106,11.984961,0.15281,0.029342,0.007636,0.007304,59.892067,0.92021,813.933826,243.607825,0.1619376,5.8443962,1.4410079
18639,63880.012,1696551457.4,0.45308986,0.62109982,25.960137,35.586398,0.95375452,411.30009,7.3102226,1.2372466,0.59903163,-0.31814578,11.98658,0.15243,0.057091,0.018012,0.012002,34.911101,0.578625,654.034476,215.663489,0.0871836,7.9475541,1.3451142
18645,62123.4911,1544788047.43,0.68346772,-0.32342995,39.159816,-18.531171,0.94664019,621.76262,12.026505,1.2214823,0.8674596,0.20662852,11.994541,0.15038,0.135837,0.0536,0.025064,60.088305,0.584413,723.610347,234.094996,0.1282931,13.5694226,1.3781901
18648,63238.2613,1641104198.44,4.5285088,-0.8562357,259.464442,-49.058692,2.7247785,963.84079,9.5929012,1.3528286,0.77022207,-0.015266974,11.945913,0.16723,0.063174,0.010789,0.015986,56.545742,0.914383,1010.072503,339.01822,0.1913805,11.4287954,1.6117336
18665,61488.4545,1489920889.72,3.2060668,-0.82378051,183.694096,-47.199146,2.9370947,430.92771,4.1948481,1.2411698,0.1207579,0.060878444,11.984681,0.15293,0.016725,0.003174,0.005042,30.419528,0.979163,370.030824,125.966269,0.0911035,4.5770134,1.3542447
18776,61818.6247,1518447589.71,1.1883975,-1.1369678,68.090161,-65.143456,2.1315353,187.91744,5.5733113,1.6896472,0.90275341,-0.20748048,11.70143,0.21323,0.213525,0.00263,0.079588,38.827774,0.531812,258.553134,50.080418,0.0411334,5.8025605,1.7591481
18787,64276.0303,1730767434.08,0.27512993,0.6470035,15.763784,37.07057,2.2274367,190.12396,5.1307206,1.2018012,0.60307622,-0.33646294,11.997123,0.14793,0.138473,0.036712,0.033471,47.321249,0.610459,275.41214,62.50196,0.0416023,5.3441704,1.2517989
18798,61102.9138,1456610170.76,3.8340505,-0.030394403,219.674912,-1.741471,2.2696401,318.39979,3.3733459,1.3447347,0.7855292,0.091507673,11.949652,0.16618,0.268397,0.023103,0.105658,35.907206,0.643333,462.99273,166.469279,0.0683655,3.6039664,1.4366682
18801,64450.1689,1745813014.66,2.9834641,0.25001337,170.939901,14.324711,2.2800908,688.17358,4.8912406,1.2934588,0.62662709,0.009046698,11.967958,0.1596,0.13324,0.025692,0.037513,29.447658,0.651299,548.012451,176.333541,0.140874,5.5802892,1.4756735
18802,62013.6478,1535297590.34,2.0044026,0.49747572,114.843809,28.503259,2.2375115,329.18938,4.7297931,1.2044704,0.8962869,0.33903891,11.99634,0.14827,0.362912,0.064264,0.102107,44.783721,0.618408,437.716901,104.747307,0.0705743,5.0635949,1.2894751
18813,61142.2154,1460005831.53,5.9702962,0.40829593,342.072775,23.393634,0.66933375,486.61782,11.124227,1.5033293,0.89478582,0.24877189,11.865058,0.1871,0.107831,0.013541,0.02876,35.08893,0.784235,585.140155,152.980269,0.1021252,12.2602909,1.6568571
18815,61938.973,1528845686.02,4.7564223,-0.14001843,272.522923,-8.022465,0.31182033,449.1559,9.4498577,1.3669225,0.88135129,-0.17845368,11.938858,0.16908,0.177052,0.044499,0.040467,73.935023,0.951777,521.59246,186.682412,0.0947272,10.3450163,1.4964072
18830,62877.146,1609903829.5,5.7794558,0.73567377,331.138425,42.151002,0.96753143,626.34975,16.801836,1.5272278,0.96996498,0.19657196,11.848298,0.19035,0.145098,0.024855,0.036646,53.717087,0.567334,1232.867777,582.919063,0.1291677,18.9720905,1.7244963
18857,61150.4497,1460717273.6,5.5840162,1.2374538,319.940561,70.90088,0.71886439,473.82007,3.6007566,1.2765064,0.32685608,0.4871552,11.973871,0.15743,0.070892,0.011284,0.024459,53.026992,0.752554,460.915781,139.042482,0.0996053,3.959411,1.4036532
18878,63094.7658,1628706181.7,5.712573,-0.34721257,327.306323,-19.893815,0.40791731,806.60039,2.4998987,1.3368834,0.62799859,-0.076639093,11.951738,0.16518,0.205102,0.009808,0.09025,65.369648,0.917949,704.36498,204.159743,0.1628938,2.9071167,1.5546534
18890,64046.6072,1710945279.71,3.5669926,0.57261004,204.373622,32.808139,2.4095666,338.66202,2.439425,1.1564608,-0.3074539,0.23806232,12.007872,0.14222,0.024195,0.006823,0.007856,45.245649,0.743822,395.827388,110.634263,0.0725083,2.6163036,1.2403138
18899,61216.4511,1466419796.19,3.4065628,0.082496593,195.181671,4.726707,0.65049658,665.65337,3.2034352,1.2558749,0.81514198,-0.39778656,11.980791,0.1548,0.315116,0.033152,0.120717,41.007317,0.795783,553.826942,187.891792,0.1366272,3.6411116,1.4274616
18905,63535.6051,1666794697.34,2.5363425,0.10820021,145.321721,6.199415,2.4123711,708.72331,11.429341,1.5697328,0.96062464,0.44651332,11.816255,0.19618,0.218305,0.035705,0.055706,48.950398,0.745693,670.341588,175.910746,0.1447321,13.0835335,1.7969235
18933,61719.5273,1509885574.93,1.653913,-0.45832805,94.762235,-26.260263,0.44470142,831.19019,3.4819202,1.4218646,0.9868356,-0.43259737,11.912231,0.17626,0.502247,0.030507,0.204891,44.669463,0.902739,672.878138,190.903071,0.167403,4.0648041,1.659889
18985,62022.7421,1536083339.7,6.1732574,-1.085768,353.701595,-62.209924,2.282345,248.63391,9.1226597,1.4842585,0.87237364,-0.44796652,11.877282,0.18454,0.136175,0.021221,0.035224,40.397895,0.653007,303.156608,50.744227,0.0539283,9.6146292,1.564302
18996,61998.2223,1533964820.64,1.9403987,-0.64484347,111.176656,-36.946809,1.2522262,486.46175,7.921186,1.6647705,0.89158428,0.4216499,11.727617,0.20963,0.134876,0.001901,0.04218,36.620816,0.313209,916.398678,320.496586,0.1020945,8.7298955,1.8347344
19017,61582.6836,1498062282.16,3.8977937,0.28178353,223.327128,16.145007,0.60989456,890.76381,3.2762103,1.2557751,0.54776996,0.019497519,11.980827,0.15478,0.165696,0.021911,0.061029,47.096557,0.819708,817.519953,231.227753,0.1782423,3.8601696,1.4796073
19066,61136.1049,1459477885.42,0.23621467,-0.15872938,13.534104,-9.094524,1.3854428,156.04327,2.2003,1.3660257,0.59973943,-0.21753685,11.939209,0.16896,0.191968,0.003327,0.088737,39.59538,0.184294,371.705171,129.068129,0.0343254,2.2758262,1.4129151
19072,62847.1624,1607313246.49,0.53169817,0.66363294,30.464061,38.023367,0.81387748,341.83172,5.0054669,1.1496602,0.33296818,-0.47587574,12.009583,0.14137,0.056546,0.022433,0.011134,24.679199,0.686685,325.590348,101.347093,0.0731543,5.3716383,1.2337628
19086,63820.3983,1691400829.29,6.0926374,1.1505872,349.082409,65.923791,2.1329331,593.39839,12.004632,1.4270912,0.88565564,0.078377247,11.91023,0.17694,0.097317,0.016967,0.024493,45.547316,0.532995,1069.59678,323.597371,0.1228656,13.4795883,1.6024316
19152,62466.6692,1574438635.14,6.2803609,0.54697588,359.838173,31.339409,0.93282546,501.70073,3.9678755,1.1382737,0.0028344251,0.20886047,12.012926,0.13993,0.024176,0.011909,0.004482,63.183125,0.595567,599.678599,168.026388,0.1050854,4.3848413,1.2578896
19169,63411.1637,1656042959.86,3.4356916,-0.13421714,196.850628,-7.690076,0.38159699,392.64227,2.5963368,1.1552174,0.5549944,0.075871535,12.008138,0.14207,0.218568,0.027742,0.085013,27.613239,0.928071,426.396319,135.476014,0.0834397,2.8129744,1.2516084
19182,62700.8222,1594669457.02,5.8901807,0.048347812,337.482495,2.770126,0.55352755,849.47465,10.13937,1.6557854,0.91916043,0.032288659,11.737382,0.20832,0.120541,0.002428,0.036198,59.429992,0.850675,675.523372,215.146402,0.1707424,11.8705904,1.9384982
19183,63181.9845,1636241876.78,2.5078564,-1.0079247,143.689587,-57.749831,1.3056171,370.84693,7.6128821,1.2715183,0.55765963,-0.37624437,11.975584,0.15679,0.02625,0.002016,0.007436,64.677909,0.262082,691.782948,201.61313,0.079044,8.2146348,1.3720242
19203,64060.7644,1712168464.46,0.90313116,-0.048255891,51.745604,-2.764859,2.5594646,738.27772,13.17222,1.7264357,0.98123288,0.30746982,11.655004,0.21875,0.196321,0.015756,0.055062,39.341175,0.835295,692.012156,173.794406,0.150253,15.1513856,1.9858378
19221,61401.3188,1482392366.2,2.1724195,1.0819204,124.470469,61.989473,2.9484211,767.29356,3.0112116,1.3098817,0.66720808,-0.11157548,11.962028,0.16171,0.216088,0.01857,0.08746,54.875745,0.9814,718.415118,224.27956,0.1556419,3.4798823,1.5137542
19229,61120.798,1458155366.68,0.45694418,0.76204697,26.180973,43.662075,2.4051382,186.32558,10.297966,1.1942422,0.93407243,-0.48244053,11.998632,0.14698,0.299344,0.104761,0.05931,44.293717,0.740855,191.113564,50.137838,0.0407949,10.7180705,1.2429612
19243,64279.0337,1731026928.27,5.523372,0.14778917,316.465904,8.467696,1.2372353,429.15565,4.0180511,1.3921634,0.86312777,-0.44412765,11.927637,0.17236,0.304055,0.028033,0.112015,54.866968,0.32741,586.166124,199.818741,0.0907504,4.3826908,1.5185028
19259,64115.037,1716857612.72,2.1860651,-0.80412459,125.252304,-46.072945,0.59386946,149.26017,4.5085845,1.4616551,0.94613278,0.26909342,11.889875,0.18154,0.385333,0.032003,0.138502,41.691208,0.828782,233.31292,74.698859,0.0328682,4.6567736,1.5096971
19274,61049.4904,1451994385.38,3.7265002,1.390082,213.512734,79.645832,1.3210896,446.60021,10.752469,1.3805292,0.84244895,-0.42658883,11.932732,0.17085,0.089519,0.018342,0.021702,42.066998,0.24712,1058.61228,316.025433,0.0942201,11.7655677,1.5106028
19314,62321.0318,1561855567.94,3.3217437,0.84041102,190.321895,48.152005,0.71656673,571.70487,12.948276,1.3178546,0.90647835,-0.47972012,11.959072,0.16273,0.142072,0.045619,0.029396,58.451701,0.754065,818.035123,231.030153,0.118692,14.4851328,1.4742734
19349,63824.9575,1691794750.29,3.327282,-0.17381845,190.639216,-9.959064,2.2546566,312.92748,6.0762563,1.1033736,0.65521234,0.0059470311,12.020221,0.13555,0.160018,0.057686,0.031621,27.811841,0.63179,425.02476,133.783425,0.0672429,6.4848414,1.1775676
19357,63385.3289,1653810834.09,5.0711812,-0.15207937,290.55728,-8.713506,2.554531,757.4846,16.321335,1.6033689,0.97774863,0.45185807,11.787283,0.20087,0.16026,0.021971,0.042146,69.461063,0.832572,668.139342,216.212544,0.1538236,18.8319415,1.8500049
19367,61467.2226,1488086452.86,5.4671344,-0.20962669,313.243727,-12.010725,1.938303,743.34771,16.179604,1.3823221,0.96597904,-0.065002069,11.931695,0.17108,0.196851,0.061903,0.041128,63.934684,0.35929,911.862517,347.532856,0.1511968,18.6259084,1.5913248
19368,62653.1664,1590551998.75,1.6118934,-1.0518853,92.354689,-60.268588,0.30489556,336.82145,2.558769,1.1728128,0.63885128,0.13281795,12.004339,0.14428,0.25067,0.027738,0.100052,36.084558,0.953878,255.910534,68.112491,0.0721329,2.7433404,1.2574112
19370,61981.8394,1532549341.71,4.4289891,0.71305615,253.762383,40.855108,0.31475593,755.27914,11.085426,1.3678076,0.80769032,-0.18741365,11.938519,0.16919,0.052968,0.003576,0.015057,70.730944,0.950872,874.02874,314.699964,0.1534142,12.7860878,1.5776487
19401,63182.2977,1636268937.93,5.8671475,0.012190235,336.16279,0.698449,3.0763797,733.30196,2.8301122,1.4403819,0.7375083,0.054164153,11.9028,0.1787,0.225208,0.006152,0.100432,32.726528,0.997874,588.844035,195.798786,0.1493258,3.252721,1.6554681
19431,63682.9101,1679521850.27,1.5302178,-0.22643895,87.675022,-12.973996,2.5192774,427.53411,6.2439895,1.1013114,0.74131614,0.23622692,12.020545,0.1353,0.209128,0.070249,0.042789,73.169739,0.812531,442.486297,158.56973,0.0904271,6.8086154,1.2008998
19432,61365.3492,1479284591.58,3.5383728,0.28409824,202.733828,16.27763,0.76297209,764.49473,14.674618,1.411894,0.89976621,-0.12498314,11.917701,0.17495,0.063826,0.000248,0.019377,40.139385,0.722785,1043.416134,364.252945,0.1551234,16.9509946,1.6309118
19467,64495.4484,1749725163.61,2.890876,0.041563642,165.634994,2.381421,0.8086798,280.39847,4.5429811,1.2862178,0.56392121,0.0093420101,11.970511,0.15867,0.117711,0.022125,0.034658,44.633787,0.690454,366.402076,94.634519,0.0605356,4.8179932,1.3640798
19470,63880.4531,1696589567.96,2.818449,-0.69537416,161.485232,-39.842005,0.58835686,569.35433,4.9118977,1.426635,0.60025024,-0.15308797,11.910327,0.17688,0.081575,0.006233,0.027729,34.086932,0.831854,496.6792,152.634838,0.1182386,5.4926736,1.5953183
19474,63481.2823,1662101208.89,1.8247057,0.4501537,104.547935,25.791907,1.0790589,532.51192,7.7943854,1.5690854,0.94478321,-0.47870028,11.81684,0.19609,0.269955,0.032083,0.074696,62.603912,0.472158,692.881731,252.379928,0.1111007,8.6603471,1.7434119
19496,62465.5207,1574339404.39,2.8705644,-0.67731986,164.471225,-38.807569,1.0387971,308.28663,3.896543,1.1663167,-0.081111155,-0.27533212,12.006057,0.14346,0.01063,0.005175,0.002043,68.853346,0.507257,465.796457,161.761359,0.0662895,4.1548429,1.2436313
19531,64405.0412,1741913979.97,3.7217005,1.291337,213.237731,73.98816,0.38563864,398.13174,5.2880659,1.3188515,0.50276428,-0.39520198,11.958698,0.16286,0.058698,0.010616,0.016269,30.372755,0.926558,375.007956,83.622754,0.084543,5.7351349,1.4303512
19533,62376.2024,1566622302.67,2.1705563,-0.040129562,124.363715,-2.299255,1.2070287,561.88913,9.915617,1.5343555,0.8600626,0.13353746,11.843896,0.19131,0.083805,0.00323,0.024639,47.56727,0.355798,1074.705139,354.056085,0.116797,11.0737313,1.7135636
19542,63221.5531,1639660604.93,2.1526595,0.80922031,123.338304,46.364908,2.337985,298.60504,5.0545936,1.5160758,0.96771258,0.22780739,11.85558,0.18884,0.408085,0.033243,0.14058,21.527872,0.694114,360.616807,65.887579,0.0642969,5.3795883,1.6135548
19552,63292.0057,1645747714.07,3.4460475,-0.080651393,197.443978,-4.620984,0.70038162,722.8835,7.5544991,1.2435365,0.97295034,0.2701959,11.984309,0.15323,0.439299,0.101612,0.103534,31.283014,0.764596,709.403653,203.580377,0.1473814,8.6678918,1.4268107
19597,61574.6185,1497365453.39,5.911556,0.33876941,338.707209,19.410057,2.2823288,678.3232,15.609844,1.356594,0.96012926,-0.17028651,11.94372,0.16773,0.197138,0.064807,0.04033,29.097103,0.652995,770.838412,205.825728,0.1390189,17.7799073,1.5451862
19619,62436.6044,1571841042.17,2.4182231,-0.68919806,138.553978,-39.48814,0.82862387,804.00921,8.757329,1.2222853,0.63998657,-0.28001869,11.995165,0.15048,0.041946,0.01161,0.009256,32.168822,0.675891,961.64643,310.845769,0.1624174,10.1796716,1.4208057
19641,64432.4858,1744285191.54,4.9776484,-0.42290306,285.198245,-24.23056,2.8615813,333.59034,6.6676397,1.4824753,0.93077546,-0.2140854,11.878591,0.1843,0.299238,0.039583,0.08376,66.751408,0.961052,300.227899,97.358259,0.0714734,7.1441986,1.5884329
19665,61734.9061,1511214308.87,0.49358099,-1.2365616,28.280108,-70.849761,1.3630536,339.00573,5.5426483,1.1841896,0.67225194,0.15626866,12.000858,0.14572,0.16592,0.046172,0.038155,74.146311,0.206252,490.121006,121.43548,0.0725784,5.9449248,1.2701362
19704,61057.6624,1452700446.26,5.4305101,1.0291982,311.145309,58.968713,0.65466151,397.26867,16.992622,1.4349895,0.96478248,0.34987,11.905473,0.17799,0.155548,0.039392,0.035401,69.263432,0.793254,360.927257,95.515524,0.0843696,18.4262827,1.556059
19712,62933.1766,1614744876.52,3.6483588,-0.18674278,209.035561,-10.699573,2.5360705,738.8196,3.4004695,1.2627722,0.26692292,-0.35420042,11.978503,0.15568,0.065687,0.010607,0.023077,17.08229,0.822205,826.237303,285.871851,0.1503539,3.9117434,1.4526349
19715,62593.9126,1585432470.05,4.294405,-0.9154814,246.051282,-52.45322,2.1628681,286.47371,5.7802105,1.614725,0.83208799,0.45904237,11.777307,0.20247,0.148239,0.003067,0.052229,49.067291,0.558081,379.440943,106.305983,0.0617927,6.1373853,1.7145032
19740,62553.5504,1581945169.39,2.2627764,1.0208739,129.647538,58.491766,2.0962647,445.33872,4.6160984,1.3234459,0.83443147,0.13279408,11.956985,0.16345,0.276932,0.03889,0.086946,31.668105,0.501618,610.768861,178.19976,0.0939697,5.0498718,1.4478097
19749,61899.3184,1525419524.62,3.9672789,-1.2127139,227.308337,-69.483388,0.73945566,470.05938,9.9119263,1.1069949,0.88511086,0.43099827,12.019677,0.136,0.247954,0.103547,0.044014,59.496912,0.738835,565.89422,199.013389,0.0988633,10.891852,1.2164361
19797,62681.0239,1592958882.95,3.5215429,0.34710425,201.769546,19.887609,0.82294203,342.92725,8.7902212,1.3482034,0.96618962,0.069291957,11.948416,0.16663,0.371811,0.083841,0.088035,67.770441,0.680067,424.749976,163.50454,0.0733775,9.4352257,1.4471312
19827,62571.4572,1583492321.18,3.6510235,-1.1959603,209.188237,-68.523478,2.1673515,371.11709,6.4753432,1.1333898,0.97562712,0.49194854,12.014071,0.13931,0.477314,0.115131,0.111514,47.9235,0.561796,538.186056,142.68405,0.0790987,6.9875344,1.2230395
19847,63501.4392,1663842764.12,5.1851753,-0.4022913,297.088661,-23.049594,1.7526701,256.04352,17.351679,1.178923,0.94628608,-0.32929945,12.002434,0.14505,0.179349,0.084563,0.028888,43.925923,0.180873,907.58964,287.622036,0.0554748,18.3142599,1.2443235
19849,62360.375,1565254819.67,4.4009319,0.04781892,252.154824,2.739822,2.5848105,822.23053,4.3439608,1.4226876,0.98070323,0.30452296,11.911741,0.17637,0.474852,0.040905,0.171047,61.573634,0.84896,862.818001,260.35191,0.1657624,5.0640262,1.6585157
19852,63866.4199,1695377098.25,0.027950737,-0.27925743,1.601459,-16.000272,0.83744413,493.50064,3.7537453,1.5331129,0.97453392,0.20767395,11.844753,0.19114,0.444082,0.019498,0.18442,50.63957,0.669364,569.446435,159.109995,0.1034773,4.1421727,1.6917553
19862,62801.0073,1603325449.36,3.5233033,0.87950441,201.870409,50.391891,0.37776385,470.30033,5.693222,1.2839568,0.38864863,0.16164686,11.971301,0.15838,0.022109,0.001922,0.006544,34.116341,0.929492,450.747221,106.232811,0.0989109,6.2563437,1.4109541
19880,61297.9432,1473460709.07,1.8399065,-0.62623683,105.418877,-35.880727,2.4884175,404.42133,17.375051,1.2051201,0.98976117,0.47263393,11.99611,0.14835,0.370329,0.162425,0.063362,67.563026,0.794158,476.559703,155.535779,0.0858053,18.8659225,1.3085258
19889,64453.9027,1746135611.26,3.4174533,-0.34757113,195.805651,-19.914359,0.78875779,130.92758,6.7915797,1.0615467,0.40482321,0.23761509,12.029045,0.13032,0.043984,0.026017,0.005496,59.025779,0.704727,136.338739,31.621322,0.0289148,6.9879569,1.0922411
19896,62972.9188,1618178604.53,1.2179121,-0.27751376,69.781223,-15.900367,2.517658,434.67312,4.3922977,1.5283661,0.87984949,0.13658974,11.847527,0.1905,0.273677,0.015641,0.104936,27.408703,0.811586,468.409304,115.515822,0.0918494,4.7957276,1.6687456
19916,64317.0671,1734313018.7,1.333909,-0.61509299,76.427356,-35.242232,0.53723263,528.33641,5.1222959,1.4633821,0.77118737,-0.053240333,11.888937,0.18177,0.166013,0.015949,0.054698,53.68286,0.859128,441.290093,139.613541,0.110288,5.6872237,1.6247756
19956,64205.3626,1724661747.08,3.9044231,-0.4105357,223.706965,-23.521963,1.2562945,366.8059,15.546783,1.2347502,0.87630194,-0.16040809,11.989206,0.15209,0.065695,0.012954,0.016074,50.205117,0.309343,732.594475,278.657266,0.0782264,16.7629519,1.3313403
19957,63822.0467,1691543255.65,1.1871701,-0.28085005,68.019836,-16.091523,2.5876776,620.92509,3.6539602,1.285249,0.46023875,0.19447501,11.97085,0.15855,0.108997,0.016085,0.037983,37.392483,0.850472,554.006173,172.828359,0.1281333,4.1221542,1.4499322
19958,63139.1755,1632543176.89,1.1846115,0.23590125,67.873239,13.516146,0.46547741,524.159,8.4429846,1.4174713,0.90226775,0.14064966,11.915134,0.17568,0.220888,0.044643,0.054098,73.405552,0.893607,558.185995,157.383736,0.1094741,9.3672727,1.5726477
19961,63956.6349,1703171670.99,2.8775787,0.36059919,164.873115,20.660812,2.195623,625.67612,14.48072,1.5269911,0.95176953,0.12231912,11.848472,0.19032,0.134305,0.020783,0.034599,45.166083,0.584957,1068.622146,390.059698,0.1290393,16.349302,1.724033
19962,64265.064,1729819943.65,3.0613381,0.8068653,175.401753,46.229976,0.8142966,938.38908,10.222659,1.2657573,0.85942429,0.25910303,11.977536,0.15606,0.15812,0.053204,0.031984,74.43558,0.68638,986.216856,286.026167,0.1868239,12.132496,1.502231
19972,62716.2261,1596000354.62,2.3712918,-0.28899221,135.865012,-16.558034,0.78933312,862.39563,11.894201,1.3220606,0.87895769,0.19054256,11.957498,0.16327,0.12336,0.037159,0.026273,23.759476,0.704319,968.989203,332.294436,0.1730955,13.9530337,1.5509033
20017,64308.8314,1733601447.82,1.1693797,-0.64879424,67.000521,-37.173172,1.3036176,733.76629,7.0018024,1.221091,0.74746746,0.26788509,11.994233,0.15034,0.157764,0.047913,0.033812,66.84165,0.264011,1113.770982,310.827553,0.1494123,8.0479578,1.403537
20022,63823.7595,1691691239.11,4.7201085,1.2148283,270.442296,69.604534,2.9988626,585.44257,14.533204,1.5677456,0.96314865,0.33090451,11.818,0.1959,0.153414,0.022947,0.039764,61.355162,0.989831,441.607701,116.581144,0.1213373,16.2966237,1.7579716
20029,62312.3323,1561103929.14,3.0746811,1.4194634,176.16625,81.329262,2.9086242,383.07583,4.0447121,1.454812,0.64693284,-0.012442363,11.894424,0.18062,0.12636,0.006637,0.049458,61.709901,0.972985,370.447833,77.866871,0.0815133,4.3744099,1.5733985
20065,63726.886,1683321372.2,3.7963669,0.12497159,217.515801,7.160345,1.9032662,663.54861,7.6439061,1.2449338,0.79458559,0.11906223,11.98416,0.1534,0.169456,0.050636,0.03641,45.304631,0.326379,1056.56543,308.277269,0.1362293,8.6852301,1.4145303
20088,61571.9471,1497134645.79,2.4493172,-0.50280378,140.335538,-28.808535,2.4460646,408.96691,12.364125,1.2431693,0.78652167,0.40694237,11.984351,0.15319,0.041315,0.002813,0.011734,36.414223,0.767715,318.597383,103.088937,0.0867163,13.4362962,1.3509723
20111,62694.0821,1594087112.36,4.6119432,0.56657447,264.244881,32.462326,2.5085502,980.49758,21.589539,1.2588388,0.9769147,-0.2631157,11.979768,0.15518,0.185576,0.077268,0.033009,25.443432,0.806231,779.294594,198.846356,0.1943517,25.7855026,1.5034963
20121,61541.6878,1494520242.75,2.0793232,0.61152472,119.136444,35.037786,0.98495601,550.77418,5.0403457,1.4774476,0.83395118,0.35570353,11.881866,0.18362,0.219698,0.020309,0.073779,29.496403,0.5529,699.146539,188.181699,0.1146462,5.6182022,1.6468314
20122,62722.4216,1596535647.59,1.6613246,-0.87093931,95.186888,-49.901147,2.4636777,178.02487,2.5041058,1.1302056,0.15083604,0.19560471,12.014633,0.13891,0.106872,0.01943,0.039097,38.8846,0.778882,176.900405,39.795355,0.0390273,2.6018343,1.1743145
20131,63531.0401,1666400285.57,0.64991948,0.094568159,37.237643,5.418356,1.0151065,791.42208,12.006143,1.3910861,0.97901672,-0.34629187,11.927876,0.17222,0.341305,0.090618,0.076411,16.297887,0.527529,1225.894969,384.169341,0.1600999,13.9283253,1.6137988
20173,61027.9001,1450128988.47,5.0023103,-0.82043331,286.611268,-47.007366,2.9277603,592.111,2.7324939,1.2675158,0.65447187,0.17334019,11.976949,0.15628,0.229816,0.019995,0.094432,28.434506,0.977225,491.12921,167.920223,0.1226185,3.0675482,1.4229367
20178,62172.2599,1549001669.97,6.1729232,-0.15644003,353.682447,-8.963353,0.71461631,602.32058,8.7257099,1.1394354,0.92768234,0.10487366,12.01261,0.14007,0.335877,0.112587,0.068089,71.936565,0.755345,919.304726,276.852125,0.1245764,9.8127274,1.2813822
20187,63548.3165,1667892963.09,4.093707,-0.3736715,234.552134,-21.4098,2.5030937,202.57392,3.1759851,1.0905557,0.80329132,0.030777091,12.023094,0.13395,0.336099,0.05351,0.114168,51.413452,0.802991,352.467048,125.554256,0.0442424,3.3164983,1.1388045
20211,61903.6462,1525793451.93,5.5167741,0.76768003,316.087872,43.984826,1.8937592,885.92106,8.0456638,1.2955248,0.95457047,0.20279029,11.967223,0.15986,0.368986,0.085879,0.086706,52.948573,0.317378,1065.110608,339.440704,0.1773655,9.472687,1.5253062
20258,61903.3253,1525765719.74,1.6626132,-0.29588528,95.260719,-16.952978,1.0023348,368.05892,6.7364535,1.3717974,0.66058928,-0.089152172,11.937011,0.16971,0.068508,0.010822,0.01816,28.863668,0.538336,562.933706,188.971562,0.07848,7.2651304,1.4794561
20265,61842.9277,1520547370.91,4.6691784,0.026321216,267.524216,1.508095,0.43415052,958.62346,10.681952,1.2981861,0.95061129,-0.025754973,11.966271,0.16021,0.29962,0.089193,0.064147,51.655989,0.907228,847.63907,271.812087,0.1904481,12.7163095,1.5454232
20273,63053.5351,1625143846.59,4.0396027,-0.96565901,231.452186,-55.328186,2.6456515,479.69735,13.826582,1.1687858,0.87441999,0.31599328,12.00547,0.14377,0.118713,0.052818,0.020083,37.251292,0.879521,457.664515,88.049786,0.1007635,15.2197968,1.2865567
20319,63752.7462,1685555689.05,5.9674048,-0.7394589,341.90711,-42.367874,1.3717916,275.16129,4.7243419,1.3713642,0.41020176,0.1181193,11.937178,0.16965,0.034435,0.000413,0.012517,42.302159,0.197694,499.990584,136.793912,0.0594502,5.005205,1.4528921
20365,61302.3144,1473838383.68,0.17355787,0.65185011,9.944133,37.34826,0.75981205,995.77006,14.496672,1.404759,0.90344214,0.25669351,11.920734,0.17402,0.074855,0.006956,0.020694,39.870337,0.724965,977.940758,331.606326,0.1970686,17.3535109,1.6815929
20374,64171.6865,1721752134.11,4.6243023,-0.77722728,264.953005,-44.531843,2.5159897,804.29077,8.5831957,1.2832048,0.94761407,0.21819827,11.971562,0.15829,0.343981,0.08768,0.0783,37.80669,0.81061,1179.387687,349.523275,0.1624692,9.9777006,1.4916861
20403,62419.0592,1570325131.9,0.43386443,-0.766006,24.858601,-43.888911,0.4213755,763.90336,8.2613831,1.4318097,0.90740216,0.48399249,11.90821,0.17756,0.229849,0.043846,0.057223,23.32233,0.912527,975.302728,390.951117,0.1550138,9.5420115,1.65376
20425,63420.8231,1656877530.47,4.007577,0.68825412,229.617248,39.434056,2.8477121,375.45904,17.722792,1.3034397,0.93244046,-0.13611317,11.964375,0.16088,0.094938,0.022292,0.02214,43.763109,0.957127,294.219874,67.337927,0.0799762,19.1401936,1.4076839
20481,63188.1971,1636778649.27,2.0349164,0.26188981,116.592121,15.005181,0.52235422,691.45392,12.270281,1.156775,0.88052291,0.15437321,12.007808,0.14226,0.167905,0.075703,0.0281,33.952193,0.866647,778.548422,253.07307,0.1414909,14.0064141,1.3204481
20490,63076.0658,1627090502.6,0.74411176,-1.2801021,42.634463,-73.344448,1.230693,48.784352,5.3680019,1.2934873,0.42945862,0.41277719,11.967948,0.1596,0.038966,0.007253,0.010558,36.370358,0.333585,61.19173,9.68396,0.0109191,5.4266156,1.307611
20496,63931.8129,1701027053.27,2.5926672,-0.48857439,148.548888,-27.993251,2.3176197,801.74243,5.5755868,1.2279894,0.97079593,0.019338265,11.996705,0.15116,0.463172,0.083571,0.12207,69.29057,0.679311,930.676806,271.118298,0.1620005,6.4788346,1.4269243
20498,61212.0655,1466040874.15,0.75852114,-0.31964662,43.46006,-18.314402,2.5375193,396.92281,6.3839126,1.2513156,0.8406949,0.20400399,11.982518,0.15421,0.250006,0.058882,0.059707,32.090301,0.823029,706.040092,249.160772,0.0843002,6.9220777,1.3568018
20515,62963.6783,1617380225.66,1.9320243,-0.23285637,110.696838,-13.341687,2.8738626,549.01516,6.1848621,1.5300958,0.93516934,0.40910649,11.846509,0.19073,0.305763,0.031625,0.09239,36.797956,0.964374,462.6333,140.001619,0.1143053,6.8918246,1.7049939
20557,61732.5456,1511010361.78,1.7213862,0.037756721,98.628164,2.163301,1.0844028,269.81603,5.8371525,1.2006512,0.79846168,-0.065602101,11.997397,0.14779,0.240151,0.059548,0.056984,31.694826,0.467441,419.628216,121.796173,0.0583408,6.1776966,1.2706982
20571,61965.7768,1531161535.95,4.9041899,-0.80124671,280.989383,-45.908055,0.8653925,219.26779,4.6831713,1.2972063,0.8613804,-0.12202656,11.966622,0.16008,0.307502,0.045783,0.0937,33.433336,0.648341,299.742984,74.287838,0.0477676,4.9068752,1.3591707
20621,62816.9379,1604701852.73,5.9980838,-0.075983477,343.664887,-4.353533,1.1059687,371.13106,10.708038,1.4583696,0.8468467,0.24926008,11.891993,0.1811,0.072539,0.00539,0.020483,22.359777,0.448269,558.208907,141.361883,0.0791015,11.5550599,1.5737288
20623,61446.5453,1486299931.71,2.9167867,-0.61573464,167.119568,-35.278996,2.8047523,439.15091,9.1592178,1.3137079,0.73467851,0.26506013,11.960619,0.1622,0.060093,0.012817,0.014431,40.135059,0.943804,337.528681,89.50007,0.0927402,10.0086455,1.4355414
20637,63615.8609,1673728802.1,1.5168903,-0.42310886,86.911412,-24.242352,2.2653212,383.3933,2.6561022,1.0916774,0.44392037,-0.49374738,12.022799,0.13409,0.192388,0.032637,0.069534,71.293997,0.64002,502.233452,181.248879,0.0815773,2.8727798,1.1807335
20660,62190.8247,1550605670.78,2.649628,-0.23430206,151.812502,-13.424519,2.305058,490.41003,5.2026954,1.1601002,0.65036017,0.059490602,12.0072,0.14268,0.171643,0.047726,0.040013,17.738701,0.670039,891.406661,262.640782,0.1028704,5.7378988,1.2794402
20665,63103.3188,1629445165.51,2.1964139,-0.41441077,125.845247,-23.743988,2.2448859,578.52276,9.7458582,1.5206838,0.92157483,-0.013913536,11.853209,0.18945,0.1841,0.029659,0.047241,55.407375,0.624186,795.109678,303.853182,0.1200058,10.9154177,1.7031747
20715,61709.2593,1508998425.76,3.4156174,-0.4736791,195.700461,-27.139813,1.6240432,257.93586,8.4085484,1.2317535,0.97730565,0.44018647,11.993087,0.15167,0.443335,0.113539,0.100708,22.162034,0.053222,736.673435,212.493286,0.0558692,8.8783273,1.3005706
20764,62021.5204,1535977784.04,2.9636313,-0.32820204,169.803566,-18.804592,0.92188739,228.65676,2.8610759,1.11344,-0.28719315,0.31520247,12.018351,0.13681,0.023396,0.011043,0.005274,18.27502,0.604317,283.893785,71.759493,0.0497429,3.0033941,1.1688257
20809,64322.3077,1734765806.61,1.3673822,0.63378766,78.345229,36.313358,0.74610275,571.78717,2.7229698,1.2630979,0.65447187,0.17334019,11.978399,0.15572,0.231241,0.02036,0.094909,31.250318,0.73434,783.12025,219.91543,0.1187079,3.0462078,1.4130376
20861,63557.189,1668659547.95,5.5055664,-0.74966354,315.445719,-42.952557,2.3526221,230.56754,4.1369176,1.1890924,-0.078624181,0.061199401,11.999638,0.14634,0.003795,2.2e-05,0.00138,33.194378,0.704576,466.217655,155.811828,0.0501443,4.3443604,1.2487186
20908,62028.92,1536617109.04,1.1654457,-1.3066059,66.77512,-74.863004,0.12004136,601.90892,10.221707,1.5082918,0.93578231,-0.44025984,11.861567,0.18778,0.205232,0.036899,0.05141,34.819229,0.992804,385.864564,116.889678,0.1244976,11.494285,1.6960705
20926,62178.7639,1549563619.77,0.67170778,0.38040046,38.486021,21.795341,0.11860942,565.3937,5.8226962,1.6774567,0.88934827,0.24253555,11.713495,0.21148,0.191046,0.002552,0.069043,45.423291,0.992974,400.227765,101.615291,0.1174741,6.5067122,1.8745144
20929,61908.2407,1526190418.79,5.7095665,0.47191934,327.134063,27.038986,0.8915384,595.51211,5.2029967,1.1288998,0.9715789,-0.38420567,12.014841,0.13875,0.47855,0.096753,0.122201,22.676089,0.628216,775.154858,243.773733,0.1232712,5.8443763,1.2680606
20930,62063.1521,1539574761.65,4.4795258,0.91286234,256.657923,52.303159,2.5844126,907.23075,8.0854626,1.4534519,0.80700094,0.28382736,11.895305,0.18044,0.105057,0.014935,0.027818,67.429453,0.84875,1065.16995,325.950404,0.1812177,9.5506915,1.7168431
20933,61210.8705,1465937629.99,4.152929,0.57587847,237.945304,32.995406,0.4816537,732.63352,11.010467,1.3166794,0.84842569,-0.17914334,11.959512,0.16258,0.108618,0.031596,0.023478,66.44342,0.88623,704.011915,223.767466,0.1492011,12.6532408,1.5131294
20935,64138.8101,1718911610.89,5.4127524,0.31814285,310.127868,18.228243,1.8672025,293.78732,13.079716,1.2868907,0.88428319,-0.34189603,11.970276,0.15876,0.113377,0.037173,0.023225,48.647665,0.292085,596.623168,213.761545,0.0633034,13.9077065,1.3683553
20941,63963.2193,1703740564.12,5.9689371,0.29860937,341.994904,17.109057,1.1323144,220.97126,15.344873,1.1812897,0.84058207,-0.25084898,12.001704,0.14535,0.045016,0.001131,0.013375,73.190372,0.424565,437.148896,90.882412,0.0481264,16.0833665,1.2381409
20949,63506.123,1664247447.72,4.5108312,-1.1931698,258.45159,-68.363594,2.7436818,390.96351,9.9810801,1.4443845,0.86161208,-0.33296648,11.901449,0.17922,0.111865,0.019647,0.028154,62.86846,0.921873,357.567084,67.002545,0.083102,10.8105278,1.5644157
20953,63417.4657,1656587456.59,4.9303001,1.0024093,282.485387,57.433822,0.68154701,469.88961,3.4811492,1.179626,0.90403843,0.2586624,12.002215,0.14514,0.39739,0.052391,0.13845,17.883144,0.776599,534.446046,159.770926,0.0988298,3.8251905,1.2962082
20984,62071.155,1540266206.53,5.8205838,0.88232332,333.494886,50.553402,2.3116083,361.46604,4.7441392,1.2315063,0.66007519,0.17509635,11.993396,0.15163,0.174021,0.037162,0.047262,16.929382,0.674887,432.462227,139.587125,0.0771446,5.1101239,1.3265104
21006,61812.7228,1517937664.62,1.6972704,-0.87784133,97.246431,-50.296603,0.66184704,978.75504,7.5171118,1.3187691,0.73507857,0.013215628,11.958729,0.16285,0.104609,0.026115,0.024173,63.287108,0.788858,990.423834,325.646912,0.1940413,8.9757419,1.5746648
21007,63915.9484,1699656361.63,4.366131,1.1876135,250.160879,68.045241,0.15637502,220.76896,6.0585151,1.5048679,0.79695523,-0.31191173,11.864249,0.18731,0.142998,0.012986,0.043902,71.708597,0.987798,191.816433,26.829542,0.0480838,6.3498315,1.5772277
21038,64499.2072,1750049917.56,5.0242181,-0.53625329,287.866492,-30.72505,0.99087853,525.81379,4.6826777,1.1460042,0.64320093,0.42639303,12.010668,0.1409,0.189386,0.048358,0.047287,51.69903,0.547955,795.877936,233.161002,0.1097966,5.1968198,1.2718316
21092,62876.1614,1609818764.94,1.279595,-0.65830634,73.315393,-37.718175,2.856457,516.09358,8.4304981,1.2193831,0.67733902,-0.32252771,11.992965,0.15015,0.069428,0.024433,0.013737,50.83148,0.959624,426.796762,82.967572,0.1079006,9.3401539,1.3509553
21136,62449.6299,1572966443.29,2.471122,-0.17884611,141.584861,-10.247127,1.8559395,55.135889,2.8419201,1.1392534,0.80468065,-0.35837829,12.01266,0.14005,0.336866,0.041784,0.127355,71.53791,0.281295,168.183063,34.45101,0.0123276,2.8769542,1.1532977
21137,63927.0089,1700611983.62,2.0775354,0.27096337,119.03401,15.525058,1.4596673,411.65836,8.2438869,1.569544,0.91547853,0.34682456,11.816427,0.19615,0.197763,0.022759,0.05441,69.689094,0.1109,760.267013,207.596446,0.0872553,8.9632097,1.706495
21155,63972.6667,1704556824.53,5.1618494,-0.3561091,295.752185,-20.403548,3.0429414,404.55959,6.7378392,1.3255656,0.66645437,0.10254747,11.956205,0.16372,0.084061,0.018722,0.020426,31.211987,0.995138,321.412751,72.18536,0.085833,7.3161682,1.4393429
21186,63563.2881,1669186506.76,4.2238831,-0.20797374,242.010675,-11.916018,1.4839518,348.88346,4.0866666,1.5710363,0.84291792,-0.2130934,11.815047,0.19636,0.229044,0.006091,0.094741,55.119078,0.086735,553.415737,212.748273,0.0745898,4.3914902,1.6882196
21242,63949.5024,1702555428.12,4.4405487,1.0167722,254.424699,58.256756,2.5045732,413.67375,16.545179,1.2111579,0.89802927,0.26565811,11.993155,0.14913,0.083381,0.024978,0.017799,73.30215,0.803872,427.226966,82.641564,0.0876586,17.9955062,1.3173263
21258,62175.3342,1549267295.3,4.0298553,-0.14685828,230.893701,-8.41436,0.34981861,271.50773,3.3174491,1.3663729,0.3856253,0.033485696,11.939072,0.169,0.073331,0.003782,0.030293,22.356743,0.939435,225.076923,75.116417,0.058692,3.5121568,1.4465681
21267,61727.7904,1510599504.3,1.0505293,-0.55158083,60.190895,-31.603254,0.1289467,505.33195,7.3913193,1.6426834,0.98899859,0.26346505,11.750743,0.20644,0.406942,0.037245,0.119241,16.837182,0.991698,417.518044,113.494304,0.1057966,8.1732958,1.8164737
21291,62739.1497,1597980951.02,5.4843508,-0.32882365,314.230154,-18.840207,2.2108075,264.36952,2.960144,1.4160185,0.93596435,-0.052004352,11.915938,0.17549,0.407041,0.018807,0.17591,21.203142,0.597204,378.05489,146.380915,0.0572087,3.12949,1.4970271
21294,63395.0652,1654652054.82,4.2214964,0.5262331,241.873927,30.150936,2.4014657,252.50395,6.9543939,1.2629,0.88300514,-0.32998601,11.978462,0.15569,0.279621,0.06668,0.065799,68.20544,0.738383,407.661308,163.237423,0.0547364,7.3350524,1.3320266
21313,63627.7822,1674758803.01,1.5870339,-0.13330076,90.930344,-7.637571,0.75821173,540.3805,6.6696444,1.5159978,0.79859352,-0.48165941,11.855617,0.18883,0.121167,0.010178,0.036082,17.849426,0.726067,459.583073,159.170264,0.1126301,7.4208471,1.6867448
21346,63460.3792,1660295184.77,2.6144144,-0.27147271,149.794911,-15.554241,0.39473556,798.68129,10.666724,1.4010228,0.98170626,-0.030416304,11.923531,0.17352,0.378743,0.089352,0.08825,56.332803,0.923098,613.69405,163.162735,0.1614371,12.388729,1.6271999
21357,62440.319,1572161977.81,5.7177068,-0.37526127,327.600468,-21.500887,0.68489662,737.74882,5.8853879,1.3974838,0.77466655,-0.00043538626,11.926018,0.17304,0.163528,0.025472,0.045669,48.409632,0.774484,761.96582,222.036688,0.1501545,6.7691054,1.6073223
21364,62056.2288,1538976584.66,3.0194421,0.11333817,173.001289,6.493799,0.5725234,341.1625,4.9998884,1.0824796,0.12259804,-0.12746888,12.024737,0.13294,0.025721,0.016489,0.002953,61.233095,0.840537,399.03594,101.563292,0.073018,5.3649703,1.1615201
21377,63719.4426,1682678257.43,4.6320322,-1.1074775,265.395896,-63.453787,1.1925539,256.17301,8.0932264,1.3793706,0.67664105,0.41200832,11.933401,0.17069,0.038539,9.2e-05,0.011813,69.193175,0.369288,464.961207,112.510599,0.0555018,8.542415,1.4559282
21447,63215.9767,1639178803.71,4.6235518,0.92335754,264.910005,52.90449,1.0722117,637.73468,11.975946,1.4371393,0.90532613,-0.47134823,11.903915,0.17828,0.124813,0.02582,0.030176,22.535588,0.478183,1006.921754,328.941884,0.1313348,13.5488045,1.6258857
21449,62826.3457,1605514684.03,1.3016806,1.1803625,74.580805,67.62979,1.9862645,398.8325,16.40498,1.0881821,0.95422953,-0.43971619,12.023682,0.13365,0.253729,0.136719,0.03566,61.72316,0.403618,842.066469,362.483278,0.0846837,17.7942144,1.1803334
21457,63515.6852,1665073618.55,4.6339751,0.23736207,265.507216,13.599845,0.54760482,583.4567,3.8626134,1.2997311,0.88073587,-0.093845695,11.965716,0.1604,0.347034,0.039586,0.122935,69.537894,0.853774,719.508605,261.509726,0.1209554,4.3298173,1.4569406
21467,62309.8909,1560892994.25,3.6641318,0.10205807,209.939288,5.847497,2.4552677,931.19812,12.997927,1.6467485,0.9635641,-0.44471508,11.745972,0.20703,0.159602,0.015291,0.043999,69.529122,0.77358,914.145619,316.566108,0.1855328,15.4094688,1.9522744
21468,61407.7415,1482947287.4,0.33686832,0.025974948,19.301133,1.488255,0.91822237,577.41919,3.4643843,1.6160196,0.90757191,-0.42276803,11.776037,0.20265,0.306806,0.001757,0.137465,66.937028,0.607233,868.615295,256.281682,0.1197933,3.8793943,1.8096079
21474,62425.8599,1570912712.17,4.1603028,1.2152634,238.367792,69.629464,2.3461073,620.40934,13.576712,1.1917518,0.80818397,0.15960839,11.999097,0.14667,0.04667,0.006874,0.012129,26.089714,0.699938,689.741586,193.97092,0.1280349,15.315005,1.3443376
21485,61182.4202,1463479519.19,5.5953539,0.71562472,320.590163,41.002276,2.7000711,804.08757,11.981003,1.5700113,0.96039814,-0.21015354,11.816,0.19622,0.203747,0.033545,0.051902,28.637345,0.904103,1046.632198,385.839065,0.1624318,13.9270989,1.8250311
21487,64381.5727,1739886295.55,5.4963641,-0.039054385,314.918466,-2.237651,0.83684017,544.74853,9.9088249,1.2908435,0.81117743,-0.32331565,11.968884,0.15927,0.106265,0.032536,0.022483,51.149302,0.669812,521.91155,146.202968,0.113478,11.0332585,1.4373258
21488,61641.62,1503154386.44,0.76948422,1.0011134,44.088198,57.359573,2.0281102,170.65314,16.485449,1.2677128,0.97356683,-0.086359046,11.976883,0.15631,0.264553,0.106235,0.04825,21.227846,0.44154,296.637003,64.668604,0.0374539,17.1028934,1.3151936
21527,62802.1239,1603421923.6,4.1755706,0.017833221,239.242572,1.021768,1.815257,147.01415,11.701978,1.50883,0.88717872,0.11622101,11.861038,0.18785,0.081298,0.003945,0.023586,50.714202,0.242033,238.444847,62.459671,0.032385,12.0809466,1.5576935
21532,63824.2474,1691733395.59,5.3583581,0.25946546,307.011304,14.866276,0.50990179,530.80047,2.5783288,1.3212159,0.1700315,-0.36273429,11.957813,0.16316,0.055088,0.00098,0.024836,69.457616,0.872792,552.111838,195.936664,0.1107677,2.8639244,1.4675639
21555,64040.8284,1710445988.36,0.53971226,0.71997053,30.923235,41.251273,2.7437577,843.98969,8.2148695,1.3278247,0.67329216,0.48672214,11.955366,0.16401,0.045965,0.006598,0.012059,45.831113,0.921902,717.316383,218.811585,0.1697419,9.6092771,1.5532122
21567,63277.8807,1644527309.88,2.6555707,-1.1604168,152.152993,-66.486985,0.52864536,436.8684,4.0770583,1.5490447,0.90038151,0.22535387,11.832266,0.19333,0.30191,0.013049,0.122176,72.132851,0.863491,642.072219,226.249387,0.0922862,4.4533145,1.6920001
21592,62208.7117,1552151111.09,3.1200765,-0.13122032,178.767215,-7.518371,2.3183571,234.10553,8.6579962,1.4571633,0.83594245,-0.063963316,11.892828,0.18094,0.115465,0.017976,0.029929,31.147411,0.679852,335.935984,90.65322,0.0508868,9.0985739,1.5313137
21600,62348.2438,1564206684.62,3.2132997,-0.36004256,184.108511,-20.628919,0.80459762,237.65047,4.6416187,1.6030076,0.80296379,-0.29807621,11.787646,0.20082,0.162747,0.001109,0.065491,28.085499,0.693401,364.427692,100.536222,0.0516301,4.8812659,1.685771
21607,62318.244,1561614703.79,5.5993869,-0.49745423,320.821237,-28.502028,2.4110463,832.86552,14.014706,1.6848483,0.96977741,0.20341058,11.705257,0.21256,0.142998,0.007268,0.041375,25.360579,0.74481,771.762098,285.954493,0.1677094,16.3651039,1.9674132
21628,63462.829,1660506846.0,2.3715784,0.54143467,135.881433,31.021921,2.4412567,290.35566,15.079368,1.0777521,0.98593563,0.47785676,12.02542,0.13235,0.417641,0.201113,0.06599,61.214339,0.764626,263.656266,80.520727,0.0625949,16.0232595,1.1452139
21664,61432.649,1485099287.76,0.19012736,0.79279892,10.893495,45.424032,0.65219303,611.75663,10.824946,1.2653759,0.84468758,-0.25850958,11.977662,0.15601,0.124571,0.042774,0.024933,60.298936,0.794755,681.55854,176.701253,0.1263822,12.1930265,1.4252969
21670,64471.9052,1747691025.3,6.0022238,-0.38930393,343.902091,-22.305472,1.2816566,128.23081,3.1834409,1.3112582,0.74363059,-0.38437387,11.961522,0.16188,0.254305,0.0231,0.100706,53.389573,0.285128,168.50428,41.798436,0.0283314,3.2736322,1.348408
21694,64314.3272,1734076289.05,2.5917954,-0.22499018,148.498938,-12.890988,2.697377,404.13481,6.7472572,1.4212095,0.78441489,-0.2681475,11.912652,0.17618,0.136109,0.021727,0.036304,73.103931,0.902948,346.256453,76.393723,0.0857478,7.3258197,1.5430751
21697,61938.7877,1528829674.56,1.671918,-0.16874534,95.793845,-9.668396,2.6859534,404.95725,18.406507,1.2452703,0.98238319,-0.19649243,11.98412,0.15345,0.282941,0.122835,0.048795,27.579387,0.89798,382.26184,65.643009,0.0859128,19.9878616,1.352255
21723,61889.3166,1524555374.05,1.7331278,-0.1945853,99.300908,-11.148916,0.432058,229.37429,7.3674111,1.6023573,0.93318409,-0.21759877,11.788303,0.20073,0.244816,0.022966,0.071059,20.63483,0.908106,210.112751,35.875553,0.0498936,7.7349978,1.6823047
21732,64117.8092,1717097135.86,5.640728,-1.0421519,323.189908,-59.710905,1.7464971,278.94028,3.1832347,1.1526129,0.65170926,-0.20004423,12.008771,0.14174,0.242086,0.037998,0.084565,29.948225,0.174798,483.287531,146.810389,0.0602335,3.3749721,1.2220388
21753,64133.9982,1718495861.58,6.0216949,-1.2681078,345.017703,-72.657225,2.0501843,194.77605,7.1400943,1.1501658,0.47184703,-0.18738326,12.009438,0.14143,0.03535,0.015111,0.006199,30.987007,0.461236,356.000008,78.871718,0.0425899,7.4441902,1.1991512
21775,63427.488,1657453379.24,4.7953385,-0.86584253,274.752657,-49.609123,2.2366785,521.61799,2.5161529,1.2951077,0.60559022,0.12951088,11.967371,0.15981,0.206011,0.01347,0.088445,53.879169,0.617753,735.49303,213.190311,0.1089787,2.79036,1.4362469
21779,64419.5312,1743165910.83,3.5373405,0.18978187,202.674681,10.8737,1.0545192,186.57983,2.7473583,1.4467179,0.80529726,0.46414876,11.899948,0.17953,0.273331,0.007135,0.122728,34.291442,0.493646,288.181057,79.938746,0.0408489,2.8595849,1.5058147
21788,64094.7974,1715108914.06,3.8098834,-1.1494594,218.290239,-65.859172,1.5572649,703.33482,19.224579,1.2856097,0.92959088,0.18519716,11.970724,0.1586,0.067491,0.001861,0.020002,36.226677,0.013531,1444.54141,433.233889,0.143722,21.9875739,1.4703801
21795,62859.6209,1608389665.51,1.8900266,0.80681272,108.290547,46.226964,0.46570632,377.38414,4.0003695,1.3681061,0.67037499,0.034488916,11.938405,0.16923,0.167107,0.017932,0.060146,38.941074,0.893505,310.937624,74.617424,0.080365,4.3218592,1.4780539
21798,62366.7755,1565807818.73,1.6967251,0.8274632,97.215187,47.410149,0.38519938,828.65809,6.3899837,1.5032402,0.75160587,0.49454215,11.865101,0.18709,0.097086,0.006244,0.029933,18.232111,0.926724,572.149237,213.451118,0.1669396,7.456725,1.7541905
21807,62574.5657,1583760894.26,1.6256646,0.062498521,93.14372,3.580901,0.87100247,362.78815,11.831361,1.0922496,0.86030006,0.33379191,12.022646,0.13416,0.170504,0.085471,0.025915,23.567285,0.64406,561.62364,156.801935,0.0774126,12.7472574,1.1768035
21833,63942.1999,1701924491.35,5.5207358,0.5227668,316.314861,29.952331,0.39163362,703.11078,8.4693232,1.6456388,0.96495152,-0.23710699,11.747327,0.20687,0.279149,0.027647,0.078449,65.336372,0.924287,599.754859,208.744518,0.14368,9.6861956,1.8820842
21859,64015.8498,1708287839.17,2.3199111,0.13547412,132.921115,7.762095,1.2549349,319.61176,6.4586306,1.5343845,0.82012504,-0.204261,11.843875,0.19131,0.141715,0.011425,0.043109,39.576303,0.310635,650.120699,216.504757,0.0686139,6.9017824,1.6396646
21866,61892.3619,1524818483.05,5.7999529,-0.68055667,332.312823,-38.993025,2.2973585,498.44884,10.53441,1.4644636,0.94173354,-0.40541339,11.888397,0.18191,0.226284,0.047781,0.054463,40.568637,0.664304,529.185897,137.708066,0.1044481,11.6347091,1.617424
21879,63390.1149,1654224343.98,6.1397526,0.11657434,351.781911,6.679218,0.37542302,509.07442,3.0731823,1.4370285,0.66155803,-0.46728083,11.903977,0.17827,0.173594,0.005594,0.075748,23.844506,0.930353,705.007592,233.063366,0.1065289,3.400565,1.5901136
21892,63953.4745,1702898616.64,4.069634,-0.61154671,233.172852,-35.039045,0.27273727,700.12103,19.311829,1.3868115,0.98475975,0.23215739,11.929367,0.17167,0.227376,0.076975,0.045837,49.589765,0.963037,516.419871,117.519967,0.143119,22.0757187,1.5852906
21908,62854.5556,1607952018.96,6.0405086,-0.75016286,346.095649,-42.981166,2.4915115,862.2659,5.0852838,1.5100162,0.72847962,-0.28553072,11.859853,0.18802,0.121654,0.006087,0.043088,53.036479,0.796035,956.583693,289.893516,0.1730719,5.9654035,1.7713576
21912,62745.0191,1598488070.98,3.3865415,0.41207533,194.034535,23.610177,1.9895116,77.525341,4.1442475,1.0515286,0.44052762,0.11000809,12.030556,0.12907,0.146615,0.047308,0.03389,46.462811,0.406587,280.123873,83.139669,0.0172695,4.2158166,1.069688
21920,63335.1607,1649476299.43,4.900012,-0.069490567,280.750007,-3.981516,1.610554,379.49421,6.5099554,1.3489554,0.97538954,-0.10983286,11.948059,0.16673,0.442442,0.073459,0.116626,17.317887,0.039747,486.456738,173.063858,0.0807909,7.0359006,1.4579387
21954,62507.6105,1577975966.19,2.4832551,0.94453036,142.280037,54.117603,0.77712299,510.62701,9.1063595,1.2492883,0.87391895,-0.12535338,11.983216,0.15395,0.212551,0.067125,0.044364,68.474557,0.712934,689.89369,232.510069,0.1068325,10.0792147,1.3827529
21969,63468.469,1660994141.14,5.1604634,1.0604221,295.672773,60.757711,0.82381288,663.34388,11.175296,1.2551317,0.79087919,-0.34977329,11.981065,0.1547,0.066859,0.019022,0.01458,24.287063,0.679428,849.515856,276.216802,0.1361906,12.6972663,1.4260688
21994,62268.1062,1557282797.78,4.7326114,0.14897704,271.158659,8.535756,2.1437366,335.92876,3.4244111,1.1086986,0.62655228,0.089838646,12.019393,0.13622,0.232532,0.045077,0.073427,27.807353,0.542105,416.830437,121.549592,0.0719507,3.6707999,1.1884702
22041,63928.3124,1700724607.08,3.2231384,-0.29121711,184.672227,-16.685511,0.081626569,550.0838,16.886728,1.2336538,0.97798264,-0.027727358,11.990609,0.15193,0.291011,0.124141,0.050856,37.136182,0.99667,483.686078,131.109168,0.1145124,18.8204678,1.3749225
22053,61817.8855,1518383726.39,0.27384776,-0.9609126,15.690321,-55.056236,2.547995,407.22626,13.710785,1.2140443,0.84998935,0.093688503,11.991958,0.1495,0.077386,0.025324,0.015867,38.785381,0.828934,364.511828,59.423085,0.0863676,14.8949526,1.3188984
22062,61356.1472,1478489536.27,5.4317513,-0.46107246,311.216425,-26.417506,0.68891023,294.80235,3.1705437,1.2789501,0.26460099,-0.42970344,11.973032,0.15774,0.068887,0.008753,0.02601,56.620453,0.771939,347.052946,85.164934,0.0635128,3.3719138,1.3601798
22064,62187.4022,1550309965.15,1.6982388,-1.0354829,97.301916,-59.3288,2.8238468,698.00283,7.8083463,1.5741924,0.91044104,0.14931104,11.812145,0.1968,0.200038,0.021184,0.056181,61.44779,0.949942,649.720626,244.417723,0.1427214,8.9227644,1.7988633
22066,61291.7324,1472924097.12,2.4273897,0.17934951,139.079185,10.27597,2.4087346,729.53322,18.253277,1.4036571,0.97356683,-0.086359046,11.921474,0.17387,0.177992,0.053059,0.038075,23.117015,0.743265,877.307443,244.498885,0.1486229,20.966132,1.6122727
22077,63533.3895,1666603266.51,1.6757131,-0.93503286,96.011288,-53.573437,2.5492526,913.79564,10.008884,1.54656,0.89288497,0.27201647,11.8335,0.193,0.119517,0.012206,0.032814,21.521656,0.829636,987.848279,358.173677,0.1824015,11.8345195,1.8286549
22097,63461.8625,1660423334.65,1.4095666,-0.94676814,80.762217,-54.245819,1.5545974,436.4027,4.0380664,1.1776258,0.29105768,-0.27581066,12.002842,0.14489,0.071369,0.020825,0.018646,65.939423,0.016198,804.935759,230.526851,0.0921936,4.4103503,1.2861954
22099,63781.4881,1688038986.38,0.043537646,-1.1332358,2.494523,-64.929629,0.34528685,375.06708,7.6846824,1.2453954,0.9211641,-0.42082033,11.984105,0.15346,0.322059,0.082588,0.073363,17.134349,0.940978,314.740386,66.496744,0.079897,8.2986655,1.3448988
22100,63529.7713,1666290662.1,6.0999156,-0.033760161,349.499419,-1.934315,2.5223608,761.50115,9.8057184,1.4776009,0.83396327,0.41857442,11.881782,0.18364,0.076398,0.005574,0.021641,24.617632,0.814325,778.545102,260.076694,0.1545685,11.3213736,1.7059915
22147,64136.0631,1718674273.55,3.8278624,0.73528815,219.32036,42.128908,2.083275,485.91299,3.7815287,1.3265666,0.28984532,0.046426643,11.955836,0.16385,0.042554,0.003677,0.015873,64.40105,0.490339,481.648995,182.89625,0.1019866,4.167194,1.4618586
22151,62386.8274,1567540305.5,4.6434865,0.93675296,266.052179,53.671991,1.5213421,209.36749,14.251101,1.2481841,0.96802145,0.36860606,11.983541,0.15381,0.2935,0.112816,0.055067,29.978739,0.049434,341.482868,109.319249,0.0456791,14.9020785,1.3052
22177,61750.5212,1512563447.43,1.3115553,0.45777537,75.146583,26.228597,0.66552419,847.24211,19.35615,1.3167073,0.98479134,-0.37155455,11.959502,0.16258,0.2542,0.099572,0.047126,38.439789,0.786593,852.444234,222.070443,0.1703353,22.6531856,1.540989
22204,61526.9459,1493246545.24,3.6498853,0.63840399,209.123023,36.577854,2.6108905,999.13302,7.0403848,1.6531366,0.95928901,0.024920002,11.741241,0.20792,0.296911,0.022172,0.090458,30.953092,0.862452,742.227559,264.184155,0.1976659,8.4320288,1.9799053
22296,61962.7199,1530897421.57,0.36735241,0.51726661,21.047743,29.637194,1.7333337,210.97053,5.0561781,1.418083,0.65057141,0.26061571,11.914756,0.17576,0.104053,0.010991,0.033558,49.223591,0.161823,522.464298,160.718586,0.0460176,5.2888513,1.4833398
22308,63290.1788,1645589862.35,3.0364917,-0.41356189,173.978159,-23.695351,0.97384124,577.44253,8.7398825,1.4528275,0.8683452,-0.40863359,11.895705,0.18035,0.152109,0.027315,0.038282,37.660933,0.562127,795.532574,280.279424,0.1197978,9.7869012,1.626873
22317,62409.3873,1569489482.66,1.9564292,0.41966177,112.095136,24.044848,0.31338155,311.363,4.2764897,1.290325,0.19444142,0.043854084,11.969067,0.1592,0.01748,0.000507,0.006388,64.044058,0.951297,324.40037,98.767585,0.0669216,4.5626792,1.3766756
22332,62803.2178,1603516438.48,1.0950585,0.078559542,62.74223,4.50113,2.3308835,572.21479,10.169798,1.5006322,0.93578231,-0.44025984,11.866308,0.18675,0.209284,0.038527,0.052151,28.035323,0.688985,756.538789,216.369692,0.1187903,11.3778714,1.6788927
22362,64402.3849,1741684473.23,2.8356557,-0.18653326,162.471104,-10.687569,2.201467,447.66861,8.3533096,1.1452672,0.77721691,0.4451474,12.010892,0.14081,0.161657,0.063758,0.029865,31.538459,0.589687,840.716372,304.928234,0.0944321,9.1421302,1.2534172
22366,62927.5565,1614259302.7,4.5348154,0.19870031,259.825783,11.384689,0.64760668,201.14119,4.8626027,1.5073941,0.93869668,-0.31107095,11.862406,0.18765,0.352409,0.027996,0.124012,61.857899,0.79753,223.200318,39.788182,0.0439391,5.0762611,1.5736276
22423,63572.4391,1669977157.9,0.9949074,-0.12670565,57.003995,-7.259699,0.26951124,701.24478,6.3056808,1.1884856,0.98139316,0.10069243,11.999771,0.14626,0.489682,0.1038,0.119797,25.670229,0.963901,533.950928,139.224988,0.1433299,7.2094734,1.3588311
22425,64208.5995,1724941418.94,3.4720898,-0.59061911,198.936092,-33.839982,0.91146824,387.78199,15.986045,1.3181458,0.90925181,-0.20588435,11.958962,0.16277,0.080158,0.014782,0.019925,31.501567,0.612586,698.38713,257.22357,0.0824616,17.3042798,1.4268422
22447,62566.046,1583024792.59,4.2477966,-0.51232096,243.380817,-29.353829,0.60168592,903.30407,6.573072,1.4550349,0.76698446,-0.20841272,11.894278,0.18065,0.117297,0.014582,0.033085,64.005214,0.824383,858.488382,264.108647,0.180509,7.7595707,1.7176818
22451,62886.9792,1610753424.99,3.0208244,0.3200157,173.080489,18.335549,2.0161251,360.99502,8.561903,1.4344386,0.7481271,0.13690023,11.90595,0.17792,0.052631,0.001231,0.015775,49.72028,0.430755,490.279231,108.460077,0.0770492,9.2215908,1.5449609
22458,63753.524,1685622891.93,1.1125221,0.36360832,63.742821,20.833222,0.42995415,447.88283,3.3646889,1.3295529,0.82636029,-0.35449889,11.954705,0.16424,0.303522,0.026922,0.118766,71.773587,0.908985,436.784991,161.714697,0.0944746,3.6825665,1.4551619
22488,63599.6367,1672327027.07,4.9963758,0.25078045,286.271246,14.368661,2.4274079,567.33608,2.9599998,1.3239477,0.16392913,0.31573716,11.9568,0.16351,0.04127,0.001026,0.017953,67.362096,0.755627,631.217393,200.699027,0.1178491,3.3088331,1.4799737
22530,62580.741,1584294443.77,3.0566099,-0.55575188,175.130847,-31.842237,0.33221228,593.68549,8.9655609,1.7418644,0.96095413,0.23885311,11.634627,0.22109,0.214747,0.009449,0.064036,69.018739,0.945323,503.51222,140.194453,0.1229207,10.0676139,1.9559756
22544,61012.4407,1448793290.23,6.1589756,0.69569557,352.883308,39.86042,0.71393442,171.37901,6.6242814,1.8001578,0.97951144,-0.49370176,11.54809,0.2302,0.316813,0.006011,0.110066,63.401637,0.755791,278.296807,67.737299,0.037609,6.873414,1.8678599
22565,62182.8303,1549914958.16,3.8697485,-0.66530958,221.720257,-38.119431,0.69929485,319.56767,2.9717846,1.3161256,0.49678242,0.21958393,11.959719,0.16251,0.138785,0.011748,0.056526,28.191065,0.765296,320.359907,87.195749,0.0686049,3.1756636,1.4064183
22599,61303.343,1473927251.55,5.0493504,0.14043601,289.306467,8.046391,2.4260286,501.43006,5.695581,1.6429833,0.95213217,0.10264977,11.75043,0.20648,0.317479,0.017261,0.110051,49.2616,0.754723,820.117024,299.042222,0.1050324,6.2938015,1.8155498
22600,62723.7213,1596647935.46,0.56124421,-0.27557201,32.156925,-15.789113,0.89322318,547.44358,4.8072429,1.3788424,0.90664375,-0.2241087,11.933702,0.17062,0.337311,0.040475,0.108448,62.953986,0.626904,644.350774,204.498977,0.1140007,5.355272,1.5360314
22618,63249.6829,1642091016.7,3.0173018,-0.026016439,172.878659,-1.490632,1.7788948,243.01816,3.0840697,1.4237313,0.63435119,0.20329186,11.911207,0.17651,0.163076,0.006015,0.070608,50.847865,0.2066,316.161992,95.623879,0.0527541,3.246767,1.498839
22661,64055.9682,1711754074.79,5.35249,-1.3258008,306.675087,-75.96279,0.28477706,661.52177,16.90074,1.170716,0.91467303,0.237744,12.00495,0.14401,0.117706,0.050731,0.020412,50.782668,0.959724,559.608925,143.797845,0.135846,19.1966379,1.3297531
22671,63625.4459,1674556941.57,3.8335409,-0.35849672,219.645714,-20.540349,1.0908094,411.08218,4.8734279,1.6905925,0.92822391,0.40878013,11.700424,0.21337,0.275098,0.003858,0.11014,25.986024,0.461768,831.240274,273.155517,0.0871399,5.2980979,1.8379106
22677,61114.2108,1457586235.13,4.6365884,-1.3649879,265.656947,-78.208046,1.0034874,490.69047,11.475609,1.2600495,0.88713211,-0.22038148,11.979373,0.15533,0.165381,0.059102,0.032392,35.332331,0.537364,873.912919,328.030969,0.1029255,12.6567418,1.3897407
22678,62866.71,1609002162.49,0.73033839,0.38942005,41.845307,22.312125,0.27353173,476.03999,6.7200384,1.3816776,0.7867924,-0.16394746,11.932066,0.171,0.15103,0.028289,0.038724,52.181609,0.962823,457.792949,102.102025,0.1000429,7.3923305,1.5199046
22714,61305.8004,1474139569.99,0.69106766,-0.065462479,39.59526,-3.750724,2.4197449,288.97919,10.972876,1.2264892,0.72789425,-0.47888491,11.997105,0.15097,0.036584,0.004042,0.009919,71.964763,0.750586,304.996876,98.679774,0.0623106,11.6566025,1.3029125
22729,63021.5291,1622378530.47,6.0142136,0.84648279,344.589056,48.499891,2.1040597,557.90915,4.789897,1.3999465,0.55644596,0.17045145,11.924378,0.17337,0.07408,0.006659,0.024905,60.615548,0.508346,662.405974,208.060962,0.1160275,5.3456568,1.5623788
22737,63702.4172,1681207265.59,5.2285857,-0.81076771,299.575893,-46.453568,0.67580609,705.79629,3.5767858,1.4124136,0.80279547,0.29695326,11.917508,0.17502,0.257229,0.018079,0.10266,71.542604,0.780203,740.771747,238.34505,0.1441836,4.0924997,1.6160605
22749,61517.0174,1492388721.64,2.8332258,1.0261692,162.331881,58.795164,0.59943194,516.83151,9.9293156,1.3188417,0.9682883,0.25755188,11.958701,0.16286,0.363038,0.095214,0.08168,47.81579,0.825656,511.801552,152.353087,0.1080447,11.0021255,1.4613356
22790,61915.1832,1526790249.9,3.262162,-0.62121088,186.908115,-35.592762,0.31707431,819.93308,3.4797816,1.3291887,0.53537947,-0.32644793,11.954846,0.16419,0.131948,0.013966,0.050008,26.201115,0.950152,823.496494,243.814446,0.1653413,4.0551332,1.5489585
22797,63939.4591,1701687684.02,3.547614,-0.24058934,203.26331,-13.784754,2.4043989,375.51821,6.8621888,1.3525354,0.59958893,0.49539566,11.946086,0.1672,0.041974,0.00418,0.011819,56.288572,0.740358,313.288138,102.499194,0.0799882,7.4110829,1.4607223
22824,62735.3544,1597653036.28,1.4920593,-1.2335251,85.488701,-70.675782,0.87503908,785.62132,12.854224,1.3614544,0.90147805,0.1540274,11.941179,0.16837,0.121693,0.032829,0.027084,62.944271,0.640967,725.953592,236.02857,0.1590301,14.8984325,1.5779666
22850,63161.5884,1634479652.42,1.5004026,-0.2290243,85.966737,-13.122126,2.8358347,842.52045,11.828313,1.2966198,0.96781725,-0.1779905,11.966832,0.16001,0.328125,0.102719,0.068701,66.387454,0.953619,971.292782,357.143429,0.1694737,13.832901,1.5163628
22918,62793.4243,1602670280.39,3.2789862,0.22838477,187.87207,13.085483,2.2897916,376.61696,16.61517,1.1216562,0.93893439,-0.24489495,12.016158,0.13785,0.194178,0.100883,0.028433,30.14617,0.658629,389.216894,100.716276,0.0802101,17.9478744,1.2116244
22934,62948.8089,1616095509.57,3.809156,-1.3215279,218.248562,-75.717971,2.8041641,938.6136,16.7889,1.6493014,0.97774863,0.45185807,11.743695,0.20739,0.131876,0.00718,0.038004,46.651939,0.943609,863.471264,224.88982,0.1868642,19.9261444,1.9574968
22938,61604.3542,1499934621.98,5.3077943,0.42228485,304.114212,24.19514,0.52470248,111.96398,11.44262,1.0700326,0.85739869,-0.035882451,12.026999,0.13138,0.183042,0.093297,0.027351,19.969298,0.865473,99.594377,30.504422,0.0248018,11.7264176,1.0965713
22944,62636.3767,1589101360.57,4.2752879,0.047576215,244.955953,2.725916,2.5982936,534.15354,5.2499914,1.2380908,0.62260801,0.37549144,11.985965,0.15254,0.134053,0.032911,0.033361,31.603996,0.856008,519.615035,144.747841,0.11142,5.8349454,1.3760389
22949,62758.8719,1599684948.48,1.202188,0.52368042,68.880299,30.004678,2.1477479,648.51764,7.9372487,1.3216176,0.96007317,0.45571756,11.957663,0.16322,0.378676,0.082389,0.090899,62.293738,0.545471,711.228962,226.45741,0.1333826,8.9959396,1.4978984
22975,63265.0414,1643417999.28,4.8894491,0.73324027,280.144798,42.011573,0.69596466,512.60566,7.8800864,1.11271,0.79857653,0.11177079,12.018536,0.13672,0.2031,0.077935,0.038197,19.466772,0.767436,545.752861,204.022115,0.1072192,8.724983,1.2320139
22983,61456.8641,1487191472.73,2.8207274,-0.60884768,161.615775,-34.884402,2.0298306,339.11276,8.2268543,1.1505975,0.62782323,-0.37496778,12.009317,0.14148,0.066738,0.029158,0.011467,32.685175,0.443083,579.905493,188.523601,0.0726002,8.8241256,1.2341311
22995,63238.3539,1641112196.17,0.30913786,-0.50408274,17.712295,-28.881814,2.5029968,313.50056,8.5041075,1.7401159,0.97947264,0.28864875,11.637368,0.22081,0.295506,0.019055,0.087121,40.958699,0.802934,318.998704,86.607979,0.0673605,9.0769484,1.857331
23004,61773.8648,1514580334.3,5.5635106,-0.15531735,318.765677,-8.899029,2.5916992,546.53445,9.455596,1.3604027,0.94471109,0.10542975,11.941691,0.16823,0.294816,0.071822,0.068072,28.297408,0.85258,794.469683,242.686157,0.1138244,10.5318735,1.5152497
23046,61305.6361,1474125374.82,2.2076172,-0.34376426,126.487148,-19.696241,0.41676395,485.90282,4.064333,1.2589475,0.36024672,-0.0085659558,11.979732,0.15519,0.068716,0.014114,0.020863,43.996777,0.914404,491.269291,160.755996,0.1019846,4.4788324,1.3873408
23052,62886.2223,1610688022.33,1.4563314,0.66132466,83.441643,37.891112,0.66469263,760.23102,10.525635,1.5969802,0.91808057,-0.4279741,11.793451,0.19997,0.129567,0.010459,0.036401,35.135589,0.787106,938.792806,497.851956,0.154333,12.1500878,1.8434469
23064,63871.4152,1695808694.48,2.9083125,0.075946638,166.634032,4.351422,0.21184601,678.27489,4.9830923,1.4814059,0.7710188,0.4154368,11.879363,0.18415,0.165059,0.013526,0.056536,24.044431,0.977644,670.607484,247.555661,0.1390098,5.675791,1.6873358
23088,61494.1032,1490408931.06,1.7761454,-0.28608436,101.765635,-16.391426,2.4216425,471.02258,19.516922,1.2926811,0.93618971,-0.41856793,11.968234,0.1595,0.073975,0.005547,0.020855,25.69656,0.751839,478.724651,105.836465,0.0990534,21.4501395,1.4207256
23098,61692.2799,1507531404.88,5.0398313,-0.41673823,288.761063,-23.877342,2.4863033,554.95579,12.964285,1.2721163,0.83999908,-0.12533262,11.975379,0.15687,0.066648,0.015322,0.015642,64.91622,0.792872,538.690915,145.392032,0.115456,14.4610895,1.4189898
23235,63930.2408,1700891218.94,3.0065741,-0.30601109,172.264007,-17.533144,2.0627043,782.69929,9.8607893,1.485625,0.84556097,0.43641669,11.876296,0.18473,0.084232,0.007443,0.023463,73.070273,0.472308,1361.093813,374.261001,0.1584907,11.4236327,1.7210827
23248,64328.5106,1735301737.74,4.5388465,-0.70772196,260.056748,-40.549481,2.9644237,562.04856,14.227383,1.1674905,0.94432825,0.065801442,12.005791,0.1436,0.244138,0.10991,0.040908,29.803207,0.984347,480.842084,96.873181,0.1168278,15.8895369,1.3038858
23276,64133.2632,1718432354.27,4.174172,0.18489434,239.162439,10.593665,0.7136706,624.30589,10.958085,1.1773252,0.93166035,-0.34973517,12.002937,0.14485,0.283861,0.107412,0.053778,30.226195,0.755964,689.989694,205.428491,0.1287781,12.3692464,1.3289389
23291,62145.0772,1546653087.49,2.6120494,-0.79449778,149.659406,-45.52137,1.99449,727.06924,5.7149591,1.553167,0.73782891,0.30541578,11.829247,0.19389,0.093717,0.000286,0.033089,50.618376,0.41113,914.194382,296.518278,0.148163,6.5617046,1.7832889
23307,62754.0552,1599268787.55,0.37617349,-0.81893392,21.553153,-46.921457,0.33895941,322.57495,8.59443,1.4022483,0.75114155,-0.0051856851,11.922548,0.17368,0.062132,0.006986,0.0169,62.679386,0.943101,285.766543,52.911805,0.069221,9.189345,1.4993133
23308,62235.9155,1554501519.7,5.2519461,-0.75592937,300.914346,-43.311563,1.4242842,367.67987,9.6473627,1.252812,0.7259692,-0.43563682,11.981953,0.1544,0.058151,0.016354,0.012745,70.957484,0.145989,906.458002,279.208454,0.0784033,10.4037478,1.3510366
23312,61754.2301,1512883896.01,1.7804885,0.9841743,102.014477,56.389034,2.850989,487.24892,10.421806,1.5799681,0.91252196,0.42799783,11.808088,0.19759,0.128472,0.011724,0.035679,66.242057,0.958071,390.740748,103.850436,0.1022493,11.4874284,1.7415187
23402,61921.6487,1527348867.28,1.2644693,-0.10695982,72.448754,-6.128346,2.7017689,670.83302,19.205135,1.1655934,0.9865365,0.39814982,12.006209,0.14336,0.326125,0.161236,0.050253,30.79448,0.904827,947.303223,385.27848,0.1376057,21.847871,1.3259857
23403,63106.387,1629710250.88,1.4726855,-1.1762101,84.378664,-67.391875,0.48296095,355.05729,9.458972,1.3126351,0.78195435,0.44246051,11.961015,0.16206,0.08647,0.023083,0.01934,64.394191,0.885624,289.017338,87.35428,0.0758444,10.1763821,1.4121911
23436,64249.6982,1728492338.67,0.34202259,0.19651019,19.596451,11.259205,2.8372915,196.26288,5.2526865,1.4162147,0.90558684,0.31867898,11.915837,0.17551,0.315011,0.03822,0.097587,42.966318,0.954057,184.015604,39.563142,0.0429053,5.4780546,1.4769778
23439,64262.5139,1729599621.47,5.6793163,0.78283912,325.400855,44.853378,2.5130148,584.39424,3.8711464,1.2101774,0.28452519,-0.10226921,11.993679,0.149,0.067244,0.016821,0.019368,29.593228,0.808865,639.263357,182.6269,0.1211357,4.3400804,1.3567731
23470,61083.997,1454975754.92,2.2114667,-0.12952178,126.707708,-7.421051,0.5827243,401.15448,4.4049463,1.1271176,0.20376058,0.085674308,12.015123,0.13853,0.049859,0.020985,0.009896,31.592113,0.834967,373.69259,95.63442,0.0851499,4.780027,1.2230916
23493,63177.2413,1635832066.1,3.6493892,0.38510714,209.094599,22.065014,2.596363,650.04414,3.87099,1.3562623,0.8478235,-0.20722085,11.943908,0.16769,0.302161,0.03001,0.111047,54.693216,0.855008,568.074295,189.305721,0.1336721,4.3884334,1.5375567
23502,62656.3068,1590823325.9,4.2187968,0.27295979,241.719251,15.639444,0.33753808,562.53947,16.606949,1.345819,0.94073611,0.14786001,11.949337,0.16632,0.122596,0.03444,0.026867,30.947417,0.943573,470.751249,157.246166,0.1169227,18.5486783,1.5031758
23533,62359.3095,1565162755.32,5.9507487,0.043473185,340.952785,2.49083,2.4399121,593.43041,7.7432113,1.4501303,0.93932337,0.40599132,11.897479,0.17999,0.298097,0.050222,0.076885,56.499631,0.763758,665.197524,215.393918,0.1228718,8.6946336,1.6283104
23555,63620.8705,1674161632.97,4.9733726,0.85549344,284.95326,49.016164,0.97525323,656.18541,7.0702677,1.2296487,0.74903351,0.10207124,11.995463,0.15138,0.154567,0.046511,0.033252,47.745677,0.560958,815.446918,237.75279,0.1348359,8.0235936,1.3954495
23588,63425.2738,1657262070.95,4.001831,1.1135415,229.288027,63.801228,1.7787223,205.46742,4.5893211,1.3329443,0.60025024,-0.15308797,11.953324,0.16467,0.119591,0.018589,0.037173,47.593799,0.206431,407.362493,117.340814,0.0448547,4.7951737,1.3927331
23594,61443.7017,1486054243.39,5.4047412,-1.0398223,309.66886,-59.577429,1.8291735,478.58106,10.577009,1.305075,0.80769032,-0.18741365,11.963782,0.16109,0.081761,0.021976,0.018225,62.988695,0.255512,670.268526,173.092462,0.1005436,11.6404596,1.4362919
23597,62906.321,1612424552.07,1.2864589,-0.2704853,73.708665,-15.497666,2.2814343,168.53144,4.0117393,1.1746888,-0.027422981,-0.086882189,12.003765,0.14451,0.012705,0.005552,0.002645,46.436427,0.652317,180.64488,38.411929,0.0370004,4.1601753,1.2181528
23607,64033.8015,1709838867.72,2.3317064,0.64893488,133.596936,37.18123,0.96497857,806.14634,7.903955,1.2099038,0.6183576,-0.22244351,11.993829,0.14897,0.056237,0.019793,0.01114,37.215257,0.569434,957.274049,295.418725,0.1628103,9.1908003,1.4068886
23614,63963.5314,1703767530.73,2.7869934,-0.49937596,159.682959,-28.612135,2.7252174,453.12509,19.060755,1.2467536,0.97100997,-0.021189423,11.983883,0.15363,0.208902,0.090282,0.036151,20.791494,0.914561,448.949849,123.232684,0.0955142,20.8813278,1.3658363
23617,63964.5472,1703855297.95,2.0989972,-0.18825728,120.263681,-10.786348,1.1240248,467.49589,17.019064,1.2689129,0.94664252,0.20100236,11.976476,0.15646,0.155985,0.059861,0.029295,47.691328,0.432056,682.818401,201.237129,0.0983572,18.6930115,1.3937196
23634,63098.2847,1629010216.39,3.1920559,1.1738539,182.891331,67.256874,2.2904272,719.52079,16.419245,1.4203856,0.97083032,0.37807631,11.913206,0.17607,0.197433,0.057273,0.042716,66.691692,0.659107,951.853885,326.412066,0.1467529,18.8288168,1.6288313
23658,61259.8193,1470166807.55,3.0548597,0.93074942,175.030568,53.328014,2.5687807,569.8473,12.031007,1.2422965,0.86831748,0.36892399,11.984467,0.15308,0.130151,0.048765,0.024804,38.832806,0.84038,607.388521,206.657938,0.1183337,13.4546806,1.389302
23660,62868.6865,1609172928.06,1.5194554,0.7817464,87.058382,44.790769,2.6552062,443.42476,18.720182,1.3859644,0.95461267,0.42156014,11.929759,0.17156,0.104648,0.01901,0.026099,39.385312,0.884028,383.939657,97.015944,0.0935896,20.4721963,1.5156763
23664,63265.8247,1643485675.37,0.94596441,-0.57853829,54.199768,-33.147802,2.40502,647.41525,20.599066,1.2580427,0.937361,0.025374182,11.980034,0.15507,0.069034,0.001227,0.020665,48.680152,0.740775,940.193073,492.185183,0.1331734,23.3423137,1.4255805
23665,61312.2721,1474698725.5,3.9043418,-0.86796851,223.702307,-49.730932,2.0930522,221.62427,11.779343,1.4546509,0.96517479,0.17349838,11.89453,0.1806,0.267388,0.062789,0.062373,29.095169,0.498837,399.008433,103.472949,0.0482639,12.34786,1.524858
23675,61806.8845,1517433235.14,4.6373649,0.4776294,265.701437,27.366149,0.48210207,496.64043,9.2562532,1.563519,0.92832142,0.019702645,11.821041,0.19532,0.195723,0.026072,0.052095,33.20939,0.886022,499.383551,148.481649,0.1040934,10.2197681,1.726271
23692,63504.8242,1664135229.59,4.5349883,-0.77263429,259.83569,-44.268684,2.3215292,392.78167,10.162312,1.444784,0.8346293,-0.42046651,11.901222,0.17927,0.077623,0.008605,0.021065,24.2268,0.682175,447.1753,110.929335,0.0834677,11.0105368,1.5653768
23726,61364.0958,1479176294.69,3.0269545,0.47791654,173.431718,27.382601,0.77652708,484.50566,6.602386,1.2235119,0.67132235,-0.090261869,11.996035,0.15062,0.1196,0.036897,0.025617,71.888156,0.713352,580.125795,194.473343,0.1017098,7.2739134,1.3479551
23760,61257.8279,1469994749.03,2.7256915,-1.0305556,156.170619,-59.046486,0.61536257,536.67042,6.9765038,1.4237021,0.6644305,0.31111702,11.911221,0.17651,0.050273,0.00182,0.01526,68.595453,0.816564,576.110748,293.460894,0.1119093,7.7572395,1.5830276
23765,61273.4175,1471341687.12,5.8025335,-0.14404641,332.46068,-8.253251,0.96445403,341.02269,10.396432,1.1483593,0.70176828,0.31118339,12.009962,0.1412,0.05217,0.020308,0.009711,42.369773,0.569866,494.275514,156.633433,0.0729895,11.1552624,1.2321775
23769,63966.7379,1704044573.52,2.3987006,-1.1415085,137.435421,-65.403619,0.49388489,340.80821,14.83551,1.547477,0.95937884,-0.42192686,11.833044,0.19312,0.141686,0.021292,0.036693,46.676459,0.880498,278.083025,62.784122,0.0729458,15.9176981,1.6603589
23787,64037.4862,1710157224.04,4.7960365,1.2627044,274.79265,72.347633,0.088010351,556.49444,10.65785,1.3733323,0.85328352,0.43587902,11.936399,0.1699,0.106149,0.024997,0.024745,64.987472,0.99613,458.932892,132.781405,0.1157538,11.8915366,1.5323007
23791,61974.3143,1531899170.88,1.9211754,-0.79946577,110.075242,-45.806014,2.0097878,126.45434,7.8492455,1.3021429,0.79385257,-0.49517143,11.964845,0.16071,0.145797,0.039163,0.032708,49.60647,0.425027,170.185656,55.320612,0.0279468,8.0686068,1.3385336
23843,61008.0383,1448412929.84,4.2327635,0.13417431,242.519484,7.687622,1.0275851,626.9756,7.9263725,1.1306766,0.79008067,-0.051361579,12.014556,0.13897,0.189318,0.071815,0.035864,19.307705,0.516888,931.158872,282.405664,0.129287,8.9511494,1.2768584
23862,63191.2414,1637041673.17,4.3423298,-0.58857836,248.797171,-33.723056,1.3889838,473.98252,11.891059,1.3612646,0.95587236,-0.24238968,11.941269,0.16834,0.266344,0.076484,0.057869,68.40217,0.180813,1310.533119,384.351409,0.0996373,13.075852,1.4968973
23908,64395.4925,1741088966.35,2.2744182,-0.23350481,130.314564,-13.37884,1.6215451,289.45375,4.4920688,1.7207739,0.95370394,0.1382663,11.671883,0.21771,0.325085,0.001754,0.137204,46.741345,0.050727,440.427112,153.144572,0.0624086,4.7724125,1.828165
23938,63116.142,1630553085.63,0.10733383,-0.98055414,6.149775,-56.181614,2.6685405,531.17097,2.2867641,1.2186743,0.66512334,0.14821321,11.992522,0.15006,0.259916,0.019823,0.110896,70.381827,0.890182,551.288849,164.377876,0.1108398,2.5402286,1.3537519
23943,61830.0393,1519433816.1,5.6181219,1.2071373,321.894674,69.163873,2.98688,424.06553,2.2561109,1.1526732,0.47741592,0.26237431,12.008755,0.14175,0.201816,0.021885,0.082549,64.809432,0.988056,335.845606,90.961487,0.0897352,2.4585635,1.2561086
23981,62134.4494,1545734848.78,3.2198014,0.39182462,184.481031,22.449897,0.46519071,627.18061,6.8922143,1.4968213,0.82572275,-0.31507403,11.868363,0.18624,0.145541,0.016798,0.041218,43.521875,0.893736,511.131196,181.744084,0.129326,7.7835568,1.6903992
24032,61761.607,1513521264.83,4.3410292,-0.44517956,248.722652,-25.50691,2.0186772,647.63645,10.899086,1.2297263,0.92381984,-0.16746819,11.995389,0.15139,0.254004,0.089527,0.050132,71.704117,0.433056,967.77703,335.809675,0.1332154,12.3510121,1.3935448
24053,63616.3945,1673774905.42,4.4756787,-0.054835112,256.4375,-3.14182,2.5790746,639.91397,3.6315529,1.3080124,0.92245334,0.44372818,11.962711,0.16147,0.397121,0.039216,0.147944,63.597142,0.845915,823.656818,256.078742,0.1317491,4.1100067,1.4803419
24086,64087.7714,1714501864.15,4.0573029,-0.19685475,232.466332,-11.278946,0.91963762,430.45751,9.8500881,1.439271,0.87323266,0.45887366,11.903074,0.17856,0.13164,0.025635,0.032368,49.671991,0.606108,587.188378,150.494612,0.0910098,10.7465426,1.5702588
24088,63675.0092,1678839217.14,1.5943295,-0.9499934,91.348352,-54.430612,1.7976485,568.31118,5.6490779,1.399188,0.54957825,-0.018697767,11.924941,0.17327,0.045039,0.001818,0.014575,64.596475,0.224911,893.505135,257.255002,0.1180373,6.3158798,1.5643444
24100,61153.2844,1460962194.19,4.7709216,-1.0687386,273.353672,-61.234211,1.0430362,133.30444,2.8081374,1.0382794,-0.28907764,0.14652056,12.033474,0.12742,0.041339,0.019769,0.009021,53.772717,0.503599,198.043185,42.674084,0.0294286,2.890777,1.0688345
