simulation_id,longitude,latitude,inclination,distance,mass1,mass2,spin1z,spin2z
0,2.993575,0.31569722,2.0030861,1014.3241,8.8403541,1.5373249,0.5728372,0.030051949
1,3.3981228,1.3843112,1.0689211,1093.0053,6.2303059,1.7181483,-0.81131404,-0.029605217
2,1.1415065,1.1881556,2.629991,2249.3387,36.130994,1.7898148,-0.49338849,0.035750768
3,5.923145,1.0533621,2.0301308,333.73846,5.611615,1.3847393,-0.26851709,0.027101883
4,0.67693347,-0.92783274,0.71928325,1849.9214,8.0043661,1.7542698,0.73703328,0.012692759
5,0.64246791,0.23709627,1.2560887,1172.6176,6.5893291,1.7542965,-0.81798016,0.031916452
6,3.8546085,0.16610729,1.6693777,1848.7215,17.72921,1.9144381,0.58566159,0.016609131
7,4.929868,-0.16404952,3.0431832,1867.0101,11.113011,1.8167766,0.37408328,0.039422966
8,1.6661491,-0.91702632,2.6390425,2074.2508,43.774465,1.6857857,0.83674752,0.044362875
9,1.6527006,-0.55067389,2.0945929,1341.3102,13.621836,2.0251153,0.41937898,0.025253712
11,5.4791453,-0.15435469,0.73982172,938.62012,8.0960387,1.634875,0.57807254,0.0099810122
12,1.9301014,-0.42817376,2.3582346,1484.3811,30.811109,1.9909945,-0.11817337,0.010188525
13,1.1945903,0.49515622,2.0892908,874.56097,8.5438425,1.6018292,-0.35846499,-0.017469938
14,5.9971485,0.2547955,2.310982,575.7762,9.4826547,1.5419528,0.18376763,0.00096334876
15,0.53908163,-0.061076352,2.8045328,871.41111,29.359756,1.5027321,-0.32975703,-0.044917803
16,2.3255985,-1.0387107,2.1491759,1679.787,23.883586,1.7749946,0.49645723,-0.0041914274
18,2.8138605,0.73039712,0.72115826,1925.4241,58.623179,1.6527284,0.69936545,-0.0084797076
19,2.3872852,0.87115953,2.0523366,1074.2193,38.62415,1.6695474,0.13797908,-0.039566673
20,3.6229343,0.58563957,2.6432339,411.51766,7.97049,1.3301805,-0.57397945,0.012084193
21,3.3238176,0.39041463,0.35682708,1426.5045,13.447501,1.4606464,0.38241985,-0.025502663
22,2.9578287,-0.54325895,1.7584817,378.32258,10.584476,1.4513204,-0.36796631,-0.045883774
23,0.51457126,-1.0153521,2.9566765,1273.2011,9.047272,1.6289677,0.83251077,-0.019847606
24,5.9830292,0.95627987,0.48259436,1011.6018,8.6079829,1.6574682,0.2491723,-0.042650749
25,3.5352291,0.42330976,1.2628862,889.47894,8.831898,1.5506191,-0.57041574,-0.036362
26,2.9637456,-0.081848925,0.41550033,1402.567,24.825197,1.6989244,0.63542188,-0.013759466
27,4.4502202,-0.50073823,1.6443882,478.69688,8.7853362,1.3903473,-0.3799996,0.02516183
28,4.7413641,0.23172997,2.2429006,1622.9327,13.215067,1.8040401,-0.1932545,0.016750544
29,2.7040567,-0.39850663,1.079266,326.10717,8.7397685,1.5329283,-0.20745471,0.016411953
30,5.0818308,0.52572448,0.78474245,1101.8134,7.9472099,1.6875829,0.18377883,-0.022961381
31,6.1371103,0.19955755,2.3353877,2071.035,27.742352,1.8739392,0.79510581,0.027129734
32,3.6423119,-0.15780213,2.2957837,1684.0524,24.192502,1.7089067,0.18766321,0.026549419
33,1.3674339,-0.25277355,1.5066724,1154.376,18.268539,1.6905729,-0.56824552,0.028065968
34,0.63770128,0.1288692,2.2748609,1171.7482,9.1150182,1.7810598,-0.40867421,-0.035315658
35,4.0473661,1.3087517,0.82624037,1424.8444,14.032283,1.7269992,-0.24091544,0.0083655663
36,4.4136631,0.11584202,1.039474,809.06428,10.272794,1.6175503,0.89889609,0.040813455
37,1.7582558,0.21864482,0.85181538,594.0011,6.9107606,1.4624341,-0.88317719,0.011266454
38,3.9579568,0.71715905,1.2161716,764.94977,15.67985,1.2607364,0.77764995,0.044362585
39,0.066162298,-1.2565751,0.50810262,1207.4382,9.4806678,1.5332345,0.9118049,-0.038061426
40,1.9738675,-0.89709073,2.8682988,1903.5238,14.718398,1.7906205,-0.27938814,0.036369463
41,1.6068385,0.34714202,1.1041903,1139.2242,6.5119788,1.683329,0.00075155636,0.031435907
42,4.9223536,-0.027501914,1.6974364,830.68227,29.054954,1.5812773,0.82585982,0.027622472
43,1.2879053,0.19898706,2.9649923,1639.9482,50.508134,1.6969116,0.44332436,-0.02209944
44,4.8357705,-1.277131,0.67451996,1195.8239,7.2563489,1.6627952,0.84331459,-0.042241134
45,2.0006926,-0.12918107,2.933629,1399.0481,8.7811647,1.7306743,0.2183045,-0.0099034985
46,2.166302,0.31615576,2.5167302,1793.738,25.197556,1.8835555,0.39292028,-0.013864017
47,5.0218295,-0.24711925,0.068542431,1371.4864,16.423713,1.6299662,-0.33691173,-0.049139243
48,5.4703317,0.13633982,2.1433292,434.52898,15.808776,1.4250635,-0.64353654,0.00020295335
49,1.4080519,-0.76610009,2.184316,1335.9346,9.5351572,1.6907997,0.50727179,-0.0070416618
50,1.2875112,0.48425694,1.3115118,456.86666,8.8942764,1.54293,-0.26918026,0.0018735582
51,4.126289,0.20724236,2.684743,1224.2866,59.745475,1.6109022,0.12257512,0.034303522
52,2.356662,0.23163184,0.86657921,1061.4476,18.527021,1.6534481,-0.881417,0.017565342
53,1.3685874,-0.41937694,0.34400021,1201.6306,10.409009,1.7941907,0.055457187,-0.015532545
54,3.1503422,0.012731769,1.4213501,1365.694,23.694852,1.6444183,-0.23851358,-0.033385352
55,0.90001414,-0.32366657,2.7811768,1187.3351,42.555676,1.5896881,-0.40939943,0.013317018
56,6.1842631,0.47506696,2.4186346,2630.5787,7.7886935,1.9814291,-0.33687865,-0.028508112
57,3.3001627,0.65171687,1.9023398,542.29169,6.4543817,1.5981525,-0.44654243,-0.019527951
58,2.1286567,-0.07162865,0.30877399,1174.0196,6.5926648,1.6253121,-0.8367079,0.046625038
59,1.3161058,-0.64388903,0.53546069,870.13285,51.067717,1.5472406,0.082754987,0.024622908
60,6.0107148,-0.24966972,1.1148293,1185.7955,16.411802,1.6270492,-0.85111511,-0.026280122
61,2.2906796,1.3899676,0.63516292,1332.6502,7.9633217,2.0267298,-0.7161404,0.0014126236
62,0.60789625,-1.1208054,2.1703644,1021.9707,6.3170092,1.4208089,0.1347498,0.037973612
63,2.292582,-0.82964044,0.78667842,1340.6072,37.338066,1.8576939,0.97568903,-0.048628665
64,2.6074591,-0.92781966,2.9113443,1604.5576,21.479539,1.7188677,-0.91826812,-0.018391147
65,5.1780088,-0.89913346,0.18006638,1420.9239,47.161289,1.5685731,-0.15822066,-0.049836289
66,4.8291842,-0.48198172,1.2720993,1065.3641,31.503611,1.5233487,0.062912044,-0.04141895
67,1.7654985,0.57990584,0.75607421,2741.3675,11.894112,1.9909115,0.41743877,0.013715389
68,6.2480482,0.34796534,2.1290409,532.49765,10.465682,1.5138002,-0.5722749,0.011346923
69,1.3461192,-0.48002079,2.6337377,2109.7055,12.036383,1.8836666,0.56444917,0.046486286
70,3.3265122,-0.19651118,2.7759645,1331.8446,28.413562,1.6854289,0.34589557,-0.019172716
71,0.37307845,-0.43503502,2.8834601,290.08771,5.7166009,1.4601917,0.22887264,-0.0050398848
72,0.064439343,0.2952888,0.73637115,963.82178,12.930018,1.5978172,0.073839113,0.035324015
73,1.5070877,-0.69145307,2.4319169,1852.4787,9.0105064,1.8650668,-0.98757939,0.0079375687
74,4.3268888,-0.99590663,2.5670556,1122.968,18.56706,1.5705283,0.47595962,0.037535304
75,5.0874881,1.0580646,0.032352303,344.5358,9.2502339,1.4389928,0.29333553,0.046344136
76,4.7935276,0.062797447,2.359973,1069.5859,8.9190627,1.6441587,0.69507412,-0.031647213
77,3.3494595,-0.20931533,0.70444201,1852.8915,16.875676,1.7402683,0.11803673,0.049891487
78,2.5763391,0.85908003,1.5197767,649.80032,11.744022,1.5697438,0.10747501,-0.021233447
79,4.7404485,-0.66503112,2.6547278,1600.1766,32.863454,1.7558266,0.52741196,-0.031292702
80,0.52401241,-0.78581831,0.28146374,1313.7538,7.5673543,1.5391711,0.63574206,-0.016140253
82,4.9703268,-0.93037737,1.7502098,907.58484,8.2156058,1.5084562,-0.70984526,-0.021707742
83,0.6882847,-1.2607025,2.215733,878.94926,8.5336339,1.691932,-0.011474313,-0.035864821
84,1.4084923,-0.043156911,2.6725838,1978.0489,12.678069,1.6073322,0.10698305,0.02376573
85,3.0312826,-0.27454693,0.78275991,1068.3552,26.026535,1.5460232,-0.19631737,0.045044076
86,3.9745839,0.49656095,0.2298142,382.17541,20.322576,1.5115892,0.34647503,-0.02997594
87,6.0088061,0.63806428,2.813792,1470.3715,8.2308643,1.745626,-0.818087,0.016558521
88,4.858365,-0.18128858,2.5045249,1164.3297,10.20862,1.750349,-0.45560342,-0.032169681
89,2.0425071,1.4369196,2.6032899,90.180718,13.972567,1.3773395,-0.34095608,0.025417385
90,1.2936349,0.20900274,0.85637728,510.28116,7.8473808,1.4020719,-0.98530011,0.0071011199
91,0.65005231,-0.50868992,0.72564183,389.97189,14.330962,1.6241836,0.3691307,0.044967585
93,4.1448979,-0.64812222,0.31482855,2011.3005,9.2388672,1.7112939,-0.40673118,-0.021586982
94,5.5057206,0.73435046,0.50589952,2476.651,10.597617,1.9991965,0.28181605,0.019400341
95,3.6812013,-0.25719677,2.6189318,1590.2335,10.132547,1.7675034,0.25810624,-0.013362835
96,5.0327038,-1.0644253,2.4968333,1892.2588,22.945385,1.6662343,0.89433701,-0.023059519
97,5.7695157,-0.56128149,1.810055,689.17321,5.7443602,1.6026753,0.58651261,0.043729459
98,2.4458651,0.60860174,2.2710465,1732.7692,7.2551276,1.8756617,-0.12524203,0.02073817
99,2.8979198,-0.817129,0.50603784,756.4083,6.8897129,1.5320153,-0.65745314,-0.025347845
100,4.3896955,-0.23681596,0.87502565,1490.6527,6.8964904,1.7756227,0.4168111,0.0060029883
101,6.2359393,0.61046712,0.58003979,564.52592,14.323166,1.3301041,-0.42291154,0.035082521
102,5.953362,1.0564065,2.6786883,412.25805,13.695688,1.2365642,0.80508909,-0.015800433
103,5.0536128,-0.31290996,0.61061806,975.81571,13.716356,1.6390689,-0.45356275,0.0067899704
104,5.8047392,0.33093627,2.1665771,741.74119,19.160488,1.458254,0.40053836,-0.019890216
105,0.64970793,-1.2490297,0.55016537,739.02012,5.7562357,1.413719,-0.61804491,-0.034458359
106,0.53601051,0.053064129,0.86581904,1462.9141,17.976517,1.5898443,-0.010023537,-0.024232498
108,5.2993174,-0.18851265,0.57044295,1480.2761,6.4405173,1.731323,0.69852082,-0.02311292
109,1.760018,0.42264284,2.0859287,811.21254,10.377479,1.624312,0.7042749,-0.018516788
111,1.765111,-1.0072929,2.3895864,1212.8876,7.0394144,1.6975599,-0.20629811,-0.015751458
112,2.9315055,-0.86738032,0.76199356,1298.4705,18.07178,1.5057367,0.86361306,0.021861769
113,2.259286,-1.1365445,2.7925235,59.895465,6.4329455,1.2121819,0.4056202,-0.042730685
114,2.9056879,1.2707842,1.9704058,392.12882,12.717598,1.4471406,-0.66910392,0.034605901
115,2.6486352,-0.50389484,2.064026,607.11988,10.724337,1.4074059,0.83840376,0.026236278
116,5.9949238,0.021170318,0.43965655,1225.5858,6.4154573,1.6510852,0.25965042,0.00188002
117,0.3337909,-0.57886789,2.8438236,1253.8853,9.3159001,1.6442779,-0.97600701,-0.0041308838
119,4.764623,-0.63937029,1.8648939,935.85696,9.0354088,1.7703377,0.59893889,-0.01323618
120,4.3520048,0.8829403,2.9300558,1421.3781,10.354816,1.6038154,-0.22254431,0.033257906
121,2.9711651,-0.85420156,0.47246759,713.51292,11.440003,1.4273645,0.52422947,-0.019866368
122,4.4746258,1.3703616,0.75069522,1374.1752,29.611525,1.5975059,0.73610975,0.011517294
123,3.3830198,-1.2130516,0.71001165,1259.0074,6.2601953,1.6548289,0.46840535,-0.045359324
124,0.78863491,-0.74576362,3.0147455,974.25877,30.390029,1.6592845,0.24957305,-0.033217739
125,3.634105,1.0815548,2.1454953,1065.5545,43.022598,1.7219929,0.79928341,-0.029483488
126,2.0597418,0.17479256,2.2605115,732.18084,12.378451,1.6337807,-0.042162766,-0.042920928
127,4.2623178,-1.1607889,0.90466663,1491.1428,14.165201,1.6135713,0.78303574,0.019174174
128,1.4008469,-0.59177478,0.52965585,1706.573,9.0219537,1.7371923,-0.72042759,-0.021985331
129,3.3677992,0.77688945,0.28794958,749.76891,13.688768,1.530607,0.51377596,-0.0010580633
130,0.18095655,-0.089947643,0.65136007,1683.2101,16.211595,1.8723926,-0.69032277,0.00077523962
131,4.0605509,0.77009919,2.3130083,1072.6575,6.2221545,1.7116968,0.3457559,0.013518091
132,1.8025112,-0.73514969,2.0880929,1323.0279,15.854865,1.6773837,-0.21374344,0.013072027
133,3.0345979,0.2872826,2.6779812,2850.3981,27.427159,1.8483731,0.84080802,-0.040455102
134,0.56906573,-0.42252201,3.1254039,1794.8914,22.570513,1.7535978,-0.90354373,0.048926956
135,5.4701417,-1.1608199,0.63544454,2689.4877,11.561695,1.8346178,-0.56498128,0.017439831
136,3.2794061,0.88972437,0.85923495,1299.8711,10.656033,1.5644904,0.00074225027,-0.048758746
137,3.7525404,0.4898931,2.6039615,1262.2508,8.5016191,1.6513379,0.54821686,0.048954866
139,3.443184,0.1814024,0.78492779,257.59589,7.9237726,1.4312152,0.017325722,-0.024375947
140,4.9244172,-0.7883589,1.8345198,789.59176,7.1272236,1.5826949,-0.7450809,-0.024345905
141,3.9892005,-0.86762,2.1600743,1369.6832,24.739803,1.6767957,0.86109585,0.024980812
142,4.5676949,-0.56373539,0.5438284,1856.4058,20.392666,1.6184585,0.15983926,-0.014589567
143,4.1215581,0.89386756,1.5390983,2563.0874,7.6097856,2.0143297,0.79707557,0.034839656
144,4.1447543,-1.4062408,2.4893283,1167.338,9.8903533,1.689344,-0.30687385,0.015182992
145,1.83562,0.4586396,0.29204783,1340.4764,7.708739,1.926497,0.55622869,0.011782116
146,3.1449831,0.10284024,2.1496501,686.13685,6.9205402,1.5477882,-0.053765666,0.025673395
147,0.76001756,-0.43612031,1.7467004,334.38291,25.846869,1.4947334,0.18218492,-0.024463815
148,6.1431696,1.0029309,0.24455566,1106.7604,6.149255,1.6417707,0.73308456,0.027277133
149,1.4153516,0.85319948,2.0453465,1260.0452,8.0745126,1.7577149,0.47426664,0.0012705163
150,5.6752451,-0.83875026,0.67784196,895.91577,12.169401,1.5125317,-0.27412599,0.029358827
151,2.8555272,0.53618581,2.3653622,671.21314,24.650828,1.6106223,0.62221747,-0.038743225
152,5.7932387,-0.70698433,1.6944828,304.75129,5.5316652,1.4000244,-0.82724051,-0.0095442799
153,3.2969924,0.6657384,0.76523041,1183.4072,8.2825927,1.5870647,-0.15470229,0.043322448
154,4.4397351,-0.21608106,1.2279796,760.42939,16.172868,1.7301586,0.6455198,0.046224528
155,2.5716602,0.88136944,0.44577934,909.68044,32.226302,1.4570812,0.63072507,-0.049753957
156,1.2174239,0.48901349,0.21649182,1697.5116,6.5900422,1.6648393,-0.62097552,0.034364469
157,5.6886937,1.3958371,2.1528602,914.79128,10.156859,1.5819367,-0.90122199,0.0028069891
158,4.3717974,-0.41336165,2.0776688,199.77162,6.0095681,1.3869458,0.84965807,-0.0079708705
159,5.9069349,-0.87640774,0.4633445,3415.5468,12.234469,1.9213823,0.78242341,0.044556298
160,1.3410501,1.0142657,0.43269922,1796.7667,7.8924349,1.7888803,0.5411098,-0.031718391
161,4.7052079,-0.098321887,2.8689112,1356.4504,20.018988,1.5525132,0.59022476,0.01286818
162,0.43355804,-0.71217074,0.43369521,1766.1631,8.3446756,1.8152187,-0.77730753,0.019580298
163,2.8842017,-0.62290109,0.67594119,882.47755,10.922918,1.5534666,0.07053667,0.024224658
164,1.1375086,1.0719979,0.89646557,1175.8817,13.682635,1.4921573,0.35594172,0.0066670965
166,6.1751919,-0.34101028,2.2907479,1148.6433,23.057392,1.5199683,0.84034853,-0.037061063
167,5.264589,-0.13011912,1.9897103,779.86694,10.11831,1.5005859,0.14758919,-0.026521965
168,2.2828438,-1.4731778,0.25452869,2730.1968,22.199581,2.0393189,-0.019546042,0.015362983
169,3.3270906,0.88244351,2.2350672,800.57584,11.352485,1.6250059,0.48309346,-0.006272362
170,2.6190751,-0.91945412,0.65924323,795.12739,44.328692,1.3493988,-0.24894709,0.0019290159
171,2.8632564,0.88956503,0.4985485,1793.7889,7.0798388,1.7798662,0.48396103,0.0017028705
172,5.093636,-0.46150996,2.7323746,1468.7673,23.265792,1.7938662,0.64733218,-0.046102869
173,0.33681451,-0.16005643,0.90185304,2326.0611,11.269417,1.8817769,0.68766633,-0.0040674747
174,1.045087,-1.0358076,0.22087048,2512.2378,45.76333,2.0045381,0.89275325,0.0048142208
175,5.9562252,-0.09118806,2.6440905,1929.1406,18.520619,1.6574034,-0.24173532,0.031546134
176,3.2342286,1.1840172,1.2347411,872.70772,40.07842,1.6530599,-0.6663959,-0.0094059789
177,5.8901188,-1.0422688,2.3472769,1459.4281,15.158115,1.7590624,0.58511706,0.014267696
178,1.6106473,-0.94189716,0.48051984,831.01442,8.4118722,1.5647678,-0.54655575,-0.021932639
179,3.6852578,0.45499923,0.68342547,1168.6086,32.937001,1.7963633,-0.36619439,-0.044874358
180,1.011151,0.50059004,2.4111137,1204.2647,12.234486,1.8016226,-0.72207686,0.0047987619
181,4.6741223,-0.9008108,2.1748904,1126.2505,18.667846,1.4287102,-0.12189064,0.021094804
182,4.9049309,-0.30718082,2.3633837,827.77807,9.1031041,1.6129938,-0.48901067,-0.02062774
183,4.3374603,1.0623422,0.20484591,1543.7125,20.691114,1.9280995,0.43227709,0.015545308
184,0.27226585,0.07745962,2.7225028,636.01525,9.579145,1.364802,-0.30994079,-0.020013338
185,5.4862494,0.96915175,2.9025309,1621.2172,14.416012,1.819757,-0.040952524,0.021591204
186,3.1433295,0.43418349,2.9929583,606.94545,8.6527906,1.7308764,0.57024808,-0.044482192
187,6.2427177,-0.24126284,2.082039,492.37787,25.513386,1.525028,0.74938734,0.031375963
188,2.1966371,0.31428303,0.073094225,489.15754,6.9357484,1.4969998,0.47477601,-0.010712977
189,4.4774684,0.54934635,0.3786023,531.75584,15.373358,1.6111483,-0.85867713,-0.0077789268
190,3.1900581,-1.2925824,1.5065925,151.79357,8.477098,1.2795002,-0.31829837,-0.012407911
191,1.1045291,0.8888114,1.893088,789.84049,5.8301389,1.6070025,-0.27897617,-0.0329131
192,4.7293319,-0.20866607,1.3523031,1015.8802,12.470931,1.4730162,0.24586864,-0.010558195
193,1.0949333,0.83492124,2.3925426,1365.5413,17.002023,1.63958,-0.019248587,0.041095579
194,5.1248229,0.17467648,3.0700326,1085.9089,12.375868,1.5337883,0.5799965,0.027407766
195,1.4281956,-0.045504465,2.6262372,1180.09,6.4862036,1.6001656,0.58162955,-0.0097887516
196,2.2933055,0.47677426,0.085611234,1369.7982,33.758403,1.6573769,0.5585579,0.0353877
197,4.3969779,-0.29969775,2.0407824,344.06273,6.1215779,1.5588056,0.75709885,0.027859168
198,3.0377629,1.142181,0.65178005,914.18408,7.9344315,1.4383136,0.73431655,-0.039624176
199,4.9866078,-0.094386907,2.689125,1661.0521,11.899704,1.7187774,-0.62041311,0.026486688
200,0.3712305,0.074905383,0.78760097,1191.5738,7.196989,1.6150997,-0.41469694,-0.022498039
201,0.25943796,0.7611129,2.5590766,1833.7775,41.309499,1.8066974,0.92846548,0.021150041
202,0.10602085,0.9133868,0.91639296,1488.897,18.680345,1.7425103,0.21552244,0.015067809
203,5.9996034,-0.57777306,2.8429945,2399.4552,33.244938,1.8508864,-0.41221373,0.014320272
204,4.2973777,-0.027941271,1.0228772,802.11558,8.9206182,1.5491234,0.78002597,-0.047625822
205,0.091542088,0.59979743,0.42007389,2209.1762,14.667693,1.8645796,0.044488892,-0.012011184
206,0.7222994,0.22765353,2.6719136,1545.0404,8.4767658,1.674223,0.9377557,-0.017040581
207,0.86981331,1.160578,0.16641169,2197.7148,21.671731,1.7741988,0.45031519,-0.022907507
208,4.575854,-1.3017588,1.2014151,561.13746,9.4779876,1.3725378,-0.72367059,0.002968639
209,3.4564419,1.2633689,1.4269774,494.3039,6.1046249,1.4693823,0.7419051,0.028433823
210,6.1626585,0.13900934,2.4074412,1449.2835,11.019073,1.8063417,0.68553738,-0.037366522
211,2.8854634,-0.44592625,1.4954367,632.0102,8.1459319,1.4459332,-0.65342722,-0.031482486
212,2.4243701,-0.12244579,0.14152771,1844.1649,18.538049,1.6803865,0.162625,-0.0082257744
213,2.4140439,-0.50881888,0.91314715,1505.8702,44.525857,1.6780871,0.42546451,-0.0070367733
214,5.390106,0.52725094,2.5681701,2001.8415,8.8887453,1.8416596,0.2624704,-0.033979627
215,4.9998883,0.13156479,2.0790728,321.93829,6.6832937,1.5282723,0.3645552,0.033438161
216,1.5988362,0.13729959,0.65757984,1171.2996,9.0453476,1.7091814,-0.51146405,0.0048966635
217,3.775676,0.21886602,2.8316566,1848.2519,15.686749,1.8754173,0.64857664,-0.04878208
218,3.5025484,-0.79627388,2.5397221,1037.5816,8.450755,1.6783951,0.39558941,-0.014563317
219,0.86163971,0.98442621,0.53080801,886.03194,9.6335243,1.43693,-0.9346184,-0.027942626
220,3.0759586,-0.48785586,1.0327287,721.48155,14.983653,1.3809544,0.46927326,-0.013191711
221,5.4568462,1.2509321,0.96921259,935.37534,11.242707,1.5527589,-0.63846637,0.020784807
222,6.1961164,0.091625311,2.2144141,1144.2056,20.315013,1.7825069,0.74913146,-0.0050613719
223,2.6408821,0.35689258,2.6168404,921.97448,6.5804537,1.6928865,-0.014034662,-0.0054927545
224,4.3508961,0.75817656,0.73414287,691.07163,9.0797531,1.5163077,0.3421067,0.044295987
225,4.1511292,1.4699447,0.837385,557.82032,14.911435,1.4452457,-0.060979654,-0.038103602
226,1.3751702,-0.46703729,1.9183487,323.14798,21.45771,1.420792,0.86760354,-0.0058942318
228,3.0888944,-0.58164724,2.1515667,2064.7054,12.959089,1.6986001,0.93405382,0.031897679
229,2.7409526,0.81279949,0.36624069,1701.3288,7.7693743,1.9156722,-0.35027838,0.045500351
230,3.5960277,0.32448241,0.27436885,1665.6147,8.3506372,1.7734015,0.16933198,0.034539926
231,4.298287,-0.31136216,2.8573772,1582.5211,23.282016,1.6782543,0.98908815,0.017137028
232,3.2975846,0.57397112,0.88878494,523.79836,7.1562287,1.6261607,0.10935432,-0.0064274967
233,5.1484526,0.53328944,2.3589973,1056.452,6.5487768,1.3891021,0.040795196,-0.013527347
234,1.1492013,-0.95123301,0.62103297,1634.3999,9.2855171,1.807785,0.28276051,0.037650615
235,4.4916872,0.47408234,0.62479884,1968.5522,7.3607337,1.8790457,-0.2575298,-0.033411648
236,2.131802,1.1626325,2.5299466,1799.5378,32.51126,1.8762222,-0.60600601,-0.0040472019
237,2.8611752,0.8447294,1.1704464,1664.4239,20.521181,1.9188206,0.049731921,0.03331299
238,2.9946783,-0.31162859,0.61528977,1250.866,21.112178,1.676586,0.45068957,0.030585861
239,0.63368867,-0.44355688,0.33825869,1172.6609,7.4295947,1.7261143,0.84638845,0.0015624446
240,1.9918002,-0.32447474,2.6568372,1486.3469,7.9363873,1.8647479,0.34445361,0.026826115
241,5.9892169,-1.2892157,2.2513626,1835.5586,13.675161,1.7313268,0.26411382,0.012044088
242,4.304835,0.11149484,0.50193568,1576.3183,30.670215,1.911934,0.21305956,-0.047717023
243,2.3422723,0.84970809,0.8161707,876.5344,8.4257008,1.6135381,0.12662753,-0.025165481
244,5.2640931,0.93147562,0.45456049,1160.5974,9.108034,1.4684617,0.6618895,-0.031539753
245,1.4923229,0.80010594,3.0665718,2690.8916,28.413225,1.9434562,-0.34117634,-0.011889585
246,2.3066977,1.0246288,2.1312238,159.09331,7.2213563,1.3852288,0.43482877,0.0031073026
247,2.9724515,-0.042321864,2.4296594,1186.5328,9.0668094,1.5529766,-0.24298611,-0.0017457814
248,1.8631481,-0.44858797,2.8107082,1869.8497,11.227929,1.6284078,0.66295166,-0.011712872
249,0.50255813,0.41776309,2.6165813,1125.3644,31.657387,1.6008518,-0.20323463,0.0081306473
250,4.6322579,-0.43973894,3.0066233,2930.774,10.192484,2.0583509,-0.45668455,-0.0054349364
251,5.8243892,-0.80310806,2.7219579,1036.3112,6.2167339,1.6150483,0.35291315,-0.028930915
253,5.9047993,1.2506869,1.297732,699.98364,9.464656,1.5164289,-0.75693981,-0.020527433
254,3.9170715,0.66409494,1.0771633,928.58721,17.622034,1.6366787,-0.0792866,0.039462524
255,6.1548248,-0.99983766,2.1976991,1498.3689,19.903865,1.674773,-0.37120023,0.011692157
256,5.5494821,0.96150342,2.4469084,463.37617,5.8988935,1.5321597,-0.73321791,0.0024178114
257,5.2918127,-0.57083059,1.7186163,398.52049,6.2751422,1.5464816,0.80464071,0.01239127
258,0.67546942,-0.012283228,0.84779266,541.71566,7.7895537,1.4170191,0.44804245,0.042807672
259,3.8596741,1.4142225,1.8186348,580.64258,15.55501,1.5640285,0.3060042,0.031934984
260,2.509917,0.27129061,0.9989039,735.08519,5.9467182,1.5648341,0.28111475,-0.040191021
261,1.7550487,-0.2884277,2.0359431,682.03914,26.774886,1.5517701,0.079474261,-0.020345214
262,3.0073921,-0.16057523,0.50603762,946.08012,21.126808,1.705465,-0.68459422,-0.036857885
263,5.3497552,0.2116258,1.4009691,1042.4027,28.532571,1.5967648,0.16007124,-0.0050469174
264,6.2089819,0.45573683,2.7081394,1655.6626,14.568535,1.7705869,-0.15536877,0.015382684
265,5.1085862,-0.28947087,2.4885105,921.20913,8.5351295,1.6180202,0.4662748,0.0084110292
266,5.0662051,1.1242633,2.1928357,402.91936,13.508955,1.4813763,-0.77770974,0.011550884
267,2.5058214,-0.91553238,2.5170776,929.66134,8.2124501,1.5540602,0.84157779,-0.047970388
268,0.39941176,-0.66400348,2.1087396,1639.6991,28.882535,1.7318236,0.98715851,0.029147075
270,5.2381856,-0.13717783,2.4413243,902.58221,16.144723,1.7082508,-0.53666253,0.022528407
271,5.0882304,0.35028159,2.1698648,1955.4955,14.240117,1.9381688,-0.4712258,-0.031816677
272,1.5311324,0.13967475,0.84601767,1593.554,21.888274,1.8409822,0.058322865,0.035481185
274,3.5781198,-0.39162067,0.033205468,1897.1806,9.9687745,1.985763,-0.18561635,0.0069903431
275,3.8405528,0.21102291,0.78518936,997.81172,9.652518,1.5535796,0.96830905,0.032898807
276,5.95525,0.24198483,0.41035964,1804.9598,12.71872,1.7013956,-0.68177381,0.032053259
277,2.4767271,-0.67572109,1.7971532,236.5793,5.3524459,1.4049121,-0.76417122,-0.014136788
278,1.3859204,-0.56924004,0.13611587,1234.7644,10.851369,1.6807373,-0.64648637,0.025817094
279,3.1007256,0.3751271,2.7259393,2212.7924,16.396426,1.7745428,0.95933343,0.0018396181
280,2.4526187,0.73919455,2.3968579,2317.2139,10.514585,2.0282311,0.91320506,-0.039947363
281,0.068151991,1.2671598,2.3757738,2318.7275,17.993343,1.7605891,0.62230091,0.049598554
282,2.7444202,-1.4862271,2.9367676,589.1492,14.04471,1.4118023,-0.54440996,0.0029741904
283,0.76636078,1.1907993,2.715025,1685.8729,9.0984065,1.7326601,0.36146428,-0.029244187
284,0.32968952,-0.79797473,2.276701,345.21936,7.1053041,1.5266184,0.042313581,0.017850479
285,5.1284243,0.2598158,1.9350621,379.01769,19.074147,1.499501,0.29248689,-0.005761999
286,4.1098119,0.36640022,2.3454894,760.80454,11.797226,1.3516718,0.54116346,0.037176769
287,4.6197906,0.40516735,2.0664141,814.43399,6.4564049,1.5377573,-0.51093349,-0.044644767
288,3.1017807,-0.70862947,0.86431187,912.92374,40.729137,1.6240336,0.20376279,-0.015110509
289,4.0843913,1.2658593,2.3158491,660.52234,7.3910679,1.4445252,0.70920434,0.047573671
290,2.5151402,0.84237622,0.33771869,1210.5343,7.3107243,1.6842473,0.97243911,-0.01945751
291,4.6704267,0.19940752,2.3854435,1326.8655,18.106874,1.6445875,0.0052064076,-0.027920425
292,5.3682316,0.66546764,0.70076211,341.26476,5.452959,1.4528748,0.47157931,-0.0069905387
293,1.8988423,0.5907712,1.3342098,953.99431,6.223417,1.6860387,-0.44070298,0.0049692628
294,5.2731852,0.71180215,1.2761184,565.52865,8.0382144,1.5423545,-0.13650683,-0.02625832
295,2.0077762,-0.017791802,1.9503137,814.65325,8.0070434,1.5217004,-0.32231097,-0.019208393
296,3.2725017,-0.3324713,0.40421858,1669.7498,13.215723,1.9894367,-0.35213765,0.040967112
297,0.92307541,-0.13895439,0.60384661,1608.6939,14.435102,1.843645,-0.23593361,-0.030859282
298,2.9275986,1.0817863,2.7532284,2405.9796,14.580825,1.9663985,0.067968764,0.031612524
299,2.3189189,0.38408005,1.6172418,799.47003,19.119358,1.6269648,-0.06816445,-0.030924628
300,2.8101724,-0.15959579,2.1754239,786.12225,6.0180006,1.4232444,0.29531827,-0.036369039
301,2.2711548,-0.39350847,2.7865729,1917.3789,25.170148,1.6636215,0.45112239,0.015256465
302,0.70555018,0.27950434,2.7058516,592.73844,9.7784417,1.4822511,-0.21916945,0.042031512
303,3.0510942,-0.11097257,0.86469894,2406.9889,18.236604,1.6055467,0.94431756,0.013361074
304,3.8362108,0.08757742,1.4155443,401.84299,5.48495,1.354737,0.15213028,-0.0039162889
305,1.0258285,0.17462967,2.441826,960.0021,6.797395,1.6215654,0.045906518,0.04369565
306,5.8882373,1.2210228,3.0494756,1580.6289,8.2364988,1.8945611,0.80452636,0.012594839
307,0.26452254,-0.37696982,1.9024783,350.7066,7.2480344,1.5647277,-0.82476135,-0.042771572
308,5.8395005,-1.0717363,0.30770913,3113.1019,19.488769,2.0465853,-0.95505629,0.019665488
309,3.0249413,1.0238406,2.4212875,799.40132,8.0848715,1.4265571,-0.88551803,0.011669122
310,4.6411839,-0.3127962,1.0974869,358.00557,17.849679,1.5503206,-0.44450254,0.010457436
311,6.2452573,0.1998847,0.9725678,613.4223,12.293734,1.4677731,0.056867041,-0.04844949
312,6.0412774,-0.38958512,0.401362,1383.2178,33.061996,1.6685619,0.060761617,-0.033894374
313,0.15308063,-0.40791053,0.45735906,1637.7209,21.81391,1.7331733,-0.26623835,0.041444265
314,1.2878182,0.63683744,2.2636943,1392.628,15.251453,1.7510787,-0.5653389,-0.035957254
315,2.3095923,-0.89997378,2.459659,809.00203,25.534123,1.6818525,0.82016414,-0.018365818
317,3.8860093,-0.39857275,0.76079108,1040.98,25.968712,1.3406837,0.95463787,0.037907298
318,2.2788182,0.27072261,2.8431405,1437.0232,12.090149,1.4889555,-0.51019149,0.015724076
319,1.9103822,-0.4255028,0.65576879,1170.992,8.6601507,1.8208876,0.91572866,0.041756282
320,1.4906826,1.0841794,2.0052778,986.00166,18.28157,1.7638722,-0.1831315,0.026438695
321,0.46522226,0.56059549,2.7438858,2542.8727,11.182924,1.942639,0.76900021,-0.043975913
322,3.7665533,-0.50485578,1.7766403,1095.3037,18.94413,1.6120519,0.29991827,-0.010137712
323,3.2699386,0.2736102,0.35493013,1782.3254,10.139952,1.7039901,0.0098399586,-0.010473376
324,0.71953116,-0.69707687,0.80138823,919.6855,13.437557,1.7471801,0.90680687,0.01498353
325,2.4109861,0.65343161,0.052272657,3686.7727,8.4513481,1.979297,-0.056889957,-0.0039729166
326,3.3554522,0.96315166,0.2118012,1377.0514,6.731355,1.5782669,-0.68174031,-0.001765551
327,5.4082403,-0.38256573,0.71075912,1097.3368,15.938835,1.706199,0.25706045,-0.042909546
328,5.4183975,1.3490726,2.8270116,1683.5342,30.771968,1.9090885,0.5074144,0.015668623
330,5.8789558,-0.36531957,2.8192632,692.50043,6.174984,1.530166,-0.85663878,-0.045676897
331,1.0877956,-0.93325096,2.6635506,679.21007,23.259753,1.6155038,0.29140879,0.012599698
332,4.6260748,-0.74187415,1.361949,193.19905,9.83816,1.3241583,-0.39430294,-0.023741357
333,0.94880771,0.37696026,0.46013514,1404.7521,13.798156,1.7887125,0.15563799,0.038365357
334,4.4563834,1.4240681,2.1753956,1844.585,41.40314,1.7611255,0.1629862,-0.00075841348
335,3.0648472,-0.2292861,0.5299327,948.1901,13.485932,1.6332188,0.58491899,-0.025595403
336,0.27723363,0.85686919,0.79754999,689.90719,8.8293764,1.4004445,-0.27457488,-0.0017809347
337,6.2245488,-0.84277613,0.50561184,1225.9473,22.567225,1.6489403,-0.82318812,-0.0095307653
338,2.3079629,0.14131165,0.37558368,2590.9607,29.367764,1.9006275,-0.65018695,0.015130509
339,4.1894615,-0.41654151,2.0136162,740.70155,14.744246,1.5218531,-0.15683349,0.03354879
340,2.474599,-0.61974299,0.87570214,1420.6292,30.288821,1.8038895,0.49120633,-0.036478031
341,4.8639798,0.33746928,2.887266,919.23397,24.087308,1.5213751,-0.70334369,-0.049579754
342,1.5294945,-1.2109578,2.7938623,2235.925,34.578634,1.7617091,-0.74144848,-0.027363152
343,0.755163,-0.91332187,2.2286467,2108.0619,10.042416,1.7539957,-0.83468079,0.013153779
344,1.1005069,0.72516841,1.5227489,960.329,9.5901787,1.6502732,0.50853188,0.026943994
345,2.2274125,-0.0049530704,2.4392051,989.87401,36.479096,1.5866946,-0.44334291,0.028298729
346,5.1326231,0.97980981,2.8760628,2279.876,13.464212,1.9368767,-0.86821061,0.035189144
347,3.9555927,-0.40530451,2.8443839,1910.6698,9.1742619,1.971824,-0.93351143,0.0052707007
348,6.0539309,0.99687967,0.86101513,2022.2592,15.660628,1.6116136,0.81959368,-0.019609012
349,3.785616,-0.20576906,2.5170144,2491.5479,11.933845,1.8581464,0.16275272,-0.022720949
350,2.338996,-0.23861764,0.60829461,703.20708,27.016353,1.4906148,0.53448312,0.034388871
351,0.56705449,0.53023299,0.93772536,928.04909,19.289558,1.5859766,0.39164442,0.049782802
352,4.7221198,-0.29266792,2.0399757,484.53674,6.3411873,1.4685954,-0.15540149,-0.030081847
353,2.091622,-1.1484502,1.4539417,397.90922,5.4271491,1.5207148,-0.35315365,-0.047274486
354,4.8094003,-1.0070509,2.4927332,2290.7594,16.059614,1.829197,0.52948367,0.01661875
355,6.0878719,0.4483674,1.8628483,198.9347,8.7290327,1.3642417,0.53946595,0.015365237
357,2.0614335,-0.19952875,1.9834763,921.99576,11.943835,1.4326443,0.41740382,-0.006520975
359,0.47682279,-0.74902626,2.2189163,504.14873,14.437245,1.3704994,-0.98435617,0.044561282
360,1.6716207,-0.81259341,1.4161733,295.54289,8.6374169,1.2102563,0.48907665,-0.048241649
361,2.3510106,-0.019373987,2.5586569,1172.0542,7.2277249,1.5695464,0.076303825,0.027854415
362,2.9307564,1.0929902,1.5739145,966.75926,10.909656,1.3528225,0.9817987,0.0039392263
363,2.8172398,-0.64517575,2.1398185,383.28405,6.4637052,1.3679854,-0.65088446,-0.027175404
364,0.47781248,1.0212084,0.89206348,1230.2584,10.476285,1.7594767,0.66782462,-0.047975495
365,2.8413661,0.096218145,1.9120154,481.16199,24.533292,1.6689619,0.084536827,-0.046589112
366,2.2045833,-0.61898252,0.50956071,1582.1543,18.899263,1.6252941,-0.10554277,-0.039536131
367,5.5771662,1.2574731,1.431803,915.90546,10.289773,1.5580905,-0.1803276,-0.026366964
368,2.3048738,-1.2620409,2.2953998,1293.4046,9.5196351,1.569537,-0.61188082,-0.013115802
369,0.53601931,0.45523148,0.74091476,1901.1339,6.9472283,1.8181919,-0.51952284,0.039110511
370,5.7340031,0.47507726,0.55100548,1107.7221,8.7059595,1.5789855,0.26786916,-0.04525306
371,1.6719493,0.32189367,1.1505028,1090.3175,19.189841,1.6780672,0.70402038,0.032952889
372,6.088916,-0.70731775,2.6277945,1417.7386,11.523449,1.6375295,-0.15944194,-0.044833106
373,0.78536467,-1.0621833,2.4670375,526.14355,7.7064043,1.6069409,-0.55511457,-0.028099247
374,4.1029747,-0.2592729,2.8473768,777.62655,43.496544,1.6194946,0.19146697,0.014140627
375,2.1289086,0.7046711,2.554734,954.48126,6.875327,1.6923871,-0.38774405,-0.013207288
376,1.4747901,0.36582658,1.2710319,776.71317,9.7638394,1.6248327,0.52455422,-0.018883951
377,0.31444664,-0.76507391,1.6948255,331.54624,5.8292518,1.3532144,-0.29135611,-0.0068246507
378,4.7741119,-0.022494061,1.1141118,601.26846,9.6203502,1.5306912,-0.16296463,-0.016237231
379,4.2233452,-0.53844488,2.1931433,1119.7613,6.7650806,1.8067581,0.6521759,-0.049991703
380,1.2191877,-0.14589199,0.61579192,525.32051,12.988256,1.5845485,0.037891264,-0.0074459151
381,1.9602538,0.69764788,0.23216416,841.48011,23.705606,1.6119036,0.71394818,0.044391501
382,0.13616679,1.1552326,0.590588,1132.0145,6.8022245,1.4804558,0.3923823,-0.046026687
383,3.8528281,0.36127899,0.94861961,823.66499,14.327925,1.6055819,-0.086492305,0.011825884
384,5.3488975,0.71424288,0.36999163,631.78287,11.403538,1.3530134,-0.68171031,-0.02186576
385,0.67036206,-1.0449265,0.43991674,1566.4185,6.5680141,1.8150284,0.1058798,0.024173675
386,0.093449663,-0.43103374,2.5006123,633.17519,9.5617166,1.3619546,-0.13972542,0.047746131
387,5.5314575,-0.4014332,3.0006284,2169.1267,9.6040246,1.8274027,0.61164217,0.038605885
388,1.2212013,1.3617844,2.3317278,295.00048,10.486418,1.5368828,0.95030218,-0.021501819
389,0.85419749,1.200377,0.80267652,1130.7244,7.0961942,1.6498922,0.19319535,-0.027912464
390,5.3718585,-0.92466847,2.7143407,757.83341,8.1041586,1.5679214,-0.75502432,-0.010902474
391,2.6195,-0.12502834,1.9520301,731.24296,13.048697,1.2664582,0.50019674,0.013391342
392,4.1126034,0.043201839,0.67911421,1084.647,17.649961,1.5154624,0.95657493,-0.0050008638
393,3.0900448,-1.3831318,1.846785,816.44611,32.814033,1.5981524,-0.32725959,-0.0023883555
394,5.9989544,-0.33909374,2.4492076,1464.3209,39.451784,1.6956985,0.46399823,-0.037706938
395,0.08340413,0.97351773,0.90110483,1519.1673,6.7936469,1.7024889,-0.0086279811,-0.0099038101
396,4.5540799,1.2205137,1.617918,794.6529,16.040035,1.5607695,0.84630046,-0.026956123
397,5.0143816,-0.77823126,2.6700491,1664.8134,8.1824108,1.6428579,0.17689446,-0.025157213
399,1.5129979,-0.22319166,0.32832157,3152.9952,13.823001,2.0552171,0.82343822,0.028529825
400,0.93054249,-0.52068561,0.58712386,2832.2235,12.805811,1.8050372,0.77403544,-0.048101634
401,0.18559801,0.6751724,2.6178135,1054.6824,10.853636,1.907274,0.55464464,0.036123087
402,1.3396955,0.1323631,2.8749292,1101.3431,7.9377866,1.8151823,-0.55832474,0.012753416
403,4.9150006,-0.91689547,3.0427611,2920.8323,7.8108568,1.9751524,-0.90171641,-0.015893201
404,0.10107493,-0.17513981,2.7441944,1370.6922,6.8748806,1.6558577,-0.17589378,0.019566789
405,3.5914157,1.0817035,0.39030658,895.48215,10.787565,1.5766622,0.61112642,-0.024580922
406,3.4738409,1.2654531,2.186471,1369.8439,28.71897,1.8116155,0.70737338,0.036281699
407,5.7895981,-0.27501469,2.2861707,736.54527,7.4660521,1.6562757,-0.85355792,-0.037189062
408,2.6158273,-0.3192832,1.4291389,298.31961,8.4009629,1.5050433,0.91332388,0.035219985
409,1.8787458,-0.78593933,1.0836303,1132.3468,52.509027,1.6894988,0.91284629,0.019162152
410,5.6491771,-0.27519336,2.3760354,1565.0451,13.91154,1.7761483,0.33550469,0.049150603
411,5.8043827,0.28555084,2.651227,1874.3949,24.410438,1.8802116,0.10537541,-0.03230282
412,3.3942205,0.33221484,0.48578925,817.75135,5.981413,1.4397957,-0.86968035,-0.0031576861
413,0.024516602,1.22367,1.1311122,1413.4271,7.9461764,1.7119221,-0.43432945,0.038016288
414,4.3993524,0.38379148,0.71475944,1158.1594,8.1219181,1.683055,-0.052162918,-0.024754809
415,3.6881278,-0.58235305,1.6919373,468.1793,16.370258,1.4836512,0.15345847,0.047170819
416,3.6232482,-1.0429928,2.8032567,1116.8111,21.729192,1.5581489,0.66267275,-0.028718799
417,1.6349989,0.11970944,1.0454228,409.01766,9.6619747,1.3347828,0.63491788,-0.017204266
418,1.9843301,0.96883614,0.58758805,1540.0735,9.587913,1.9473609,-0.37297686,-0.027198777
419,4.2365082,-0.17916126,1.6323387,430.85745,8.9550539,1.4726645,0.9396612,-0.015870525
420,5.9235565,-0.04697752,2.2175566,1191.276,10.756537,1.6167503,0.46335684,0.027503714
421,0.48667678,-1.0630781,0.89403531,1286.9634,15.488466,1.6052756,0.3257184,-0.032923542
422,5.1369453,0.43309402,2.0778666,1226.0654,17.045189,1.6503434,-0.58149031,-0.022535459
424,1.7892105,-0.36208535,2.096498,751.83649,20.354373,1.4264806,-0.36086083,-0.041306725
425,3.6002255,1.1446322,2.4308296,1051.4504,21.941625,1.6121787,0.37403626,0.018121006
426,5.8265335,0.26930214,2.1223704,1672.1401,8.5074099,1.7103188,0.28995959,0.0022218762
427,4.3842144,0.00035804523,2.977227,1575.3605,12.208917,1.7905855,0.55642179,0.039702451
428,4.941173,-0.28905307,0.5700686,1091.4503,9.3781882,1.7453349,0.0019730047,0.0055044186
429,1.3716029,-0.34973461,2.5239798,1271.7465,10.390852,1.6192357,-0.60503118,0.03701899
430,2.7478534,1.166954,2.5033937,622.46099,6.7852109,1.4747042,-0.027480926,-9.0422137e-05
431,5.209203,-0.61117686,1.8460793,976.06004,25.733852,1.627949,0.18046206,-0.048018953
432,5.6508332,0.75909991,2.7599947,2562.8285,9.3367308,2.0115102,-0.49953416,0.037912903
433,1.0998779,0.18324504,0.45650245,812.42947,11.507973,1.5111063,0.36728121,0.023603574
434,4.6476739,0.10130288,0.24157796,1075.2541,7.6374124,1.7111972,-0.70556371,0.010189893
435,0.66989536,-0.46384578,0.43570632,881.61159,22.822042,1.587742,0.17935795,0.0059404183
436,5.981556,-0.49377131,2.3968766,1769.9729,8.6721266,1.6856876,0.51185526,0.036392248
437,4.5446854,0.85550697,2.0446233,926.83931,6.4108165,1.6594005,0.87945989,0.041707977
438,5.2268026,-0.20825069,0.49255223,700.37671,11.815597,1.4593411,0.3564862,0.0047916852
439,5.2130978,0.50459065,1.9081134,1314.8591,21.582889,1.6625246,0.27930486,6.6287203e-05
440,2.3278171,0.12861392,0.6317352,934.02235,7.3037806,1.6578503,0.95628796,0.030417472
441,0.77068322,0.26973623,2.7129803,1346.9108,31.886197,1.8423041,-0.12995868,0.035844772
442,3.6085276,0.66858984,1.7726147,1373.5022,11.285133,1.4829765,0.54238387,0.010743848
443,1.9852744,-1.3361165,2.8482559,2097.7048,26.380912,1.808136,0.57744266,-0.03375615
444,3.4307938,0.64122526,2.5600182,1052.3942,11.475926,1.5428481,0.80981103,0.028529723
445,2.8673676,-0.51386321,2.8184629,1447.7303,7.4672471,1.8142369,-0.80601437,0.0066672347
446,4.5997281,-0.67272751,0.67810927,2418.6056,10.38424,1.9451377,0.74442442,0.031855308
447,3.075136,0.46210173,1.0040471,552.98967,6.4437959,1.5180299,0.33472623,-0.044589058
448,6.0312702,0.49978689,1.2340786,397.69823,35.571523,1.3884847,-0.2260589,0.046334375
449,0.29422012,-0.59650834,2.4891781,3020.2329,31.364852,1.9215448,0.71575575,0.024430296
451,0.14842822,-0.45668581,2.6842327,1088.7787,10.082361,1.4878033,-0.37761058,0.020706199
452,4.3406166,-0.7273435,2.3351295,1039.5502,11.136458,1.4688201,0.49623443,-0.043804468
453,4.5442067,-0.19842985,0.45851768,1947.7164,8.0323561,2.008309,-0.09029524,0.024745587
454,3.1594507,-0.98993922,2.7862512,1625.0004,9.1156305,1.764679,-0.3395881,-0.044706712
455,6.0118262,-0.40490797,1.1867466,378.97914,6.1025391,1.6809029,-0.32107463,-0.003867921
456,3.9304668,-0.16349416,2.4960142,879.20227,22.042288,1.5792339,-0.35032445,-0.039836718
457,1.2104386,0.61096427,2.7295913,3309.1336,46.889587,1.9020339,0.92247591,-0.014845506
458,5.9053215,-0.79636425,2.3026699,1849.5571,13.109806,1.9512617,0.065361557,-0.021482584
459,0.39753695,0.93342377,0.63733466,1559.6228,7.8676559,1.6228564,0.34255385,0.015572758
460,1.1854649,-0.07989711,2.6738206,1285.8054,8.3776318,1.5306767,0.53956828,-0.021627164
461,2.1504772,0.083257931,2.1548358,1989.9378,12.676602,1.8221655,0.058933424,0.041293651
462,0.21740604,1.1161315,1.2804462,1145.2156,12.639694,1.795921,0.21239974,0.0007412252
463,3.9325066,-0.79900356,1.2483007,799.23837,14.808759,1.6079283,0.8026061,0.042701029
464,0.52133984,0.12459066,2.4383925,597.82507,17.480381,1.4507201,-0.74613348,0.0037013494
465,0.25282286,-0.89245272,2.6766659,1196.6699,40.809688,1.5466742,0.12116629,-0.044282774
466,4.4212891,-1.1782843,0.89731216,1837.7275,18.045939,1.6849544,-0.072106229,-0.042038389
467,4.6444601,0.0062160088,1.0770245,1330.8695,11.308846,1.6411993,0.097788597,-0.02454899
468,0.69082583,-0.65132482,2.6506099,1767.5674,7.8666241,1.785411,0.55425474,-0.034174733
469,1.2222786,0.99177116,2.0137482,870.43925,7.9950958,1.544006,0.51746262,0.00098619182
470,4.6632751,-0.19247109,1.2243199,1135.1271,7.6756424,1.7772022,-0.20857027,0.026394722
471,4.7030203,0.86515635,2.71079,914.97179,7.5835715,1.523966,0.78498823,0.018881148
472,0.30862576,0.80514587,1.9557562,407.77733,13.167488,1.4028171,-0.0046357897,0.033277354
473,3.8280817,-0.69099233,2.6457713,3036.7754,12.098918,1.8173087,-0.00075083042,0.029906397
476,5.0830481,0.37768586,0.40808393,2973.6205,22.945733,1.8472169,0.42649041,-0.04678329
477,2.6184658,0.0085639939,0.30568342,2064.8696,8.8398387,1.7323216,0.018463854,0.0054101131
478,3.6231885,0.32303647,1.5050601,1155.0389,9.2521623,1.7166466,0.38383865,-0.0001567293
479,3.3250693,0.51664022,2.1316934,386.2764,5.5571307,1.4453998,0.77144388,-0.042390211
480,3.9747773,0.36021194,1.0815142,899.32882,8.0963203,1.5101113,-0.13029184,0.015963277
481,3.7558125,0.38693987,1.3115605,338.5779,5.6043368,1.4142405,0.36395931,0.041200645
482,4.6866354,0.45477929,2.0352197,450.86241,6.4629577,1.5002851,0.42603666,-0.0098937422
483,6.0012867,0.75528962,2.922487,1623.9739,7.3275642,1.6793965,0.97580546,-0.0082193703
484,0.59092683,-0.56908331,2.567254,1589.0208,8.711734,1.6846705,-0.38570656,0.043339105
485,5.0411405,-1.1331709,2.8401796,903.60744,15.349831,1.5105905,-0.52797566,-0.028264802
486,3.4696623,-0.75114012,0.46685552,1704.4045,20.451614,1.7099746,-0.0057350316,0.032304734
487,0.4150593,0.42836425,0.91929646,855.27478,13.567194,1.5872425,-0.56727041,-0.0015578879
488,3.2122872,1.321465,2.8993354,1385.2645,7.0768044,1.7085825,0.97544847,-0.042807237
489,4.7356542,0.5973757,2.861039,1627.4823,11.433553,1.7319363,0.2370582,0.0005088673
490,0.49164946,-0.82726102,0.96624213,453.70229,49.263185,1.4683601,0.16017137,0.047680547
491,4.8975677,-0.65148425,0.22572858,3077.163,30.408396,1.9572901,0.97908081,-0.004554085
492,4.8625864,-0.2300197,2.1048939,412.95348,37.713543,1.353518,0.24880214,-0.024735982
493,1.981707,-0.58903659,0.57356282,639.05574,45.284449,1.6103114,0.60566896,0.041117002
494,2.5693074,-0.63646183,2.3865508,1025.3559,8.2890439,1.6347208,0.82838674,-0.038421242
495,6.1516068,0.52142479,2.6900093,1906.7862,8.8833641,1.6966169,0.0059879504,0.037808498
496,0.37590483,0.60940753,1.1075276,977.21855,7.5597828,1.7794131,0.646185,0.026013024
498,0.94199793,-0.87164402,1.0198467,1018.1529,12.466517,1.6595159,-0.18643033,0.01129773
499,2.4929766,0.51910815,0.46699952,603.75019,16.605895,1.556261,0.2278156,0.041490498
500,2.9952816,0.69831816,2.1610467,841.27416,9.1403427,1.7477554,-0.18457792,-0.044205274
501,2.1580304,-0.014682349,0.89649474,550.28313,7.8381799,1.4636616,0.57729032,-0.032129053
502,4.7732081,0.96642935,2.3791603,2046.7621,28.377196,1.8930014,0.45030347,0.00095643301
503,2.7077719,-0.27087169,2.5127141,885.27011,13.533028,1.5032596,-0.0060531296,0.025270143
504,6.0479817,-1.0044426,0.59616838,1751.2043,41.175518,1.4712847,0.095710305,-0.0029437104
505,0.71024567,-0.93299587,2.4072559,1656.0138,13.081804,1.8203971,-0.43038821,-0.049409664
506,2.0671476,0.3530768,0.81561713,1376.0645,14.971947,1.2651172,0.063994169,-0.041133951
507,4.9980363,0.59401379,0.89392357,229.23519,6.7925612,1.2196213,-0.4397265,0.019477701
509,4.2821704,-0.62225658,1.4044032,1024.4758,10.285588,1.7663338,0.96332932,0.021784482
510,3.4404456,1.2210375,2.4990894,1425.3717,23.2316,1.9505608,-0.95536109,0.040725364
511,1.8706045,-0.1759153,1.8582053,1226.6776,18.665054,1.6700677,-0.018987173,0.031086507
512,4.75889,0.59952321,2.7605269,1373.9128,8.572843,1.4853638,0.31380258,0.040426786
513,3.9553826,0.66189835,2.0844508,741.97525,25.528695,1.5190284,0.084260578,0.028975923
514,1.8028955,0.91420653,1.048412,673.44299,6.6158483,1.4032142,0.23629379,0.015243566
515,0.94355497,-0.23686472,0.69719857,248.85049,28.265279,1.4917817,-0.22478264,0.028724052
516,3.8480636,-0.863233,0.8150688,911.40175,6.3327252,1.5602249,-0.52902631,0.047767389
517,1.8344885,1.0093528,0.16937949,1870.4565,9.6234385,1.7586833,0.86669689,-0.040096229
518,1.2138507,0.8908627,2.5951844,565.41727,7.1702562,1.5072406,-0.92612653,-0.036076802
519,2.9950164,0.228975,0.91135343,787.06413,9.4675529,1.402984,0.93448799,0.047535098
520,4.6834901,0.72966233,0.15419328,1970.9055,11.343497,1.7245008,0.070963809,-0.037010756
521,5.1165335,-0.92541552,1.2027048,1112.0808,9.0104728,1.3486624,0.62190242,-0.043471771
522,3.098499,-0.37175419,0.65159435,520.3042,16.160185,1.3889785,0.77022901,-0.021401821
523,2.9154949,0.070592939,2.557693,403.22773,7.6522606,1.3726842,0.65036545,-0.038306229
524,5.8301885,-0.5497207,0.99415863,864.07848,11.42326,1.378607,0.35970232,-0.020545047
525,2.4309434,-0.070334479,0.65541865,1495.9049,33.410796,1.6904967,0.88244546,0.044471469
526,2.1270545,-1.3705717,2.8272376,2570.5569,8.4123845,1.7719848,0.96371957,-0.025448215
527,1.4056076,0.38842116,0.48351293,814.42541,20.524368,1.4838816,0.20239944,0.049203733
528,2.7160386,0.60887332,0.86566507,919.90397,14.509725,1.4291799,0.16194955,0.010563361
529,5.1614871,-0.55673309,1.9939342,2283.6051,13.956674,1.7614127,-0.39430782,0.0012044653
530,3.1297123,-0.958994,0.65304582,1013.2208,6.3757793,1.54968,0.62115406,-0.027936077
531,0.12577348,1.1184857,2.384295,799.5559,6.3676557,1.7482672,-0.68703487,0.02044314
532,3.7773178,0.1688736,2.1098264,1964.929,26.526728,1.625626,0.83401546,0.017886905
533,0.2103716,0.20935082,2.0873145,1031.0424,8.634214,1.6284399,0.71657568,0.037416881
534,1.1099235,0.47045646,0.79462033,1300.273,26.037328,1.6514299,0.93399065,-0.0079573222
535,3.4868134,-0.99029479,0.40567009,1534.7203,50.302168,1.71413,0.42533339,0.037477183
536,1.4549246,0.24253691,0.6855619,752.19325,6.0988183,1.5273352,0.22755502,-0.027538558
537,3.7300539,0.32409469,2.541009,967.5669,31.392986,1.6738154,-0.5411933,-0.022932388
538,4.4135718,0.95865889,0.43723797,575.77066,10.607232,1.5852978,-0.26170426,-0.0062933765
539,1.2100719,-1.2786817,1.0607187,844.32664,8.5866274,1.5960397,0.57807601,0.029894102
540,3.6814968,0.86128697,0.22012426,1696.0563,6.7701608,1.7280732,0.95078723,0.0084696736
541,4.031471,0.34390534,2.1021455,791.30155,17.9921,1.720958,0.6415208,0.036550099
542,5.7604615,1.2838439,1.3019926,580.01563,5.7445315,1.429484,-0.49830522,0.045823208
543,0.246033,-0.82864141,0.93525243,1174.1998,13.973987,1.6217074,-0.088157188,0.012648027
544,0.97704115,1.1952025,2.0762864,1150.4938,7.1645977,1.4300596,0.61637537,-0.045473818
545,6.1011363,-1.0592599,0.71025246,803.50989,5.8836781,1.625495,0.89048569,-0.023196708
546,0.93556528,-0.60112945,2.6975013,1255.0718,17.634672,1.7242855,0.05357613,0.0058774611
547,6.1270729,-0.0016934031,0.51158395,1721.5465,36.010758,1.7709428,0.6306564,-0.02735401
548,4.6151282,-0.9621959,0.097666448,1627.0953,9.2640412,1.8444756,-0.96730831,-0.045525068
549,3.4524614,0.31654632,2.6185246,947.31381,6.3710563,1.7271399,-0.4693763,0.046755402
550,3.5367413,0.79044241,0.85950457,877.55372,12.632058,1.6867297,-0.36779599,0.036862081
551,3.1511528,0.73537123,1.1108201,692.03822,13.164171,1.5433022,0.28896743,0.011318194
552,5.5954605,1.3321121,0.60940499,760.67614,7.4295159,1.6191761,0.41491231,0.026094229
553,1.5925824,0.18543442,1.6803003,491.85949,15.534231,1.339934,0.09942285,0.04517738
554,2.879153,-0.79543747,2.9014868,1391.7692,7.1126728,1.6890365,0.18140028,0.0060348879
555,4.9835796,-0.93989845,1.4896516,585.02165,8.1609191,1.4760937,-0.74549932,0.027627778
556,5.7147301,-0.044020889,2.4526001,1064.3721,13.306334,1.5110883,-0.15259751,-0.04934605
557,0.3819042,0.87953837,2.094825,1208.2715,7.0773033,1.490043,0.56545508,-0.020193514
558,1.2575132,0.19767047,0.93761341,531.37583,7.9611505,1.4010465,0.14283766,0.0021459322
559,2.9030363,0.33186676,0.51506374,688.90229,12.661091,1.5733919,0.69808143,-0.025165998
560,5.6076887,-0.14047514,0.67897107,549.03814,8.324297,1.5270189,-0.7804155,-0.019240864
561,3.9140818,0.84942697,1.3821683,891.02326,12.765723,1.5453613,-0.13781837,-0.024705599
562,2.3218431,-0.35280014,1.8137499,394.80087,7.4506366,1.2760037,0.46688823,0.03015184
563,1.3445655,0.20957793,1.0625067,915.01776,7.907784,1.506905,0.33030773,0.048465337
564,3.5365119,-1.033481,2.6620242,1255.5386,7.3241008,1.5171995,-0.89745574,0.0092075208
565,4.3114984,-0.62837488,2.6095669,323.3187,11.485961,1.3276859,-0.87732561,-0.0040295717
566,3.1160379,-0.29221694,2.4305759,970.39902,15.63571,1.5393412,0.029532072,-0.014175851
567,3.3534149,-0.30822969,2.103065,1826.2937,6.759822,1.9408151,0.33094179,-0.027872281
568,2.1849698,-1.0217401,0.30655335,1360.2401,37.706231,1.718352,-0.10483549,-0.041935043
569,3.4314621,-0.51295783,2.2632882,510.87792,6.0565652,1.5686642,0.058080653,-0.0071911459
570,3.8694162,-0.84721878,0.74513939,682.84583,6.5817893,1.4444299,0.72203649,0.034987682
571,1.3110338,-0.68109908,0.70043087,1119.3191,8.330137,1.6153472,0.90292009,0.0057406494
572,0.83811952,0.60308843,0.028362409,913.91229,11.183511,1.6226451,0.1126596,0.045936327
573,1.1488825,0.64815062,2.4018749,675.25865,6.8376597,1.3894597,0.89277881,-0.017384797
574,0.33067654,0.027722878,0.56521328,1169.3192,9.8953255,1.4824202,0.89731935,-0.0059666386
575,2.1471066,-0.9625216,2.6107434,2099.0453,22.191238,1.6675499,0.45159936,0.011137235
576,5.8171801,-0.77646606,0.25385687,1150.7295,17.469717,1.4221886,-0.79338525,0.04521943
577,4.1032247,-0.21158174,0.70966006,1380.1333,30.320865,1.5428469,0.086019198,-0.0054229359
578,0.60118878,0.59249954,1.2814608,665.66162,6.8883505,1.5658841,0.1812125,0.0043611484
579,3.744222,-0.74318686,2.3970732,2352.9236,21.620399,1.9697277,0.9626258,0.0023266266
580,2.3559492,-1.4168317,2.0799417,690.48797,10.143326,1.4766149,-0.81850976,-0.034967432
581,2.5616528,0.52891697,0.60928461,1009.8353,7.7352337,1.3312345,-0.98202057,-0.033784432
582,4.7299854,-0.86915687,2.5910926,2036.6886,26.455368,1.7777436,-0.10725557,-0.0263586
583,0.88933544,-0.7960911,2.4290075,711.8581,15.256764,1.6041716,0.55388385,-0.013489821
584,5.3722146,-0.18346512,2.3065723,1955.1992,38.828536,1.9720327,0.38440837,-0.039427953
585,3.1038789,0.51002878,2.576237,479.70991,11.224031,1.5466399,-0.13520713,0.0012368039
586,4.846853,-1.5120291,0.98743065,390.80286,10.669624,1.4165772,0.66263662,-0.014425634
587,1.6633355,-1.2645484,2.6082987,1103.7765,6.2746778,1.7790295,0.31068347,-0.027376119
588,1.68163,-0.6779484,2.4569969,2437.1508,11.468936,1.7802344,0.11516992,0.009348034
589,4.0044558,-0.34932314,2.5227178,646.9243,5.9213335,1.6209365,0.35122538,0.0061706872
590,5.4543809,0.096667931,1.3107881,494.02921,7.4290011,1.319649,-0.046688297,0.014210191
591,0.51256723,0.50564658,2.1084968,553.4157,10.62871,1.4772612,-0.27173839,-0.044529193
593,5.3519914,-0.29885894,0.53519597,754.20746,13.604412,1.5149218,0.93185196,-0.046555815
594,3.2040593,1.1657867,0.25601211,1093.2533,30.319091,1.6540109,0.22950207,-0.044090974
595,5.6595275,0.47928397,2.1792959,429.24621,9.9726127,1.4709813,0.26389814,-0.037274703
596,4.8590008,0.20198124,0.68484199,1505.2124,7.7250778,1.9440883,0.48582949,-0.011670206
597,2.2575504,0.47396292,1.1532766,1438.2924,21.989082,1.7238667,0.46775149,0.0053619045
598,4.881606,-0.48096889,0.38456303,1438.8239,14.385673,1.555817,-0.55433645,0.020131319
599,4.8093984,0.46285254,1.2064085,849.29152,19.239556,1.6573282,-0.57321183,-0.025184415
600,3.2187643,0.81763291,2.4625948,1108.6887,8.3927877,1.4182814,-0.48158577,0.041786836
601,0.63903919,-1.1063143,0.13695317,1703.9551,9.1419212,1.9629986,0.033798998,-0.01506623
602,0.83981345,-0.2723871,2.8725667,1081.3867,6.9750373,1.6425613,0.040740008,0.042893792
603,0.34052325,0.13331411,1.5688741,403.09889,18.11144,1.4387317,0.87720663,0.0066323888
604,5.4835346,1.0148018,2.3213761,1194.49,21.567402,1.5337839,0.89970098,-0.0082982551
605,5.6664008,-0.73761495,2.9139666,227.55002,8.3287532,1.4646207,-0.20102143,-0.049643912
606,4.1629702,0.60775592,0.31247751,1434.2034,20.055201,1.8183763,0.43884338,-0.035078905
607,6.0453481,0.968986,1.3875406,679.66251,41.299393,1.5345772,0.22614287,0.032866064
608,4.1882263,0.34429762,2.95729,3116.4151,10.151753,2.0506231,0.14443354,0.040489798
609,4.7270539,-0.16557062,2.3047972,210.15418,11.412067,1.3903688,-0.65309437,-0.041912217
610,6.1630104,0.67530697,0.87671892,1174.2304,15.362272,1.4461963,-0.75285397,0.018816496
611,6.1659054,1.1664709,0.94984121,2910.2759,7.9595217,2.0024637,0.91412167,0.013112326
612,4.0048463,0.28375838,1.2198956,1869.4439,13.950236,2.0336593,0.017395123,-0.0083793776
613,4.2878765,0.42958903,0.048676676,1622.7581,10.345564,1.6690169,-0.47251509,-0.048619774
614,4.6044694,1.2494015,0.78855015,491.84847,10.881326,1.3248464,-0.0070346622,-0.034876082
615,0.71708881,0.21502658,0.2642404,2558.7239,22.66499,1.8008106,0.8432025,-0.0084595414
616,4.7611751,0.065408248,2.856042,460.43726,6.2260097,1.3598497,0.83498573,-0.034357801
617,1.4075175,-1.4342593,0.44788837,1683.8381,7.2915875,1.7069641,-0.1872956,-0.037475937
618,1.7889255,0.95033276,0.82528988,934.16271,9.0991781,1.6408401,0.13002494,0.029981346
619,5.7500315,-0.004373339,1.9435364,323.07167,8.2430047,1.259706,0.31054624,0.036669514
620,5.0225795,-0.81027833,0.83924342,1341.315,6.5508245,1.6026813,0.61814641,-0.045472392
621,2.0712658,0.71327951,0.71142627,627.40615,5.9981886,1.4795824,-0.906471,-0.046623135
622,0.054394218,0.40875582,0.91522484,812.53419,8.0867426,1.4552976,0.22247015,0.013238605
623,0.99139173,0.50313013,0.42921083,1866.449,9.0905153,1.6905473,0.38702091,-0.034861379
624,3.3132435,0.44629594,1.1614201,2278.7222,14.032145,1.9596179,-0.24465616,0.049843239
625,4.3560924,-0.39455492,2.1465233,830.68796,9.1212048,1.3920579,-0.54323789,-0.017135793
626,3.9709217,0.18233911,0.024972593,2805.2553,28.828457,1.963611,0.60189124,0.0041711556
627,3.4174074,-0.78047604,2.6142973,1884.016,57.003834,2.0026903,0.1614072,0.0029700809
628,2.9959133,-0.41653498,1.9988826,462.61044,25.268955,1.4243235,-0.64790676,-0.020815094
629,4.6217538,1.0408177,2.465213,1076.2972,15.943134,1.5262752,0.52478725,0.0056228998
630,3.3977988,-0.37634667,2.9215875,942.05803,37.018959,1.5234893,-0.7513614,0.0084885319
631,4.9187404,-0.70637096,2.5342768,1749.8095,7.6219285,1.8567638,0.17396107,0.045982818
632,3.7756639,-0.69371187,0.54466744,880.93387,26.293107,1.6410201,-0.32793728,0.006812618
633,5.2454604,1.2268947,1.6536017,266.99301,12.936624,1.3717127,0.36435141,0.0075918382
634,1.2974103,-0.64427257,1.0837155,612.51435,15.154523,1.4811019,0.55276659,0.018899524
635,4.7259967,-0.16394093,2.6682302,1158.895,6.8597146,1.6508255,0.79020129,0.028093079
636,4.2504889,0.13219063,2.5301729,1646.6634,18.607089,1.7755681,-0.63745122,-0.011927804
637,1.6304861,-1.1588785,0.65639028,1608.7432,17.310917,1.9096322,0.80747876,-0.015350985
638,6.0573042,0.97948724,2.5181796,1736.3302,10.242414,1.6193517,-0.86527933,-0.010131459
639,3.903313,-0.11509006,0.27264058,767.27514,12.870433,1.6639749,0.10550043,-0.0064833507
641,0.76380595,0.18000085,1.8719496,397.33693,6.4918005,1.399972,0.46880347,-0.040910723
642,5.6923055,0.014588209,2.9977902,1081.9173,6.3447734,1.5412989,0.52303416,-0.013480678
643,3.9499781,0.39914281,2.1020328,1620.4898,38.217423,1.6458689,-0.47112699,-0.0089312326
644,1.9947617,1.3464732,2.3866715,1098.4769,8.609803,1.5938679,-0.033556806,-0.03466149
645,3.9825333,-0.65632322,2.2468122,2128.9255,8.1707076,1.9397725,-0.099069429,-0.038498117
647,4.1280335,-0.10235222,2.4755229,1780.0532,18.240789,1.8647193,-0.047132556,-0.021969621
648,0.18584913,1.0130872,1.0366822,830.67199,18.790308,1.6710678,0.19957624,-0.031701311
649,3.2421836,0.69666885,3.0474521,1509.9148,14.70192,1.5723934,0.19114549,0.033198089
650,4.2600671,-1.4478103,0.82853273,939.66743,13.767994,1.6886458,0.87290763,-0.041590329
651,5.7721017,-0.38747946,0.9992799,567.59528,15.278236,1.5699056,0.021011969,-0.029873623
652,1.8148269,-0.5048804,1.6084017,354.36597,7.2698704,1.3159312,0.35888506,0.01958349
653,2.9599966,0.92772345,0.16433975,576.15342,5.8838613,1.5386689,0.20379739,-0.0087291961
654,4.8716413,0.55555196,2.2554269,830.06582,19.48461,1.5938804,0.21511395,-0.012535947
655,4.6225397,0.19955613,2.5308906,2202.9929,7.9316819,1.7083883,-0.57287564,-0.030960762
656,5.8441969,-0.11301474,0.37895069,1255.31,9.1661272,1.7017594,0.17689968,-0.044815825
657,4.8724316,-0.28947383,0.7377303,1126.3267,15.303317,1.5529021,0.74935097,0.0069922187
658,3.0960169,0.60770122,1.2519718,2014.0716,35.791157,1.8362178,0.89704413,-0.025569223
659,5.5567572,0.23697915,2.9126581,2331.5113,10.160941,1.8923285,-0.95901117,0.028907628
660,5.7846786,-0.29483603,2.6551009,1249.0358,13.870819,1.793332,0.98389686,0.040138714
661,3.1870587,-0.47968847,0.55535415,3237.7503,8.468332,2.0508228,-0.61350481,-0.033764176
662,3.5520778,-0.51312455,0.76890648,1078.4649,7.2032822,1.6603147,0.63656814,0.001550887
663,5.2445701,0.094288055,0.4687137,1027.6476,7.3818434,1.7259042,0.56633687,-0.033074915
664,3.7848114,-0.77059072,2.8574158,452.36882,11.789185,1.6037167,-0.61662283,0.034367077
665,2.6439178,0.68296326,0.474495,1515.5054,10.684078,1.6924098,0.12583134,0.045957037
666,3.8861914,-1.3322642,2.5063005,1123.9765,18.585364,1.6501123,-0.86711883,-0.0027208398
667,3.2742427,-0.50111745,2.4654502,442.7831,7.0449937,1.4448001,-0.58760408,0.042004361
668,4.790031,0.095737099,0.90244836,433.49736,7.7073056,1.5550388,0.15032452,-0.041166949
669,4.4451003,0.46077305,1.9821623,1233.4967,14.329259,1.5151227,0.77624592,0.035310199
670,4.1638414,-0.6037148,2.5315152,1298.5437,7.3461688,1.5271336,-0.42737733,0.0045586336
672,0.32525051,0.36103152,1.2889842,1316.9892,22.860371,1.7689435,0.65949007,-0.041554561
673,1.6526843,0.71347668,0.87677794,1672.5784,47.35528,1.886955,0.90465576,0.026236006
674,2.268873,1.1132985,1.3745557,333.66001,5.6690623,1.3808779,-0.86025836,-0.043121712
675,1.4666271,1.1425824,2.5741073,712.6629,7.0371461,1.5303324,0.54692049,-0.04562703
676,0.88672165,0.36205661,0.015013752,1453.831,13.394273,1.7070143,-0.64396996,-0.017498901
677,2.0379196,-0.28746577,2.7082169,1743.1133,9.4623431,1.8382789,0.15743523,0.0069933457
678,4.5335997,-1.1711717,0.91297165,1190.7362,7.0301537,1.7008473,0.98003192,-0.030954198
679,4.1319562,-0.05504695,0.38572268,1546.0195,33.181774,1.3824497,0.87225289,-0.019150451
680,2.5921368,-0.82549398,2.4133864,1052.9953,6.7787969,1.458288,-0.72785423,-0.034625998
681,5.874813,0.60689815,2.3210035,716.9556,13.183803,1.6174757,-0.6754054,0.0094772679
682,5.3873491,-0.61354843,0.32838264,3668.6433,36.219126,1.9189665,0.47526837,0.035624796
683,1.6638815,0.43198292,0.59921948,2190.7065,11.773222,1.8539556,-0.89772887,0.028548526
684,6.0968216,-0.6972725,0.35755234,153.17897,12.733619,1.1983641,-0.3783893,0.021559245
685,4.3573981,0.67607038,0.92899744,843.65585,8.4864608,1.5168546,0.0074354956,0.022042452
686,1.9285981,0.022415494,2.4204775,2006.2107,26.536729,1.8219288,0.95431172,-0.0039940307
687,6.1115737,0.55687987,2.6255669,1495.1035,9.5184982,1.6826262,0.33207346,0.017441428
688,3.5204656,-0.62815265,2.1433261,1508.1553,8.2647098,1.6982391,0.5663284,-0.0087720412
689,0.047955358,-0.49607657,0.33050037,807.68805,19.439209,1.4690498,-0.59049183,-0.030640124
690,2.2685089,0.75730723,0.458061,1202.5011,24.214598,1.8656953,0.86490905,-0.032911308
691,3.3066728,0.38916566,1.01432,1032.1998,39.138366,1.6826968,-0.61582341,0.036598783
692,1.8835973,0.31375003,0.97036324,534.25005,7.6500309,1.234028,-0.089102186,0.048442022
693,2.0867478,-1.0546816,2.2472446,655.07469,8.6661548,1.6338987,0.63944678,-0.027998835
694,5.0186813,-0.9659369,2.3013839,1433.4895,26.54658,1.6675261,-0.049211041,0.041504772
696,3.9958425,0.076123507,2.089067,852.01495,9.5398993,1.4888987,0.072976112,-0.021093571
698,3.7366092,-1.0332911,0.48568384,660.82587,5.9757243,1.6105006,-0.37967339,0.014118801
699,0.94341058,0.58134498,0.61309606,853.22384,5.9373837,1.6716087,-0.51527835,-0.016479691
700,4.2141921,1.4744574,0.93860635,411.77684,35.604851,1.2940099,-0.4388546,0.039748487
702,0.27922473,-0.69602824,1.1169016,656.20968,25.168106,1.3846964,-0.60801329,0.039854294
703,1.4116741,0.4838579,0.46632998,1962.0951,21.536106,1.7293298,-0.40377821,0.0043046915
704,2.1667949,0.63788976,1.8425238,544.48443,11.643165,1.5412051,-0.62260472,0.0040433772
705,3.3727259,0.063811654,0.39211238,1145.6911,7.1714332,1.5360383,-0.57330949,-0.00065166279
706,1.7533667,-1.1328701,2.6480247,1102.801,9.6531369,1.6877807,-0.46850172,-0.037711983
707,5.7278661,-0.98037558,2.8398066,1934.5084,9.3283969,1.9149085,0.76314133,-0.036196503
708,2.7355568,-0.90120959,2.5533128,2589.4574,31.728626,2.0171423,0.61888663,-0.0032119072
709,3.9607418,-0.39396986,2.15494,393.28996,8.2915337,1.363716,0.39303765,0.029263421
710,5.9850286,-1.1614148,2.8799551,2379.1716,12.924137,1.725806,0.24890208,-0.045030007
711,4.4443924,0.8017568,0.6527038,2147.7509,20.991809,1.9160647,0.010936122,-0.017701141
712,6.1116985,1.0321633,0.44100135,1176.6412,17.032062,1.7003738,0.62572188,-0.031656736
713,4.849069,-0.5552863,2.250002,1260.0079,19.780663,1.7872242,0.91604859,0.046747432
714,2.738689,-0.63374574,0.13524852,1841.6841,29.220787,1.445802,-0.68451845,0.035627542
715,2.8999541,1.3287956,1.1897481,1431.9867,38.419826,1.8794255,0.70814077,-0.02976725
716,4.6931385,0.90576805,1.1495088,1053.6034,8.4713205,1.5760792,-0.17892303,0.012113968
717,2.9569903,0.61323147,0.71602085,340.72511,9.7644197,1.4648515,0.31438008,-0.023617509
718,1.804113,0.37750026,0.23073075,426.20014,19.986191,1.5225603,-0.36873588,-0.04421411
719,2.0518103,-0.53361384,2.3740586,869.48887,17.409515,1.7326678,-0.88941896,0.019736943
720,4.0240593,-0.84472603,2.7843174,1135.8974,7.7921506,1.350347,-0.70778378,0.016109065
722,1.7215271,0.2652066,0.3426327,1100.3745,32.938681,1.8028884,0.67244555,-0.044855136
723,2.8684514,0.66033505,0.2672449,1577.8317,7.7575622,1.516427,0.083214977,-0.016458813
724,5.6971173,0.66938432,0.65528574,1440.9933,53.500899,1.8250628,-0.43777421,0.046114986
726,4.6974973,-0.4378907,2.7285602,1201.3499,6.5114725,1.6010627,0.67900724,0.026839413
727,3.9467599,0.30695942,0.97013148,835.71372,6.4641686,1.4785964,-0.82775892,-0.012855565
728,2.3009724,-0.52306587,0.53042289,777.45753,11.455703,1.5899009,0.59696265,0.041781436
729,1.0466466,0.2274869,2.4541077,623.74394,6.7144968,1.716338,-0.81799731,0.045932409
730,4.4940019,-0.9768853,0.66855391,1700.5512,55.349566,1.8144292,0.64678646,-0.00088961516
731,0.79775991,0.28998329,0.82164002,706.94072,11.199512,1.4927771,-0.41578594,0.040337261
732,5.7537232,0.71652776,2.7277874,1504.4552,8.0674373,1.7123004,-0.063414973,-0.042443769
733,0.90798118,-0.38886439,2.833593,1301.3201,6.4973614,1.8149598,-0.93686363,0.011999297
734,3.1906096,0.84651099,0.54124463,1462.3656,8.9503341,1.7087003,0.46366846,0.0037139506
735,2.2805943,0.057001643,0.27578774,2816.7636,55.934463,1.9113959,0.74708925,-0.036950747
736,3.4659481,0.17429695,0.31940397,1893.868,9.6089145,1.6027506,0.05645692,-0.033165007
737,5.8786827,-0.010913643,2.4580728,847.46393,7.3258354,1.5674941,0.17986004,-0.012170874
738,0.18530547,0.49432879,1.5418768,561.3987,10.055538,1.4504232,0.62035661,0.022462503
739,0.46975227,0.47324235,0.5856409,895.92526,23.312526,1.4485864,0.72107598,-0.00084727999
740,0.19909456,-0.12609517,0.28176883,937.21085,8.2595401,1.670929,0.7972229,0.027860327
742,1.8048411,0.56350577,0.77810662,1146.9319,12.296756,1.548932,0.10856267,-0.013373469
743,6.1197642,0.94762821,2.4685152,1620.1878,26.348483,1.8175684,0.70212239,-0.017360682
745,1.9166579,-0.40519638,0.34815453,1422.7302,28.976945,1.645074,-0.35228452,-0.0085485144
746,4.7807677,-0.015442317,0.15839202,1131.8784,11.92981,1.6352257,0.18132052,0.012949204
747,1.0053609,-0.034757217,1.0783506,617.23017,18.180758,1.5257651,0.21705897,-0.006702284
748,3.8346853,0.2061824,0.85052097,414.5343,5.7780751,1.4330942,-0.86390722,-0.034915772
749,1.5338507,-0.39259285,2.8775739,762.73468,19.950758,1.5974097,-0.74448507,-0.004419654
751,3.9858,-0.83489953,0.85177048,1161.5712,20.597393,1.6733751,0.53525276,-0.039528632
752,2.4304698,1.1691563,0.75112603,1033.4577,6.7653467,1.5593982,0.86404864,-0.0019424812
753,1.0777257,-0.37586285,0.96433096,781.70839,8.7530354,1.471446,-0.53396796,0.024697884
754,0.10530158,0.21826527,1.7290695,1118.512,14.091474,1.5425102,0.85923065,0.015664668
755,2.3703892,0.53047047,0.99605931,1417.1231,12.877734,1.9290304,0.72061103,0.0028704767
756,3.2598236,-0.22885233,0.13319403,818.30812,7.2392968,1.5105004,-0.45705302,0.0099188437
757,1.5282664,0.3746979,0.28756507,2291.2997,22.967263,1.9193459,-0.0092668246,-0.045877221
758,4.3173019,-1.2951435,0.55540471,1245.9894,29.547648,1.9309075,0.39313575,0.00072929091
759,0.92949887,0.45731894,1.119159,501.11133,5.5418847,1.5019086,0.9005311,-0.043725264
760,4.8835693,0.49000883,0.27915978,2808.1922,35.50213,1.9389134,0.34180353,0.015430608
761,3.6495164,-0.7063425,0.92628558,663.84468,6.0160793,1.5979561,0.50655121,0.039214033
762,1.4977019,-0.086526684,0.83995234,742.60594,25.354742,1.3947241,0.19286323,-0.0041282678
763,5.6448847,0.10049661,2.1214268,881.65808,7.3633072,1.5178632,0.75540128,0.0044256952
764,1.7220504,0.33801799,1.6920978,712.61157,13.75568,1.4715543,-0.24131297,-0.02134404
765,1.1333215,-0.57318174,2.4411384,834.48786,7.1033779,1.5428459,-0.74736592,0.018116084
766,0.99116605,-1.2009338,0.43500654,1556.8458,10.591372,1.5875977,0.85472869,-0.0095539193
767,1.2956643,-1.1993887,1.945602,545.11786,43.753284,1.4611652,-0.12751659,-0.0092250266
768,4.1068322,-0.77988541,0.44638606,2061.9375,20.093123,2.0241424,0.51693395,-0.02629168
769,1.6380053,0.60420317,2.1421979,855.01436,24.004059,1.3470908,-0.49752329,0.0084497938
770,5.0600929,1.0397231,1.0166515,1336.3955,15.483185,1.684714,0.52220555,0.0085916854
771,0.18219804,0.54381958,0.84433422,945.57332,20.243548,1.4514904,0.55759474,-0.048543535
772,2.4322494,1.0281292,2.4656442,461.54978,37.19128,1.5306492,-0.55292763,-0.047422444
773,5.7877664,1.1724938,0.28613325,1730.5463,34.446283,1.7017042,0.20544895,0.01475646
774,2.7688169,-0.73071383,0.17311833,1584.0436,45.21721,1.5840442,0.58070979,0.022980637
775,4.7868644,0.38726129,2.6636926,1096.0612,6.8731216,1.616833,-0.80125389,-0.0054930573
776,6.2111245,0.54759016,0.768922,876.56864,16.77386,1.394245,-0.81845019,0.021119559
777,0.25149491,0.68343764,0.70245956,844.22413,7.0136398,1.540984,0.11890834,0.046005662
778,1.1466319,-1.3424697,0.82240748,1518.252,9.8217552,1.7790187,0.9895201,-0.048574763
779,2.2212601,0.40489888,2.756569,2575.8477,32.532268,1.9417882,0.26584078,0.024797873
780,4.4171446,1.2530439,0.7820383,1648.537,39.050663,2.0455116,-0.10676359,-0.041689863
781,2.3943979,-1.4311552,0.66047941,1269.3321,12.209558,1.6363242,0.87817714,-0.048577504
782,5.9754239,0.38683036,0.47183317,1017.9797,6.9003808,1.7510923,0.22857791,0.027787399
783,5.4411388,-0.93397711,1.0934048,482.5416,32.924684,1.4038015,-0.19992375,-0.042803173
784,1.6336887,-0.99440015,2.5695192,926.0147,7.6411788,1.7579132,0.39360095,0.0047399059
785,5.5895006,0.56541488,0.41332327,2553.6388,15.986404,1.9043275,0.8059918,0.021775838
786,2.9581162,-0.75514656,0.33621066,671.97075,11.754215,1.4124887,0.85258276,0.026030707
787,1.082593,0.70104588,0.72072427,1348.7991,19.164069,1.8957171,-0.55884414,-0.030478045
788,1.605102,-0.28675351,0.42280093,1874.4086,11.952215,1.650551,-0.4740288,0.0025163997
789,4.0670985,0.79950611,2.9455919,1579.0288,8.8473542,1.7099985,-0.41421173,0.00037892211
790,4.3642692,0.267251,0.50894361,1543.3463,10.446987,1.8026811,0.82412113,0.008856443
791,3.0079459,1.2840389,2.0196205,1219.4343,19.659951,1.6084779,0.94617024,-0.04321081
792,2.12352,-0.63398138,2.5409237,919.61998,6.0781889,1.6052629,-0.13593031,0.01062012
793,5.7900749,-0.87323536,2.2527952,374.85131,7.8267498,1.4430042,-0.92010924,0.01848609
794,0.58910857,0.92969207,2.6782455,2351.0405,18.091011,1.942282,0.78532913,0.027136171
795,2.430751,-0.53972434,2.1989112,723.77609,19.029154,1.5136949,-0.2114947,-0.035111522
796,2.1531647,-0.07421437,2.3392685,2080.719,35.390231,1.9024356,0.61352749,0.035081476
797,2.7717703,1.0397763,2.854171,1274.7393,45.701057,1.5661093,0.8526403,0.029386963
798,0.0011193851,0.68273626,0.46147421,2613.2881,8.0301871,1.9613739,0.53967941,-0.039525918
799,0.93125439,0.096655799,2.8746227,963.04211,11.435319,1.5517292,-0.12664825,0.039575191
800,4.1227521,-0.18810408,0.26759309,2263.9695,7.6053551,1.8623361,0.21367859,0.01557984
801,0.50100056,-0.27967325,2.7838142,2330.2063,41.107387,1.673745,0.5921045,-0.045221045
802,1.5005621,-0.14467608,2.1478294,567.27237,6.4807496,1.3625047,0.72600211,-0.047202864
803,6.1989485,-0.59408946,2.0814387,332.47617,6.9033773,1.496486,0.40525433,-0.020042582
804,2.7838539,0.082033643,2.4552437,1962.3092,15.31516,1.7931869,0.64186377,0.046485176
805,2.7059897,-1.0575461,0.78302715,1016.3279,7.9225319,1.7831306,0.5150014,0.0091477604
806,3.4435777,0.37826675,1.8966545,586.62268,9.2158278,1.4475873,-0.85332579,-0.026324505
807,0.47751542,0.16288504,1.0154619,626.96527,7.5620875,1.5142602,0.35743962,0.0037322648
809,0.95225813,-0.47650962,1.0688141,386.55498,9.1322732,1.3631922,-0.75262821,-0.033419475
810,2.6610736,-1.0193898,0.60024412,1753.2892,10.484827,1.7783899,0.64289808,0.044791323
811,4.6620857,-0.011661618,2.457632,1256.711,9.0527954,1.7727185,0.50137965,0.020745994
812,6.1618694,-0.36689924,0.35477902,1863.673,34.450676,1.7721269,0.9302714,0.00027039568
813,4.1360848,-0.12950836,1.0700992,1884.1876,10.380482,1.7784235,0.85146115,0.04515537
815,5.2901199,-0.97388954,0.30340128,1893.788,8.6041812,1.7429071,0.13980293,0.039523997
816,0.9750049,0.8098462,2.3000547,1553.0982,18.922035,1.9053128,-0.48440587,-0.025005279
817,5.4809086,-0.14758854,0.4125869,590.79986,9.9354077,1.5708902,0.86318055,0.010192101
818,1.1147251,0.961756,0.94262435,368.20331,18.455994,1.5157229,0.96468857,-0.020556256
819,0.74150537,0.72489949,2.8998288,1835.5481,8.265385,1.9338463,0.71363371,-0.016240124
820,0.12993574,-0.44511041,2.4519374,1659.8557,14.611645,1.8893694,-0.004105497,0.0016809174
821,3.1250123,-0.69871086,2.6855743,1400.247,10.007849,1.7664666,-0.190061,-0.022248039
822,2.7437606,-0.18709931,2.5482786,641.07071,7.631791,1.5253616,0.54078474,-0.036255247
823,4.4969347,1.1382912,0.68661042,1369.381,15.127746,1.7082246,0.85795216,0.036725639
824,1.0586328,-0.79662894,2.7444862,1086.4008,12.234183,1.7088066,0.53647109,-0.039968825
825,3.2825398,-1.1922261,0.50946362,230.62089,12.663998,1.5324994,-0.44555703,0.014449518
826,2.1924526,0.87137309,0.88460552,1307.5861,7.5859398,1.77412,-0.72791998,-0.0049334323
827,5.8623853,0.63889882,1.5215702,711.05061,10.145533,1.7029007,0.60683261,0.019699275
830,3.1123747,0.94666355,2.826377,2091.9918,10.607488,1.7549522,-0.58879175,-0.020962538
831,5.5112781,0.27991721,0.14151438,1336.7385,15.689242,1.7867275,0.94500255,-0.010891617
832,2.4622983,0.33464309,0.83341512,1121.2491,7.9472312,1.5749792,-0.29122771,-0.034764255
833,4.5391755,-1.2388617,2.8385888,924.67595,10.151799,1.6798011,-0.58058213,-0.028951981
834,3.6815838,-0.021832558,0.88904434,1556.1112,21.052736,1.8667076,0.72639006,0.049767046
835,1.7058378,-0.72909068,0.6383153,2874.7144,17.964835,2.0313216,0.26833568,-0.016848761
836,3.1067007,-0.60668804,2.8892045,791.03066,8.6810868,1.5092228,0.4739934,0.0097663121
837,2.9706448,-0.047163587,2.3934337,1296.6319,7.4815507,1.8876938,0.64208416,-0.030918882
838,5.0629821,-0.19039196,1.8552856,503.40636,14.621184,1.4732712,0.29003336,-0.0017549191
839,4.1516093,0.9009799,2.3726534,1448.9305,17.744935,1.6955578,0.39199626,-0.018662569
840,5.2706069,-1.0437053,0.82526049,800.54179,6.324809,1.6171128,0.27601907,0.031091118
841,5.991041,-0.062781548,2.5242581,1490.8102,41.648525,1.7651184,-0.52111991,-0.039119474
842,0.27628499,-1.3283526,1.4474301,815.08363,19.906355,1.5634055,-0.69584004,0.022498846
843,5.1941249,-0.2307808,2.7840955,2248.2581,33.999449,1.7643406,0.58998272,0.011456945
844,4.1440716,-0.33546595,1.8442885,268.20997,5.3384538,1.2196243,0.39267168,-0.031967406
845,2.9774141,0.78322457,1.6721365,528.49978,8.2434957,1.4890756,-0.25810192,-0.0031652737
846,2.3875716,-0.085297135,0.4993872,1221.6359,17.996977,1.7834176,-0.48154359,0.047233802
847,5.7291146,-0.18932131,0.47165112,1321.5645,45.487272,1.5135496,-0.11326605,0.047267748
848,0.15069904,0.06020493,0.4801542,1397.9919,20.970478,1.6934368,-0.79759577,0.037216996
849,5.4098978,0.76278908,2.9341418,1525.1041,6.6422984,1.8872651,-0.84183204,-0.027399168
850,1.6619899,0.61780159,2.4655659,799.18983,9.477607,1.5032946,0.59899539,0.015103869
851,1.2616816,0.74760266,2.2126536,965.51676,6.0777161,1.4553984,-0.13068083,-0.0067819575
852,5.5979622,-1.480296,2.4322541,533.48068,27.807648,1.372744,-0.59793817,0.045033581
853,3.5379181,0.70234676,0.46189913,922.09921,8.2692239,1.4935329,-0.91771756,0.048278857
854,1.0446722,1.1091473,2.3581423,617.2279,6.0295582,1.6607032,0.63383643,0.02668016
855,4.5857241,-0.04787565,0.63906986,597.64397,12.828033,1.3815656,0.67225083,-0.02787683
856,4.1111756,-0.80798741,2.7746731,578.05888,9.640642,1.5387109,-0.73583733,-0.039373667
857,0.34668035,0.14332217,2.4300959,980.42259,33.482731,1.6632892,0.84517383,0.025280398
858,3.623863,-0.91990841,0.32439481,940.92528,8.7630903,1.6615018,0.32235774,-0.022420115
859,0.40708754,0.19537013,1.2616038,348.50225,7.2079212,1.4593039,-0.15080239,0.022264444
860,3.1804212,1.0341321,1.2860812,796.46594,14.795654,1.6683376,0.24399186,0.0087434697
861,6.0967024,-1.3515335,2.1542208,890.68737,7.9212676,1.6165023,0.83473255,0.018233833
862,2.586393,1.2375113,0.12382293,1539.8009,12.48584,1.6602151,0.57688591,0.038308789
863,1.8676142,-0.50223232,1.9720442,487.87382,8.917283,1.3228728,-0.20054836,0.039313739
864,1.5733166,0.74439755,0.3081192,1584.334,6.708489,1.7435938,-0.51158214,-0.020429197
865,2.9732699,0.10144923,2.1580201,907.46972,8.2278577,1.5575691,-0.30293937,0.021561996
866,3.562147,-0.97293251,0.69999983,1616.2077,10.409833,1.4560739,-0.49159441,0.0086657919
867,0.17868476,0.56218194,0.97274572,387.57113,7.9298312,1.4404857,0.12393193,0.034408187
868,0.47992253,0.56711213,0.49426116,1613.0062,58.366477,1.5278797,0.98052393,0.048199705
869,4.8177864,0.63093356,0.90466317,1471.6661,57.375265,1.6995888,0.72286172,0.037233026
870,2.1304005,-0.25448128,0.89312703,1816.2131,16.073387,1.8357961,-0.16867982,0.025445753
871,3.0644144,0.96048383,2.5009255,2463.322,22.746425,1.898921,-0.45868799,-0.025162086
872,5.1849131,1.283024,1.9245565,547.15656,13.626353,1.4299782,-0.93088112,0.023311655
873,3.0973251,1.1006538,2.1546148,1194.8369,9.9517707,1.4417591,0.56265979,0.03738058
874,4.2551111,-0.63884283,2.6095288,448.8891,21.079635,1.341711,-0.3381367,0.0045581796
875,4.4863718,0.428313,2.7382882,977.7701,6.4950322,1.3934106,0.16398693,-0.0030991226
876,3.7330024,0.67793324,1.9594022,1345.3598,16.277324,1.5162562,0.83285167,-0.018680453
877,1.2351592,-1.1325008,2.8738631,756.18313,5.9131989,1.6389334,0.96765059,0.016820015
878,5.1793284,-0.90597906,2.8248512,1611.8204,7.1269092,1.8720228,0.62297532,0.044788081
879,1.3411013,0.72349765,2.7079202,1284.0865,29.733395,1.713864,-0.25657285,0.03047624
880,4.9357014,0.085454877,0.54964161,1077.4849,24.246229,1.5975023,0.82858873,-0.045456289
881,0.25565723,0.052308836,2.3244972,1188.8312,10.788981,1.6348897,0.25729194,-0.028348418
882,2.0187502,-1.0783176,0.47758858,2082.6866,9.8382272,1.7394906,0.95704566,0.0078736266
883,1.5468264,0.85231905,0.45338722,1526.7454,16.776895,1.8285176,-0.81862496,-0.027918042
884,4.3762543,-0.44137497,0.77241796,928.29365,24.321274,1.4763338,-0.61752284,-0.030606489
885,4.5211197,1.3390134,0.50133774,1768.0225,15.959443,1.7199891,0.24772801,0.040621804
886,5.422782,0.19199185,2.6768015,2688.6212,15.598507,1.9185118,0.44787738,0.014068207
887,0.69895372,0.55931534,1.2786084,563.8591,8.9619911,1.4680052,-0.88684776,0.013753926
888,5.1298516,1.1972591,1.5527928,1005.3409,15.14235,1.6251509,-0.73787182,0.029136322
889,0.88017058,-0.071095034,2.9852127,1749.6271,13.632933,1.7240974,0.40330155,-0.002786093
890,4.4780977,0.37416013,0.24194822,908.48137,8.8744826,1.6560143,-0.43910014,-0.017659074
891,3.8494781,1.1563001,2.5898771,1394.1374,16.187491,1.8137456,0.80918684,0.045023651
892,6.1018659,-0.0031120339,2.2414479,784.74665,6.7452294,1.5250366,-0.17154023,-0.03589348
893,0.034604254,-0.1727287,1.3145372,349.60982,16.060523,1.3850046,0.030192485,-0.0087364801
894,6.2214986,0.15285842,0.58370069,825.56001,7.3790732,1.4944661,-0.44205686,0.024267425
895,5.0842556,-0.19613629,1.3735564,429.05672,9.0902282,1.3806301,0.97297471,0.044578745
896,4.1673483,0.32171212,1.2600943,291.18881,6.800361,1.2780687,-0.58381111,0.041549203
897,1.0620889,1.0324695,0.78397141,1139.1077,17.086755,1.5228962,0.51179966,0.046060994
898,2.4452153,-0.73338784,1.2844428,389.97789,6.4330574,1.4587415,0.62630283,0.023765434
899,1.1520215,0.90710326,2.3694128,887.43557,12.142839,1.5916567,0.66754393,-0.026147508
900,5.7462498,-0.59154339,1.9753449,2137.2752,52.626469,1.9260774,-0.19773884,-0.04646284
901,6.2302426,-0.99757845,0.82736211,925.68326,8.6029563,1.669601,-0.54337755,-0.036883332
902,3.6145195,0.20167248,2.6930776,1666.677,8.3749313,1.7384618,-0.79955344,-0.014485125
903,3.6222808,-0.70460259,2.4244473,1091.549,10.081502,1.6805076,-0.53346928,-0.02403872
904,1.2913802,0.55369811,0.68871434,1940.6903,21.750759,1.7287465,0.47826029,-0.042003793
905,1.112374,-0.45231523,1.1087505,543.84745,6.4564806,1.3814318,-0.17027838,0.037120846
906,6.175172,-0.78020715,0.25211539,1381.1633,7.0734149,1.5521538,-0.59932089,-0.015803251
907,2.6418909,0.27472441,1.1176267,444.49568,8.0855655,1.3113862,-0.80690806,0.0034638077
908,3.7552787,-0.53450581,1.1707596,1042.4215,17.97649,1.7288202,0.2678102,0.048595792
909,0.27971322,-0.56296076,0.21137045,2224.4876,61.640581,1.7268222,-0.13051514,-0.0065216764
910,5.1890331,1.118453,0.19468761,1203.6489,26.340296,1.6742043,-0.46265408,-0.032640745
911,1.1936529,0.11792997,2.3398466,1212.2489,11.263766,1.7643734,0.62540696,0.032761155
912,6.0594999,-1.4283774,0.91577464,724.2106,10.352843,1.5722126,0.86509274,0.0019263637
913,0.31640906,1.0478205,0.21016601,951.4377,8.9549887,1.5260524,-0.68221981,-0.01196258
914,2.3075264,-1.3452905,2.5061515,1765.8449,7.9166043,1.8249598,-0.21012189,0.021223864
915,1.463866,1.4391909,0.90480291,701.12171,10.835845,1.4335621,0.15165093,-0.0013601971
916,0.73608121,-0.18032702,0.88942362,2419.5076,39.569155,1.9687896,0.61968944,-0.034089235
917,2.8861189,-0.37621983,0.62095096,2107.8604,11.512168,1.6819083,0.48872928,0.014257959
918,4.6709487,0.91021055,1.0480541,840.28806,10.917037,1.4987257,-0.38270512,-0.049978305
919,1.1566014,-0.83758659,0.28501925,2348.4334,8.8618748,1.8814687,0.71588816,-0.00083629811
920,4.9539067,1.0216079,1.9412484,270.76063,50.891296,1.4561261,0.90290244,-0.016609549
921,6.009546,0.16120704,2.2153211,610.53555,9.7527998,1.3713197,-0.23739356,0.0088500847
922,3.6490737,0.44539452,0.76666856,712.41683,6.8715146,1.5526767,0.07623763,-0.046000018
923,5.1592255,-0.68512814,1.5370605,381.11618,10.233461,1.4606681,0.35389678,-0.0022926009
924,2.1107164,0.31129691,2.5279791,1543.7571,12.923712,1.7220692,0.80710644,0.044172468
925,2.7230086,-0.984311,2.8283695,1560.1342,53.65309,1.8670102,0.42989182,0.044107289
926,0.97535517,-0.067051911,0.84794864,1727.101,35.252799,1.7560367,0.86066853,-0.01950028
927,6.2037557,1.0336546,0.56566294,2469.1012,37.419714,1.910314,0.78121608,-0.020603846
928,0.058553455,-0.020343574,0.61427411,1280.4484,21.146529,1.7384839,0.74056487,-0.01500841
929,2.2647318,0.75218947,0.44208615,964.46628,7.3310847,1.651013,0.64638183,0.015703858
930,0.86949995,-1.3272356,1.4481848,785.7939,7.4295472,1.383203,0.93562914,0.03967572
931,3.4886629,0.080768324,0.5337279,635.59358,18.932476,1.4066002,-0.076410322,-0.034162117
932,0.47078075,0.39434089,2.5590731,1205.3748,35.094223,1.6010677,0.35611923,0.0014388819
934,2.94292,-1.3226845,2.5216141,826.21768,15.537669,1.5715086,-0.36580825,-0.046134787
935,5.4235435,1.0275039,2.3119914,1244.8431,39.54599,1.5224472,0.33843969,0.022034298
936,4.034033,1.3994022,0.75366679,2153.7216,22.251739,1.8843303,0.65434623,-0.0039046121
937,2.9376265,0.009485337,0.45045467,1183.0362,15.291716,1.6142955,-0.84960598,0.025658073
938,3.0825104,0.17169971,2.4561359,1205.93,8.4071191,1.5924154,-0.98895563,-0.027154286
941,4.3025045,-0.072007549,0.10943533,1397.4858,7.0735735,1.8219833,-0.18686593,0.022222314
942,4.2731338,-0.83388086,2.7609273,1697.8439,13.192487,1.8256609,0.43582086,0.048078605
943,3.0546014,-0.47305862,0.63488047,2429.7336,20.050137,1.8224802,0.62497605,-0.0064795557
944,5.1640372,-1.4181989,0.74115519,1521.4121,8.1996431,1.5810336,0.80188065,0.047128313
946,1.3695349,0.13089915,1.9254089,433.55816,18.418716,1.4678302,0.10741182,-0.030606948
947,2.2658299,-1.1899882,0.2709405,1737.1425,30.107889,1.783317,-0.79324536,0.0035037048
948,6.2493454,0.70396818,2.4489615,981.49783,12.770326,1.8596029,0.069225297,0.031695651
949,5.0820912,-0.59009727,2.6364608,345.16484,5.5819604,1.4940643,0.55427766,-0.012946432
950,5.3759443,0.235139,2.2005083,409.81362,6.7504311,1.4317866,-0.54838896,-0.04494071
951,5.6355139,0.5425931,2.9816314,1681.074,17.836202,2.0167251,0.97231917,-0.024779751
952,0.71145964,0.066431899,0.25493645,1039.302,10.381161,1.6984685,0.85322087,0.015787875
953,2.4101748,0.64676222,1.4787157,248.86015,7.0900119,1.5081005,-0.76668241,-0.026010338
954,5.2495841,-0.45246066,2.3100641,860.00641,18.624713,1.5092273,0.89949716,-0.0033180692
955,3.3773973,0.090171199,2.2778591,958.60716,7.4613474,1.4808573,0.010320092,-0.036590635
956,2.7594457,-0.40478618,0.81900454,1411.7544,18.546736,1.8602422,-0.096555666,0.038253345
957,3.4430212,-1.3397639,2.2509883,1769.9783,8.5815443,1.9308188,-0.79560228,-0.041441993
958,0.98210527,-0.66285137,0.32872161,2272.9998,31.569908,1.7572734,0.37172527,-0.049131086
959,5.9069272,0.63469436,0.37747918,2271.9189,7.9142069,1.8287174,0.86014969,-0.0012744319
960,4.8153244,0.79298264,0.22532407,1023.1367,12.227444,1.6508617,0.84227638,-0.043450769
961,2.3260279,-0.5055345,2.0007588,419.578,8.9766916,1.436073,0.090162724,0.0098625721
962,4.6512595,-0.66582073,0.65125817,811.69465,15.244192,1.8764018,-0.043320118,-0.024991894
963,5.2590401,1.0446633,2.3921413,821.90635,9.2475085,1.5599174,0.44376205,0.0029134725
964,2.0578375,0.50332838,0.60038585,880.0389,10.24289,1.7345824,0.4942387,0.0048767592
965,4.0995922,-1.3514467,2.3075549,1476.8952,28.732092,1.7140797,0.28592763,-0.032467994
966,3.8597323,-0.11247455,0.1047324,2468.2531,13.392236,1.7810502,0.68705951,0.0043482562
967,4.73337,1.1514662,2.1706829,1009.3129,8.9912583,1.6562287,0.95341661,-0.01389533
968,1.1360954,-0.89760547,1.1953798,647.09134,5.9082545,1.5816316,-0.90814489,-0.017878146
969,4.9903104,0.66643202,1.0531531,1264.8,9.6689863,1.6459561,-0.34567742,-0.0096996381
970,4.1277535,-0.34462831,1.8976815,312.14151,9.2464114,1.6030735,-0.13828123,0.031713179
971,2.5892128,-0.010366292,2.6066312,1643.818,17.95082,1.9077712,0.41477648,0.0095221895
972,1.34251,0.036831623,2.5804196,2436.3217,18.557742,2.0437898,0.17887441,0.0049956919
973,0.69588933,1.139402,1.3042149,494.9229,21.556335,1.3152846,0.53969283,0.041835798
974,4.3765704,-0.34748945,1.3523745,1150.9257,19.971811,1.8273358,0.68012155,-0.049310128
975,5.8767222,-0.5676125,2.6090539,1361.5952,13.25837,1.6042887,-0.92713981,0.033609084
976,5.968359,0.36857225,0.64317763,869.94862,6.3390103,1.6158927,0.32249345,0.036349761
977,0.35254943,0.95609993,3.0211849,807.26531,21.319588,1.4675568,0.25471702,-0.029604974
978,2.0169521,-0.348972,2.8085724,1182.0163,6.8351322,1.8183294,0.30440113,0.049642858
979,3.854911,-0.48924168,0.98605414,1866.9465,9.5633866,1.8457838,0.25129603,0.042316505
980,3.426076,-0.19724842,0.48429159,1101.0251,19.032889,1.7604656,-0.77299294,-0.025364359
981,5.1186611,-0.57468008,1.0142186,664.23102,9.854623,1.5272984,0.41718364,0.031926562
982,4.899307,-0.35842646,0.94344153,1168.2654,7.2295475,1.7078353,-0.39974268,-0.015086232
983,5.0477004,-0.31595413,1.769058,732.56631,18.071495,1.432747,0.19155236,0.035904568
984,1.4531135,0.40326562,2.327544,592.13138,15.341467,1.5185053,0.29790897,0.014586303
985,0.74119615,-1.3059545,0.55200734,1514.6003,10.461685,1.8291655,0.811729,0.026544632
987,4.3608349,-1.1585794,0.32086396,2309.8456,56.203185,1.824411,0.76324784,-0.023192566
988,4.9283426,0.063552102,0.62778077,1581.3424,32.48827,1.6894472,0.44802147,0.045267086
989,2.1937171,1.0537451,2.6967908,1750.505,14.104526,1.807965,0.6437866,-0.0017318532
990,4.0338146,0.86507776,2.5675879,1853.5639,6.7351419,1.705801,0.14590545,0.032258505
991,3.2570612,-0.94377308,2.7086471,417.08178,7.8855108,1.3974322,0.045678095,0.020855899
992,4.0991691,0.9950213,0.19616848,1541.7648,17.474126,1.8299465,-0.76162454,-0.009534522
993,3.1152331,0.90721931,2.3647011,3076.4882,9.1468034,1.987059,0.66830397,0.011191775
994,5.1779309,1.2824762,2.2062504,1458.6546,11.294607,1.6922162,0.34642291,0.049333504
995,3.208075,-0.52183638,0.66934583,1201.1213,14.045028,1.8070829,-0.53051691,0.033029298
996,4.7064599,0.18233549,0.96234999,320.17353,7.5358533,1.4325769,0.92296417,-0.00054228277
997,5.7248674,0.068417465,2.4977144,1230.2847,9.5099876,1.5721571,0.97149392,-0.04620478
998,6.2617278,0.022876929,0.71541177,1387.5722,52.564102,1.7411278,0.40745576,-0.023986847
999,6.1591571,-0.32002575,2.9588143,1157.1839,12.862661,1.5314227,-0.15917108,0.034846572
1000,5.8730696,0.19192226,0.27638362,857.21468,9.5311477,1.6717735,0.71495889,0.025532761
1001,0.9893524,0.10512127,2.5496517,558.49989,5.5842464,1.6340774,0.2207389,0.0038920697
1002,5.6588938,1.2868837,3.0978695,1713.2389,6.7746478,1.7851594,-0.064439263,0.023590872
1003,0.61903444,1.0636603,2.4939905,574.96953,7.5694166,1.5693013,-0.77859581,-0.0022338703
1004,5.3866849,-0.23214516,0.26083712,652.61593,7.6996316,1.8400519,0.37725086,-0.04973224
1005,4.4671961,0.62943601,0.24280339,1986.8537,17.004515,1.6093824,-0.18023479,-0.010120054
1006,4.6732547,-0.60988972,2.6905752,1941.3355,12.820062,1.9149034,0.27785809,0.012459852
1007,2.1702203,0.99206918,1.6568574,847.27127,6.8934099,1.4753533,-0.25930996,0.015675171
1008,4.2769045,-0.48270478,1.3115776,1001.9821,9.8268801,1.5778851,-0.38003967,0.048505009
1009,2.2934744,1.4073471,0.51649189,1144.0271,7.1580494,1.524596,0.7557039,0.02861332
1010,3.1750016,-0.57729427,1.725003,134.05365,13.664723,1.3204024,-0.52056493,0.036898047
1011,6.0271748,-0.52520118,0.75843393,2346.817,8.2483755,1.9757533,0.18677305,0.040956834
1012,4.0477959,-0.87275702,0.25827622,1393.4957,38.840979,1.8571826,0.45011104,-0.0073592912
1013,6.0153612,0.7437063,0.6782167,610.19298,5.6551331,1.6019088,0.27033513,-0.027422992
1014,3.0767364,-0.6931162,2.16194,679.79766,6.5305422,1.4872081,0.58567266,0.016942072
1015,1.8329844,-0.37156826,0.38186379,712.52474,12.180699,1.4752156,0.19318033,-0.04160521
1017,4.9870554,0.37350348,2.225737,521.13555,8.4041551,1.2905146,0.64018614,0.0011990693
1018,3.451641,-0.45997711,0.82583592,315.30876,10.735419,1.4031908,0.83242058,0.025210865
1019,0.13036246,-0.025155236,2.3489017,1929.7118,13.454411,1.7424552,0.93391991,0.045619132
1020,2.7111204,0.065759861,2.6196039,1530.7026,8.2913536,1.5081875,0.099355683,0.034699851
1021,2.8759808,0.19791073,2.8871651,1083.1021,48.343072,1.7029371,0.20592316,0.039965351
1022,5.7257444,-0.17592193,2.5546904,1109.0312,16.367499,1.6346195,0.52748144,0.015940275
1023,4.3477904,0.98410048,0.41371418,538.32812,12.266743,1.4967374,-0.11262104,-0.0032974832
1024,3.4542172,0.42352263,2.3261857,1392.1024,13.518211,1.6586615,-0.65137157,-0.039372174
1025,0.55337805,0.59514641,2.1981562,2117.2807,7.3189961,1.9431864,-0.57750355,-0.022327187
1027,5.0953932,0.733482,2.4330008,1452.2483,9.8477257,1.7038783,-0.38852573,0.0099950658
1028,3.3401455,0.11696999,1.7860131,2352.2694,15.105343,2.0059417,0.481822,0.003490107
1029,5.0708458,0.44592306,2.2309818,1714.4828,30.718596,1.5661003,0.37752854,0.02279182
1030,3.9638584,-1.2236476,0.63492659,951.40727,7.9469721,1.3442057,-0.9057398,0.032435857
1031,0.27656104,-0.40902773,2.9690568,1257.7879,26.77218,1.7735384,0.94607912,0.018545492
1032,1.3174509,-0.87495259,1.2201166,1388.7789,8.0346251,1.7472514,0.32683386,-0.043104149
1033,3.7087499,-0.091982451,0.19542723,965.84076,23.61167,1.5582111,0.92528541,0.010264694
1034,4.4697829,-0.32109139,2.8959028,2163.1731,22.36025,1.8370881,-0.89240246,0.037377106
1035,4.5156858,-1.4524585,2.0924815,1533.1581,17.200524,1.6249125,0.32699107,0.03086302
1036,5.0471351,-0.36595503,0.66751033,621.12626,11.584149,1.4230563,-0.19475047,-0.0078208308
1037,2.0154175,0.55350795,2.8710426,2309.2392,8.6684626,2.0145267,0.57509729,0.02186857
1038,4.5283102,0.76247442,2.1282496,696.75761,8.8423108,1.3559523,-0.44460805,0.0022352589
1039,2.1687438,-0.53977885,2.4742876,1479.0412,11.885619,1.6816047,-0.56556143,0.044176823
1040,5.5988961,-0.4974164,2.9013906,1200.3621,9.6109736,1.7603139,0.66951648,-0.023926221
1041,1.6834542,0.66687951,2.4216331,546.18382,7.7071161,1.4706257,-0.40000049,0.01720928
1042,5.2406398,-1.4487561,2.2649077,1037.7867,26.514537,1.6840186,-0.53914549,-0.018359165
1043,0.97343336,-1.0637875,0.39746734,947.65415,6.5958457,1.489714,-0.80068153,0.0031124562
1044,2.1472155,-0.68016122,0.57629666,1384.7937,6.5335288,1.7330644,0.48878171,0.014469378
1045,2.3870441,-0.3235629,0.1820209,1204.9351,14.720771,1.5412826,-0.60928724,0.0015316659
1046,2.6300483,0.47915627,1.1362782,628.53578,13.096686,1.5654485,0.4774621,-0.02200118
1047,4.4318759,1.1326664,2.2146045,1126.9875,15.701563,1.5426992,-0.42274493,-0.02250893
1048,1.4626783,0.41009596,2.5147662,1522.8168,7.6847733,1.7390051,0.81591093,-0.046784282
1049,3.8986079,-0.67189351,1.0214905,1006.6453,16.263326,1.5290691,-0.0096301488,-0.022405993
1050,2.6248938,-1.1759327,0.47137174,1540.69,15.184795,1.5120401,0.70331355,0.045014809
1051,0.92713773,-0.6038153,0.66741986,801.52816,7.3726105,1.5524055,-0.26361614,-0.016830886
1052,4.1330643,-1.188433,3.0454318,894.15535,9.9299667,1.5212397,0.64775537,-0.034772041
1054,3.9717375,-0.13788576,0.046876795,1406.7846,21.143114,1.6933968,0.038224107,-0.031887264
1055,5.5670339,-0.33778898,2.5162637,2219.6262,47.693607,1.8983166,0.78400119,0.0096321695
1057,2.1653963,-0.69921126,0.95666037,1745.9374,9.3996307,1.7327839,-0.050592003,-0.0048799986
1058,1.7086878,-0.10944515,1.1267508,347.22552,7.9264764,1.5059186,-0.81457433,0.047198247
1059,2.6482596,-0.90268823,0.84760202,1763.6841,9.7823681,1.7469065,0.95626666,0.030149653
1060,4.1617052,-0.81850326,2.8554764,1151.4629,8.4835124,1.5018094,-0.80505534,0.031959741
1061,3.9185816,0.3820147,0.94635531,828.67369,6.2682041,1.5139558,0.8288018,-0.049025414
1062,0.56678476,0.29059155,1.1072153,567.37478,6.3334854,1.3917915,-0.67930871,-0.0010684436
1063,5.6289065,-0.72261922,2.2556161,1211.8744,7.6224859,1.6588346,-0.57012315,-0.0057580528
1064,2.1085836,-0.29803283,0.42175358,2283.99,15.081028,1.7776679,-0.028435374,-0.044142265
1065,4.9474606,-1.0391015,2.2673575,970.31762,9.1150391,1.7068369,0.13304363,0.0008445217
1066,4.227829,-0.68234536,0.91789633,1030.503,17.898201,1.5493627,0.18870839,-0.035806511
1067,0.015255494,-0.93900282,0.39178622,278.54974,5.7312313,1.3693017,-0.09941655,0.049042537
1068,2.09942,0.78836432,0.52293986,1404.0235,7.0863755,1.630549,-0.98424548,0.042311961
1069,4.0654645,-1.1286434,0.79912811,928.14595,6.1874444,1.5651824,-0.91347388,0.032991109
1070,6.0879226,-1.1254135,0.56224722,1486.2543,42.538179,1.6166849,-0.42302734,-0.029093383
1071,1.1516184,-0.41742447,0.25178281,771.24625,6.0218436,1.4788145,0.44240277,0.035369043
1073,1.1504194,-1.1940582,2.4898889,1606.8721,11.531046,1.6639244,0.78521828,0.048258311
1074,2.8229207,-0.59008175,2.6929272,760.42586,24.647447,1.6422583,-0.75213745,0.0043212778
1075,5.9225012,0.49053179,2.1912649,851.9597,7.247344,1.6697483,-0.43691222,0.014566658
1076,0.60155339,-0.45662147,2.5908493,2440.1926,20.707395,1.8673594,-0.16530433,0.025631588
1077,3.2891999,-1.1055395,0.43321881,1159.7233,22.980795,1.5611142,-0.32009307,0.012904765
1078,5.968251,0.56575193,2.6333707,1285.5045,8.1667091,1.5769264,0.22185061,-0.002281142
1079,3.8578053,-0.94889046,0.97959037,2112.1977,32.970789,1.7000148,0.58379959,-0.00083434347
1080,1.0126882,-0.18317902,0.65655746,688.96649,6.2713391,1.4930281,0.60713802,0.0050818782
1082,3.8435135,-0.71655514,1.2623229,781.13307,29.421444,1.5926401,0.63172715,-0.018631692
1083,1.4990693,0.21826905,2.723386,991.87365,9.2187744,1.6465427,0.075339226,-0.0072633328
1084,0.84530425,-0.11192293,1.8446321,149.42836,18.175569,1.4237015,-0.41659687,0.034261945
1085,4.2882652,-0.12259422,0.7614511,2061.74,13.352424,1.7284626,0.8302897,-0.035495764
1086,4.3555894,0.91098951,2.0958549,1137.2897,7.6100022,1.6696781,-0.0034684753,0.038075703
1087,4.8321236,0.16026654,0.72906282,1681.3616,11.961407,1.7622154,0.40254472,-0.032849559
1088,3.8066432,0.64420322,1.5016619,980.93545,28.069909,1.5278641,0.25179738,-0.049004399
1089,5.3488372,-0.42242675,2.7792151,2370.8751,22.455696,2.0374227,0.94921498,0.032679593
1090,3.4660211,-0.34646666,0.36400548,1152.012,15.81936,1.5468887,0.32465707,0.01484165
1091,2.1849152,-1.1344688,2.2170306,1577.1345,23.174566,1.7832344,0.9339731,0.013485643
1092,2.8770666,-0.46885967,2.7463849,1210.8435,6.2468192,1.7540647,0.95034913,-0.0078740773
1093,5.4179442,1.3301107,0.66272918,479.48521,27.680101,1.5125333,0.82437146,0.032921626
1094,1.5729794,0.84229848,2.7644053,1639.0397,7.566513,1.7332101,0.31524253,0.030900008
1095,3.5920273,-0.66491827,0.64759479,1760.458,21.025194,2.052152,0.91419268,-0.02730774
1096,0.6824449,-0.10062544,0.7959336,528.83056,5.8228186,1.4072236,-0.54608635,0.0097025987
1097,3.8105799,-0.64376421,0.87432715,1709.1193,8.433959,1.8487203,0.46892003,-0.028445683
1098,4.8020789,0.61705928,1.2183768,1145.6335,6.3625403,1.672151,-0.45207779,0.0038032728
1099,5.4151025,0.928485,0.51944285,1350.7339,13.69975,1.4445017,-0.51532041,-0.041336871
1100,2.638998,0.41932997,2.5654264,1839.5268,37.293128,1.7401871,0.29800689,-0.034387322
1102,5.2282641,-0.85059518,0.48204347,674.66634,17.188476,1.6969341,-0.52645526,-0.028052974
1103,5.5349171,-1.5506227,0.46671457,2392.5155,25.232096,1.7178292,0.30530824,0.027450982
1104,2.1722578,-0.17724297,2.1230619,546.62471,16.404736,1.4685268,0.0073533345,0.018746074
1105,3.0753943,1.2928144,2.7054439,2197.5955,8.3921465,1.8011274,0.33347068,0.00047833903
1106,5.2498957,0.39769328,0.43034162,996.42946,14.700885,1.5689146,0.96798633,-0.031121195
1107,4.8035457,-1.2440449,2.3896522,760.3158,53.484857,1.5571206,-0.26807289,0.018938174
1109,3.3958217,-0.62983172,1.1590699,316.91423,25.094742,1.4764142,0.77990137,0.049971707
1110,4.7392101,-0.19534765,0.59195384,1179.1308,19.36897,1.6620756,0.21956169,0.0011205296
1111,4.2532461,-0.48035942,1.1411044,1923.1922,12.784732,1.9344988,-0.26991816,0.0082042364
1113,2.752943,-0.46618628,0.58960788,1446.0074,6.4380887,1.7041123,0.93951454,0.035529478
1114,4.265471,0.66217677,2.010679,876.03679,7.296575,1.6493571,-0.33681245,0.0073085552
1115,4.0630389,0.71293701,0.49156515,1398.6169,24.926965,1.7226501,0.40063498,0.011208422
1116,1.238609,0.32012308,0.48171911,1651.8424,41.590819,1.6458267,0.2820734,0.027838916
1117,0.097246558,1.130229,1.1120011,1544.4585,13.241074,1.9009199,0.045015937,-0.040246219
1118,0.85899873,0.43575132,0.27318991,421.08467,7.5266779,1.4045619,0.85564563,-0.040014463
1120,2.1733375,1.054205,2.1704718,414.55346,16.239879,1.3304809,-0.83987074,0.040445396
1121,1.0325264,0.4553867,1.7260029,780.30921,20.824093,1.5456378,0.23648127,-0.0025877331
1122,2.7847572,-1.5276339,2.8407915,876.71327,11.996055,1.701824,-0.52897617,0.015330246
1123,6.020454,-0.27834446,0.78267559,1165.1842,13.013131,1.5778221,0.74920243,-0.042136247
1125,3.7462649,0.80847691,0.92129541,800.28886,24.693185,1.5304666,-0.032274112,-0.014785994
1126,3.4354268,0.67976412,1.8905617,654.5577,14.661577,1.4066233,0.81042651,-0.0061733104
1127,1.2122147,-0.48239801,2.3729818,945.18671,6.3454911,1.6253107,0.19283021,0.016415557
1128,5.5260074,0.99283673,2.0300154,329.17242,11.929097,1.5968838,0.57756263,-0.018884521
1129,1.7079125,-0.073994649,0.6498436,118.69371,5.4858629,1.2812677,-0.11613523,-0.0095983542
1130,0.56065878,0.48142447,2.7643513,308.1344,7.7827023,1.4917875,-0.3018716,0.0034989936
1131,0.18863762,-0.58661457,0.94041891,878.72802,13.937549,1.5270902,0.22146388,0.018950643
1132,5.049348,0.17561502,1.3167345,842.63141,7.5420906,1.6324947,0.068451799,-0.020284087
1133,2.3409328,0.42434142,2.3619388,680.48586,45.351521,1.5537364,0.26281007,0.020191189
1134,0.17095879,0.29989888,2.6794634,661.54241,15.720034,1.6284714,-0.67982673,0.039298077
1135,0.66811156,-0.36071865,1.9794782,346.24575,7.0163672,1.473605,-0.40383366,-0.020877597
1136,0.31080053,0.46246803,2.253664,676.93731,24.010394,1.5563145,-0.11601146,0.04401418
1137,3.1608252,-0.54890397,2.4469349,1495.856,11.649016,1.907199,0.47346762,-0.00057994402
1138,0.5772652,0.24926674,0.78801375,181.43546,17.888229,1.2358211,-0.2424628,-0.025601286
1139,5.5560004,-0.53836808,0.62808295,529.56699,13.314195,1.4225897,-0.25992751,0.0038499625
1140,5.1911494,-0.25596304,0.80615853,893.87615,13.390438,1.4155888,0.33321556,-0.040213429
1141,0.26376249,0.60722184,2.4177709,2444.1701,22.692942,1.9916748,-0.10353661,-0.045511438
1142,4.7945085,1.409248,1.0559734,1051.6823,14.319899,1.6183355,0.13627507,-0.042551482
1144,0.708613,1.0800245,2.7452795,1112.4128,53.401712,1.5245018,0.42686635,-0.0045892141
1145,0.97236877,-0.85289007,2.1984985,1196.343,9.4877174,1.7523007,0.08836219,0.037793243
1147,5.6483871,-1.554805,0.58696212,1313.726,16.180323,1.6874825,0.70577307,0.047738058
1148,5.792377,-0.056681583,0.64112555,552.37436,12.097106,1.4221654,-0.98428781,-0.038215776
1149,4.5732993,-0.78261507,2.1622621,1567.8924,11.900437,1.8194609,0.51646087,0.046106724
1150,6.2552848,-0.97506906,0.54672832,2842.2147,34.65102,1.8996451,0.95675387,0.039325069
1151,0.70114231,-0.21457343,2.7589442,1327.4833,8.922113,1.8990034,-0.48498353,-0.020112558
1152,1.6733471,-0.046560008,0.20935204,1350.6621,8.7093008,1.9012027,-0.58871215,0.040981086
1153,3.8719514,-0.57466426,2.4002624,523.23117,6.3293935,1.5098607,-0.64969524,0.0076475281
1154,0.23781405,-0.2540717,1.5672797,665.67696,7.095625,1.5944034,0.13123871,-0.035567076
1155,0.59353934,0.60408719,2.6468186,1279.0828,42.27067,1.7510901,-0.16240551,-0.012764286
1156,3.4039109,-0.59007973,1.2684977,251.89349,9.801513,1.4148897,-0.55866567,0.0063636019
1157,5.8459516,-0.11899567,0.29509831,2432.4767,19.216622,1.8050428,0.048850007,0.040509236
1159,5.0968311,0.36600452,1.0222213,1213.1884,29.521574,1.7143977,0.44957008,0.015819681
1160,4.61139,0.33044993,0.40668008,711.60136,20.775948,1.4817754,-0.87320593,-0.027332427
1161,4.2969406,0.47576749,0.54824189,519.66331,12.783664,1.53887,0.41531746,0.0063029014
1162,2.2765145,0.14130422,1.3822706,1020.7869,39.244107,1.4868807,0.88407763,0.0036818276
1163,1.5748585,0.86102908,2.4956475,1721.1579,40.965141,1.8685658,0.67994512,0.0028525424
1164,5.0461236,0.3247373,2.6812958,1629.2976,7.7855726,1.7763198,-0.44246141,0.024472374
1165,2.4017803,0.1588217,2.7678882,1541.4933,6.8498609,1.6975832,0.4888299,-0.017519395
1166,2.4289428,-0.65496651,2.4809757,928.35567,30.941495,1.5851309,-0.77975654,0.022964055
1167,1.0484439,0.46878382,0.88505556,2121.5368,32.377983,1.827968,0.68463369,-0.037351248
1168,1.6008085,0.35243506,0.65625406,962.94958,8.1276589,1.4952971,-0.55778093,0.023188117
1169,0.90250639,1.0801073,0.29724873,1694.2671,12.453413,1.7464687,-0.26519207,-0.023552843
1170,1.2187741,-0.69658105,0.85243001,1716.6184,6.8737196,1.7564466,0.025205273,-0.024734963
1171,3.4284658,-0.27303557,0.50976936,854.54212,6.6322967,1.7006928,0.37666308,0.041785856
1172,4.4514371,-1.1199123,2.1707529,1133.4799,8.0872065,1.5691358,0.97946889,0.045433407
1173,1.6485118,-1.0748115,2.6229941,558.79283,6.4437907,1.5341252,-0.3863576,-0.012957489
1174,2.8570504,0.25188637,1.0460142,1079.5648,7.0379534,1.596028,0.20905908,-0.0077579184
1175,2.7285108,1.1444746,0.20257607,723.88012,16.102709,1.4977351,0.9046397,-0.038312548
1176,5.0896611,-1.0744399,2.0701912,918.79545,11.935313,1.4401459,0.5692248,-0.0026038191
1177,6.0665549,0.88632954,1.0128056,1040.3157,33.141975,1.7061744,0.87359056,0.04420121
1178,3.3189504,-0.70610673,1.1703168,1649.47,60.996669,1.70721,0.98301326,-0.04886845
1179,0.59921182,-0.52281929,0.78737722,2246.4457,9.3200089,1.8422964,0.71082375,-0.027826451
1180,0.71268402,0.90432433,3.0401874,1294.0169,14.567026,1.7493745,-0.91335567,-0.0059726155
1181,3.9676543,-0.13722834,0.54018248,1073.9015,32.664657,1.6231716,-0.58897235,-0.0069490547
1182,4.1873011,-0.89270421,2.585007,1615.3833,6.866121,1.6309377,0.19748602,-0.00067718713
1183,1.9780099,-1.0211809,2.244801,535.65011,18.483135,1.3265268,0.76967293,0.00057970459
1184,1.5807693,0.44145085,2.4426945,1174.7367,21.06834,1.45832,-0.8748313,-0.022993383
1185,5.765258,0.15757628,0.96706521,1612.8047,31.678929,1.7337241,0.65040605,-0.0002221281
1186,5.778659,-0.19157021,2.9038552,1902.6146,6.8953998,1.780666,0.36457155,-0.022243249
1187,2.5643265,0.16358063,0.34715533,293.52934,12.276421,1.2303239,-0.47422975,0.0068781434
1188,4.4345031,-0.70054964,1.711325,265.00384,15.114513,1.4943114,-0.85364035,-0.025732675
1189,3.948506,-0.351033,0.054743855,1106.065,20.792473,1.6869463,0.75997426,0.0036579268
1190,6.0623281,0.44595033,2.013931,1068.0201,22.203998,1.8100591,0.51500568,-0.0051365069
1191,0.027293807,-0.34164733,0.93513625,2075.5306,7.1766217,1.9115283,0.79437355,-0.0042812344
1192,0.25547897,-0.28593143,0.50927458,1276.5772,7.1215742,1.517234,0.87794697,-0.024704419
1193,5.5006965,-1.3028583,2.6188228,1256.9309,15.813514,1.6141423,0.96003314,-0.047127473
1194,5.6879907,-0.49562261,2.8356414,1518.1416,9.7728244,1.6283624,0.59839774,-0.038346987
1195,0.55108573,0.33544496,1.0114385,905.80413,12.662922,1.5450984,0.1567528,0.026799714
1196,4.6033758,-0.78127914,2.5223862,1495.638,12.291217,1.6486586,0.26439801,-0.015858724
1197,1.5702333,-0.78262727,0.9931384,801.03385,10.331426,1.6184278,0.62588748,0.046459265
1198,0.44141837,1.1122265,2.1812894,799.44281,9.5874434,1.577822,-0.93508783,0.013184409
1199,6.2405307,0.72831272,2.3888905,2270.072,49.58826,2.0000871,0.44591748,0.001599818
1200,6.205814,0.21891439,0.28793266,2041.8592,7.8706301,1.8857194,-0.011091709,-0.030097188
1201,2.032343,0.39544943,2.6633583,1315.3691,7.6497632,1.5615496,-0.97497659,0.040080505
1202,4.6315541,1.127477,2.5804678,661.63518,11.927694,1.6598918,-0.98179313,-0.0050758992
1203,5.4592975,1.0106665,0.84861452,1003.6746,10.656863,1.7222582,-0.44772055,0.029928299
1204,2.9842283,-0.56189207,2.6116859,815.97975,6.6683442,1.4152214,0.29666981,0.018957653
1205,5.8727149,-0.75131183,0.23292457,504.85953,7.2023094,1.5516437,0.65040265,0.035556979
1207,4.5086607,-0.98404967,2.4029844,660.76294,5.7285264,1.660376,0.94816728,-0.02810371
1208,4.0632256,-0.5492402,0.36067599,2210.7876,9.4317531,1.876164,-0.41735863,-0.0063318472
1209,2.3495901,-0.095682664,2.822262,1851.1292,26.38799,1.881344,0.41800991,-0.022084499
1210,3.1407687,-0.23513257,0.8902527,1454.2128,15.564548,1.6288865,-0.9039055,-0.005603553
1211,4.7126698,-0.13825776,2.3541,1550.7091,9.1715056,1.5161221,0.24809381,0.028918399
1212,2.6422832,-0.68682532,1.2239949,820.53488,7.9676321,1.6594769,0.61555541,0.014253742
1213,5.0791721,0.21137314,1.0018004,1088.0429,7.2445825,1.8319472,0.68333682,-0.022945196
1214,6.2408396,-0.64129781,2.5541369,2099.9855,12.122195,1.9103908,0.28200734,0.048775808
1215,5.7063703,-0.14399159,2.0553833,375.51692,21.005815,1.6216191,0.5190387,0.044394138
1216,2.8064599,0.66871717,2.0442213,920.24203,7.2168691,1.6624729,-0.64188096,-0.0021323084
1218,5.2947047,-1.0219728,1.6185788,630.24822,40.695746,1.7167533,-0.12665436,0.043551848
1219,3.6176579,0.082904473,0.71692067,1598.7453,6.5586179,1.8252239,-0.7066817,0.0069191281
1220,3.4794439,1.4470445,1.7005829,1763.3539,18.366389,1.6492021,-0.88093763,-0.037982097
1221,0.62548827,0.18255042,0.28236461,1890.1829,53.072562,1.8571042,0.52357455,0.029134357
1222,5.4243475,0.83234127,2.6024176,1291.4046,9.7465416,1.7641099,-0.45897307,-0.024873225
1223,2.6416485,-0.58390396,0.44037086,1169.2009,9.8137468,1.7940928,0.16112379,-0.030404334
1225,0.5805043,-0.15254278,0.97476329,653.79901,6.2755031,1.6110426,-0.48436436,-0.014672717
1227,3.6340918,0.74090516,0.3168318,2210.5967,9.4466538,1.9082407,0.045529469,0.047775607
1228,4.4072901,0.26110014,0.3506787,460.5817,6.3518983,1.3219704,-0.33520265,-0.028140635
1229,5.0765129,-0.51549204,2.4722398,1242.2697,9.1580496,1.6511987,-0.14890647,-0.019002362
1230,0.79741697,-0.30913276,3.0911295,1408.7607,8.4216967,1.7946556,0.95406789,0.032910879
1231,3.1072591,0.91928019,2.4412398,1369.747,23.482108,1.7222855,0.40197683,0.0025063183
1232,1.0828796,0.06716762,2.5130578,553.61376,11.101614,1.4077486,0.90762157,0.045586971
1233,3.1217993,-0.89454637,2.6957595,1236.134,12.534674,1.6498169,0.74285586,-0.046390883
1234,0.48646355,-0.07527731,0.78063173,685.69831,10.793174,1.5618143,-0.85542552,0.013839387
1235,0.89854668,-0.29584563,0.54628125,1805.5894,9.4388758,1.6313335,0.18138889,-0.039631347
1236,0.29063197,-0.76812075,2.8915839,1455.4974,9.2254793,1.8315849,0.33209079,0.041507171
1237,3.7741952,0.31187564,0.39215804,2422.9411,26.674804,1.9404875,0.56611228,-0.013381038
1238,4.5563069,0.22766694,2.6060884,1482.8076,14.408099,1.6000643,0.63071844,0.012846752
1239,5.3165226,1.0992027,2.401834,1789.7183,8.9930546,1.7262805,0.071639975,0.0084463613
1240,3.7365433,-1.1850366,2.5493635,1876.5984,13.755581,1.9035906,0.82294675,-0.021444928
1242,0.3331356,-0.4748813,1.7367711,758.61189,11.487831,1.513841,0.65101276,-0.021635477
1243,3.4559585,0.076580111,0.37439253,1591.0276,16.295568,1.9334231,-0.28623051,0.048692947
1244,5.7580913,-0.63441821,2.1655232,516.47683,19.630794,1.3863716,-0.54250369,0.00080033243
1245,0.60511055,0.4304161,2.2544682,1615.1441,12.626359,1.6114186,0.97841644,0.02553207
1246,0.4011967,0.6390564,2.972428,1005.1993,15.950788,1.6430503,-0.58578703,-0.011723347
1247,1.0567661,-0.20645689,0.94775129,208.46951,6.0299033,1.4347534,0.12288405,6.499e-05
1248,0.042373159,-0.36789237,2.8284185,2094.3879,46.948979,1.8010306,0.2995151,0.021400455
1249,5.2307013,0.90195741,0.40766711,1640.4398,19.106662,1.6445105,-0.88692657,0.03638473
1250,0.28823643,0.11121901,1.2906828,1192.8902,16.741055,1.6420009,0.44957412,0.034585954
1251,4.4486294,-0.7826441,2.3504613,670.51172,22.768466,1.6047965,0.71206213,0.017635255
1252,1.3529112,-0.52930983,0.88193373,1278.0006,10.091787,1.8349778,-0.081879894,-0.020801708
1253,2.5071486,0.85292573,0.86728568,1693.4884,13.79647,1.7163678,0.34778371,0.023083631
1254,0.89610785,-0.80750275,2.5723449,1868.5954,16.731239,1.6751392,-0.70299642,-0.018145433
1255,0.34302647,0.43319658,0.98506698,2206.9194,9.5856256,1.886881,0.13619072,-0.049596317
1256,5.8624241,-1.1102586,2.3396561,1019.2312,7.6084582,1.5970505,-0.3977187,0.043018228
1257,3.5376777,0.019544734,2.7084131,1592.0218,17.000319,1.8476358,-0.9379279,0.020751141
1258,4.3128221,-1.0954951,0.91316677,595.52336,11.842982,1.4081317,-0.73343827,0.039061187
1259,1.4391656,1.1322704,0.30623771,1464.7319,9.193554,2.0563388,-0.63593333,-0.021138638
1260,6.2744562,0.8908847,0.98843976,392.93299,41.217039,1.3227681,0.15246043,0.043173102
1261,2.3061212,-0.48853187,0.67184504,171.84327,24.064818,1.4279277,-0.10450566,0.03817892
1262,6.1275497,0.13985976,2.0207947,620.08496,12.574785,1.3971288,0.64114227,0.0079104096
1263,2.6555145,0.16108476,2.403998,1156.8321,8.0382333,1.5978153,0.62734041,0.048043142
1264,2.8227232,0.85528473,2.6735842,2325.5361,31.674543,1.9203904,-0.19165562,-0.033234669
1265,5.1499431,-0.34364888,2.389144,658.49615,52.057221,1.6032286,-0.80393822,0.012023772
1266,5.9695572,0.33407892,2.4596818,540.71411,10.744174,1.6673178,0.059644661,-0.0064426857
1267,5.3533823,-0.55909295,2.0633394,472.17328,30.84975,1.4227912,0.37193243,0.025896208
1268,2.9104783,-1.028754,0.68434063,1065.8922,11.082035,1.6467629,0.41662476,0.016001956
1269,3.8892816,1.0768365,1.0998278,1668.171,9.5378053,1.7473697,-0.14930679,0.034201048
1270,0.8319322,-0.53891399,0.4065298,1660.9865,12.75223,1.7176648,0.87426274,0.044083524
1271,2.8316006,0.31821102,0.39980783,3110.8485,41.402906,1.9653694,0.71843876,0.0087714267
1272,4.9702795,-0.63297601,2.4097677,733.04409,14.11085,1.5140848,0.96890692,-0.027847006
1273,3.5251361,-0.91177543,1.9468486,574.78926,43.815836,1.4936911,-0.34127977,0.033631455
1274,4.2759908,-0.94885499,1.2209594,1018.2905,9.3631191,1.6190038,-0.52687392,-0.016156352
1275,1.2292897,0.21823845,2.5222596,583.56073,9.215068,1.3781308,-0.91969749,-0.020524995
1276,4.6433397,0.43104458,0.88530861,2021.1536,14.762594,1.9948447,0.21295857,0.024903651
1277,6.0252381,-0.99358178,0.47905216,1682.2973,49.66605,1.5803578,0.69078635,-0.032401569
1278,1.6196672,1.2374791,0.26239228,1091.3683,6.3762252,1.8173884,0.47598474,0.04012884
1279,1.8846371,-0.40432251,0.71034193,424.47699,22.382148,1.3746381,-0.27030959,-0.013415876
1280,4.7071085,0.047216724,0.84897713,731.94774,27.791,1.5005047,0.85861488,-0.034366553
1281,4.654386,-0.45628512,2.4275421,225.39635,19.263826,1.3417164,0.41832885,-0.021713876
1283,4.1690418,0.29992682,2.2211722,835.62475,6.278442,1.568252,0.25775287,0.049886424
1284,2.8442475,0.056878726,1.8531599,998.61874,24.065694,1.622414,0.78797471,0.03075668
1285,2.776787,0.14071368,1.4786453,517.15664,6.388194,1.5701456,-0.78415745,0.014573302
1286,5.980215,-1.3036525,1.9189862,574.04969,11.415375,1.6081606,0.80062315,-0.042220126
1287,3.4779887,0.61705388,0.46512096,1070.5964,15.315254,1.4874758,-0.6895128,0.019747121
1288,5.7997146,-0.25547849,1.9411801,563.81668,46.567834,1.3388841,-0.07257214,-0.032619308
1289,4.5500724,-1.0387364,2.1464443,2683.873,21.130902,2.0414156,0.85359241,0.016320046
1290,5.7510009,-0.91692672,2.2552626,1394.5687,44.859485,1.749686,-0.28712495,-0.019673422
1291,0.1369091,-0.36916311,1.517199,736.64649,12.753883,1.4479567,0.69423169,0.019480535
1292,6.2443722,0.25660852,2.8315963,2203.5608,12.505283,1.6166987,0.717369,-0.032256429
1293,2.6972869,-0.43834015,2.1722759,868.42083,5.9180766,1.5440587,0.62282665,0.0072166137
1294,2.3511981,-0.29426826,0.67476123,251.74886,13.62425,1.2584996,0.09662659,0.027376046
1295,3.1924564,0.4327763,2.862743,451.22417,8.2830735,1.500142,-0.35191286,-0.0052760403
1296,3.9157762,1.0712006,0.98932179,2137.1772,13.804095,1.929521,0.021408005,-0.0044199417
1297,5.9475846,0.91168797,2.7348045,1311.9865,13.172936,1.590525,0.2191947,0.020383926
1298,5.0534601,0.70192481,2.926837,1562.8858,29.935487,1.7770558,0.5878712,-0.040220976
1299,0.68722339,0.98779849,0.57095531,455.17605,5.6323245,1.5442095,-0.30671943,0.0083603967
1300,5.2313379,0.70556646,0.5119007,618.73852,6.0486138,1.3720464,0.54567986,-0.041002587
1301,4.7191556,0.47642144,0.46984847,1245.4046,21.404967,1.8382877,-0.38064998,0.047770091
1302,5.4066223,-1.2272793,0.30519905,1324.3836,7.2474078,1.7966207,-0.81296014,-0.012756958
1303,6.0332066,-0.29600875,0.29531022,1219.7616,10.763854,1.7238272,0.33790108,-0.044664854
1304,5.5435832,-0.44729785,2.3192443,609.7274,42.015599,1.4098696,0.96939796,-0.021477762
1305,3.6169757,0.75593437,2.5072099,2115.4666,13.687953,1.8092404,0.16033885,0.029313676
1306,0.52528019,-0.0035677462,2.9575276,583.12807,11.857515,1.5021312,-0.74967062,-0.036735292
1307,1.6464797,-1.4690656,0.6042841,1261.1431,7.0140652,1.6505994,-0.86784549,-0.032158393
1308,5.0911834,-0.80450837,0.44549913,1571.5703,13.939009,1.6168972,-0.89287255,-0.014968562
1309,4.5014706,-1.1381081,2.2139806,1615.5351,10.136177,1.592154,0.42921108,-0.024688808
1310,4.1751468,0.025117913,0.26890773,192.95502,6.7398974,1.3854304,-0.46790319,-0.037223084
1311,3.7820389,-0.25092341,0.64301254,900.82281,19.298119,1.4467141,-0.71811436,-0.025514613
1312,4.7387409,0.66240716,1.3635524,967.37884,11.805621,1.6864795,0.76028059,-0.042136223
1313,1.1058197,-1.0170448,2.1470157,577.60297,55.560832,1.2967355,-0.18274125,-0.024029481
1315,5.4989334,0.19839972,2.4090308,851.24931,43.965425,1.5267557,0.43309257,-0.038345378
1317,2.5005944,1.3439289,2.9756888,1368.6374,28.211376,1.775017,-0.53421159,0.0067881003
1318,4.7452891,1.0108156,0.94620773,971.40371,42.908899,1.5197101,0.51817086,0.01096791
1319,1.9924013,0.70737941,2.7213096,1567.006,13.545535,1.8190747,0.62496017,0.049247744
1320,4.8139932,-1.1900218,2.4828547,615.11544,6.5326991,1.7038295,-0.1474831,-0.005394129
1321,2.8741862,-0.56918829,1.1849911,1348.8938,7.7964972,1.7353962,0.076819437,-0.029271984
1322,1.72153,0.20309732,2.6901206,1898.0009,11.570635,1.7024513,-0.47999455,0.032551219
1323,6.1691872,0.47829902,2.7255848,1689.3304,16.451488,1.6917388,-0.84321145,-0.04821722
1324,5.1956684,-0.28111392,0.73845307,1661.2215,8.0392324,1.5778209,0.62710959,-0.018533416
1325,1.9311026,0.27559777,1.7358203,414.03606,21.516914,1.5262737,-0.18557866,0.045054707
1326,4.5937427,1.0084624,0.52870119,1176.0661,55.441173,1.8185134,0.00039074335,0.0041471153
1327,4.6731992,-0.54120097,2.1120414,652.03231,13.33216,1.5285679,-0.71013435,0.014104381
1328,5.5912102,-0.73830431,1.5474782,208.44011,13.563147,1.3093232,0.69606708,0.0084775188
1329,5.2382694,0.54955727,0.24129371,1540.704,21.024011,1.6232516,0.55037455,-0.019601993
1330,3.589199,-0.81302762,1.4968209,521.70679,15.95143,1.4704142,0.58074368,-0.0060781011
1331,6.2207861,1.0331232,2.1494195,814.6027,6.4016608,1.3509763,0.39455498,-0.0040479051
1332,0.4291391,0.14174865,2.416311,686.64303,50.511875,1.490847,0.58178447,0.036692922
1333,3.468358,0.73910886,0.73651705,2962.7878,9.5500564,2.0132204,-0.23216226,0.0031059312
1334,4.2048261,-1.2105853,0.25230439,1011.1265,14.466299,1.5358435,0.48660237,0.026937416
1335,2.0642714,0.063131412,1.2215854,643.41601,17.165731,1.5019436,-0.67593691,-0.012790776
1336,2.8345164,0.96858236,2.8990743,1106.508,10.000728,1.7426301,-0.91597175,-0.010563652
1337,1.1619174,0.68347373,0.67445156,2464.3686,33.631589,1.9534453,0.88753817,0.041709859
1338,3.7057495,-0.70902447,2.4607223,1131.87,14.74795,1.7018467,0.76514771,-0.017301865
1339,3.1427125,0.76502308,2.5117248,1566.9387,10.856916,1.7638397,-0.89051961,0.046253831
1340,0.6049982,0.57380342,2.8341504,1288.7479,10.868645,1.6611853,-0.33501385,0.0013572403
1341,2.9856184,0.27486566,2.2651701,703.79242,19.947459,1.5678813,-0.49663553,-0.0013505208
1342,5.5488196,0.48452723,3.069823,1163.9583,7.6155916,1.6811237,0.81516063,0.023629905
1344,0.010704825,-0.13146763,1.0503522,1220.8832,28.838272,1.4808456,0.27122286,-0.0098040115
1345,2.6591299,1.0762926,2.1362363,306.00299,6.1808721,1.586271,-0.66986933,0.02778624
1347,3.8117558,0.310017,0.89930787,2369.4089,31.145199,2.0162392,0.66230156,-0.013602028
1348,0.21700116,-0.36482083,2.3957329,635.23347,15.135534,1.6254033,-0.24810965,0.030384519
1349,4.61557,0.061447096,2.4463713,2000.5392,44.746973,1.870161,0.64401598,-0.042858527
1350,3.4984927,-1.0545746,0.89904195,614.28759,8.1992288,1.569991,-0.065272681,-0.03556726
1351,0.78217057,-1.1249948,0.73882997,543.45834,23.311085,1.5709441,-0.2892967,0.032163085
1352,4.9540554,1.0924381,0.31372747,2323.0413,11.582462,1.8691187,-0.24884824,0.026672717
1353,1.3257661,-0.14575932,1.0499501,943.27457,23.33471,1.7733015,-0.26112671,-0.010962391
1354,3.0158495,0.61078035,2.0047837,1780.8249,16.599728,1.7307183,0.17431979,0.042388839
1355,5.5149176,-0.67765179,1.1294966,1316.6458,43.324116,1.555628,0.0029099415,-0.040351906
1356,2.7475903,-0.68888221,1.8382991,313.66306,6.9153148,1.4170249,-0.39509458,-0.028173025
1357,0.91015938,0.68551326,0.80539459,1031.4712,8.1153927,1.6027443,-0.12172796,0.028897941
1358,2.830036,1.0794741,2.4841711,1712.4643,12.439149,1.8177648,0.39719243,0.021045026
1359,0.65428127,-0.17605447,2.5004354,258.7905,7.2835286,1.2539229,0.81580868,0.0088921979
1360,1.7883562,-0.17248017,0.27584597,1783.1504,29.799089,1.7428632,0.65993559,0.027732792
1361,1.28671,0.1615238,0.65298894,1315.415,31.926382,1.5885934,0.51714308,0.036997886
1362,1.511206,-1.1891252,0.81498803,1487.6582,42.848855,1.718583,0.78494734,-0.0092807953
1363,1.6642677,1.0018074,2.9813608,974.75554,27.000025,1.4706496,0.40718885,0.010298438
1365,4.0596233,-1.3750416,2.4500544,1258.0513,36.624962,1.6806042,0.28916989,-0.048068231
1367,0.12206706,-0.059190321,1.4328097,1224.1547,24.590635,1.6461849,0.63967204,0.021039078
1368,0.83506449,-1.3415522,2.8686608,2050.6429,7.9304175,1.8530366,0.044087207,0.029018161
1369,1.952188,-0.30921974,0.25800121,1250.4664,8.8849328,1.5655843,0.69468906,-0.041979026
1371,1.5039682,0.63138154,2.6876815,1570.3092,12.619292,1.8744694,0.51673975,-0.0099221211
1372,2.4029471,-1.2446033,0.51277585,1534.2962,19.199354,1.8717219,-0.30749927,-0.033397924
1373,2.4111818,0.73268436,0.53552845,1463.8622,6.6654878,1.5957024,0.54924106,0.011428255
1375,1.5513869,0.83729566,2.434303,3010.0078,11.719259,1.8417835,0.23693398,-0.0232724
1376,1.8485198,-0.51203873,0.13125422,1463.4029,7.0481043,1.8841862,0.51640623,0.04869027
1377,2.6931787,0.31502143,0.51973487,927.06407,19.533324,1.5759558,0.2562323,0.038865272
1378,1.5989477,1.1874833,1.7698544,476.95827,50.448966,1.4321907,0.40296987,-0.039262369
1379,5.3091191,0.89361644,0.49408194,950.80588,7.9582184,1.4787885,-0.89251382,0.049647482
1380,4.9976372,-0.53122333,2.1555189,1148.4248,28.049557,1.7189592,0.98640571,0.011968047
1381,4.9281231,-0.67972598,2.4316417,745.2271,16.76914,1.3341094,0.718936,0.026160686
1382,5.4832459,0.13303465,0.18244269,1976.4601,16.748137,1.8721398,0.23911977,0.038076028
1383,2.9000663,0.92952155,2.9764681,2415.7837,9.54847,1.6276119,0.16877995,0.037357506
1385,2.740761,0.33645953,2.1319233,1679.4933,15.670825,1.7160661,-0.505938,0.035161121
1386,1.0363087,1.1531632,1.1513729,1065.7393,12.043805,1.7014209,-0.27347822,-0.036570118
1387,1.5087543,-0.55171227,2.338806,1189.5769,12.469345,1.57319,0.91201871,0.037308673
1388,3.192309,0.098295093,2.1067437,1312.0882,8.0331432,1.5236428,-0.94320008,-0.019994102
1389,3.200792,1.1172917,0.69587933,2298.4528,7.5866535,1.9987585,0.97386505,8.0035178e-05
1390,4.3547628,-0.55027738,0.57172983,1208.816,7.5409401,1.7902146,0.6530606,0.007586818
1391,5.7800282,-0.61168573,1.8566692,1057.6574,6.8968802,1.597096,0.37120575,0.034805623
1392,4.5183018,-0.8460037,0.29050242,1975.257,32.224004,1.853605,0.2768468,-0.018487011
1393,2.1037984,0.35676686,2.7465638,580.57892,13.878431,1.4836943,-0.84199982,0.023652246
1395,1.8136693,-0.86378944,2.4718295,674.54706,28.120411,1.4733298,0.037257792,0.045009305
1396,3.5393548,-0.43651893,2.121036,1091.7803,19.162498,1.5996688,0.41457509,0.01342606
1397,5.0657416,0.92074609,2.4125475,1482.3443,44.563544,1.8078071,0.80158557,-0.044342002
1398,1.1877726,1.4274082,0.3155301,1597.3498,37.104431,1.8010866,0.34975913,0.043921333
1399,2.1094349,-1.3261695,2.454854,562.36448,6.727141,1.4156257,0.23452775,0.037498855
1400,0.48307795,-0.84722723,2.5573713,984.14115,6.0681228,1.4773392,0.11562917,-0.018907497
1401,1.6732016,1.1030361,1.9046671,1106.0485,8.6160623,1.7663693,-0.24652195,-0.015080626
1402,2.7660078,0.79748016,2.5528269,1801.7177,42.322128,1.6562134,-0.46677759,-0.027978311
1403,0.19960246,1.0586129,2.4650287,1521.6155,44.174428,1.6691759,0.937087,0.011858466
1404,2.9756572,1.5051301,1.0402786,968.24763,17.812875,1.6573505,0.040852645,-0.020198308
1405,3.1997329,-0.40492068,2.8635413,882.96913,9.5424774,1.7149946,-0.62340633,0.041324019
1406,2.2020964,1.2097419,0.41098248,2359.7228,17.024354,2.0243297,0.98166805,0.046422281
1407,4.145793,0.078630572,2.1753339,1035.8577,13.602914,1.6300275,0.40413343,-0.045376772
1408,5.9117392,-0.29113518,1.7995749,450.10025,5.6575889,1.3502911,0.095705521,0.011020674
1409,1.9930644,-0.77344828,0.26385779,3193.4725,45.924237,1.90197,0.97910957,-0.044598687
1410,3.4518442,-0.39368369,1.0132369,478.69162,8.3996719,1.6995311,-0.12143685,0.031506173
1411,5.880788,-0.94818864,3.0622287,2030.141,9.8582105,1.925248,0.3890166,-0.031488854
1412,1.8201832,-0.34058251,1.1698534,747.771,13.435835,1.2965668,0.11870704,-0.039987175
1413,5.0042969,-0.25956216,2.8280944,1544.7598,22.064159,1.7189957,-0.70540273,-0.047374774
1414,3.932787,-0.94655208,1.1560714,533.74047,7.080888,1.5824982,0.92752859,-0.034638888
1415,5.214367,0.30483895,0.11532349,1598.0453,8.7608885,1.6686364,-0.3377886,0.027450137
1416,4.6312177,0.88621854,0.65517153,945.78593,9.8092655,1.4851731,-0.57953113,-0.048351041
1417,3.502703,0.36399914,0.3599686,2453.1641,31.623221,1.9110165,0.4051836,-0.019158062
1418,3.6092607,-0.048248471,2.4419837,1016.7366,8.5896543,1.5135316,-0.79757476,0.049033389
1419,0.11635695,-0.24375015,2.1795952,2172.8077,26.793413,1.7662632,0.93186192,-0.03759934
1420,4.4095265,-0.31769003,0.8047128,813.26961,21.467934,1.4870827,0.070059253,0.028932155
1421,3.5635253,0.64702712,1.9823687,1685.5042,21.591334,1.7904286,0.81579182,-0.040828303
1422,2.0695438,-0.35735066,2.3949781,694.84868,19.792958,1.3575571,-0.73563065,-0.019975622
1423,5.0524598,-0.45740134,2.0540664,469.96052,23.32258,1.3970468,-0.32042703,0.04621373
1424,3.3428795,-0.46112256,1.0091296,1677.1773,9.3252868,1.72541,0.082346369,0.027094837
1425,3.2357876,-0.2667496,0.7357541,780.60427,7.1101917,1.5974205,0.49662955,0.0087773348
1426,2.1227219,0.41705052,3.0057948,1670.0422,16.416423,1.6512763,0.65229612,-0.027738531
1427,5.77872,0.3936701,0.23901566,1838.1831,12.238148,1.7855006,0.18997654,0.02980907
1429,1.1309691,-0.10471529,2.4504769,1509.1647,11.129541,1.6582258,0.5588469,-0.030950375
1430,0.4738587,0.28912729,0.88476119,566.50749,10.02807,1.4336379,0.28050717,-0.016320146
1431,3.9572621,0.99047384,0.75925409,1096.0712,8.5624214,1.5917084,0.034812627,-0.0091895727
1432,3.5119683,-0.34870822,2.536414,1006.7647,6.4082573,1.500861,0.19837922,0.023022501
1434,2.4662376,-0.93460563,2.2206846,1754.4206,7.9642407,1.8745545,0.66090329,-0.04239605
1435,1.1881181,0.070375581,1.6919596,922.85302,13.848835,1.7751148,-0.0017396931,0.03131962
1436,3.1770251,-1.0883825,1.3811324,720.95102,18.452978,1.5077289,0.096096733,-0.034184157
1437,1.5877705,-0.43805577,2.5834568,1092.6687,11.959565,1.4996461,-0.58200778,-0.011551092
1438,4.5272825,0.54345665,2.2682414,512.48174,8.3487314,1.4219044,-0.37173073,0.037647888
1439,4.243465,-1.1606198,0.2410686,1395.874,13.780671,1.8841169,0.061517413,-0.013800406
1440,1.4198862,0.12989863,2.9145972,1410.2859,6.8003135,1.8407699,-0.4823569,0.049348471
1441,4.0255885,-0.91767064,0.38955894,1035.8642,18.141148,1.6084911,0.44437941,0.014457504
1442,0.89631629,-0.63704836,2.8057823,1294.1304,7.9982652,1.7637788,0.74923509,0.0022680823
1443,1.6836617,-0.28350103,2.2864079,414.33124,6.3515521,1.2827526,0.14492543,-0.023112118
1444,2.7110075,-0.27963737,1.2591624,274.98613,6.3004214,1.2931317,0.63162735,-0.036480064
1445,2.9167043,-1.0433128,2.5654913,958.4919,9.4507372,1.6691263,-0.82162001,-0.01855538
1446,5.8796529,0.7627572,2.5636643,1327.7478,16.714618,1.6237947,-0.40193523,-0.017931598
1447,2.6531644,0.20717571,2.7351915,1702.5988,14.743076,1.7181974,0.79582893,-0.013102763
1448,5.4209299,-0.91664155,0.96123459,568.61782,44.368263,1.6714999,0.59039755,-0.043048522
1449,2.8775862,0.85359678,1.8242022,439.62386,7.1635743,1.5218907,0.098126127,-0.042320596
1451,3.4336301,0.69814421,2.3801336,931.7899,25.740101,1.6950106,-0.76779514,-0.010390267
1452,3.0337645,-0.30506118,0.77449249,1024.9382,6.2858753,1.7314669,0.69168754,-0.041971958
1453,6.0231438,1.3875057,0.59647817,2288.7447,8.8117295,2.0046787,0.31741382,-0.01377725
1454,2.4174381,-0.30859398,2.2428487,1212.5262,14.418591,1.6940608,0.16244068,-0.0055959673
1455,1.0566961,0.17565544,2.8758697,1945.0619,12.1362,1.7494866,0.052444213,0.011377226
1456,3.8190714,0.048205085,0.32253391,983.56422,7.4036761,1.5288255,0.45407646,0.021530716
1457,6.0785686,-0.885779,1.8928279,502.22675,6.9051073,1.4264252,0.25121294,0.019476886
1458,1.8124098,0.74487957,2.9339086,1204.2571,7.7761394,1.8087729,-0.89434007,-0.048260965
1459,0.82090113,-0.025883199,0.2441101,551.00648,11.623901,1.6498343,-0.85079888,-0.0011136296
1460,5.3098685,0.9331986,0.95728109,3343.0013,16.412088,1.8494929,0.75160568,-0.039598099
1461,2.5282598,0.45426734,2.7329859,1710.8309,15.858489,1.899075,0.079586664,-0.040414154
1462,0.91629425,0.22233603,2.6139822,736.08297,6.3222012,1.5759707,-0.59924239,0.02834476
1463,1.3943477,-0.2249481,1.6834213,273.86427,5.6126041,1.395262,0.96125635,0.018898628
1464,1.2919954,0.34750163,2.1824045,1029.0117,19.509137,1.5037029,0.35708315,-0.001027111
1465,2.1757406,-0.24438136,0.81523049,885.13602,7.7279922,1.63072,0.068375453,-0.012959957
1466,3.8198163,0.091812858,2.8036767,1623.0681,9.9265983,1.9380205,0.046454549,-0.029427221
1467,4.2541514,-0.6947969,1.4848306,1124.4421,9.7260557,1.7246083,-0.56414922,0.044852493
1468,3.3561752,0.060690372,0.50553257,2322.1171,12.257626,1.8486005,0.45611158,-0.00015248437
1469,1.3720813,0.622581,0.6463899,1058.5182,21.256516,1.6889074,0.81669018,0.049801908
1470,3.0925157,0.41372231,2.9944254,1454.0716,16.648773,1.6022044,-0.13203411,-0.01577745
1471,5.5167296,0.11386821,0.57741822,1416.2501,15.27651,1.5413276,0.76393824,-0.046046014
1472,4.3488308,-0.58767288,2.5695478,416.8842,7.3903422,1.3147643,-0.28710595,-0.030637093
1473,5.7741584,1.0182967,2.881921,1382.61,11.226695,1.599696,0.25023515,-0.028823622
1474,5.4377195,0.86370642,1.794964,463.62082,9.9987075,1.4571316,0.11944992,-0.018309087
1475,1.0830524,0.53768802,2.6493487,1770.7352,25.353001,1.6922789,0.81062609,-0.012991451
1476,4.7293106,0.17661694,2.773464,1477.7604,8.1729724,1.8399386,0.5899654,0.028215753
1477,1.104561,-1.1386403,2.4909305,885.73374,7.5089932,1.5310335,-0.67067857,-0.044039459
1478,3.0784644,0.43549679,0.87738696,1576.7043,15.277336,1.519838,0.85389853,-0.0059343881
1479,2.1422724,-0.12972768,2.7291281,889.02632,9.5137854,1.5161967,-0.029517854,-0.032931959
1480,3.3700937,0.60776071,2.5163795,738.99468,9.0552723,1.4973648,0.86930246,0.032034011
1481,5.8961816,-0.82283765,2.3677495,1052.6264,8.3154632,1.5572282,-0.92671244,-0.018270163
1482,1.1679887,-1.4845727,0.18634463,3539.2719,20.680009,2.0536898,0.61713684,0.049418269
1483,5.6675356,0.53692238,1.1636417,900.51531,7.8216091,1.5213467,0.17572519,-0.015652588
1484,4.7148701,-0.072914571,0.86390658,697.58451,8.1992326,1.5580246,0.16309649,-0.042347278
1485,2.9518184,0.12227526,2.8904871,954.93427,12.677524,1.7227972,-0.73151195,-0.0081111754
1486,5.7300698,-1.0773053,2.822845,3059.0077,22.816202,2.0222512,0.57420477,-0.0054784198
1487,1.8941449,1.0634127,1.3444008,1008.5494,19.30174,1.592774,0.76286441,0.038410831
1488,0.30434316,0.44347899,0.6594116,2816.1408,35.595677,1.8847829,0.21321601,0.032901867
1489,2.2461554,-0.22470664,0.91601197,1376.069,21.509231,1.6098941,0.50203273,-0.027778387
1490,5.3147175,0.37873606,1.0690605,1136.937,23.792255,1.7101442,0.51487576,-0.0078962192
1491,2.4634125,1.299332,1.186697,1249.9989,15.223059,1.6344854,0.97684346,-0.013290573
1492,5.3267439,0.98809029,1.056176,777.82127,9.2261531,1.5141873,0.62462661,0.026409146
1493,5.3208281,-0.87037195,2.1704105,554.09929,24.186607,1.5179323,0.8170343,0.030131983
1494,2.5097898,-0.13703066,0.32896109,2204.3985,46.580286,1.9261658,0.18544714,0.00069231418
1495,3.7362959,0.73620056,2.2302494,1482.8125,16.279794,1.6476947,-0.28325709,-0.025053392
1496,3.1104787,0.5036705,2.5405174,1395.8729,31.172645,1.5474871,0.16643597,0.04172238
1497,0.12253132,-0.39047809,0.6900831,1150.6564,18.128581,1.6788136,-0.56613822,0.030673652
1498,2.2886252,-0.61767761,2.7530896,2622.5293,14.106606,2.022984,-0.37317282,0.026640505
1499,1.8544487,-0.23646314,0.25368112,749.43041,5.8897785,1.4750064,0.47593861,0.035321545
1500,2.4974597,0.50455733,0.36725533,855.6209,6.1537001,1.4754936,-0.66608249,0.00074694968
1501,0.12192952,0.3856288,0.74428141,847.68807,9.4895081,1.5211986,0.49142378,-0.01106055
1502,1.9193434,0.027267804,0.78124386,280.24307,8.1499047,1.2562407,0.83531306,0.040170272
1503,4.9449471,0.58488887,1.1009053,1882.7644,12.755522,1.7316813,0.1515512,0.018242824
1504,0.10860377,-0.057669824,0.21700568,915.50216,25.067077,1.5802695,0.55107346,-0.025290724
1506,2.6015135,-0.54316753,0.39160831,1255.0211,23.072957,1.5243096,0.79246633,-0.039846389
1507,4.7203275,0.48247768,2.260377,1072.9857,13.295236,1.7971385,-0.28798157,-0.027395598
1508,0.38500221,0.1581851,2.4089923,512.00142,14.295873,1.6864012,0.19155613,-0.038720749
1509,0.64873623,0.31608284,0.56520239,1104.5674,42.683496,1.7836865,0.03104947,0.038622021
1510,3.4320505,-0.13333896,0.48693483,1970.0687,12.934456,1.6463675,0.36202661,0.022915582
1511,1.8888472,0.44034228,0.63439008,338.19566,22.2156,1.4732753,-0.26727958,0.018547806
1512,6.1180766,-1.0084485,2.6849257,1356.6327,10.060139,1.5813931,-0.72904782,-0.043665449
1513,4.9797491,1.0863967,0.35560538,641.26176,16.655812,1.4297775,0.82269275,-0.047555253
1514,5.9843335,-0.43067086,2.4323933,762.68741,7.6669528,1.5371811,0.98191971,0.014439123
1515,5.7631856,0.17329908,0.72373622,970.98833,7.7844934,1.4781824,0.014234305,0.025675842
1516,4.4043137,-0.62489403,2.926496,1206.9756,10.038141,1.4378862,0.96276504,-0.0301158
1517,5.219651,0.035043235,0.7309455,342.58224,27.728606,1.5410092,-0.083053238,0.0020031006
1518,1.2049625,-0.39949839,1.7423824,297.1755,12.398795,1.4045665,-0.51220106,0.043584856
1519,5.6528005,0.77485716,2.028717,246.06942,5.3525435,1.4344215,-0.18946499,0.015088917
1520,6.1761211,-1.3809907,2.8363786,1013.1847,10.143335,1.5125089,-0.14450661,0.016314768
1521,5.8909385,0.57387552,0.38426631,399.30545,17.427618,1.3685853,0.12467414,0.024476518
1522,0.58471499,0.44712317,0.3131097,1332.2482,10.293019,1.7334459,0.74514833,0.03677356
1523,1.8778523,-0.24600105,0.73894973,291.74219,7.1244876,1.2625453,-0.61747049,0.027791142
1524,1.8912925,-0.31954825,2.4994118,1069.1477,7.5210076,1.6744597,0.092319741,0.022109573
1525,1.3082926,0.49670988,0.64301837,344.15196,8.9930447,1.2176407,0.16278493,-0.00386796
1526,2.0727417,-0.31247053,2.7646719,1525.8025,10.919194,1.711293,-0.79084665,0.029085536
1528,3.9438018,-0.13813878,1.1256076,524.48726,12.744245,1.3968903,-0.0018001216,-0.019903551
1529,2.0691409,-1.2781314,2.5189482,864.51716,6.1470504,1.5710987,-0.82763034,-0.04598952
1530,1.6227004,-0.2586034,0.62453131,1424.0787,8.1347149,1.744568,0.33056324,0.039504885
1531,2.4396285,0.95573035,0.67737083,601.16789,6.7106892,1.5471581,0.43801925,0.047360483
1532,3.0251229,-0.020363744,2.9863432,1290.801,12.177444,1.9334223,0.42809114,0.042171806
1533,1.445003,-0.57312804,2.4548446,1154.6709,48.839982,1.7233013,-0.45539397,0.038561685
1534,0.18709848,0.69177509,2.0913753,800.11977,25.671678,1.7585872,0.014948525,-0.031439956
1535,3.5485995,0.81592773,2.6296037,1701.0127,34.107429,1.7586531,0.46900485,0.0062612868
1536,4.7457933,1.2087245,0.66008517,245.70665,12.940429,1.484578,0.51561809,-0.014863906
1537,5.3350176,-1.2231071,1.0942263,469.61768,7.3238773,1.3777921,-0.4510564,0.013105194
1538,0.098933519,-0.43118327,2.4996851,629.87851,6.7769372,1.6465784,0.9582535,0.00090932099
1540,0.7512605,0.7959086,0.64951998,602.96596,33.953745,1.5099658,-0.67826902,0.020951116
1541,0.77887484,-0.34633078,0.83383039,788.03794,9.7214641,1.569321,0.33691445,0.034853718
1542,4.7358869,0.1765622,0.95271057,823.48865,7.9262151,1.417553,-0.48017972,-0.015279797
1543,0.41305262,0.26107914,2.4590272,890.4327,11.087279,1.6312392,-0.87918921,-0.042392263
1544,3.2025622,0.46202549,2.737537,2168.8115,10.906589,1.795707,-0.20093621,0.028401096
1545,5.7124211,-0.42794906,1.2830487,241.58658,19.030821,1.5435267,-0.73125265,-0.035013005
1546,3.819488,-0.66957921,2.8036222,1614.1171,37.047602,1.8006632,0.25482506,0.049997067
1547,3.8792172,-0.20903865,1.5836956,933.13573,7.8580425,1.484673,-0.84785172,-0.002421611
1548,1.0970936,-0.73870311,0.44293606,2091.4996,61.144017,1.6691375,0.24807482,0.00010685119
1549,2.8913653,0.85313861,0.99341556,1343.1042,9.3316408,1.5809825,-0.81448984,0.028036885
1550,4.0745083,0.35017629,0.39334652,1063.2647,7.0117217,1.8865424,0.45346524,-0.0005982081
1551,5.8047789,-0.041693881,2.669109,1856.6291,11.380997,2.0115525,0.2486319,-0.01414479
1552,3.9283691,-0.6612874,2.6139987,1141.5505,10.755002,1.6678566,-0.70871616,-0.027666526
1553,3.0552438,0.3161746,0.67100767,1276.5586,7.5375059,1.6985667,-0.050068827,-0.0029095226
1554,1.769394,-0.43597696,2.7861379,1035.4274,10.305953,1.311911,0.43199967,-0.039075195
1555,3.0873717,0.87140899,0.49379823,1965.4621,15.259137,1.8197951,0.44023725,-0.015578501
1556,4.9213596,-0.68410471,2.7704218,2091.811,18.856326,1.7750615,0.36964411,0.030550047
1557,2.212502,-0.78719105,2.7249917,2450.029,8.969462,1.982031,-0.57159716,-0.033717615
1558,5.0458598,-0.048261557,2.1928119,2525.6096,39.335158,1.9909742,0.55668657,0.047613307
1559,0.30103271,-0.56636614,0.59759192,2822.9489,59.949282,2.0474609,0.50486582,0.041601761
1560,0.18696575,1.0459908,0.56825594,1716.6135,23.80825,1.9914817,-0.086111245,0.0047509698
1561,0.87245331,-0.57926659,2.8016605,541.98141,16.55548,1.4088655,0.55018663,0.044698471
1562,2.170672,-0.16932212,2.9630856,1552.8332,34.431982,1.9327076,0.42967284,-0.033140129
1563,2.261457,-0.48876992,2.5192699,1830.0241,10.333442,1.8275365,0.76990516,-0.029843868
1565,3.7348627,-1.1975832,2.4696965,1261.1307,16.61357,1.6768642,-0.77112405,-0.011812235
1566,5.713999,-0.19800799,0.35160221,737.22657,6.1875244,1.581643,-0.8067517,0.04018918
1567,4.888727,0.57350246,2.9223021,1282.2468,7.3377135,1.6581207,-0.88296373,-0.046827927
1568,4.8669081,-1.4341477,2.120261,1206.075,7.4525445,1.7789828,0.95879539,0.028258472
1570,2.5536906,-1.0317484,0.50366449,1322.9049,8.2590253,1.6538477,-0.94251557,-0.024752856
1571,1.6583535,0.38109002,2.6139723,544.88921,46.078866,1.4616434,0.98530696,-0.025501705
1572,1.6125241,-0.60910275,2.4539508,1235.1173,19.68943,1.4477443,0.65582796,0.037504086
1573,5.0300126,-0.84120533,0.57881529,673.4425,6.7455729,1.5745673,-0.32847511,0.015464281
1574,5.2915258,0.89636536,0.84050988,269.1399,6.9011118,1.4204747,0.25735388,0.042075733
1575,0.099289141,-0.53352273,0.93798655,2113.4705,51.179518,1.8301458,0.83106323,0.025735042
1576,1.7437116,-0.28828288,0.31243282,1881.7077,45.874364,1.7438278,0.4970496,-0.03788894
1577,1.4060921,-0.022808985,2.4518824,801.3259,7.689871,1.5394208,0.96584506,0.037347045
1578,0.073284422,-0.53885733,1.9063412,1368.9232,47.173708,1.8240763,0.9215237,0.011916907
1579,4.4484514,0.53640052,0.75690124,1472.9066,23.933619,1.8294718,0.76214269,-0.038348054
1580,2.0381915,0.3588957,0.61973441,831.99145,8.9163288,1.4264556,0.47544873,-0.012219003
1581,0.71915292,0.39419389,0.15866173,1862.1427,8.699088,1.7862488,-0.40216382,-0.024668756
1582,4.7992283,-0.36384627,0.89891476,1918.1356,25.019444,1.8636455,0.10386651,-0.035168002
1583,5.5792513,0.85270622,2.666178,576.03335,7.5867309,1.3739341,-0.22097747,-0.04707512
1584,1.2008717,-0.42114649,2.2354049,1388.6136,52.638386,1.6850002,0.59620496,-0.049093733
1585,1.8989957,-1.0113663,2.3507216,1934.2661,9.088689,1.6666011,0.69445281,0.0085106877
1586,6.2697758,-0.26954404,0.75629143,972.24626,11.909827,1.689258,-0.44926329,0.030108309
1587,5.421895,1.1619704,2.3529632,2254.5727,39.500287,2.0565582,-0.5194705,-0.030316062
1589,3.9855732,0.90168761,0.85160557,1538.4622,22.499323,1.740191,0.59774305,-0.044840106
1590,5.0869357,1.1950021,0.63144316,1277.154,43.287618,1.552448,0.78322805,-0.024293896
1591,5.078395,0.049492522,0.14364171,1000.2506,7.8364553,1.6894477,-0.51689604,0.047468172
1592,3.0849861,0.78692418,0.57118085,1149.602,14.572877,1.5342555,-0.24739091,0.016523499
1593,5.3923706,0.74466617,2.2012233,1350.6832,34.200201,1.7841913,-0.1648375,-0.0092286901
1594,0.4711885,0.0021841007,0.91470335,1100.3077,16.560682,1.7236221,0.76887237,-0.018270904
1595,3.2598152,-0.22217026,0.58010584,1527.7178,11.166859,1.7247779,0.919526,-0.04302072
1596,2.6868076,0.60515136,1.4685756,554.69032,5.9120682,1.4815758,0.54387912,0.019378027
1597,0.165024,0.64731689,2.3983686,1577.2606,36.855413,1.53716,0.95923435,0.022368066
1598,0.72689456,-0.64244866,0.89276261,1294.7856,15.484034,1.5998609,0.60652571,0.042367113
1599,1.33835,0.4191695,1.0757235,398.12937,7.3013267,1.450777,-0.84838778,0.032506351
1600,2.9735403,1.3405785,2.8780655,1554.8543,9.4972952,1.8295574,-0.1964079,-0.0013044682
1601,6.0106096,0.26826029,0.7704152,1843.6076,8.5925954,1.6449589,0.7866346,0.041748638
1602,4.1059082,-0.81555271,0.34536142,1036.6476,6.9159294,1.4759967,0.78348257,0.021323183
1603,0.29247382,-0.41228434,2.8206398,692.32826,9.4430438,1.563577,-0.65135879,0.045692063
1604,2.7472735,-0.71043383,1.955121,787.89742,18.411895,1.4334064,0.32697342,0.0099083444
1605,0.19086994,-1.2827729,0.53542011,3833.5971,27.601287,2.0152252,0.46807707,0.032391656
1606,2.9517879,0.32253699,2.1141654,586.35223,9.6851201,1.596386,0.42709852,-0.0022700581
1608,3.6039525,-0.067814109,2.3911437,1623.1356,31.317753,1.9293252,0.81067661,0.049824088
1609,2.8669914,-0.10236412,1.892681,1381.0055,21.635324,1.8681619,-0.24012033,0.029716993
1610,0.84148113,0.51894195,0.75668092,1236.0492,8.4250887,1.6439826,0.2155444,-0.018505972
1611,4.1158413,-1.2973661,1.1785443,802.1464,13.854299,1.5427013,0.3997869,0.024792311
1612,0.57331707,1.2010414,2.6799529,1640.3628,8.1756266,1.6152015,0.47024106,0.0095901847
1613,1.9021102,-0.057368707,1.019005,309.87175,11.837236,1.4011785,0.42795506,0.03674451
1614,5.7341214,0.60788773,0.18798994,1621.4475,7.0059327,1.8049506,-0.62372054,-0.025875902
1615,5.9408688,-0.74693841,0.56591527,1268.6439,11.365821,2.0005555,0.94126043,-0.028609265
1616,4.0622866,1.1479177,2.1715424,1192.1752,10.109524,1.6832083,0.69596841,0.048646257
1617,2.8540565,-1.0671186,0.78570863,1440.2673,9.3920006,1.6295258,-0.64135866,-0.034999006
1618,0.62446548,0.098550308,2.6628134,308.49926,9.7949069,1.3024583,0.88931856,-0.011784742
1619,4.8330088,-0.50369182,0.91629192,1046.6895,6.5957157,1.6500087,0.30717837,0.024996996
1621,0.72149823,0.28112995,2.4578107,2285.0719,16.867457,1.8289984,0.77792362,-0.011023737
1623,3.1065386,1.3527004,2.3122803,765.36125,10.137369,1.3481333,0.6159907,-0.0046818483
1624,4.2242813,0.7388953,2.6271213,1352.8121,8.3750587,1.7069006,0.64989715,-0.042158764
1625,3.9049356,-0.51891381,3.0854003,983.44042,6.7685523,1.6126808,0.74570167,0.0015493398
1626,5.9252349,-0.1518088,0.69850474,2288.4084,14.815459,1.9028284,0.26319756,0.019902464
1627,5.0956596,0.51018712,0.71356437,757.06869,7.2485953,1.2238678,-0.066145997,-0.017069062
1628,3.1259692,-0.58654651,1.2879237,804.64771,8.5545303,1.6794501,-0.4197337,-0.041260891
1629,4.4738703,-0.38427298,0.69965255,1161.3613,7.5879527,1.5045044,-0.22715555,-0.044783774
1630,4.2631216,0.024578872,0.75950113,732.87267,10.498823,1.4068248,-0.54475239,0.031900713
1631,0.47470335,0.38148923,2.6535803,1429.2967,38.210739,1.841227,0.8228084,-0.044232503
1632,5.5041288,0.78155066,0.72678041,1218.0234,21.557033,1.7584126,0.70362244,0.044206935
1633,5.8934808,0.085157996,0.7216254,417.201,5.9791223,1.3917642,-0.9667128,0.048268802
1634,1.3065096,0.4691462,1.0425379,1480.7962,31.867073,1.8191041,0.55142962,-0.029177725
1635,2.236133,-0.54470704,2.5488273,1561.1784,16.830063,1.6296771,0.19677105,-0.046371159
1636,5.4688548,0.86170508,2.5333022,1730.1077,7.4023734,1.7900052,0.23232975,-0.041002959
1637,2.7885716,-0.57449005,2.875774,1314.1942,12.823062,1.6426408,0.25535344,0.0032834047
1638,3.3921215,0.52878196,2.4058098,569.63441,7.3530951,1.470972,-0.52199523,-0.043784655
1639,4.8757059,-1.1071719,2.8125005,2421.5074,17.378078,1.8759022,0.43139882,0.047824857
1640,5.2723035,-0.77691831,0.1749581,2561.5893,14.788563,1.9495169,0.74352044,-0.0054452554
1641,3.1064413,-1.5245283,0.41223761,933.64522,9.2198133,1.54912,0.061490461,0.011330305
1644,1.2104582,0.14932516,1.7328434,883.02403,10.992589,1.4337368,0.50300511,-0.034126331
1646,3.0871907,-0.46495154,3.0713025,1581.6399,8.552486,1.8129579,-0.36826133,-0.0076298605
1647,3.3791325,0.0020938384,0.6156598,1782.4354,7.6662063,1.8084059,-0.32065617,0.027573897
1648,3.3299153,-0.79207562,0.55238922,1093.6445,16.259151,1.5438487,0.33503765,-0.044778567
1649,2.7052649,-0.47274623,2.3695769,850.1857,10.836218,1.6324112,0.74600385,-0.028457086
1650,1.1605951,1.3992357,0.85899612,833.50628,9.1432141,1.7911166,-0.97992127,-0.047906931
1651,4.935911,0.26248215,0.25769526,1403.2349,17.960313,1.7465736,0.8204521,-0.048961102
1652,0.90459158,0.56285627,2.700248,1468.3648,49.8652,1.6503627,-0.21041598,0.037072043
1653,2.9790053,0.70967672,1.0311309,1129.0822,9.927485,1.5812051,-0.81897203,0.036087016
1654,4.195272,-1.0605133,1.0209975,938.5616,30.17869,1.5691487,0.61725864,0.030122714
1655,4.2043057,-0.73662398,0.66751976,1390.2961,6.4602357,1.6898002,0.59324285,-0.04904974
1656,1.8370838,-0.082110172,1.7106331,514.96971,5.7131781,1.4301994,0.62370299,0.021247723
1657,1.9974765,-1.5348532,0.94094064,396.32086,11.432064,1.5755102,-0.85197798,0.026385315
1658,4.8181354,0.03203679,2.7064684,1566.2189,38.558491,1.7773016,0.4951472,-0.042019648
1659,0.022109564,-0.83559875,2.7879082,1093.1645,10.051035,1.5732907,0.80685727,0.017753052
1661,0.00048422054,-0.23801189,0.31681774,3465.5606,15.187483,2.04435,0.91367441,-0.02692364
1662,3.6410825,0.074799529,0.52836038,1753.1682,18.497295,1.7756739,-0.38989486,-0.038266542
1663,2.9998701,-0.42225501,2.6211788,1405.2075,11.322739,1.7922617,0.78578688,-0.0030488788
1664,2.0429711,-0.65294715,1.4051551,1294.8725,16.53755,1.6577643,0.90319329,0.042099438
1665,0.38436003,1.0388462,2.5719417,1494.9433,18.825468,1.6296229,-0.50648058,0.023099544
1666,3.4761107,0.13285332,0.65557446,1085.3927,27.021037,1.5107022,0.79269758,0.010119889
1667,5.2321609,-1.1607596,2.4802663,1162.0257,12.936206,1.4973304,0.79001748,-0.0013044179
1668,0.35121309,0.82178782,2.0490911,2251.8986,27.71583,1.9732371,0.79383227,0.048784213
1669,2.9629408,1.1592779,0.16451429,1124.8182,43.573939,1.8200769,0.064398045,-0.024714172
1670,5.303536,1.1951171,0.73899052,837.99973,7.0283773,1.4515365,0.37888259,0.018228695
1671,4.4709558,-0.93288585,2.8714923,1695.9765,7.9464363,1.9505499,-0.12058415,-0.042498643
1672,2.5901149,-0.42470718,0.66012358,720.58255,5.8327117,1.4102532,0.58984364,0.014554254
1673,1.28792,-0.3229879,0.93187411,1101.6159,8.6513703,1.6127854,0.68291877,-0.044667884
1674,1.7468787,-0.60875055,0.81920128,1166.311,21.083961,1.7478733,-0.95487643,0.015551232
1675,5.0556115,-0.87241638,2.3965317,2615.2654,65.568299,1.8618566,0.98617085,0.017211737
1677,2.4835647,0.2581936,0.38279777,787.76737,20.057289,1.4616326,0.82239473,0.027846609
1678,2.1393085,0.26300587,2.5749817,2388.6187,7.1312754,1.9971624,0.94465303,0.020399373
1679,3.1173238,-1.260694,2.6483698,1883.0219,12.199292,1.8464474,0.71080053,-0.013077117
1680,4.1387548,-0.82214882,0.52386763,1223.0765,8.4985452,1.6446695,0.37492666,-0.044285354
1681,1.2529527,0.039650583,2.4140965,696.55408,7.076674,1.3815125,0.25586676,-0.043899355
1682,1.3558725,-1.0404858,2.0775502,598.22288,20.84008,1.420387,-0.57523371,0.02838671
1683,4.3044839,-1.204214,0.31006471,1424.7328,8.8158743,1.5938877,0.71163627,0.00605365
1684,3.2710135,0.3675236,0.16343071,235.86783,40.162063,1.4282327,-0.88732876,-0.019303618
1685,2.0160742,-0.19772253,0.75281839,1166.6058,6.492565,1.5390806,-0.32477567,-0.00057796529
1686,5.4277523,0.11768122,0.87497653,506.74877,9.9718401,1.5214714,-0.13293683,-0.02050186
1687,4.3676153,-1.1312489,0.56566572,1007.6093,28.344243,1.5288466,0.40884314,-0.019562564
1688,1.7871159,0.11895756,1.2858496,735.68176,25.70854,1.6664819,-0.16977794,0.01047519
1689,4.8127998,0.78825049,1.0215099,1121.1558,6.6066033,1.55022,0.48546605,-0.011988556
1690,1.4682175,0.23560717,0.52215743,1148.2794,11.495766,1.5989456,0.15689541,0.0029584256
1691,3.8872911,1.1090212,2.6572158,1109.2972,8.4924955,1.4212896,-0.23688391,0.044650021
1692,1.139988,-0.80815325,2.1556838,1371.9647,62.744743,1.7862568,0.51019121,0.021994237
1693,0.51763463,0.097453195,2.1569186,1823.0693,23.41934,1.8453922,-0.19821357,-0.029967998
1694,5.529075,-0.30274177,0.40133293,3226.1488,22.8747,1.9083595,0.75166575,0.031088934
1695,0.084337593,-0.73371838,2.2915931,1039.2529,16.469248,1.7433091,-0.039266925,-0.025533639
1696,4.691073,1.5422862,0.35229455,1182.3358,7.2440267,1.7752633,-0.27739798,0.042544199
1697,4.9560441,-0.23516607,2.4171123,194.15294,5.3520174,1.3261296,-0.52062669,-0.047596803
1698,2.950154,-0.57270637,2.4993649,1123.9238,11.610836,1.5961033,0.55453908,-0.0085226799
1699,3.4835331,0.2842959,0.95732437,619.05885,6.3009391,1.5584219,-0.96630406,0.047719329
1700,4.083397,0.68097248,0.79468907,1066.3203,16.287597,1.5309039,0.12116917,-0.013412971
1701,5.7451856,-0.13468023,2.9937548,1105.6121,43.068201,1.7358283,-0.76323706,0.03655481
1702,2.4640759,-1.1479247,0.77412523,1065.5518,11.053866,1.8168648,0.82683834,0.012614829
1703,4.3470797,0.19678108,2.9464731,1132.9853,18.846383,1.5935069,0.93171889,0.029177963
1704,6.192887,-0.90845694,1.0490604,560.16698,27.286217,1.4420106,-0.96028684,-0.040646543
1705,2.2884173,-0.24680834,0.78284903,1007.0849,28.104581,1.5441467,-0.76048277,0.013415781
1706,3.9369589,0.63948253,0.44371327,1658.729,8.4773034,1.8790651,-0.64383276,0.049118555
1707,3.3586494,-0.84839836,2.0092447,1051.3516,12.906052,1.7664698,0.52041111,-0.042693483
1708,0.82256359,0.22680085,0.90702338,892.87705,15.034299,1.7114297,0.97054764,0.0429531
1709,3.7800547,0.5791144,1.9739708,1912.9326,25.432969,1.8266215,0.036969836,-0.033227692
1710,6.1269804,-0.036621054,1.2204054,977.25507,28.809883,1.4773576,0.63786386,-0.044194203
1711,1.7744348,0.0064976416,1.7439302,1255.4713,33.862314,1.6629263,0.9310073,-0.013780761
1712,1.1055978,0.65563189,2.7607746,776.51128,42.879219,1.4392729,-0.90739479,0.024234023
1713,0.72682644,0.55857327,0.46852729,2437.1511,23.310727,1.8947861,0.2396618,-0.027703878
1714,1.4954704,-0.97996968,0.33477889,1721.352,9.0019477,1.6944582,0.53905923,-0.0060933521
1715,3.5350635,0.52807422,0.70707629,1590.6353,9.9743481,1.7108085,0.11633765,0.027892906
1716,4.6409742,-0.22675917,0.76510557,947.65071,10.939963,1.5681775,-0.84743937,0.019202501
1717,5.3916438,0.13765389,0.13603023,1215.8228,32.621103,1.7290309,0.2722185,-0.041975615
1718,0.33089759,-0.023251563,0.74736862,1419.3885,17.096292,1.7163704,-0.085395883,0.04175297
1719,1.0276273,-0.57039632,1.536884,211.7166,6.2711858,1.4211307,0.27734592,-0.017664449
1720,3.9723073,0.28910256,0.45072636,890.81902,11.662196,1.5442823,-0.043096594,0.033432144
1721,0.83686683,0.6503298,0.53951012,1516.7805,34.239108,1.8086577,-0.067083,0.0056290779
1722,1.1888945,0.35107382,1.2448826,251.92506,5.7972952,1.5543809,-0.1778433,0.0088496237
1723,4.9979672,0.89251925,0.33620722,650.05407,10.535435,1.5219567,-0.46511012,-0.037200593
1724,5.0214808,-0.12935686,2.0020642,317.95528,6.8731817,1.2963215,0.29034845,-0.046558424
1725,5.4176206,-0.047612692,0.88223784,1324.0649,8.2538371,1.6197152,0.14686342,0.0050865931
1726,2.7569143,0.53703834,0.97864588,1459.0124,6.7521173,1.8589976,0.98489766,0.0026098266
1727,5.4069199,-0.46403626,2.2929416,1210.9918,6.3055935,1.5241433,-0.38981428,-0.036385417
1728,2.0736623,-1.2560501,2.4763552,1046.3761,6.0935313,1.5584052,-0.0025672487,-0.0090785827
1729,3.8973915,-0.5182436,1.0876949,343.94832,7.2183316,1.2664838,-0.39268931,0.0083978052
1730,2.1006436,0.22593677,0.92012155,1951.1533,8.2231742,1.7105326,0.91141668,-0.031333312
1731,1.8687028,-0.15805443,2.5380878,857.67683,6.561492,1.7002243,0.33467125,-0.045173618
1732,5.9989069,0.75463899,1.792814,882.22146,27.624327,1.5892354,0.91296358,-0.030629247
1733,2.6649686,-0.98686509,2.9108366,1515.0355,19.467267,1.5669442,0.21975009,0.013967448
1734,5.6319935,-0.046502852,2.0554215,646.44937,10.689903,1.5711056,-0.36900103,0.033741395
1735,5.7750507,0.10161012,1.0116929,1987.294,12.513671,1.7989135,0.82627116,0.046905816
1736,3.9192684,0.33487937,2.7745901,813.93899,6.1646934,1.7272102,0.29340382,0.028945209
1737,2.0685749,-0.3154877,0.51194206,1861.0508,35.196951,1.6230963,0.33230732,-0.035152629
1738,4.1567639,-0.28239245,2.738156,1155.0748,12.952833,1.7873588,-0.3779583,0.032943589
1739,4.4215683,0.0049592649,0.60729466,1180.4714,6.6629359,1.7374723,-0.16584026,0.0081754011
1740,0.89730539,1.2758201,1.2063519,1066.1173,6.6299602,1.6759057,0.42827382,-0.044915584
1741,2.9932586,1.1714873,1.8533176,561.22869,12.934063,1.614322,0.7653561,-0.009195755
1742,5.4991584,1.1584595,1.08195,915.01759,12.726687,1.4983498,0.49124335,-0.024385937
1743,4.6030876,-0.65171698,0.29299158,756.30817,8.5062927,1.5225047,0.13479647,-0.0083563356
1744,5.7415992,0.38282236,0.72393824,2138.6692,6.9835817,1.9527535,0.95941374,0.044641056
1745,5.1665502,0.11290217,1.1304329,1178.465,19.9822,1.6407084,-0.24408099,-0.029173233
1746,2.537289,1.0203335,0.23761332,2030.9615,10.88211,1.9692618,0.56019111,-0.04573176
1747,3.2892524,-1.2346311,1.2559425,686.6831,10.638013,1.4521662,0.66561286,0.014687492
1748,1.3201066,-0.89442959,0.59441178,1597.3609,17.697857,1.9245271,-0.48770547,-0.028841697
1749,0.050561623,0.48813634,1.1414901,439.14409,6.3716058,1.3567595,0.46866986,0.047440937
1750,4.3506375,-0.18126339,0.662716,180.39864,6.8569379,1.2503966,0.52901947,-0.018138914
1751,1.8413635,-0.098765751,2.8466627,1328.0159,12.244561,1.5983117,0.29768818,-0.013717946
1752,6.1663472,0.72066164,2.6016182,833.45457,10.517009,1.5356699,0.40764628,-0.048799312
1753,2.1965644,-0.19256714,1.0766985,660.88765,17.598536,1.4514655,0.22216284,0.016291434
1754,2.8020066,-0.4787373,1.0062585,238.0507,9.2327061,1.3955467,-0.32254158,-0.0014043824
1755,0.19540133,-0.43479274,0.50071623,1854.3097,9.2129433,1.830532,0.87167027,-0.023836328
1757,6.0669353,-0.77627297,0.33674411,1072.4652,32.621105,1.7758518,-0.40083991,-0.019121416
1758,5.6575054,-0.32502146,0.59604164,660.35182,12.351265,1.520769,-0.41041406,0.017139568
1759,0.73497034,0.30797684,0.65423195,856.04201,6.5856402,1.4105622,-0.017620117,0.013906526
1760,0.23397558,0.45780256,2.109041,673.43193,14.24589,1.565358,0.6964627,-0.0048989569
1761,1.2363237,0.69694809,0.99038275,566.30539,6.8173227,1.4124465,0.32717159,-0.04905566
1762,6.2229372,-0.88435614,2.8025198,1456.8745,12.175603,1.6960547,-0.14806911,0.0049953098
1763,5.3870313,-1.4699811,2.6964289,1459.7008,18.391369,1.7185664,0.48991444,-0.022047329
1764,2.7560461,-0.77447099,2.0737945,933.94871,26.072604,1.6843919,-0.67098028,-0.018814105
1765,0.53879988,1.0640478,2.7007721,1429.7869,24.637105,1.6018781,0.13006718,-0.0018662349
1766,4.503669,-0.52305213,0.93474438,965.72806,7.3057258,1.5779925,0.79744449,0.016190728
1767,0.11436681,0.27661748,1.8403227,694.38878,10.532167,1.4512078,-0.10387542,0.025888839
1768,3.1992294,-0.71432537,2.2857673,3561.5385,29.072382,1.9342815,0.90279833,-0.025324916
1769,5.8891629,-0.58286098,2.4945864,621.20728,6.2368154,1.5148658,-0.67245915,0.017721315
1770,6.1367767,0.83715483,2.976384,881.27689,10.047282,1.501545,-0.10646101,-0.0015799819
1771,1.6863412,0.25927553,0.84502786,794.43002,6.8911728,1.3718968,0.28021596,0.011060811
1772,2.3906775,-0.62436088,0.36315574,885.70426,8.4810791,1.4576252,-0.83691115,0.046217915
1773,1.3606986,-0.709505,2.9483946,1426.4858,7.3630927,1.7011347,0.23959711,0.0091671934
1774,4.9895477,0.16908201,2.9078283,1106.1363,8.6330015,1.4849361,0.78086011,0.026743049
1775,1.4299624,-1.0497894,2.977906,380.16974,7.6693811,1.4123709,0.097458111,0.0072909498
1776,4.2038464,0.70456675,0.43691555,828.51505,16.632768,1.4398206,-0.83041962,-0.016311021
1777,4.204075,0.72729416,0.75881371,680.28884,9.1360475,1.5545265,0.57598343,-0.030053659
1778,3.0487708,0.23937296,2.8634716,239.07746,8.1806209,1.3690529,-0.3038855,-0.006440765
1779,2.718017,-0.50926292,2.5415379,268.16732,10.555945,1.4595704,0.11591842,-0.030094409
1780,5.6587286,-1.0343622,0.14849688,1570.6776,6.5497223,1.7560989,0.82533685,-0.036394754
1781,3.2509713,0.16242415,0.37199566,488.59907,16.726377,1.3716507,-0.87508193,0.049966471
1782,2.1712747,0.27284033,1.9105612,641.36215,13.039405,1.4204733,-0.49733401,0.0038566063
1783,2.4275053,-0.47933392,0.31288489,1225.3847,7.9917833,1.637693,-0.014685886,-0.0019395981
1784,6.159739,-0.39559192,0.60183008,1401.074,13.344747,1.8283299,-0.80177923,-0.031428893
1785,3.398741,0.48388683,2.0628045,595.0546,39.006153,1.4670909,-0.89203178,0.0062379715
1786,4.3713478,-1.3004008,2.5879079,1681.1495,28.201796,1.8671261,0.26348076,-0.0045484131
1787,5.1475976,0.48462712,2.3838711,954.31155,10.148367,1.5930164,-0.71591678,0.0071075311
1788,2.4539786,0.64776084,2.210683,1013.9948,9.9784032,1.4599699,0.63168887,-0.038070009
1789,2.0812753,-1.0773543,0.33155964,935.64048,7.4832284,1.678156,-0.49417705,0.046735271
1790,0.67011009,0.13010468,0.2633865,1262.0388,60.832259,1.7809234,0.034456191,0.049110555
1791,0.39038439,0.43406948,2.413987,1184.965,11.17603,1.6785601,-0.37713695,-0.0052487955
1792,3.8751248,0.62316081,2.6660385,2419.0666,18.291122,1.9938951,-0.24923393,-0.0018384836
1793,2.0482076,-0.88984479,0.5638318,627.07003,5.7112773,1.4193641,-0.90511811,-0.017994012
1794,0.949619,-0.03429716,2.6575784,1441.0501,19.894778,1.8066159,-0.75145883,-0.016947467
1795,4.0474396,0.26400226,2.7267986,1621.856,16.809236,1.8646734,0.90596922,-0.0090846714
1796,0.010766968,1.1504186,0.63169382,1430.5908,7.8279807,1.797043,0.55266962,-0.024773954
1797,4.9886076,-1.1899143,0.99542154,143.51312,13.658161,1.3918261,0.7448294,0.042206341
1799,3.7469789,0.33835429,2.2476452,472.11927,32.085,1.4389798,0.95904071,-0.030487638
1800,1.2875554,-0.48365944,1.0928085,569.74059,10.208186,1.7360395,0.53298709,-0.0010692689
1802,2.620927,0.44889504,0.53331369,1804.1199,16.446675,1.8913585,0.7299578,0.01155254
1803,5.4184604,-1.1248853,2.350567,1155.1719,20.166209,1.6825419,-0.043004979,3.4299627e-05
1804,1.8241962,0.61694312,0.40871433,1965.8079,12.829847,1.8067716,0.63997682,0.042852257
1805,4.5670234,0.020076028,1.0540766,720.05812,6.9882655,1.5085706,-0.75153677,0.00016460588
1806,6.1425291,-1.0683565,2.72638,892.0154,9.8662141,1.7382061,-0.56215647,-0.0056469574
1807,1.8726136,-0.46687545,0.81808939,3378.1109,41.209238,1.9841484,0.68092639,0.024911355
1808,5.6846523,-0.45539004,2.8940518,1591.5104,15.157316,1.7803528,-0.46499326,-0.018303853
1809,1.0084459,-1.3686815,2.5616652,1996.2088,12.055978,1.6694953,-0.2785381,-0.0075913884
1810,0.94096886,0.57981187,0.74440428,1435.1958,18.551427,1.558454,0.51549779,0.0051631451
1811,6.1932171,-0.24115652,2.7394997,993.69626,18.135482,1.5577247,-0.85760118,0.0071879987
1812,1.1465232,-0.82414005,0.91534455,595.79258,6.9365471,1.4261163,0.14455169,0.034326523
1814,5.7399006,-0.94354853,2.0356653,1600.4166,13.326712,1.6483016,-0.17721162,0.040224879
1816,3.663912,-0.21623003,2.4400619,925.9491,31.883483,1.548975,0.25821819,-0.010749599
1817,4.7124884,0.8546323,1.2549482,650.27752,5.977496,1.5444441,-0.84347971,-0.0018653537
1818,5.1838014,0.14879071,0.79241363,532.78916,32.187372,1.5157475,0.24947749,0.026911462
1819,0.66817125,0.17468688,2.6406653,521.86068,5.8243629,1.3797593,-0.44075456,0.013455626
1820,0.43377351,0.12478112,0.17364845,648.48492,8.5506244,1.4844294,0.29425548,0.040039908
1821,4.23108,1.0199447,1.7817488,728.59282,13.353174,1.5374432,-0.96142464,0.037974983
1822,2.6963028,1.1208624,1.867104,1360.1725,8.2666332,1.7766013,0.95439463,0.016905589
1823,2.5347586,-0.89389338,2.1798351,1114.789,23.667787,1.6358091,0.84180162,-0.044430295
1824,2.9214697,-0.17020334,0.069256512,423.66402,8.4296164,1.3504335,-0.44706403,0.049792183
1825,3.4900958,-0.63729584,2.5326688,1121.4399,12.445017,1.665376,0.84581816,0.049399553
1826,0.70848796,-1.0795235,1.192299,869.49305,6.5888836,1.3925501,0.94792455,-0.00030780352
1827,5.3425395,0.74561939,1.0425704,1384.4915,8.275743,1.6987636,0.076146287,-0.04366307
1829,1.2638569,-0.85966532,0.51884835,2723.2204,21.846384,2.0423119,-0.61458138,0.0059566259
1830,3.1462759,1.0513174,1.4201939,1060.9687,9.4551592,1.7002632,-0.1989515,0.010813455
1831,5.6568846,0.98321088,1.0921914,1992.0074,15.545197,1.971236,0.40543421,-0.0019466587
1832,1.5566445,-0.14354577,0.68110496,2448.4192,51.464012,1.7638412,0.71567413,-0.049972263
1833,3.0308097,0.70696556,1.5360599,995.48999,8.974484,1.5254622,0.55902849,-0.0075244849
1834,1.3661802,0.50335339,1.6303474,613.40021,6.9705587,1.3575953,0.27437779,0.01632246
1835,6.222947,0.48977271,2.2267855,1215.9041,35.049211,1.784999,0.63998742,-0.00057760666
1836,0.87966847,-0.713813,2.2265258,1152.6135,13.19673,1.6233187,0.63700987,0.0482273
1837,0.49426586,0.78673703,0.34663064,2356.1351,10.115796,1.9385886,-0.79891507,-0.003348384
1838,2.3727422,-0.61640364,0.50150444,1358.5438,6.8669667,1.8987661,0.45354036,0.0074487089
1839,5.5184043,-0.82520812,2.8731896,1139.8624,40.07434,1.5929929,-0.81726056,0.013637585
1840,6.2224904,0.49931351,2.2975532,1035.5832,6.7345331,1.6993166,0.56204644,0.0089351225
1841,4.0417281,-0.58839963,1.7575412,1271.4617,21.132341,1.7196749,0.76875395,0.0044243708
1842,2.0157057,-0.04035714,0.89045422,224.42052,7.2198176,1.4269082,-0.70060998,0.019469067
1843,0.48548665,-0.35328014,2.8229646,1112.2762,33.670407,1.819272,-0.43141923,-0.0098076813
1844,3.4280114,-0.35838348,2.2716752,1066.3365,14.496003,1.427277,-0.6995888,-0.025436572
1845,0.46729558,1.3320581,2.6373845,2278.5459,20.829212,1.940945,0.70594807,0.0018431558
1846,5.1734256,0.60407571,3.0148173,1749.0367,10.930786,1.6765027,0.21984859,-0.046358822
1847,3.1007058,0.70849457,0.75136378,541.23536,16.161771,1.5250208,0.57769627,0.0080777927
1848,4.2690011,-0.095120242,0.62095216,1418.4113,25.416789,1.7233782,0.61856045,0.026883046
1849,3.926001,-0.47475023,2.6502892,803.64128,10.734486,1.5354571,-0.082648913,-0.025605406
1850,5.8561936,1.1696952,2.058796,255.74039,6.8987611,1.3759726,-0.4808631,0.0090737067
1851,4.6918455,-1.1266332,0.6514383,2619.5022,13.819087,1.9913136,0.8810378,-0.032290215
1852,4.9075761,0.24292301,0.70114183,1823.631,10.460732,1.7221531,0.14007741,-0.034962881
1853,2.9163811,1.0604603,2.4260855,707.7971,6.5211102,1.3182068,-0.90208083,-0.036876073
1854,1.1886995,0.07464779,0.64092372,672.90912,13.580133,1.5345201,-0.17299724,-0.00059723339
1855,1.5891543,-0.6300939,2.5727748,600.86356,10.872937,1.6455302,0.20937282,-0.024081932
1856,2.5098788,0.77930232,0.4609494,653.51557,6.288699,1.5746376,-0.56548797,0.031556812
1857,1.4662223,0.19557476,2.5550304,577.0384,8.6982756,1.3945476,-0.8572194,0.032095347
1858,5.0909448,1.0988705,0.31962382,383.45368,6.081307,1.4385856,-0.074978999,0.031603669
1859,3.0350892,-0.25737185,2.5348367,427.44571,11.246741,1.4431575,-0.76351123,-0.040274472
1860,4.5953349,-0.62919815,0.45753056,1671.5387,10.017892,1.789786,-0.53494213,0.0097610447
1861,0.26192547,-0.87609884,2.3820556,927.57182,6.1377926,1.5915892,-0.51132441,0.03187
1862,6.0741261,-0.17107247,2.435288,962.3113,16.301543,1.4298809,0.17153831,-0.011724785
1863,1.8517685,-0.44836281,1.6720287,644.58379,8.0526756,1.5195748,0.71962335,0.049182463
1864,1.1898485,0.96031541,2.3947386,1373.904,8.1986224,1.6271422,-0.88121347,5.0440642e-05
1865,6.1045707,0.89598907,2.6803783,560.47253,25.945371,1.4613585,-0.0019022246,-0.036640395
1866,4.2955197,0.38892563,2.4849577,2041.8441,9.6123378,1.8355159,0.17452089,-0.034094949
1867,1.296689,-0.73930549,0.31220596,1233.3726,8.2372472,1.5717995,-0.75076443,0.0060983761
1868,5.1077788,0.92673661,2.0878865,2167.3354,38.491303,1.9453993,0.70045065,-0.044694752
1869,1.9802399,-0.98494053,2.7720713,1017.4814,17.80608,1.5867409,0.61254833,-0.032245044
1870,5.7491541,-1.145442,1.0447519,1132.3406,8.3044976,1.6675558,0.45862551,0.048880099
1871,1.3043845,-0.37811835,2.532016,1166.1588,13.360628,1.5104541,0.51561569,-0.041835896
1872,0.082665977,-0.63097595,2.3307703,1052.7117,7.9790993,1.6771663,0.38903354,-0.0099351435
1873,0.68233209,0.49132997,2.7552685,2262.1513,21.097296,1.8356298,0.10104713,-0.049481423
1874,4.079945,0.76354743,0.17127945,1853.6103,13.91229,1.6118948,0.63635265,-0.022496269
1875,2.3367818,0.29768637,2.7546705,1262.8134,28.43342,1.5618729,-0.46580866,0.048439957
1876,5.6438674,0.12925451,0.73385166,1615.0056,6.5873224,1.8663084,0.096442866,-0.03735806
1877,1.9025467,0.65139845,0.71017165,320.49465,10.220873,1.3876569,0.32505272,-0.040846321
1878,5.0345295,-0.10528752,2.3307377,565.78974,6.6181419,1.5678389,0.48977328,0.010622136
1879,3.1276087,-0.30555751,0.59715973,1152.4832,19.033135,1.5479774,-0.36421847,-0.017091102
1880,1.8542724,0.39302406,0.16075327,1451.962,11.345371,1.7009531,0.86260832,-0.02187662
1881,3.8054228,0.94453367,0.6000029,545.53774,8.366181,1.4053713,-0.5647496,-0.040016045
1882,4.7642129,0.090255417,0.80605413,1201.3148,7.3344462,1.4533255,-0.37418819,0.012424242
1884,3.1509401,0.78243513,2.3645702,1543.8651,45.012058,1.436211,0.27392548,-0.041419799
1885,0.5003835,1.1879521,0.45477358,1425.7912,12.404556,1.5853318,0.91159196,-0.02992699
1886,3.5799636,1.374082,0.5117009,2565.8131,57.125037,1.7032358,0.54789345,-0.025749079
1887,1.6249087,-0.097907355,2.4104035,1269.9616,13.207885,1.8572163,0.8860989,-0.010441969
1888,2.7728961,0.76438089,1.8308008,929.88666,14.764231,1.6193432,0.82018196,0.042819773
1889,2.0912894,-0.19900052,0.83651315,798.99285,25.63154,1.7346072,0.25214907,-0.032961819
1890,1.0321468,-0.27632835,0.74596776,456.33085,8.2344253,1.4847708,-0.66147982,0.036950269
1891,4.2529235,0.25959981,0.70027682,1382.1917,15.742429,1.9568183,0.63030098,-0.016732023
1892,3.536524,0.50087491,0.8306058,1303.7634,25.828972,1.576062,0.2601819,-0.048473003
1893,1.5485408,-0.23339404,1.3302971,597.55482,17.574384,1.4069171,-0.68844565,-0.043075074
1894,5.2973018,0.28639916,0.61776645,1695.1599,9.9043479,1.611913,0.94363804,0.03480814
1895,3.3574104,-0.67682901,1.880102,414.07921,8.2917832,1.5944249,0.84536923,0.017544315
1896,3.02959,1.4314307,2.3340038,160.88518,13.073284,1.3756215,0.28515624,0.0083045351
1897,0.64192912,0.73756302,2.6011802,2501.6368,14.468362,2.0259771,0.83592015,0.021724121
1898,2.4680601,0.26665724,2.756284,2065.729,6.9532455,1.8751019,0.79150639,-0.045577345
1899,4.348073,0.88282223,0.31009235,1431.2702,17.499822,1.7310087,-0.63440913,0.043762739
1900,3.6352358,-0.81293194,1.1584001,512.05092,6.9333001,1.2502913,-0.50076618,0.037464972
1901,0.4743211,-0.58819906,0.48618388,1363.2718,44.644008,1.6311623,-0.27214734,0.042949598
1902,0.8525408,-0.30578915,2.278776,957.18686,9.2651661,1.4577873,-0.18310988,0.0027393975
1903,6.1681908,-0.83250762,0.43519796,386.20753,6.13462,1.5645083,0.041249335,0.0044165064
1904,0.19380698,0.66234612,2.1572746,774.70399,9.2781016,1.324305,-0.55458323,0.0015521822
1905,4.1738645,0.04661911,2.8794855,812.66317,8.5417337,1.4424604,0.079153513,0.042490796
1906,2.5626577,0.82520031,2.4868393,532.10397,30.388914,1.4929612,0.60750907,-0.0040016491
1907,1.2270588,-0.35599825,2.3841758,984.58569,10.134842,1.6803665,0.79902686,0.040621061
1908,0.42728549,0.55629482,0.46995537,241.2102,8.6920931,1.4371563,-0.16242771,0.038983463
1909,0.78754484,-0.19506075,2.1762431,1284.2554,23.989727,1.7485248,0.50713829,0.030111875
1910,3.113215,-0.65720613,0.88103236,1202.6348,7.5676488,1.4858824,0.18622779,0.0023445725
1911,1.2853258,0.17486615,0.4502106,2845.2223,10.326273,1.8987391,0.84325054,0.041527857
1912,4.210363,0.80068972,2.7342493,2494.5652,20.24461,1.7063194,0.61808473,0.022195921
1913,5.8925202,-0.5293513,2.4845275,1615.5989,8.086013,1.7053765,0.91841304,0.0057062458
1914,5.8304046,0.23872068,0.92714665,718.75328,16.00423,1.494879,-0.4442714,0.03088458
1915,5.9571926,-0.61599531,0.40458986,1517.8262,8.1421115,1.8058873,-0.10369655,-0.039718029
1916,5.1261958,-0.90656607,0.70737847,2221.8493,10.067023,1.6746869,0.9163176,0.011210779
1917,2.8937894,-0.56885559,1.92657,931.33081,41.386867,1.7088377,0.21169321,0.0173184
1918,4.7642061,0.85701467,2.4190396,2038.4635,35.930725,1.9328902,0.81802197,0.0091515725
1919,5.0253491,0.87783243,1.2697462,1268.9004,10.002053,1.7413953,-0.096104479,-0.021752524
1920,2.3155014,0.84559312,0.78105664,931.44238,13.608279,1.4984828,-0.42152568,-0.0099110015
1922,2.9612167,-1.1848974,0.3851885,1684.7909,13.297327,1.7166453,0.8246449,-0.011911008
1923,1.666806,-1.1645917,2.3682421,1210.4731,8.9408307,1.8249552,-0.45019609,-0.021180905
1924,1.5713505,-0.39536492,2.2994278,760.18646,10.561972,1.6002686,-0.50902122,-0.0071436908
1925,4.2633121,0.15157676,2.6728138,1772.0831,13.06338,1.8280226,-0.45809539,-0.013805979
1926,1.8076967,0.53841514,0.68070312,1456.6619,12.96238,1.6271068,0.12757787,-0.028932562
1927,2.2127062,0.41018768,0.6571473,1719.0336,9.0790855,1.757624,0.76588793,0.027787263
1928,5.4656842,-0.65284844,1.069734,389.10803,6.7388479,1.5477082,0.49720798,-0.0034952652
1929,2.8521293,-1.3246298,3.0725925,918.05875,6.6755415,1.6544264,0.53402502,0.034507239
1930,1.3796623,0.36012573,0.65538633,2478.915,16.483417,1.9528279,0.36604421,0.030431087
1931,1.2877938,-1.1114922,0.88313486,861.22641,15.160242,1.4194802,0.63721302,-0.014248218
1932,1.5719343,-0.14986383,0.91301851,1808.7954,13.82581,1.8264735,0.3689703,-0.047681922
1933,6.2623544,-1.3705354,2.5125325,1312.2678,8.9309866,1.6360237,-0.28887808,0.0088869753
1934,3.8731555,0.93838776,2.6214015,1219.7614,7.2818335,1.6703914,0.34576341,-0.04817161
1935,3.2128855,0.36156966,2.3883093,718.61138,26.263294,1.5173735,0.050361901,0.01736195
1937,2.0847631,-1.0428637,0.85263231,831.05369,19.439134,1.6167463,0.68355237,-0.016675958
1938,3.928351,0.41283565,0.4630328,1380.5227,6.8094491,1.5641283,-0.11373248,0.029645421
1939,3.7633089,0.27939664,0.30227586,1820.0044,9.5761913,1.6264067,-0.83331486,-0.020152885
1940,0.69371957,-0.045498333,2.3505962,843.6551,27.827471,1.4256772,0.40953508,0.013176877
1941,5.1894489,-0.30042928,0.92372109,1677.1497,13.8294,1.768545,0.69166212,0.047049905
1942,0.78512971,0.60539405,2.7292984,1167.547,12.262165,1.5842053,0.21388025,0.028339357
1943,0.52446719,0.30259406,2.3883347,826.26256,6.438901,1.4850175,0.87921822,0.015042402
1944,3.7441769,0.76185077,2.9159128,1809.0005,15.65035,1.9945327,-0.4761783,-0.034923116
1945,2.5093576,1.4793637,0.44611899,1163.1647,6.2023539,1.5752643,0.32243875,0.0062939767
1946,2.0142079,-0.46692858,0.5748315,1261.1952,10.314144,1.6184256,0.81753088,-0.040087339
1947,5.4056468,-1.1674217,0.79396667,743.77794,8.5820275,1.6427228,-0.66707417,-0.034667366
1948,0.57174993,0.86060126,1.371973,742.01134,7.9454269,1.5425073,-0.12970544,0.022058515
1949,5.983793,-0.94437344,0.29475321,1392.1077,18.675516,1.656471,0.44068215,0.0034660806
1950,4.5657856,0.37759047,0.65235398,962.92346,16.034705,1.7643315,-0.75559293,-0.03392006
1951,2.4980306,0.34264967,0.21640741,1349.2388,8.0161054,1.7695273,0.66592702,0.01158495
1952,3.5749561,0.46742638,0.76832133,894.82037,9.7110163,1.5716644,-0.51827281,-0.025817943
1953,0.99555975,-0.049111772,2.3118729,897.96033,10.491923,1.6452095,0.1485548,0.0064601396
1954,1.6344656,1.1217441,0.67959646,985.49641,11.256993,1.7464003,-0.31645308,-0.045755562
1956,1.4457771,0.55566342,0.56012298,1098.2115,7.935657,1.6949539,0.47028594,-0.025054758
1957,4.5148433,1.4906037,1.0142377,624.69115,7.6899539,1.4335459,0.17030641,0.034569635
1958,3.4800929,-0.53670049,2.8098283,1270.3211,19.699386,1.8284563,0.077120141,0.026344321
1959,4.0553636,0.63413874,2.2538049,1432.4395,41.602126,1.6623865,0.71067954,0.03266372
1960,0.039991137,1.3686358,0.79478218,872.82679,10.892274,1.5158945,0.14153088,-0.010915363
1961,0.86576343,0.42754312,0.54796299,1950.8556,15.146687,1.9448815,-0.78042768,0.011122473
1962,6.2395463,-0.13932608,1.0247319,791.54327,7.9743727,1.6186175,-0.96969136,0.0084736197
1963,0.91160654,-0.52784948,0.94873627,1474.3871,7.0309512,1.8328427,-0.27304846,0.0051191066
1965,0.3973572,-0.28729769,2.4524153,1146.8944,13.709379,1.7494218,-0.64405233,0.015289247
1966,5.7868634,-1.2537883,0.50260776,758.41839,13.173038,1.420484,0.55201277,0.0092929567
1967,3.1876446,1.4430621,0.33166721,1091.7546,30.310887,1.6462873,0.56616834,-0.033377112
1968,3.1699469,0.36732689,0.39948683,1227.6477,17.995272,1.8008533,0.35548492,-0.044201449
1969,5.4946531,0.55075293,0.89377365,620.44602,10.705341,1.6004235,0.52789223,-0.01734969
1971,1.949746,0.41045445,2.5835438,1496.4133,10.005665,1.896053,-0.51514597,0.020176896
1972,0.35223849,-0.76396235,2.625398,3035.5356,10.738171,1.8651909,0.48628906,0.0030073063
1973,2.9975006,-0.14546986,1.3417321,580.38311,7.198303,1.5531547,-0.46928078,0.039372158
1975,3.8134917,-1.0916235,1.1390054,871.54596,24.450446,1.6074597,-0.23229953,-0.049132253
1976,1.2518842,0.10633748,0.28284115,2149.1681,30.312353,1.8178195,0.81873694,0.011329637
1977,0.40365642,0.25853386,2.5475276,828.02994,19.456866,1.7044255,0.13727557,0.027115825
1978,0.90182197,1.1541939,0.11681396,841.3664,24.897617,1.5335053,0.8218716,0.038090555
1979,0.86236591,0.87402196,0.35147838,529.46498,6.0273625,1.4056209,0.71233575,0.013790826
1980,6.1775552,0.25463683,0.46605409,1091.0224,20.887238,1.6888998,-0.20392568,-0.030133735
1981,3.3320444,0.45722079,0.38508804,2892.9174,12.343184,1.7560471,0.46540795,-0.020754059
1982,4.0055502,-0.5523883,0.88883329,798.3655,36.230009,1.4608721,0.66188089,0.046619659
1983,4.1694125,-1.1284753,2.9054401,763.72555,6.5977899,1.6517316,0.49362767,0.008233146
1984,0.7818059,-0.31635701,2.9845668,893.42557,9.4526329,1.604315,0.55198678,-0.001496826
1985,5.1120943,0.52319575,2.707987,538.13026,6.525231,1.3942301,0.29812632,-0.037413908
1986,4.0454117,1.2164789,0.55641015,1609.4105,20.744224,1.9679075,0.47059216,-0.0053128222
1988,4.0481646,0.51025354,0.50219111,1509.8135,8.6701995,1.7330909,-0.098261295,-0.018620046
1989,3.9862421,-1.1341582,2.6761789,2093.585,13.815842,1.9193261,-0.57342084,-0.029555439
1990,5.803416,-0.48465856,0.56294179,690.90686,7.5661584,1.6341373,0.37277707,0.033039968
1991,0.39065541,0.63043691,2.8689139,1620.4792,9.0043315,1.7599845,-0.60635415,-0.040471701
1993,4.0000223,0.11484102,2.9154594,185.81639,7.5194482,1.2927925,0.44981455,0.042354203
1994,0.54969091,0.46725839,2.6316859,1942.4016,22.901426,1.7743387,0.73713805,-0.044301885
1995,2.793778,-0.44416946,0.44417345,2574.772,65.712019,1.831429,0.71439019,-0.02583723
1996,2.504986,0.4872655,0.98992459,1206.7401,7.6847402,1.7892311,0.76681881,0.033834593
1997,4.6196877,-0.034910721,2.6126012,1938.8933,52.357393,1.9528817,0.17791537,0.0055652076
1998,1.1223433,0.49049933,2.2762917,371.40346,6.3692325,1.4992801,-0.54659807,0.021662111
1999,4.6372531,0.13944752,2.372541,665.71434,6.6172638,1.5245045,0.79673993,-0.040795933
2000,2.7651353,-0.35418067,0.12529511,1901.9589,14.34708,1.9210667,0.19324671,0.037738601
2001,3.8465556,-1.1862023,0.98173155,462.33081,14.844383,1.4492676,0.049453838,-0.02937563
2002,4.7282786,-0.0031145288,2.2891987,855.75967,7.7443089,1.4739919,0.30072996,0.00081206577
2003,4.2279145,-1.3760698,3.097588,1629.3182,14.980907,1.8273912,0.2569113,-0.0035417792
2004,4.0360645,0.088786497,0.77112804,924.84968,6.0871003,1.6184659,0.91755224,-0.015424094
2005,4.2224118,0.71276745,0.95999593,728.68885,16.745457,1.3888566,-0.83305423,0.040456193
2006,5.0203402,-0.30921296,0.92903608,1251.5148,8.8176515,1.7259108,0.20350267,0.017320859
2007,1.9242602,1.1271726,2.1170642,1405.9061,23.760301,1.7823609,0.93924107,0.024687734
2008,1.6261012,-0.62986141,0.51979699,679.0899,6.3295753,1.6413246,-0.79631657,-0.043598945
2009,4.492395,0.26170797,0.64964242,1350.5545,14.580288,1.6627257,0.74761824,0.021660909
2010,2.4566462,0.96791276,0.69732518,1274.8189,15.583807,1.5452434,0.61532894,0.00223681
2011,0.95687104,-0.43002055,0.61131211,1102.5109,9.753721,1.5435549,-0.21212798,0.014266805
2012,4.076538,0.21190924,2.3689591,1008.0436,8.3362166,1.5686289,0.66899957,-0.019599606
2013,5.4221973,-0.63594092,2.7314109,647.42711,14.762472,1.6152261,-0.16112174,0.035182733
2014,2.9332601,0.46758004,2.0972708,532.68325,8.2076207,1.5402829,0.44885376,-0.0055722
2015,5.7905804,0.34753212,2.923006,2459.5698,10.472534,1.7133201,-0.84297611,-0.015342892
2016,6.0456137,0.00044794132,1.0611334,460.53635,18.123372,1.6077343,0.78535815,0.025991317
2017,0.31435401,-0.25224728,2.0637912,553.71512,6.5842575,1.3842025,0.16028966,0.0055437545
2018,2.7406464,-0.56777879,0.13755881,628.84491,6.8143363,1.6038625,0.70756026,-0.0018878377
2019,6.0552811,-0.0095152795,2.7388347,1525.0055,18.755761,1.9718179,-0.97252757,0.044039356
2020,0.61839526,-0.10511219,0.96998769,519.42267,9.8544767,1.6223861,-0.92704055,-0.024948978
2021,0.47720074,0.63877422,1.2880313,1537.4089,9.326228,1.8185323,0.75366395,-0.025033614
2022,5.1937481,-0.32681387,2.2267811,809.09274,13.61074,1.7023793,-0.6379994,-0.026679552
2023,5.4863487,0.81492846,2.6819348,954.77765,15.605712,1.7411478,0.51263703,0.033771596
2024,3.9133086,0.59282604,0.79117888,456.75223,7.0393093,1.3710066,-0.29206315,-0.038727435
2025,4.2822792,0.94369528,0.53480634,969.37894,16.399368,1.6495415,0.82237175,-0.019918325
2026,2.6037028,0.3246006,0.94874394,1371.5296,31.05161,1.7113341,0.88228035,0.047940902
2027,5.705031,0.68843326,0.62244848,595.21035,6.87013,1.3532386,-0.80849828,0.020216205
2028,1.8490464,0.4223497,0.34842795,1354.7073,51.688651,1.7715294,0.91831168,-0.012851967
2029,2.5061768,1.0607427,2.6469382,1528.4887,15.149038,1.4387591,-0.25527291,-0.038644379
2030,1.7146097,-0.60723438,2.641875,622.08022,10.071872,1.5793149,0.70868577,0.046180845
2031,0.10129194,-0.28381355,2.6457227,979.65106,11.014343,1.5612976,0.77501004,-0.040991507
2032,1.4291311,1.0787396,2.3494089,447.13372,18.868293,1.5251381,0.77120215,-0.046583632
2033,5.5739971,-0.2409116,2.2849283,671.02462,13.35848,1.4252292,0.52202861,0.03953735
2034,3.3760939,0.35928322,1.1604773,296.58193,11.271889,1.4646176,-0.40603691,0.039302727
2035,5.8139355,0.59594597,2.843253,250.01404,6.4665043,1.3485811,0.56352812,0.049109941
2036,4.1260865,-0.74315068,2.7831568,1160.2634,9.134707,1.533907,0.28402828,-0.0020052305
2037,6.2365982,-0.067874895,0.28054487,1186.6003,8.709974,1.5644095,0.94969608,-0.0082316461
2038,3.8252032,0.4002061,0.079718744,1761.2376,8.0265827,1.7126628,-0.31783245,0.04986863
2039,0.55802177,-1.0070897,2.8112483,755.03077,7.0377705,1.5990991,0.95607327,-0.0021266538
2041,5.9646083,-1.1685886,0.75354771,670.77284,5.7352115,1.4406028,0.87901041,0.01945002
2042,5.9030337,0.27567989,0.4901731,1850.061,21.310911,1.9296503,0.79137309,-0.044023856
2043,6.0032704,-0.1651466,0.94058575,1165.2609,13.099581,1.6478823,0.96846596,-0.025332088
2045,2.6988621,-0.60453273,2.0931008,597.64742,9.8122154,1.3334017,-0.081398687,0.0049708594
2046,4.6662334,-0.44659443,2.1380377,544.20352,6.0787716,1.4314504,-0.49972766,-0.013566664
2047,5.7826425,1.2125333,2.1364385,830.73392,8.108345,1.5369098,0.71270019,0.028291909
2048,0.72268876,-0.47973838,1.2917812,753.18776,9.3483459,1.4721104,-0.51972615,-0.03124705
2049,0.88155049,0.92123908,2.5689598,1093.2775,13.778021,1.5887231,0.7929985,-0.023214968
2050,1.7474141,-0.015334891,2.6036687,1942.0003,8.5441533,1.8545778,-0.78483141,-0.0039970274
2051,3.9383605,0.053670058,0.55592267,1373.6501,32.776322,1.9240542,0.89146853,-0.047017772
2052,4.3077808,0.55848585,0.52400382,804.40419,47.946066,1.5848407,0.55505525,-0.025330919
2054,2.0117469,-0.90147704,0.51143893,1999.312,15.558238,1.8696289,0.23030295,0.0029275605
2055,2.5874951,-0.49957938,2.608077,217.52018,9.8686419,1.2216042,-0.7073942,0.014593412
2056,0.79935419,-0.76020711,2.779221,853.80133,12.170769,1.6931377,-0.85664502,0.02425656
2057,5.5815613,-0.79578389,2.7955507,1905.5308,22.504241,2.0225318,0.48884549,0.023725012
2058,4.880197,0.76541054,2.2873136,841.51887,23.568876,1.568741,0.17857858,-0.021299708
2059,3.5696462,-1.3134611,2.8953856,1642.8801,23.829068,1.7373121,-0.54757451,-0.044364317
2060,0.41834944,-0.22556786,0.74592029,708.4926,11.281346,1.6070445,0.73282488,0.02948193
2061,0.062304517,-0.37075442,2.6811858,650.90384,5.8369283,1.3681359,0.46680889,0.0058918685
2062,5.97572,-1.2928818,2.8527424,782.37318,13.054715,1.5011149,0.0036393043,-0.0033703566
2063,4.8122515,0.63829486,0.63919852,2524.041,65.745178,1.8611194,0.65543401,-0.03894947
2064,6.0329396,0.81313874,2.9660567,2112.6573,12.368571,1.7504198,-0.1057844,-0.037681127
2065,4.041456,0.93631105,1.3832796,797.05431,7.2900116,1.363217,0.038340666,-0.029046444
2066,1.7724609,-0.53167167,2.2988404,1446.8334,6.4452898,1.7622861,0.78440733,-0.012827123
2067,4.2970268,0.12219476,0.47945958,1168.8543,54.029809,1.5615763,0.35444711,-0.035986141
2069,6.1306261,0.20227903,2.8419194,1595.6074,10.567974,1.7882151,0.71053293,0.041795805
2070,3.5314543,0.95352883,0.34492811,1749.303,19.128524,1.9979682,-0.92484767,-0.017818808
2071,2.4716845,0.90382584,0.8442477,1099.0504,19.923029,1.4346953,-0.73367089,0.035710713
2072,2.275401,0.63249524,0.9689254,604.12652,10.569387,1.5314494,0.40031304,-0.014632521
2073,2.1585846,-1.3853087,2.2078838,119.98531,13.855441,1.2794786,-0.31292022,-0.013592611
2074,0.24891327,-0.97822176,2.2893575,679.45503,27.025913,1.6423712,0.28872851,0.0018496513
2075,0.63454771,1.2758736,2.3673936,1286.5544,7.4208159,1.5218946,0.91094727,-0.046709725
2076,5.7666086,-0.59422998,1.235209,135.60828,6.2418187,1.4389066,-0.12397961,0.029719502
2077,2.4730814,-1.0648023,2.0731649,768.86759,7.7002664,1.3892498,0.36558162,0.048319863
2078,5.272899,0.23126628,0.97709531,731.13805,5.793203,1.6180765,-0.83282108,-0.034553946
2079,5.0471529,0.46337074,1.5375411,955.95723,14.972409,1.6467743,0.71543208,-0.038113967
2080,5.1880126,1.1932914,2.6656051,1101.7417,6.3444286,1.6381357,-0.71976336,-0.0077272727
2081,3.4213615,-0.9820181,2.9177663,1448.7576,16.752308,1.5495315,0.92874296,-0.03798748
2082,5.2212773,-0.086356778,2.6821131,1461.6291,6.9376552,1.7984054,0.22032462,-0.03593034
2083,5.9911691,0.30738411,0.53660378,1219.6349,10.534827,1.8137504,-0.33158535,0.045827566
2084,1.2551749,0.84030149,2.0380988,1005.7634,14.000662,1.525596,0.57946099,0.046357123
2085,5.8717396,0.64510212,0.9792999,605.57237,15.691817,1.3898884,0.34586107,-0.029559647
2086,5.5999433,1.1906668,0.83247868,1246.025,11.816044,1.5687149,0.87165057,-0.042330953
2087,4.8316654,-0.70747964,2.351133,2328.4126,64.423581,1.941678,0.74102291,0.031447029
2088,3.1259232,0.46341266,2.1741571,1344.4928,18.755861,1.4776879,0.97276646,0.048747001
2089,5.806233,0.3802125,2.3877835,2082.3618,36.875572,1.9457268,-0.11974557,-0.021348677
2090,3.5787054,-0.22653975,0.47645795,687.51979,15.912652,1.5518272,0.37564748,0.013645858
2091,5.1591257,1.0389566,0.90821477,1008.9491,6.7726962,1.5450987,0.094360141,-0.039570525
2092,4.0933634,-1.2650839,0.85566203,811.04935,33.689065,1.4604374,0.66891747,0.016249205
2093,2.7072235,-0.18047312,2.2856336,652.67739,7.871629,1.5105574,-0.62701959,0.035665516
2094,4.00345,-0.5178734,0.69928104,823.8025,9.9072625,1.6698761,-0.23028176,0.003710223
2095,2.1359489,0.41552437,2.6183755,986.62104,23.273742,1.5176613,0.037034501,-0.015199558
2096,3.1104537,-0.4363395,0.40179319,1248.4795,6.8998767,1.7783745,-0.33566962,-0.021960665
2097,1.9422575,-0.46353823,0.56845657,1185.7159,40.868651,1.6904187,0.10414814,0.022357447
2098,2.3498861,-0.80065969,2.0576522,1404.5294,9.2287917,1.4755284,0.079391305,-0.03862819
2099,2.2609446,-1.1201462,2.5189822,955.39115,16.005477,1.7165508,-0.012011159,-0.044990602
2100,4.4552233,0.36538768,2.4500365,1401.599,8.0006827,1.433398,0.96281771,0.0083799967
2101,1.9729629,-0.85825975,2.901286,1279.7158,7.1181266,1.3978423,0.47812078,-0.046330541
2102,5.9647269,-0.90407935,1.2520661,767.04781,21.331096,1.7346294,-0.12440712,0.032741008
2103,5.9065973,0.57112187,0.16772765,1012.5168,9.2105397,1.6436308,0.35625737,0.020653169
2104,1.2695373,0.89417336,0.43531161,839.59489,19.958612,1.4829438,0.33300924,0.0071431617
2105,5.4604929,0.11014089,2.5144636,1047.8519,7.897288,1.50095,-0.68616691,-0.045440807
2106,5.2380121,0.1075653,2.9845308,586.50869,13.686619,1.4875131,0.58387902,-0.010916624
2107,5.4648225,-0.20265699,2.0915336,719.24004,9.9080697,1.5599469,0.57814414,-0.017881948
2108,5.7091658,-0.49435313,0.72743646,1056.6387,6.7803918,1.7904265,-0.95417267,0.0068888476
2109,5.6502674,-0.19204863,0.85559793,1310.6447,20.636827,1.6475223,-0.28069297,-0.043692872
2110,0.87101604,0.053958939,0.70682633,288.9694,35.537137,1.4988756,-0.15441679,0.027747936
2111,3.3770212,-0.14899258,2.1131886,1218.5236,16.445833,1.5988861,0.81331539,0.022647323
2112,0.52516432,-0.49714511,2.8516245,1539.5739,14.904607,1.8366984,0.91304351,0.04942651
2113,3.6787712,-1.1549886,2.3281733,1618.0319,12.696881,1.8319889,-0.86999059,0.027796302
2114,0.16463709,-0.55189701,1.922061,1275.9291,8.3399574,1.6577159,0.69850416,-0.010593581
2115,2.9801033,-0.79595208,0.84694867,1641.6724,18.783011,1.7020672,0.6353928,0.0050504843
2116,3.7326212,-0.18948898,0.63708192,1572.0332,8.6600874,1.7653548,0.55073836,-0.046538926
2117,3.7987317,0.65226589,1.1552513,1126.8172,20.188036,1.4979302,0.68161175,-0.017374007
2118,2.6369737,0.33944892,1.6578515,711.57377,6.9314083,1.4839636,0.87114502,-0.017684336
2119,2.3262364,-0.94896652,0.51333118,415.84089,12.661761,1.3546992,-0.011280388,-0.041090489
2120,5.1002434,-0.74458198,0.61300516,1327.5684,6.3940962,1.4685597,0.32818901,0.026030692
2121,5.9265732,0.86220732,0.7994642,1410.1042,13.003093,1.6322138,0.78928232,0.022637864
2122,5.7002076,-0.63294474,2.9327805,841.84206,10.56175,1.3673573,-0.17200121,0.018430642
2123,3.5334497,-0.9017625,1.8903837,300.5391,6.4689813,1.7188393,0.38933272,0.0016597136
2124,4.7836181,0.15107914,2.3941259,1069.0634,11.427709,1.5662811,0.040363557,-0.0055836541
2125,1.1283807,-0.2811505,2.7639551,1412.855,27.796166,1.7365374,0.087947949,-0.038294436
2126,2.8118728,-0.93182658,2.4511713,2146.1514,32.276108,1.87893,0.60211777,-0.043751473
2127,5.6719934,0.52170132,0.88877209,783.61806,7.5357116,1.468176,-0.70286658,-0.018147832
2128,4.4872489,-0.010174225,2.7737161,1274.1486,8.3597291,1.5989762,0.31207877,-0.040179775
2129,4.9738924,0.84634563,2.8734374,1371.2535,19.38862,1.6197518,-0.85467086,0.021685025
2130,1.0342023,0.12040913,2.492056,898.34692,17.390171,1.7099781,-0.31275509,0.0028677372
2132,5.4942288,0.86651849,0.77610107,1412.9973,12.633154,1.7421458,0.69891073,0.022950127
2133,6.1130182,-0.096508624,2.379143,1566.1871,15.418545,1.7338506,0.80121964,0.015351559
2134,3.9759802,0.67241684,0.70109963,1211.5915,44.835295,1.7044957,0.20757822,-0.025069359
2135,5.6125044,-0.14722856,2.5203253,902.55271,12.590344,1.7267979,0.63485941,-0.034572282
2136,1.6136974,0.11010534,0.98005095,1112.4943,15.73407,1.7153464,-0.025317004,-0.0090607644
2137,0.45788677,-0.58008474,1.0817616,751.25264,6.9695824,1.5582332,-0.25347941,-0.0080316912
2138,4.9223984,-0.22070167,0.59009959,960.40453,10.836148,1.6293249,0.010912481,0.029115615
2139,2.8391118,-0.08022628,1.0813229,898.26406,11.679537,1.5454448,0.70357102,-0.012957461
2140,3.8075174,-1.0111824,0.83526334,599.44682,12.205881,1.2212136,-0.44616302,0.042338013
2141,4.494148,-0.34513426,2.2615402,2134.4912,27.040333,1.9959582,0.77696343,-0.013646339
2142,0.99988922,0.6493651,2.5308991,1856.0619,10.199749,1.8806779,-0.82967508,0.021908943
2143,3.7319071,0.6151394,2.6159455,2247.8079,30.562238,1.7438367,0.44754245,0.045576382
2144,0.079451461,0.54584768,0.41243959,564.86485,7.0179987,1.3452523,0.59799167,0.0088139159
2145,0.31780928,1.0986982,2.4910081,2549.8983,34.059772,1.8239559,0.36639865,0.014346996
2146,2.9945461,0.73375188,1.8760047,687.90619,18.016313,1.5742995,-0.63519437,-0.026206881
2147,3.2662207,-0.31529526,1.3077167,490.84372,7.1844621,1.3451972,-0.72800817,-0.00087575788
2148,2.1712046,0.07168791,0.2594322,1197.6852,6.3748655,1.6139352,0.0018998767,0.039060366
2149,0.13514029,-0.54459371,0.48480184,2290.5692,13.125927,1.9251205,0.63724732,0.0093044653
2150,5.2159423,0.60492045,3.0634671,1909.3222,21.600565,1.8455711,0.39432831,0.043868343
2151,4.739278,0.73560251,0.74691139,1673.1769,8.4625213,1.8938119,0.2067803,-0.021292066
2152,5.062535,0.16714615,2.9061858,1117.7668,7.8881693,1.7218909,0.14036109,-0.033537714
2153,5.6992998,0.20220161,2.8694266,1778.6483,11.443699,1.820556,0.78860618,0.037910531
2154,5.1823475,1.2535158,0.50464313,1597.8659,7.367691,1.5273219,-0.61826819,-0.032042521
2155,5.0969777,-0.71921615,2.7960134,1212.1241,8.1071391,1.5437708,0.60637976,-0.036472726
2156,3.286479,-1.0178682,0.24535869,941.64536,8.135568,1.3847328,0.80391528,-0.044572469
2157,3.9872708,0.94791134,0.91433277,1016.9956,6.1046197,1.5106526,0.42133682,0.012323614
2158,1.1241663,0.12722471,2.4867273,1007.0934,31.396745,1.8033794,0.0097752966,-0.042065948
2159,5.9263177,-0.6170354,1.2782213,686.3293,7.3155064,1.3986317,0.83938299,-0.045025222
2160,5.9550305,-0.026803441,0.44762576,1042.5211,10.870826,1.7115892,-0.5636771,0.014941451
2161,3.7143841,-0.13865599,0.27417178,1442.9664,7.7309425,1.6477251,0.9868794,0.015394403
2162,6.0751883,-0.64342883,2.6302046,2169.0182,11.990353,1.8063201,0.77482718,0.040176664
2163,3.1398039,-1.375413,3.0024256,597.7085,28.123231,1.5193103,0.28587372,-0.034014427
2164,5.0161259,0.35873024,2.1189804,224.89082,5.4967045,1.3021477,0.70065847,0.011411434
2165,0.67412597,-0.0084004781,0.24746799,1202.3798,9.8237395,1.5615306,0.79925186,0.034736548
2166,1.2227483,0.58007673,3.0034498,953.2383,42.83507,1.5562444,0.5928366,0.049447834
2167,3.7735423,0.61929465,2.9184454,1657.9763,14.852783,1.7396029,-0.82408207,-0.036817072
2168,5.3762106,-0.12452697,2.001391,519.22834,7.925781,1.3810996,-0.5152381,0.0075618587
2169,4.4444642,0.2200309,0.65399017,1465.5592,12.959452,1.5821046,0.69659736,0.04818703
2170,3.0079439,0.75867914,2.6111203,806.25408,38.855601,1.7303611,0.61178275,-0.019932817
2171,3.7637821,-0.54768778,0.47967343,1531.1392,12.472554,1.7564574,0.54071047,-0.0079180294
2172,4.9209373,-0.52126345,2.4953445,936.9931,30.761687,1.4299191,-0.12887325,-0.033022757
2173,5.2713735,-0.34254722,2.8088821,1531.7775,15.597475,1.7100943,0.65854239,-0.0072894607
2174,4.4122345,-0.40033202,2.7439907,682.75137,13.938288,1.6915067,0.059982007,-0.021729052
2175,0.9111879,-0.25550022,1.1118829,1362.8896,27.02961,1.6334012,-0.10394531,0.0087303379
2176,1.1841406,0.7955272,2.5680672,1837.8566,8.993713,1.8303034,-0.26272696,-0.0028060014
2177,5.1390544,-0.88800562,2.192258,1065.9574,16.811697,1.7311851,0.43116249,-0.020456301
2178,2.4046771,0.12977223,1.012874,589.58871,18.07866,1.5209398,-0.80454004,0.0066051877
2179,4.4081847,-0.032548297,1.0534604,1204.1297,16.367466,1.5467356,0.67949592,-0.028225163
2180,0.17725607,0.33836627,0.58316985,1471.5501,10.647482,1.7130705,-0.93913989,-0.037025275
2181,2.0094599,0.42845685,0.66955575,831.64535,11.713435,1.5541182,-0.19495378,-0.037714098
2182,0.88468166,0.99802733,0.55387125,938.84593,18.7502,1.5669254,-0.84672949,-0.029165524
2183,4.2769333,0.91061252,0.25521549,1750.018,14.542789,1.8279343,0.22414201,0.04052507
2184,2.3705357,-0.4419132,1.4507864,616.72625,6.2424758,1.6738144,0.243351,0.0056479813
2185,2.2549145,-0.84473024,1.7114982,716.62567,10.929664,1.4729935,0.15881965,0.011518175
2186,3.2034944,0.26003011,2.5983924,1285.3053,7.49956,1.6783782,-0.52124339,0.029050895
2187,3.1617017,0.24912559,2.8060305,1895.2767,6.7559145,1.7121834,0.71564442,-0.0092279461
2188,4.2988447,-0.23598558,2.3771332,290.79101,26.123553,1.5317423,0.063042941,-0.021721747
2189,2.8780184,-0.34659488,2.3043534,1075.554,7.8646064,1.5670691,-0.2085378,-0.033465103
2190,0.032274712,-0.86221428,1.6360734,640.64388,10.048225,1.6068346,0.0042330927,-0.035364355
2191,5.8542757,-0.86569037,2.292314,1939.2313,12.025504,1.9163323,0.45746648,-0.039530203
2192,5.8709814,-0.47871374,0.93607164,1367.4768,31.592092,1.6808686,0.481442,-0.029798375
2193,3.3165739,-0.70785865,2.9542381,411.52233,7.620428,1.383363,0.3673245,-0.0074387027
2194,5.5701733,1.1128885,2.3117455,657.6295,9.1308838,1.4808101,-0.96288167,-0.026871445
2195,2.8313326,-1.2557566,1.7257626,703.35277,10.458426,1.6645709,0.35021409,-0.041705874
2196,1.0289311,0.24739699,2.7094943,924.7448,10.189526,1.5896821,0.18576228,-0.0061999988
2197,5.1645821,-0.84543364,1.84332,589.13074,10.739417,1.5825379,-0.040147945,0.022096827
2199,1.2277688,-1.2797287,2.4524169,868.12924,6.4842879,1.2917148,0.57384425,-0.0091244918
2200,4.0625031,0.96700836,0.7278669,986.29383,8.2326003,1.6648663,-0.10697932,-0.0038480221
2201,0.58917465,-0.94161921,1.401192,412.66389,8.2861397,1.4218367,0.37845812,-0.033055847
2203,3.5530631,0.77858388,2.0955508,678.93663,6.9719498,1.4680727,0.28017022,0.034599773
2204,0.83324012,0.11381656,0.75676713,996.93286,9.8397401,1.5688945,0.73302959,0.00642595
2205,1.8133047,0.84310572,0.47635591,369.42457,7.8483516,1.3767357,0.82727409,-0.027453505
2207,5.7967693,0.85296965,2.4369639,1981.0988,34.320084,2.017446,0.75668735,0.028615116
2208,5.1174116,-0.14847987,0.48590613,766.32069,8.6133429,1.5333871,-0.16860152,0.0062434153
2209,5.7404069,0.61766989,2.4503872,674.35154,8.7731647,1.5653522,-0.12774116,-0.028479288
2210,0.88101282,-0.86418139,1.6766114,859.9811,6.0869872,1.5575375,-0.18472579,0.043196955
2211,4.6884729,-0.5739094,0.042578744,627.56166,7.5115241,1.6011231,0.85350098,-0.015453198
2212,5.6708274,-0.4246812,1.0808946,856.27072,10.70691,1.6601345,-0.43598447,0.0026041061
2213,1.4414604,-0.45093776,2.7505509,1037.3005,6.3199842,1.8195855,-0.15564335,-0.023448748
2214,2.6104522,-1.236533,1.1962186,744.69955,9.203066,1.6091901,-0.72533846,-0.012710487
2215,1.2226766,-0.6999154,0.46527693,1189.7557,16.7271,1.5649065,0.36373758,0.025679729
2216,0.039751074,0.11443544,0.58524,791.65003,18.315647,1.4425747,0.74301266,-0.031660123
2217,3.623574,1.200081,0.55118779,845.86048,7.1287205,1.4594388,-0.44770602,-0.048001856
2218,2.352157,-0.84559277,0.56672304,1326.6711,7.1619205,1.6257101,0.73808032,0.0064196203
2219,1.2585567,1.062291,2.5663994,1890.8321,9.7408798,1.8973602,-0.10707538,0.038374302
2220,1.0514106,0.46677841,2.0934101,1148.8449,7.7778896,1.8063922,0.78980064,-0.041766373
2221,5.3876752,0.18078761,2.2905741,797.97146,19.65083,1.7639352,0.57175191,-0.036236149
2223,1.0024979,1.1886804,2.9500494,1664.2138,15.601043,1.7052835,0.25373462,0.021522716
2224,5.2213543,0.1062719,0.80282252,579.65726,7.3186428,1.5579627,-0.36559312,-0.022715802
2225,1.7117033,-0.59483442,0.93257269,274.5341,12.460673,1.2506906,0.025575433,-0.0021528676
2226,0.96511947,-0.84124756,2.3214258,2687.0796,37.455604,1.8675951,0.8764324,-0.026134871
2227,3.2485815,0.58143314,0.60183286,1027.614,8.5809544,1.3509354,-0.30826859,-0.011923814
2228,3.6183502,-0.79540069,2.2154482,929.03509,20.997479,1.7050439,0.79133605,0.019569721
2230,5.260445,0.82568114,0.77571877,333.09034,7.3789674,1.5314636,-0.48466739,0.036412063
2231,5.3677933,0.8151625,2.1971823,690.29525,7.1657563,1.4227021,-0.35960234,0.015410459
2232,5.1192533,-0.096699609,2.7407406,1117.3464,7.7143873,1.5159118,-0.39689468,-0.002297376
2233,5.4166861,0.43290287,1.902635,1037.4496,23.718046,1.6590102,0.80021026,0.023719865
2234,5.9779434,-0.4043319,2.0607031,968.10548,15.011263,1.5453005,-0.21449184,-0.010743834
2235,3.2260288,-0.24550737,2.3407551,1301.1264,7.9055325,1.5800719,0.16207681,-0.012428011
2236,4.05692,-0.028652422,0.91823092,444.53519,6.5106517,1.5325118,-0.39823594,0.01823909
2237,1.2519751,0.43482203,0.39456511,1197.5475,17.250893,1.7657777,-0.12771185,-0.0069143044
2238,3.0701473,0.58863207,1.0759572,539.13771,6.6527392,1.252777,-0.8361171,0.011702425
2239,5.1936042,0.20682515,2.3597713,2688.4808,11.390661,1.9709848,-0.27090514,-0.01990775
2240,3.9134668,0.11932777,2.2132189,771.22772,9.1120484,1.4723538,-0.79804235,0.046820298
2241,3.775558,0.52543124,2.6808038,2014.0292,9.4382766,1.9391834,-0.5190783,-0.03240134
2242,0.68155201,-0.2105983,1.0230515,727.89761,7.4439851,1.6812235,-0.885285,-0.026940257
2243,4.840509,0.55183063,2.6415518,1531.8483,18.814164,1.7081586,-0.78289552,0.021900427
2244,4.099023,-0.29533347,0.8218559,1310.1905,7.7562786,1.7113571,-0.29616907,-0.010202466
2245,6.2595253,-0.97420293,1.2621488,603.0949,16.157181,1.4980001,-0.36962245,-0.024587847
2246,2.2558676,0.099776585,0.57020305,1840.5547,9.4283689,1.8530305,-0.44051143,0.028589394
2247,4.966893,-0.89549872,3.0224903,1069.3261,27.748744,1.4474639,-0.37649268,0.033915566
2248,4.4671199,0.60213595,2.7907049,1144.048,36.644226,1.7727471,0.71313815,-0.039594842
2249,5.4628511,-0.76272113,0.68199361,1587.5752,17.112103,1.6498286,0.45767716,-0.0066361797
2250,1.8133191,0.84076276,2.5634653,2761.073,19.456038,1.70743,-0.35221593,-0.00083248877
2251,0.26176233,0.60724645,0.7388577,1873.5355,9.4121272,1.9851292,-0.22855502,0.023864976
2252,3.2604075,0.093746622,2.9503942,1555.7836,8.1427347,1.7577816,0.5545871,-0.038794781
2253,3.656532,0.53339881,1.2811329,743.78476,25.496856,1.5307274,0.78170069,0.026145846
2254,5.2328237,0.19976452,1.3908276,753.61675,24.156718,1.5387009,0.58953166,0.045551801
2255,4.0489166,0.53253436,2.7665019,2355.7114,10.003611,1.776276,-0.3696277,-0.038124789
2256,1.108565,-0.25450194,0.17080311,937.64038,36.135335,1.5353479,0.5434415,-0.0026380226
2257,5.5258682,-0.85896661,0.58217354,1484.6315,9.7287033,1.7118879,0.163292,0.03780193
2258,1.7857554,1.1775856,2.4965131,1040.2721,12.369626,1.6874764,0.12925311,0.041658453
2259,1.5134158,-0.89141365,0.58492869,1591.36,9.3854331,1.8260708,-0.22988201,0.0034868101
2260,3.0551415,-0.81301679,0.55457214,1825.9958,7.252738,1.8767493,-0.079096922,0.013650779
2261,0.85315598,-0.30930085,0.62112149,1814.3144,9.9912114,1.7492026,0.73894477,-0.035843168
2262,3.3209341,-0.75363053,2.5153165,1306.3333,24.112799,1.8236809,0.15630246,0.014974187
2263,5.7718801,0.34353501,0.91153712,607.11722,7.6941229,1.4113698,0.059809817,-0.026949077
2265,2.1666593,-0.3826946,0.3251121,804.67363,6.4017184,1.5712485,0.87657097,0.00046929189
2266,3.4645688,1.1541981,2.5964028,996.85904,6.998976,1.6737166,-0.91640632,-0.027004859
2267,5.9234775,0.13904522,1.1942367,392.21814,9.4883593,1.4987882,0.92515748,-0.002960517
2268,3.3128578,-1.4428489,3.0253788,2925.2773,17.831914,2.012702,0.43984248,-0.0076528813
2269,0.2777486,0.57436904,0.81630897,1136.1588,7.48923,1.826935,-0.2117011,-0.023829807
2270,5.6655216,1.5497327,0.45698649,969.59595,6.8497407,1.5745548,-0.65254179,0.043612058
2271,3.8391827,1.2200138,0.80733172,710.40434,6.6395333,1.4370989,-0.34765358,-0.0052102211
2272,4.5086652,0.54118929,0.35740486,870.0775,11.515146,1.4712561,0.61691133,0.035176316
2273,4.5890725,0.8800702,0.45326007,1126.4743,8.3434657,1.6151145,-0.068342381,0.031034092
2274,1.9674605,0.094153652,2.9535755,1574.9032,6.9491877,1.6864544,0.41787069,-0.043625568
2275,6.1814088,-0.28178279,2.6224368,2190.6987,8.6915939,2.0317957,0.87603196,0.015716747
2276,0.39437947,0.21661165,2.7375577,1032.6311,26.773666,1.6981476,0.55625476,0.0096056758
2277,3.7201558,-0.28350734,2.8002385,1022.1508,23.516557,1.6930597,-0.61916461,-0.019383398
2278,5.3126816,-1.2809197,0.55766206,961.01517,6.6213376,1.4948457,0.42002671,-0.01186729
2279,3.2014886,1.0590082,0.94455852,758.92063,15.224079,1.5785631,0.71213864,0.011240389
2280,1.322616,0.66540327,2.4599924,1101.3845,18.9281,1.6252669,-0.84169038,0.017774498
2281,1.1311628,-0.26707649,2.7871857,2033.8005,24.231037,1.6750897,0.91640974,-0.041583502
2282,4.1269285,0.21713478,1.0990903,1180.8004,11.668363,1.7121465,0.30903345,0.028720788
2283,2.6011956,0.7795039,0.95251117,568.26002,20.325171,1.6045939,-0.47342359,0.041962212
2284,4.0609645,-0.12072892,1.4781941,205.2934,11.861787,1.4484618,-0.081751818,0.044597233
2285,5.9088028,-0.95764365,2.0613208,607.29796,14.874822,1.3986505,-0.84492605,0.026548264
2286,2.6470879,-0.070514664,1.3324145,237.28523,16.943023,1.4297659,-0.92619995,0.016219302
2287,3.7553634,-0.50551569,1.2186489,1755.7319,30.48773,1.8512833,0.49971284,-0.044397859
2289,4.0035797,-0.91309999,2.3581399,1612.1697,7.3279627,1.6815025,0.3915966,-0.032037475
2290,5.3900458,0.20748987,2.680252,2088.5911,50.221543,2.0218185,0.75911638,0.024889276
2291,6.1142657,0.012481139,2.7367289,2135.2596,25.96946,1.7651789,0.2950078,0.025568918
2292,5.8177546,0.10705581,0.6479103,3032.7565,59.912657,1.9066197,0.59170976,0.012509159
2293,4.2477613,-1.3230697,3.0471495,679.10038,16.01289,1.3979136,-0.53828646,-0.0097622278
2294,0.018004776,-0.4382939,0.99658076,913.18733,7.0642944,1.5773787,-0.085620103,-0.0058627298
2295,2.3047215,0.31859536,0.44478721,1683.7738,17.58115,1.5962822,-0.28457472,-0.047659171
2297,6.0162177,1.2046683,2.5869206,2218.2653,14.803059,1.9000897,0.5283203,0.030024562
2298,3.0227751,-0.21987084,0.24122334,1174.3972,10.046779,1.54227,0.77037754,-0.015239376
2299,3.0797222,0.10663271,0.78251633,966.65627,10.53351,1.6701505,-0.29539645,0.0070049085
2300,0.53985494,-0.56890126,0.80130433,2190.2881,13.072591,1.7685774,0.0040911852,0.0044320469
2301,2.2798274,0.73991309,0.34252536,1134.6377,6.1639813,1.6679151,-0.010785208,-0.028781661
2302,2.9722019,0.54726771,1.8500174,499.40889,6.1930927,1.3253516,0.15130935,0.024425255
2303,4.4204226,0.57373433,0.52677437,821.79801,28.836236,1.5930752,0.80848258,-0.049103041
2304,1.401623,-0.26430574,0.76699639,1251.5509,7.8773015,1.6048961,-0.59008315,-0.010102353
2305,5.3001267,-0.46032951,2.4095104,531.80051,10.734394,1.548207,0.0023929116,-0.037840769
2306,0.42701144,-1.4275308,1.9636549,556.90736,9.8216596,1.6894408,0.064532896,0.039414151
2307,5.2938676,-0.27264011,2.347377,1268.9498,25.980257,1.6985458,-0.33777898,-0.04901041
2308,2.7092435,0.33471358,2.0546562,452.03043,52.631544,1.5150353,0.023135875,-0.040934772
2309,3.0836582,-0.65176255,2.5536035,2127.1643,17.327033,1.895167,-0.12521722,-0.043692565
2310,3.3772921,0.75220249,0.68521736,1531.1762,14.902056,1.7760524,-0.49251082,-0.04303208
2312,5.6281866,0.19661906,0.5423915,1100.8525,23.473702,1.6559545,-0.30637195,-0.044407733
2313,1.6201392,0.33626435,2.7959994,1395.0178,11.519451,1.6240856,-0.54758926,0.00401436
2314,0.022277967,-0.85244173,0.53870888,1081.6517,9.6971602,1.613051,-0.56282282,-0.022358036
2315,2.9090792,-1.1657192,0.48918169,904.33274,6.0623407,1.6512281,0.69324103,0.037400069
2316,1.5470563,0.30893683,1.6897928,636.55042,7.7760229,1.5791494,-0.47517134,0.029988647
2317,5.6709031,0.44863257,0.94798154,1173.6258,7.7610708,1.4046604,0.86392757,-0.0069541847
2318,0.36458332,0.3183487,2.5968171,2709.6969,46.84289,1.9303596,-0.1378341,-0.014952742
2319,5.2722259,-0.32717626,0.74801606,912.49729,10.435691,1.551308,-0.35354424,0.0060242087
2320,4.1007498,-0.48814869,0.53784607,201.27088,7.8040768,1.5595572,-0.66557731,0.025631116
2321,3.012383,-0.054823356,2.236541,1181.8344,25.073383,1.6430631,-0.77955955,0.026356575
2322,0.79273241,1.4076723,1.8534241,416.15199,12.537106,1.4428252,-0.66567606,0.042946866
2323,3.0110635,-1.0120015,2.8477257,3266.1678,24.397688,1.8651891,0.87028219,-0.046988764
2324,5.0065423,0.76080773,0.21704134,1408.6942,8.5444933,1.5684018,0.46577482,-0.035173716
2325,3.1876134,1.0752572,0.38916315,570.39027,10.315922,1.3704206,-0.30185045,0.048549737
2326,4.5414062,-0.68328499,2.4852611,1181.848,31.506007,1.5958927,-0.17198986,0.029637958
2328,6.1607441,-0.34158866,2.465897,847.15566,6.3391628,1.6556887,0.42371992,-0.028627674
2329,2.8425761,0.18212996,2.5175734,1340.7405,13.623693,1.6138907,-0.17478299,0.0010619764
2330,0.032689122,-0.69504396,0.73898429,616.32053,8.0705743,1.511756,0.12100748,0.007417002
2331,1.3361226,-0.43067842,0.57473218,1697.303,12.032584,1.6948255,0.47524986,0.049094684
2332,1.4580491,0.28630665,1.1199239,1326.9854,8.8673323,1.6290276,0.20724454,0.004184451
2333,1.0662262,-0.11060024,2.6144405,1737.1025,23.107404,1.6577235,-0.71381184,-0.047595825
2334,4.8325668,-0.84262338,2.7285136,2696.9807,12.172971,1.8075409,0.8513719,-0.0079591203
2335,0.46585365,0.13811843,1.0815673,449.9879,12.483608,1.3888184,0.12660248,-0.01085993
2336,1.6319437,0.96296928,1.1425455,462.88518,11.974588,1.3593203,0.66517176,-0.032982228
2337,2.4907433,-0.9171394,1.701941,841.51666,8.4143539,1.5636145,0.94338782,0.039053522
2338,2.0917948,-0.3132279,2.3905029,1681.0464,10.080415,1.7630025,0.17401288,-0.025251336
2339,6.246246,-1.5011441,0.56606056,1898.9207,31.73944,1.7378405,0.3675101,0.03033083
2340,3.8935557,0.18283768,2.4896313,2275.3826,13.761119,1.6966217,0.83781387,0.022714743
2341,3.636658,-0.29928536,2.3607148,1197.3068,17.858991,1.6373242,0.78939897,-0.032087853
2342,0.33954928,1.203074,2.7872733,1071.7706,18.182164,1.5531121,0.42861439,-0.01324114
2343,2.9425398,0.31738877,2.8104117,2285.7853,14.034035,1.9938129,-0.36022814,-0.028152258
2344,0.96677109,-0.72886125,2.2204371,1667.707,18.953974,1.6563078,-0.09802885,-0.043314622
2345,3.8947745,0.90669192,2.328678,421.21165,9.4097545,1.3532792,0.33329035,-0.037975631
2346,3.7452237,-0.81870498,2.2542921,1561.994,11.416053,1.7855404,-0.33072561,-0.041987419
2347,1.3299748,0.78282756,1.3111714,1323.1853,33.515795,1.6169625,0.76350782,0.0019371446
2348,0.86153367,-0.2036902,1.2378378,910.37491,13.270007,1.539839,0.54830315,0.013928557
2349,4.9325932,0.17242746,0.425943,1042.6011,11.887414,1.6652405,0.039263522,0.015488393
2350,1.9630449,-0.098564382,2.5554346,841.35125,12.220462,1.5382489,-0.51846678,0.0044220866
2351,1.7403871,0.51061715,2.8427003,1394.1766,6.6163925,1.9031562,0.97750471,-0.047030958
2353,1.3007455,0.79654167,1.0470397,50.141736,7.8083283,1.3346475,0.82955076,0.0029948173
2354,3.2281346,0.68381181,2.0932732,554.48903,12.323954,1.5126561,0.67128675,-0.011958587
2356,4.3217583,-0.95528278,1.7094142,586.58418,37.309504,1.5046395,-0.61238779,0.011072742
2357,3.0037005,-0.3565534,0.45366669,1937.8569,31.510863,1.7566604,-0.098789701,-0.044595852
2358,0.46185104,-0.56615239,2.965333,2100.8946,10.002183,1.7211596,0.24800866,-0.03715472
2359,1.9440832,-0.59592735,2.1997233,990.79262,9.8449788,1.4838296,0.087503539,0.0049249068
2360,4.3662073,-0.43936182,0.45203055,1458.4541,8.3861103,1.552658,-0.20987711,0.041602931
2361,0.049508846,1.1615808,1.0630603,675.57901,5.7798461,1.4449781,0.91242893,0.048792993
2362,2.4329904,-0.37182374,2.8035178,1505.3002,10.791287,1.6348844,0.32434854,0.031524807
2363,4.4812568,-0.18609341,0.2363115,1412.2006,9.1364693,1.5238825,-0.21212191,0.011511913
2364,1.9592897,-0.54349864,0.38656332,1517.6811,7.1585209,1.6963096,0.6583234,-0.016026583
2365,2.7253715,-1.0502332,2.1458057,1154.4564,15.950944,1.6996814,-0.27683163,0.036699504
2366,3.2057008,0.79360392,0.32927441,1509.2814,9.4937384,1.6866103,-0.40962671,0.042446977
2367,2.1962424,-0.43461388,0.23656104,1825.5206,14.593463,1.7701489,0.39107503,0.021809457
2368,5.6876454,-0.65075745,1.5670819,325.60229,5.4025301,1.4192113,0.56142271,0.0096528221
2369,5.2951077,1.0406255,2.2289219,1421.751,14.880396,1.7976848,0.22084502,-0.0013301654
2370,6.2312324,1.1705272,1.3843123,1251.5568,34.27848,1.6858287,0.8318271,-0.037375206
2371,4.4915297,0.936592,1.0520762,547.72025,21.923866,1.3696379,-0.29293076,-0.0089716036
2372,2.2088427,0.67147503,0.24266091,2276.6752,11.052773,2.0033803,0.84779848,0.010289981
2373,3.5431412,0.049978568,2.1414591,800.15946,14.050922,1.4081577,0.48121681,-0.0012546238
2374,3.7368249,1.2521024,0.96708427,454.38747,7.3914888,1.5727461,-0.97096721,0.020861735
2375,0.426314,0.82554503,2.5919106,1068.4196,17.795609,1.5357065,-0.19897536,0.0016221014
2376,0.054929077,-0.64739882,0.82786417,2686.8957,16.086551,2.0111862,-0.84583592,0.0010949693
2377,2.6173521,0.69245469,0.49880601,1179.1323,7.5256541,1.6487964,-0.26907435,-0.00095525699
2378,4.8793914,0.4647197,0.50927381,1837.5008,16.076288,1.9757094,-0.050444459,-0.047558706
2379,3.7353785,0.99612872,1.1542165,750.00879,21.035319,1.4366292,-0.49151488,-0.037948253
2380,0.95335332,0.70603386,2.0446906,715.15724,11.361759,1.4130472,-0.66927725,-0.0013070225
2381,3.2693245,1.0469521,1.4792555,962.24203,21.434553,1.6081219,0.024925733,-0.025713723
2382,5.6425791,1.1981796,2.7849507,1847.8458,12.932404,1.7604057,0.70349935,-0.022139207
2383,0.69897895,-0.72608622,2.4268556,884.67496,6.4511328,1.6020186,0.7966368,-0.027453377
2384,1.7770104,-0.10237769,1.1291564,722.11362,9.0803045,1.5091343,-0.54579162,-0.03579525
2385,1.7648293,-0.01808053,0.77786955,167.2677,7.6194236,1.4390592,0.87069442,0.033845534
2386,2.5680393,-0.35251804,2.6839657,1120.0209,14.783873,1.5090286,-0.56517341,0.016760665
2387,5.9934064,0.83195343,0.57755959,2651.6453,34.66077,2.027339,0.013515047,-0.0076142486
2388,2.5445349,-0.61139475,2.4977605,1695.2299,15.469677,1.8283272,-0.71915166,-0.02128343
2390,1.7733081,-0.046005089,2.2401402,1562.1899,11.783613,1.7490827,0.87820673,-0.006486949
2392,5.6081981,-0.89918978,1.2188134,258.44544,9.4289316,1.4352043,-0.27704884,-0.047324078
2393,3.7287771,-1.3793353,2.1497819,802.4839,9.2288616,1.7120066,0.53883941,0.0065805648
2394,0.86267889,-0.93913596,1.8285743,255.7249,22.03235,1.3536042,0.31004521,0.030922517
2395,4.3182533,-0.23871889,0.36183768,1205.801,6.975342,1.617202,0.69425727,0.043555419
2396,1.7857936,0.61564598,2.3540227,833.07048,9.7943766,1.6453751,0.17771444,0.02818056
2397,2.2050832,0.29442663,0.17440129,2012.8898,8.929668,1.9285,-0.22417747,0.040440032
2398,2.8570187,0.24050276,1.0947535,631.31962,6.7029143,1.4531633,0.07486718,-0.023141082
2399,0.41512353,-0.36191441,0.62559847,1209.0431,9.0950657,1.7878572,-0.46517431,-0.047977362
2400,1.2775695,1.0468817,2.2006879,610.30912,16.014759,1.4586777,-0.20432755,0.022702594
2401,6.246545,0.2240924,0.45785873,643.5275,5.8436082,1.7364962,-0.31146982,-0.048675277
2402,0.99893966,-1.0647798,0.60325078,1151.2672,34.89352,1.5085221,-0.23842676,-0.0076990687
2403,5.4847279,0.39814444,1.237126,774.91166,13.911135,1.6360598,0.7535693,0.010487017
2404,2.7127737,-1.0380389,2.6628429,1125.0221,21.08323,1.6826735,0.61460393,-0.024412738
2405,1.7584856,0.55623432,0.59701376,1375.3377,7.4922507,1.6457436,0.97357748,0.036149399
2406,6.2377545,0.056755928,0.68550352,1045.3588,12.973515,1.7149768,-0.041010129,0.033554637
2407,2.7729255,-0.75816191,0.80177452,429.94047,11.451526,1.5463258,0.5037071,-0.011646002
2408,6.269179,0.041350757,2.5328856,1303.1941,10.948944,1.7234642,-0.61459696,-0.020552392
2409,4.7244463,-0.93394143,2.7602675,1553.7161,8.9560327,1.838663,-0.40899956,-0.019672104
2411,3.4948706,0.014564299,0.64286345,301.19117,5.5399428,1.66281,-0.791805,0.0030802388
2412,1.1891835,0.53368783,2.2216104,733.91362,6.3917063,1.5538887,0.67492059,0.011774867
2413,0.65249911,-0.65226209,2.2538487,286.28509,8.9638721,1.4261959,-0.043158526,0.0060657309
2414,3.3939006,0.97350485,2.6383091,2655.9283,22.511951,1.9616179,0.67537866,0.013139787
2416,3.9802556,-1.179107,0.21326268,1299.0207,6.6383068,1.4863533,0.67559521,-0.014849091
2417,6.2020367,0.37720527,1.0442173,2067.938,42.79208,2.0373628,0.92399041,0.034535237
2418,1.2959139,-0.82902151,1.2109956,1491.1745,9.6020318,1.6969739,0.73926864,-0.0037590544
2419,4.8492555,-0.51718986,2.8280914,1049.653,10.519373,1.618281,-0.30530583,0.039754027
2420,2.808269,0.81019578,2.7119651,900.14638,19.465578,1.5446443,0.62996844,-0.015848731
2421,2.7460272,-1.1157318,1.1375318,981.73549,15.41476,1.5782028,0.59906963,0.042050769
2422,5.3219903,1.2252414,0.5992135,345.56828,8.3938168,1.4871768,-0.38089259,-0.029554556
2423,0.19149786,0.53752284,2.358883,713.72002,10.979322,1.4228371,-0.069152205,-0.013506509
2424,1.0273358,-0.22569289,1.1674596,755.01022,11.355565,1.475593,0.97520055,-0.025599898
2425,2.9234481,0.40448789,1.8547847,577.94071,11.873403,1.5485549,-0.52252222,0.0048060375
2426,1.970185,0.15667117,0.66441521,1079.6611,10.243921,1.5328034,-0.26421406,-0.034041264
2427,3.2889634,0.96155487,0.82964546,1047.7983,10.759406,1.4831574,0.53417125,-0.009709712
2429,6.1768529,-0.19728865,0.38198859,1456.2369,9.2948013,1.6795624,-0.31154696,-0.040392454
2431,4.4960298,-0.47295991,3.0057948,1776.8505,6.9371145,1.8631147,0.38484721,0.018082188
2432,0.79911401,-0.14381744,0.51779053,1509.9383,15.066549,1.7592573,-0.74556361,-0.012844279
2433,5.1935961,0.49944064,2.1885625,1308.9397,41.288833,1.5080395,0.36565138,-0.016424593
2434,4.4248904,0.072064054,2.5431346,1417.1855,8.4680402,1.815672,0.43915434,0.014152907
2435,0.95478597,1.1958338,0.539549,1120.5002,10.39117,1.6352861,0.90724624,0.027554049
2436,6.003803,0.86589566,0.80367073,622.36489,20.984546,1.4278687,0.13669294,0.030439235
2437,4.7200423,-1.0135086,1.1266067,243.27744,6.5986334,1.4035248,-0.29563184,-0.046089778
2438,6.0074085,0.36808567,0.55747062,2047.5957,25.017938,1.7220801,0.028753758,0.0078079055
2439,2.520806,0.32029319,0.55345064,498.28927,6.0643596,1.4812323,-0.52216841,-0.033061356
2440,4.3201906,-0.15149233,2.9863371,701.7402,12.848104,1.7170824,-0.54849333,0.0034429472
2441,0.4119193,0.90935575,1.6073926,300.41631,7.6115412,1.2997366,0.73102885,0.01927388
2442,1.176579,-0.47426636,2.5978187,1211.763,12.300406,1.6639359,-0.26910691,-0.0059993958
2443,2.8525764,0.67991703,0.75168872,1526.4686,6.9928316,1.8485385,0.02926831,-0.04959164
2444,4.7782211,0.71713056,1.6973897,1454.8271,14.039351,1.637045,-0.015332282,-0.026515885
2445,3.2657845,-0.78063138,0.40644003,2033.8115,16.075798,2.0245833,0.02551684,-0.025435486
2446,0.3792348,0.14718018,2.2954523,407.49797,9.6353903,1.4274647,-0.097595258,0.019644704
2447,5.5447966,0.78428081,2.8672618,1169.8411,7.1127434,1.5276257,0.48443678,-0.048845282
2448,0.99836536,0.55574987,0.51317629,862.65244,10.272604,1.7446012,0.40806665,-0.016635541
2449,0.74131901,0.78147487,0.39588167,188.06083,7.94111,1.5311086,0.62348952,-0.032622232
2450,0.58306953,-0.48311155,1.6301996,714.41089,6.6147143,1.7197239,-0.13000753,0.019853577
2451,0.013504872,0.48951635,2.2192304,960.67616,15.60563,1.6708138,0.9850048,0.038379872
2452,5.5418784,0.37681173,1.308142,642.84877,7.3257735,1.3938205,0.61530132,-0.042260801
2453,2.2575995,0.10458499,2.3620037,543.46306,15.227605,1.4733436,0.72937168,-0.0011263614
2454,5.6211726,0.64235941,2.3309899,2075.2733,11.363977,1.9319775,0.33915086,0.0092305213
2455,3.3029471,-0.14911779,2.585633,366.9272,14.623261,1.3838398,-0.076689776,-0.041247647
2456,1.5773256,0.82680628,0.39139282,2816.2688,14.78506,1.7742438,0.25532832,0.0400815
2457,4.494202,-0.28917493,0.8552004,522.66262,10.252683,1.550664,0.55974661,-0.047641012
2458,5.7094453,0.42701881,1.0513681,1007.8368,30.072957,1.5548211,0.30166116,-0.0066962914
2459,2.0614813,-0.85546315,2.4399546,711.34394,14.60502,1.7139661,-0.51362838,-0.02706173
2460,4.4374558,0.16652558,2.6392001,1241.5636,11.837238,1.6431584,0.68796822,-0.0088750097
2461,1.493325,-0.4615734,2.0233758,911.51002,39.061945,1.5703894,0.77627849,-0.03667932
2462,3.5421667,-0.91060305,2.097482,431.39015,9.7331283,1.4838894,-0.23421787,-0.0115652
2463,1.5362078,0.29952342,1.0331053,905.42755,13.031536,1.5827669,-0.081547454,-0.025182109
2464,0.79390196,-0.48137347,2.6541004,1479.8263,50.750878,1.6837815,0.10930086,-0.0094927424
2465,1.7030768,-1.3658636,1.4840569,878.03883,9.2699979,1.3752116,-0.88794806,-0.031119098
2467,0.8023906,-0.74413463,2.2553074,1248.0484,8.2616388,1.5821196,0.10895918,-0.015156327
2468,0.18601551,-0.76373054,0.66571972,1678.7044,14.796668,1.7105501,0.74479914,-0.027816612
2469,3.6719653,0.80790227,2.4791752,1603.4966,25.478691,1.8891631,0.25659103,0.038597917
2470,1.3083029,0.16062002,1.1500034,414.75551,6.6603691,1.5277522,-0.11739373,-0.0066837428
2471,5.8572125,0.27957379,0.89410315,1119.595,17.207585,1.6657333,0.93451642,0.013083952
2472,2.3123241,-0.91003286,1.5300825,546.41733,11.5176,1.539239,0.71419465,-0.00045214593
2473,0.79182092,1.111152,0.34300353,2063.6827,20.520021,2.0404669,0.6060145,0.03343077
2474,0.97001523,-0.22430844,2.9342469,1104.7539,11.018994,1.6099661,0.49691868,0.026461806
2475,2.3937766,1.0416715,2.7302641,2460.4801,16.381432,1.9785251,0.66116727,-0.032701103
2476,5.2202769,-0.70669384,2.8481779,678.94935,46.913203,1.4823446,0.53907774,-0.029121323
2477,1.3583392,0.55075016,2.452112,1033.9375,23.115798,1.6806397,-0.83622309,0.0098321704
2478,2.940287,0.1159581,0.65536085,633.22876,10.306449,1.5387003,-0.26405965,-0.020037528
2479,3.3545083,-0.83012584,1.9973844,1239.2544,6.9123392,1.6374729,0.86135909,0.017446354
2480,4.9965759,0.045845716,0.27616461,2433.0254,23.046402,1.8531931,0.98641341,-0.042796843
2481,1.5229241,-0.31563469,0.35280133,1239.6773,48.820417,1.6145221,-0.17366287,-0.033650429
2482,3.9944638,0.36816114,1.3519795,466.2353,8.6275573,1.6177949,-0.8071373,-0.0097136309
2483,0.59091153,0.14966868,2.2028499,853.06622,10.883188,1.4269979,-0.083618785,-0.0062374071
2484,4.5811105,1.4206905,0.78774948,1143.0329,12.493599,1.7951167,-0.50396771,0.04162287
2485,5.8541683,-0.459558,0.83002304,1049.6762,6.9244496,1.6757645,-0.35899551,0.030091237
2487,2.944756,-1.0071152,0.14911017,1948.4339,6.8488929,1.8590068,-0.95554127,-0.032351262
2488,4.5639988,-1.035054,0.12645634,1400.4494,16.137534,1.6118337,-0.29940868,-0.004392031
2489,5.1399869,-0.60317064,2.2409911,946.26869,34.8443,1.7116002,-0.092718311,0.045509566
2490,6.135479,0.47507296,0.49995288,1575.9453,7.1108968,1.7924387,-0.19023674,-0.0094711109
2491,3.5822059,0.52631465,0.98338391,410.84625,6.5338886,1.4787707,0.67952281,-0.014655234
2492,1.3068301,-1.0495823,2.3488093,1012.7093,11.673191,1.6187902,0.50047267,0.036359064
2493,4.620359,0.95515699,0.85759885,2725.7498,14.267152,2.0087798,0.73028105,0.01347126
2494,2.2552771,0.98480523,2.6728267,552.60268,12.440014,1.5678573,-0.1360123,-0.015418015
2495,4.1339868,0.66238874,2.8842355,1602.0955,20.713557,1.7183857,0.37419437,0.043517455
2496,2.939081,0.50298065,2.5330012,469.96646,6.5695175,1.593475,0.77070183,0.046178565
2497,2.8992181,-0.81146151,0.7451631,1178.55,18.038032,1.6154393,0.33601156,-0.035739029
2498,5.4731841,0.038258196,2.2554959,681.80456,17.7643,1.4983746,-0.51429634,-0.022533657
2499,4.7345565,-1.0156568,0.37638575,1531.8575,6.971918,1.8399397,0.97905258,0.034551195
2500,3.9590881,0.56800128,0.39562794,1733.3281,15.138301,1.7699661,0.64361573,0.021341953
2501,1.5178237,0.82170868,2.6020098,1154.1487,17.163076,1.7120411,0.17165828,-0.048314968
2503,4.0973885,-0.51131061,0.39652326,962.07068,44.537992,1.5201023,0.1380705,-0.01586853
2504,0.88139621,0.81861073,2.8199187,3203.0757,10.179957,1.6923128,0.95213854,-0.038941454
2505,3.2296975,-0.99000137,2.0661268,824.32679,6.0129434,1.6593948,0.51653269,-0.015699899
2506,2.8839585,0.09826981,2.38407,714.64695,11.561013,1.5556203,0.68291706,-0.035380912
2507,1.0864596,0.12883343,2.6750812,1609.3566,10.748085,1.8767667,0.73004243,0.016063839
2508,1.7440748,-0.57479755,1.1494562,392.01193,6.4163496,1.3635922,-0.44466844,0.033865739
2509,4.3784575,0.40769954,2.796733,2651.8757,20.352434,1.9195021,-0.29125996,-0.014314534
2511,2.0765564,-0.49316374,2.8660824,878.86838,8.2829497,1.5609723,-0.75586691,0.021105009
2512,5.5867893,0.41752989,2.1315175,715.56535,10.115746,1.7743211,0.70628682,0.012789447
2513,3.1539391,0.42369543,0.70589505,997.55842,20.740169,1.6812663,-0.49307873,0.039479008
2514,2.2763186,-1.1324162,2.885828,1879.5248,15.041648,1.7138874,0.34326687,-0.029495603
2515,5.8990363,0.25397698,2.8339429,1489.3582,26.909425,1.6489125,-0.1223936,0.04887357
2516,4.8641602,0.71513405,0.70947614,804.25149,7.9450212,1.6302299,0.5658036,0.034712328
2517,4.0490076,0.75758542,2.1349018,281.95084,7.097579,1.5465418,0.54429262,0.030893705
2518,0.99888241,1.0328249,1.0684888,816.5177,25.263448,1.4218286,-0.020128467,-0.035598878
2519,0.94612758,-0.94445314,2.1196483,833.43825,9.5611302,1.7820313,0.84223693,-0.0080385497
2520,3.7949472,-0.40408924,0.18027983,1178.6061,22.849572,1.7703929,0.081919844,-0.02061575
2521,4.9797108,-0.41614617,2.2777919,1436.6106,28.229311,1.8367838,0.25874087,-0.0062445676
2522,1.6955381,-0.84918147,2.6139314,780.80781,20.977012,1.456625,-0.18797595,-0.026489696
2523,4.8189661,0.29671235,0.37366339,1457.5751,7.7903005,1.87864,0.4838421,0.011031843
2524,2.4563645,-0.34509769,0.80520691,1428.6905,14.562198,1.7524813,-0.030459421,-0.048390712
2525,5.6203217,-0.20914581,1.3827469,446.59142,5.7748293,1.4024541,0.81093056,-0.0044375421
2526,1.4131042,-0.20276821,2.6399459,2591.0082,23.90461,1.8905033,0.71489095,0.006661697
2527,3.4853797,-1.0166553,2.7030378,1158.2487,6.7563829,1.5216914,0.6039548,-0.010073874
2528,5.9340072,0.19543449,1.8370093,676.00971,5.6944737,1.5662089,-0.16942482,0.018066454
2529,2.8793678,0.16950505,2.2843206,2035.062,14.951685,1.8255242,0.92652691,-1.0492168e-05
2530,5.305286,0.46594726,0.39647143,799.5294,17.289272,1.5194846,0.084009164,5.1151317e-05
2531,2.0079587,-0.32507855,0.4168546,642.28235,6.8107139,1.4727881,-0.90774033,-0.027126615
2532,3.0290709,-1.1217346,2.744764,1852.4895,12.059785,1.8509312,0.51857569,0.042969823
2533,0.18190292,-0.14403243,2.4678161,1434.5022,15.44385,1.6520498,0.47464661,0.021495354
2534,1.536492,-0.69261095,2.8095762,1000.3079,6.0685258,1.5708094,-0.26851437,0.031861744
2535,5.1023994,-0.57583703,1.4733116,850.96128,19.594805,1.4420885,-0.18908287,0.041747211
2536,0.049957091,0.26317817,1.2752619,956.84293,26.07483,1.5883723,0.75079387,-0.042328773
2537,5.5760669,0.57491551,0.44726768,419.26145,5.5734615,1.5249141,-0.063946952,-0.015641735
2538,4.9527373,-0.89149905,2.9032041,2503.2652,31.280192,2.0171001,0.31891963,-0.014338509
2539,5.8665799,-0.32097523,0.45768538,683.50824,10.3324,1.7117499,-0.64045478,-0.024065144
2540,2.7640994,-0.11079476,2.9882683,2084.4779,40.265859,1.663162,0.17940149,0.038661856
2541,6.0720633,0.60794626,0.64966765,2135.7489,15.857567,1.6662493,-0.59099566,0.0019211101
2542,4.816124,0.69126343,2.6889372,1828.4814,11.362241,1.8248801,-0.05890183,-0.044311085
2543,3.0470472,-0.12970477,1.8310452,658.06429,11.381017,1.5463085,0.24631662,0.0077742127
2544,3.1790581,0.064540888,0.35634399,728.3657,10.628539,1.549789,0.69829103,0.027194969
2545,4.1563435,0.50577215,2.623216,995.28335,19.985526,1.4985171,-0.1775317,0.0069262154
2546,2.1129263,-0.98233799,2.9111504,2750.5276,10.600397,2.0054718,0.28570373,0.00086254935
2547,5.1542486,-1.2243793,2.3833846,1850.1465,14.068679,1.8893645,0.1358525,0.021072335
2548,5.0016862,-0.37268721,2.5232414,2002.1546,14.749175,1.8013213,0.49128195,-0.012294487
2549,5.5575154,0.42379604,2.2548495,448.85501,10.98187,1.3800521,-0.86600896,0.0025996192
2550,0.85333112,-0.36923745,0.64774241,1817.6642,15.481748,1.9212767,0.073343748,0.0089675338
2551,1.8660757,-0.28763993,0.54990225,1228.6741,8.1705442,1.5431579,0.54347501,0.036993386
2552,5.5135642,0.46665823,1.8634439,446.97416,6.1548995,1.4779603,-0.81816374,0.026519934
2553,1.0919578,0.86917892,2.5015536,2069.0657,12.991016,1.864662,0.97662055,-0.043582141
2554,2.780018,-1.3736208,1.0800387,1130.5409,7.2284707,1.6803254,0.02031683,-0.045398214
2555,1.4979099,-1.1044035,1.936379,840.36357,42.957131,1.6976474,0.65124356,-0.033833231
2556,0.55519898,0.58956321,0.32131372,892.04729,8.1572211,1.5685671,-0.32861851,-0.020818088
2557,2.2501314,-0.78314362,1.971658,772.46712,8.059999,1.5807542,-0.048615053,0.00015165471
2558,0.78533,-0.22248314,1.4633487,490.73974,14.261286,1.4657772,0.43826143,0.045632174
2559,2.6383092,0.77706877,1.1214481,792.59909,28.339031,1.4668188,0.59499513,-0.0076669639
2560,0.47309742,-0.71436285,0.96527895,1723.382,28.584072,2.0052272,-0.43029696,0.02530605
2561,1.5480025,1.105623,0.80742098,2190.1525,18.969741,1.9054373,0.70950295,-0.0084213231
2563,3.0820674,0.35078806,2.5407662,955.65272,6.964415,1.6734417,-0.17074407,0.028443738
2564,4.6317811,-0.82856031,1.0809678,699.90143,13.099707,1.5448995,0.30513036,0.014908094
2565,5.4707907,0.27821052,2.6441164,1458.1767,14.10205,1.8160578,-0.95164545,-0.027930084
2566,1.1270058,-0.24072142,0.13395819,1556.6395,28.187234,1.7980335,-0.15540775,0.021728948
2567,3.7329105,0.44359702,2.1862657,1073.7707,60.25911,1.6591926,0.63656022,-0.042912087
2568,0.50515324,0.11665769,2.6158589,2587.3537,11.992214,2.0299041,0.42558524,-0.006803668
2569,4.0556348,0.17667959,2.799937,1256.3741,10.874939,1.5183751,0.96108008,0.0070448637
2570,1.3113467,0.36468563,0.42987206,375.52718,23.179267,1.5188571,-0.52779991,0.044744796
2571,4.5140738,-0.50709189,0.41502667,1591.9279,17.245147,1.7922559,0.67068719,-0.039074165
2572,1.0633083,-0.97422754,2.3628919,1730.901,20.188994,1.9764956,0.95050038,-0.030166491
2573,1.5228929,0.09064833,0.86024743,699.9448,10.348411,1.5094987,-0.10801052,0.033634328
2574,4.5408457,0.32056108,2.0605921,1585.5796,9.0194575,1.7376336,0.4031968,0.013925509
2575,1.84458,1.0577429,2.0305593,2908.891,32.859286,2.0132633,0.7073491,0.00057620702
2576,4.6213667,-0.71517224,2.4654521,1229.723,6.5399685,1.8360442,0.8725995,0.011372101
2577,0.78766855,-1.0728895,0.78318122,2011.9125,42.222054,1.7080985,0.94441445,0.041498243
2578,1.9234453,0.33895338,0.87258014,948.77243,12.52427,1.5844566,-0.048670485,0.01915473
2579,1.0714909,0.75378145,2.8943645,1988.5816,30.843642,1.8313172,0.21885075,-0.038512682
2580,0.012962018,-0.090499241,2.2243281,1712.7731,6.600495,1.8126057,0.17465764,0.023013836
2581,0.91564622,-0.73804944,2.4501991,182.13244,8.5881238,1.4535718,-0.720491,0.013891353
2582,5.317158,-1.0507338,0.56526312,863.79716,41.041184,1.4217251,-0.85032052,0.048001661
2583,5.4423819,1.0318243,0.39081579,1464.678,12.19732,1.6431859,-0.56234763,-0.027363604
2584,2.3013912,0.44690486,0.73848821,1652.6902,10.596515,1.711178,0.48876008,0.044687285
2585,5.8857344,-0.72242643,2.443877,888.83624,6.2536105,1.6188007,0.640639,0.013626254
2586,0.21160058,0.49626523,2.5833613,2507.8833,20.957516,1.9529137,0.66103424,-0.014665239
2587,4.2655128,0.044213602,1.0813016,541.85505,15.400637,1.5797387,0.37252633,-0.039374989
2588,5.9343597,-0.97164142,0.91264323,1075.1455,8.2742609,1.4698493,0.63785375,-0.028018364
2589,1.3270328,0.22787919,2.7643618,639.45944,13.623361,1.3550645,0.026196442,0.011633142
2590,5.5892698,-0.89203308,2.6432479,295.86432,13.876311,1.3844938,0.069362493,-0.022910402
2591,2.6203273,-1.1338103,2.1675129,1000.915,12.441782,1.5326778,0.28402967,-0.0019572502
2592,5.2260467,0.46045642,1.0090593,1109.6963,13.014533,1.5096834,-0.41558755,0.049568754
2593,1.3263372,0.085934094,0.44281464,1010.6172,7.3012524,1.4546768,-0.58324696,0.034187506
2595,1.1514064,0.10509222,2.2602022,606.97756,5.7298232,1.4542372,-0.29315514,0.04964484
2596,5.928926,-0.40249744,2.8325709,1490.5118,6.8460992,1.6651482,0.26691272,0.038463649
2597,3.8723743,1.2916837,2.2869318,1913.6034,6.8526981,1.9609392,0.91224347,-0.047011288
2598,3.4044069,0.80060738,2.1978563,604.20531,13.545353,1.6595011,-0.56667947,-0.038968404
2599,1.40682,0.87442886,1.1544735,1282.7104,6.7130186,1.7287197,0.93957536,0.023277106
2600,4.3227866,0.50959955,2.7336231,810.3319,6.5895443,1.5373376,-0.35043372,-0.038408878
2601,2.3680739,-0.32777611,2.5734607,2164.2915,7.1322638,1.9362376,0.66794462,-0.035146183
2602,2.0241551,-0.65329864,2.5835132,276.54334,14.619449,1.6053171,-0.84589882,-0.047171787
2603,4.5036982,0.96622045,2.2151847,151.35777,8.4199594,1.2256156,-0.69486977,0.0045058795
2604,2.3131745,1.0409201,2.224373,749.95262,16.097995,1.5024089,0.59367362,0.033690931
2605,0.50359403,-0.30736655,0.4491235,2704.1924,10.613918,1.7970232,0.35965334,0.014912516
2607,4.9585367,0.45079843,2.6487197,694.33723,5.7580159,1.5080927,0.51735499,-0.021327131
2609,2.7880152,1.0676087,1.1165416,1150.4516,18.792209,1.6301447,0.71476869,0.022838333
2610,3.8254721,-0.040638518,2.5242132,1577.1441,19.05547,1.7638075,0.48165775,0.047104405
2611,1.345749,-0.25451237,2.9826537,2154.3937,13.48167,1.8990628,0.6472054,-0.02034463
2612,4.7754724,-1.1819997,0.57394622,1026.3639,7.9400913,1.5062427,-0.63035495,-0.0071559594
2613,5.1109965,0.41215157,2.5305043,1713.6131,15.567043,1.6630034,0.40738329,-0.00029878072
2614,5.8943521,0.03349251,1.8792326,407.68783,6.2754445,1.2013955,-0.31017594,-0.031481145
2615,5.7640034,-1.0637722,0.6695219,1031.1148,8.6846343,1.7275581,-0.713656,0.039994096
2616,1.9562875,-0.91244284,1.9031426,665.39175,6.0495907,1.4728591,0.43013077,0.005357129
2617,0.8225635,1.0069796,2.8302857,1506.7422,8.0473387,1.7751218,-0.55295511,0.043418851
2618,2.0060921,0.62434763,1.571784,972.93738,17.578856,1.2974746,0.42446066,-0.039744493
2619,2.2064357,0.30630052,2.2865029,1159.1648,8.9597772,1.7150087,0.19032114,0.048109174
2620,6.0978907,0.49289602,1.6764188,73.960136,12.486506,1.3697291,-0.46944893,0.040738771
2621,1.2884192,-0.85617552,2.7786184,1229.3463,23.38154,1.759565,-0.47223786,-0.027619637
2622,0.0028117655,-1.2371034,0.47736186,761.78225,11.721633,1.4521867,0.93049789,0.011455013
2623,2.7367979,1.0311599,2.0465278,702.6199,47.470803,1.5931136,0.86844046,0.02481615
2624,3.2149742,1.1935421,2.8921767,1826.3885,8.7028772,1.8545562,-0.0228924,0.044566695
2625,3.728472,-0.99822668,2.0572582,647.67153,24.879948,1.3425616,-0.27265953,0.035486006
2626,4.2407238,-0.85602247,1.9580641,520.68428,16.025605,1.497669,-0.075841526,0.0026831212
2627,1.9387391,-1.2055262,2.2662361,1198.9137,8.3739264,1.5439353,-0.55379447,0.033103163
2628,4.9746748,0.26576927,2.4674781,1333.7145,9.214924,1.8616189,0.46567486,-0.023908021
2629,5.0714686,0.38466915,0.90648875,1630.7257,31.717666,1.7208326,0.49503317,-0.011782691
2630,0.32382125,0.33965807,2.5303674,1457.237,29.824968,1.9167428,0.10524359,-0.022391858
2631,6.2001642,0.81460651,0.74397929,489.31372,9.1956617,1.4710629,0.67856575,-0.041098665
2632,1.1757936,-0.26755855,2.750832,985.14952,10.757505,1.7183869,-0.55494478,0.012636893
2633,0.81450487,0.79278935,0.91103142,692.15022,10.164899,1.4644868,0.59543873,-0.049824736
2634,4.9117518,-1.1892568,0.44664962,1932.3912,19.130281,1.7303667,0.44831555,-0.03826344
2635,0.58374243,-1.3847889,2.1844237,1133.452,7.8537146,1.6504967,0.89922338,-0.024875806
2636,2.1619049,-0.43674804,1.038527,1138.4825,7.5014903,1.7272099,0.45877904,0.047881236
2637,5.2339548,-0.32041952,0.97743988,1868.7649,40.155534,1.9112962,0.72429138,-0.019016699
2638,5.9101171,0.84601175,2.4191691,414.43783,40.839795,1.4880503,0.46850812,-0.01129495
2639,6.2458905,0.66636182,2.5214113,960.5175,8.5306326,1.5651449,0.50460779,-0.020765172
2640,5.2466487,1.4256882,2.5937343,808.93691,10.831824,1.4864991,-0.66968789,-0.018145458
2641,0.79661452,0.58974159,2.0978594,706.92726,15.739944,1.6224407,-0.086962562,-0.011418808
2642,5.8016343,-0.60014969,2.9274885,1506.1469,11.460279,1.5689991,-0.48399686,-0.04292053
2643,4.0913928,-0.32842686,1.5715487,694.8243,15.586801,1.4774071,-0.22434727,-0.011617824
2644,5.1191131,0.076072435,1.6601955,1241.9503,13.327809,1.9441154,-0.54365416,-0.044732693
2645,0.60957867,-0.14738383,0.35427061,927.92601,27.396061,1.7011009,0.48518646,0.035859813
2646,3.2507871,0.5235196,2.2074508,579.5803,8.7897903,1.5154907,0.79166221,0.036342453
2647,3.1625109,0.77418897,2.5374058,2751.7,17.36446,1.9032244,-0.3174605,0.044658196
2648,1.6318871,-1.3146048,3.1284884,1279.5759,7.8264022,1.8986143,0.16950964,0.048423352
2649,5.2514192,-0.42960665,1.9423468,1070.7265,19.339228,1.7085874,0.45397299,-0.030641029
2650,4.9394662,-1.2574845,2.1194278,283.38152,20.033551,1.3389589,0.40141023,-0.017918604
2651,4.8820993,-0.59123595,1.7123471,284.23366,11.162378,1.3500235,0.68672019,-0.0026046526
2652,2.6614209,-0.75598406,2.6869478,636.51685,23.492457,1.3253887,0.87194201,-0.0018969541
2653,3.1375835,-0.40954799,2.8218868,832.38841,7.5286391,1.6147574,0.37117571,-0.0089513431
2654,5.9579406,-0.92975883,0.30673765,2340.928,20.690321,1.8235898,0.031362868,-0.00013584408
2655,0.45793322,-0.21802725,2.0522434,1317.4553,24.546374,1.599937,0.77575828,0.013109379
2656,2.6937543,0.62722598,2.3237065,1356.3271,10.307769,1.6301608,-0.19661586,0.011736935
2657,3.4614474,-0.95697337,0.87598004,704.21832,6.4312556,1.6064357,-0.23026215,-0.018895205
2658,5.3344977,-0.14007085,2.7386059,1308.5992,7.8262267,1.8914695,0.74400614,0.012619798
2659,0.87344348,-0.70083191,2.535396,1021.0465,35.430194,1.3447858,0.88007175,-0.043028295
2660,5.0246316,0.053122957,2.5520532,1227.4994,29.328362,1.6249003,0.78556431,0.017255425
2662,3.0003892,0.70348309,2.4184343,813.37151,12.775339,1.4271794,0.80302225,0.030870967
2663,1.7655526,0.86771735,2.8619261,947.18188,9.8495022,1.2248994,0.61696964,0.036238999
2664,0.76351491,0.77876869,3.0276311,2628.9433,11.158913,1.7832081,-0.38784891,-0.044537875
2665,5.4721589,-0.11198339,2.1971329,1324.0714,8.8830286,1.7822351,-0.0550773,0.017399013
2666,1.3444373,0.95429429,1.9774433,1405.1993,11.931537,1.4681434,-0.1705152,-0.043229739
2667,3.2961015,1.2297696,0.76351516,897.85975,6.3231033,1.5636355,-0.3244444,-0.01069597
2668,0.1375902,1.4736255,0.86095492,1637.2171,53.532524,1.7003958,0.76199873,0.0023140984
2669,3.8784513,-0.48419167,2.4467961,1251.9596,21.989571,1.8320207,0.38877943,0.028226733
2670,3.1402561,-0.98280858,2.1390766,874.2421,6.5854456,1.6743071,-0.7252078,0.00012309355
2671,2.9047391,0.98562752,3.0767874,1532.5595,7.1378967,1.7904813,0.7859137,0.018917973
2672,0.555129,1.1693713,0.37307155,2271.6716,13.788644,2.0603238,0.92931944,-0.043388786
2674,2.4752648,0.54133871,0.35031602,355.16928,24.344035,1.2378762,0.15315983,0.040535641
2675,3.0914122,-0.89297238,0.70286866,1308.1104,6.7502796,1.4940881,-0.20344566,-0.036365533
2676,5.5752177,0.21608569,0.3042115,1810.9635,7.233727,1.9463743,-0.59364204,0.042384258
2677,2.5970399,-0.19635594,0.80836218,687.64461,31.157308,1.3568694,0.28639101,0.012616583
2678,4.2805616,-0.34375265,2.6017888,575.08261,27.983943,1.3989768,0.57374497,0.012714876
2679,4.6525604,0.0025019023,2.3569762,1307.1114,16.111046,1.6369671,0.57698836,0.046764592
2680,0.15653907,-1.2555321,2.7217553,1015.3846,9.3147161,1.6419257,0.35694363,0.022978738
2681,0.91124743,-0.13113505,0.49447577,1291.5244,10.206445,1.5681274,0.6786143,0.027005849
2683,2.6546038,-0.85609217,0.52404775,1348.8274,14.002624,1.6948998,-0.88627001,0.016118169
2684,1.6372799,-1.3492487,0.77505856,1644.4052,16.32345,1.7347399,-0.36372032,0.045585551
2685,0.46633304,-0.94332173,0.33108687,1396.8531,15.391344,1.6939217,0.22480576,-0.043953977
2686,4.8545172,0.9871652,0.26218757,2173.1162,22.661105,1.7143175,-0.61725567,0.029352394
2687,5.2339632,0.7696448,0.5964163,545.47441,14.455182,1.4855165,0.81216543,-0.041360804
2688,2.7174825,0.25043865,1.5448446,825.21547,14.800388,1.4874682,0.2350833,-0.026918781
2689,0.23858226,-0.28471723,2.4862446,2527.1037,8.2587263,1.8255985,-0.14984719,-0.01143425
2690,4.4387918,0.63754393,0.80393331,134.75905,15.798287,1.3026353,-0.46608365,-0.020409064
2691,0.55107902,0.34170322,2.5363929,1742.6365,7.6003791,1.7463651,0.85637452,-0.0030713427
2692,6.1569801,0.5075838,0.75818573,1766.8298,7.627503,1.7741888,-0.47863461,-0.013109403
2693,4.6576399,0.23224483,0.80702684,1972.1002,6.9599399,1.8039822,0.95200865,-0.035248305
2694,5.4292927,1.3416407,2.4176937,1567.2129,11.293682,1.5803459,-0.082182961,0.031653436
2695,0.64176854,0.13302663,1.3201004,679.27508,24.858153,1.4099873,-0.51351516,-0.044913127
2696,0.88876449,-0.44803193,0.70217548,1674.1023,7.4913342,1.6210947,-0.2303749,-0.015685972
2697,0.31336476,1.0272168,0.48262379,1359.099,13.67097,1.6214331,0.93731731,0.029488325
2698,4.5708949,1.0802638,2.0584852,1691.2156,6.744112,1.8621322,0.57729726,-0.044639754
2699,2.2629462,-0.055890156,2.3491026,1409.048,7.0883041,1.5821111,0.96472682,0.01540513
2700,3.0742806,1.106265,0.54786271,907.9911,18.657991,1.522096,-0.30887024,0.012981175
2701,5.2851437,1.17142,2.5775749,1247.2639,8.1238108,1.739227,0.49458508,0.016930341
2702,1.6160415,0.7600351,0.68381372,1003.7208,7.2437946,1.5929267,-0.36999908,-0.034965787
2703,2.6756332,0.13159165,1.5536687,743.11694,8.3658561,1.6687495,-0.42624529,0.0021076802
2705,6.2557312,0.25382578,2.7268586,254.08311,6.4754526,1.3854076,0.18945369,0.033071135
2707,6.1972249,0.15179856,1.0952309,1923.6295,59.274991,1.8293142,0.68000364,0.011716692
2708,5.5438058,-1.1483569,1.0211236,695.97502,7.7978462,1.298079,0.64373008,0.039123935
2709,0.23489538,0.49403564,1.2144509,753.35223,13.488186,1.3974775,-0.80232712,-0.0033901706
2710,6.2639466,-0.96498158,2.329327,1182.0581,53.951148,1.6339718,0.76361684,-0.017880106
2711,3.8337697,-0.6122397,2.3935829,1548.9571,51.432369,1.6727164,0.92805886,0.0082780103
2712,1.0009204,-0.32355431,2.4261959,2425.388,17.131261,1.9602514,-0.31496814,-0.0037831376
2713,0.77509023,1.1229591,0.58500657,1400.7035,6.7540327,1.7869188,0.2782036,0.034372209
2714,2.0916139,-0.49472148,2.57223,552.52773,6.9584379,1.5862402,-0.5161141,-0.039179039
2715,2.9740383,-0.44834281,0.94324854,1005.5062,14.861963,1.6487173,0.9775126,0.026807883
2716,2.847876,-0.5238014,2.2362476,2934.2114,15.392401,2.0598576,0.67906814,-0.042348924
2717,1.3969511,0.08092251,2.8911745,1376.2399,9.2091051,1.7414488,-0.47558849,-0.042802273
2718,1.046569,-0.85048034,2.6105104,903.08315,11.495406,1.6268718,-0.048062748,-0.02908937
2719,2.1823976,-0.079308782,1.6306751,201.35604,13.82046,1.3587799,-0.10721318,-0.021960649
2720,4.3553358,-0.65797843,1.0221324,303.48564,6.4242984,1.4035376,0.16928479,0.0055809663
2721,1.0203967,-0.97230183,1.1289707,840.2745,24.398534,1.545709,-0.11313855,-0.0031765318
2722,5.1936008,0.13052863,0.866959,2229.2842,28.926465,1.8714765,0.90893277,0.026098091
2723,3.4523528,0.81876467,2.5360393,656.05774,5.9136416,1.4035327,0.52397171,-0.029354727
2724,2.4985743,-1.3989083,0.26409994,1874.4489,7.9197145,1.7751356,0.79978897,0.0090834466
2725,3.6444895,0.65926691,2.2325059,2436.9593,19.356487,2.0453533,0.80335799,0.041086407
2727,1.969082,0.29601501,2.6696689,1172.5859,8.6173108,1.651893,0.25805836,0.0083841535
2728,3.6281018,-0.87876453,2.3439478,540.84763,45.408371,1.5052321,-0.16317145,-0.037761015
2729,5.9318559,0.72680779,0.63872174,1200.4706,42.504452,1.565979,0.95847863,-0.042940118
2730,2.5504348,-0.051897912,1.0282759,526.09015,15.813563,1.31691,0.60249571,-0.0066515457
2731,0.2922456,-0.59470086,2.3681361,959.48709,14.467485,1.4255365,-0.19189421,-0.04212316
2733,4.6184821,0.13830908,2.8148529,1616.5261,20.252488,1.5134482,0.10800042,0.039333879
2734,3.3797223,0.68655272,0.85287199,591.79413,7.0138365,1.3042624,-0.3277202,-0.011494289
2735,0.11738859,-0.9915491,0.55882556,1144.1941,21.790617,1.6940132,-0.18553427,0.036678113
2736,4.2270553,-0.091311104,2.0843822,124.71108,7.2846445,1.415929,-0.024849571,-0.032587373
2737,3.0965794,-1.1957529,2.2848964,2516.2497,38.242412,1.7499202,0.53289406,-0.017931395
2739,6.2398825,-1.106721,2.6274005,373.32786,7.585895,1.3972534,-0.079135752,0.04399778
2740,5.756697,-0.50446959,0.30717814,968.17424,31.300084,1.5422358,0.60002619,0.040347779
2741,6.239143,-0.53150065,0.64160432,969.75503,6.3027516,1.665062,-0.28305274,-0.0079245814
2742,4.9193745,0.65592707,1.1083054,320.07182,15.19477,1.455253,-0.97747607,0.039445206
2743,2.9881938,0.023775813,0.89940338,817.40192,7.5119022,1.4399688,0.053469949,0.014859438
2744,2.2418624,0.73709275,2.2016396,655.27375,6.0861923,1.3755222,0.62655083,-0.011027745
2745,4.4627148,0.75078705,2.2916597,876.02926,16.308339,1.5753529,-0.40158898,-0.0079149005
2746,2.2218036,1.1770027,1.7845173,3513.2368,13.39628,2.0433839,0.91105723,0.031632009
2748,3.3639983,0.42547424,1.0843912,1439.525,55.73575,1.7981281,0.97506379,0.0063187169
2749,4.7817069,0.64698875,0.53645447,1811.9037,17.489298,1.8132753,-0.77491946,-0.032588162
2750,1.4280042,1.3770529,1.1755831,1178.3421,36.35769,1.7350166,0.61733877,0.013152691
2751,0.97811714,1.0022276,0.99124928,647.90137,8.6868657,1.6263917,0.72747806,0.040699435
2752,1.1873102,0.96393059,2.5751171,1410.0027,10.639853,1.6715511,-0.28141899,-0.0320277
2753,4.5149696,0.72973184,0.56074042,1350.0391,8.4167899,1.8701357,-0.96913821,0.032446855
2754,3.1922729,-0.49116741,0.70545622,1270.4641,6.6596095,1.4919156,0.51595672,-0.021779553
2755,4.839743,-0.78197659,2.4066825,1400.7316,32.821334,1.9484223,-0.2505908,0.045810237
2756,0.79884995,-0.1568506,0.28181266,697.94956,8.8445594,1.73058,0.93811867,0.0019132174
2757,3.3918601,-0.61538762,0.42304087,2547.7829,11.405536,1.9354185,0.38904674,0.031620202
2758,4.0681176,0.55320355,2.2288743,287.98763,12.871989,1.48401,0.55975234,-0.032532016
2759,4.8405543,0.47414549,2.2182083,995.41181,10.296047,1.4364972,0.39216033,0.028030903
2760,1.1426799,-0.040609134,0.66103817,783.26101,6.4077438,1.4629715,0.45350369,0.0021476131
2761,5.1636603,0.65679725,1.3358716,234.05454,5.7127584,1.2904027,-0.96348423,0.04991339
2762,1.9014089,0.051910083,2.2388301,1202.3452,8.2697464,1.7384173,0.93940648,0.038533486
2763,4.7611539,-0.31635939,2.4857503,1458.8965,8.9200897,1.7768062,0.76541135,-0.013996809
2764,4.5620655,-0.39187014,0.93056897,1196.65,7.4843862,1.7084682,0.88124747,0.049658802
2765,5.2403091,0.80288957,2.0224457,550.13332,6.1514701,1.3802355,0.49032702,0.030157338
2766,1.7224173,1.1818987,1.5955383,685.74827,13.74456,1.5130509,0.67568747,0.013088961
2767,5.913131,-0.35691725,0.047465905,1026.87,16.167,1.6627651,0.4702806,0.007395024
2768,5.9857805,-0.70356674,0.16395632,764.508,10.80192,1.5241912,0.95704346,0.0073560621
2769,0.73616072,1.2554586,0.54102752,1668.0269,17.405024,1.7492071,0.11165525,0.024419438
2770,1.6267613,0.88864839,2.8815404,538.22738,7.1259072,1.5516262,-0.82031628,0.027202855
2771,5.7406319,-0.38432512,2.5386374,2478.5835,13.719382,1.8657785,0.01646441,0.010299324
2772,4.7524582,-1.1200732,2.4555403,813.93586,6.3841976,1.6486285,-0.29479726,-0.0088586729
2773,5.9605692,-0.37815076,2.5910516,712.72107,11.065402,1.5030439,0.82170839,0.02772938
2774,2.6138253,-0.9261051,0.41636416,946.07226,6.760613,1.6022487,-0.74025733,0.042779873
2775,2.6480791,0.27942263,0.840876,137.83912,6.1139156,1.3673116,-0.18412683,-0.034859068
2776,6.0356004,0.65558498,2.5133018,2104.7583,7.7833865,1.9667852,0.247272,0.03122293
2777,1.4397962,1.3486333,2.1035457,775.79128,11.045887,1.4526143,0.58235599,-0.048949338
2778,3.6806258,1.197044,2.4441961,1278.4644,21.085471,1.7805805,-0.6688763,0.031501645
2779,2.9905599,1.0698275,0.75720371,730.88803,13.602921,1.447128,0.89300649,-0.011618092
2780,1.8121954,0.72323027,2.5028133,1177.9846,7.8618222,1.6870335,-0.47645912,-0.044651102
2781,2.6643905,0.063578924,2.532585,415.9024,27.108617,1.5156103,0.83188454,-0.046497818
2782,5.8047902,-0.4310583,1.6614452,1202.4794,8.6213948,1.6799695,-0.44177044,0.01344134
2783,3.7225661,0.66851686,2.386114,548.99306,7.4503277,1.4423163,-0.22878611,-0.032578007
2784,5.5094821,-0.33491147,0.4892124,1392.1159,7.0303686,1.7644771,-0.6024452,0.035119817
2785,3.342383,-0.87888137,0.87862159,1023.0067,9.5452867,1.6072881,-0.63704404,0.023305022
2786,1.0024732,-0.05342935,2.6268957,2181.3474,31.852104,1.9753662,-0.50547503,0.041823121
2787,4.3013162,0.78784684,1.8282853,438.72894,15.691515,1.4498847,-0.66279926,-0.033585081
2788,2.747493,-1.2439404,0.71243515,1997.9064,66.423343,1.5585424,0.87648489,0.019391903
2789,4.950441,-0.89955573,2.8089775,1651.4922,10.426603,1.7492289,0.98049479,-0.046520472
2790,6.0073953,-0.15199522,0.97516802,152.85951,8.931042,1.2254303,0.058133161,-0.0032739564
2791,3.9866628,0.025016376,2.4547786,1172.8892,10.703505,1.545498,-0.19331349,-0.034886628
2794,5.0326254,0.89256813,0.87078774,830.61202,5.9178669,1.4896234,0.19374737,-0.04831353
2795,4.3407795,-0.11044757,0.35705017,368.12849,5.4099946,1.4504495,-0.69259698,0.020645644
2796,0.58627184,1.1135462,0.76288142,1397.7928,7.9214782,1.4431983,-0.97066778,0.013408878
2797,3.948974,0.64465327,1.5521544,1918.207,40.814178,1.7556034,0.87033636,-0.028304797
2799,0.3391975,-0.93997291,2.3743211,1280.727,15.972776,1.8772355,0.42141079,0.0045973346
2800,6.0026982,-1.0844073,0.59887934,594.02472,10.576025,1.5863571,0.06757904,0.0063657198
2801,1.0852184,1.4216463,1.2075563,639.97198,31.070198,1.5007676,-0.56219609,0.0041964012
2802,3.3487111,-0.54687435,2.4395255,1619.2645,25.110311,1.8268817,0.10717212,-0.034643772
2803,2.5051832,-0.98284265,1.3629954,314.32866,5.5523053,1.2993799,-0.088129512,0.049338035
2804,5.7368595,-1.2429349,1.4786244,423.86738,9.1428512,1.4973247,-0.40914818,0.0067995274
2805,1.7767908,0.87910799,0.78368795,1259.3611,16.179683,1.5880874,-0.54655399,0.0094597474
2806,3.073396,0.0043813245,1.1860391,619.54086,10.568016,1.5559702,0.43492329,-0.0081593626
2807,0.25041632,1.2627819,0.78075352,977.16325,6.1467838,1.6146995,0.13711081,-0.031949575
2808,3.206834,1.0955988,1.7167927,243.27071,15.471526,1.4159046,-0.69620242,0.0069937608
2809,4.2384796,0.1979559,0.49080676,1145.6348,10.421235,1.7261745,0.34519514,0.030141373
2810,4.3324992,-0.52674364,0.73134666,639.46607,9.1156831,1.4758983,-0.81437552,0.044981603
2811,4.1402021,-0.87729072,3.0318201,1362.6085,26.848975,1.7722966,-0.50073338,0.025636854
2812,4.6090604,1.3648727,0.94593613,660.79872,27.027684,1.5033096,-0.89529141,-0.0324778
2813,4.7576565,0.30570228,1.2061189,867.68596,8.3584774,1.6142384,-0.92856693,0.035723301
2814,2.1650533,-0.41364348,0.96315007,1291.0972,33.824373,1.6876,0.90493918,0.0015581494
2815,1.6715833,0.85440574,2.7597932,2123.6133,17.249395,1.8686715,0.91968923,0.048208419
2816,5.0636024,1.3747203,2.3714101,1259.1016,16.002568,1.5822215,0.11090168,0.016278094
2817,3.438492,-0.43653617,2.2878614,904.77674,5.9600501,1.6151129,-0.5396795,0.0021485797
2818,3.4754686,0.98712363,0.37619058,1244.7607,15.893449,1.688481,-0.42540052,0.017241553
2819,0.70137944,-0.5560373,2.6177396,599.42956,15.074069,1.4481749,0.88559657,0.0045880298
2820,4.8070116,-0.35229962,1.7435411,596.13788,11.196572,1.4388442,-0.72866488,-0.043559564
2821,0.15740135,0.86981113,2.4720385,389.49533,10.858378,1.2596709,0.97064518,0.013942236
2822,1.7370939,0.93729547,2.539906,1402.269,7.5104817,1.7302092,0.19398359,-0.026535365
2823,3.6348775,0.85640704,2.3252429,1189.5436,11.199357,1.6042746,-0.63575786,-0.010385777
2824,0.49415794,0.9160879,2.0946767,585.90625,6.3782321,1.3340898,0.65812035,-0.041896036
2825,1.5704846,0.63920736,0.30133421,2180.6279,34.300866,1.8807525,0.89861744,0.0091985686
2826,2.4078464,-0.1545019,0.39927054,586.07315,14.611283,1.4740357,-0.70557587,-0.017542474
2827,3.2380872,0.28839101,0.48073338,472.58624,18.91052,1.3912629,0.51934766,0.020735498
2828,3.0656681,-1.2946427,1.2554413,357.86616,7.2428971,1.4485729,0.69958905,-0.022700056
2829,3.3099874,0.96002866,0.65510519,1434.6759,15.723048,1.7012805,-0.15330733,0.039945178
2830,2.9736373,-0.3108467,2.9115519,2751.2474,9.1657007,1.9508213,0.92500393,0.03737375
2831,5.5562409,0.86032943,0.92497956,1409.2363,15.238169,1.6805786,-0.070280672,0.021697668
2832,5.0958008,-0.72423151,0.45899916,1018.9305,6.8827553,1.5235086,0.24632196,0.011636915
2833,2.9941431,0.9218631,1.9623413,523.17704,6.7445718,1.4953555,-0.92847393,-0.0073293009
2834,1.2552557,-0.23227084,0.67250808,1488.072,6.5186932,1.6635633,0.98282154,-0.021039999
2835,5.4426482,0.12536422,2.2408974,1609.4363,9.3879933,1.7098978,0.65491308,0.017471457
2836,1.4473884,0.34943455,0.7432823,844.84899,30.755577,1.5692447,0.60561448,-0.0029881991
2837,4.7418733,0.45403073,2.6766933,1144.4939,6.3979798,1.7720589,0.53396916,0.027087857
2838,4.7950227,1.0308703,2.7175394,1011.6919,13.765156,1.3923303,-0.82996348,-0.049344079
2839,0.052483676,0.86983027,0.20401214,1947.5698,18.713217,1.8085675,-0.67656461,-0.042722237
2840,1.9042708,1.2317568,1.2970913,763.46254,11.491154,1.5501985,0.051619836,-0.034845236
2841,4.5367621,-0.62041792,2.3481051,1037.5477,6.8262394,1.5347024,0.49984135,-0.0034318811
2842,0.20120146,-0.69623541,3.1065843,1180.1989,9.1010332,1.8593426,-0.68620854,0.020388022
2843,3.2957463,-0.2518121,0.74002343,879.44442,7.124754,1.6575007,-0.15728801,0.0047665687
2844,5.1930084,-0.32083069,2.17217,1350.6623,25.542993,1.6413415,-0.64827383,-0.012249209
2845,2.3191346,0.72630089,0.28502052,1764.3424,9.1597134,1.7654534,-0.55065587,0.044125322
2846,3.0145676,0.60028112,2.4324476,1743.3916,44.968793,1.6617191,0.28773086,-0.021343779
2847,1.7917921,-0.96690385,2.2304216,719.84147,7.2827919,1.5852038,-0.23513259,0.012253056
2848,1.5765831,-1.1465906,0.45432537,1811.1303,9.195349,1.7594654,-0.1318766,-0.012149657
2849,5.4806369,-0.074680543,2.6198943,1817.3878,17.22304,1.8205689,0.23790582,-0.033921241
2850,0.00097764429,0.75976327,1.6477019,347.60898,7.5673512,1.436608,-0.45064481,0.0050704616
2851,5.4489004,0.13679798,0.2661067,1557.4687,13.471971,1.6780674,-0.20211094,0.0083906282
2852,2.0889844,0.38088187,2.2883101,1200.8516,13.862256,1.5981357,0.21389334,0.013014118
2853,1.9755342,0.43686781,2.9048792,1418.2595,27.664046,1.6074777,0.58019129,0.015374944
2854,1.1023594,-1.2840525,0.48936793,535.86926,7.7697785,1.4716881,0.045043355,0.021027706
2855,0.88540136,-0.0020326911,0.1230346,1784.2585,51.971509,2.0118413,0.43124386,0.0096743391
2857,5.2746543,0.14597747,0.60232387,1599.9931,22.130443,1.7469795,0.1120665,0.024764685
2858,2.4605821,0.25849103,2.8617027,882.81487,9.4713795,1.730738,0.81954597,0.044985402
2859,1.3766209,1.1684885,2.0485288,1432.1719,7.917572,1.7033824,-0.34918585,0.04111168
2860,5.5418837,-1.2223319,0.56226738,977.1899,9.6638115,1.5782594,0.7644574,-0.033781107
2861,3.1832826,-0.11495975,0.87769451,548.03056,5.6414719,1.3598823,0.19945238,0.014514625
2862,5.699187,0.48057762,0.98707299,1461.5386,10.772062,1.7905027,0.26124019,-0.044202845
2863,5.7851083,-1.3758005,2.1003483,293.5117,11.104961,1.3799647,-0.86228402,0.025269953
2864,6.1237151,-0.48773439,0.94573861,1368.9074,12.824762,1.8320605,0.83513187,-0.020485384
2866,0.62193618,0.044619437,1.2524533,464.29642,10.96316,1.4770172,-0.8435473,0.020688871
2867,4.0209541,-0.47735644,0.494128,1157.6254,11.760747,1.7813217,0.29506867,0.0015797939
2868,0.081837715,0.9679589,2.9608829,1731.7195,11.886666,1.9358761,0.82723903,-0.03522887
2869,3.4466427,-0.69878237,1.6522028,647.1353,6.552876,1.7319774,0.96619569,0.0060617265
2871,1.3178748,-0.07123884,0.58573535,1399.9623,36.101201,1.6723688,0.87954837,0.006637439
2872,2.0173084,-0.1770738,0.57613666,869.04341,18.774684,1.5630124,-0.49925271,-0.021435167
2873,2.1021913,0.095235887,0.80725779,1109.5345,44.177706,1.6637711,0.63345381,0.049911666
2874,2.8031471,-0.76959559,1.1004991,751.09385,11.199991,1.332381,0.74664372,0.011619058
2875,0.15713635,-0.096246684,0.45782125,638.60672,5.8231614,1.6793034,0.10557225,0.0093612638
2876,1.3992256,0.6980836,2.6315483,1119.4568,7.144874,1.6472498,0.24603522,-0.031621487
2877,5.088906,-1.2508125,0.73560072,1273.662,16.791334,1.7159888,0.57575206,-0.020819658
2878,3.5842611,0.41432075,2.6430337,1404.6885,14.210766,1.4756505,-0.39190813,0.03689809
2879,2.4094321,-0.45988173,2.5299061,1733.1871,12.15922,1.7685324,0.17296334,-0.048129879
2880,3.3064775,-0.84859953,2.7304082,1802.3611,24.270315,1.9588675,0.97671418,0.018075917
2881,0.81392911,-0.94443823,0.70283157,446.61751,30.879971,1.2289882,0.52351681,-0.025024012
2882,2.0757627,0.15823037,0.40083047,1393.4806,11.71154,1.7847668,-0.96935994,0.037411392
2883,0.99681879,0.055060303,1.1001448,2265.7406,9.4144573,1.941864,-0.68196649,0.03415532
2884,5.9590205,-1.4678089,2.730001,3663.4119,31.059775,1.9858283,0.69232695,-0.013365996
2885,3.0722958,-0.81353033,2.5851111,719.65339,13.540842,1.6048496,0.27914504,-0.0086365369
2886,1.5217849,-0.023167461,0.56463002,1002.982,10.853486,1.6843941,-0.94177404,-0.044024358
2887,3.4577257,-0.3669418,0.41425336,854.92301,10.486854,1.4460952,0.67760857,0.011971233
2888,5.3907133,-0.52032587,0.42783742,867.42043,8.1541441,1.5265121,0.46608382,0.039126422
2889,5.8876754,-0.8998522,1.30295,446.6834,6.3379506,1.3715075,0.46853299,0.033044964
2890,2.3206783,0.9498918,2.4219868,899.9948,19.372738,1.5494018,0.55147804,0.013067828
2892,4.532684,0.32037181,1.9052592,296.86232,5.3443432,1.4291395,-0.93708245,0.028097957
2893,2.500419,-0.78435227,2.3464622,1119.6912,9.7207048,1.6011419,-0.46750226,-0.0073212061
2894,0.16950202,-0.028419817,0.3389259,521.52475,16.756052,1.5011915,0.10958767,0.026111976
2895,1.4236289,0.46079566,1.9594977,579.04897,12.419377,1.5195457,-0.49570748,-0.029283565
2896,2.8011293,1.2208228,3.0070253,2572.9507,18.90254,1.9058465,0.4221546,0.012198471
2897,1.3625207,-1.2498731,2.4328273,598.89884,11.120658,1.3332762,0.40571358,-0.024251045
2898,4.9592471,0.66886768,0.54824653,785.32102,8.3877555,1.5981289,0.62605269,0.028136209
2899,3.1545071,0.49906865,2.3052368,206.78773,23.525786,1.4487175,-0.75659322,-0.048787053
2900,2.2992214,1.207167,0.64131788,863.56539,11.119067,1.4994024,-0.055466417,0.025830236
2901,3.4455549,-0.21585691,0.5104085,1829.6371,13.485523,1.8982513,0.87753161,0.048211685
2902,1.9327632,-0.053886614,0.4365874,1021.1098,7.6966864,1.7285817,0.80619853,-0.036833943
2903,0.57170484,0.42634492,2.2484176,754.39995,36.662834,1.5260054,0.2852191,-0.0390546
2904,3.8932864,-0.2252453,2.3305197,1165.1167,9.0407626,1.7226707,0.48477917,-0.028403323
2905,5.232663,-0.32474822,1.3875613,700.80293,6.3792104,1.4934595,0.72886162,0.0031281264
2906,0.30415131,0.65299827,1.8558345,642.81371,10.176566,1.5902814,0.41566647,0.028854345
2907,5.888112,0.28424203,2.8469433,3100.1082,53.002392,2.025819,0.94697914,0.029959369
2908,2.8984332,-1.2050447,0.3719996,1122.4208,9.5559325,1.4106762,0.793228,0.021111828
2909,0.17192821,0.32103419,2.026083,819.65392,5.9145919,1.4793137,0.27859789,-0.0017474742
2910,2.287185,-0.61119144,2.3787381,444.36007,15.975134,1.5881048,0.51673573,-0.03399273
2911,3.9650515,0.25521792,1.5732951,463.32881,19.118316,1.5030743,-0.27537373,0.031540489
2912,4.8274147,-1.0197905,1.4499091,1865.0226,23.913854,1.6352246,0.7120404,-0.03578117
2913,3.5445858,-0.27225307,2.8063934,847.89522,7.5389463,1.5718114,-0.80223357,0.049940128
2914,0.47450858,0.99578406,0.41932348,2205.2847,20.644039,1.7293531,-0.92070385,0.020273182
2915,5.3481929,-0.78691478,2.2384874,1797.9728,10.922307,1.8153378,0.68260261,0.01797455
2916,3.6195524,1.175314,0.44241275,3196.8077,54.410669,1.9424045,0.40772349,0.036932515
2917,4.3911642,0.076134456,2.3776845,1425.7123,9.0965429,1.6807831,0.82524082,-0.01114655
2918,4.5367814,0.49797447,0.72513523,657.36583,13.960825,1.397108,0.61737483,0.019392584
2919,1.2116286,0.31881755,0.14646357,1583.2551,9.4012393,1.7251647,0.69638824,-0.021169678
2920,5.0752318,-0.22327451,1.4790309,650.56328,12.342747,1.6235492,0.55872182,-0.017976939
2921,4.4296668,0.047057069,2.9535505,2010.8787,8.9278779,1.9244751,0.23412245,-0.041544454
2922,6.2330898,-1.4465345,0.77264363,2356.6271,31.517054,2.0188106,-0.47572594,-0.048374485
2923,5.1939442,-0.50542779,0.81636917,912.51429,21.854231,1.5930662,0.020884942,0.029067306
2924,6.1777948,-0.53170755,2.2866958,1871.2171,31.240408,1.6820247,0.69724381,0.0045205469
2925,5.6054915,0.15288,2.5018831,2226.1513,19.154846,1.9023253,0.21208484,-0.020811549
2926,1.8416213,0.68388937,0.21991601,2446.3651,49.507523,1.8321853,0.89617314,0.035576749
2927,1.9574679,0.37156662,0.60469033,771.97645,38.848894,1.6333854,0.32540755,-0.0013165251
2929,4.4774856,0.28857377,1.6836595,754.96322,11.4869,1.4143858,0.76790752,-0.0045543638
2930,3.4445893,0.89621015,2.6276703,1268.086,9.0780393,1.690037,-0.97878529,-0.025934867
2931,1.8256037,-0.028593723,2.7303377,1066.8892,7.1145941,1.5856874,0.14349924,-0.045363521
2932,1.9106052,-0.13376596,1.8589541,907.60909,7.118947,1.6037386,-0.35172252,-0.033138772
2933,2.6947398,-0.37132487,1.9900406,941.58733,24.111281,1.4767104,-0.97661437,0.039680355
2934,2.4061912,-0.28984011,1.5227237,464.75734,11.982844,1.3699383,0.33496076,0.0057647007
2935,4.8258326,-0.37915363,0.70653173,1302.3758,17.746559,1.6573682,0.82474729,0.033954052
2936,0.66715526,-0.62080247,2.4800381,1944.1027,10.563219,1.8779586,-0.21078341,-0.036414327
2937,5.3492571,-1.0487985,2.3026835,1251.8698,11.53259,1.7264843,0.64667268,0.025698806
2938,2.4961618,-0.70917324,2.8611368,1203.4742,8.97768,1.4133121,0.84914658,-0.045846202
2939,2.4577362,-0.38186196,1.0013005,2636.263,13.333069,1.9731426,0.71518208,-0.014840609
2940,2.146129,0.48346055,2.8201141,1513.0093,10.452253,1.7174211,0.023413399,-0.023028671
2941,2.9365911,-0.60608891,0.39873049,1567.3224,6.9215231,1.6847768,-0.23013574,-0.0013490053
2943,5.7973615,-0.66272038,0.65991979,910.23732,7.6514938,1.5578923,-0.50730761,-0.042787544
2944,1.3015923,-1.2726026,0.37756573,2554.0708,9.2923582,1.8698028,0.78608981,-0.025167348
2945,6.0864572,0.55978496,0.55420556,1345.4844,16.956419,1.7127131,0.61147865,0.0018448515
2946,5.8139744,-0.092189532,2.5155375,1338.2433,22.990998,1.7265546,-0.64728549,0.03668345
2947,4.5957455,-1.3100441,1.0373483,684.81278,23.638862,1.5803699,-0.094680347,0.034770994
2948,4.4874627,-0.6981623,0.94942892,1245.0041,15.885059,1.7114918,-0.33939115,-0.011894137
2949,4.5540695,1.2722681,1.0143835,1089.7756,9.73617,1.5035194,0.090434369,-0.043205254
2950,4.1427515,0.93311196,2.7496638,666.07536,9.2947746,1.5206548,0.75713872,0.014113643
2952,2.530207,-0.5305666,2.8958683,1892.7472,21.241604,1.7704733,-0.12501485,-0.01603696
2953,0.63817529,0.14743082,0.55433483,359.64725,12.444933,1.4910006,0.52706159,0.029976598
2954,3.2558566,-0.51656083,0.86826954,828.97532,41.36306,1.4601823,0.34621821,0.017395769
2955,1.1709876,-0.6550716,1.5821283,1457.2721,27.778406,1.722266,0.56729998,-0.0081609489
2956,4.0519079,-1.2666917,0.75802308,1090.5424,11.835293,1.6725988,-0.45331857,-0.021726329
2957,6.2208208,0.46842671,0.32457779,1072.2342,9.6259349,1.5484542,-0.56836971,-0.0011498706
2958,3.6236174,-0.75867842,0.54226412,1615.2301,15.20554,1.6879729,0.1603314,-0.048670482
2959,3.5148604,-1.041635,2.2246591,209.97347,8.9875112,1.5050587,-0.44468086,0.037512678
2960,0.64521975,-0.32674911,2.3634305,1007.1551,7.3805261,1.4290658,0.7487493,0.0013748578
2961,0.13093745,-1.327867,1.6247944,523.39738,17.035265,1.4145716,-0.77880234,0.011156354
2962,0.75949106,-0.41628567,1.8793672,2760.569,47.206278,1.8184176,0.86072029,-0.0041733861
2963,3.6987878,-0.072321333,0.47170975,1025.6806,7.6147496,1.3184681,0.24005103,-0.031498176
2964,0.22326887,-0.85850524,3.0144495,2726.0281,15.260689,1.8410073,0.59287836,0.029089703
2965,0.37168742,-0.29806462,0.16736033,1157.9553,12.18777,1.801741,0.16848859,0.036617519
2966,2.4902275,-0.73062257,0.61801833,1162.0786,6.3946338,1.7516506,0.89225124,-0.021935242
2967,2.0867919,-0.3121937,1.0137214,1902.3511,7.0551901,1.8355173,0.0414119,0.0010803496
2968,1.0173126,-0.9443076,2.3070993,751.78394,9.0507011,1.7417696,0.93473312,0.01816927
2969,3.0499915,0.028282086,0.64601768,1272.6814,15.824349,1.867736,-0.88802559,-0.023638146
2970,4.2948259,-0.40040074,0.93360031,815.67896,17.912804,1.4947439,-0.96583601,0.029381004
2971,3.9072542,0.42084973,0.41385072,2048.4903,53.163269,1.8705654,0.92833958,-0.023132549
2972,4.2781084,-0.087420115,2.4687892,1761.4631,52.903235,1.7955947,0.71969823,0.011452974
2973,0.32347545,-0.73758066,2.6455942,2247.6344,34.396879,1.6011822,0.60555179,-0.0063108173
2974,4.2093417,0.2733426,1.8892198,540.02756,28.31273,1.4988943,-0.19914346,-0.027388595
2975,3.6197119,-0.47333786,2.9135096,1487.9644,21.546692,1.5640653,-0.010370265,-0.027097592
2976,4.6637442,0.28935017,0.6356586,631.86411,7.8536639,1.5037522,-0.16019629,0.04571035
2977,2.0256611,-0.76226418,2.4465407,1580.9827,9.6958254,1.6674124,-0.09042099,-0.023950216
2978,0.91178589,-1.0170247,0.46239622,663.79056,6.8504582,1.4045287,0.021632235,-0.015631949
2979,1.4256684,0.66543158,2.7409815,2115.7781,12.772309,1.8666239,0.57300741,0.039831773
2980,3.8250924,-1.2547545,2.6963951,1899.6593,7.6188669,1.7833704,-0.84911061,0.023283206
2981,6.0481751,0.84302011,2.1066293,771.97203,6.7615698,1.5888821,-0.47260824,0.033098239
2982,6.2052429,0.43098808,2.3948421,654.92984,16.824991,1.2108862,0.31175212,-0.046372489
2983,1.8941213,-0.28477696,0.43114554,874.18494,7.8623018,1.6011379,0.31451297,-0.016391889
2984,2.8267877,0.86383977,2.5682307,1241.5555,26.336827,1.683331,-0.40537994,0.0070955241
2985,1.2843051,-0.63991083,0.68140366,938.35287,17.98127,1.5267461,-0.88873238,0.012556896
2986,4.3330566,-0.19483614,0.46128559,2182.8851,10.923972,1.8935776,-0.65215088,-0.023649175
2987,0.17279129,-0.36911241,0.43252938,738.50205,25.884977,1.4397187,-0.11873854,-0.010724594
2988,2.0602542,0.91337996,1.0029866,300.28853,17.82994,1.4344499,0.30883214,0.030511339
2989,0.61868874,0.51292944,3.0048781,465.67977,7.1484269,1.3524323,0.39213326,0.030933933
2990,2.2700787,-0.25550769,2.8835275,2212.8502,20.58599,1.7126247,0.91885479,-0.0037733805
2991,6.157673,-0.72616066,2.3329617,1053.9832,8.7453513,1.6565679,-0.080482484,-0.045178645
2992,2.2044895,-0.56188244,0.68196809,1551.8586,9.034137,1.9791854,0.27593269,0.0008445938
2994,5.2811978,-0.48701023,2.3162343,871.55032,7.2240279,1.3748888,-0.26892962,-0.039695751
2995,5.4364369,1.4932324,0.62549272,1159.9467,20.918009,1.6183715,-0.35332759,0.015159027
2996,1.6754231,0.85575337,0.3653455,838.64879,6.1969212,1.5670663,0.30672621,-0.00043317788
2997,5.4187944,0.72894192,0.28433915,3408.4254,10.56425,2.019991,0.51473711,-0.027659459
2998,4.4429621,0.36901584,0.65374192,1504.695,25.931401,1.8081076,0.78193981,-0.0011193514
2999,6.1740042,0.41809675,2.8206195,1705.7133,8.7253542,1.8992749,0.86144311,0.010017426
3000,1.8121944,0.020389556,1.1730159,1738.0058,16.204842,1.7294497,0.2808212,-0.026402632
3001,4.6986109,0.043356501,1.2863596,2016.4026,38.461233,1.6722686,0.95222887,-0.029383944
3002,0.89487906,-1.0110173,0.62006457,2333.9161,14.576517,1.8559265,0.58298447,-0.013170951
3003,4.2626117,0.28008393,2.0806149,506.02799,14.970615,1.3693932,-0.39651719,0.017478457
3004,2.8535562,-0.29020711,0.55217161,2247.9375,15.517055,2.0455417,0.062678645,0.031379775
3005,3.7707499,0.079488464,2.678641,867.28276,14.538992,1.5128432,0.65946804,0.025804899
3006,5.2707104,-0.74232876,2.3560758,718.31413,13.671147,1.633151,0.18064783,0.049422643
3007,4.0280841,-0.88481276,1.3535249,526.60097,5.7490036,1.4587041,-0.95484107,0.045158587
3008,0.070321476,-0.93547075,0.7201249,319.60704,12.695375,1.4432941,-0.012505426,0.041302182
3009,4.8974639,0.80292527,1.0251364,1234.9308,9.111327,1.6926114,0.97317731,0.023281986
3010,0.10170462,1.4882465,0.75160637,859.21509,7.0480649,1.5167393,0.94946876,0.013042911
3011,5.7363451,-0.69027245,0.42633192,2148.0717,11.673924,1.9960656,0.32638491,-0.022705216
3012,0.85274862,-0.92828118,2.0443739,640.91105,21.07988,1.4670565,-0.086851599,-0.010006275
3013,2.1777582,-0.76711451,1.5695873,555.26586,18.429053,1.427639,0.96357499,0.025430153
3014,1.1008467,-0.46937169,2.8171977,1722.5288,10.822229,1.860031,-0.63556769,-0.039537595
3015,4.7572149,-0.35797457,0.52190252,512.14481,10.763331,1.3935534,-0.97824336,0.017666176
3016,1.2388894,-1.0209219,0.94012282,1120.7333,8.5711033,1.6148774,-0.38116251,0.040750087
3017,3.9351181,1.2343011,0.87330881,1153.6946,51.576483,1.6517764,0.74155071,-0.019854976
3018,5.5429199,0.12408248,2.5822166,1534.0532,8.7280136,1.734728,0.68646161,-0.036358135
3019,4.6043771,-0.44594914,0.57483588,1854.7539,14.552366,1.7966727,0.81248873,-0.046863023
3020,4.3122031,-0.71823428,2.9461064,1723.1448,23.575016,1.7108566,0.11196639,0.033097092
3021,3.3045333,0.83131046,1.6246453,885.64446,21.62478,1.3959655,0.77404328,-0.0016319064
3022,6.0085026,-0.85297422,0.44348963,1823.9037,17.771881,1.759831,0.8922565,0.0046233966
3023,2.5586469,0.2553721,2.6486524,1612.4351,7.7341058,2.0008685,0.37786075,0.042388071
3024,2.0609419,-0.5773846,0.30966453,2028.6154,10.00125,2.0002308,-0.31767462,0.020147559
3025,3.3534252,-0.5910935,1.4192068,1090.1333,12.241527,1.6358539,-0.0077849586,-0.023528059
3026,0.57364746,0.011135693,2.7662049,1402.3995,7.0767736,1.6533508,-0.35130799,0.037513935
3027,3.4863898,1.4186559,2.5950137,909.33525,9.2552283,1.7679147,-0.67648649,-0.027823891
3028,0.24098175,-0.64172331,0.28585864,2059.8752,14.489398,1.9979199,0.10965648,-0.048500775
3029,6.0726456,0.71475174,0.75679482,710.45026,10.069642,1.582455,0.8610423,0.030984892
3030,4.0175053,-0.76308611,2.843962,1126.3231,52.714499,1.6429279,0.55778867,0.038954497
3031,1.8305418,0.29198352,0.47500493,1978.3865,14.648418,1.887824,-0.046694668,-0.039259075
3032,4.7120898,-0.42917229,1.1871196,331.98683,10.873278,1.5359007,0.78886619,-0.04174102
3033,1.4634314,0.97404623,0.35073111,1112.1751,14.064672,1.7932326,0.87706282,-0.020522387
3034,3.3184769,-0.96171743,2.5642124,993.71614,7.4414198,1.4764502,-0.55942625,-0.018301515
3035,5.6222079,0.98682397,2.8664472,2158.6893,7.2586791,2.0350954,0.31579191,0.024254115
3036,0.83471204,0.35448878,2.3613492,1393.3695,10.335755,1.5919523,0.5437253,-0.032717852
3037,5.0259267,0.26048901,2.2711561,813.74802,7.7602944,1.5715312,0.97641755,-0.01231922
3038,4.2946386,0.8774106,2.5512189,762.33681,15.644381,1.6928642,0.94584755,-0.011063428
3039,4.7932996,-0.16205489,2.294123,1027.8182,34.55397,1.7826275,0.58948774,0.035138214
3040,3.4534206,-0.88870945,2.0107534,1319.0097,18.308577,1.8109324,-0.20593403,-0.0036975589
3041,1.6549091,0.60541616,1.2736137,1539.1185,6.848887,1.6497732,-0.11979909,-0.01766827
3042,3.5937087,-0.64000599,0.65180882,1234.6834,11.174878,1.6790658,-0.78274528,0.048311189
3043,5.7738002,-0.65403758,0.46721669,906.99649,18.735522,1.4089179,-0.3390785,-0.033492684
3044,2.4265603,-0.46853618,2.7896455,446.5076,9.9771193,1.3117256,-0.22793062,0.042234431
3045,3.1683162,-0.28991612,2.2357764,1976.9146,20.846592,1.7712079,0.01244654,0.035303222
3046,6.0561061,-1.2013174,0.65638756,1298.4544,14.450218,1.722309,-0.37212624,-0.018758327
3047,3.511212,-0.60965906,0.80828319,1121.9485,8.1325301,1.6421281,-0.56120876,0.04907627
3048,4.9010939,1.1554714,0.93639729,1445.5752,8.1689202,1.9209466,0.22643981,-0.02126523
3050,4.0497799,0.078311451,0.58867064,754.76608,16.212659,1.6344934,-0.52838868,-0.039907046
3051,6.0973197,-0.18108377,1.0577715,1488.0136,15.171385,1.8066043,0.35283188,0.029697707
3052,5.342661,-0.22428247,0.14570006,510.43555,6.8209273,1.5225535,0.088733246,-0.034633762
3054,2.6915941,0.55400095,0.23979421,2622.7068,33.309882,2.0017188,0.1809689,-0.005070397
3056,4.2117151,0.12859316,0.89042201,455.5986,31.535099,1.4271871,0.8632907,-0.03669687
3057,2.3873567,0.56141907,1.0718519,598.49204,12.610329,1.5161164,-0.4592108,0.001277997
3058,5.1129533,0.17567609,2.6832872,1434.6523,7.2474085,1.6941471,0.6885608,-0.01947388
3059,2.4270506,1.1172066,2.5631191,1585.3508,7.5233009,1.5830454,0.38013839,0.03482856
3061,4.5262721,-1.0298183,2.6860273,1051.0545,7.3537707,1.5465339,-0.72475611,-0.048726529
3062,0.8355073,1.490493,0.16057368,1410.4242,11.836014,1.8403937,0.54839578,0.0060670984
3063,6.082206,-0.58983247,0.59449173,1416.9868,22.314083,1.7404477,-0.31001517,-0.031435477
3064,0.34551836,0.36603557,2.572809,1279.0097,6.4677796,1.8231395,0.00022554932,-0.0066665355
3065,2.2460077,-0.3144076,0.77835664,1501.8411,14.836479,1.664455,-0.49604474,-0.038465434
3066,2.2230318,0.42808332,2.4117071,1090.262,9.6228575,1.6292403,-0.03851514,0.0035049545
3067,2.4162576,-0.58718685,2.6655568,748.07532,7.1480744,1.4678973,-0.66938116,0.0074044951
3069,1.6942824,1.3683584,1.140675,416.62174,7.6982937,1.4917172,0.70756319,0.028061812
3071,2.9242038,0.074783984,2.0707603,1156.8064,15.908748,1.6566546,0.91433646,-0.012989124
3072,4.4972052,-0.71843639,2.1400165,668.23349,19.263815,1.4777906,0.29404749,0.016677297
3073,3.7539023,-1.0699641,0.43431225,1916.3667,16.104508,1.8010629,0.33648302,0.0034614501
3074,5.5264396,0.25411813,0.85068886,270.47137,8.591611,1.4906933,-0.43985826,0.03245257
3075,2.8258964,0.18085361,2.4326057,2020.2235,11.342375,2.0265513,0.54917057,-0.00944274
3076,5.5476162,-1.2322342,0.41401417,1661.1061,7.4749244,1.9866179,0.73478305,-0.027763289
3077,1.3344758,-1.0782093,0.86448784,1283.8406,12.681753,1.5966353,0.90973881,-0.0073549178
3078,3.8016911,0.056657382,2.2477681,859.34762,13.083775,1.5516127,-0.71873982,-0.008875923
3079,5.9111952,-0.32196791,0.94909888,957.96879,17.38703,1.6796302,0.68388612,0.049915754
3080,6.029152,-0.81316289,0.77230155,242.67278,5.596302,1.2863904,0.49875427,0.043165549
3081,5.4882219,-0.90549172,2.2817892,1076.536,22.406532,1.7735403,-0.27225318,0.041424899
3082,4.7047416,-0.3784986,0.37778026,975.77201,16.031383,1.4829367,-0.36194176,-0.014116561
3084,6.0612565,-0.046576673,2.3642194,2181.4815,17.784554,1.898846,0.60938522,-0.047669805
3085,5.6345975,0.41463584,2.7683901,2866.653,32.488707,1.9509424,-0.27679485,-0.040549056
3086,0.24258297,-0.21084511,1.5623827,611.43106,29.596626,1.3572015,-0.72912533,-0.0060044118
3087,2.817634,0.75161132,2.6464113,1412.5509,16.741647,1.6338909,0.21195958,0.046265464
3088,4.3876886,-0.77399816,2.1914965,1607.629,32.077219,1.6936063,0.6896058,-0.020981826
3089,0.90162054,-0.47182792,1.1207496,1221.2007,20.785723,1.568917,0.92932786,0.035824596
3090,3.1591036,-0.9128145,1.1151692,740.05356,20.382405,1.5894871,0.070616658,0.037456897
3091,3.7940508,-1.2534943,1.7982984,1474.9924,26.650284,1.7243898,0.71069943,-0.027672025
3092,2.2582603,-0.93531018,0.61438952,730.48321,8.1914632,1.4372312,0.66324276,0.015540683
3093,5.1207747,-0.94822134,2.6609014,2858.3047,22.657296,1.9365666,0.93709563,0.008679471
3094,5.3969187,-0.33785939,1.0305383,945.30986,7.0882176,1.5470437,-0.56128768,-0.014771548
3095,4.4490393,0.78043949,0.5505873,2238.4631,7.3682978,1.5321573,-0.45285255,0.0048330668
3096,3.8184003,-1.1814996,0.66526714,1175.4512,6.8729914,1.7263411,-0.32290218,0.031000339
3097,5.8211829,-0.4916176,1.4125527,443.32876,36.108467,1.6669631,0.084261718,0.013640977
3098,5.7671584,1.0049504,0.57697505,2174.8934,11.74023,1.8293591,-0.23555322,0.036729801
3099,4.3746016,-1.4213922,0.54784483,839.57208,8.1915636,1.4014876,0.37582953,-0.042902705
3100,3.6901007,-0.50641186,2.4949906,2698.5085,7.679692,1.9433998,0.89906705,0.038922901
3101,5.659035,-0.63284583,1.9599304,489.83134,7.9613513,1.6444406,0.70604769,0.036218037
3102,4.1872002,-1.1278226,2.2821423,806.05225,15.345224,1.5501995,0.50902498,0.0064894913
3103,5.497646,0.79474122,2.1355226,400.83852,5.5110406,1.3288384,0.47686024,0.012759093
3104,3.4816163,-0.3493272,0.20184736,2297.1003,18.084547,2.0407072,0.8019521,-0.043214119
3105,3.0252038,-0.31856231,0.41418063,993.63569,20.136104,1.6225829,0.22646756,0.023621104
3106,6.118235,1.2037321,2.3324192,2122.2205,14.520711,1.757468,0.39410352,-0.047380774
3107,0.52525129,-0.55564022,2.6666487,1156.024,6.5802591,1.6983197,0.016799568,-0.011718997
3108,0.033594013,0.47674053,2.1748875,701.31313,22.000115,1.6535734,0.0024981566,-0.015378104
3109,5.0423761,0.54401834,2.6936558,662.75201,12.570385,1.5462957,-0.20831014,-0.0069252813
3110,5.7334117,-0.50243204,3.042386,2276.7711,32.791982,1.8212215,-0.026242433,0.016652185
3111,6.0737803,-0.75410994,2.1237842,1123.4445,6.1659618,1.5520176,-0.43767987,0.02515744
3112,3.5086789,-0.081342493,0.83773144,776.24635,7.0291064,1.541631,0.95776954,0.043585577
3113,1.1667484,0.84616875,0.91486197,1849.7671,41.050636,1.8149457,0.36232887,0.010634495
3114,0.19162795,-0.76735206,0.25240307,2038.0325,35.980791,1.8759584,-0.79973801,-0.045842719
3115,4.04195,0.63524156,1.135038,672.6141,10.139253,1.6807413,-0.51003103,-0.023661839
3116,2.7566858,-0.58827174,0.8749186,1227.1026,8.3401782,1.5331783,0.81023063,0.040189554
3117,3.7852756,-0.40228408,1.9198308,453.96373,7.6718954,1.450047,0.62430776,0.022619696
3118,4.885913,1.3742364,1.9647847,999.49503,6.5642877,1.6945455,0.010090861,-0.0088529787
3119,0.79920153,0.97932069,0.3251079,1206.3453,7.888298,1.7125027,-0.26171374,0.035141792
3120,3.0436605,0.094706803,2.7170624,1951.5655,57.023715,1.7723382,0.91127931,0.0081217444
3121,5.187204,1.543892,2.5165664,1537.0855,8.1012597,1.8663231,-0.040715332,0.047002327
3123,3.8369163,-1.2461064,0.73866381,3118.3461,74.114699,2.0266545,0.85535142,0.012028681
3124,5.6481866,0.16069901,2.4333874,2037.6352,58.601154,1.7061782,0.98256434,-0.028894234
3125,5.1708435,-0.47237346,2.3550615,1583.2257,23.665196,1.7599654,0.81668828,-0.0044328845
3126,3.6602547,-0.27358565,1.2251079,278.78422,6.2633435,1.417183,-0.90592473,-0.020110026
3127,5.9222263,-0.72631796,2.5539457,994.57706,6.8340608,1.7811032,0.3920031,-0.0073060809
3129,1.2038296,0.90796165,0.65650545,1168.4395,11.794734,1.7481347,0.52502534,0.010969404
3131,4.4118488,0.51562996,0.79055566,817.72056,7.1348416,1.6115405,-0.024408953,0.048088083
3132,1.7880887,-0.22896452,0.61686645,569.01122,11.039796,1.7356029,-0.012870454,0.035303141
3133,0.33697038,0.81761997,2.3586588,1086.702,6.1736056,1.4144604,-0.23840002,0.039797645
3134,1.8205286,1.095245,3.0233505,2263.1082,9.1151348,1.9382137,0.3941443,-0.00068365661
3135,4.6801318,-0.80224788,0.78702843,726.35835,10.494626,1.5274833,0.1375371,0.02479601
3137,0.057956152,0.023576195,0.93939582,277.11245,9.2354136,1.5524693,0.0067651863,-0.014229275
3138,0.066102331,1.2356086,0.36129473,1036.8295,6.5514749,1.7049061,-0.29047281,0.016379015
3139,3.0293447,0.092767449,2.9348529,1815.7178,16.206108,1.7252475,-0.021679587,-0.017878814
3140,5.6535515,0.08205487,0.89865907,1119.9982,28.084281,1.9203805,0.22352306,0.0024915597
3141,2.4891329,-1.2204648,2.4844193,374.58862,6.5550604,1.3799375,0.54139253,0.038828304
3143,5.8324049,-0.80398887,2.4310308,1350.0069,8.7064654,1.7664551,0.89596007,0.016078876
3145,6.1047778,-0.61119201,0.13992759,2168.3472,11.184498,1.7612822,0.48285688,-0.040478456
3146,5.1279093,0.25261718,2.6141695,1072.8206,22.604311,1.6258459,-0.63253296,-0.0039663824
3147,1.9620429,0.95354778,2.3241736,2217.6516,40.867253,1.6980627,0.66996728,-0.015225194
3148,4.3884165,0.53001414,2.4222551,193.50986,7.3466303,1.1885326,0.80025866,-0.033171074
3149,0.64500547,0.47548767,2.4220046,801.34198,7.4216631,1.5112511,0.19165303,0.031277204
3150,4.7208584,-0.12067845,1.0065954,357.94003,13.876452,1.6441128,-0.28832604,-0.026003727
3151,0.4386548,-0.34579281,0.74893456,791.71989,14.598422,1.4503284,-0.66101316,0.038822197
3152,4.3542644,0.5217914,1.9415444,526.53496,6.9920275,1.4482016,-0.093823503,-0.039422759
3153,1.2014688,-0.16089939,2.3035821,1569.3794,9.6367926,1.8152344,0.39897123,-0.045723615
3154,0.17344685,0.29670131,2.4172278,1486.5379,17.926706,1.7085895,0.21926828,-0.029298598
3155,2.6032688,-0.47858165,0.31833309,651.46301,14.818176,1.5320658,0.84537751,-0.048342472
3156,5.5557177,1.1270919,1.8141178,1427.789,19.539634,1.4529834,0.89710562,-0.018774151
3157,1.4103144,0.91280261,0.96879667,749.08453,5.9542163,1.4901612,0.9312925,0.036300745
3158,2.2232355,-0.80766082,2.0736675,682.71485,10.08394,1.4825452,-0.8990131,-0.044192787
3159,3.8691284,0.77266478,2.8123975,2386.9088,7.3746545,1.952162,0.13433208,-0.039907693
3160,1.0128297,0.32830148,0.15127735,754.86194,11.089775,1.3997806,-0.44909671,0.016069233
3161,2.816549,0.074264225,2.794384,1280.819,7.9242851,1.576355,-0.10666691,-0.019331203
3162,2.330706,0.17143314,1.9985132,559.58394,17.112622,1.7158346,0.14470424,0.036357117
3163,2.8439132,-1.0931475,0.53289652,1240.1215,11.54584,1.7116204,-0.40717228,-0.039558967
3164,5.9615108,1.2333287,3.0896517,1815.903,12.600982,1.6040319,-0.28192756,-0.019750905
3165,2.2932482,0.33811419,2.047852,1253.1257,12.632776,1.5756236,0.95445624,0.030933369
3166,3.7936773,0.60472673,2.4218413,894.59454,6.5610716,1.2950582,0.56909782,0.0062979007
3167,0.94649204,-0.86662069,1.4066005,494.30654,17.417994,1.419964,0.45799121,0.013997987
3168,4.4184036,0.066380402,2.09138,523.33449,23.15849,1.6004433,0.48477571,-0.02405197
3169,4.180893,-0.027782906,2.0946755,1089.5414,19.754336,1.6998096,0.029324457,0.0067897377
3170,3.1394857,0.096997379,0.66498489,595.09156,12.044254,1.6050768,0.90123443,-0.02410474
3171,0.59783064,0.75567607,1.2863835,3228.741,8.601183,2.0581752,0.82831707,-0.019432625
3172,1.4299501,0.71630859,2.7616964,916.39846,56.530737,1.4789491,0.62280568,0.022476268
3173,4.6800737,0.72529845,2.0274155,928.20677,9.2479346,1.618558,0.57285039,-0.020676272
3176,2.7601198,0.48794937,0.28050481,1634.24,7.4165847,1.8946677,-0.55050429,0.0041558656
3177,1.2371829,-0.14190845,1.3751534,1027.6436,27.902927,1.6145649,0.88185834,0.04578329
3178,3.2103705,0.59047357,2.7336126,1672.939,13.410074,1.7075412,0.93234228,0.036210314
3179,5.328153,1.0793294,2.0909777,1042.2132,12.506948,1.520588,0.29444212,-0.026468675
3180,1.983757,0.25842326,0.23643175,1244.1533,11.759504,1.7010022,0.85235526,-0.019050594
3182,4.7574998,1.2640478,0.38531405,1154.4675,6.3767158,1.6326146,0.49813858,-0.019621885
3183,5.7763567,-1.3194193,0.5039276,1652.9429,15.320717,1.6520279,0.97946152,0.039067586
3184,2.8241862,1.2001651,0.43875053,3222.301,19.356856,2.0570118,0.9307366,0.043527132
3185,0.44193603,-0.80591252,2.8226791,1971.8274,9.7997273,1.6996531,0.73974583,0.0025105254
3187,4.3896167,-0.32878077,0.26881508,958.70201,7.4262446,1.558325,-0.0022835159,0.030232339
3188,0.2809134,0.65933293,1.5054093,644.13591,9.3724257,1.3056042,-0.66745173,0.021805133
3189,5.4583175,-1.0152788,0.31782845,1466.6386,6.4208977,1.7006896,0.88186266,0.0074012558
3190,2.904031,0.45747406,0.47085586,1468.6045,25.736921,1.5305438,0.050994434,-0.046698889
3191,0.90518372,-0.18749199,2.9070589,1553.815,21.915416,1.5828424,-0.82142175,-0.015413649
3192,2.1789826,-0.77893179,0.56021797,2989.3709,9.1654965,1.8667484,0.44114853,0.037880667
3193,0.53870401,-0.33792833,0.74994612,1543.0361,10.670464,1.8668998,0.41310985,0.047985451
3194,1.7611851,-0.067168174,1.4628314,599.51311,16.034925,1.5924473,0.84624951,0.0099152444
3195,4.5030942,0.51875033,1.7551261,551.57473,18.314642,1.3678339,0.6337327,0.027255487
3196,4.6862434,0.75809344,2.3202166,425.89306,25.215387,1.413274,-0.69446326,0.007202412
3197,2.3910834,-0.13563732,0.76493492,510.03306,5.9581195,1.3265776,-0.80278283,-0.0091255663
3198,0.53018324,0.044878929,2.9719018,389.36047,7.5242574,1.6080139,0.0081016427,0.037173205
3199,3.2829721,-0.52241985,2.3390751,1577.1559,45.315311,1.7817933,0.55196342,0.044433717
3201,2.7210779,0.1093953,2.8919151,940.54267,7.3965036,1.7157925,0.67359244,-0.01857359
3202,4.1281737,0.95622592,1.2648104,523.27315,9.3100672,1.40166,0.8292266,0.037054061
3203,1.8279109,-0.020460036,0.65859328,621.65216,28.730266,1.6013344,-0.78168948,0.020779576
3204,5.0108641,-0.56599218,2.2865669,774.52275,15.791533,1.5154649,-0.28820992,0.044774544
3205,3.6017538,-0.0080304879,2.0666216,855.01642,26.80035,1.4877918,-0.21756069,0.048609276
3206,5.6440736,0.5320554,2.7761672,2393.3962,13.422382,1.9675888,-0.74176805,-0.024706655
3207,3.3238471,1.1816453,2.7060423,885.562,6.2075541,1.6354006,0.28855357,-0.0093855719
3208,5.3932585,0.38355115,1.7124647,1161.0932,11.94566,1.7097434,0.44402217,0.0026799303
3210,4.7169978,1.0942655,2.7788803,1397.7588,11.556142,1.8127576,0.435107,-0.043437291
3211,5.9842389,-0.17653265,0.72402593,830.20967,7.8866073,1.5982259,0.81356178,0.013411674
3212,5.568871,0.25005149,0.63237097,2305.7927,19.353474,1.8757016,0.68961398,-0.040223769
3213,3.2132178,-0.29334101,2.5304514,703.39632,12.889109,1.5752427,0.84802641,-0.0077579099
3214,3.3468204,0.27497587,2.3101974,662.79715,9.1528758,1.5701079,-0.54175025,-0.0382237
3215,4.1177198,-0.28357644,1.1786528,698.70766,48.729048,1.7081863,0.038484615,0.0088503547
3216,3.7554027,0.7954014,0.25024401,565.88799,14.101462,1.5112661,-0.50883711,-0.045858009
3217,0.37575644,0.46812274,1.9012903,609.3999,11.500686,1.5315515,0.85868495,0.0063141701
3218,2.6295684,-1.1624669,0.41948412,3265.4512,18.019012,1.9335751,-0.85152709,-0.024337604
3220,5.5582629,-1.0403291,2.4731136,1777.3742,18.799602,1.8866154,0.96674382,-0.026184225
3221,0.3086028,0.26708217,2.6516492,1213.1718,7.095737,1.6501192,0.054575349,-0.014566299
3222,3.6638177,-0.99910608,1.054576,911.06419,22.8774,1.8334531,0.95888909,-0.036250353
3223,3.3502163,1.174632,0.50303148,2132.6805,8.2408405,1.7091262,0.50646632,0.042794281
3225,3.1343125,1.0327248,2.4511384,603.66341,6.4902364,1.4065429,0.78887019,-0.034675732
3226,4.8016618,-0.86043849,1.2006524,589.27311,19.388103,1.2364073,-0.25263994,-0.036921384
3228,2.6359831,-0.022070046,0.6415623,831.25224,6.3987267,1.4542414,0.43618765,-0.0086788565
3229,0.6853801,0.67897613,2.1717401,453.48591,12.574325,1.4698495,-0.39396134,-0.031842802
3230,3.408804,0.50509952,2.6640001,1152.197,7.0375805,1.4449835,0.93940554,0.02324488
3231,2.5875838,0.80085597,2.2046716,749.71668,21.379645,1.4438559,-0.22274114,-0.0096620216
3232,5.332885,0.38899591,1.5000523,1037.4147,11.827564,1.7716715,0.8816458,0.038091395
3233,0.84015962,0.51591307,2.5285305,1293.9419,11.745649,1.4827163,-0.35139372,-0.020581576
3234,0.40421086,-1.1055205,2.6641909,1849.2526,35.720417,1.783093,0.15574057,-0.0024243251
3235,2.813963,0.42151965,2.2128379,768.33782,16.04387,1.4801414,0.83731157,-0.0066996653
3236,1.3334048,-0.1915674,1.889907,693.04387,14.832496,1.5365995,0.87703383,-0.047334037
3237,3.0533836,0.51948819,0.6757531,1037.891,9.8252005,1.4700624,0.2554738,-0.028266493
3238,3.6557409,-0.72414757,0.56976548,2192.2308,13.410674,1.9090039,0.28885181,-0.024248298
3240,0.47994883,-0.72243172,0.6090744,1295.1935,22.418005,1.5232718,0.78467142,0.0096848915
3241,5.7733156,0.53267487,0.84915615,286.02068,16.445172,1.4323232,-0.33851591,0.04625174
3242,1.2295391,-0.35563432,1.7346297,765.07042,6.8475139,1.7610671,-0.90456026,0.020586936
3243,3.5676886,0.044008764,2.5902347,1258.2474,6.8150179,1.8027944,-0.26815486,0.049789923
3244,0.2333626,-0.75918384,2.2492898,552.57106,7.7449431,1.4456097,-0.98273779,-0.031596836
3245,1.6754083,-0.68696409,0.36534778,2227.366,13.286718,1.9064419,-0.7003706,-0.016543374
3246,5.3636249,1.3113703,2.3466534,547.9669,5.7994356,1.3755835,0.21108389,0.013223635
3247,0.74498157,0.93934325,2.4917362,1996.3993,10.482707,1.675239,0.20453215,0.049444993
3248,3.453609,0.88581122,1.0948711,956.325,10.374654,1.6435666,0.51869882,0.019656027
3249,3.0063016,0.74939386,2.9914891,1280.4605,12.187191,1.4781132,-0.38055222,0.048354923
3251,3.3769034,-1.3955058,1.9962634,678.03299,15.566606,1.6097199,-0.56187232,-0.01946587
3252,1.0617023,0.29562908,0.58816327,1422.7786,28.689549,1.6752837,0.62871132,0.040844733
3253,5.7555761,-0.15054275,0.89075235,447.35691,10.64667,1.5458082,0.90550815,0.048186093
3254,5.0281443,1.3771897,0.36654385,1213.4842,21.236552,1.6723646,0.66084907,0.045801603
3255,4.1999728,0.76724818,2.20437,1463.1429,7.4452388,1.9861219,-0.49553409,0.03445078
3256,3.5086659,1.2902712,2.7079594,1301.0728,7.1843082,1.5493876,-0.91936745,-0.038247102
3258,4.2073835,-1.2545555,1.2614374,378.61894,15.206741,1.36242,0.90720627,0.039987366
3259,1.9631536,0.46076212,2.4316082,1610.3939,34.716018,1.6741344,0.77632568,0.040810237
3261,5.0963459,0.78409028,0.78188849,474.73989,5.5346113,1.3288649,-0.32673664,0.044562369
3262,0.15362405,-0.76609137,2.0652962,1997.8454,22.850168,1.9257679,0.26977056,-0.011587842
3263,0.52083799,0.2538285,0.94111371,693.19037,7.2946492,1.6358791,-0.11778883,0.0053742444
3264,2.3477725,-0.37605572,0.82774008,1062.2813,6.6312073,1.672581,0.50207284,-0.0051935079
3265,6.1046874,1.0375969,2.7466025,154.63093,9.071547,1.4361685,0.46371797,-0.0092607903
3266,3.4155722,-0.044877988,2.3860588,418.25966,5.7882748,1.5027865,0.97395007,0.038854084
3267,1.4460122,0.23424956,0.96469414,412.1835,19.415109,1.4970346,-0.94707779,0.0042241791
3268,2.0299113,-0.42145576,2.250506,1346.2334,14.894336,1.6153915,0.90163605,0.039191284
3269,1.0193839,0.039896991,0.8940987,1150.6639,24.498541,1.6997705,0.085332634,-0.035048395
3270,5.3404444,1.1589237,0.09605539,1448.2702,18.121451,1.603124,-0.11826568,0.048559405
3271,5.9379601,0.56400658,2.2964825,1459.8008,24.828683,1.8541598,0.70948313,0.016614905
3272,0.18611533,-0.74111466,2.6276694,1051.4932,17.463786,1.6154607,-0.38454101,0.018190735
3273,1.4339812,-0.83077098,0.90199441,874.76032,6.7393939,1.6316301,0.69013181,-0.034762453
3274,1.3855547,-0.82710326,0.23096727,3362.0853,22.9983,2.0500345,-0.091177392,0.030879786
3275,5.6931608,-0.48843288,2.6219301,1873.5057,10.901338,1.8634314,0.31024738,-0.0042535374
3276,0.92966342,0.23964852,1.8089455,1219.8315,12.344213,1.4788665,-0.71205966,0.016629289
3277,4.1051064,0.34074964,0.59784169,1713.654,16.16138,1.7921887,0.20876693,0.014724357
3278,4.2266535,0.024443443,0.31895238,1203.289,11.227296,1.6880455,-0.70961345,-0.035221068
3279,1.7219716,-0.31698273,0.97454137,1481.1954,14.469842,1.503932,0.95712017,-0.022686161
3280,4.7345124,-0.99950992,2.3295593,2084.3978,20.282545,2.0420797,0.36223077,-0.025194854
3281,4.4133636,1.0277101,0.45928432,1259.5199,11.577208,1.7491235,-0.68946493,0.012039884
3282,1.1877218,0.020498665,0.14747427,1798.205,15.552774,1.9630832,0.59385807,-0.03789605
3283,1.5319125,0.96258252,2.9851143,1063.45,7.4655307,1.7365319,0.61791355,-0.025786776
3284,1.7781762,0.51545466,2.8803321,1786.1064,9.7729778,1.7608843,0.85835248,0.035383236
3285,0.89007808,-0.13675956,2.7514437,761.67665,16.787928,1.370739,0.47052927,-0.049890958
3286,2.6299233,0.61142618,2.814928,1154.2671,8.7439551,1.7176438,-0.5451997,0.03768786
3287,0.78037829,-0.89943738,0.65321497,1317.1579,11.749842,1.7930577,0.25065802,0.036372785
3288,4.3611608,0.70927207,2.374436,978.82288,8.8822816,1.5792938,0.095770381,-0.0022961237
3289,4.2817237,-0.58494267,0.57328638,2107.2516,16.788161,1.8493172,-0.74393398,-0.003115607
3290,0.50997076,0.28482219,0.33034748,1667.366,14.115615,1.7101828,0.58617712,0.01840184
3291,1.0493202,-0.36632776,1.9806478,712.20007,6.662899,1.5102479,-0.79657645,0.020557417
3292,4.7568274,-0.22384137,2.48444,576.05838,5.6905776,1.4905392,0.076081541,0.031387114
3293,1.0207777,-0.38939605,0.050093539,2491.4846,13.195502,1.968286,0.57941431,-0.011689203
3294,2.4359158,-0.20463693,2.2793024,1533.2254,13.456907,1.5435017,0.19322662,-0.042838842
3295,3.6142263,0.59478547,2.6300843,2294.9363,7.4596864,1.5596526,0.10285384,-0.036373375
3297,4.3305601,0.81390232,2.2654905,1608.0699,19.936265,1.9261381,0.56845213,-0.033446585
3298,5.3108542,0.11007402,2.5350465,1353.0799,6.841946,1.5989088,0.60193377,0.028148612
3299,0.66789586,0.50638489,0.6658313,1621.7471,7.976428,1.5931527,0.27543343,0.020355319
3300,5.6755489,0.82072816,2.0057942,501.00133,24.849691,1.5988114,-0.51478667,-0.0093511129
3301,4.3608062,0.87500585,0.27774659,699.03714,10.909631,1.5967478,-0.39649301,-0.018089875
3302,4.5556712,0.78666345,2.2647128,1271.0903,16.443656,1.7832045,-0.13757349,-0.049427204
3303,0.86950105,1.3226459,2.3901927,1005.1332,6.8135801,1.4928616,-0.53805185,-0.01455712
3304,3.5807624,0.45205336,0.54849883,991.05461,8.7415809,1.6011518,0.56739392,0.033981672
3305,1.7133887,-1.1769229,0.25601848,1742.3804,19.004419,1.7455707,0.78445551,-0.013844806
3306,4.4359306,0.68718234,1.5109806,696.35913,36.471038,1.5096589,0.87026629,0.025956913
3307,1.4392711,-0.35166329,2.3838507,1055.8203,7.845981,1.5905124,-0.62169896,0.036101334
3308,0.15804007,0.90367737,2.5061251,2228.6225,12.903614,1.681527,0.65106111,0.032880138
3309,1.0712464,0.76716342,2.323584,1077.6449,6.9084643,1.5305828,-0.89891068,0.041321694
3310,1.800877,-0.068172927,2.3421912,692.63257,8.5909304,1.6788992,-0.49823621,-0.039206047
3311,5.2513492,0.65211797,0.99975171,970.1942,10.943616,1.6150815,-0.029830234,0.044103139
3312,3.5706191,1.4010771,0.19545015,2361.5439,9.3066574,1.9627293,-0.11409996,0.012219364
3313,5.3783432,0.61783138,2.3426265,891.31178,7.6537699,1.6767203,-0.86084984,-0.015029522
3314,5.8720452,0.41991052,2.4871615,763.07611,8.9025563,1.6474805,0.4740736,0.03040859
3316,5.2215505,-0.83556202,2.6794852,975.21718,14.738862,1.6401074,-0.62241191,-0.033290274
3317,5.9082986,-0.48634503,0.37242282,1271.2281,21.386628,1.7915578,0.26776261,-0.012732367
3318,4.6915176,0.85608526,1.2857349,1034.3291,10.55491,1.5169943,0.3281822,-0.039903535
3320,1.2726779,0.21798687,0.58518734,1114.666,22.822764,1.4628143,-0.63656837,-0.02768995
3321,4.4156373,-0.045043072,2.3747299,221.55397,7.214644,1.3197882,0.26645202,-0.025259295
3322,0.48083134,-0.33672712,1.9819497,967.53673,6.5634714,1.6582111,0.31147878,0.03516266
3323,0.84971585,0.79774508,0.24545154,1213.2284,6.3014795,1.7156846,-0.70710764,-0.024376916
3324,5.5965816,0.15180656,3.0063963,1274.7343,8.3499509,1.6534507,-0.38992687,-0.018912264
3325,5.6117402,0.77703868,2.2040649,1124.7813,12.511344,1.5756823,-0.46604526,0.007947982
3326,4.0796433,0.1515326,2.43503,833.08722,13.45055,1.7612179,-0.2137653,0.025684617
3327,0.52616215,0.9119195,0.24949912,1685.5102,9.3923522,1.8330325,0.90727953,-0.039724576
3328,3.4287843,0.42552512,2.9099769,2636.6436,11.584317,1.7670121,0.63913037,0.012718195
3329,2.1779082,-1.010426,0.56901158,701.68837,6.9035037,1.5721101,-0.45401543,-0.034916302
3330,4.0018292,-0.58944509,0.30841425,776.93889,6.4437,1.632445,0.38326155,0.026042252
3331,5.4361429,0.50379928,2.328015,1045.4752,14.744863,1.7219529,-0.37138336,0.047903946
3332,0.81429972,0.45545407,0.83781374,1547.4306,6.4823767,1.8194209,0.042114609,-0.031060118
3333,5.1311295,-0.67847756,2.0142994,535.12396,6.8424857,1.6116581,0.20153453,-0.026021677
3334,0.45912138,0.56126514,1.9867353,348.43385,10.291777,1.4397696,0.24015104,0.048916262
3335,3.8164514,-0.052177455,1.4030576,1314.2735,17.98547,1.8372916,0.82224462,0.015022962
3336,4.4362887,-0.049588778,2.6409265,829.00951,15.414267,1.4584413,-0.28466506,-0.0062571078
3338,3.5337725,-0.41639683,2.7046987,627.90847,18.212057,1.6673752,-0.54775161,-0.010131152
3339,0.1831785,-0.060358689,0.67813986,1220.6503,6.9374862,1.81589,0.68409512,0.029273248
3340,1.6274111,-0.39223766,2.5051936,1440.6782,17.993562,1.5363151,0.5672175,-0.00049596932
3341,5.8389724,-1.3734196,2.1264498,752.18429,24.728429,1.4033167,0.60605761,-0.0094422644
3342,5.0298172,-0.80829024,2.9281649,955.75073,23.471422,1.4332792,-0.86061587,0.012023542
3344,1.3431427,0.14928444,0.72671473,1071.8214,13.195489,1.6811694,0.72031502,0.0033689034
3345,2.0421678,0.96237405,0.7070271,1410.3517,24.773281,2.0278771,0.90635211,0.010429734
3347,3.8829409,0.029678862,2.6252949,797.37943,17.225784,1.2133873,0.3020748,0.04977097
3348,0.73345752,0.28375499,1.3176526,454.33329,6.0080395,1.4937781,0.21092896,0.039506919
3349,5.5688264,0.35396715,2.0515159,585.76087,5.9604012,1.4975694,-0.45402672,-0.028510427
3350,2.7476621,-0.21784936,0.11078575,1692.3087,8.7353231,1.7113714,0.24143226,-0.016796843
3351,2.8895983,-0.72001398,2.1615076,1144.4528,6.3478433,1.6859964,-0.079737186,0.021552835
3352,6.2222689,-0.88221077,0.59192791,737.8522,15.400474,1.5257113,-0.73629412,-0.0017189171
3353,4.7702593,-0.50787408,0.2450412,2096.0322,27.99213,1.9090109,-0.5397619,0.044005252
3354,1.7323408,0.7271319,2.6787049,942.34567,7.9770647,1.6362462,-0.15289338,-0.015213499
3355,3.2602508,-0.42957911,0.82165146,1361.5188,7.6457764,1.84445,0.98770715,0.039163477
3356,0.30572275,1.1348445,0.86467771,824.09723,17.442432,1.4662374,-0.19758575,-0.025867858
3357,6.2390117,-0.16816318,2.262547,783.08213,13.260394,1.615689,0.64387211,0.024535895
3359,2.0498989,-0.018301564,2.2457562,397.28049,8.8180636,1.7010454,-0.11548528,-0.032227533
3360,2.296318,1.3401948,0.66813707,315.78668,9.7581606,1.3278758,0.043026734,0.046767449
3361,0.75067451,0.037261927,2.8051041,1974.8071,7.5089867,1.8321086,-0.42449693,0.026960899
3362,5.2153835,-0.017040958,0.5617271,716.66841,12.487445,1.5669044,-0.94815339,-0.0036541037
3363,1.5432897,1.202719,0.69638928,1779.6895,7.7581387,1.6094794,0.39037077,0.0032970146
3364,0.19708242,-0.85703155,1.9827651,548.54577,10.010052,1.3836163,0.72935184,-0.048046877
3365,6.0532431,-0.19183527,2.8832409,1491.898,15.357418,1.825041,0.86428165,0.039789904
3366,4.0179999,-0.57588262,0.31648131,779.82075,6.7596997,1.5109625,0.74594368,0.017491384
3367,2.0808088,0.92070976,2.9185381,1990.0534,10.534297,1.9372075,0.56483481,0.034055668
3368,1.0559903,-1.3484761,0.70396064,1081.1734,25.104077,1.5372665,0.36335223,-0.016216519
3369,2.4226648,1.1227827,2.6430427,1074.8779,11.519706,1.7427324,-0.84205143,0.0087573484
3370,3.3775826,1.0134519,0.85371633,781.76376,11.544061,1.6096212,-0.053697084,0.030794858
3371,0.11315516,0.7833954,2.0483536,860.34707,31.886884,1.4382865,0.29691269,0.0053060337
3372,0.40440482,0.32121021,1.9823118,770.76927,7.6992981,1.4943489,0.88769415,0.0047404068
3373,5.6457852,-0.66532468,2.2020693,542.80411,7.4339387,1.3886358,0.81653997,-0.015766495
3374,3.5368207,-1.1365556,2.7762862,2095.3862,7.0346673,1.790086,0.83738084,-0.011382021
3375,1.8571785,-0.50373846,2.7939939,1407.3049,12.017289,1.8399332,-0.47174419,-0.046840998
3377,0.34269499,-1.0412354,0.19608675,2258.8128,14.264005,1.7433636,-0.21711537,-0.025820503
3378,2.6688474,0.63764771,1.3214558,845.351,7.0695078,1.5810262,-0.26629063,0.040915283
3379,4.6825758,0.5107009,2.1079582,305.64737,8.0302144,1.3927612,-0.59849615,0.044006831
3380,6.1418883,-0.25001425,2.4020188,1403.2286,6.8380344,1.6506205,0.36058086,0.026231842
3381,5.272854,-0.87778409,1.0146662,1080.2171,8.0037636,1.4704693,0.156765,0.049263915
3382,6.2005461,-0.42409841,0.292292,703.3542,13.966007,1.5088344,0.28492243,-0.019258018
3383,2.1604431,-0.23248605,2.6805171,1164.0133,8.2022811,1.6824323,-0.049162667,0.046618265
3384,1.63275,1.2588533,0.79077889,1430.7216,41.875091,1.6539035,0.69929561,0.039574964
3385,0.42655507,1.1131024,0.84197614,460.08207,6.0402012,1.3243106,0.19520149,-0.0084281177
3386,5.2719634,-0.12496487,2.25247,1337.8951,6.6222024,1.5326224,-0.17386317,-0.0024047595
3387,0.56194181,0.081534766,1.5635321,366.70039,13.764971,1.4240327,0.37725863,0.012930178
3388,3.0849369,-0.94393113,0.38892085,884.27137,18.057204,1.3830151,0.83063738,-1.6531752e-05
3389,4.2957507,0.1659776,2.7460467,1080.4009,6.1014352,1.7072412,-0.47967256,0.034124723
3390,3.8559798,-0.29847564,2.9874422,980.28032,6.7723568,1.5054495,-0.045501517,-0.033272172
3391,2.0635181,-0.63592481,0.74991302,545.05309,11.349704,1.4220783,-0.92038742,-0.032003431
3392,4.3494515,-0.34907956,2.2831735,755.77691,10.466279,1.5183457,-0.24166924,0.0039899193
3393,1.5998345,-0.29526526,0.4475364,1161.6914,9.4630617,1.5777568,0.28631168,-0.0099974056
3394,0.96285599,0.64625875,2.6455228,1867.073,20.94087,1.5119628,0.23108639,-0.039357079
3395,3.1663459,0.65245732,0.31891211,1647.8887,18.620011,1.8097468,0.76264502,-0.049216809
3396,5.7906323,-0.93782296,0.57191429,1317.3089,13.854672,1.5857655,0.76258289,0.011154308
3397,5.7506951,-0.58742501,0.54194021,975.36898,10.231007,1.547251,0.35170991,0.040385141
3398,5.0792439,0.27224651,2.6135784,1253.5222,18.195369,1.6053406,-0.057538367,-0.046409616
3399,6.0165918,-0.61476385,2.6699794,1693.8317,33.783077,1.5389237,-0.67790899,0.018262328
3400,2.9573051,-0.33703646,0.60038323,1072.2374,7.0659328,1.4769518,-0.59763325,0.034058164
3401,4.0262786,-0.091151902,1.6577105,378.28093,39.653353,1.3718935,-0.13436178,0.024310593
3403,4.3151161,0.072673204,2.7479853,2244.6541,15.751593,1.850198,0.90759721,-0.040506067
3404,4.3118999,0.76056689,1.94749,515.44065,21.242856,1.4836819,-0.29127992,0.019298965
3405,2.1292961,-0.57873544,0.58374774,1378.1174,20.063842,1.6370567,0.74084811,-0.018962643
3406,5.6488875,0.71924801,1.4400713,1269.746,9.0330515,1.6437017,0.51020564,-0.04861141
3407,6.2614574,-1.4687576,0.62910721,1429.455,7.5644822,1.5705547,0.27460617,0.038698774
3408,4.7520134,-0.10068653,0.55358495,755.53878,8.2898403,1.5283765,0.88767857,-0.024710926
3409,0.89483114,-0.62574881,0.67398089,237.46447,15.592868,1.4808236,0.67977428,-0.010375106
3410,1.0546598,0.7152297,2.7972426,2258.4463,69.042156,1.8070672,0.69678848,-0.015822071
3411,3.7235481,-0.36390497,2.354447,959.38942,15.697983,1.743202,-0.79629765,-0.02525019
3412,6.0298142,-0.79937236,2.5526768,1108.089,9.6195051,1.4483032,0.71426118,-0.038283933
3413,1.0745934,0.67448806,1.0291187,1304.7852,12.413949,1.5914251,-0.49425797,0.020228989
3414,6.1706633,0.42013136,2.8706911,704.69528,6.6704602,1.6570659,-0.7011786,-0.014920429
3415,2.4488311,-0.037229347,0.75342216,787.92882,14.495334,1.6378173,0.77273334,0.013087835
3416,0.83325065,-1.2981159,2.2962444,676.01741,9.8064659,1.5472123,0.13104261,0.003881039
3417,0.95601883,-0.70839422,0.27249509,1351.9176,12.86941,1.7826771,-0.47773352,0.036219068
3418,3.7395268,1.0025132,0.32488224,921.90921,7.4193424,1.5855147,-0.06369959,0.0020682525
3419,5.7266284,0.79898232,2.7657734,1745.7153,13.926427,1.5938741,0.86611107,0.0040404136
3420,2.2085304,-0.56053573,2.7544882,1087.5428,7.347807,1.6941701,0.26405688,0.013473337
3421,2.892391,-0.43739132,0.71736287,775.22653,7.5726872,1.5303126,0.54334583,-0.023228564
3422,5.7422809,0.59905276,1.0748554,179.5832,5.3292494,1.3212471,0.28614696,0.030264685
3423,0.18142065,-0.7504067,2.463034,2363.7835,15.585821,1.749165,0.43390962,-0.022692577
3424,2.2434562,0.56283262,0.38749639,864.26114,9.7547298,1.6236294,-0.98030057,0.048061609
3425,1.1462541,-0.84134547,2.6324634,2120.7881,11.360357,1.622628,0.15159946,0.015012042
3426,3.8898317,0.6719406,0.15343674,2275.5335,8.5895585,1.9839261,0.1126744,-0.0071342444
3427,3.847865,-0.27510873,2.6522763,1426.551,12.65339,1.7896234,0.60748484,-0.047989325
3428,3.8530897,0.31737403,1.5980136,353.55631,21.918865,1.3785838,-0.71221708,0.0010103887
3429,5.0612461,-0.36107178,2.7886958,643.17636,7.7694762,1.3012696,0.41826836,0.031264816
3430,4.7699103,0.40792838,1.1099203,1349.8757,6.6328557,1.9657158,0.11791602,0.0076745304
3431,4.2747403,0.27118441,2.1984224,534.3428,8.1828236,1.3296428,0.15440617,0.037269249
3432,5.1058495,-0.49582949,2.2162666,1784.4579,12.378809,1.8489318,0.095845261,-0.010809795
3433,5.6333871,-0.086605776,2.3179153,712.07873,7.7734145,1.5961092,0.7240353,-0.025581717
3434,1.7957872,-0.22857635,0.058859338,1853.6046,6.7776611,1.7199809,-0.53308101,-0.017616328
3435,3.5842278,0.58816155,3.0539949,1993.3071,21.680678,1.9341389,-0.941357,-0.018514818
3436,3.3731627,0.35655031,0.52275275,1073.1536,13.683316,1.6500115,-0.96999699,0.00097599535
3437,3.4431851,0.4895237,2.5023409,2067.2323,31.879432,2.0384101,-0.38240216,-0.04879715
3438,0.57345298,0.26345814,1.3744878,625.07743,12.200166,1.6746739,0.98208171,0.038848928
3439,0.76660642,1.170331,0.82325501,2110.5237,9.6734519,2.0521483,-0.71538237,0.039406554
3440,1.3697147,-0.84946778,2.4890925,1255.1571,7.8603929,1.6135743,0.6929978,-0.027029212
3441,2.430397,-0.78485968,1.944911,1038.4462,6.4482296,1.5189446,-0.57277262,-0.012945925
3442,4.2243233,0.74172553,2.164378,195.68571,5.997943,1.3439716,-0.24785652,0.023590856
3443,6.0772977,-0.60885172,2.9980669,983.40521,34.195848,1.5804871,0.46608989,-0.012515487
3444,0.033779454,-0.88973466,0.74634555,1724.2852,8.5009421,1.7898657,0.51303108,-0.030351927
3445,1.6758287,0.93351127,2.4981586,1280.5094,10.024183,1.8408753,-0.37682241,-0.020544831
3446,5.0522532,0.14688574,1.9633981,815.14614,8.3041971,1.6634156,-0.52598283,0.0334001
3447,0.69568806,0.6672436,0.23193966,2092.8307,14.438003,1.7637394,0.52435775,-0.028823351
3448,5.7272658,-0.033475969,0.95728505,3252.3097,14.397003,1.9721208,0.84782935,-0.019193495
3449,3.6915958,-0.72677831,0.69152267,580.24501,7.8008981,1.6118464,-0.31314202,-0.026904593
3450,2.7535325,-0.75977269,2.2661489,1052.5366,25.873958,1.5789534,0.44897233,0.015202479
3451,2.0604046,-0.9863188,1.0263326,899.47872,7.1553438,1.6266142,-0.21437688,0.042718852
3452,3.4127744,0.87658058,0.37561521,722.58904,16.461248,1.4642491,0.17860247,-0.016951502
3453,0.98643343,-0.98705538,3.0977395,947.86119,11.219718,1.6558033,-0.8004542,0.0026587159
3454,0.95673989,-0.55012348,0.65552282,2073.6222,39.491327,1.596368,0.56994472,-0.019362937
3455,0.45007384,0.1585312,0.7137179,643.20046,40.158771,1.4247605,0.47951467,0.028404686
3456,0.2027131,0.62702552,0.41795981,1798.0023,8.1537715,1.7203742,0.47567517,0.00083888073
3457,5.777653,1.0209764,0.81951735,1910.5614,25.3702,1.8296464,0.80834513,0.014277195
3458,6.2194521,-0.43924559,2.6010138,1664.2725,11.514663,1.5790478,0.58682746,-0.049332138
3459,4.6525882,-1.3363415,2.6730585,1312.228,9.1048881,1.5459471,-0.20017756,-0.0014850066
3460,4.0846297,-0.16718263,1.0571552,1375.5016,48.733305,1.5680066,0.86269336,-0.011427877
3461,4.700894,0.31466542,0.39201564,999.86469,14.25401,1.7661749,-0.49182719,0.042759858
3462,1.2919914,0.60344834,2.5869939,1606.0039,15.461859,1.8381438,0.42584059,0.039881309
3463,0.81004064,-0.54440866,2.4808723,899.25689,6.2225903,1.4542761,-0.13452549,0.02639512
3464,1.3182629,0.32641331,0.90318426,1937.8829,13.39537,1.9120233,-0.19004395,0.0060315171
3465,5.7271507,0.814973,0.31635566,2525.7483,8.0126259,2.03749,0.8161346,-0.010851908
3466,1.3641315,0.72201192,2.6423846,2516.8569,15.250274,1.9273416,0.91672839,-0.034221329
3467,5.3093829,-0.36369331,2.937109,2287.1236,17.097448,1.7606191,0.34406506,0.035188061
3468,1.3611116,-0.34818885,0.30004859,490.21477,17.109924,1.5014878,0.71521027,-0.010675819
3469,5.5190427,-0.95079943,2.3765315,829.56077,10.397762,1.6456484,0.045583773,-0.014128154
3470,1.0809909,-0.8045457,0.19829634,2030.5716,17.297151,1.7284711,0.37160778,0.023582681
3471,1.9093861,1.0143222,2.2923831,733.9136,9.8479643,1.3757502,-0.33909554,0.011697214
3472,4.4945114,1.2333502,0.88346952,607.24946,7.9346996,1.4898738,-0.91357512,0.016059709
3473,1.7692142,-0.20771091,1.860582,591.99622,6.043402,1.5256852,0.94939849,0.02926145
3474,0.48904354,-0.52263951,1.9059615,537.26216,43.293405,1.2323083,0.52730423,-0.028280764
3475,5.4969698,0.65076266,2.3246394,968.04455,7.6206147,1.8080536,0.35989814,-0.033233847
3476,3.0958969,0.71226033,1.4618786,543.45538,9.6929243,1.448507,0.77273098,-0.010301247
3477,1.7138885,-0.25212384,2.4012844,809.78276,10.480466,1.4939583,0.122039,0.0027402733
3478,1.3206345,0.45676973,2.5213246,1385.2109,10.795141,1.6330662,0.0046017207,0.013334799
3479,3.0043139,0.87918562,2.3947433,1592.0045,40.950061,1.7515119,0.042247728,-0.026264082
3480,3.1986188,1.202931,0.76277045,1055.8584,7.7231418,1.7427504,0.25153944,0.00081121862
3481,0.46531996,1.1103873,1.3984445,843.48582,8.5399363,1.6346137,0.20305026,0.034269725
3482,5.8928026,-0.25642037,1.4095592,1299.2691,9.1093209,1.5286941,0.78809878,-0.042735136
3483,4.0185447,0.81071338,0.8783703,660.89326,35.769672,1.4752069,-0.20069492,-0.037780173
3484,2.8989104,0.67384727,0.93123905,560.78577,12.928674,1.7090739,-0.17032842,0.0073318884
3485,5.9718254,0.68622535,2.7608008,1917.8494,8.7385686,1.8989812,-0.3500449,-0.025215518
3486,3.8787015,0.053403583,1.0459711,747.8485,6.4477271,1.5521974,0.4984253,0.015259327
3487,0.89016574,0.011464522,2.5460982,2252.756,10.953308,1.8035598,0.74436285,-0.049110319
3488,2.1230483,-0.80910945,1.0838559,316.71071,5.6369459,1.4533413,0.092570346,0.0019113836
3490,5.7064064,1.2273295,0.35435161,2293.294,24.364191,1.8974187,0.25195018,0.031445121
3491,0.48766176,-1.4239814,0.64232916,1418.4193,13.800747,1.7173689,0.52286442,-0.041311884
3492,4.9522594,1.2047963,1.3868107,890.82025,14.346701,1.4241992,0.30466066,0.024778219
3493,3.298203,0.62504811,0.9772378,1104.7142,11.774074,1.5775244,0.036174957,0.031436532
3494,1.750021,0.81560839,2.8365367,848.47844,12.203638,1.7876666,-0.54782561,-0.010473618
3495,4.1512091,1.2604246,2.6093741,1098.4628,6.3321318,1.4988473,-0.91769681,-0.036028586
3496,0.29537425,0.49819717,2.7629483,1245.5126,19.070702,1.713258,-0.19837905,-0.019215501
3497,0.97597566,0.64971698,1.9910725,2447.001,27.192489,1.8023562,0.80848369,-0.020577317
3498,3.744991,0.57238302,1.8731382,500.55344,9.8773542,1.464196,-0.65689684,-0.00331456
3499,4.1526279,0.61616718,2.0699697,910.93948,21.384966,1.4628909,-0.33675902,-0.04330503
3500,3.7142454,0.21994577,0.54009896,614.24903,6.3504042,1.5538728,0.038725105,-0.022157776
3501,1.8601401,0.20057426,1.3135752,812.69892,7.6189261,1.4871107,0.83228408,-0.00033718304
3502,3.6853322,0.88035577,1.8011872,410.82648,7.0836509,1.4277169,-0.57632874,0.029600895
3503,0.78560969,1.0133406,2.1812613,1247.7916,22.173333,1.7323321,0.92428137,0.0001577861
3504,5.9092395,-0.8301897,1.6706312,1033.6071,11.014349,1.5563911,0.26720006,-0.012364023
3505,5.0828362,0.55976461,0.57546525,1670.4652,39.135928,1.7478287,0.88099664,0.045187266
3506,0.31894019,0.21612865,2.7135226,1415.8565,6.4748926,1.7060904,-0.57899597,0.030127707
3507,5.4585558,-0.54650903,2.6998718,1823.4076,18.284077,2.0224502,0.19489134,-0.0099509369
3508,2.8906476,-0.71463589,3.0726146,894.95444,9.2700353,1.4486715,-0.76238032,-0.015633875
3509,1.6988743,-1.4594978,2.8014394,2841.4355,41.894857,1.87321,0.76117649,-0.025975999
3510,4.052833,0.055567973,3.069558,319.85406,10.407452,1.4820178,-0.11347278,-0.03385738
3511,2.4890325,0.26836854,1.0067857,846.72702,14.01846,1.625493,0.83606248,-0.034557032
3512,3.658847,-0.39097553,2.6843668,2139.3657,9.4579717,1.8285964,-0.70250354,0.035911714
3514,3.0359432,0.37167854,2.1694498,1299.4882,14.67906,1.4676958,0.71320072,-0.046973042
3515,1.2727854,-0.53477768,2.0472853,530.37795,18.012013,1.4076241,-0.42048591,-0.013290193
3516,0.11547896,1.0020814,2.4889968,654.65499,5.9789874,1.4850975,-0.61944408,-0.039886513
3517,5.793354,-0.26568744,2.9954047,1318.6062,18.503708,1.5797831,-0.13442894,-0.012292287
3518,2.9892065,0.038513949,3.0188644,2268.0999,34.027159,1.9713511,0.82751842,-0.029120348
3520,5.9878271,-0.47857046,2.9433646,1519.6939,7.295833,1.9089191,0.19214132,-0.03211001
3521,4.2450451,0.45191253,2.4865269,1358.976,9.7721528,1.6403676,-0.87975455,-0.01730751
3522,1.6042059,0.52459512,1.9497422,290.57322,6.9276288,1.3341406,-0.37398223,-0.022227081
3523,4.9639141,-0.48586482,0.46600253,2792.0609,42.202958,2.0598178,0.7222978,-0.023121342
3524,6.0052033,-0.59429948,2.6204645,615.48633,13.623802,1.5108518,-0.83660983,0.04519659
3525,2.6554202,0.54164916,0.10237036,1061.7019,7.3289176,1.7595369,-0.37842853,0.0062481903
3526,3.9357482,1.0959868,1.6885612,321.11245,7.4047565,1.3542007,-0.70121003,0.0026160428
3527,5.2353488,-0.65024309,0.59957132,502.33027,13.983337,1.394758,0.71638815,0.019390113
3528,5.6774523,-0.50605895,2.0792199,313.94745,5.9522733,1.5930065,0.86954863,0.045879793
3529,5.9909442,0.59712596,0.61630356,1639.39,38.699463,1.7264407,0.039347377,-0.0097235647
3530,2.9355886,-0.58650582,2.7812932,848.25705,11.089641,1.5273776,0.12496538,-0.046470589
3531,3.2166838,-1.1492199,2.3071897,1471.6664,38.399905,1.7108597,0.67602485,-0.035819098
3532,1.4258144,0.68448402,1.7962439,484.37169,7.4028632,1.4505174,0.28527593,-0.02816064
3533,5.3107913,-0.31486703,0.83499846,1756.3815,7.8889307,1.6678387,-0.0041627105,0.032046227
3534,3.4117268,1.1929284,0.40489274,1268.2933,18.034189,1.4899563,0.3591302,-0.047458108
3535,0.62588306,-0.8602712,0.61191304,1373.2034,6.418933,1.6263805,0.79269813,-0.0041485229
3537,5.7066877,0.85377897,0.20462443,2420.0809,42.887933,1.8228396,0.80396683,-0.028108739
3538,0.42897917,0.16185718,0.72319167,753.67436,27.159145,1.5814127,0.88857549,0.039022604
3539,1.7247063,-0.13326856,0.98026186,509.99839,39.312127,1.4341838,-0.058008875,-0.016502902
3540,3.2845191,1.1394943,1.0695733,494.71782,7.6479804,1.5198994,-0.16641982,-0.022310051
3541,5.3852182,-1.0888017,0.84510575,55.089137,5.5463693,1.5442509,-0.059399032,-0.0044502909
3542,0.52719133,-0.62890601,0.81318753,406.37115,19.18108,1.3494046,-0.58908522,-0.0059277477
3543,6.2579111,0.94406198,0.25217746,1042.4401,6.7762694,1.8087479,0.92552667,0.0012655726
3544,3.685141,-0.28678133,1.0696388,500.28329,6.7294693,1.6731554,0.522813,-0.011014303
3545,1.0180722,-0.51371177,0.59359235,1203.8118,29.172578,1.6128818,-0.98892775,-0.033682826
3546,1.1749528,0.63359804,1.268083,711.87465,12.819316,1.6807022,0.18706624,0.0091285065
3547,6.1451136,-0.64632561,2.4787709,610.61059,8.026725,1.3732152,0.35571351,-0.025564065
3548,4.0259122,-1.2655509,1.0910695,1314.518,15.544835,1.7004766,0.04841902,-0.043874608
3549,0.66233311,-0.20203169,0.84148797,703.25209,13.013277,1.5902463,-0.27938207,0.012880068
3551,3.1034698,-1.0785769,3.0299087,813.66484,15.481221,1.7785907,0.41352619,0.019311804
3552,2.3507603,0.66115082,2.93536,1525.6522,21.261607,1.9019638,0.6525338,-0.007630468
3553,1.9256074,0.36915147,2.0320359,442.00141,15.081679,1.2802119,0.90372214,0.020803985
3554,0.94918792,-0.98317313,0.22012251,2922.1013,26.757809,1.992646,-0.47947935,-0.047677729
3555,4.2232158,0.69344666,0.65774484,715.05679,8.0748595,1.4693846,-0.82300058,-0.013159661
3556,3.851167,-0.81726486,2.3520383,1380.5571,9.4734106,1.672178,0.37105005,0.010032206
3557,5.5606926,0.13575166,2.8245516,1648.2914,6.9533438,1.7864722,-0.50235666,-0.045948478
3560,1.4954844,0.088176113,3.0342082,2904.0291,18.891416,1.9884591,-0.33945721,-0.033363764
3561,0.89384769,-0.037854721,2.7219521,1413.0326,48.212899,1.6212901,0.66286842,-0.047296832
3562,5.4733971,0.052298119,2.4761061,1560.1983,14.618889,1.6451802,0.94009416,0.046142168
3563,6.0080958,-0.47956022,1.8096182,177.47262,17.378025,1.4967631,-0.84256963,0.0036848511
3564,4.7591422,-0.88776107,0.032527184,932.32844,19.461258,1.6847749,-0.63011311,0.044201256
3565,2.0816558,0.35603224,1.2796844,471.76839,9.3864791,1.5933667,-0.89960123,-0.0068468542
3566,0.69315245,0.28540089,1.2207415,806.78637,22.300588,1.5347746,-0.237756,0.044478489
3567,0.81700494,0.095556439,0.79990456,503.88382,6.3672125,1.4190799,0.36818757,0.049701203
3568,1.9713675,0.34622271,0.75083996,1316.9059,20.901514,1.609384,-0.68102612,0.014706652
3569,4.7850033,-0.39509784,0.66083753,922.67793,6.0684252,1.6414055,0.23271616,-0.040255693
3570,5.3066902,-0.15474534,0.24223205,1338.8087,17.46996,1.671265,0.43407433,-0.0032100484
3571,2.7595211,1.0098285,0.3933963,1296.4606,7.1889275,1.4520952,-0.04253062,-0.019275772
3572,1.5734571,-0.12469066,2.5286203,215.0787,9.5959823,1.2944457,-0.34037007,-0.015075014
3573,1.1660747,0.6018757,0.36802596,659.03631,6.335111,1.4566667,0.12152349,0.01346473
3574,3.7081017,0.49292201,2.4103179,766.59643,17.989763,1.5765648,-0.36304987,-0.018114671
3575,1.1753685,0.20773739,1.9322591,2015.5688,19.10723,1.8149703,0.93070959,-0.049760623
3576,3.8603267,-0.22292414,2.5196865,573.64553,9.4270316,1.6030611,0.77214518,0.043129226
3577,4.6831225,-1.0279679,0.62560278,474.99053,6.4397861,1.4709881,0.73827965,0.016036769
3578,1.7080617,-0.0011889657,2.73524,1805.0737,8.2534665,1.6837571,0.55783643,0.016651796
3579,1.2097038,0.0041502535,2.1810621,1084.3531,13.074503,1.7003191,0.55073385,0.042759231
3580,0.0083678247,-0.012414556,2.880893,1325.1935,23.942024,1.8724294,0.078620405,0.0038496903
3581,2.6207768,-1.2251044,2.4583279,1098.2559,7.5279619,1.6312136,0.35143402,-0.004254776
3582,5.2321858,0.48798219,2.1589745,1809.693,26.404819,1.861482,0.79321514,-0.04727052
3583,4.5528887,0.85461612,2.1569226,736.56949,7.0794444,1.4326005,-0.3951336,0.030276503
3584,6.1869026,0.14239738,0.58539171,1279.1048,6.8039217,1.642641,0.8051832,-0.0040095506
3585,3.9776343,-0.57369233,2.2177534,1443.5115,21.766822,1.7812839,-0.22656315,-0.020417579
3586,5.8481406,0.6639466,2.0394101,527.17187,8.1833854,1.427193,-0.19009123,-0.014763248
3587,0.66876915,0.22128604,0.76916507,1233.1839,6.9379913,1.4076585,0.60011751,0.0074126344
3588,5.6556833,0.2477657,2.3676361,891.44193,6.1039822,1.6351797,-0.54622153,-0.035910505
3589,1.0936006,0.1985594,2.2336523,273.56049,15.905366,1.4117306,-0.36251435,-0.016048512
3590,3.4642792,0.59918348,2.1046517,1048.4572,13.958828,1.7143492,0.11061142,0.029807883
3591,3.3616518,-0.58965414,0.63270394,2445.6454,31.590603,1.6488675,0.83724754,-0.048335406
3592,4.2606626,-0.4340512,1.9909559,883.63719,11.117112,1.7105091,-0.73318216,-0.045516358
3593,4.5936698,0.34423181,2.5738975,2044.3778,9.4855722,1.7450381,0.1286607,0.039505842
3594,3.6235592,-0.013194203,2.8794358,1100.3752,8.0347713,1.685243,-0.57238682,0.0043286552
3595,2.3421133,0.30509651,0.41747011,923.57099,32.320063,1.6806238,0.85897878,-0.033458648
3596,2.5366696,-0.32896506,1.4541662,193.29593,21.035125,1.3589645,-0.54908313,0.012423053
3597,1.903004,0.08459751,0.65325282,866.3806,15.841487,1.4385048,0.79940928,0.037737799
3598,0.93187177,1.3271597,2.7335937,1885.5167,44.770653,1.7213927,0.30670485,-0.025757537
3599,3.356603,0.669261,1.1826854,382.71037,17.501827,1.4371849,0.25029154,0.043098086
3600,2.8201679,-0.55950283,0.68008433,3025.2665,42.913767,2.028416,0.46642659,0.046783819
3601,1.2198115,1.292657,2.3809193,1048.6934,14.122991,1.6875601,-0.37089473,-0.0018623597
3602,4.0713924,-0.011817114,2.5346263,1710.7492,7.5444593,1.8169876,0.54236627,-0.02580681
3603,4.4079546,0.231606,2.2120848,609.25772,14.755864,1.4808004,-0.086454919,0.022301599
3604,5.3562113,0.24766471,0.58096817,974.30554,12.838674,1.6564955,0.35448862,-0.015709818
3605,4.0957015,-1.2627535,1.0828561,860.06861,23.924581,1.6732323,-0.72437098,-0.048663597
3606,5.7182003,-0.97756509,2.8627175,1651.6813,6.9550783,1.7035861,-0.24310064,-0.00014984816
3608,3.7026702,0.9855718,1.1981156,306.77979,25.11167,1.3994626,-0.026306752,-0.0017935335
3609,3.8058241,1.4794764,0.12380989,2198.6652,14.551115,1.8463429,-0.7261885,0.023224228
3610,2.0490415,-0.77647895,0.51513006,1592.5371,25.308344,1.9564818,-0.43709958,0.040422756
3611,0.82775897,0.11989425,2.0583065,347.36964,18.248172,1.4410082,-0.65589935,-0.019913514
3613,0.10098245,-1.1047829,0.81212665,1008.5071,16.341199,1.5248489,0.24147243,0.046806066
3614,3.077323,1.3133388,0.76878318,794.51182,5.9359847,1.765525,0.25048832,0.0090785444
3615,1.4480184,-0.74131583,1.1101092,932.76834,26.166581,1.6542367,-0.67525054,0.010410452
3616,5.9291818,-0.55524958,2.656264,1889.797,15.34042,1.704968,-0.68451253,0.035855549
3617,1.9335429,0.88877701,2.6503682,1511.7322,25.861354,1.8305372,-0.60008215,-0.013086597
3618,4.3606111,0.19435256,2.7061156,1332.2403,60.915086,1.6324636,0.23886034,-0.011925741
3620,0.6285193,-0.5344167,0.93608492,652.31707,17.029381,1.5165713,-0.17643691,-0.0026142033
3621,1.2389609,0.82383066,2.0139906,936.74522,16.380333,1.6113106,0.37789278,0.041570373
3623,3.6671331,0.25305279,2.9142347,1160.9836,17.803287,1.5663958,-0.30728339,0.039330372
3624,1.3039748,0.82612289,2.5102359,2925.8945,9.0659088,1.9942831,-0.37573017,0.02860033
3625,0.54612911,0.81177649,0.69920567,1577.5637,21.435309,1.8288748,0.75087617,0.028875295
3626,2.7603452,-0.87394908,0.51003845,1143.5352,13.703241,1.7617332,-0.51292518,0.045647215
3627,0.6881161,-0.47609407,1.2825217,1078.3194,21.292321,1.6091498,0.087508275,-0.015031169
3628,4.9991622,0.80645896,0.81120589,1163.7912,10.040987,1.5695327,0.079659707,-6.9538751e-05
3629,2.6242694,-0.22285164,0.43961635,1653.8308,28.372106,1.9623588,-0.28233716,-0.037756744
3630,3.7461042,0.26965157,0.4408016,934.53288,7.1052373,1.5752652,0.97574868,-0.0031089564
3631,3.6685765,-0.20812893,2.7497591,837.92789,6.8717188,1.6274516,0.41937393,-0.022262335
3632,3.3193976,1.3900238,0.36672687,1423.5032,15.799469,1.4976954,-0.049412342,-0.014305092
3633,4.3974202,0.58040898,2.0845003,561.04602,5.8052772,1.3912625,-0.8426653,-0.036232731
3634,1.9671353,0.95298562,1.9735602,682.92502,23.261337,1.432385,-0.85476207,-0.015383209
3635,1.4114379,-0.73233166,1.6034731,532.968,43.713419,1.4873644,0.16757422,0.022536773
3636,1.6305062,-0.56171914,1.0549896,739.58862,21.409233,1.4942273,0.72208817,0.044742419
3637,3.6147322,0.67366268,0.88258826,958.88779,9.2595003,1.5958447,0.73710089,-0.042620772
3638,3.9811696,-0.76659744,2.2623665,427.33848,13.192843,1.4152351,-0.18279846,0.021674809
3639,2.0310417,-0.45507814,0.45107768,988.86947,20.364393,1.5339097,-0.93267731,-0.011132902
3640,4.117558,0.26948481,2.52268,347.33546,23.92833,1.3975017,-0.83098453,-0.0081453345
3641,2.3640398,-0.35650895,2.2378204,925.41769,32.289864,1.7315544,0.72670936,-0.047818158
3642,2.93552,1.0651979,2.813426,1214.0101,11.218685,1.6398825,0.0327923,-0.018789631
3643,2.9888354,0.044865196,2.5154987,721.20793,12.084581,1.6700893,-0.40507239,-0.04968342
3644,4.3457531,0.50590381,1.9060284,665.69934,7.7334043,1.6351253,0.80515352,0.012520114
3645,1.4079449,-0.67863611,0.70369065,1403.8183,6.7692945,1.6431667,0.4163635,-0.04074394
3646,3.2904643,0.8734299,2.6487943,869.03298,6.3347305,1.4972988,-0.27324244,-0.037437807
3647,1.7899796,0.58243549,1.0284076,1625.7074,9.2716106,1.8069709,0.43627894,-0.028334025
3648,0.2841064,0.51573411,2.9834365,1300.6285,8.9124307,1.6148787,-0.24550021,-0.021833543
3649,5.7096402,-0.052052707,0.70971638,571.00356,24.880146,1.6459141,-0.089535519,0.036617951
3650,4.5969513,-0.59422023,2.1960192,1430.7832,20.463522,1.4943522,0.39732106,0.039229024
3651,4.8011922,-0.55839083,0.95181811,1077.8362,6.0901278,1.6608556,0.81665898,0.012862689
3652,5.9582159,-0.32424147,2.2192577,735.35708,36.625984,1.7184004,-0.47343684,-0.010759165
3654,2.5568353,0.61459159,2.7501581,1032.6839,7.8076193,1.6306859,0.94488816,0.0084684774
3655,2.7376736,0.54229753,0.41416799,1373.1822,6.9323575,1.7814605,0.24270121,-0.0090026764
3656,2.9629285,-0.27842437,2.0010475,872.4156,8.2181354,1.5598726,0.69544114,-0.02877173
3657,2.4759103,0.7003808,0.35741876,421.30504,41.254352,1.3076379,0.077392474,0.013732246
3658,5.6064755,-0.62143771,0.76233753,1269.3195,15.871961,1.5719499,-0.039803156,0.018339841
3659,1.3397211,-0.88014171,2.4553476,1657.0978,28.210011,1.7108184,0.89363289,-0.0078538857
3660,5.3273899,-0.85529115,1.1036315,982.93602,7.2704016,1.6589349,0.31663613,0.024327668
3661,5.578776,-0.20326375,0.72893107,811.27658,7.8247961,1.4686437,0.62340842,0.034650302
3662,3.7987115,-0.48795667,2.2301114,1747.9057,40.356403,1.8173335,-0.34941081,-0.0011511834
3663,3.0443039,-0.12654369,1.3684042,718.74609,7.4786924,1.4071237,0.42312276,-0.019129425
3664,5.4123143,0.67591814,0.88663921,1827.4187,6.9293954,1.8901592,-0.39554723,0.015755475
3665,5.1037287,0.15967675,0.82840557,1065.7039,8.4336376,1.6768895,-0.082172383,0.0075595299
3667,1.8695961,-0.39638399,2.0012655,162.01176,11.213751,1.3118311,-0.057383139,-0.035367412
3668,5.2420158,1.116629,0.31098319,1195.2552,6.5287611,1.6468583,-0.49061827,-0.0060618994
3669,0.96799373,0.47816361,2.3274868,356.4011,6.9152664,1.5296708,0.69433588,-0.014219695
3670,0.60473695,-0.83590379,1.3184845,1333.4334,37.278691,1.7266725,0.58486264,-0.0051200115
3671,3.9418634,0.42486867,2.763139,1498.864,12.239489,1.6513033,-0.68996418,0.025566045
3672,1.8990763,-0.20907832,2.2966175,891.59276,6.9387819,1.4527328,0.046452787,-0.019031866
3673,1.574971,0.38215861,1.0479483,790.23129,13.512337,1.4687606,-0.22839509,-0.033430732
3674,5.6855287,-0.44519806,0.62112587,1258.2651,7.0071975,1.6258027,-0.25878333,0.0061845575
3675,1.676936,0.89069642,1.0926848,866.65414,9.5181607,1.4871625,-0.7677147,0.027485952
3676,0.14282147,-0.50993652,0.78460589,907.37427,13.959151,1.5731224,-0.14283277,0.031547257
3677,0.33192198,1.0030584,0.7010669,1527.0726,7.7493217,1.6998748,0.40368162,-0.018506225
3678,4.7248678,0.85697552,1.9283824,614.36225,10.960281,1.4649867,-0.46081428,-0.0054012347
3679,2.3467375,-0.14240067,3.0105454,789.71932,43.999808,1.5175621,-0.8914661,0.028220784
3681,1.7891802,0.53910717,1.7564847,814.12768,9.6029352,1.6331918,0.083337621,-0.037753817
3682,3.4052003,-0.73588579,2.1854537,1311.3807,46.78925,1.4798428,0.79956952,0.032999657
3683,3.4451284,-0.84733939,0.92373961,818.12535,14.128923,1.4622798,-0.67052147,-0.038485432
3684,3.2449362,1.1091711,2.3147551,670.92342,13.127969,1.462598,-0.62839809,-0.037525339
3685,6.2557472,0.81519501,2.3943478,1507.3851,13.583074,1.8453551,0.98959988,-0.047294061
3686,0.92121959,0.68184588,2.3085478,550.07491,8.0693249,1.6611436,-0.49994916,-0.038906916
3687,1.317945,-0.75459481,2.2509229,2169.3054,15.14646,1.9367359,0.18212673,-0.040331222
3688,4.267352,0.53059963,0.23932683,1542.7602,13.799654,1.8509257,0.41874224,-0.031238366
3689,0.51994095,-0.12155102,2.5803621,1005.1284,6.5310561,1.6513594,-0.45280526,-0.041166652
3690,5.8536571,0.82588577,0.38619232,838.38276,11.091605,1.4826279,0.061840179,-0.029363055
3691,2.2441162,-0.46076153,2.1905975,471.08316,11.005092,1.5281693,0.93032587,-0.0092539559
3692,0.22885164,0.27325155,2.4154136,1795.3963,13.790453,1.6809586,0.90648391,0.0064046962
3693,1.0634866,-0.67153839,1.1822637,209.32991,18.75047,1.4407564,0.19172689,0.042356142
3694,4.9848937,0.96439069,2.4336975,1354.2637,18.288967,1.6710515,0.88172181,0.0074205325
3695,3.899199,-0.7626638,2.7088763,429.08603,6.1202085,1.4688473,-0.099859004,-0.037286114
3696,2.8346076,-0.75288958,0.60532268,854.71209,7.4151464,1.5127865,0.050388233,-0.018108863
3697,1.4404205,-0.064263714,0.96110249,1060.2736,15.456796,1.8166429,0.45338744,-0.036474167
3698,3.9241904,1.0489899,2.007558,953.49683,6.1322304,1.5250608,-0.96449569,0.048947279
3699,5.2043407,0.048881126,1.1833956,454.97723,8.8525143,1.4763135,0.096255238,-0.042496863
3700,1.1914659,0.14709068,2.4357131,1871.4781,11.024794,1.7252729,0.34978827,-0.038565851
3702,2.3876167,1.1129054,0.20435833,932.55621,9.4578345,1.7566778,0.10867678,-0.0077515643
3703,4.5379627,0.64829984,2.463157,2572.2445,22.704287,1.7676655,0.64314845,-0.01934423
3704,5.853212,0.53758493,2.7987719,575.30525,19.311474,1.4599618,0.71014048,-0.014946271
3705,4.947849,0.57803547,2.0492284,601.21459,12.862089,1.6367781,-0.11539121,0.044885628
3706,2.8158735,-1.4039611,0.73050163,707.97899,5.9448618,1.5287311,-0.27531877,0.029374137
3707,0.49798497,-0.020924464,2.0777451,716.18353,15.081579,1.5752511,0.44200054,-0.013111421
3708,6.0655185,-0.32615411,1.0412247,2070.4636,36.63821,1.8109481,0.34046787,0.013187447
3709,4.068187,-0.29034439,0.42619804,741.04183,14.333877,1.5056557,0.22093784,0.0033774614
3710,3.5925722,-0.037541353,0.3724848,1778.4505,9.6161264,1.7142624,0.5206594,0.00075040862
3711,5.857608,-0.35532364,2.8006795,980.77427,13.15031,1.5104966,-0.69340961,0.021736906
3712,0.41175299,0.68625471,1.4077884,790.13926,9.4171697,1.6286133,-0.17600225,0.0016038386
3713,5.0795918,-0.11941717,1.7150514,1722.7117,13.474917,1.8961447,-0.41861543,-0.016160694
3714,0.0622128,-0.81196412,0.79422698,1365.733,9.1284773,1.9256685,-0.67889711,-0.040430976
3716,1.1780132,0.38589138,2.4032975,848.04975,19.512594,1.6181907,0.89160277,0.042118092
3717,1.269593,-0.096649367,2.1273117,969.07829,7.0978467,1.5146822,0.55787636,0.021221526
3718,0.12721833,0.79583151,0.88385314,1095.0257,58.141325,1.552422,0.86901044,0.041706228
3719,2.7255603,0.89390504,2.4050305,971.98679,6.6870401,1.6793494,-0.4294946,0.025239575
3720,5.7788438,-0.33348948,1.3781903,664.86214,53.142249,1.5997774,0.76381417,0.027523101
3721,3.9872774,-0.45074512,0.82678476,1344.9871,45.712667,1.7074561,0.091326311,-0.0085840039
3722,0.63922508,-1.2310917,0.32255288,1335.4544,6.6596278,1.5922305,0.54941833,-0.03433387
3723,3.6876018,-0.56524661,0.037402091,1528.1942,13.576711,1.7349159,0.15716659,0.049349515
3724,5.2439508,0.16094011,2.3124704,1362.2194,17.261377,1.5578349,0.46072862,0.037541735
3725,4.3556198,-0.3859503,0.85838702,475.74049,17.468929,1.5249325,0.21777976,-0.046059714
3726,1.5010971,1.126913,0.66635864,685.42734,15.850459,1.600757,0.4026788,-0.0093528451
3727,2.4825486,0.21426132,1.0952785,1421.4793,14.504507,1.8697794,-0.33497383,-0.04155203
3728,6.2071326,-1.1523313,0.59954532,641.98358,13.391302,1.4898967,0.26912644,0.045744239
3729,2.1260457,-0.57723524,1.1011419,494.40773,12.807994,1.3951302,-0.030973264,-0.04973518
3730,5.1154222,1.1993263,3.0010206,2545.49,7.9018391,1.8714435,0.46412496,0.049583311
3731,3.2902571,0.49462548,1.9502022,1357.3244,9.6643124,1.8519764,0.15788773,0.022914386
3732,0.61044732,-0.12806603,2.1050541,700.06807,14.932601,1.5690088,0.71103939,-0.0060815403
3733,0.36261096,0.86869016,2.7932615,1378.9849,9.3953392,1.5213742,0.78415371,0.0054003048
3734,1.7077576,-0.81770527,0.43146143,1363.3734,37.462109,1.5713965,0.12994349,0.016296431
3735,2.7997526,0.22138366,0.92253206,1173.157,6.6801991,1.7581094,-0.76502864,-0.032862295
3736,4.6636182,0.43051619,2.60304,2288.492,23.191472,1.82725,0.75001258,-0.0018349669
3737,2.9046351,-0.2275984,1.5752325,1180.9112,25.521208,1.4764194,0.73726021,0.045969621
3738,5.9474344,-0.38267534,0.19234366,447.40608,7.7605027,1.4695564,0.93254217,-0.019537626
3739,6.1523488,1.1171016,0.84898095,2014.0079,10.313474,1.6955183,-0.32260448,0.0023121706
3740,3.3866014,0.74322708,2.037108,690.53611,15.04288,1.6250479,0.77824671,-0.0096023038
3741,4.8435546,1.0435849,1.2352794,705.11452,35.782083,1.7204801,0.17511046,0.019420721
3742,5.0856264,-1.4092339,2.3941149,1299.9031,22.740086,1.7529004,0.1228354,0.014908314
3743,0.74142467,-0.53760646,2.6473574,1341.1628,38.999878,1.6675995,0.1138256,-0.002832967
3744,6.0615237,0.39442474,2.9741655,1506.189,12.70983,1.6739669,0.29232334,-0.010945061
3745,5.5990092,0.25868456,0.31452751,3007.9577,54.977494,1.9140389,0.51746269,-0.049232754
3746,5.7284753,-0.69829203,0.20630503,824.68724,7.4821153,1.516725,-0.94257697,0.0012711912
3747,5.3261002,-0.26806838,1.7211658,646.32193,20.383922,1.4403144,0.86584412,-0.033328156
3748,1.0856412,-1.247683,1.6795055,475.48198,29.978345,1.5421589,0.85704684,-0.004823291
3749,0.30156753,-0.2122278,2.4366033,2546.8971,20.681595,1.9783904,0.92177372,0.019606866
3750,2.5527672,-0.7839448,0.36094862,434.5916,14.997062,1.4226306,0.9842463,-0.03843927
3751,0.073616746,-1.2438988,0.74043137,653.94402,5.7602405,1.3885537,-0.27716999,-0.015046841
3752,3.1672615,-0.23459852,2.9329095,861.9572,6.280893,1.4728896,-0.93586075,0.01215705
3753,5.4331272,-0.48954498,1.3451934,755.43845,20.757325,1.4771025,-0.044602232,0.0038213423
3754,0.70170235,0.094261778,1.3048947,944.27824,8.0989115,1.5901413,-0.38822622,-0.026267638
3755,0.9830328,-0.84556163,0.26149236,1374.5091,9.0764477,1.6138225,-0.17711816,0.038680105
3756,2.3336198,-0.23556383,1.0150572,782.6278,7.1812564,1.5703868,-0.45973588,-0.0013369061
3757,2.642156,-1.0435454,1.2554028,833.23005,37.656676,1.4838626,0.40691952,-0.0065449891
3758,4.8660374,0.13826496,1.1653129,932.21279,13.264093,1.6915749,0.79007903,-0.014379595
3759,0.38814134,0.044205964,2.1042779,658.11863,7.4846456,1.3825976,0.19207512,0.022340106
3760,4.4805446,-0.78550269,0.48147168,701.08752,11.034118,1.5050057,0.9642468,-0.022492477
3761,4.7580124,-0.31690957,0.53801018,824.87431,6.676649,1.5327548,-0.89613561,-0.043068974
3762,0.62924908,1.1738644,2.6126537,861.30542,12.938472,1.5756039,0.031239803,0.0089591147
3763,0.28150431,-0.42099772,0.66019497,482.228,8.5701692,1.5560708,0.39779129,0.042809014
3764,2.8845813,0.29890316,0.2063837,1404.4872,11.14648,1.7050562,-0.72624862,0.049085
3765,5.8944582,0.68266592,3.0030646,1290.2487,29.838878,1.5487986,0.56470311,-0.048116245
3767,3.6384231,0.015197019,0.18579822,552.79417,7.1496602,1.3997079,-0.81778912,-0.041102602
3768,1.2642216,-0.54635175,2.9120531,2201.4059,13.341942,1.9566832,0.58928163,-0.034076636
3769,5.4771593,-1.3077114,0.20478803,1633.1318,13.623538,1.7016123,0.47332853,0.046787822
3770,2.8107964,-0.026185935,2.4314784,1474.9994,29.454703,1.9077861,0.98390792,0.035408713
3771,3.2255009,-0.86153385,2.4022103,1955.663,13.410149,1.8367231,-0.2254061,-0.0094828887
3772,5.2750386,-0.10008515,2.3657024,939.22359,12.663092,1.6255719,0.40836583,-0.001074244
3773,5.0386883,0.01820179,2.5598405,1515.7952,14.408678,1.810065,0.72302474,0.045789638
3774,4.139691,-0.66476857,1.8640238,1245.5716,8.9666095,1.7240033,0.81016864,0.013111569
3775,4.8996524,0.29682913,2.4072649,763.77058,41.630047,1.5614426,0.76311598,-0.024809818
3776,2.7988728,1.0395442,1.0624218,628.75494,8.745376,1.6243822,-0.93353376,-0.020750114
3777,5.8957585,-1.0111523,2.7659935,660.61306,20.120252,1.4507753,0.69320443,0.016932499
3778,3.136557,0.4935513,2.5799608,373.68262,14.771004,1.3647764,0.15902509,-0.037779935
3779,2.3699455,-0.98957244,1.1446127,732.72201,7.2126106,1.573718,0.67192905,0.040695623
3780,4.0376282,-0.23783174,2.3427757,983.47334,6.7508668,1.6481035,-0.31030885,0.017247944
3781,2.2253557,-1.3661642,1.6563651,668.82945,10.474285,1.5501606,-0.72949359,0.041162302
3782,3.6014603,0.63296367,0.77287593,396.4122,14.714404,1.3377841,-0.60493498,-0.038510565
3783,4.1733291,0.20208101,2.9923885,1241.1313,14.483573,1.5421639,-0.56169057,-0.037711943
3784,3.5570373,-0.12573936,0.49131589,980.98723,13.178777,1.4986528,-0.60829454,0.0057703343
3785,5.9069924,-0.098446153,2.7159499,1144.8613,13.392384,1.8115706,0.096499438,0.035246056
3786,3.4285262,0.18653792,2.6437634,1359.8744,12.650559,1.7995364,0.60426038,0.01272092
3787,2.2069731,-0.87265263,2.4040022,90.545879,11.276705,1.3542033,0.78661679,-0.034058868
3788,2.1052031,0.61122131,0.72260248,374.45313,9.3674296,1.4061988,-0.57703344,-0.026684458
3789,1.1545047,-1.0114157,0.80469949,1476.6965,22.637664,1.6433253,0.30118462,0.0093500049
3790,4.7582807,-0.32134956,1.0930372,1905.7174,33.34118,1.9504084,0.96456706,-0.022815107
3791,4.2062435,-0.30302841,1.1269651,159.25126,7.3037268,1.4147814,0.29130884,0.046290223
3792,2.3594672,0.13988051,1.7229258,343.69065,31.414926,1.3569861,-0.62975908,0.035821275
3793,1.5481278,-0.13342577,2.4548916,1442.1222,10.498774,1.8008868,0.61224873,0.041741102
3794,4.1565588,1.0431789,2.0861277,453.7732,6.473759,1.5108049,0.77549142,-0.048126709
3795,2.2248755,1.2750634,0.32094263,2772.9305,14.130651,2.029379,0.91058224,0.017845655
3796,5.220648,-0.28752907,0.38296084,3187.4117,44.912252,1.9677621,0.78741467,0.0070734293
3797,2.1075532,0.82073552,2.9536429,1442.7862,6.9702133,1.7119192,0.12963006,0.00091701955
3798,2.8929194,0.20900054,2.1821708,1531.6919,7.0957714,1.8774396,0.68253717,0.01175628
3799,4.8642278,-0.37587493,0.62058493,1125.5528,6.3211632,1.6571068,-0.87998857,-0.035671581
3800,4.272224,0.66157654,1.7766816,464.38043,8.4453961,1.4427716,0.6715329,0.0083835129
3801,4.0753407,1.3780323,2.6182331,1227.6169,12.434039,1.6189587,0.91063574,-0.045240484
3802,3.5037827,-0.55627725,2.6575708,1706.5409,31.568956,1.8400263,0.58426422,-0.045667234
3803,1.2490394,-1.0828344,2.3854772,1485.3192,8.13868,1.6803483,0.46493346,0.046000301
3804,2.649557,-0.75087943,2.1308992,2724.2952,53.287726,1.9219554,0.81484047,-0.049795357
3805,3.8669087,0.89740909,1.2190977,409.13531,6.416959,1.3954596,-0.47612805,0.038974373
3806,4.2669747,-0.9294344,2.3365122,404.66999,23.443151,1.5441046,0.61340262,0.025915863
3807,2.9277799,0.41312718,2.7955504,804.52191,6.1539487,1.6026722,-0.079560837,-0.020486866
3808,5.9539004,1.2062525,1.6864967,528.70308,6.1066661,1.6793709,0.058581319,-0.012550046
3810,3.0494722,-1.1565727,0.87627832,490.46808,11.457515,1.5622563,0.31869195,0.0034749013
3811,2.0107797,-1.2183983,0.5001665,1170.7494,49.670151,1.4051063,-0.032285267,-0.04643659
3812,2.7496831,-1.1951553,0.53511353,1000.6557,7.8713322,1.5794258,-0.16697722,-0.027503617
3813,1.7181308,0.18312663,1.32767,729.33821,21.783693,1.5193771,-0.55345159,0.040700287
3814,0.64274935,0.15793851,1.5728807,275.9651,6.7713978,1.5546425,0.91357122,-0.006595618
3815,3.3923016,0.50679132,2.3302068,407.14208,6.9408224,1.402111,0.31843951,-0.018283256
3816,3.4734244,-0.88157959,2.6503392,1416.0802,7.4959102,1.799081,-0.70172793,0.006474871
3817,2.0801255,-1.2337144,0.68220009,1095.9094,39.107722,1.7383551,-0.58033895,0.040550306
3818,1.2300048,-0.65324562,2.5238306,866.01666,6.1491316,1.5666272,-0.52338112,-0.029739726
3819,1.1205271,-0.46324451,0.62050494,1815.4988,23.049502,1.679824,0.82359936,-0.041975672
3820,6.2529434,0.43105073,2.2797393,789.70888,10.926284,1.529023,-0.72822949,0.034995496
3821,3.431665,-0.14736576,1.1224542,707.71785,8.6688668,1.6471277,-0.43306962,-0.0053032038
3822,0.95327578,0.1908166,2.4125337,870.77443,9.0616552,1.4633,0.52021759,0.016426134
3823,3.0463054,0.018229928,2.4122273,2103.7021,13.950523,1.9266386,0.86372099,-0.0046437178
3824,2.096274,-0.40319236,1.1718763,456.18327,9.008378,1.4423749,0.80457413,-0.027573214
3825,1.8043362,-1.30885,2.6550161,1430.246,11.75049,1.7535185,0.26089516,-0.015602273
3826,3.9992188,1.1431836,0.98324521,653.43256,20.035277,1.600528,0.7441787,0.021653099
3827,0.13098801,-0.28200611,0.26004619,1474.8434,18.587131,1.5485261,-0.75623741,-0.016793549
3828,3.320889,-0.092815432,0.85255392,441.24276,25.942069,1.6382887,0.46785936,0.039868238
3829,0.70692741,-0.946968,2.2810223,899.40492,30.275672,1.5634566,-0.40064663,0.0074931096
3830,0.85761289,0.066361018,2.4250808,1607.2876,23.211777,1.5621388,0.0028347951,0.015990326
3831,6.2250634,0.7898834,2.945766,323.93313,44.308891,1.4044299,0.28688201,0.020119476
3832,0.47150921,0.5530288,1.3546259,944.23174,7.1701119,1.5433066,0.65539119,0.03396379
3833,6.0784722,0.25498916,0.84315606,905.17595,14.069112,1.7911451,0.7625487,0.018512406
3834,3.4483301,0.10326236,0.37324503,745.53698,9.5625076,1.4427727,-0.74905563,-0.024403243
3835,4.2814196,0.42203907,0.58891052,458.6704,6.5828739,1.4340747,-0.81617571,-0.023646182
3836,5.1507555,1.3260601,1.2826262,1313.5882,12.66737,1.7442628,0.60958607,-0.034993759
3837,5.4795838,0.30462681,0.57293462,1626.4644,8.8573105,1.7760358,0.91316224,0.015836509
3838,5.1784925,-0.61762865,2.9246648,2123.6778,22.666358,1.6824556,-0.13004748,-0.044363633
3840,1.4573488,-0.75037052,2.4384081,1169.1428,8.3053672,1.7621248,0.25046552,0.045325074
3841,3.674615,0.93395866,1.9357271,430.2729,11.392846,1.5235292,-0.61229596,-0.020384209
3842,4.9847673,0.14684185,2.5307358,803.51608,7.9955146,1.259547,-0.3469793,0.040403341
3843,1.5192051,0.19240198,0.57778515,1438.0179,7.5317844,1.57218,0.22381526,-0.019123877
3844,1.7329225,-0.77532734,0.45363663,622.73743,7.3564055,1.514046,-0.75781946,-0.033331338
3845,3.5075728,-0.44544433,0.40004526,288.24208,8.6769338,1.5087843,0.39206375,-0.033983348
3846,0.4388656,0.3850564,0.90192959,679.13969,27.809134,1.5708234,0.78615836,0.020811318
3847,4.9027554,-0.21987842,2.2336081,1147.4244,9.3599881,1.4571133,-0.58803023,0.032772637
3848,2.0096745,-0.3293048,0.81201762,1522.0133,6.9743425,1.6427608,0.74567576,-0.035995623
3849,5.7440305,0.29501774,0.74245991,1297.0496,12.436364,1.7612719,0.49867937,-0.040658277
3850,2.0977075,-1.2669172,2.7707474,2998.7036,47.051003,2.0126777,0.75370186,-0.024795668
3851,3.1760694,-1.3503073,2.1688071,1044.2088,29.216463,1.8357879,0.43675588,-0.03986568
3852,4.8536152,0.14908121,2.5252717,1063.855,9.5587739,1.6145135,0.4748328,-0.011003529
3853,3.9857551,-0.54505776,2.4761421,1174.0336,7.2498007,1.5880049,0.25836459,-0.017251538
3854,3.3046781,-1.3429882,0.2895735,1667.6959,31.355395,1.7948987,-0.3415479,0.0099590922
3855,2.9740238,-0.78945619,2.7878183,1865.8833,8.2153291,1.7567348,0.39476753,-0.031352657
3857,3.7531037,0.033110325,0.39011774,909.6449,57.349209,1.6946068,0.065142587,-0.0022944297
3859,4.9445886,0.52126949,0.84101868,1010.2624,6.7416705,1.631514,0.3864063,0.034532412
3860,0.47659107,0.2357162,2.2615114,988.76758,7.0901867,1.5131701,-0.89808255,-0.018808074
3861,1.0389605,-0.88709945,2.3936559,551.71703,18.037594,1.4993261,-0.2175574,0.028554104
3862,1.3115599,0.84782272,2.2992468,1808.3151,7.5345111,1.8599319,0.78225443,-0.0055926244
3863,2.5473618,1.1925296,2.0179099,777.31724,9.0687362,1.471735,0.67318597,-0.01243214
3864,0.1484648,-1.0150624,0.33279486,1353.5181,29.629945,1.8342558,-0.98493854,-0.018359993
3865,0.32270403,1.1459468,2.5087685,1599.58,15.921323,1.6032195,0.64574711,-0.032052599
3866,2.7277207,-0.77177583,2.0244122,838.90137,8.0423384,1.49052,-0.036366576,0.027410459
3867,3.8365728,-0.82847805,2.7347656,1941.8668,29.915936,1.6608723,-0.5751065,0.032745546
3869,3.3953772,-0.12496236,2.3613963,411.7423,8.3692245,1.2303996,-0.031256482,-0.022555557
3870,4.2397564,1.061317,2.842664,574.56269,7.5017988,1.2829268,0.18585457,0.034641171
3871,0.62931245,0.13097552,2.4039656,2167.7049,7.0780321,1.7555875,0.56296783,0.020348493
3872,0.14766152,-0.64862764,1.0022639,1216.0051,11.066475,1.4523345,0.70576755,-0.0047815039
3873,2.1144471,0.86456393,0.43226256,1367.9249,46.584444,1.7436863,-0.22269087,-0.017905008
3874,1.8832718,0.24712999,1.018209,489.08678,32.364841,1.3960878,-0.73401188,0.024660411
3875,4.2233958,0.83658809,1.6740538,762.31018,8.6792532,1.4214482,0.2623006,-0.045075772
3876,0.95739307,-0.83525943,2.1058097,920.25438,6.7068413,1.5489954,0.19956168,-0.023343619
3877,0.45954702,-0.00658954,1.1879031,689.03814,5.9136603,1.5218076,0.5850435,-0.0016556781
3878,2.1622827,0.097572709,1.3158579,600.15259,32.721227,1.7374019,0.49659445,0.022182318
3880,1.2831679,0.54491211,1.1586303,690.01954,14.613684,1.7215187,0.22368439,-0.00922059
3881,0.23871926,0.75113866,2.3076684,1632.1734,23.555009,1.8844712,0.32325517,-0.040404505
3882,2.6393711,0.46317622,2.637717,802.01462,8.1776037,1.5223338,-0.63793422,-0.022073477
3883,1.5033829,-0.84178371,2.6337971,1971.4509,21.509638,1.954946,0.14904511,-0.025970192
3884,0.12284111,-0.17180754,1.890935,465.62052,7.1676989,1.5498036,0.32643402,-0.041709959
3885,4.3000936,1.1855312,0.97798858,971.69382,27.122939,1.6163601,0.18931644,0.042119434
3886,0.6103071,-0.41513639,2.4882276,1299.4814,14.839302,1.7623461,0.47764285,0.002667015
3887,5.9052552,1.2210081,2.4552427,1226.5799,36.881422,1.5239027,0.73467822,-0.028597926
3888,5.7963353,0.72603414,1.1178685,581.25723,11.407657,1.460841,0.93329475,-0.010212333
3889,0.10935474,1.2751659,0.66874181,1101.4108,12.264712,1.5544916,0.47393789,0.032150945
3890,4.0833604,0.055154816,0.64403081,1459.6109,44.438423,1.8920194,0.53430584,-0.031870999
3891,2.5447544,0.032644329,1.4333541,975.23752,8.9191225,1.5252471,0.53048162,0.018240101
3892,0.4288291,-0.84488479,0.66335922,1896.7663,33.307452,1.8005839,-0.2840552,-0.045210666
3893,4.2726699,0.82223971,2.2464298,1441.8356,9.4265502,1.7061866,0.73352899,-0.015976857
3894,3.6196288,-0.49320052,2.5319323,2117.7249,15.505237,1.9298685,0.37087435,-0.0018195621
3895,5.5398621,0.97539942,2.9572851,1927.9647,12.657201,1.8580036,-0.3783014,0.0077470739
3896,0.047796621,-0.81852616,0.65604207,2026.255,38.526458,1.9589153,0.90902626,-0.018264392
3897,2.3147401,0.062746881,0.028558279,1002.7659,6.3791424,1.5832756,0.061878524,-0.01205381
3898,1.1137469,0.92376473,0.42161834,1893.1569,12.597287,1.638524,0.081680444,0.00014184306
3899,0.90779902,0.13905061,0.36861242,2547.3709,34.091588,1.929555,-0.36224372,-0.031397533
3900,4.4322035,1.3859487,1.0280285,734.27537,6.281883,1.4313979,0.87389243,0.032818688
3901,3.3294983,0.8533203,1.1411585,1521.2394,31.00498,1.8390242,0.77899637,-0.046913938
3902,1.7991317,0.15549626,2.0834374,1480.6693,16.525412,1.7563402,0.53370958,0.015653241
3903,1.5399156,-0.19630108,2.0754693,650.65397,6.9728596,1.3934562,0.17514637,-0.046234905
3904,6.0798384,0.35514315,2.4623625,753.918,6.587457,1.5523692,0.27891809,-0.035570168
3905,1.2984778,0.9139719,0.46705158,2722.9206,15.955757,1.9446313,-0.83479143,-0.022798981
3906,6.2412046,-0.71007089,2.2163986,1267.6072,8.6676684,1.8010505,-0.37233994,0.0017728434
3907,4.9321861,-0.42107544,0.090082301,1964.1329,20.674118,1.951768,-0.70252829,0.0022706045
3908,4.9489486,-1.0097083,1.3977147,617.57866,37.095503,1.4234709,0.63314458,-0.034314848
3909,1.0649302,1.0451482,2.9414818,1774.3368,37.798906,1.8322078,0.98790055,-0.026971957
3910,1.2508192,-0.20565732,0.97868783,866.2947,10.228506,1.7145776,-0.21494064,-0.010402852
3911,4.6241313,1.4733059,0.4350555,1051.0993,11.056822,1.6267269,-0.67744444,0.010568408
3912,4.8619397,0.096538069,2.3760389,924.45295,13.146272,1.702018,0.84393976,-0.021238975
3913,1.0614219,0.84138634,0.52234693,1045.3315,12.629711,1.4373664,-0.7132188,-0.018284425
3914,0.8114366,0.20106643,0.30349619,1180.7188,9.1256298,1.6196933,-0.27922861,0.004899621
3915,5.2806967,0.23429376,2.6869191,382.24017,5.8493527,1.6177386,0.17415583,0.02013599
3916,5.5367416,-1.046046,2.54376,1069.6544,13.595474,1.4655985,0.96364388,-0.044593778
3917,5.6400004,0.27698423,2.5207751,1000.0922,8.2396203,1.5091028,0.097939317,0.0288861
3918,3.9607807,0.54032384,0.2095598,1587.4914,54.643641,1.7787503,0.28559448,-0.020356362
3919,4.4406313,0.051134602,1.1491111,1335.3921,12.388168,1.9180641,0.53927624,-0.038157408
3920,6.2280013,0.96969273,0.54388819,1423.5496,7.0750888,1.5989074,-0.77530179,0.045433846
3922,4.2077659,0.028309165,0.4635639,362.75719,28.587589,1.4640348,0.98793759,-0.016912937
3923,3.4941843,0.019241158,0.2050006,1083.9972,8.8683228,1.5948184,-0.51546467,-0.0023819941
3924,2.6987268,0.76145491,0.90072994,1799.8505,10.829364,1.7325446,0.90653191,0.042840811
3925,2.5778217,-0.35467768,1.8887625,456.65794,32.928597,1.4565138,0.91687902,-0.031332637
3926,4.7955057,0.85214898,2.3046161,2343.7815,14.527794,1.6585285,0.6421537,0.0316973
3927,4.6107684,-0.789678,0.1919522,2451.7825,17.982296,1.8574561,0.67126245,0.016956368
3929,5.2243545,0.27106863,0.77708072,536.13819,6.0633559,1.3795047,-0.56282549,-0.028183119
3930,5.018347,0.72709585,2.0105026,766.57351,11.724039,1.5598265,0.42176685,0.0087137904
3931,0.24950634,0.18944174,2.526325,1027.5665,6.7842961,1.4830145,0.89185487,0.035186043
3932,2.1968321,0.048343452,1.0001206,881.54779,15.541527,1.4734185,0.43948873,0.0035501363
3933,0.63047316,-0.086201709,2.9581906,1267.6336,41.340466,1.5298807,-0.10172904,0.036669813
3934,6.0972369,-0.10385038,2.500665,1266.7831,17.523556,1.6562571,-0.73375128,-0.018547464
3935,4.1580796,0.6800116,2.033842,417.98953,5.8269949,1.5252105,0.36797085,0.034541775
3936,4.2573162,-0.66002714,2.3488498,1115.9666,7.3500115,1.6530001,-0.96471933,-0.049709042
3937,0.9347608,1.2145884,0.27705205,726.77544,7.6508306,1.5696919,-0.36701862,0.041050047
3938,3.3677103,-1.3835794,2.4936867,1328.4933,10.208888,1.7872339,0.65748729,0.014563138
3939,3.0100372,1.1526492,1.5462653,499.61443,13.195138,1.3332067,0.082990268,0.044091199
3940,0.48754399,0.13573348,1.8218291,1017.7896,6.4280009,1.6297432,0.34648157,-0.010196301
3941,3.3116485,-0.37001867,0.58763929,579.2482,6.6599045,1.4084092,0.53368904,-0.0081449229
3942,2.7806597,-0.55442449,0.42188081,968.84822,17.358711,1.7601809,0.58716078,-0.016377769
3944,1.7899041,-0.34097563,2.7484489,590.43722,11.272138,1.6026761,-0.54885526,-0.049178427
3945,6.1791034,-0.0875919,2.0917052,648.83167,31.125798,1.5556756,-0.33513194,-0.012005335
3946,2.6790111,0.67528544,1.7931064,1414.2346,25.092552,1.7303469,-0.70626817,-0.036901148
3947,3.2591631,0.095413404,1.0326449,890.70758,25.481935,1.5243292,0.56512795,-0.029735185
3948,5.5062228,-0.44743803,2.4529147,644.01067,5.9573239,1.6265035,0.78062592,0.048017136
3949,0.71472551,0.15284751,0.75955077,1557.3366,19.583443,1.7456217,0.37115897,0.037084572
3950,2.9878721,0.10333296,0.65492792,1425.5487,15.153419,1.9825085,0.3908278,-0.028461474
3951,5.4297002,-0.10211078,2.060112,927.81394,9.1226132,1.5150251,-0.034830202,0.037505499
3952,6.2596338,-0.19622587,0.70111509,620.67621,13.982957,1.4121838,0.2100477,0.032618843
3953,5.3150416,-0.13006307,2.5492569,1252.3724,10.139187,1.7002976,0.40168355,0.003337207
3954,5.9356493,0.67306791,0.44465756,808.28358,6.7868246,1.6248337,-0.042948836,-0.0046813684
3955,4.3109962,0.13658258,1.0612984,726.85621,7.8721934,1.5549249,0.37235428,0.026370054
3956,3.8803484,-0.55612007,2.3928815,945.99604,33.457688,1.6429815,0.26438908,0.0325652
3957,1.7673499,0.86747958,0.55913684,2095.983,8.933899,1.8174833,0.3366556,0.015905442
3958,4.8202778,0.84175575,2.7168998,2122.7453,7.7748096,1.920413,0.32120585,-0.021784291
3959,0.98357934,1.0464149,2.4488663,806.78961,9.7635184,1.6011574,0.52983905,0.044465104
3960,0.45653252,-0.90012409,2.8752966,1617.9811,31.794253,1.6748905,-0.35816962,0.04148869
3961,0.42863505,-1.1547255,0.61008575,1358.3903,22.933992,1.8267411,0.035314575,0.023502672
3962,4.9656892,0.49351056,2.1738294,1246.8854,8.6237382,1.7460007,-0.68546529,0.0011848366
3963,5.2240298,0.7874782,2.4229907,1045.0294,13.455887,1.4779855,0.33311274,-0.023698736
3964,4.6878186,-0.6434514,0.61467147,1564.9328,20.80072,1.7570559,0.26469133,0.03020446
3966,1.4282665,0.68769133,0.61375236,1241.3571,10.511051,1.6510122,-0.17010932,0.0092577027
3967,3.6739007,0.89676755,2.8503155,1506.786,16.479241,1.6851583,-0.7041604,0.029586372
3968,3.9970106,1.4321484,2.5673915,3319.047,11.323766,1.9664807,0.9657708,0.013916647
3969,0.59060902,1.0215484,0.51202256,1292.3338,17.427723,1.6546536,0.61740256,0.0038306518
3970,1.7078533,-0.46197966,1.9645716,76.067443,15.523769,1.2876084,-0.45653742,-0.026431008
3971,0.091525716,1.0836574,2.3268072,555.87909,6.1163214,1.4821227,-0.55598046,-0.03763222
3972,3.0722641,0.48835155,2.0298946,1575.5864,11.395985,1.8302003,0.38240811,-0.031974235
3973,3.4426387,-1.3198853,2.7474523,967.69025,6.4534462,1.6253656,0.2761221,0.043608937
3974,1.8048092,-0.58348041,2.4580795,926.30591,6.117498,1.7050362,0.37249911,0.0094002748
3975,3.3914516,-0.95179667,0.35267123,2917.2948,28.207118,1.9775679,0.91867194,-0.045360606
3976,1.7305988,0.90483242,1.9402216,284.98979,5.3802968,1.4313285,-0.86110885,-0.011815253
3977,0.94683752,1.0053895,1.3096599,911.46712,17.927401,1.5855607,-0.38499753,-0.015935218
3978,0.68840644,0.6682801,0.59998611,746.49376,12.322797,1.5413862,-0.88188783,0.016967384
3979,2.7167587,1.1180692,2.5199516,902.27868,9.7477637,1.7773034,-0.43418982,-0.021891887
3980,1.9492748,-0.80625621,0.31235522,950.98846,8.8191155,1.6832181,-0.39700283,-0.0094447191
3981,5.7945327,-0.82118289,2.2260426,2033.0462,25.019537,1.7609645,0.92960961,-0.016165979
3982,1.0861176,-0.85957315,1.5906654,293.64184,9.8692104,1.4222658,0.66772465,-0.026956154
3983,2.5648621,0.19529827,2.9248954,3985.6405,28.555941,2.0471493,0.96598922,0.0095749796
3984,2.8552295,-0.22499695,2.1515552,908.11693,18.974567,1.6852141,0.73303406,0.024777448
3985,3.1070737,-0.96418438,1.2961443,1017.5234,11.617637,1.5655239,-0.40195511,-0.049199112
3986,4.992801,-0.36754935,0.69204867,1462.726,35.390259,1.9786702,0.93394773,0.025507112
3987,2.5770939,1.2196272,0.53861023,340.86522,5.4574332,1.4463262,-0.026586446,0.0068030485
3988,0.55715439,-0.096196402,2.2260018,694.29569,5.7250645,1.5622545,0.025609793,-0.048056533
3989,4.1923762,0.58177875,0.19982138,1390.1905,7.6497978,1.6099436,-0.37423401,-0.00058418572
3990,2.1491869,0.56101657,2.2269563,1338.1571,11.276452,1.6477702,0.043683789,0.025367042
3991,2.2414815,0.15494189,2.5641081,1299.4641,13.071637,1.6175726,-0.13271008,0.032491062
3992,0.21974717,1.163579,2.3402207,1486.2157,10.859736,1.5853418,-0.29539927,-0.046766717
3993,2.8223411,-0.76846622,2.0804317,803.24469,10.171883,1.46226,-0.53625409,0.048345765
3994,3.6300932,-0.73601317,0.55104856,1411.4691,10.633297,1.8060458,-0.14684263,-0.041177766
3995,3.4683463,0.22365097,0.73929875,1175.642,8.492844,1.6915025,0.88931005,0.041163702
3998,4.999624,0.17061025,1.8034552,977.80917,8.333879,1.4485456,0.39383527,-0.016021842
3999,0.44277444,-0.65606266,0.83612369,861.70628,23.643071,1.5969955,-0.12804815,0.024367453
4000,2.7318134,-0.21175003,1.456303,512.03598,11.078209,1.4857036,-0.42148626,0.035736726
4001,4.4844195,0.53095068,0.93320692,906.07041,14.067622,1.5625909,-0.77416777,-0.0077107435
4002,2.5691651,1.2994387,1.0925841,1321.4061,6.9718485,1.790945,-0.48595677,-0.016730536
4003,0.740184,-0.27710441,0.54935711,560.773,9.8856043,1.536999,-0.1303607,-0.049072089
4004,4.6238131,0.19998529,0.70612847,918.69019,6.2824479,1.6439506,-0.4024248,0.04126754
4005,3.0273175,0.54587077,2.2515162,2480.0734,8.4443848,1.9140296,0.76151101,-0.017097884
4006,5.030399,-0.80399178,0.46655672,2465.9597,9.0102324,1.8604792,0.02983364,-0.00069015442
4007,4.6550724,0.54107623,2.6392273,2196.8705,13.629847,1.8686209,-0.82104031,0.0062142476
4008,3.675669,0.63830987,0.82830403,130.91319,5.3389547,1.3595931,-0.67048403,0.049392408
4009,0.16433741,-0.47099358,0.30828454,2263.9844,14.648073,1.8848761,0.80258547,0.007702776
4010,3.5950511,-0.95127904,2.4637182,1455.3189,9.1527734,1.7163841,-0.70472242,-0.021910131
4011,0.98024051,1.4355264,2.4783429,1716.2394,26.162448,1.8448662,0.19584973,-0.0026904025
4012,2.4184703,-0.19671085,2.0408993,1186.1687,9.1786892,1.6537676,0.41405723,0.029066349
4013,3.1135496,-0.30956838,0.69315967,1220.3,15.697771,1.7351948,-0.90620779,-0.03201833
4014,5.9068708,0.23492494,0.0076385977,680.79188,8.1135137,1.5416726,0.6528192,0.049863059
4015,3.0379197,0.81727164,0.60220656,1219.2151,19.516559,1.4534289,0.36539602,0.0040023779
4016,0.69794824,-0.24232602,0.36784165,1073.7934,7.9589939,1.6292195,0.62252608,0.035409051
4017,3.5135747,-1.0627158,0.76215519,1144.2486,18.283088,1.5949802,-0.54720454,-0.015433994
4018,1.7656413,-0.14577416,1.7820861,1078.8476,23.564486,1.5924066,-0.52439778,-0.00046345922
4019,3.1847374,-0.58135218,1.211761,296.68663,7.4681942,1.4378925,0.18314525,-0.026306836
4021,5.3465141,0.42387105,2.9312455,2008.6781,7.9936526,1.8450084,-0.19907579,-0.040379651
4022,0.64128898,-1.2414095,2.6799738,1853.6422,10.883593,2.0277662,0.80109128,0.01981623
4023,1.5048842,0.33253628,2.5376806,1563.5484,31.859845,1.722475,0.26975765,0.0058304911
4024,3.896654,-0.32799527,2.6946591,743.62002,7.9089998,1.3531467,0.3083751,-0.0049153652
4025,1.634178,-0.96858528,0.1564201,1645.679,27.531293,1.9332105,0.64442085,-0.0037382451
4026,0.43824672,0.41155633,0.45686779,1580.7865,30.490175,1.6650989,0.48796056,-0.021112323
4027,1.7427994,1.2439747,0.25872003,607.61688,20.007793,1.5561508,0.7409825,0.024977077
4029,4.5457079,-0.78671455,1.6475565,610.90302,20.234727,1.5747335,-0.098917655,-0.018315288
4030,1.076347,0.40295567,2.4104488,1328.9685,27.019934,1.8957006,-0.2268313,-0.016598291
4031,3.4804702,-1.3454218,2.5332058,1730.2766,16.674928,1.7999258,-0.13839705,0.018169757
4032,1.3825879,1.2405706,0.83116155,557.89325,7.8313778,1.481023,0.83058279,0.018254558
4033,1.1245961,1.0979617,2.8242323,475.0089,13.664386,1.4588272,-0.57980488,0.042954894
4034,3.9221023,1.0058008,2.4850262,1567.101,16.714026,1.7518697,0.85426038,-0.032115735
4035,4.8136549,-0.02082364,0.3539708,1022.3415,9.2100687,1.8045581,0.67894992,-0.039706413
4036,3.7766406,0.87022363,0.115423,825.64386,6.2361012,1.7947662,-0.66957212,0.037117787
4037,0.71851809,0.95992625,2.0834006,1383.8524,16.433388,1.5430298,0.77857225,0.023369628
4038,2.8482057,-0.38446148,2.355508,1149.0795,25.600444,1.735925,0.43044888,0.026010499
4039,2.4002907,-0.83100813,0.52019847,555.0444,18.809209,1.3236914,0.76288887,0.046039394
4040,4.5776597,-1.3187098,2.4200163,1547.6332,7.6857177,1.8142441,-0.30758445,-0.032810813
4041,4.5961191,0.99884015,2.1265778,1694.6485,38.180356,1.7367047,0.98290672,0.016801731
4042,2.2772599,0.37342951,2.4335947,808.35958,6.0952455,1.4629458,0.44819449,0.0031975771
4043,0.31475089,0.019980428,0.25972614,1249.8292,59.262412,1.535115,0.91538202,-0.047376958
4044,4.3253538,0.44991992,0.19660846,1742.8177,14.334844,1.8319501,0.97381241,-0.0030208036
4045,2.996275,0.8111797,2.419603,376.08085,6.4536673,1.4532078,-0.44739999,-0.02120428
4046,5.8857564,0.61719761,1.8420588,1398.3511,10.436092,1.6341876,0.67199517,-0.02599462
4047,0.55326102,-0.003581213,0.51769157,537.83302,7.7606677,1.4328533,0.039553785,-0.0032741019
4048,5.4843308,-0.93142939,2.3988824,1948.5997,10.851842,1.7305191,0.42320993,-0.020633147
4049,1.1155918,-0.81557117,2.8496622,1921.9613,13.062836,1.7943472,0.57203772,-0.01364607
4050,3.3245766,-1.1083781,0.4455284,735.61021,7.4856739,1.5522511,-0.33475399,-0.036467672
4051,4.3542365,-0.24451591,2.4238583,958.00819,6.9167808,1.6644776,-0.34158658,0.0039084927
4052,2.5084307,-1.1172566,2.4655523,1435.8652,9.0951725,1.6739191,0.18190028,-0.0068163787
4053,3.078991,-0.77040783,1.3223031,1064.9166,28.739516,1.5711589,-0.12906423,-0.0058419385
4055,3.0729336,-0.2609109,2.612369,1870.1664,11.900708,1.9419079,0.050283058,0.00052152842
4056,2.1577711,-1.1687318,2.4368088,313.55233,12.132377,1.3822693,0.26098304,-0.024918728
4057,0.585986,-0.044658522,0.68930304,1256.7452,38.040928,1.5603943,-0.21541171,0.035108966
4058,3.1150729,0.54420814,0.25029959,907.48926,6.3934752,1.5074086,0.71353855,-0.039742612
4059,2.3989892,0.31982268,2.3162547,946.37297,6.5241383,1.6323473,-0.51466351,0.020123643
4060,0.56402518,-0.62149129,2.3770524,992.49903,7.4649888,1.4437715,-0.18839747,-0.011703562
4061,5.6668942,-0.78761436,0.78212237,1528.9098,7.3763147,1.7801021,-0.24851246,-0.044284081
4062,4.5045401,0.38933529,2.2379795,762.6013,8.5256706,1.4120135,0.42092549,0.046315717
4063,5.6237017,0.93960834,0.17598138,2071.2009,27.883112,1.9630085,0.067460977,0.020720963
4064,1.9209034,0.5504286,1.9749323,384.13659,40.556391,1.3252926,0.5367789,-0.030268021
4065,2.3940655,0.056550865,1.3486978,433.61316,12.54106,1.3945989,-0.78024561,-0.04875173
4066,2.3103214,1.3955463,0.63738061,986.76972,7.9950141,1.5982579,-0.89362273,-0.00062204335
4067,1.7626345,0.099565153,1.2156334,513.46811,5.6122005,1.606719,0.23159775,0.001707175
4068,5.3189638,1.0493123,2.506185,1585.0259,36.142214,1.5076117,-0.30857728,-0.039775434
4069,0.47365679,0.24010455,1.5453108,828.04976,54.13246,1.5213823,0.72586057,0.028387175
4070,1.7696203,-0.019403233,0.88620769,441.60802,8.5320731,1.6448756,0.98999918,0.034318072
4071,5.8679188,0.44756689,1.9926508,668.12647,19.573277,1.5836236,0.17354984,0.01265901
4072,5.235036,-0.48875644,2.4590306,153.87822,12.405852,1.5073289,-0.12121841,-0.0078637032
4073,1.1573409,-1.1433946,2.306525,880.47023,10.659266,1.4841037,0.21960324,0.019637882
4075,1.5773626,0.38473038,0.23416764,308.6763,7.1304799,1.3573979,0.17001757,0.017217838
4076,2.6955521,0.37612812,0.45894543,693.00105,14.002916,1.3953993,-0.46732962,0.026095714
4077,4.5909375,-0.85432844,0.51956665,1189.3738,7.0496198,1.5042522,0.75732949,0.02521679
4078,3.6677694,-0.2375194,0.88042081,1505.7468,13.589909,1.814622,0.78944769,0.04499768
4079,4.300132,0.24808891,1.9934923,832.67382,8.007309,1.5540479,-0.11439632,0.020105783
4080,6.0879051,-0.26623481,0.82770759,185.6426,10.937695,1.5160473,0.85798251,0.042483829
4081,0.36447101,-0.82185373,0.83364458,1612.9944,26.874619,1.7716663,0.67121781,-0.0089181463
4082,4.6682661,0.4424222,1.5032158,1166.2889,9.7331928,1.6579753,0.58811262,0.031744755
4083,3.1621555,0.64638483,2.4749695,3502.6701,35.562661,1.9619259,0.68821628,0.013747946
4084,5.3624176,0.90585289,2.5916086,2584.8083,33.853706,2.0280904,-0.071151058,-0.019543937
4085,5.5713428,0.45946008,0.53570312,1137.7387,45.684726,1.7590827,0.41922146,-0.044310542
4086,2.1651996,0.044642917,1.7790474,635.74232,17.25594,1.5240971,-0.42887942,-0.044592097
4087,1.2010814,0.66085454,1.340515,254.63928,7.2222924,1.3632393,-0.11396347,0.0060180702
4088,4.1043979,0.1141726,2.6525946,1364.0363,16.668196,1.603843,-0.66002829,0.049882495
4089,5.2319521,0.74199339,2.8026101,1142.7753,6.6551812,1.8405618,0.82759714,0.012749123
4090,5.4446766,0.27405316,2.110978,300.86049,10.00198,1.4946279,-0.20057063,-0.009276269
4091,1.218726,-0.99587077,0.5974453,814.77274,6.2464894,1.6374927,-0.77466572,-0.041037246
4092,5.3594715,-0.4845392,1.1342598,748.02207,10.256309,1.7845341,0.87157128,-0.0066375281
4093,0.011129751,-0.24424931,2.8809301,2872.732,22.218641,1.9612625,0.11265307,0.0070860334
4094,5.639597,-0.48353336,0.49201019,1204.2934,19.421844,1.6691678,0.89651893,-0.0079429815
4095,4.1505246,-1.0500086,2.4044137,1023.083,9.8768201,1.5469488,0.76888009,-0.024175725
4096,3.3790795,-0.57225428,1.4505501,847.96562,20.903106,1.381257,0.55414151,-0.034861194
4097,2.8373356,0.7886225,0.4893724,1833.7045,10.928464,1.8606868,0.055140272,-0.020708442
4099,2.3859056,0.30678049,0.54545552,876.92119,7.5291004,1.5531889,0.48525806,0.033016181
4100,0.37842915,-0.96899783,2.8054399,747.47935,6.4559026,1.3851266,0.76908526,0.038698502
4101,1.8116216,1.2488612,0.90666859,506.29948,7.6071584,1.4067326,0.0088353089,-0.013682928
4102,2.7742225,0.015479881,0.24874538,1046.9502,14.967746,1.6669628,-0.19806418,-0.041513209
4103,2.0098624,-1.0064357,2.9264583,2047.5719,23.760819,1.8706467,-0.40240669,0.028777826
4104,4.2894982,-0.10907828,2.4296682,1458.1024,17.356901,1.6194114,0.89543018,-0.043954702
4105,5.9875746,-0.62967718,0.59152977,672.13765,6.0603562,1.6481536,-0.96417707,-0.019869495
4106,5.7570594,0.69866909,2.7479624,2904.2979,56.271264,1.9634238,0.13749269,0.022189163
4107,0.35056685,0.41016822,0.59183787,2478.2501,18.819238,1.896918,0.87261894,0.029959209
4109,1.8620852,-0.43853473,0.65881283,1752.0723,7.3824014,1.7381475,-0.23930415,-0.015528702
4110,1.1636814,-0.74189873,0.73839994,732.80581,13.366524,1.58034,0.82358918,-0.027504797
4111,5.2347034,-0.37489397,0.6067217,1405.1661,21.021944,1.6522228,0.89439985,0.003665946
4112,1.3867453,-0.027965427,2.0362087,528.47315,18.724855,1.5218138,-0.024209557,-0.045456933
4113,0.82349929,-0.71827317,0.12469612,1184.324,7.5675147,1.6657928,-0.54828512,-0.005021776
4114,4.3224429,1.096282,2.1836811,730.06992,17.14506,1.4536391,-0.55801575,-0.010785175
4115,3.4343295,-0.3801594,2.6401249,983.94696,16.019526,1.5814675,0.95508898,0.036297888
4116,1.1957008,1.0978326,2.9624618,1512.3039,12.482705,1.5070771,0.75362341,0.003902281
4117,5.1602652,-0.24110279,1.8723842,222.71682,7.4591828,1.4974332,0.18498391,0.0051579189
4118,3.6390692,0.33425857,1.054917,561.18379,21.908339,1.408662,0.043267503,-0.018332411
4119,0.3745175,0.88501993,1.9283243,506.33257,33.805069,1.5671081,-0.60046435,0.030225092
4120,5.7551789,-0.50240101,0.4442743,1369.0079,7.7721641,1.6439411,-0.46369104,-0.011596653
4121,0.35603646,-1.1637535,0.81057598,2719.9801,40.600351,2.0506103,0.82190613,0.02894373
4122,1.1285165,-0.22857737,1.7016202,306.79389,5.4490056,1.4143473,-0.0080875588,-0.019208068
4123,3.6598359,1.0044412,2.2914778,563.36061,9.8029183,1.3366113,-0.53776043,-0.01307189
4124,3.7441808,0.13338005,2.8042878,2429.4864,7.4525725,1.9656264,0.52303743,-0.005770702
4125,2.238394,0.76410286,1.3274143,698.25713,12.484967,1.5685659,-0.34070645,-0.047050243
4126,1.0815836,0.082994686,2.7778257,524.06459,7.866769,1.4460557,0.10541592,0.03447889
4127,1.5576989,0.37360891,0.46036989,1324.7936,9.8012019,1.7437006,0.29410126,0.0099786923
4128,0.33727726,0.25857845,0.7149985,303.85678,6.9562096,1.2872391,-0.84511591,-0.0062218715
4129,1.5246221,1.1346582,0.53342676,1412.4634,11.191875,1.7952128,-0.075935523,-0.041026461
4130,5.1958753,-1.0307197,0.55989239,775.43058,6.0649554,1.326372,0.3109325,0.027464347
4131,5.5217836,1.0693826,2.3969973,1626.5978,8.6001855,1.6903462,0.11544157,-0.014323293
4132,5.3548204,-0.62329063,2.1417802,315.30569,7.6982398,1.3308263,0.48812432,-1.6891791e-05
4133,1.9448318,-1.3029157,0.8478491,577.56795,14.471545,1.3585275,-0.46269203,-0.021632203
4134,1.4164209,-0.23933518,0.9153986,566.69856,44.187277,1.6317911,0.74726751,-0.035979595
4135,1.925983,-0.48786834,0.5944029,1494.8319,11.552709,1.6542751,0.57145155,-0.046683334
4136,2.5955436,0.96475179,2.5741258,1289.9396,7.8889968,1.3875912,0.89513109,-0.011691437
4137,2.3800792,-0.30089542,1.9743852,1184.4449,9.6674675,1.731824,0.072043031,0.041615423
4138,5.075759,-0.71247295,0.4399183,1901.674,7.4460039,2.0515214,0.12429466,0.027584495
4139,6.0977989,-0.28115021,0.96039815,459.51444,23.466986,1.3934949,0.92631302,-0.019688329
4140,0.80455798,0.96008416,2.4105112,910.06622,11.633962,1.6613581,0.71047113,0.049684566
4141,1.9026488,1.1680812,2.5034568,1024.6408,30.984268,1.6658844,0.56519253,-0.031728783
4142,1.730667,1.178875,2.761907,1338.9066,7.1297079,1.5918537,0.84609912,-0.027701789
4143,3.1101233,1.265251,2.312464,772.24337,7.177661,1.6773669,-0.64694224,0.0047168848
4144,0.33493449,-0.62179379,0.51313966,2012.2653,8.433743,1.9089835,-0.023519394,0.043033718
4146,5.0540356,-0.28878093,0.3391787,2665.2372,12.606458,1.9553836,0.82396011,-0.0055556556
4147,2.2782086,0.10233896,0.97100643,1653.4331,12.36476,1.7025884,0.43034844,0.017091838
4149,4.8906786,0.53445166,0.463407,1653.9952,32.380719,1.6323015,-0.56823817,0.021014116
4150,5.37254,1.2203434,0.85395741,1200.7759,8.3065447,1.7720337,-0.33879274,-0.030754227
4151,2.4818172,-0.67479356,2.0150694,936.10343,6.1514722,1.7265354,0.1741693,0.042059911
4152,5.64888,0.95357817,0.99320032,780.83107,11.418103,1.7138862,0.6171295,-0.0021500242
4153,3.9812262,0.23419371,0.71883222,906.37404,50.681621,1.5176228,0.7303495,-0.048549769
4154,3.59494,-0.4407013,2.5608213,308.91263,8.8047194,1.430471,-0.37196001,0.00052692647
4155,0.89193458,0.35035675,0.52860879,876.6511,22.484996,1.4582838,-0.6211474,-0.047605738
4156,3.2908536,-0.29270653,2.1456695,1250.7587,51.764439,1.635368,0.97708605,0.037168366
4157,3.9024188,-0.96675579,0.37110993,1812.2506,18.130098,1.6096961,0.76252841,0.012503988
4158,5.8631843,-1.076171,0.31138874,917.16258,6.6874942,1.6398467,0.72057763,-0.049778961
4160,0.32413861,0.78749588,0.56203744,669.29332,7.2258072,1.4365827,0.15469677,-0.0010520181
4161,0.30337847,-0.047903619,0.35647548,1259.2974,17.184578,1.5401952,-0.15065213,0.0074905118
4162,3.1222609,-1.3787069,0.42969043,2182.4463,23.805169,1.5591407,0.37887372,0.047550162
4163,3.1430071,-0.78010974,1.1938,594.42813,16.628264,1.7200071,0.15136058,0.030722712
4164,2.4354726,-0.22458539,0.64975415,1133.3987,17.809642,1.58947,-0.42337533,-0.024851553
4165,2.5803493,-0.059750717,2.8116407,696.54901,8.1228692,1.4476052,-0.32814255,-0.023491829
4166,1.2373798,0.50698745,2.1366674,740.47719,40.946961,1.5983898,0.94960888,0.037424306
4167,2.9422606,-0.12778314,2.7443593,1219.1282,13.424679,1.7192234,0.25116295,0.04182161
4168,0.17077598,-0.9199465,0.9762888,1120.7192,7.3263409,1.838066,0.78881813,0.017886902
4169,6.0795709,0.92060528,0.37940732,1216.4877,6.3229466,1.5143716,0.46067009,0.02519368
4170,4.6734938,-0.69225398,2.1732054,780.06322,44.909051,1.5676992,0.45457649,0.01077129
4171,0.6436368,0.71640402,2.7527291,1419.0162,19.641036,1.6007046,-0.8438794,-0.00067036653
4172,2.9592603,-0.60424134,0.33528224,2415.5157,7.6030526,1.9074821,-0.824728,-0.001967225
4173,1.0034183,-0.33701103,0.66683006,529.88925,10.329945,1.3384656,-0.17032295,0.030322093
4174,0.88609968,0.76469154,1.9164172,854.65187,6.9222883,1.5707554,0.48083575,-0.0078455087
4176,3.6607393,-0.79389557,2.2945201,1884.9786,23.616267,1.6819849,0.29428437,-0.02747411
4177,1.8520311,-0.50437322,0.37490359,908.75109,45.17336,1.5054291,0.31056354,0.026998136
4178,3.7941013,0.70760835,1.1960624,1485.0981,17.246468,1.7323968,-0.75802497,0.027706088
4179,3.8636525,-0.10108928,1.4494876,276.14943,5.9114332,1.3328471,0.27543909,-0.019328666
4180,5.0619215,1.427552,1.3210143,966.75897,10.647807,1.7673096,-0.41486883,0.027952195
4181,2.4218519,-0.26661535,2.2290452,898.09482,14.219495,1.6078606,-0.8839629,0.041109852
4183,0.26983695,0.8310037,1.8186849,349.73269,23.906679,1.4890882,-0.070534711,0.0025560276
4184,1.7280825,-0.40178795,2.7210826,1071.5521,7.3898334,1.4582644,-0.81618906,0.038827394
4185,3.6230006,0.43975493,0.56297983,1654.4766,25.995154,1.7665483,0.34235726,0.03969818
4186,4.8688062,-0.69645829,0.86957558,1495.2615,31.33204,1.4750321,0.62670181,0.012171078
4187,4.630181,0.73263274,1.8678757,900.97442,6.2171212,1.5236202,-0.40726401,-0.031480969
4188,2.1642946,-0.36588441,1.9154843,314.89751,8.3200467,1.4053614,-0.94165191,0.036053315
4189,4.0951796,0.43663382,1.3646225,1021.5083,7.650113,1.6569261,0.24039921,-0.020066458
4190,3.8350354,1.1583211,1.4105419,129.57938,7.8991166,1.3639474,-0.18770666,0.030262562
4191,3.3407339,0.46415306,0.93979545,575.15681,9.101338,1.5368449,0.073254458,0.015667191
4192,2.3255754,-0.77860344,0.99570711,782.53445,7.2062191,1.4703548,-0.94824447,-0.019356272
4193,3.431321,-1.076057,0.66819658,1338.9077,15.695604,1.6486749,0.028509796,-0.0031884432
4194,1.601461,1.0113632,0.34193234,1785.7418,12.399009,1.9625054,-0.35228568,0.010276665
4195,1.555793,1.1218575,2.1618173,980.95034,11.603729,1.8628079,-0.27742234,0.049942836
4196,5.9193633,0.57866812,2.1597075,325.44839,6.8977768,1.3251293,0.094014006,0.027844442
4197,0.80212544,-0.11665055,1.4095713,1006.9042,9.9810468,1.7549702,0.81614362,-0.015650362
4198,0.022917475,0.21712471,0.26141711,1872.1069,9.150414,1.7723806,-0.6750911,-0.0084619171
4199,6.1826159,0.83495974,0.8529472,1783.8207,19.901486,1.6205056,0.14628748,-0.037853919
4200,2.521872,-1.3831799,2.1337073,552.30081,13.88234,1.4997693,-0.70236286,0.037366221
4201,3.2811298,0.15890599,0.81021265,1493.8325,9.0926862,1.7265753,0.50764553,0.034160484
4202,5.9059911,0.54521991,1.2479225,207.48874,5.6401207,1.3580436,-0.10801298,0.028450679
4203,0.83121164,-0.6518161,2.0461567,688.28514,15.411433,1.5378106,0.51229448,0.0025317379
4204,1.461356,-0.72583563,0.72861472,1274.1094,10.965979,1.7260865,0.22551494,-0.0096335753
4205,2.9872313,-0.15250318,2.9757271,1037.9623,8.9368526,1.5618339,0.086846053,0.0089495008
4206,2.9213338,0.61543455,2.8696112,1254.7298,13.056877,1.7128649,0.9158773,-0.0050198032
4207,4.4406941,0.56371118,0.42267024,1778.6982,7.3149076,1.5431925,-0.26013209,-0.0168748
4208,4.4842772,0.09957131,0.59099048,1575.0369,15.015379,1.9142326,-0.33734474,0.0046345689
4209,4.7222363,0.79707971,0.62270174,1050.444,6.6126105,1.7014638,-0.43550335,-0.0091003962
4210,4.7152017,0.25854644,0.19587522,1580.3528,17.860394,1.7792739,-0.23949853,0.019820351
4211,4.3211814,-0.43026981,2.1071508,1393.9406,41.128762,1.8672647,0.32881625,-0.020010931
4212,1.42715,1.2369802,2.1663354,716.59583,11.55639,1.2841829,-0.75063942,-0.011994242
4213,0.5241319,0.82393492,0.65453076,1401.1853,17.481941,1.7390541,0.23281116,-0.028241507
4215,3.0249909,0.55872603,1.4912619,956.16669,14.253458,1.6393006,0.64794581,0.045124268
4216,5.6280528,-1.394125,0.92020314,1024.7781,7.0649652,1.4689532,0.90541568,-0.0065558695
4217,6.2576515,-0.5130284,2.8186355,1424.7158,22.24473,1.6917873,0.26985051,-0.042621399
4218,1.1810092,0.15910253,0.61195411,916.39423,23.514247,1.7143142,0.21778165,-0.0053552904
4219,0.12993099,1.0995111,0.28583342,2178.6402,42.643861,1.9747738,0.18653462,-0.045913912
4220,3.1701046,0.044004533,0.86540061,732.07932,18.694093,1.3846244,-0.58081382,-0.012785957
4221,1.6074456,0.52257826,2.141835,452.53992,7.9366528,1.5197927,-0.08752171,-0.042325526
4222,5.479913,0.32826351,0.59596131,785.37617,7.0933855,1.5823049,-0.27278521,-0.040395255
4223,2.7194062,0.50741663,0.22925106,1107.8224,13.388005,1.7783096,0.18941862,0.035971254
4224,5.0833437,0.01522156,0.70846491,2003.6435,13.348301,1.8085621,0.98275903,0.029794948
4226,3.3338242,0.40769987,0.45609621,502.54168,11.775602,1.4970321,0.45820849,-0.025531668
4227,3.5270258,0.82761223,1.0352879,1418.5351,10.594696,1.4072488,-0.84620695,-0.020302321
4228,3.6996204,-0.71822697,2.3363186,1030.8147,12.98315,1.7395264,0.096869468,0.010068252
4229,3.3674069,1.0730991,0.33563329,1893.0319,8.9886104,1.7790664,0.43628645,0.036222008
4230,6.2830633,-1.3983631,2.454865,1261.2853,22.496924,1.7536116,-0.43539301,-0.0150273
4231,3.884728,-1.3584166,2.0198548,885.70533,6.4312029,1.4258352,-0.13766379,0.015661761
4232,5.0246456,0.3703197,2.719215,1740.0968,16.768957,1.3679129,0.73503433,0.016721957
4233,4.9596707,0.40552654,2.6051768,1524.2023,7.1669287,1.4769236,-0.38715825,-0.035733236
4234,5.4678345,-0.86488275,1.2652273,2051.4925,37.693875,1.8266373,0.28862092,-0.048463816
4235,3.7574107,0.16387425,0.76744144,1844.1505,31.556321,1.7865105,0.74582482,0.041213506
4236,2.7793855,0.2905159,0.66423466,1662.7931,17.630745,1.6560165,0.84486785,-0.039237075
4238,5.9585724,-0.20520623,0.9839148,295.40484,5.4035931,1.4295679,-0.14170007,-0.0055213711
4239,1.1885228,-0.57525288,2.6890526,1522.0249,10.60779,1.9139871,0.20865895,0.017097681
4241,1.50264,-1.219149,2.7437922,2472.3232,69.126036,1.8813019,0.80105875,-0.02598762
4242,2.2514997,0.49888405,2.7659199,415.79984,7.3911808,1.4781563,-0.18891867,-0.0244764
4243,1.5608818,-0.39445053,2.5044224,1216.7023,19.822574,1.6048018,-0.10105561,0.045280815
4244,4.7082421,-1.0590138,2.5937695,2043.8681,13.984109,1.8773477,-0.43707655,-0.041730548
4245,6.1186668,0.32886973,0.74030679,934.8623,10.676476,1.6651594,0.76324637,-0.028252996
4246,5.3312407,0.35517189,0.72984097,860.34368,12.645952,1.6790378,0.54733798,-0.036982928
4247,0.34508354,-1.1452797,2.8404884,1725.0476,10.815401,1.9213682,0.28593489,0.01646524
4248,4.571374,0.6276262,2.6852455,1616.8094,36.61109,1.8769665,-0.3272335,-0.036718283
4249,5.5277505,0.62674124,0.83960976,816.42967,17.952713,1.5872253,-0.48351108,-0.0047938269
4250,0.38268127,0.64143237,2.2846841,754.10805,15.626858,1.5338034,-0.74214476,0.042940276
4251,0.42349596,0.18557953,0.98281196,1415.0619,15.874046,1.7770245,0.5410384,0.010529057
4252,1.0690355,-0.51601517,1.0517912,2314.6401,7.2993757,1.9716386,0.23997418,0.023094818
4253,5.9785591,0.6358675,0.78769926,1573.1315,15.587334,1.6582938,0.70146431,-0.048643144
4254,2.5242593,-0.22400582,0.44567286,847.23826,26.085364,1.596287,0.3673498,-0.04828093
4255,1.0300855,0.28242353,0.798395,1057.7372,28.962066,1.5047984,-0.21242805,-0.047914997
4256,2.692293,-0.66544448,2.6094647,1161.5271,9.7942791,1.5778084,-0.35719192,0.037436625
4257,5.4050306,1.0542221,1.2039618,914.18088,7.9034571,1.6311685,0.95693001,0.043441767
4258,4.4652512,-0.20495275,2.7800418,1560.0111,10.324248,1.6215027,0.79309002,-0.034870239
4259,0.77838297,-0.15771195,2.8290126,577.36905,6.2547031,1.35589,0.030701576,0.01554137
4260,0.67776201,-0.88225591,2.0889791,486.47321,13.353829,1.5452076,0.036307186,0.0079272455
4261,6.0755458,0.70410179,0.13510753,3544.2159,12.770517,2.0230268,0.90790646,-0.032412614
4262,2.4243568,-0.20955308,2.9172013,3530.8265,13.286959,1.9759311,0.30165742,-0.013776814
4263,4.8995616,0.43785565,0.5039318,1298.8988,17.681479,1.7760521,-0.73845571,0.045842525
4264,4.084229,1.1219834,2.3227574,1429.0489,24.266264,1.7358937,0.033794846,-0.034871207
4265,5.6666771,1.3540554,1.9241288,1194.5491,34.008651,1.5526075,-0.15438284,0.045828411
4266,5.3232225,-0.48726264,1.0925859,611.35476,19.562901,1.3517827,0.71342142,0.047932971
4267,3.6764261,-0.43520839,0.57605274,2158.6711,19.240999,1.7939848,0.37188983,0.046410246
4268,3.5066832,-0.065262943,2.3256401,1076.3612,23.702473,1.5035697,-0.21380845,0.011586872
4269,4.1074997,0.77615616,0.56341064,1783.0024,6.7450693,1.7924265,0.3665231,0.0073068334
4270,6.173811,1.312294,0.88617508,1026.5895,56.325837,1.7363,0.13084924,-0.017460217
4271,3.2098693,-0.84008821,1.0279263,1846.571,20.424658,2.0346254,0.73807796,-0.031868673
4272,0.8393691,-0.44956576,0.91633247,603.07726,15.878066,1.3736955,0.20773932,0.026146897
4273,3.1576257,-0.5177178,2.1702286,1859.1144,32.103808,1.9020562,0.70206802,0.02146018
4274,4.5629723,0.0041150315,0.65140458,895.69938,12.821331,1.5135405,-0.63283523,-0.049331963
4275,2.5915862,0.40977923,0.92582149,1095.2809,8.1118541,1.7673358,-0.27690543,-0.038007958
4276,1.8973942,0.72093724,1.0068459,1403.2605,30.792248,1.5896165,-0.050832322,-0.047281075
4277,3.6782107,0.12671588,0.80167949,1403.3593,13.820245,1.6555053,0.01621159,0.014926622
4279,3.3519213,0.55335415,2.390426,845.288,9.3516925,1.5307068,0.16729332,0.013969144
4280,1.8117266,-0.39760261,2.8019469,442.62012,6.0638583,1.3497758,-0.68943636,-0.044691993
4281,2.7774332,-0.8146443,0.76664652,970.86443,10.875156,1.695666,0.86772629,0.0050388345
4282,2.0330099,0.7118605,0.26779866,2105.8955,11.188919,1.9504692,0.07968783,0.013390806
4284,5.1290277,-0.51572335,0.59185786,2423.4695,7.2835416,1.9814303,0.59283066,0.047703929
4285,5.5058975,-0.25131458,1.2531328,639.40267,6.1272333,1.6402511,0.47022843,-0.0399193
4286,2.1484238,-0.25362613,0.84542727,897.38996,7.252803,1.4767908,-0.52220731,-0.01517002
4287,3.8446264,0.35735573,0.34861844,1269.9758,11.668813,1.5027017,-0.14859009,-0.016379756
4288,3.4401661,-1.0920418,2.8095057,2701.0188,21.312927,1.9635769,0.96648202,0.001900117
4289,5.4466787,-0.45703924,2.8122003,625.28034,14.518267,1.5935331,-0.96953362,-0.026966749
4290,3.2982025,-0.72632073,2.6196662,1602.2668,59.22912,1.7721204,0.47728471,-0.039331959
4291,2.5410554,0.072206835,1.7816916,936.17858,9.8234536,1.4262163,0.87793436,0.010934142
4292,0.25290682,-0.033337015,0.98728588,1119.0644,35.828088,1.7699982,0.98861153,-0.027111855
4293,4.1545698,0.15633495,0.32189282,664.70187,5.7779085,1.3930937,-0.77819743,-0.015187356
4294,0.63381834,0.70531969,2.1640066,1054.0051,6.5392124,1.6613144,0.71116233,0.0072132222
4295,5.7955159,0.095024377,2.222435,1558.7714,7.9136595,1.6365593,0.2040618,0.043348769
4296,0.10378006,0.035909735,0.28106826,1608.3977,15.851719,1.8402751,-0.8067133,-0.039938102
4297,1.330782,-0.064089103,0.042254315,1844.3928,7.3905763,1.8207481,0.64475703,0.037710912
4298,1.5538847,0.57892946,2.9746798,657.97676,14.655878,1.4107293,0.31173233,-0.045384715
4299,5.6417734,0.59599618,0.6781214,1951.5713,8.0174098,1.7790925,0.76037644,0.00576378
4300,0.22317661,-1.1367854,1.0630735,789.51601,9.7580635,1.3736251,-0.76706989,-0.033604091
4301,3.6761262,-0.1930776,0.36145999,2058.3916,28.723786,1.8422058,0.83824144,0.0055711383
4302,2.2081257,0.034866821,0.33829246,1563.1315,10.057577,1.5055223,0.23884424,0.026108804
4303,1.1209885,-0.55191025,0.53960528,702.73162,8.8170362,1.4361197,0.78067128,0.0012944684
4304,3.2258913,0.33986548,0.59884582,995.15806,17.786669,1.6305549,-0.92044132,0.0094605656
4306,6.1667942,0.77910107,0.62553538,1036.393,12.971675,1.5308979,-0.28934216,-0.033373545
4307,1.4403551,0.21113955,2.4350644,2278.3941,33.294319,2.0176019,0.96569693,0.038146141
4308,3.9070627,-0.45032459,1.8914731,362.13584,5.813956,1.5175395,-0.0014701832,0.041059879
4309,0.34381691,-0.68166913,0.80480571,2193.9143,48.568783,1.7150673,0.79684249,-0.012013063
4310,1.0362515,0.26454106,0.10635571,1440.3808,14.970569,1.7955334,-0.98189805,-0.0056237092
4311,3.1602491,1.487788,0.61953295,1284.1509,11.736012,1.6925635,0.24107784,-0.0073208014
4312,0.0027352527,0.33234707,0.20574621,809.30719,8.2965245,1.4960682,-0.31162032,-0.019402886
4313,1.5099107,-0.23443166,2.3886738,1035.1026,14.138035,1.5599712,0.93795959,-0.021187432
4314,4.6742237,-0.79615098,2.7255895,2643.0753,17.081812,1.9538597,-0.6743891,-0.049806602
4315,3.6695513,-1.3812658,2.7039763,2734.7636,24.791632,1.984396,0.87978304,-0.010103737
4316,5.1778099,0.76271027,0.65473454,1358.7929,9.9140608,1.8502294,-0.90823907,0.047113047
4317,0.61863361,-0.21085252,2.7088808,1995.8585,39.256892,2.015118,0.86515423,-0.041173061
4318,5.4416766,1.104857,0.50894251,963.78943,26.643174,1.3161146,0.95048219,-0.04735779
4320,0.76476459,-0.79493794,0.8036646,1455.416,29.420781,1.7710991,0.55269972,-0.025187386
4321,3.5215893,-0.91416244,0.81283577,1163.2757,45.683463,1.6781065,0.23642069,0.041588416
4322,3.7215072,-1.0968736,0.78090977,671.9426,7.3967368,1.5840102,-0.72169927,0.012335676
4323,0.52942897,-0.54883288,2.4980808,1884.167,15.925679,1.7259033,0.95096073,0.03420779
4324,1.3287255,0.049243036,1.3671523,271.06517,5.4289522,1.4116039,0.22562689,-0.04041007
4325,0.4140147,0.084725277,0.83277628,1545.4098,10.215428,1.8149485,-0.14438197,0.02800445
4326,4.3587704,-0.75065293,1.9294851,284.25432,35.820563,1.2975576,0.78126168,-0.0042585925
4327,0.22600286,0.42193121,2.2171481,819.92676,6.022031,1.6195278,0.7886354,-0.0078817536
4328,2.0363685,-1.2777948,2.8183086,1331.3091,12.511629,1.6858516,-0.440438,-0.011325669
4329,3.7508141,0.72370061,2.9238601,1229.951,13.97896,1.4606134,-0.36822247,0.0065833754
4330,2.9316001,-1.3501594,0.61043443,728.26797,11.203346,1.5034381,-0.442549,0.0018963092
4331,5.7682225,-0.92931749,2.8012745,793.21024,11.109211,1.5459228,0.74054526,0.040648545
4332,6.1061262,-0.052655273,0.32826107,1189.1013,8.2498371,1.6839712,-0.8202448,-0.019434047
4333,3.5146569,0.26971459,0.97370722,729.29821,11.996571,1.6045156,0.67624344,-0.033434401
4334,5.0158011,0.27401513,0.42963965,1357.0605,18.056979,1.9000053,0.79946444,-0.026699441
4335,3.2386883,0.37857439,2.3925828,1635.9789,12.268488,1.5469334,0.97712713,-0.0002560774
4336,4.0389827,0.036080703,0.5648846,1363.6621,7.3181901,1.5044841,-0.3415729,-0.015321897
4337,1.4268697,-1.4420245,1.359841,651.9033,17.605572,1.5400208,0.36775201,-0.001001836
4338,2.3640537,-0.68297976,1.7717685,1647.0362,6.908025,1.6855753,0.37805265,0.030913507
4339,4.1545871,-0.18569267,2.6645193,786.63059,23.788455,1.6627335,0.62373481,0.039444369
4340,1.3574877,0.075258084,2.8181219,495.69012,6.0584903,1.3148458,0.4905986,0.037542536
4341,4.5332999,0.89893243,2.0386102,820.93048,13.02835,1.6372481,-0.90164536,-0.030176613
4342,3.2703106,-0.68825375,1.8012446,855.13888,10.702612,1.6071426,0.74722068,0.0059901389
4343,4.5155464,-0.67745058,2.7888726,603.62435,8.3165758,1.5386794,0.2303379,0.01848815
4344,3.6195343,-1.0246466,0.52579835,3066.5107,16.182323,2.0463843,0.82689823,0.025128743
4345,2.6031149,-0.23346997,0.23682826,1810.0705,7.8065008,1.721586,0.31289141,-0.0067284457
4346,0.89373344,-1.1598046,0.89048861,886.58944,28.528064,1.6928126,-0.023316553,-0.0022824342
4347,3.3694636,-0.088404371,2.5597375,1175.7572,10.333943,1.6643242,0.88252762,-0.014947418
4348,0.13220379,-0.95036286,2.4651459,623.06898,10.460366,1.4780551,-0.25271707,0.026185654
4349,2.7282755,-0.074040012,0.80343389,1180.4796,12.853761,1.686361,0.92216477,0.013946819
4350,3.8032117,0.66805491,2.658016,1036.3118,6.4825326,1.6068253,-0.58398897,-0.036048868
4352,1.0813119,-0.64397627,1.2852332,688.93584,8.3932245,1.5113162,0.89377152,0.0032248242
4353,2.2448935,-0.31965053,0.81014893,1773.5462,11.733042,1.6127527,-0.065335645,0.0074203417
4354,1.4456862,-0.68478692,0.51079259,1464.0085,14.02755,1.7300266,0.793214,-0.040167983
4355,4.304515,-0.196524,0.42804751,1002.2826,6.2569984,1.7729065,0.81254983,0.023914538
4356,3.8482147,1.2695101,1.8238786,1152.2336,9.1068712,1.6414353,-0.23871071,-0.012522858
4357,2.6475163,-0.44278422,2.1716461,2169.2138,26.519095,1.978854,0.89105841,0.041316666
4358,0.8214649,0.79534011,0.14264435,769.59198,6.5621784,1.6377753,-0.010230598,0.0022352636
4359,4.2714556,0.097005487,1.6329415,545.08659,6.1643674,1.3782266,0.94732126,-0.0099757075
4360,2.3509223,1.0731506,0.8768021,2889.2869,25.459791,2.0402742,0.81553649,0.033966633
4361,2.6782184,0.67354657,0.35858147,1506.4879,27.768364,1.6381656,0.63227154,-0.020937257
4362,1.358228,0.2024045,2.5555077,1272.5438,7.8659087,1.6504603,0.51850976,-0.046138959
4363,4.1878687,0.33648435,0.61699071,2874.7606,17.854154,1.7860173,0.93688157,0.015965474
4364,1.0211213,0.79989634,0.24840578,1292.9728,10.726174,1.5232424,-0.19562978,0.017575731
4365,3.2324896,0.37533332,0.25944868,1282.5297,14.968105,1.6939563,0.34259431,-0.019510737
4366,4.8832279,0.1872788,1.2354243,546.68133,7.0478721,1.442611,-0.19223896,-0.013297376
4367,2.8296955,-0.85779288,0.86713607,437.71417,6.3901435,1.6466056,-0.42588473,-0.030185702
4368,2.8584302,0.48807049,2.6456025,1207.7738,41.087591,1.5184742,-0.14439105,0.024480288
4369,3.4825439,-0.62756709,2.3828305,1464.9984,6.6916839,1.8152789,-0.19802656,0.036742251
4371,0.1703085,-0.45116035,0.44527427,1676.6877,9.315265,1.9283461,-0.68081991,-0.017462712
4372,1.7866328,-0.29416039,0.44762821,742.28666,5.8967489,1.4286667,-0.74226456,-0.039191891
4373,2.2614701,-0.41001232,0.85520165,252.12964,16.191938,1.4207541,-0.33693603,0.027674503
4374,3.7192359,-0.35351954,0.88783618,740.13838,18.37446,1.7483418,0.54183194,-0.038078453
4375,4.1574935,0.68661107,2.8189023,837.20012,8.5286729,1.7127583,-0.62083962,-0.048656095
4376,1.535128,0.48010824,1.0520806,453.43464,25.707907,1.6111247,0.54921823,0.0022499823
4377,5.8762405,-0.22409956,0.78927421,1833.849,22.340921,2.0072952,0.77815707,-0.026340235
4378,6.2276843,-0.123085,2.2115223,191.87158,8.5567305,1.3361519,0.60969534,-0.033881222
4380,5.7992118,1.0647825,2.8175283,1176.4812,10.862033,1.465912,0.8510528,-0.0054838326
4381,5.8837689,0.07596892,1.0176066,462.59817,39.838466,1.493209,0.92649152,0.0021157438
4382,2.9010441,-0.18833388,1.8589237,865.38556,7.6004706,1.6049205,0.95167908,0.031582138
4383,2.3078305,-0.93218954,2.3880883,1535.6925,6.4874822,1.7275178,0.72287609,-0.04875998
4384,6.0106975,-1.1643417,0.46765366,961.33219,6.6955657,1.6203053,-0.46149039,-0.036869719
4385,3.2828028,0.22430764,0.42575076,735.8791,15.534227,1.327462,-0.53004589,0.02586806
4386,1.2022482,0.51334741,0.50716128,1521.9465,11.595617,1.7151916,0.68814384,-0.013448423
4387,3.3544513,0.80290667,1.4589519,628.86675,8.6927184,1.6874197,0.21977739,-0.043860232
4388,5.1121647,-1.155882,0.52526617,1979.0065,7.210521,1.7569167,0.74726502,0.03374044
4390,4.2632465,-0.9938524,2.6293876,996.5223,9.7446236,1.5624153,0.95910343,-0.03317437
4391,3.9811249,1.0853122,2.6957877,1654.6912,10.333768,1.7866009,0.42416591,-0.034313059
4392,5.4035464,-0.96127258,1.5907853,855.68946,8.2119281,1.5372785,0.42548998,-0.02797809
4393,0.39310311,-0.058122891,2.7141773,1665.7849,18.649556,1.7254532,-0.38795644,-0.037689941
4394,3.5951008,-0.084224092,0.74001629,2027.3796,34.887825,1.7615051,0.37520978,-0.035381035
4395,1.0731173,0.67221714,0.32100498,987.38358,5.9895885,1.8086353,-0.65585203,0.029588584
4396,3.256748,-0.12818279,0.36529678,1469.2339,9.5160244,1.6394884,-0.68213488,0.041646656
4398,1.8509017,-0.71457228,1.7597634,229.53189,12.206585,1.3442669,-0.26540394,-0.021731531
4399,1.3446251,-0.30623921,1.3652304,213.36118,14.585008,1.5616232,-0.95434967,-0.040602908
4400,4.824043,-0.24664105,2.1698942,577.06269,6.2864312,1.3707821,0.72447321,-0.027138744
4401,4.8592409,-0.45829375,1.0572654,219.2184,5.5139614,1.2463041,0.57425687,0.027706071
4402,4.0912309,0.66421319,2.3812655,703.18309,12.722727,1.6074246,0.56214027,-0.041938369
4403,2.0092277,-0.49874243,2.4985151,1385.0243,17.73722,1.5952232,0.7952484,0.013875214
4404,2.8121233,0.23044986,2.366649,807.3335,10.33124,1.4713276,-0.97796683,-0.026991592
4405,2.0640439,-0.19725264,2.8221668,1022.1552,13.105028,1.6970227,-0.31495013,0.019816165
4406,2.22896,0.20793295,0.46531032,1555.7177,30.937427,1.8157575,-0.82192443,-0.013192711
4408,1.4183791,0.97168035,2.771376,482.96106,5.5309995,1.344643,0.83887954,0.038660185
4409,1.4663344,-1.0551417,2.8711872,759.05141,17.698606,1.2896863,0.10410878,-0.031280956
4410,1.2757116,1.0115709,0.20275651,2400.7157,8.0549742,1.7525163,0.040353389,-0.025749213
4411,4.9798561,-0.61064947,0.63317427,755.59988,7.6754525,1.489098,0.3107242,-0.0037113749
4412,1.8119833,-0.48632423,1.8235101,385.43426,12.637851,1.4987842,0.76666512,-0.043888703
4413,1.8110358,0.67255954,0.44254422,1298.2996,10.861782,1.6186875,0.76813053,0.030635087
4414,0.79969047,-0.29730694,1.3837963,1339.3322,6.910908,1.577687,0.82246269,-0.0020368028
4415,6.0336488,0.51637793,2.8081397,932.25676,5.9850369,1.4385714,0.31387115,0.03415429
4416,4.2680066,0.45318338,1.6152311,516.68733,9.5621863,1.4614481,0.30169628,0.020793098
4417,5.8572938,-0.87673015,2.3290375,852.09701,12.711544,1.5664344,0.94247077,-0.034674334
4418,6.0659937,-1.1770363,0.75084892,819.85868,7.2025425,1.5585969,0.73510941,-0.0021843251
4419,3.0863581,-1.1896628,1.188465,964.99218,14.76733,1.6674627,0.46554158,-0.0049219748
4420,1.9363398,0.50897552,1.8807553,193.96189,6.8812278,1.3068539,-0.93575788,-0.0096729718
4421,0.054807379,0.7667121,0.31496296,870.84926,7.6936008,1.4635272,0.79792401,-0.035336405
4422,2.8632188,0.77707506,0.70004471,1215.0653,11.3859,1.6236068,-0.25335358,0.045843242
4423,5.2175011,0.4868124,1.7765051,173.17258,8.7395192,1.3570858,0.45314557,-0.039370246
4424,4.6978561,-1.0667549,1.7284084,1161.6681,16.247965,1.6217538,0.69047654,-0.041342696
4425,5.8398202,1.0216301,0.54600779,1097.791,19.509953,1.5321057,-0.86800571,-0.018845391
4426,1.8935223,0.051931861,0.31382336,1908.3529,28.135248,1.8074893,0.96475222,-0.023838511
4427,3.9449902,-0.42725389,2.8663911,1603.7224,13.736639,1.6613863,0.31395524,0.038815111
4428,1.1212236,0.018807063,2.3156227,1745.0928,27.639461,1.8708587,0.49358484,0.048717288
4429,3.1708246,-0.38024684,1.1857064,1089.6436,7.2382138,1.7073228,0.76180803,0.036803911
4430,4.2337838,-0.42359795,2.0741078,872.79971,8.9797224,1.5177994,0.19291165,0.020685123
4431,4.8525507,-0.075735233,0.82104064,968.07466,6.0041959,1.7630927,-0.71267878,-0.027797422
4432,5.749388,0.4576493,0.49008901,1343.9674,10.923533,1.6042684,0.029094987,-0.02885024
4433,6.101158,0.25795717,0.42119145,1445.5195,27.107685,1.620742,-0.12987124,-0.019438319
4434,0.31187557,-0.94426348,2.4492696,1036.0354,14.454953,1.5451456,-0.33248165,-0.041083187
4435,0.8207496,-0.93793505,0.97291089,869.50899,7.5729758,1.4233108,0.67243298,0.03884587
4436,2.2882173,0.90204942,0.69312871,1639.6483,6.6951499,1.6473134,0.8765358,-0.032666809
4437,3.8886947,0.74622685,0.8058651,765.45175,26.870817,1.663849,0.41891317,0.0022910036
4439,0.062342998,0.58421282,1.5558053,1553.2481,11.230227,1.8358161,0.24562338,-0.0056729671
4440,2.8189721,0.046611966,2.8875066,626.47759,27.42708,1.4365248,-0.334503,0.012193972
4441,4.6597087,-1.0392336,2.4620907,762.93997,6.0579515,1.4947916,-0.94023312,-0.0059048542
4442,2.8003321,0.85303752,0.92329676,399.92295,15.816521,1.3891071,0.15481343,-0.0064441767
4443,0.68532569,1.1205983,0.86955534,733.58548,29.686508,1.4631202,-0.43400566,0.020249314
4444,2.1174041,0.27633505,1.9028567,1129.1895,29.372429,1.6427252,0.86300313,0.0034614034
4445,5.5247827,1.0049918,2.2658404,460.14968,6.3652878,1.3232817,0.09471932,-0.027757333
4446,5.8825719,0.12857387,2.0714603,1784.3031,15.576557,1.9018871,-0.51323273,-0.01337281
4447,4.1080815,0.62992922,2.1460282,706.00495,6.7850158,1.3257194,-0.96819712,0.0075127129
4449,5.0943362,0.6210474,1.3326089,768.44412,6.1178289,1.5470949,0.36944344,0.026345037
4450,4.0427338,1.3565221,2.6255411,1403.0637,6.4970659,1.7728056,-0.1101855,-0.029121636
4451,4.1522339,0.020176353,2.8368732,3681.1601,14.378815,1.9987156,0.19844895,-0.005352957
4452,6.1900646,-0.01194096,0.28760815,2122.452,15.860817,1.9295482,0.84043751,0.035679763
4453,3.0409059,0.57470304,1.0027535,1197.3404,39.534733,1.8203021,0.31534842,-0.0086397677
4454,4.8145246,0.88426331,2.3391947,1830.7199,19.468453,1.7527067,-0.94178044,0.030779357
4455,5.8712638,0.18920526,1.2629312,1518.1994,6.65846,1.6458159,0.65124277,-0.00085160058
4457,5.6992538,0.38708216,1.702202,127.97177,8.9046293,1.3166361,-0.58403857,0.021697206
4458,5.9084669,-0.22522057,2.71941,1269.7024,8.6040277,1.6202161,0.0056214302,-0.004249488
4459,1.8384832,-0.3391005,0.75881569,2364.6747,7.8847345,1.8790728,-0.014125266,0.040192423
4460,5.6408238,0.96166424,1.9371342,868.06276,56.825632,1.5966652,0.33155238,0.014217647
4461,6.2385426,1.382053,1.2689181,426.9811,13.51478,1.3957147,-0.042025187,0.0005371773
4462,5.6070234,-0.49885943,0.53360417,1537.8177,15.111121,1.6667571,-0.97489749,-0.044151445
4463,0.10965999,0.72964438,0.17854117,2145.913,35.955439,1.8104338,0.5306685,-0.033317255
4464,5.0021056,-0.63401284,2.4080589,761.17211,7.014095,1.4906525,0.42778633,0.03949163
4465,0.72896266,-1.2483364,0.54800182,772.38046,7.1307863,1.5542918,0.79674821,0.0041676395
4466,5.968859,-0.23654238,0.98828948,1730.0162,15.97322,1.8340854,-0.017516487,0.038888911
4467,4.9890105,0.38467414,1.6561049,360.38075,19.723941,1.3916652,-0.15173232,0.029499727
4469,0.67095938,0.1568558,0.39179103,2011.9553,8.2892621,1.7613933,-0.24943922,-0.026051758
4470,2.8896738,-0.15200062,2.5977298,881.68242,6.0415554,1.5420699,-0.065418534,-0.016371822
4471,2.8048512,-0.6083546,0.98400485,1210.1998,6.6133489,1.5095044,0.97560225,-0.010348055
4472,0.18141636,0.24614063,0.7374964,838.47491,6.2907845,1.4950777,0.70620897,-0.02921336
4473,5.9658684,-1.1321135,2.207841,792.79396,6.4667008,1.4766633,-0.083012144,0.0066963892
4474,5.6156214,0.50248322,0.18299327,1019.807,10.420518,1.7085621,-0.46403279,0.037180588
4476,3.8578525,0.40227229,1.9936338,1008.4731,8.0732094,1.7692762,0.54482403,0.04057077
4477,1.8613067,0.87358998,0.34776937,1783.1886,8.2931234,1.8253846,0.49578122,-0.019201709
4478,3.8604266,0.19812904,2.6744375,1745.4888,20.81291,1.6441707,0.034013389,0.037770533
4479,4.8749587,1.027417,0.43980979,852.23881,16.46521,1.5813847,0.44869477,-0.0071890243
4480,5.5588399,-0.4299336,2.9688899,1136.4094,27.960523,1.6223975,-0.10339897,-0.0034229443
4481,4.6860268,-0.5717715,2.263148,1255.6911,44.607673,1.7992748,0.77140904,0.032843609
4482,0.17086896,-1.0272499,2.1840623,502.96612,9.4813294,1.6270626,0.93499019,-0.039359909
4483,3.7069306,0.4152582,2.4684364,1078.4671,57.081706,1.6317069,0.29776426,0.018742495
4484,2.381742,-0.89140006,1.6484384,730.4334,8.666585,1.5515993,0.33866718,-0.04597082
4485,5.7856997,0.20966886,2.2392256,2019.1855,35.728478,1.8569517,0.49102269,-0.035654758
4486,3.2451133,-0.9826269,0.55113167,1250.31,13.949387,1.5609753,-0.35661822,0.049377892
4487,2.9225835,0.71394828,1.1718544,300.46998,28.74713,1.5254985,0.33223783,-0.018874241
4488,3.1663615,-1.2995022,2.4758426,1065.1426,9.3491451,1.5856118,-0.94128273,-0.027947641
4489,4.150903,-0.042893947,2.144239,708.63947,8.1296014,1.6791497,0.4951127,-0.026940399
4490,0.92009028,1.2603027,0.46212827,1951.3249,28.229726,1.7792958,-0.53049485,-0.0061124058
4491,1.0659641,-0.42483336,2.7107627,1210.2615,15.891946,1.7075253,-0.07244367,0.027797651
4492,3.158515,-0.65781148,0.85378995,514.05289,5.8620877,1.5264795,0.4791032,0.015673771
4493,4.2057511,0.41289237,0.93729498,1033.8641,8.9026324,1.684828,-0.62568544,-0.032992289
4494,5.0725456,0.89329557,0.87527445,776.14987,11.97847,1.4778557,-0.47744442,-0.03623065
4495,5.053318,-0.5797575,1.51444,1548.1765,35.314075,1.8201026,0.93663778,0.0082522087
4496,5.7809976,0.7714594,2.551605,803.5486,25.665322,1.5964659,-0.37923871,0.026454685
4497,2.914061,0.3149583,0.26734589,1080.1516,7.6588465,1.5905926,-0.85464543,-0.027986117
4498,1.1015174,0.5668671,2.6132673,2099.1765,15.761655,1.9197337,0.59213969,0.033619425
4499,4.6464331,1.1506332,1.1029201,911.29194,9.3243781,1.6793682,-0.50759064,0.041591149
4500,1.2902107,0.26011372,2.9043113,2174.3079,29.962014,1.8766474,-0.72212612,-0.0052947326
4501,0.36537032,-0.24415979,0.83730166,762.30454,19.418354,1.3374494,0.47409705,-0.026499508
4502,0.71194252,-0.5718916,0.74630517,1097.5329,11.604317,1.5657403,0.14014966,-0.018454333
4503,0.20050979,-1.4204235,0.32822722,1844.6889,14.253953,1.7288361,-0.79337386,-0.028441321
4504,0.56614681,-0.30786889,1.3237661,472.67397,15.024033,1.457692,-0.4684295,-0.0043535329
4505,3.3018296,0.64968872,2.2479516,714.88994,12.234022,1.4675533,-0.0024095434,0.002012825
4506,3.2158355,-0.40115242,2.8452563,649.77317,32.844794,1.427865,0.31893016,0.031835344
4507,4.9066656,0.64998144,2.8568236,1028.4193,7.1413043,1.6785049,0.066949264,-0.024911534
4508,4.914655,0.20260297,1.68637,1536.515,10.089247,1.8690762,0.97716966,-0.0076387021
4509,1.3556467,-0.2756054,0.60845849,1389.8861,9.6096504,1.6570641,-0.52192617,-0.00028809323
4510,2.4452215,-0.7745854,1.1684519,1328.5827,35.530093,1.6683464,0.69231277,-0.034739759
4512,2.9914839,-0.27687248,1.2358992,566.17467,6.8187577,1.4390348,0.44080828,-0.016294639
4513,2.8960652,1.4671422,0.05059281,3001.8112,52.386083,1.6974454,0.96722221,0.0240332
4514,4.9365137,-0.878559,1.8791149,706.62687,7.2137037,1.39205,0.51950225,-0.048641436
4515,1.2396845,-0.65144336,0.38401814,1216.1467,10.946083,1.5912295,0.70632187,0.035714024
4516,3.9661281,0.44325278,0.39091465,1652.4536,10.117455,1.8999826,0.26078878,-0.038601267
4517,3.3397931,-0.11314836,2.7983665,1604.4954,16.83461,1.7046264,0.4107431,-0.0011830192
4518,0.86805997,0.47923878,0.37165266,1083.8963,13.059685,1.7910662,0.15801835,0.04114251
4519,2.9153539,-1.0258332,0.39161584,1184.6251,29.52556,1.8106803,0.97362687,-0.036399247
4520,5.9544186,-0.56191357,0.94839815,373.59447,6.9295135,1.4122202,-0.69904896,0.027398674
4521,5.7374488,-0.010427278,2.3242461,918.74553,28.959945,1.6864495,0.017303443,-0.048587554
4522,6.1257466,0.69679091,2.9531717,1937.821,20.727125,1.7659688,-0.31189675,-0.028274038
4523,5.3317715,0.63560413,1.2231695,220.25097,9.3200941,1.3938714,-0.98567654,-0.02401567
4524,6.147642,0.21870751,0.75615495,1273.7877,8.5557781,1.6620942,0.1537992,-0.0089964061
4525,2.0332796,1.0074797,2.1364863,929.977,14.342602,1.5386001,0.95471007,-0.040389355
4526,0.90661269,0.76944275,2.0960926,1058.8968,6.6214504,1.698761,-0.012551694,0.018389826
4527,1.6264224,0.76356534,0.41565811,3586.3118,25.912852,1.8739595,-0.60297071,0.036699671
4528,1.9563371,0.26009723,2.7267823,452.96795,11.004399,1.5075133,-0.23567406,0.010803854
4529,0.70210202,1.0999814,2.649752,2326.4167,16.357689,1.8997325,0.67872746,0.021645802
4530,5.5224727,-0.93484554,0.42372454,632.36888,6.5661558,1.6296831,0.91931976,-0.00099964984
4532,3.0218765,0.3430177,2.4144717,1303.9111,9.6988048,1.5358246,0.57007698,-0.038680712
4534,2.4110383,0.50259444,0.44507179,1386.731,10.682487,1.9511348,0.29631298,-0.028739942
4535,5.0765323,0.98951112,2.2676254,1086.8304,10.231115,1.6478305,0.3166622,-0.019229874
4536,1.0388321,-0.73591773,2.9967289,987.55538,10.116411,1.5368459,0.56279279,-0.013318965
4537,5.3838947,-0.22382784,2.3813396,669.64088,30.220665,1.4782573,0.47371411,-0.0095423586
4538,3.8529921,-1.2183301,0.89150335,539.91244,9.0588077,1.4023266,-0.74163884,-0.040364474
4539,4.8188132,0.80594993,0.7210985,1417.2057,7.159011,1.5655722,0.36301793,-0.025926477
4540,5.7532005,0.14590395,0.75535734,500.49248,32.324853,1.4474987,0.6061581,-0.0026586867
4541,3.2647245,-1.3774657,0.43965092,1089.8642,34.924349,1.5116547,0.38956136,-0.020129816
4543,5.6620625,-0.88985493,0.7075554,982.73028,13.871234,1.4024137,0.54820084,0.012248166
4544,1.9262937,-0.23940217,0.50390297,1423.5879,10.22187,1.6704627,0.48682026,0.018968566
4545,0.76039409,0.55612176,2.9651341,1146.9229,13.727202,1.4452865,0.26431217,-0.036100664
4546,4.0732542,1.1776992,1.0139048,495.68395,40.405543,1.5530635,-0.55026643,0.016759914
4547,4.4711007,1.0108052,2.8024976,1183.1147,22.09944,1.6185283,-0.73875077,-0.0067108082
4548,2.4597944,1.4204397,0.84716581,1600.1325,12.690412,1.5826124,-0.014529539,0.033049934
4549,1.7189078,-1.2285019,1.7792689,811.92509,17.016431,1.4941642,-0.81457274,-0.0045966967
4550,2.7890557,-0.602224,2.4997336,1071.0125,12.391067,1.5968814,-0.45319825,0.049411295
4551,5.1931437,-0.58213526,0.60699953,2172.2062,9.4338768,1.9465448,-0.48941091,-0.039737336
4552,0.23414313,-1.5512348,2.5908606,1666.9159,7.7575396,1.8660014,0.34359572,0.022664641
4553,2.7507351,-0.35333348,2.9378986,1427.3638,12.5964,1.64399,0.50951364,0.02700889
4554,3.6339404,-0.40935835,0.95348856,935.05393,14.838301,1.6912925,0.42986094,0.015262143
4555,3.3494931,0.088321082,0.32214114,1415.9656,24.731285,1.6885088,-0.33796003,-0.010409488
4556,0.88251124,0.28222113,1.5698592,542.45317,7.1148888,1.3770456,-0.93983518,0.040524075
4557,3.0492591,0.59941416,0.66017342,2255.3784,39.457521,1.8413087,0.083581181,0.04044928
4558,3.5851745,0.63315265,2.8120011,1432.2969,29.188961,1.753782,0.8335057,0.041593741
4559,5.308312,-0.52620676,1.3287115,490.68298,9.6227605,1.4713858,-0.33630587,-0.020163004
4560,3.4105808,-0.38677838,1.8675941,648.71779,15.901251,1.5931187,0.34851626,-0.01208483
4561,6.1280635,-0.86512071,0.046693065,873.82762,30.541538,1.5162823,0.18753248,-0.046361479
4562,5.2937445,-0.39320682,0.83823169,2030.1019,13.456716,2.0090211,0.24680574,-0.016637098
4564,1.4890407,-0.39211488,0.78290538,508.6752,6.7119773,1.5802364,-0.33077121,-0.011401831
4565,0.32223409,-1.0791716,1.0032498,269.03968,5.4874235,1.364364,0.91333204,0.0021283341
4566,4.8114279,-0.61043367,0.26557211,2175.6612,7.2838325,1.8422413,-0.49873664,0.025362467
4567,4.0454778,-0.133263,2.3727231,405.35887,26.696028,1.2370066,0.31452479,0.030839174
4568,1.2090913,0.18743139,0.48796403,801.33302,6.5964644,1.5517178,0.77798134,0.035260301
4569,2.186265,-0.72146368,1.7751568,991.55567,6.9229003,1.4529009,0.29790262,0.0079969919
4570,3.8631449,-0.41038296,1.2462781,876.54763,6.4490679,1.6016937,0.96268151,-0.013099418
4571,2.1152966,-0.5883676,2.7755715,2001.5277,16.153465,2.0030975,0.639989,0.020489883
4572,3.0332227,0.94356947,0.96655513,511.54126,9.3445915,1.3691838,-0.75787559,-0.041047663
4573,4.7507224,-1.4022832,2.8608332,1355.1959,9.6548583,1.7960215,-0.23656802,-0.040371713
4574,1.0625261,-0.065146223,2.0704441,474.39903,17.102366,1.3395558,0.55988646,-0.033978484
4575,2.2210765,-1.173421,1.4056712,611.34637,26.408438,1.6645485,0.77065035,0.027576196
4576,4.354245,0.92071171,2.5844361,1207.2156,14.021252,1.5318309,0.080716213,0.0011655615
4577,3.0915789,-0.013046744,2.144222,547.63531,25.86361,1.5401897,0.56181701,-0.0022617237
4578,5.0176545,-0.060446097,1.3049685,624.88478,6.4903792,1.351618,-0.66976834,-0.034504004
4579,5.3860202,-0.24770368,0.24157895,517.05089,9.6576233,1.3631468,-0.61240171,0.046823443
4580,1.3106504,0.8900584,1.4822377,897.95125,17.828091,1.5746131,0.23678812,-0.034311468
4581,4.2030189,0.3789654,1.8975229,746.70616,9.9014181,1.6588285,-0.1155066,-0.0080414043
4582,2.4314574,0.21864584,2.3061969,794.24513,25.260103,1.5887501,0.34437164,-0.022776427
4583,3.273632,0.91780999,2.6286631,509.40563,6.9819826,1.4637009,0.051757135,0.038478701
4585,5.8869855,-0.9708489,1.0513698,1410.7639,15.789795,1.7193861,0.30588456,0.016171311
4586,0.81585109,-1.2574337,1.8845122,883.82244,19.459765,1.6424833,-0.538377,-0.040543108
4587,6.164776,-0.16857608,1.0730259,698.4472,10.614605,1.5054441,0.19261959,0.035308418
4588,1.2941938,0.031144122,2.3890671,834.31317,13.766293,1.5948153,0.38572171,0.043450199
4589,2.4318749,-0.29055563,0.13717285,3007.8103,8.1712437,1.8447753,0.89348695,-0.0039033158
4590,3.8327824,-0.63057758,1.8217425,759.0261,21.191239,1.5145613,0.72465144,0.019315814
4591,4.6440904,-0.23973459,1.4053904,726.29423,9.1412381,1.7067668,-0.75277424,-0.033662799
4592,5.8320488,-0.7038932,0.29529389,1545.0556,9.0365892,1.6615227,0.63077718,0.024033249
4593,3.0206097,0.39700848,2.8004188,2104.8354,33.300396,1.9796129,0.67602953,0.0031904412
4594,1.6281882,0.46510239,2.3045714,2273.9993,9.5889921,2.0175145,0.57575167,-0.0042021347
4595,0.6530977,-0.86925101,1.4473727,264.83107,18.894234,1.4850346,-0.0023229134,0.028040713
4596,2.6269517,-0.201715,2.6613298,1863.206,11.732102,1.7930208,-0.0033830768,-0.016143756
4597,2.3712658,-0.59988048,2.7282108,2613.2886,12.745696,1.8745699,0.42692364,0.046941536
4598,2.4880669,0.27160664,2.6871494,2295.6082,29.89602,1.9816817,0.78329708,0.043370224
4600,0.058618391,-0.53119716,0.44430453,754.01784,6.5594717,1.4910066,0.26173811,0.00183126
4601,3.1846349,1.1436575,2.5856835,1786.5087,16.727383,1.979154,0.75682613,-0.048856909
4602,2.1027891,0.71132463,1.7931388,613.8688,6.9193795,1.3465486,0.66402417,-0.027962869
4603,1.7686838,-1.0151884,0.90813293,1518.9391,17.340938,1.4054452,0.83517276,0.025394103
4605,3.7836227,1.2119707,1.5010218,209.46757,6.3078815,1.3834577,-0.43104574,0.033466803
4606,2.8891775,0.2600509,2.6562822,1116.6611,10.48437,1.6590359,0.56971421,0.025046599
4607,2.0627639,0.68157311,0.42011323,1861.0333,48.671373,1.9003719,0.038303946,-0.032685408
4609,2.9357868,-0.69073624,0.97142704,999.06285,14.393933,1.5754312,0.54790125,-0.0077913954
4610,5.0607297,0.044478061,2.2833326,1544.004,17.249075,1.7298277,-0.69363373,0.041197439
4612,5.7892067,0.66401759,2.3687689,1002.0422,8.2243333,1.6856891,0.93987371,-0.0023024032
4613,3.2549125,-0.60329857,0.44534017,714.99344,6.5132333,1.4570681,0.38766028,0.0014398539
4614,1.9262681,0.016473946,2.7879446,1960.7189,14.687,1.7979422,0.47712496,0.023626048
4615,6.0138124,-0.30638954,2.579843,526.4257,8.7336436,1.4728413,-0.57897106,0.0032165219
4616,0.84904672,1.0294314,2.4830807,623.28593,7.0622759,1.5796518,-0.70235864,0.030209574
4617,2.5648873,-0.77435879,0.81479969,974.92525,11.113916,1.4093502,0.77557363,0.030381365
4618,1.0455132,0.23913703,0.28618874,1625.7594,7.1449532,1.8896504,0.4721687,-0.018891471
4619,0.32740917,0.78717438,0.91908486,424.79529,8.2937477,1.4065408,0.26943941,-0.03986049
4620,5.8569223,0.4593003,2.7686592,1769.6863,10.998919,1.818061,0.63059322,-0.002771636
4621,0.71067763,0.14324885,0.29565467,1320.8705,22.988643,1.6803212,0.44693029,-0.037781489
4622,0.51756237,0.19003285,1.2467563,1267.2883,55.204309,1.6971562,0.34464934,0.042128696
4623,5.9890825,-0.61148421,0.69995385,756.79484,11.329845,1.6036338,0.23653257,0.0092752705
4624,4.0612051,-0.77431236,2.3017524,1005.0375,18.675713,1.7077478,-0.68053648,-0.037220986
4625,0.9500999,-0.74733708,2.325658,316.2502,6.9372305,1.5141137,0.075914479,-0.020777965
4627,0.043263248,-0.39034862,0.75928562,546.02616,17.79669,1.4239222,0.84210015,-0.0077913883
4628,0.02041565,0.95882856,0.2880568,1274.9964,33.198305,1.4911934,-0.49749203,-0.030204215
4629,4.6945582,-0.91570653,0.29485567,1433.3655,6.5957308,1.5038021,0.24230215,0.041541504
4630,3.1338175,-0.6436701,1.8951084,428.12826,14.261889,1.4039793,0.60834663,-0.013053526
4631,1.994323,0.44785441,1.8881417,988.8567,11.549191,1.6022183,0.59515897,0.043176798
4632,0.73576541,-0.075445052,1.0035353,929.94845,35.231315,1.5923108,-0.34122829,-0.048024317
4633,6.2402237,1.135374,1.4200308,572.84946,15.541297,1.4035305,0.65592064,0.023563629
4634,0.31623317,-1.2960819,2.9222965,1753.4696,13.422333,1.9249791,0.46165047,-0.035782428
4636,0.71578168,0.1642705,1.7551767,799.85023,10.21504,1.6769587,0.68616496,0.038906581
4637,4.6540114,-1.223141,2.5134981,3007.799,27.187798,2.0076794,0.49386938,0.0058735272
4638,2.6095347,-1.0782895,0.82304028,429.69225,12.333116,1.3024897,-0.02688726,0.039417028
4639,2.3703915,0.91400966,1.8790635,332.3255,6.4129151,1.4130612,0.94513551,0.031400872
4640,5.1870117,1.3833635,2.4661697,1949.237,33.915244,1.6851108,0.59655426,-0.012075179
4641,0.6036786,-0.85195735,1.8284092,645.17304,45.622947,1.6426139,0.95654409,0.040741609
4642,3.472951,1.1420086,1.0296113,576.29212,5.9694221,1.5060169,-0.58960282,0.0063642984
4643,5.0762015,0.11743944,0.20930565,1213.7974,6.367326,1.4856614,-0.079037689,0.0091389356
4644,4.4893133,-0.79409744,1.4985338,542.53267,20.644184,1.3990826,0.50064877,0.025219428
4645,2.3657673,-0.94576857,0.88757906,413.60331,7.1093525,1.4590676,-0.57920029,0.027506917
4646,0.41988255,1.526892,2.0890363,460.49125,6.1365066,1.5278905,-0.47281235,-0.00049768825
4647,4.8320254,-0.62161832,2.6789971,1900.8474,7.3620194,1.978859,-0.45400211,-0.044225631
4648,5.0286523,0.61437142,1.6219046,549.8933,27.911684,1.5561935,-0.073305744,-0.020946752
4649,0.16331924,-0.066073296,2.4318297,1569.6663,7.1544206,1.8450994,-0.11045692,0.010001892
4650,6.1247502,0.59741661,2.2292744,1553.7996,6.9589783,1.7868375,0.29143467,0.044775648
4651,4.0875915,-0.33937419,0.84495796,909.18316,6.137076,1.7262564,0.5024373,-0.0046613793
4652,1.7035514,-0.065606044,0.52141679,2700.9868,9.7917138,1.7924647,-0.6056789,0.0028666798
4653,2.7993093,0.94885598,0.89989683,1044.3815,16.16558,1.5269487,-0.97787477,0.033739549
4654,4.7169722,0.6428361,0.87699754,963.33493,33.839495,1.7378481,-0.43527403,-0.023038035
4655,0.80111286,0.32461403,0.78787103,1086.3655,25.751065,1.4950275,0.90258739,0.017146943
4656,1.1800525,-1.0852297,2.857682,2059.1317,10.248855,1.8042256,0.50414324,-0.00013526079
4657,4.9522446,-1.1085675,1.6635421,616.61939,29.431212,1.4877005,0.33631469,0.049222232
4658,5.3342428,-0.92374521,0.82684699,244.20404,7.7603076,1.718422,0.64450157,-0.0030862059
4659,1.9214861,0.033026711,2.6556716,1470.0083,17.372786,1.7210901,0.2492154,0.012025992
4660,3.6068812,-0.30929449,2.8883395,602.94963,5.6753558,1.4164106,-0.17665074,0.021219227
4661,1.0794694,-1.0409792,1.7901269,688.99626,8.3387801,1.468994,0.15398416,-0.043849155
4662,2.8490592,0.63109925,1.0470071,352.47039,30.49127,1.4137228,-0.62534424,0.029512002
4663,5.2738502,0.70524363,1.3428133,354.50911,10.337745,1.3282435,-0.1657636,-0.027231762
4664,0.30680097,-1.3336593,0.82097213,481.8636,10.075661,1.3477568,0.022904877,0.024300117
4665,5.6380428,-0.71446213,0.95480164,1535.4116,7.4764777,1.707307,0.78972957,-0.019478301
4666,1.1311084,-0.82245232,0.70918921,2197.9659,12.276356,1.8068773,-0.45754325,-0.0018105667
4667,1.5183511,1.2202662,2.9757381,1568.4595,23.188358,1.7568312,0.19420963,-0.02370447
4668,5.598008,0.47219574,2.7790445,644.5799,9.8665672,1.3839213,-0.96014471,0.034536047
4669,4.065528,0.37661177,2.5359027,1247.1001,20.480096,1.7456594,0.87475188,-0.02450281
4670,0.37878113,-0.80926809,0.35803489,1967.8891,7.0836901,1.7945763,-0.055087791,-0.043088754
4671,3.445773,0.18063753,2.0309728,175.57818,12.519382,1.4572429,-0.70586859,0.030663893
4672,4.6875361,0.1194592,2.8634128,1482.5472,12.725609,1.6978564,0.66999948,-0.011972385
4673,0.48382631,-0.69263302,0.65413734,550.29856,27.652342,1.5095175,0.43025074,-0.024944959
4674,4.9980697,0.52389265,2.1936836,1328.0296,27.504473,1.8108271,0.023162797,-0.033698056
4676,3.8944674,-0.69081178,0.86486542,848.68947,9.8854216,1.4775894,0.95309979,-0.019032425
4677,1.8836143,1.0021552,1.8884289,557.5639,12.270464,1.5282911,0.041193745,-0.038919992
4678,5.10666,-1.1416966,1.1258386,737.45041,9.7588047,1.4246905,-0.81664108,-0.033828459
4679,2.1688428,0.34611167,1.8848452,413.22056,9.1750528,1.4943522,-0.7454363,0.029169484
4680,0.090962474,0.74042459,2.9188639,1261.4523,7.2158012,1.7661232,0.63393317,0.043525853
4681,5.9331115,0.6420981,2.4621056,688.34155,16.075471,1.3106825,0.90002505,0.0015803262
4682,3.2293004,0.19801914,2.3423847,1211.1733,19.819931,1.7977807,-0.25281633,0.026109595
4683,1.33307,-0.37223052,0.96563171,1857.9786,10.1251,1.5439053,0.65300338,-0.021066286
4684,2.6145485,-0.83125016,1.4733006,785.07243,5.9048113,1.4937767,-0.74338551,0.025830687
4685,2.2435662,-0.17844954,2.3008885,1647.6185,14.226746,1.7360081,-0.83665718,-0.027955302
4686,0.95510403,0.57493111,2.1142241,1081.4368,6.3547919,1.693038,-0.17262374,-0.048794188
4687,3.0935509,0.37638546,2.0906674,308.47297,14.448836,1.2711827,-0.50369937,0.0091615583
4688,0.0069856947,0.0089040871,0.44947599,505.85792,19.298845,1.2738954,-0.22758628,0.03211129
4689,3.8255409,-1.1665747,2.5834963,557.19387,15.559807,1.6417608,0.54937823,-0.0037915968
4691,3.9794631,-1.4167997,1.5069469,1103.7077,26.428709,1.3877348,0.87878269,0.040464023
4692,1.5035181,0.85395285,0.82257873,1603.1561,46.081269,1.705533,0.10869362,-0.016187091
4693,4.9553502,0.36860069,0.97556096,441.72278,7.958563,1.5194348,-0.30436038,-0.045752899
4695,1.293188,0.004101749,2.0818707,521.76691,11.192232,1.4010602,-0.66457196,0.019719872
4696,5.087456,0.62681672,1.155446,343.0577,12.513997,1.3264758,-0.4384286,0.0094387975
4697,5.3706903,-0.36203693,0.44087085,220.79515,5.9835181,1.5597508,-0.0068494917,0.034349175
4698,4.9884021,1.1134426,0.55050984,1030.8772,7.8780289,1.7523976,0.72350894,-0.0069646923
4699,3.499315,-0.24479134,0.56043965,1837.6633,20.392788,1.9641003,-0.48614234,-0.00376818
4700,0.56809396,0.62983427,3.0301269,606.75413,15.489717,1.6072734,-0.28640404,-0.030471184
4701,0.01197644,-0.28932951,2.327397,1847.0215,8.1105613,1.6320417,-0.70284306,-0.019241173
4702,1.0871585,0.40398587,0.31116756,698.32203,7.7685566,1.4548554,-0.56865662,-0.012544834
4703,4.5267792,-1.3222635,2.5646763,1756.0714,20.826723,1.7700486,-0.56650038,-0.039835174
4704,0.98317125,0.10384281,2.4129682,1582.1771,9.5619233,1.8183468,0.31933594,-0.037437783
4705,2.5413104,-0.28747331,0.26340053,1222.0455,15.363219,1.4571662,0.82528696,-0.027261367
4706,4.0146169,-0.98996855,2.4749791,611.94672,5.9504078,1.4768016,-0.86949405,-0.022873231
4707,1.0585038,-0.77872511,1.6101323,669.35629,25.506103,1.5016983,0.32755578,0.017058736
4708,5.4762861,-0.75813529,0.76337337,1611.3492,13.085256,1.8514101,-0.5391336,0.044785971
4709,5.1369937,0.057612412,0.8424205,1141.0172,13.719076,1.6210843,-0.1001741,0.04433399
4710,2.0199526,-0.5440884,2.5869224,1526.3682,7.5435208,1.6792779,-0.04177239,-0.014207696
4711,2.848956,0.52148871,0.45453905,754.76276,8.0182899,1.4798252,0.053705322,-0.015929065
4712,5.8981409,0.45983955,2.4218225,540.78325,9.4086872,1.5782524,-0.66060318,0.038602721
4713,2.1955842,0.65597388,0.20837203,2307.8797,9.3801284,2.0485113,0.97891837,-0.03060059
4714,3.0952127,0.84935857,2.4179287,2696.1513,26.429122,1.9708263,0.48281081,-0.01052054
4715,3.4585747,-0.63081912,0.59307499,1337.0414,8.385423,1.8936874,0.40724111,-0.013038635
4717,2.2835203,0.057727056,2.2790305,461.38258,7.1036009,1.5602808,-0.45307632,-0.016041972
4718,0.13731683,0.60748595,2.602641,433.45766,7.7160666,1.3364259,0.79602705,-0.048318928
4719,1.1346527,0.49456891,2.5975491,602.3067,14.630604,1.5025917,-0.28832669,-0.023223958
4720,4.2628269,-0.32048506,2.1239111,723.24556,11.375047,1.5847793,-0.38821833,-0.042068274
4721,1.6843137,-0.14211894,2.0416511,1138.0709,16.162569,1.5670311,0.67898718,-0.024622011
4722,2.1697943,-0.96723595,2.4025182,1242.1631,11.454961,1.608184,-0.35980192,0.042582969
4723,2.1676134,0.093654316,0.59558517,434.02667,13.761188,1.5029403,0.53695367,-0.030928339
4724,2.7629241,-0.5219482,0.91119796,1401.7394,10.263761,1.7040541,0.67222657,0.039600084
4725,1.1778194,0.87945047,2.5984561,2601.084,7.8992418,2.0025147,-0.68825553,-0.032432173
4726,2.1258357,1.093906,1.53288,899.9374,13.008442,1.5713925,0.098334967,0.018872712
4727,3.5872845,-0.092903063,2.5967833,1458.504,12.177062,1.600322,0.67683712,-0.0085241165
4728,0.87921981,-1.0433467,1.1509828,633.42943,49.455688,1.6328903,0.02170797,0.0118625
4729,3.1789224,1.1041989,2.6274238,1708.1735,11.905668,1.5606407,0.56060778,-0.0061664322
4730,1.151105,0.75167104,1.1935362,781.66311,10.998948,1.7393735,-0.35533791,-0.010454086
4731,1.3101036,-1.3774583,1.9134802,744.58552,15.19041,1.4063383,0.91482494,-0.0063061616
4733,0.49980219,-0.24441244,2.7060112,2043.3297,6.8615329,1.8090392,0.16465034,-0.012706648
4734,6.2374362,0.60737392,2.2814961,2239.7073,20.153173,1.8445017,-0.093625417,0.03127605
4735,2.1651864,0.62973286,0.27872747,361.88722,39.712346,1.4000361,-0.58700288,0.041679847
4736,5.2742258,0.81965655,0.67555962,1289.4766,9.5618348,1.6229835,-0.082381156,0.044691005
4737,2.3799062,1.0528637,0.40027928,889.99678,19.372253,1.7301437,0.72091038,0.046164959
4738,6.0671775,-0.46893395,1.6011132,919.28352,31.026877,1.5310004,0.94777659,-0.047944698
4739,2.5005623,-0.42714964,2.694026,1506.419,7.3806032,1.7183585,0.66009195,0.048604565
4740,0.29927817,0.61507791,0.32309404,1419.4927,24.030298,1.5337012,-0.65641178,0.010350035
4741,4.6969082,-0.36456677,0.95468305,613.89556,5.6683357,1.6326633,0.40175017,0.044151151
4742,3.7503119,0.56830614,2.76872,1854.2271,10.881818,1.9594836,-0.24560095,-0.028029905
4743,3.4017792,-0.40680168,2.3342779,1240.8798,19.301082,1.7013464,0.77893129,-0.040887712
4744,3.9873921,-0.94550947,2.0277343,625.59889,6.2935457,1.3427663,0.72778328,-0.023439658
4745,2.3492483,0.33836939,2.3268348,1402.6747,6.812196,1.6041276,0.12029094,-0.0033805424
4746,4.027325,0.011383555,0.89782074,1159.7984,31.4622,1.6275716,0.41372672,0.021804065
4747,2.636873,-1.0084468,0.40623497,1554.2966,10.309999,1.715151,0.65489507,0.036403867
4748,0.78927311,-1.4182852,2.860934,2126.0193,8.6274573,1.7815216,0.46593327,-0.0083926187
4749,5.9190448,0.17955105,0.23053904,1318.0164,15.774972,1.6212855,-0.5542148,0.0035140653
4751,5.5465644,-0.0095210746,0.19238311,961.15264,9.5975787,1.6330172,-0.92249794,0.047824831
4752,0.29309705,-0.20825781,1.8448672,213.59105,7.1327159,1.4007005,0.32352254,-0.02973989
4754,4.852169,-0.73253475,0.37012146,62.091799,6.6943682,1.1720457,-0.33566728,0.011770261
4755,4.7581547,0.72882091,1.6579658,873.9755,10.342178,1.4468296,-0.47868038,0.029434789
4756,5.2192353,0.23311412,2.8318523,1482.7333,7.54079,1.7837611,0.84514607,0.01844734
4757,5.0348741,-0.16495288,0.53178079,947.88528,31.828539,1.4661581,-0.25971065,0.028910065
4758,5.9184466,0.97564809,0.7951664,890.66637,8.209978,1.6967384,0.46357496,-0.031403982
4759,0.67746088,-0.41262663,1.1478318,765.14653,8.4341588,1.6311929,-0.55702582,0.028801533
4760,5.8148708,-0.32147337,0.91846826,1500.944,17.934217,1.7667885,0.5040495,0.020069888
4762,5.7071556,-0.39488683,2.5745283,449.20172,23.277005,1.3952138,0.83220455,-0.016350013
4763,0.84611877,0.90790699,1.9751665,417.34689,10.053664,1.4653572,-0.93888706,0.047429189
4764,4.9585546,0.74215228,0.59554991,854.9484,6.0964441,1.6745154,0.27908758,0.038801109
4765,1.6707296,-0.28422202,0.51505542,1205.3161,33.710989,1.6322933,0.7555074,-0.036887763
4766,0.7992959,1.4016755,1.3166068,878.98873,6.9966964,1.6430814,-0.42935982,-0.016460911
4767,4.3696538,0.36720216,0.44595394,1362.2202,8.3094389,1.5364783,0.66349339,0.00031812972
4768,5.4141254,-0.55508398,2.0350244,611.93038,12.372734,1.6745072,-0.30284598,-0.031980562
4769,5.8146385,-0.35684359,2.0272189,610.34992,8.208333,1.5055752,0.052546401,0.038710741
4770,6.0076575,0.25433249,2.5463579,1732.8568,51.857933,1.4970071,-0.64605025,0.0027647841
4771,1.2304879,1.0330322,0.52964254,1401.1346,15.55927,1.6809566,-0.76890116,-0.043626192
4772,4.7768242,-0.81985744,3.0202087,1096.6973,14.123583,1.650484,-0.76742533,-0.034207552
4773,4.1284017,0.05143919,2.5941085,620.66879,5.9989543,1.5677301,-0.1289936,-0.044485509
4774,4.3503712,1.0959231,0.9277532,543.20536,6.040844,1.4726222,-0.034955205,0.014625023
4775,3.6167634,0.041713117,2.6212494,2095.8775,21.914009,1.9230655,0.83204467,0.046396557
4776,5.4429248,0.11450677,0.36258269,579.76117,6.9683165,1.5096517,-0.27120343,0.022952143
4777,5.6784794,-0.37111806,2.0195886,378.31112,6.7972452,1.3046491,-0.32591925,-0.021610452
4778,4.4708932,0.20570979,1.1858313,692.53143,7.0477301,1.6596733,-0.59445532,-0.043034811
4779,4.4338944,0.97825912,2.9711796,1281.4115,6.5035892,1.6328426,-0.44720969,0.0074753958
4780,3.2730907,0.56392649,1.1216815,622.86229,18.535875,1.5860475,0.25160884,-0.036637931
4781,1.5157864,-0.63689435,1.3529713,177.77538,31.737009,1.2843487,0.31014157,0.046292509
4782,3.3627542,-1.0726079,0.46060823,2003.0641,19.623884,2.0222287,0.67674229,0.0080714202
4783,6.1969244,0.54616021,2.6670753,2232.3862,10.09066,1.935262,0.87035674,-0.039863184
4784,0.99872052,-0.64166711,1.1633563,793.30588,10.46001,1.7440724,0.55327233,-0.014790747
4785,2.1460839,-0.10988919,0.61694872,1656.1566,21.033494,1.8306172,0.9056853,0.039721666
4786,1.5298059,-0.78038156,0.49540681,1291.4639,7.4375303,1.6347157,-0.45783385,0.022188045
4787,3.0460386,-0.076324798,2.5421663,366.97624,7.7942885,1.4508411,0.90100242,0.0047991761
4788,2.1309763,-0.60944297,1.5868072,1241.0807,7.2499582,1.6480393,0.27366511,0.036969624
4789,2.0133683,-0.45163689,0.13041597,937.89292,12.89286,1.5334599,0.055022349,0.024529591
4790,4.1215036,-0.39299727,0.25052614,416.61724,8.9954336,1.4956637,0.51449928,0.04170279
4791,4.144287,0.38407541,2.1612993,556.99339,7.2627003,1.3218836,-0.71720167,-0.019813435
4793,4.2970741,-0.53007168,1.5384753,373.18522,5.7257956,1.4559783,0.18821056,0.030924559
4794,0.16748016,0.92388283,0.94997497,598.07665,7.4208116,1.5656158,-0.26888376,0.013009807
4795,4.7757306,0.15939346,1.9223044,214.98504,5.3641221,1.4578781,0.43563744,0.017014028
4796,3.6182869,0.93410505,0.34121183,2008.5789,23.027727,1.9372355,0.2110357,0.018924954
4797,1.3632689,-0.11021491,1.521762,370.90067,8.3083214,1.2495837,0.9219862,-0.030365018
4798,3.4410375,-1.3693316,1.280976,321.19691,45.479549,1.3436564,0.56897049,-0.045158887
4799,2.7943926,0.16757348,2.4029049,1799.9107,7.8209667,1.6838559,-0.18879615,-0.020487221
4800,0.82527576,-0.17775802,0.79791526,917.05119,13.984324,1.5451324,0.57769634,-0.0066104857
4801,0.30329536,-0.96227147,0.91034057,1983.0262,30.395753,1.9332688,0.038944308,0.0033585851
4802,1.6724717,-0.020542529,2.3521241,1599.5184,18.997251,1.7506111,0.59664601,-0.04671076
4803,1.616866,0.03729327,1.3859768,452.45404,21.515746,1.5384996,-0.90838941,0.00013475588
4804,0.10967833,0.99128594,2.1427959,614.7287,31.48738,1.54012,-0.90549694,0.014524458
4805,1.3181405,0.1838385,2.9332634,1658.6256,65.173269,1.8323501,0.75530307,0.010345045
4806,1.1221913,-0.51646673,2.1176373,483.78523,15.618083,1.536498,-0.015271974,0.0091231151
4807,6.2788852,-0.91614796,1.2360945,901.357,11.950433,1.5090175,0.59370846,-0.032778827
4808,5.5428052,-0.87920934,0.58061313,1163.3381,10.519667,1.5922268,-0.77714006,-0.025247253
4809,3.4572562,1.2173463,1.1174061,886.1096,9.460596,1.5777312,-0.089783797,-0.042308829
4810,0.45551275,-0.82629034,0.79022434,1417.1789,29.99872,1.7289795,0.29330034,0.0045912028
4811,2.6731178,0.77476723,2.4173611,1833.6858,11.813549,1.6807554,0.79145431,-0.0022836801
4813,1.6717755,-0.61070945,2.4545661,587.85023,5.9144167,1.5194255,0.38538071,0.019605997
4814,0.68486276,-0.12172693,2.0402417,689.12605,6.3700544,1.5694379,0.84379389,-0.016692072
4815,0.52123025,-0.16734109,2.886378,1682.7813,12.26975,1.8636098,0.056655935,0.016471949
4816,3.9347742,-1.078379,2.614869,1241.8866,24.952839,1.8513308,0.1588639,0.019934798
4817,4.0195502,-0.55313554,1.2963829,229.45804,24.065471,1.4441361,-0.454955,-0.0077407067
4818,2.7148049,-0.19021285,0.92481518,830.78609,9.5445006,1.613257,0.42351937,0.0050176792
4819,0.068102287,1.5164333,0.7380485,1610.0092,46.864829,1.758887,0.70449039,0.033166767
4820,3.4388119,-0.4085302,0.12919633,1200.1034,31.340401,1.6370798,0.3297413,0.045627247
4821,1.6532516,-0.9027402,0.15679985,1303.2892,9.4202698,1.474669,-0.65796979,-0.01080266
4822,3.0651815,0.40629499,0.96095818,793.0092,9.9743305,1.4423997,0.88496878,0.043476951
4823,6.2343671,0.97776402,2.8089431,1169.1666,7.3917781,1.6371276,0.49897855,0.040704913
4824,6.1529377,-1.1625965,0.64386165,868.92982,21.975629,1.4721073,-0.2128444,0.042145949
4825,2.6880055,0.70733021,0.62205292,746.95112,6.1543564,1.491442,-0.93487494,-0.04842061
4826,4.4107748,0.85750488,1.9237015,661.01017,11.646203,1.5620113,0.45571483,-0.0065356349
4827,4.8181028,-0.018766665,1.9755863,988.94746,29.560404,1.5782805,0.2674613,0.037125963
4828,0.046337821,-0.071788891,2.5327241,301.80903,6.8057789,1.3509703,0.61944634,0.027554614
4829,4.0602176,-0.96084067,0.93469541,824.64142,56.17541,1.5840467,0.38622109,-0.032507774
4830,4.5698809,-1.3536003,1.0551396,904.07599,8.4056866,1.7660757,-0.31937567,0.00028654566
4831,4.0860709,-0.84475166,2.2289936,920.15701,9.7854977,1.6410387,-0.53323797,-0.042886074
4832,2.0261944,-0.51223225,0.66830409,573.30954,11.605241,1.3734958,0.58330414,0.0067852416
4833,6.0326944,0.15934353,2.689128,2013.5512,39.807233,1.5759746,0.83635812,0.0096949737
4834,6.1601483,0.27281996,1.016107,915.40476,44.859828,1.6208249,-0.11831565,-0.0033195543
4835,4.85934,-0.015185977,2.2488382,656.43039,12.255911,1.5769006,0.14021081,0.016671947
4836,0.38139586,0.80947264,0.93792354,1319.318,10.041349,1.4804493,0.27015714,0.032560641
4837,0.38560494,1.0413697,0.80579511,2301.0487,9.9239544,1.7864168,0.92725506,-0.048603982
4838,4.7301927,-1.1500901,2.8372302,775.1813,7.9286248,1.6642481,0.43942325,0.0080849318
4839,4.7561743,-0.93492211,1.8847649,729.15796,9.6866656,1.5160874,0.45295428,0.043131536
4840,3.2124695,0.59747604,0.37316957,1604.0023,19.875993,1.7851478,-0.46567164,0.047859659
4841,3.0279082,-0.37166355,3.0365159,2713.2653,50.606222,1.9139321,0.98344955,0.0098215861
4842,1.893053,0.58207511,0.65845912,652.67432,6.6269421,1.3647889,0.25705486,-0.0031575748
4843,0.17018833,0.73687699,0.78782999,1288.4427,18.849457,1.6962636,0.72918009,0.0032222085
4844,2.1390592,-0.097522171,1.1456839,367.95659,9.1049929,1.4892014,-0.78223645,0.012629541
4845,2.8332993,-0.04479125,1.1254644,1236.9254,6.2522145,1.7686715,0.73243769,0.013516916
4846,3.1313011,-0.6248755,0.72982116,977.31969,19.260512,1.7618028,0.91200291,-0.0090341356
4847,1.2375721,0.078780345,2.7550046,1719.1256,7.0837967,1.7520964,0.34602328,0.046224922
4848,5.1220309,0.46760569,2.7725272,406.81977,6.543001,1.4690999,0.27398003,-0.012762282
4849,4.7225305,0.68220586,0.74109588,1391.2788,32.929175,1.8180136,0.35079989,-0.031699891
4850,0.27973679,-0.629518,2.7700321,1694.3673,21.036019,1.9640385,0.8336963,-0.016661451
4851,5.3302799,-0.785879,2.3182669,1390.9976,12.852052,1.8020284,0.8236469,-0.030603649
4853,0.1887248,-1.1436904,2.0923566,623.14409,13.420852,1.4697642,-0.50729965,-0.016491051
4854,1.4281008,0.85428402,2.4720993,1514.1607,29.398987,1.5421137,0.059495552,-0.0096908785
4855,4.1742366,-0.34803977,2.7007274,767.22442,41.59667,1.4251172,-0.57893776,-0.011438468
4856,5.5445018,-0.36675786,2.4047584,1316.3,11.555091,1.5453083,0.4056132,-0.03679807
4857,3.6749185,1.1626697,2.3600494,2727.3778,11.462042,1.9309186,0.015062916,-0.027373097
4858,3.9130076,0.55201807,0.59809137,1038.8962,8.628062,1.4172374,-0.53076895,-0.048392952
4859,2.7411289,-0.84965963,0.28488502,1754.6058,9.386579,1.7151381,0.017693383,0.019807935
4861,1.0523969,0.39866028,2.1036818,519.09968,13.600173,1.3750971,-0.32999185,-0.015083247
4862,2.5435272,0.65345317,2.8773378,216.90607,6.3373584,1.3776118,-0.11491498,-0.021022142
4863,0.1921245,-0.32900424,0.91900158,564.19256,11.661082,1.4277842,-0.96053901,-0.022738245
4864,1.9053073,-1.1774947,0.68305864,846.03453,8.2228116,1.7254161,-0.46708008,0.035514216
4865,4.2630464,0.54470727,2.7428416,1352.4949,28.140348,1.5003194,0.038404484,0.041809791
4866,5.0921238,-0.57972848,2.340879,1104.2484,10.372432,1.6077714,-0.79433379,-0.012202779
4867,2.1836177,-0.50161484,0.42361054,1487.9943,22.612357,1.648834,0.60047974,-0.045464542
4868,1.7230976,0.0025445216,2.3895687,591.19209,7.5332688,1.6740881,-0.91135025,0.030875556
4869,0.45249969,-0.54410676,0.3251595,1722.1066,38.784125,1.901155,0.68576105,0.040298582
4870,2.1260255,0.35796921,0.34245544,1661.3377,24.494214,1.7072735,0.97751878,-0.021093993
4871,3.4069169,-0.53210752,2.6461262,2505.5915,24.166934,1.8795258,0.95640689,-0.012293365
4872,1.5135018,0.015203822,1.4461799,1074.2277,10.385787,1.7463953,0.50967929,-0.042990464
4873,1.0944391,-0.066577601,2.4188394,2236.3126,28.270154,2.0068931,0.030577723,0.02888737
4874,1.7681792,-0.25050365,2.5560287,373.02307,8.4266155,1.7268889,-0.37022793,0.010199548
4875,0.14012856,-0.38919891,0.28260702,457.99856,8.9815703,1.5159185,-0.085311981,-0.044782496
4876,1.9956954,-0.74554246,2.9262064,987.10634,12.018811,1.6674175,0.37749839,-0.026918124
4877,2.0715025,-0.074003739,0.33374999,874.91506,10.490998,1.494272,0.13747072,-0.033730905
4878,5.0817345,0.14627628,2.1832638,1108.8551,58.377166,1.7637754,-0.20067258,-0.018657221
4879,3.0140825,-1.3374534,2.086411,1075.4376,12.596806,1.6146807,0.061986024,-0.013840183
4880,2.6511115,0.039048418,0.6731242,1412.4015,33.684177,1.7967227,0.91983466,0.029900455
4881,0.3998674,0.99940483,1.0589467,841.15377,6.4740758,1.6363319,-0.84306041,-0.0059734316
4882,2.0774233,-0.3419854,2.5183812,2025.7469,7.7791218,1.9669025,0.21667045,-0.028190835
4883,6.1280674,-0.70052451,0.81290279,1439.962,28.131801,1.8801065,0.21893654,-0.0034609934
4885,4.2612648,-1.0279921,0.66092548,587.01399,9.9327073,1.4229982,-0.14028765,0.036856649
4886,1.2612719,1.0424206,0.82842557,765.54389,20.260936,1.5568558,-0.85542894,0.049486539
4887,3.8695276,0.19422126,2.181305,2520.575,9.9890031,1.9757477,0.52131555,-0.016876119
4888,1.3309007,0.17294724,0.69414858,1319.355,6.8225822,1.6382971,-0.18036432,-0.038099831
4889,4.0071017,0.23925538,2.6896208,817.78079,16.503155,1.3863801,0.68529456,0.026653361
4890,3.3760512,0.61414248,1.6359989,708.6501,9.4115792,1.8143648,0.65801847,0.03298785
4891,2.6434682,0.28375204,1.5903838,1748.7572,13.120345,1.8429504,0.35158583,0.049022086
4892,3.9697574,-0.9189544,2.0599237,556.2102,17.072419,1.5806448,0.4023213,0.016243026
4893,2.4738534,0.93948811,0.49205017,245.93039,5.8859676,1.6685075,-0.68355104,0.03103095
4894,5.527906,-0.70496125,0.90542074,1174.3643,7.7109677,1.6520916,0.9639607,0.023551328
4895,3.7771894,0.23184535,2.7768241,601.3091,9.4958664,1.6556871,0.21585432,-0.0377907
4897,6.2133425,-0.85091749,2.7907004,993.5274,6.936674,1.5968701,-0.87495295,0.014986821
4898,3.6126752,1.2310299,2.3370986,1145.9474,49.092199,1.7627774,0.95633625,0.043337534
4899,2.139994,-0.14074729,2.0722251,983.87121,59.701855,1.5968333,0.23295285,0.035923228
4900,4.4277998,-0.72592105,0.30226763,687.59954,31.420721,1.3510867,-0.0040419756,0.0025886736
4902,3.698384,1.2643973,0.25720029,1438.9363,14.039655,1.7016078,0.34079743,-0.041180434
4903,5.0765015,1.1124186,2.7999251,1509.0763,14.370584,1.7046727,-0.22388555,-0.017791086
4904,3.8360256,-0.16923774,1.0868006,569.30863,7.5783524,1.3788046,-0.92991833,0.035482565
4905,4.7512139,-0.76150189,2.5642568,930.00121,22.141465,1.6799221,-0.11800798,-0.017492475
4906,2.2086638,0.58863279,2.5614393,1833.5547,9.5080371,1.670325,0.066588837,-0.036050143
4907,2.7006449,-0.50843368,0.37303117,1193.0032,8.4760501,1.7610466,-0.013929379,0.0070486664
4908,5.2261001,-0.85814898,2.3961452,1495.6093,7.1152364,1.7769869,-0.76077241,0.0015878085
4909,6.2457816,-0.31504188,0.83252372,1435.124,6.8189164,1.7531844,0.98141276,-0.012970516
4910,2.6464467,0.70295035,1.2798905,1052.177,12.333151,1.5929291,0.71851521,0.020735846
4911,0.22980663,0.28812773,2.8442429,1114.7735,10.745041,1.7537061,0.0991687,-0.029264097
4912,5.4905373,-0.72031343,2.5380942,871.94953,9.0696585,1.4631666,0.800148,-0.011755225
4913,1.2266329,0.33175946,2.921547,1944.077,10.303284,1.7131897,0.40366776,-0.0045981879
4914,2.7233042,-0.42945749,0.13604356,2699.699,11.079664,2.0264719,-0.30659668,0.021561198
4915,4.8580346,1.1169169,0.45520663,1921.9254,7.4344801,1.7130591,-0.67383522,-0.008101006
4916,2.8661697,-0.043684578,0.4827193,712.44908,5.7911255,1.5512851,0.74469527,0.011801686
4917,0.42880331,-0.77714882,1.3155127,913.83481,7.1447468,1.6702979,0.64851527,-0.049010599
4918,1.1987094,1.2016443,0.34148538,1945.4914,24.047764,1.8173863,-0.36875559,0.033006725
4919,3.1844699,-0.75837723,0.2785547,1321.7068,7.7689654,1.6692046,0.18880852,0.038725123
4920,4.44702,0.84601854,1.2216374,1541.1165,18.40491,1.7116609,0.40150684,-0.042895605
4921,2.6997261,-0.1483393,2.5641888,1072.5987,15.599799,1.5302379,-0.20162286,-0.011394789
4922,2.8682271,0.88817007,2.4581846,1056.0066,6.1647409,1.6073871,-0.93786374,-0.010079212
4924,5.6284724,0.66994351,1.3894627,384.6004,50.316073,1.5000073,0.39970994,-0.0091653454
4925,1.8165735,-0.17388354,2.532099,1957.3076,22.6132,1.7581453,-0.70560324,0.046819485
4926,0.1017981,-0.41517182,1.8475141,584.8118,15.86716,1.3968697,0.59106608,0.0042946044
4927,0.22786087,-1.4925457,2.3235598,838.15994,12.869254,1.3992014,0.078869397,-0.041378116
4928,3.8281196,0.49148499,2.1766476,1356.2069,6.750064,1.8643964,0.72939035,0.031155043
4929,1.8295896,0.14277768,0.88641897,857.32223,6.9602484,1.6953471,-0.98341716,0.042680815
4930,5.2198177,-0.96238197,1.8943578,378.0652,10.612595,1.4428041,-0.40289012,0.010144967
4931,2.4389388,-0.00086497685,0.23171827,1260.2013,9.4077592,1.7896552,-0.56660482,-0.040308624
4933,0.089446081,0.91504456,1.1916345,1386.7592,6.4670834,1.5931279,-0.50446169,-0.020911996
4935,2.7144137,-0.14148791,2.3767402,753.79916,27.645661,1.4165577,0.46781867,-0.042310919
4936,5.3867775,-1.1838985,0.84101287,1383.0975,11.97858,1.5826923,-0.37320341,0.049111459
4937,2.4672366,0.73733598,1.2877607,652.42559,5.9211601,1.6098164,-0.97623181,-0.0021237306
4938,2.8606442,-0.088743237,2.8035617,2904.9811,35.833295,1.8628924,-0.026979082,0.042573041
4939,1.5967163,-1.3330303,2.3743138,1021.3559,20.754896,1.6241735,0.13473864,-0.040267693
4941,3.9700169,-0.38518379,1.1399601,588.11791,34.423831,1.4391516,-0.50498443,0.0025400644
4942,4.795343,0.59385513,2.6679274,2116.3562,25.357776,1.6971967,0.087107381,-0.047779898
4943,5.9403178,-0.26230642,0.67004017,2079.9091,16.22661,1.7595001,-0.048002702,-0.019137377
4944,1.2984816,-1.3490756,0.99042667,935.68312,16.090971,1.4053701,0.47411952,0.02529939
4945,1.2536966,-0.0330233,0.87554965,876.59464,27.103105,1.4899927,0.22625658,-0.041815068
4947,2.6479222,0.84868363,2.5822315,672.07585,8.0729287,1.4768923,-0.06370779,-0.001786802
4948,5.4955028,-0.75721791,0.522223,1610.6442,8.873336,1.7963808,-0.5855547,-0.00072772531
4949,0.2441751,-0.2949634,2.4757769,943.6235,8.2602492,1.3700374,0.88690146,-0.0017811371
4951,5.7792406,0.2558459,0.85447875,1954.8334,14.839658,1.615774,0.34404562,0.022274247
4952,3.9495545,0.33836372,2.3613145,740.61416,16.535753,1.5504892,-0.4717098,0.0096490486
4954,0.20698476,0.83095513,0.36952697,269.36714,5.7656444,1.3794258,0.1863348,-0.00079132593
4955,4.2404652,0.43361294,1.8944776,872.34126,14.600525,1.5309941,-0.42831273,0.029955483
4956,0.33448171,-0.40900992,1.2816688,577.77669,12.306043,1.5353814,-0.04099193,0.042527173
4957,5.930348,-0.51329531,2.3650319,972.13255,10.629436,1.6552065,0.31818177,0.031429256
4958,5.6925611,0.92171321,2.7816459,960.83363,15.638575,1.6801476,0.14353219,-0.0030624595
4959,4.6841491,0.10420262,1.8993743,657.56446,9.5860103,1.4268097,0.89931678,0.030931764
4960,3.2620712,0.011301516,0.54860978,1346.6582,7.4933068,1.6829268,0.020916709,-0.0048230367
4961,3.3397273,-0.19401626,2.4177959,677.14993,27.988124,1.4812476,0.78170773,-0.038101793
4962,0.74246535,-0.18152,0.5000022,1816.5616,9.8386893,1.5828955,0.85089278,-0.01245036
4963,2.1015886,-0.62458844,0.42927559,1431.4761,17.224654,1.5953109,0.18677216,-0.033481072
4964,0.37272428,-0.43414321,0.57006005,2150.1494,16.339703,1.9269668,0.44654511,-0.0052781008
4965,5.3813553,1.3943682,0.72015778,2053.8713,17.779001,1.7747366,0.53396266,0.045640296
4966,0.95819138,-0.60479341,0.96116439,587.63701,6.6125574,1.4716082,-0.10146925,-0.044516288
4967,3.3386995,0.17544457,0.71739814,1414.9236,16.247245,1.6491182,0.87417473,-0.020856292
4968,1.7516125,-1.0854672,0.4339409,1684.9059,7.4610664,1.8604486,0.61474264,-0.041138179
4969,1.8553054,0.7120334,0.19655547,1315.4143,6.5602709,1.6572694,-0.1419584,-0.013516348
4970,3.6897511,1.2071537,0.57782862,1854.5883,25.949652,1.7753991,-0.98142475,0.045546093
4971,3.455457,1.3247188,0.24953862,825.90455,22.751049,1.492053,-0.19855758,-0.022606767
4972,5.4744377,-0.41546156,0.23203881,2234.5209,8.3094549,1.9379677,0.95617244,0.016209563
4973,1.249016,-0.55090914,0.48188518,901.3587,6.1729442,1.5869582,-0.24985116,0.010203974
4974,0.7498543,0.48642588,2.447494,1454.3185,15.24998,1.8622783,-0.34642781,-0.0025641013
4975,1.7102037,-0.11724593,2.6379742,792.02641,33.795393,1.5989173,-0.33946702,0.037262388
4976,2.220739,0.021612166,1.0910403,500.49988,31.785221,1.425193,0.57825349,0.005367175
4977,3.710805,-1.4058299,2.2021696,1735.6772,9.5532729,1.9168543,-0.50383353,0.046761854
4978,2.4026942,0.62963416,0.32446452,1989.9647,14.554187,1.8236147,-0.1264719,0.028843748
4979,5.0458127,-0.20975546,1.2198534,286.7495,27.270217,1.5036735,-0.12017685,-0.03224547
4980,1.1811133,-0.3144336,2.9633535,1751.5771,14.154388,1.8350337,-0.51469916,-0.049506079
4981,3.0030449,0.85512227,2.2853215,1138.1146,13.190508,1.5437751,0.7904455,0.001585038
4982,5.6585969,0.74852412,2.0773331,1928.5513,47.38357,1.8084484,0.24074762,0.045702818
4983,1.3663937,0.61959179,2.3529879,1749.6164,9.623517,1.8056546,0.067470088,0.015777252
4984,3.0630243,-0.56126602,0.63622532,464.30861,8.616324,1.3968737,0.0081740494,0.019468045
4985,3.8389512,-1.0623609,2.8939713,923.51045,10.777729,1.532964,-0.12464309,0.017499078
4986,1.8328398,-1.4616346,3.0107989,1903.6054,11.894814,1.7394243,0.67569024,0.014122218
4987,1.6929627,-0.68292256,1.0793916,324.62891,14.735934,1.4238425,-0.39464808,0.016413616
4988,1.7807264,-0.24277334,1.6682709,824.07166,6.0980261,1.752849,0.044945574,0.044221093
4989,4.1278026,-0.57276012,1.8753118,1039.5281,24.564087,1.5405211,-0.22211689,-0.014778335
4990,0.040491234,0.78630423,2.9373597,2486.1309,8.7353432,1.9212932,0.55370222,-0.024123558
4991,3.3462918,-0.090244375,2.6389468,864.40183,6.3964547,1.491845,0.89953621,0.016836494
4992,1.9579293,1.2170148,2.7810552,1831.9549,25.618336,1.6487075,0.38416506,0.021746715
4993,2.8396539,0.84807157,0.62496359,1122.8415,12.495744,1.7756689,0.40234474,-0.013991074
4994,5.2728246,-0.09266635,2.144479,575.34175,15.628752,1.6072317,0.79444288,-0.043319139
4995,5.9315925,0.22332368,2.9758402,1553.7099,19.093895,1.6891432,0.68927657,-0.0016641029
4996,5.0267935,-0.69257011,0.77642572,1069.8238,8.4167418,1.4759857,-0.8728268,0.042806186
4997,0.81314374,0.31822206,2.3404718,1120.7998,11.396411,1.7082994,0.51384909,-0.02888634
4998,4.7913975,-0.82620209,2.8204736,2276.554,44.963278,1.9346217,0.71965173,-0.027758159
4999,5.3272809,0.38580649,0.81249552,1480.4021,15.045964,1.7109814,-0.92963066,-0.007907989
5000,5.8401758,-0.926134,0.83295356,1026.6553,13.488374,1.6220011,-0.7605005,-0.023127324
5002,3.9280816,0.91718543,2.6456335,1748.01,7.5507561,1.6459917,0.9026031,0.0074001454
5003,1.1939327,-0.89461556,0.86665395,765.32164,14.673465,1.5609712,-0.5167141,-0.032992956
5004,1.6059342,-0.83252256,2.5942469,1480.5189,39.492145,1.6419357,0.44596856,-0.040928168
5005,4.9707416,0.26390154,1.2714516,724.81575,14.982101,1.3814945,0.89480033,0.034379513
5006,6.0440276,-0.50140437,0.86331959,1386.9139,10.196826,1.771601,0.72917315,-0.0083191749
5008,1.5359109,-1.0172573,0.63721488,1851.2235,13.128643,1.8687587,0.49523705,-0.035829005
5009,4.9794086,0.72903203,2.2784265,1080.2465,27.110051,1.5486636,0.70521031,0.032715351
5010,0.77969001,1.160127,1.9052552,629.12402,7.109895,1.7731341,0.26011737,-0.025621899
5011,0.33391136,-1.0715071,0.5154552,956.80435,23.319365,1.8202335,0.6450288,-0.020054768
5012,2.9052002,-0.45582384,1.0048341,629.22072,9.7735218,1.3935109,0.76236165,0.040298703
5013,4.0689964,-0.62095985,2.6931402,1209.9007,6.6257341,1.7202337,-0.30575048,-0.023864065
5014,0.15102414,0.091468609,2.5845549,1990.298,8.3493366,1.8593447,0.67978964,-0.0075787251
5015,2.211172,0.222661,2.2460304,617.49196,25.765749,1.5271822,-0.43423937,0.034234446
5016,1.1324109,0.23280346,0.28694411,1794.3103,31.718128,1.6896698,0.95893634,-0.019197252
5017,2.3950743,0.092384574,0.43994001,550.88834,7.1290095,1.4634303,0.062277466,-0.018860611
5018,1.5486307,0.56347789,0.86237416,1325.2484,16.859659,1.7526282,-0.499505,-0.046064763
5019,3.1100295,0.56608824,0.23097191,1343.9288,15.338745,1.7419647,-0.22730511,0.0099546699
5020,0.7456097,-0.21232315,2.1035027,1483.7119,18.228322,1.8300384,-0.070577106,0.0180932
5021,4.555673,0.9776334,1.7153451,1264.3892,8.0271045,1.4802615,0.38451015,-0.022812464
5022,4.800547,-0.27494303,2.2997019,1141.5741,7.1417291,1.5880373,0.082011126,0.042974999
5023,0.57723951,0.27151791,2.1999947,1603.4474,8.7597901,1.7731629,0.89207241,-0.0082907278
5024,2.240123,0.96050064,2.1519329,1080.7983,11.678391,1.5169514,-0.17795954,-0.002182368
5025,2.4213107,0.64004417,2.9805945,1833.1807,10.602064,1.776828,-0.49117937,0.010197472
5026,5.6126855,0.26540915,0.41482709,1461.039,8.5482601,1.718359,0.10557294,-0.0054258215
5027,3.9203017,0.29341835,2.7564475,1111.6524,6.5277306,1.681344,0.54700089,-0.030322272
5028,5.8849654,0.015069356,1.3053183,377.49871,11.695217,1.2817196,-0.22602023,-0.018295092
5029,1.1217939,-0.95035726,1.3778087,648.65429,23.012242,1.463113,0.80458891,-0.048943191
5030,2.8855664,-0.57655023,2.6849707,2391.4751,41.477135,1.9580783,0.74858989,-0.038720801
5031,4.603831,0.018766373,1.6954198,247.30322,6.7167047,1.4121024,0.20405976,-0.030368897
5032,5.6615267,-1.0469641,2.1633842,1605.8514,26.773626,1.7194471,0.36194442,0.0087378862
5033,3.8029325,0.76098614,2.5901265,346.56958,6.5814061,1.4063036,0.45925859,-0.01512381
5034,1.9546238,1.3534571,2.2292735,391.92558,5.6896182,1.5288293,0.82159912,0.028992546
5035,4.9979086,0.14038651,2.5411355,1365.6192,11.944767,1.7105144,-0.69050488,-0.0069561112
5036,6.264901,0.71657881,0.61385975,2215.563,40.38112,1.6471231,0.58949803,0.042656911
5037,0.27823322,-0.69818532,1.3547126,623.70885,13.960749,1.5806738,0.56012234,-0.021294896
5038,3.5149815,-0.29478495,0.94137986,1546.997,8.0166105,1.8428639,0.39689169,0.033633171
5039,3.8191851,0.21663947,2.6152608,878.49694,21.653572,1.6473265,-0.19684535,-0.039690115
5040,2.753084,-0.83776197,0.29743605,2411.8509,14.376645,1.952222,0.29143483,-0.041482354
5041,4.7800469,1.1298116,2.2076651,813.82441,5.8598502,1.5249205,0.47442368,-0.04086356
5042,2.7447614,-0.65525136,2.5574646,932.40194,10.774691,1.5493327,0.0024840591,0.04185604
5043,6.1445096,0.56586619,2.5330773,1730.6756,11.651008,1.4876784,-0.91892416,-0.039874564
5044,3.6979611,-0.57078384,2.7546589,2199.3804,7.8532405,1.9389314,-0.71494683,0.032704797
5045,1.0069705,0.79393447,2.5989788,1679.645,24.815253,1.8092938,0.68282779,0.035855946
5047,5.8062226,-1.1855151,1.8882505,641.34697,11.964349,1.3081595,-0.90933108,-0.015046279
5048,6.228502,1.4794071,2.9204432,1594.6618,8.8760119,1.7834971,-0.030037282,-0.00084948102
5049,0.22550713,-0.59428743,0.65236168,1114.8586,9.8911134,1.415726,0.30845666,-0.003502229
5050,5.6741784,-0.4395924,2.4358552,706.81927,16.608601,1.4400205,-0.051278783,0.030579254
5051,4.7402558,-0.17528584,0.55164828,1827.5632,36.228194,1.8748929,0.099757703,0.017895117
5052,1.290984,0.34902734,1.1633697,754.5632,9.8964932,1.6040126,-0.075602997,0.0019871735
5053,0.51179027,0.47154869,1.6986718,1017.4149,10.309917,1.6575606,-0.87283615,-0.035965324
5054,2.5130177,0.73932422,0.37489189,1187.3011,11.072745,1.730613,-0.1757666,-0.010432924
5055,5.9896288,0.61216656,0.18613642,1903.3,14.761509,1.7746382,0.47018286,-0.048534598
5056,2.2524278,-0.24173303,2.0092663,579.09191,10.454291,1.3706048,-0.65932347,0.033634412
5057,4.0239528,-0.27754373,1.2511534,1229.5319,14.880909,1.7920378,0.074583862,-0.0077206516
5058,5.0943683,-0.65249276,2.59066,1326.5747,14.333049,1.742561,-0.017284686,0.023162466
5059,0.99149974,-0.2400949,2.6468248,873.91664,12.413398,1.5678108,-0.6516524,-0.027851643
5060,2.3827917,-0.1185543,2.3336556,786.10363,7.0357033,1.7086877,-0.6138931,0.024526094
5061,3.9500501,-0.18466944,2.4334771,2172.8564,9.2887824,2.0276948,0.11523753,0.021536797
5062,0.84830253,-0.11909832,2.8018207,1694.2137,21.168862,1.7626502,0.043426889,0.0009026815
5063,3.3206047,0.44101788,1.106635,1683.7854,14.612986,1.8835197,-0.67652838,-0.043011266
5064,3.304356,-0.80638741,2.2856871,777.00181,13.013717,1.6213241,0.28713497,0.013260897
5065,5.0358879,-0.060885774,2.3763063,1278.1303,10.328567,1.5096877,0.68867911,-0.022069232
5066,0.73050394,-0.99919241,0.68946085,807.49912,13.523635,1.5533962,0.10973241,0.012414274
5067,3.9361997,-1.0860761,0.89857614,740.74468,6.508359,1.6473022,0.38329243,-0.030299111
5068,5.3126173,0.66774598,0.42693491,1938.9867,24.299656,1.7151011,0.9883436,-0.022528521
5069,2.6095926,0.18227736,2.3222534,1030.7851,6.3022144,1.67574,-0.42083387,0.021081413
5070,0.016193966,-0.7366584,1.1886737,1052.5393,22.054018,1.7853466,0.22277682,-0.034612933
5071,2.1013337,-0.38771718,2.6673014,2418.988,7.5600913,1.8235389,0.97008564,-0.026504122
5072,4.6102721,-0.63730604,1.8481528,238.45343,6.8467159,1.57359,-0.74718042,-0.046310394
5073,1.056832,-0.024350338,2.6341175,1920.8532,9.3960327,1.8048264,0.89647403,-0.01968107
5074,1.0673107,0.71372772,0.60918793,590.0832,16.16308,1.5575886,-0.88609784,0.04622153
5075,4.7181785,0.47681665,2.0069997,575.90182,21.716626,1.3770766,0.97844033,0.043941851
5076,4.7736407,-0.56580579,1.1687992,623.26112,6.5362937,1.5895654,-0.22147088,-0.047071129
5077,3.5676709,0.81288908,2.047962,912.2158,20.277013,1.5730169,0.68008375,-0.032558285
5078,2.8306996,-0.51027685,2.9918356,1571.9177,7.4295696,1.8210529,0.84386039,-0.044314274
5079,4.6153957,0.0560934,0.78654497,1547.0707,25.320625,1.6656141,0.32503618,0.018866555
5080,3.6738551,0.72521327,0.45508953,1651.9653,12.932306,1.8080959,-0.49823978,-0.032287978
5081,1.0220121,0.51728148,2.5407294,1040.3827,7.7246907,1.6702917,0.72683341,-0.0015744149
5083,0.50011145,-0.15161801,2.2762454,1007.8648,6.4699192,1.5483235,0.80446543,-0.028296127
5084,3.9291782,-0.99896196,1.8844572,849.6199,21.238319,1.7493485,0.76285855,-0.010550885
5085,5.9831258,0.42769812,2.2223826,1960.4425,6.9679194,1.7614151,0.75492462,-0.00069780541
5086,5.237766,-0.47781492,1.2786808,971.88877,12.708462,1.7289049,-0.4083032,0.016695367
5087,2.5985601,-0.17809264,0.98336745,881.47422,11.73249,1.5664603,-0.080376724,0.038432215
5088,5.3716712,0.84184004,2.153623,928.29568,31.659226,1.6286594,0.27231424,0.043545556
5089,4.2638892,1.1244398,2.3149744,857.93642,9.3481346,1.5533418,-0.19670513,-0.015774153
5090,0.93058091,0.055004209,0.3382895,1637.0271,9.1855296,1.6557469,-0.29196031,-0.01414316
5091,1.2835103,0.39359319,2.5595074,1347.4968,10.078552,1.5916147,0.68294191,-0.019156106
5092,2.3671944,0.13692963,0.91428065,478.88889,6.6226278,1.5281497,0.34932929,-0.040502406
5094,3.8041861,0.59137036,0.86146802,1881.956,12.985313,1.5004072,0.72675505,0.039191484
5095,2.4643505,-0.021051391,2.899695,1647.9611,13.141168,1.7863507,0.87802663,0.039826358
5096,3.571337,0.82016672,2.1918852,833.99135,7.647019,1.6271652,0.68962557,0.0059954984
5097,4.8817688,0.62584114,2.6672983,1217.7122,7.6536356,1.6247741,-0.40645864,-0.030337778
5098,0.59710172,-0.7971158,1.2353049,1176.9838,10.890116,1.4148714,0.34996068,-0.0099852287
5099,4.1548762,-0.24332576,2.7303475,544.99296,8.8088935,1.4101933,-0.62422321,-0.040336982
5100,5.2487559,-0.73741386,1.2582621,604.5899,8.1971187,1.4717664,0.88854376,-0.015414856
5101,1.7259793,-0.23985193,0.89816112,305.58525,26.456116,1.2547106,0.85582175,0.022497643
5102,5.118994,0.54187134,2.0583229,496.67656,5.5529142,1.4494502,-0.19203804,0.026056236
5103,3.6852685,0.52168671,1.2359868,661.03994,7.6361806,1.5274627,-0.77791963,0.034676138
5104,2.8654167,0.5722797,2.0303231,855.9949,6.4881942,1.5355673,0.50929696,0.039155491
5105,1.7632349,-0.25907091,2.189762,1440.4778,13.74373,1.6723077,0.70162791,-0.045346427
5106,0.13582232,0.14177391,0.58350394,1456.1904,20.143064,1.8424171,0.82377832,-0.021472941
5107,4.9712658,1.1665118,1.0565667,440.47821,8.7136245,1.3463762,-0.18386768,-0.038103089
5108,2.0807373,0.11567165,0.17062954,2219.8057,7.0223013,1.9216906,0.90354085,-0.035042338
5109,0.78967844,-1.1239212,0.71234976,3254.0804,43.331376,1.9598503,0.95557853,0.0043609926
5110,2.9205488,1.0682019,2.3573092,2493.7363,38.745696,1.6964808,0.3542052,-0.024337468
5111,1.1923204,-0.78420141,0.47243635,531.39826,7.2030085,1.2991685,-0.94202205,0.043874242
5112,5.6423392,0.50693533,2.1044465,899.3558,21.975737,1.4666912,-0.074442503,-0.023350968
5113,3.3525735,0.08365669,2.1487871,677.70441,12.083359,1.4175653,-0.27926044,0.0032926802
5114,1.1975499,1.003015,0.89002023,1304.3253,6.695854,1.796444,-0.74606427,0.0089610702
5115,2.6030586,0.24313329,0.3933965,272.51288,25.021215,1.218126,-0.29297247,0.015822796
5116,2.7084438,-0.64586974,2.3087454,1354.8829,6.5217313,1.6144027,-0.04230809,-0.016805094
5117,3.8544245,0.5574161,1.5792025,347.0443,20.867802,1.4073858,0.39985915,-0.001555025
5118,1.3832615,0.015894704,0.4110018,612.02314,6.171086,1.4881529,-0.16877583,0.0091665635
5119,3.6566948,0.83071768,1.7715807,471.77609,6.3507683,1.4758643,0.67934418,0.020710329
5120,1.1116895,-0.60109598,0.91147792,1156.4953,32.698568,1.5156583,-0.9369676,-0.025356308
5121,3.5556125,-0.16715822,0.57976904,1727.001,14.977589,1.5139675,0.69353404,-0.0024621274
5122,4.5308137,0.45193925,0.67845564,207.86231,36.618806,1.3004217,-0.42873716,0.007756243
5123,5.9014111,-0.70371624,0.70813517,2531.3388,14.859021,1.8737078,0.28010915,-0.0067836488
5124,6.0797947,-1.0752201,0.72132701,1916.1929,8.8423885,1.7465946,-0.80947993,-0.013408978
5125,4.8595526,0.68918577,0.85768073,1709.9552,11.245491,1.63805,-0.3581354,0.031997355
5126,4.8115161,-0.075376632,2.2151008,360.83926,6.5772922,1.5442897,0.097648431,-0.010917026
5127,4.2309086,1.0698997,2.892975,2470.049,13.794913,1.9658398,0.93583082,-0.0058136664
5128,5.2105765,-1.1779034,2.7039765,572.80998,19.294153,1.3883727,0.4310622,-0.045408745
5129,1.8183436,-1.1002523,2.373978,840.15173,41.246269,1.5501045,0.0386383,-0.030973458
5130,2.7058342,0.06644624,2.7950296,2366.0398,13.73106,1.9370377,0.9375089,0.0053060292
5131,0.25598836,-1.3702756,1.5769594,647.83622,13.522128,1.4702767,-0.90429514,-0.039551123
5133,4.7840133,-0.21201813,2.1239561,1213.0094,13.666503,1.6598908,0.35150772,-0.043394004
5134,2.5443128,-0.83414676,0.54216889,596.39819,8.1085325,1.4673768,0.65435482,0.0078633267
5135,3.0110243,-0.86624896,0.11234015,1485.7022,14.853439,1.6609509,0.30982416,0.033034766
5136,2.4810995,-0.85628836,2.7759197,819.41169,11.225037,1.5084063,-0.69730911,0.031701529
5137,4.6028706,0.85140574,1.4617475,828.54786,7.6454154,1.6066559,-0.38968439,0.02094858
5138,5.7501097,1.0207299,2.5623312,2003.3677,32.867803,2.0197983,-0.20816934,0.029714416
5139,2.5386734,-0.63265873,2.0652506,940.37457,12.1649,1.5458792,0.83958517,0.043451097
5140,4.6221828,1.1494921,2.7380535,664.7201,6.6490946,1.5447351,0.22862172,0.027844928
5141,1.2431233,-1.433653,1.0619815,550.91988,8.0415243,1.7032844,-0.55127417,0.023314782
5142,2.2045575,0.15161884,0.95594019,928.6527,25.476251,1.436076,0.40955172,0.026220741
5143,2.4819993,-0.045889297,2.8057209,1119.0227,17.421802,1.5503832,0.44114299,0.031965351
5144,6.1292853,-1.1417724,1.8056818,759.77044,48.644184,1.6159576,0.53127721,0.019125701
5145,2.8870393,-0.40627639,2.1329973,646.42533,7.3373328,1.5431161,0.70590914,0.043921992
5146,1.6578672,-1.2117186,2.610728,1121.8089,9.1588605,1.563255,-0.18190668,0.011464028
5147,1.6275283,0.26509412,2.3857809,1256.2206,11.771524,1.7692959,-0.69148099,-0.025030662
5148,6.0509948,-1.1600039,0.23175216,1460.9985,10.080373,1.7998513,0.81498667,0.030505211
5149,2.0413528,0.97840384,0.66548575,2115.7981,12.019313,1.8630837,0.25424932,0.028002417
5150,3.4686796,-1.235957,0.45244782,1985.0701,8.4888768,1.9405817,0.8811217,0.019284031
5151,5.7739406,0.17758468,2.9352362,1865.93,7.0884836,1.9060524,0.61047902,0.047363909
5153,1.3031952,-0.13083945,2.3550876,1140.2594,6.4015754,1.7099129,0.46059105,-0.0052047693
5154,0.024294509,0.0011938056,2.6565048,1604.0814,32.537897,1.6926907,0.45031334,-0.0036467797
5155,1.8130106,1.0164921,1.8173944,334.74794,7.0544879,1.6087917,-0.42270356,-0.013908049
5156,5.2155896,-0.52831879,2.5090466,848.86004,6.8780429,1.7486258,0.65044714,-0.021808139
5157,5.3374494,-0.14372289,1.4230453,401.08603,8.5923632,1.3348335,-0.76537979,-0.00067837536
5158,2.6245183,-0.92756708,0.74595094,1452.3367,7.8501312,1.4801181,-0.93322731,0.048234971
5159,5.184698,1.3134376,1.8012541,571.27658,11.593618,1.4137237,0.74557842,0.021872659
5160,5.3894366,-0.91387373,0.71244307,763.51049,6.8021256,1.6756722,0.041555788,0.040600054
5161,5.7148882,1.4376359,3.0439903,1100.4585,8.165597,1.6108047,0.77318735,0.013243108
5162,1.9509868,-0.41281316,0.39198618,919.20522,19.861459,1.7578342,0.20722523,0.042845825
5163,3.103453,-0.93883383,2.5511187,501.85658,49.487833,1.4953532,-0.14013149,0.022408439
5164,4.4779319,-0.53567976,2.0107636,1134.6124,20.676206,1.8583956,0.97690611,0.032213116
5165,5.4095493,0.33523059,2.3028845,2431.3981,35.890142,1.956421,-0.20418353,-0.034643008
5166,5.7632635,0.53219062,2.2101645,1311.8218,7.0801284,1.5902396,-0.6783877,0.016407984
5167,5.5730548,-0.07869275,0.69886154,571.53872,7.3259718,1.4525195,0.00095806794,0.049787359
5168,3.5082601,-0.13320894,2.6923968,1493.8623,9.4695164,1.7113094,-0.94754002,-0.012796266
5169,1.4470414,0.79131307,1.070632,498.32136,5.8465603,1.4353765,0.54021198,0.020113672
5170,4.9268725,0.38680445,2.6915248,1210.0822,18.392142,1.3732197,0.59501637,-0.01880774
5172,1.9506101,0.040407991,0.47655012,1458.1262,9.2471094,1.7105975,-0.61752073,-0.005343065
5173,3.8839553,-1.0808048,2.1129061,133.95444,7.5214956,1.3510047,-0.58565327,-0.025412324
5174,2.6390107,-1.0750762,1.0234145,1601.7089,12.42898,1.8108865,0.34879843,0.0048590627
5175,0.58227466,1.2712723,1.5439875,1026.844,36.056783,1.6717497,0.61192674,-0.045609573
5177,5.5193758,-1.0897924,0.38573923,1060.7183,6.2081385,1.6113629,-0.14145536,0.041529162
5178,2.1685885,-0.83711219,2.6844144,1640.1955,20.350828,1.8909228,-0.18920254,-0.016421219
5179,3.2630379,0.62658797,0.22845202,1102.3204,6.9209547,1.6180593,0.077654497,-0.0011050133
5180,1.955878,-0.50474895,0.9112334,465.05438,12.522211,1.607413,0.27852933,-0.02706114
5181,0.039088064,0.51160751,2.4319909,1875.1486,7.3264818,1.7690097,-0.6286813,0.00096003947
5182,1.1473218,-0.75089593,0.9303915,1616.332,20.94564,1.6285604,0.72377342,0.046662617
5183,4.969626,0.080566179,1.2089509,823.45231,12.032571,1.5476555,0.7711123,0.034346846
5184,4.4429961,-1.1486936,2.6738487,1851.4367,66.091958,1.6455541,0.73093702,-0.021510806
5185,3.6245967,-0.27922194,0.82649526,1787.9083,28.623866,1.8195993,0.92030978,0.0050921654
5186,6.2565008,0.72687079,2.6336589,1696.9984,12.48664,1.9675254,0.44206126,-0.035070475
5188,1.7576273,-0.28991329,2.5798028,2736.96,23.021732,1.8479382,0.91530027,-0.0018568051
5189,4.5851352,-0.67615135,0.60806523,1105.5222,8.6805385,1.6838974,0.68391295,0.010162774
5190,0.76554789,0.08295469,0.96181119,3299.127,53.94593,1.961585,0.59507543,0.00075400788
5191,1.6487598,0.99416882,2.4206824,923.67128,16.132139,1.5231412,0.47655158,0.032198371
5193,5.6632481,0.21304027,0.74572467,1660.6937,18.813651,1.8716876,0.15657565,0.022724792
5194,3.4741532,0.057421417,2.8046055,1041.2356,17.934038,1.6541296,-0.048864721,0.0026654712
5195,1.9034102,-0.40004016,0.48188278,353.31061,6.374644,1.3347913,0.84039438,-0.014216075
5197,2.3837578,-0.38895736,2.6184825,860.09388,12.087346,1.7067712,0.72667629,0.01838328
5198,5.1839841,-0.94339811,2.6980143,1534.7997,22.780964,1.6883855,0.98066208,0.005673868
5199,4.4169659,0.18300665,0.23200407,448.89727,5.8139596,1.3912958,-0.29787942,0.0086728943
5200,4.4925692,0.87507369,2.647695,1999.2177,18.953112,1.8521249,0.66705475,0.040483392
5201,3.7062485,-0.54265618,1.0452471,1155.8135,19.94651,1.5253679,0.58724743,-0.032856606
5202,1.1374583,0.10163895,0.29321037,1012.2629,7.5968735,1.6342737,0.310104,0.044293692
5203,5.7813491,-0.20471212,0.51260522,907.30688,15.156171,1.5856833,-0.82292989,0.044050265
5204,0.83423333,-0.5981217,0.24795742,619.56514,15.92968,1.6945315,0.92386623,-0.038041055
5205,4.8443143,-0.91423172,0.94839735,1694.7477,18.51824,1.7104588,-0.49663279,-0.044943915
5206,2.729064,1.2339256,0.94618059,738.04466,35.673152,1.4408803,0.8489205,0.037205551
5207,5.9190349,0.44768042,1.9656669,572.38187,37.875574,1.4815217,-0.60987711,0.023657155
5208,4.859843,0.52975309,2.8825295,1409.7786,7.7780585,1.6621944,-0.88991116,0.044696775
5210,5.1904744,-0.76194529,2.6513853,1821.6467,22.028534,1.5480128,0.79752558,-0.035983426
5211,0.26488374,0.67613517,0.40249249,484.07682,12.867101,1.3615258,-0.50663083,0.022442838
5212,5.3233037,0.15512669,2.1003572,1009.3238,8.3364856,1.7523629,-0.54729686,-0.023826039
5213,1.5272124,-1.0358335,2.9797546,1361.052,14.462993,1.727098,0.97400656,0.045414512
5214,3.2862975,-0.79551385,0.40216235,1095.094,7.7118546,1.5877321,0.2915246,-0.006854499
5216,3.3393528,-0.3839537,2.4453688,864.52938,8.538143,1.4172104,0.24158054,0.035840482
5217,4.5112101,1.1290408,2.4793077,2399.3066,64.337789,1.8294926,0.43217331,0.029819147
5218,2.3616427,0.55487869,2.1380902,1149.0015,15.545079,1.6346537,0.83385147,-0.024384025
5219,2.7483787,-0.080188306,2.1719733,925.33355,10.781426,1.6315302,0.014075809,0.0078488078
5220,4.9682077,0.80636346,2.5045972,766.52386,7.6877259,1.6535455,-0.70007528,-0.035738418
5221,4.9811416,0.95274794,2.1422501,873.20298,15.718307,1.616114,0.4497186,0.013590914
5222,3.1298751,-1.1464948,0.91064737,176.10867,20.911674,1.381555,0.076290257,-0.046626253
5223,6.1108607,0.58760638,2.2787371,2977.8186,19.380544,2.027327,-0.32153583,-0.00079591079
5224,4.2732172,0.86220281,0.54641884,1098.43,8.293472,1.6484966,0.52074261,-0.034399149
5225,6.2607925,0.22761651,2.7164212,447.89714,14.341453,1.2239992,0.39309596,0.028533253
5226,4.5305642,-0.77878984,0.92779844,1086.8192,6.4954981,1.6246338,-0.21399051,-0.021769868
5227,1.2651573,0.24718953,2.0486137,560.65703,8.1562406,1.5441601,0.41752997,-0.018680083
5228,4.817169,-0.34595981,2.5119832,801.5082,8.0360469,1.5058443,0.41522971,0.012157401
5229,0.46085494,0.61738888,1.1778237,184.46107,5.2466742,1.4172041,0.65885065,-0.0099392857
5230,3.6569326,1.0185735,0.8557968,1963.3532,15.763599,1.5808335,0.77743285,-0.027343773
5231,4.5212527,-1.287194,2.707737,1171.3252,18.401741,1.3986178,-0.66394643,-0.038797316
5232,5.1099712,0.24878785,2.5884847,264.90856,7.6051249,1.5800554,-0.24487374,-0.03612629
5234,1.3956213,-0.32958102,1.0726965,1130.5102,8.6405451,1.6765277,0.67938501,-0.0088322052
5235,1.7922869,-0.20637432,1.0133092,413.28176,21.720169,1.3776002,-0.30195886,-0.035403681
5237,2.3566233,1.0709864,0.82945419,769.85472,6.4957889,1.5981603,0.89240169,0.047450964
5238,0.78464896,-0.57631265,0.78472981,2174.1448,66.806769,1.864286,0.6096458,0.02941754
5239,3.4857665,-1.1108701,2.3429566,876.25992,10.746635,1.7414651,-0.032451164,0.029055228
5240,1.0046556,0.29876379,2.2091115,859.58901,9.1357393,1.5995573,0.15900855,0.0119726
5241,4.8970198,1.10236,2.1646713,2205.9062,59.375944,1.8459642,0.89752392,0.0073418044
5242,4.9568131,1.2537936,1.2046644,257.7221,18.242414,1.3180301,-0.60990142,-0.014488053
5243,3.7704734,-0.42465881,1.8650121,858.13837,20.64832,1.587383,0.77230506,0.038125689
5244,1.7244763,-0.42134246,0.87262912,1210.089,9.8244493,1.514958,0.15957984,0.047046533
5245,1.8934672,0.88613512,0.58839481,2011.6203,7.1881832,1.84842,-0.16115031,0.0035152369
5246,5.4337451,-0.078627329,2.4998943,1244.9134,6.7545458,1.6729728,0.21470294,0.04798578
5247,6.1780678,-0.66589501,0.28025832,1321.1523,13.619507,1.6142984,-0.26807869,0.021258418
5248,0.40235946,-0.83881871,0.58975392,849.7432,6.289495,1.4377709,-0.054358826,0.015755274
5249,0.46897217,0.96238974,1.0401524,1885.4478,16.734996,1.7369856,0.56851818,-0.048222994
5250,2.0644345,-0.37586796,2.6414651,3315.2541,12.212877,2.0351714,0.68388834,0.018883278
5251,2.0468004,0.6811838,0.23586603,1615.7603,15.368235,1.6917781,0.70012685,0.0023042544
5252,4.0627846,1.1508367,1.7292494,750.77664,9.0046009,1.5182104,0.21281283,-0.0015667984
5253,1.8848537,-0.33554549,0.5622537,1983.858,15.460351,1.8691736,0.11717711,-0.041947933
5254,1.9213431,-0.82970397,1.0027928,1969.0213,9.526972,1.7964523,0.83418204,0.029271999
5255,5.1242825,0.88063763,2.5047504,777.01639,8.2196018,1.4894178,0.1647885,0.023150193
5256,6.0081181,-0.16630166,2.7018927,1483.6072,6.7420091,1.7262679,0.088040633,0.013017877
5257,5.6894231,1.4558213,0.71853577,651.31909,14.896878,1.4641349,0.46873215,0.001535949
5258,5.980876,-0.74499033,1.8816681,369.10063,5.4271785,1.4208213,-0.026244572,-0.031255397
5259,2.6068066,0.1101125,2.7303547,1734.8576,18.060869,1.680403,-0.58043946,-0.013263473
5260,4.7983339,-0.52275893,0.64685102,1224.8814,9.420962,1.5097403,-0.71426618,0.02803409
5261,5.4505844,-0.23982448,2.5837412,1319.8039,32.333136,1.5511229,0.94785282,-0.010023675
5262,5.4434483,0.46999442,0.660086,780.19477,23.571821,1.6330373,0.44088942,0.022745386
5263,4.7222628,-0.50205967,2.564325,721.68643,15.232561,1.672384,0.18234644,0.049415
5264,3.6426969,0.7115923,0.35952726,1580.6265,8.2751074,1.7928356,0.21939226,-0.037395479
5265,1.2798932,-1.1116185,2.6820819,1683.6635,9.2906204,1.666198,0.66457866,-0.009314657
5266,3.7705445,-0.03399369,2.384436,2359.7692,7.5376264,2.0369991,-0.33373809,-0.042668648
5267,1.6231552,-0.411125,0.43315498,1466.7698,15.570492,1.8131183,-0.649461,0.029058981
5268,3.9332416,0.77916724,1.993094,749.9671,10.326082,1.502526,-0.6731187,0.02771634
5269,2.5012709,0.82434376,1.1281868,1349.6263,29.954179,1.8502769,-0.22072096,0.022410867
5270,0.56114243,1.1175021,2.5086096,1646.5619,53.647594,1.6808196,0.87126557,0.017464254
5271,5.4831459,0.26720512,1.8700804,1289.6076,6.7047221,1.8290252,0.25005876,0.039427729
5272,5.6017245,-0.60214003,0.3684373,999.79756,16.023054,1.6551255,-0.57975243,-0.026721299
5273,3.6882003,-0.90480839,1.0764029,636.85796,7.5462191,1.4226314,0.047596949,-0.011068947
5274,1.5408107,0.23720352,2.695856,403.01819,9.6149527,1.5470466,0.69205976,0.015073407
5275,2.7890971,0.46830564,0.33034447,481.29037,7.2072391,1.6138098,-0.34543642,-0.031741573
5276,5.5708389,0.15838027,2.6225825,504.5073,6.3803366,1.4523469,0.4610317,0.034643441
5277,0.46934272,0.81445721,0.91159704,741.35488,6.5941615,1.4649085,0.18548396,0.011152833
5278,1.4574244,0.99135642,2.3640317,1771.8488,24.366232,1.8683217,0.26857335,0.0096746372
5279,3.7563671,-0.62374682,2.8094452,1330.2459,28.278187,1.6960755,0.513962,-0.038236383
5280,4.451365,-0.21425258,0.24771787,1338.3959,22.014359,1.4320819,-0.51757859,0.046798239
5281,3.0854347,0.686301,0.49268129,1860.5169,8.2891119,1.6690709,-0.45201232,-0.00097531839
5282,0.27612347,0.016358991,2.3853233,440.43637,12.775273,1.248331,0.004977411,0.025947869
5283,3.7261085,-0.068940717,0.52589595,913.50764,28.153925,1.6861981,-0.38120586,-0.0030219136
5284,0.25665902,-0.8754779,0.45200533,1680.1682,9.882794,1.8327051,0.15332103,-0.046204784
5285,5.1503116,0.54479098,0.98731983,397.76047,20.470711,1.3878851,0.066127669,-0.030003844
5286,4.7363986,-0.72752319,0.5111637,654.21127,43.780581,1.5189267,-0.63483991,-0.0049770195
5287,5.8648609,-1.300648,2.149156,1546.6878,30.346043,1.4543501,0.28986101,-0.012527496
5288,0.24518171,-0.49111967,2.8987146,2206.0523,14.383554,1.8558385,0.79252708,-0.013280525
5289,1.3241364,0.4051678,1.2884849,558.01732,16.723238,1.3611019,0.47263463,-0.037172237
5290,3.4679016,0.88867836,0.77779334,1894.3981,10.435185,1.7467035,0.78357072,0.035078179
5291,3.0120116,0.40370018,2.3845487,819.9648,16.784703,1.4849054,-0.81927256,-0.032986081
5292,1.1042175,-1.1349906,2.7582873,2520.2187,12.66113,1.8961606,0.87313717,-0.021766604
5293,1.916609,1.0346906,0.84138702,518.8687,28.707737,1.5001119,-0.76060918,0.010645594
5294,3.6506796,0.4898968,2.0752833,1104.3409,7.1797402,1.6491138,0.85365072,-0.027188968
5295,2.2665536,0.3149744,2.5531527,2316.4668,10.392493,1.707905,-0.77485567,0.017990429
5296,0.0045425406,0.83094724,2.1949846,878.85986,46.790247,1.5052388,0.027584379,-0.030221193
5297,2.5758771,0.16884219,1.3351805,286.11316,6.4178319,1.6232352,0.75241972,-0.047158537
5298,1.0681285,-0.81435409,3.0402207,1349.5928,16.507509,1.5668728,-0.58628102,0.0014209094
5299,2.2438839,0.61569557,0.40354863,2239.6314,13.173186,1.962066,0.52015034,0.030689182
5300,5.7868753,-0.25853942,0.69976118,1401.8778,12.890005,1.5584757,-0.1310159,0.033088221
5301,5.0258269,-0.16828149,2.6398772,998.96937,11.159518,1.6015541,0.15345055,0.034940646
5302,0.86954928,-0.10440599,0.35868253,868.43891,33.747224,1.6976479,-0.12156359,0.0095615244
5303,4.6336846,-0.64070835,0.21682031,1181.5403,7.0314984,1.5999253,0.39548276,-0.03056066
5304,1.5567643,-0.62953323,0.52352659,1101.9739,26.171338,1.6113661,0.42857072,0.020924168
5305,3.3693854,1.0482619,0.48079452,978.87291,16.87555,1.434713,0.7372107,0.021184356
5306,3.692182,0.65307858,0.44907963,1490.4771,57.602333,1.8949318,0.60015949,0.033045236
5307,4.8119274,-0.39458328,2.0819878,952.60155,10.896622,1.7827062,0.16325474,-0.014338162
5308,2.3306943,1.1929571,2.2299468,1744.8168,29.509015,2.0007925,0.83959332,0.0064746678
5309,0.57763003,-1.0136205,2.416162,2347.2716,9.8109068,1.9698699,0.97606963,-0.0029039519
5310,0.66638368,0.12115735,1.9828529,469.54836,18.773817,1.4370509,0.91234002,0.035533133
5311,2.0245684,-0.8920042,0.24460924,1939.7564,23.544989,1.8558014,-0.7654076,-0.022253984
5312,3.3214202,1.1302591,2.8695997,1973.1411,44.539331,1.6272437,-0.29858059,0.0055705183
5313,5.162667,-0.72693954,1.1493698,1270.0011,6.8571025,1.6912224,0.77346066,-0.03987458
5314,1.9669734,0.26128753,0.25593188,1925.3322,12.482246,1.7812859,0.7585834,-0.039835991
5315,0.47735131,-0.024677187,1.2957218,492.74696,5.5612484,1.4946295,0.98206992,0.01219264
5316,4.3614332,-1.0797388,2.397988,898.02385,7.9845964,1.620183,-0.95610932,-0.0077586606
5317,3.6251812,0.059796183,2.8695921,2045.7821,14.228643,1.7125556,-0.74059436,0.041379302
5318,1.2532542,0.81279334,0.48563738,1466.2818,11.544886,1.7479104,-0.60339001,0.048930674
5319,1.3754545,-1.3070781,0.79476913,1313.7541,11.712322,1.6107511,0.95503406,0.014243612
5320,0.55963628,-0.86253182,1.0409835,999.37629,10.613162,1.6400504,0.41329517,0.002393589
5321,1.3915507,0.24060976,2.8686476,2069.6509,17.311238,1.9425501,-0.90553425,-0.0089041297
5322,3.5472408,1.249654,0.77479945,1710.5408,41.992142,1.6873687,0.86853672,0.041077504
5323,1.9499489,0.0098063234,1.1571657,683.44055,13.118607,1.6170751,0.84523985,0.049860868
5325,3.1475064,0.13938162,1.9782449,773.34494,9.0654182,1.678512,-0.94221483,0.020093106
5326,3.3343743,0.31552404,2.6214684,818.16677,7.8852207,1.463186,-0.14985934,0.032177958
5327,0.25782799,-0.47634045,0.72196888,1149.3238,10.791157,1.6987654,-0.40526003,-0.0089862654
5328,4.9810909,-1.284801,0.59423084,1202.9603,7.0032323,1.5831451,0.34904551,0.012812011
5329,6.2168294,-0.76067749,1.2650634,854.28903,6.5744247,1.5959549,0.29131456,0.033667744
5331,5.7139919,0.16620505,0.5103916,747.69546,7.7456137,1.4931224,0.54772124,0.048425693
5332,2.3155577,0.34773989,2.6120751,1139.1132,11.920192,1.5828733,-0.31369516,-0.041014786
5333,4.6618399,0.97378919,0.70790364,2619.8217,13.63935,1.9906171,-0.88319012,0.0060016881
5334,3.4484619,0.3706878,0.62598493,2404.6777,10.04054,1.99397,0.1904326,-0.0083557767
5335,1.6298072,-0.67921966,1.10544,1248.8409,43.805378,1.5541567,0.15337489,0.039426592
5336,5.9368008,0.011704613,1.2463913,491.09325,6.4804293,1.3864377,0.43550321,-0.015668067
5338,0.71565656,-0.91421145,2.943585,1551.8192,13.406218,1.7385607,-0.51544783,0.02311576
5339,3.8763891,0.47405264,0.73147904,874.91184,15.296243,1.4198386,0.020572146,0.038777931
5340,0.55011284,1.0365307,2.5418881,1899.8849,40.903084,1.9119212,-0.5132908,0.022728487
5341,2.8512848,0.50437753,1.0777658,229.27465,12.261596,1.3853305,-0.40661961,-0.027732474
5343,4.4367369,-0.48365133,2.7764628,954.97195,7.6735564,1.6711289,-0.40326921,0.010581414
5344,5.0576409,1.1637741,0.13730464,1995.7962,29.674184,1.6540864,0.58507213,-0.017769421
5345,4.9548128,0.27374694,0.94763614,1029.0002,16.948702,1.5317665,0.11339217,0.037669105
5346,5.9418306,0.47244868,1.1927967,867.71759,12.763949,1.5020579,-0.83904333,0.049197728
5347,0.16671792,0.452898,0.8037828,1332.6193,11.713705,1.7895981,0.23625974,-0.037147838
5348,4.2430728,-0.78823724,2.7306793,225.37272,9.8718796,1.4515206,0.14882418,0.013600061
5349,3.1863991,0.54176321,2.2786123,679.28818,11.794004,1.5848681,-0.74480642,-0.036406108
5350,5.5559678,-0.2972945,2.6477203,1982.1174,27.349303,1.8232048,0.11118058,0.0042914948
5351,3.0043938,1.259747,0.57980311,1785.75,8.6780105,1.8863529,-0.51697309,0.021252903
5352,6.2536759,-0.83475917,2.8565061,1396.8686,9.1139894,1.8681976,-0.086711022,0.024947466
5353,6.1121411,0.17602405,0.20726827,1374.9861,8.2408744,1.6995025,0.96331537,-0.040681362
5354,2.5519244,-0.55979018,0.61269256,862.89275,8.7321895,1.5262952,0.17395869,-0.013382277
5355,1.9202957,1.0323134,0.3213335,1918.6232,14.524058,1.618097,-0.980205,-0.011251289
5356,4.6350322,0.41862321,0.69421668,1423.3681,11.058806,1.5824686,-0.55467927,-0.0045363258
5357,3.6897673,-1.1528275,1.3200809,362.68334,12.163528,1.4950117,0.75216251,0.042317802
5358,5.2395633,-0.58681691,2.7888116,1449.9195,17.716425,1.5770966,0.24030925,0.049602651
5359,4.4237171,0.64337471,0.41287269,1909.1023,9.8937272,1.8049222,0.40146353,-0.036621002
5360,2.0918097,0.93950479,2.3409213,1698.9863,18.999686,1.8099506,-0.76319099,0.027693364
5361,6.1537469,-0.96084487,0.3425388,2860.6042,8.7402282,1.9673452,-0.28418653,0.030963468
5362,3.8818263,-0.13924216,2.7739184,454.74324,7.5304707,1.502952,-0.093837531,0.017229799
5363,2.2802062,-0.086171203,0.73769513,1094.8625,15.420029,1.6584452,0.076767559,-0.026667372
5364,0.13318762,0.25468167,2.349827,911.76065,8.1748267,1.5341152,-0.64693068,-0.01669602
5365,4.7188532,0.98432204,1.9907104,836.11,53.173787,1.5021327,0.56667934,0.012559219
5366,5.7756583,-0.87924212,1.834696,495.89198,11.022366,1.611269,-0.5599596,0.026386172
5367,1.4420572,0.93780255,0.76877988,364.2854,12.592182,1.3944554,0.76119475,0.045940887
5368,4.4832663,0.41366725,1.3520332,622.00179,37.421537,1.4518735,0.91030048,0.032842649
5369,4.3956925,0.61219489,0.53682631,1236.7187,11.036242,1.7882166,-0.60575588,0.029422267
5370,6.1275479,0.11740216,3.0776217,2085.6754,44.906699,1.8461682,0.9455639,-0.049526719
5371,4.6579974,-0.29820355,1.6998687,485.39902,6.2908723,1.4518073,-0.28447212,-0.0060412284
5372,2.504414,0.8699236,0.63968739,640.86289,45.744349,1.5844189,-0.78577906,0.044192421
5373,1.6978035,0.71441544,2.5080897,824.95262,6.6467929,1.5384337,0.86545046,0.035129379
5374,3.5127957,0.54598344,2.3838709,2111.4743,21.432364,1.9009117,0.4282304,0.042481374
5375,2.8431501,0.72563758,1.006397,762.69752,8.9004354,1.6361995,-0.34522622,0.019702045
5376,2.5209607,-0.20061672,2.6253447,1668.7624,21.107691,1.811029,0.051742014,-0.030739241
5377,5.3490394,-0.96024427,0.57058182,1514.4363,10.034541,1.8251973,0.46835544,-0.021882866
5378,2.7788527,-1.3181958,0.85497855,3015.3275,20.30464,2.0137512,0.794996,0.024865712
5379,1.1321478,0.37654914,2.5567356,1728.9906,17.754286,1.6965602,-0.18065604,-0.0015531486
5380,3.2092915,1.0788134,1.6263807,285.40931,7.4007561,1.4405734,0.60241839,0.010042327
5381,2.019495,1.2617122,0.88015902,662.39873,7.6695567,1.4247544,0.37344491,-0.027272938
5383,0.87114584,-0.59312861,2.0687506,1185.515,32.602587,1.6613318,0.39936537,-0.00068825973
5384,2.055487,0.041060739,2.2324889,2573.2182,71.004233,2.0483983,0.9323179,-0.008592118
5385,3.2655563,0.62943615,0.58622051,2309.0863,41.824955,1.7681952,0.90364509,0.033933395
5386,5.9872338,0.44271782,2.4414969,882.52936,6.2466569,1.5823776,0.87378336,0.04463426
5387,3.4348009,-0.30319512,2.0249083,1215.6106,13.716247,1.700565,-0.25603889,-0.01770115
5388,3.955385,0.56844314,2.9104405,1580.3813,6.6202559,1.6970991,0.37703851,-0.041020593
5389,3.6794695,-0.7823543,0.48313929,1076.2773,6.4293587,1.5850549,-0.89242999,-0.004949863
5390,4.3946343,0.81181966,0.76871343,1530.2416,7.2251217,1.8900425,0.76728174,-0.0070480434
5392,4.4176415,0.49971208,0.18208581,738.33037,5.7924131,1.3870645,0.69312904,0.01230314
5393,4.0584102,0.063366739,1.7909597,638.04443,8.6638305,1.5424172,0.30724663,-0.0034799655
5394,3.5826502,1.3611367,0.85842368,1717.3113,11.806024,1.8434623,0.4534435,0.037451507
5395,1.844584,-0.66243968,2.2742986,962.89884,18.356618,1.3702367,0.61800032,0.044928416
5396,3.7320494,-1.0112235,0.64350625,1633.2265,38.364859,1.712926,-0.67365109,-0.04170088
5397,1.1456854,0.69579092,0.61924811,507.48979,6.9180337,1.4364652,0.68806557,0.011697949
5398,2.299176,1.2905539,2.6713475,313.90931,16.739676,1.3666061,-0.60559076,0.016031745
5399,5.9547303,-0.76654199,3.0944638,1747.5613,7.2408178,1.771477,-0.95149193,0.035827021
5400,1.6248567,-0.16559095,2.8685825,1003.3808,11.0594,1.7146493,0.60071381,-0.034176766
5401,6.2007575,-0.88932692,2.7358064,1043.2199,17.080676,1.6439243,0.8103349,0.046830205
5402,1.2950829,0.88699426,2.3865069,2056.0326,15.606916,1.9606767,0.66121923,0.0080459623
5404,4.6381601,-0.011717891,2.045888,411.26642,6.5018072,1.4587126,-0.14948111,0.036208318
5405,2.8807027,0.80257999,2.1834135,815.65827,18.893402,1.58794,-0.1737176,-0.010249394
5406,1.0040543,0.82043244,2.9578613,2621.4245,26.357409,1.8729764,0.24336418,-0.039293727
5407,2.5244733,1.3053968,2.6581954,1393.1053,16.74787,1.7209984,0.41257788,0.027330689
5408,0.51325207,-1.2778729,2.1540361,184.86263,5.6707245,1.3083461,-0.63493882,0.030942355
5409,5.3864417,-0.32853188,2.7498988,944.17428,7.0412918,1.4719686,-0.83005211,0.017847257
5410,2.0964815,-0.69966051,2.0821077,1155.6152,8.5039479,1.8448046,0.71498927,0.020079376
5411,5.3618563,-0.51880884,2.2479622,1908.8949,9.513063,1.7346839,-0.7320868,-0.023829892
5412,0.89308267,0.7734079,2.6193934,787.14176,8.4926949,1.5239581,0.095671219,0.035049397
5413,3.0953391,0.040639278,0.45077346,1193.6129,6.3850831,1.7255833,-0.22549487,-0.041696014
5414,1.2255845,-1.2382514,2.2433244,736.65307,7.272703,1.3525147,0.12849197,0.04472184
5415,2.9450551,1.1659828,2.0935585,1568.6904,49.50377,1.6695515,0.60068144,-0.03810686
5416,2.1382719,0.99025065,0.12251494,1650.1008,16.7305,1.6197703,0.59622056,0.019448967
5417,1.8664344,-0.52638567,1.046183,514.09143,6.3108776,1.507259,-0.41381684,-0.04328259
5418,5.1598068,0.14630107,2.9322773,1086.1612,9.5450742,1.6110953,0.44982041,0.015994531
5419,4.8222442,0.27980194,3.0431595,2296.8341,33.404628,1.7929411,0.16176995,0.022245399
5420,4.8878828,-0.84108108,2.1087451,1139.5187,33.748876,1.6215518,0.84799761,-0.032600014
5421,1.7321932,-0.34683905,0.49347469,525.10748,6.6612194,1.3833098,0.73222835,-0.0049297678
5422,1.2733558,-0.84750867,1.7876585,1035.656,6.8763184,1.6126219,0.74190708,-0.048113109
5423,0.63875971,0.46458939,2.901249,1165.2655,9.8146249,1.6412004,0.34314414,0.038808386
5424,2.7605952,0.82911873,2.0455392,445.02856,7.2284169,1.3829236,0.70467737,0.031811793
5425,1.9240387,-0.88200981,2.0241497,346.6682,31.415537,1.3191167,-0.23673532,0.035469955
5426,2.4626702,-0.038376962,2.8182691,988.35217,27.023527,1.644864,-0.77419324,0.03313574
5427,3.3088188,0.6851194,1.0002337,990.09076,7.1258381,1.5330721,0.81979747,-0.049625688
5428,1.7602996,-0.1226331,2.8766098,1401.0254,7.3577892,1.6887112,0.1507765,-0.047666673
5429,1.7172891,-0.94348832,0.78012507,1233.2046,8.2287358,1.6266362,0.8327457,-0.021020889
5430,4.8955616,-0.057366249,2.2563717,768.37864,19.220401,1.4311048,0.69885785,0.014633186
5431,0.054387302,-0.13033922,2.6771662,499.22962,25.264719,1.3595546,-0.41551258,-0.01437966
5432,4.0216939,1.048652,2.0470533,754.07395,7.0773004,1.4821636,0.38405605,-0.029832043
5433,0.15623414,1.2600054,0.57322797,579.67033,6.5466903,1.4182158,0.58179891,-0.027760964
5434,3.2555103,0.24788593,0.83311267,975.90299,6.4268983,1.4043404,0.13000997,0.032241001
5436,2.163984,0.39312747,3.0710445,409.60423,6.1357559,1.5133632,-0.15693833,0.048119356
5437,1.5388458,0.45493104,2.4845999,1049.6025,9.5200762,1.7059315,-0.80368633,0.034076969
5438,2.5219877,0.7660939,1.4548554,983.39478,25.036946,1.6238686,0.64499569,-0.0043817469
5439,0.33366909,0.89033282,0.41481405,2308.9876,15.169894,1.8124001,-0.86736536,-0.012954569
5440,1.4666255,0.4863149,2.1632983,292.92411,7.2174495,1.3596,0.80537852,-0.044378624
