distmean,diststd
605.0575296404274,161.51988437875238
924.582721186636,304.0435731875348
671.1771262908619,215.63357916491094
145.3525909859242,30.504837348687186
671.1071221174445,165.9965231159933
1063.8104562968067,358.6601348729539
1167.9079349767744,388.5480064955879
351.31880710784867,80.28593130134222
532.1589133049379,186.36719503922362
763.4213458733313,199.29879335368983
309.70955785838623,85.87040777375188
590.6439716926473,214.83107974237763
775.4514172851484,283.46030346586343
405.83928231543825,116.24165158351586
550.8125752102667,190.86649796592803
790.1422359023165,239.37597252324497
335.9312334798042,80.94763457945129
620.8003242740585,206.1197123059084
267.4390877204215,95.54717017544586
1184.0767149529872,327.41143773224087
840.5327243003253,277.4111971511298
640.4578107462611,225.38716720012678
809.6488706700075,220.7263097487064
664.9583110917056,230.1374529894483
939.1539168672291,331.0908947001514
409.75504065625944,87.07276538023612
449.08971232796296,114.0953591185007
475.9947715109872,149.73521266757348
475.2683192705008,121.07526325944418
952.1353879363396,326.33610500625286
1118.45675636255,334.13235638404296
359.72822257339743,68.62516209937604
1351.2667065225646,456.2090066447132
513.3265904218483,140.03846902006276
646.9515876281766,265.8257707280515
1214.299764030356,403.1116895278634
830.8693254569076,220.0869276208442
461.1015696902563,115.21766490209274
778.1797588353559,243.56497049896325
871.5425061785776,317.8242078416944
681.6694234923616,242.66536119326108
1121.8511240503847,332.3062665591193
975.423182336893,276.8975983314859
641.9171696531861,153.7171610621339
797.9416741422936,244.1812096919081
1122.847775280306,335.9245427576866
410.96950454778994,85.26160242443093
771.6249768453309,202.5188124784981
986.6978746990678,284.7227420536145
680.4202616497626,197.86841323193855
414.7969527665599,100.14954042547453
921.9793466640955,248.59488989700284
869.0725795922984,303.1771101502035
714.3453209986369,226.86419931208306
705.2157960459842,284.2434336051125
790.2877000517024,213.501641718478
1156.7860634103627,380.4765811408984
484.5427076143178,148.33580427892107
1285.286481700939,393.00263095027185
647.7740994704418,170.5136114502558
1246.756085791399,383.2031846282265
899.4440351054532,249.17528911077972
930.6575302004105,285.5882318361185
688.671055240981,243.1536533627863
748.5332159195755,233.905545165919
864.781269609,262.1987070051876
1089.3213211085858,324.52628233357837
738.5828617481078,216.98996958771954
391.3095792767476,107.19895335611737
768.4697852235565,254.31857200178575
356.83637482686083,118.22834137213881
474.0888744152403,157.93066546127926
531.7339471596781,151.69977280533527
159.0485897644988,50.65050319043484
336.39913982665814,73.39034020871068
637.5551769464073,155.7715585013471
1130.8715702269906,408.27645231354984
618.3615542041964,180.05715564644964
534.7217920078461,145.9299046710423
654.8080558846054,181.75996897557704
296.37003555079207,100.10913626951472
787.804035715682,278.00997975889874
641.7640073259612,156.76501267375508
708.5708051076099,222.92539503303036
955.567326658239,292.869297714171
738.5910657318309,188.86918033313637
862.596398817078,291.371404530475
859.9343170921229,279.35779224384345
1300.4307197230678,467.8113080356506
1037.5573234298083,324.3849962369485
629.6015870868229,203.7628760991725
745.5382789530033,267.6723074890014
189.33875609569625,46.15613667521743
1316.921212885667,447.26746461973727
1557.9855946485748,456.37932465668615
656.1351890451613,199.4043719065037
1070.7956740969753,413.670326518445
839.4689109932882,309.2252854930298
100.46345113243973,20.001764075764918
628.4401674047201,140.620686365108
805.2785215398815,230.48981121035283
541.9627231312725,186.39161220056613
307.6860848789315,98.2144999092604
1038.894635024697,328.52798673115956
731.227059701351,231.99390256618148
744.5692269442343,261.0078372145858
577.6666026949349,161.91018709975074
1223.9575357090453,400.0978406584621
463.01501885506923,133.69220887629754
454.0869389630336,135.37961355418471
740.1530513487908,198.62989540549665
763.6886585434921,196.47193696581695
1141.9276257047927,411.28588839804814
478.36049445418195,168.85811151478006
623.9385909706787,152.51200397384935
818.0940629543928,227.79131450427786
1458.790835797825,493.0805707577278
554.6006090915919,199.73210782960393
1077.9547532109902,311.6674349460401
968.8267874831515,263.23852297538025
593.7029946017668,211.06102194628167
1039.9582053221147,403.83414187190516
1078.0106276484664,311.5862341588177
498.7756514260006,154.13096300438684
320.97204627431734,63.95233477598884
516.0209960260717,129.41448575595237
499.7970969126455,115.12639753190408
687.7788840942683,244.28204100984584
429.01160432449007,144.5226856816029
537.0571331686693,130.00870224024894
189.23808621097598,36.44541479533652
289.38155138803785,72.56748250456249
594.7602879306031,177.50165299122537
1077.3116093065819,322.97447764393155
653.359255889952,145.29116212322305
595.1581351092634,177.206361716489
205.69875579882796,29.39353949312375
657.2359760236432,170.1799617436809
749.6966451814452,195.00603073710926
656.0946402961955,193.07585365950152
584.0033384415674,188.490756053746
1020.0685592920561,308.1788153129426
205.90918901247164,38.41750269909569
626.7210674862483,183.9712941438963
418.4313809749895,144.56908498028673
598.8245275507587,196.5655696409241
517.8406292172674,184.879111431678
480.9249397279531,133.78130736738703
120.50342837889232,37.83771516984638
861.3050252828771,224.1888300269659
759.6455981521144,227.2420786151258
716.5010614220591,253.56864238522735
212.89167561849325,47.96088931357767
946.6936280581601,310.3293452389314
265.7425607070192,68.37023977743995
835.7066254828139,236.24723318134224
941.6858193874283,344.3758303717558
623.0880232375002,188.86817793773446
1239.1252730120573,364.9782794510964
948.8052741787596,275.74309562634585
645.8811391204893,195.5565370737546
876.6724408168111,300.84020124222064
682.7462387362264,259.05196145051815
1339.925544763969,411.3869434884311
685.6823492520214,183.60439051763328
652.1802858180148,231.74105376720604
972.6556626216802,305.24220658286765
916.6865292750011,328.08023779458205
680.2823394076835,256.7139601756585
892.1859153906763,300.75815083648166
457.649202626277,220.80732309785554
1153.2546374158474,377.8686955645109
411.57161392345404,130.4766906682531
162.74368875130688,48.829214763377244
908.1989699419103,310.6172409788245
892.3825468341863,281.59062522878554
505.54915429978894,147.573954522606
364.6949185081715,79.63250397336259
481.02690281279087,128.2081966819908
625.5392976319374,182.16332686713645
774.0730412290327,219.24982304186315
166.36030544349887,52.02158339368108
514.6590793662095,139.49232521714998
888.6269615880142,296.5845738800481
504.12281290928377,142.7600244839157
671.3667581536531,205.79266244753396
770.6321052745122,188.6838658966579
556.7333119425494,240.89246468620985
393.8863659496288,74.4450039132188
719.4975851964467,269.11804632683646
841.6569773599676,270.5971385649102
291.195365034957,89.14257799350267
1032.2027959595885,307.09309406908767
480.02497517984204,108.12276419487353
1487.721028587512,443.3663433940418
359.2016114497439,108.8876579461559
222.89896453630485,49.09279337801305
477.5478817569456,136.7220509560378
344.908945052286,89.76555935266208
696.2176707596587,250.56394491831028
630.4407516355755,238.94036880693244
407.95375225405235,97.71152067011046
1184.3970238009142,458.9412050485142
1174.0853413643504,402.6564988183811
1021.6280234274684,299.8265518473069
706.392270481236,207.94173221163413
446.9701793756635,114.83099473323463
785.7048728103293,207.1496604502743
182.45311042985762,58.57700356559701
865.3893996464575,366.5532559660643
273.4052595885702,75.20523349673142
861.1861442686202,326.53213927459325
365.8601965391048,87.91209552209075
1166.5591564301135,367.94577412645197
1238.3196678586723,357.66338543182144
373.1103129628876,109.83429679744174
357.5481312085107,120.652601117542
569.3278737703158,173.49365676510058
632.0510441322386,154.68141063983828
605.9228331362319,192.68058741321806
299.78623945817844,61.21670795540163
325.57080785423784,104.79589629904157
601.5173028871966,174.1321428172193
157.5352097391491,40.91680073270712
1069.5577289071834,343.35100103262295
729.9588328027348,183.98844222834484
689.8914542260404,234.79904342869085
387.47528316448,75.92409918651396
490.40782961215564,119.782234250537
673.659061931505,201.6765701269332
562.3748334290071,241.50900104097192
740.6919886678904,193.63412541353932
415.5412816444679,94.94367980154377
903.9988351023337,289.89712347437546
523.8390921063667,144.52310136248508
788.1037742067545,285.77390778550887
739.1038899159914,224.51794079867437
347.3223280457408,98.30715892632631
895.455572777366,250.04866550994322
484.34276066786344,194.39634620440384
1012.6406145021608,342.7179858145935
530.9406393968677,141.58612122091003
723.2366110405042,239.26001064810382
219.59314737341575,49.901725347572544
303.96079827996266,77.65467246180901
531.4620925305468,146.31719314373652
1129.8105074505902,417.5135294942919
1014.0017822394667,388.3210019922982
982.0621173603276,343.7571029520868
212.62712040908622,49.96979122560306
357.4830582116301,106.60327779712209
476.9809286476999,166.43741430289683
545.433205500629,127.9496740321322
533.8816730568507,139.02967992544774
241.31962212207952,44.96207982432067
479.61443963631325,121.18616987881407
861.8671185730415,238.68310825862483
666.8221882225611,199.0848929945157
850.0226579810312,235.96919154976575
668.9406101365124,270.27083577587297
1292.9418215425392,441.94203341417364
405.9863912561265,86.43022301577275
282.5106569134186,71.99973522830507
1030.771031580372,341.1249339487555
475.7482240096423,147.6707632614877
886.8437182963468,261.471943090343
824.871580575081,251.4371106001433
536.5260077929711,111.66427093652288
659.7129380421544,204.8486361072016
781.2081208011751,257.06724113428425
660.3070290573859,181.2302473691104
578.2239698286319,204.77919608043808
336.62345113845646,113.5419655668898
949.8574535634341,371.53109923668814
332.41073005574896,56.751798601272554
506.44308046764803,146.43591051629446
1249.6783958973663,436.6900138803771
468.4850651392571,134.44464037393755
1034.2016359360823,318.5757183939611
479.4940500149164,152.77410189229752
639.9711225978681,269.4699790255434
623.8502939968164,154.15919004785576
826.6716677650769,252.0033689085353
1290.5257845847318,362.61450897655635
624.6534143326983,169.32509477962583
401.45239777632406,97.11883878587622
1077.0557077645503,409.0607812516088
222.06199799303602,50.86922549890662
334.3087331918538,111.26757227413191
533.8765062164746,135.44135786931244
1457.526925234238,421.36385620000686
1497.5528995098248,424.88357352901835
714.2162115710223,181.15241448890103
635.7039733016695,243.59496927798875
133.41489464386615,22.12637001603398
801.8995680690557,231.99708093104545
484.5552712343178,113.2931875158014
1359.0086206453227,413.3855991618015
509.77343682942956,109.05020237735687
1180.9632204639224,326.45627604637275
422.4758584864608,113.08495723040234
572.2268572875792,177.1131175661263
423.23540050310345,121.53088020554641
484.9292093082362,134.10238293536375
579.1712610620909,147.89852495427266
1122.130745331125,387.73447540038836
72.8389781202195,14.404281466610792
1213.8371043934956,354.2736036687707
790.4885693384501,267.11774351161694
819.1615753465378,260.8473693840443
462.09892818367905,142.32971222781757
836.4508399611052,247.86731855362302
738.8702995645683,251.53580224295055
738.312835610154,243.4820372297212
588.1812292218175,156.5162810564107
546.2767487252805,207.6158014974167
857.320187275179,308.2199244460376
752.5464065285757,290.15729339523295
717.3487578513267,251.16274532722986
575.4604006970069,215.19199479676993
625.1875002536012,193.07486793274236
733.1444011046918,209.4342811139004
908.037589247698,332.77069730937944
866.9052550615842,287.83942079065395
396.5491701611343,90.80408887669434
1195.2842189867642,427.8327020179781
389.9628768756432,65.63222070637477
779.0216129249067,283.80270175470736
344.9214946429142,111.56631691663205
1485.5840948232903,434.50713355841964
866.0122272655138,283.61385273357035
340.0274492255787,85.25209961263421
1068.8611873686011,315.9412900016709
307.52350830212265,78.13177722981148
445.29638582268564,118.29335729298775
863.5172709725593,233.40657343875492
228.13290015998282,39.67686627068237
997.972140821337,295.0414077075901
1137.215009421087,337.7282261527106
893.3708032653649,242.59744387792523
738.6192599712385,239.0440103127154
706.6791677799808,258.81576251630133
470.257936729303,96.92768784208242
1296.6067126501532,377.53249144565507
816.0014541817405,220.0442089852746
597.0216193666654,214.90118659012958
642.2119586143739,180.06915494011773
659.73816778104,211.66833517677722
380.41843077771955,103.66819366517238
518.264777074515,144.8756430512766
755.8896152757957,280.59454812164716
703.5887370405135,213.70675905786786
353.8172429122022,86.05668359700017
938.808449696205,483.1522095503701
933.3566304838172,266.62381109950104
221.86081030385515,48.679025294548765
1227.8592660337592,393.91088462702515
664.3828693761626,188.24099521948256
564.1467081544997,189.96033446201557
928.7755109579837,250.10610921039157
875.4327946170183,261.833092447954
492.5189544716178,107.54904925381844
695.7363641771171,208.56703939997797
685.505513063918,226.6261326550788
861.5679930632654,323.00727521182137
872.8578563863238,336.83478173817525
866.7435558239797,300.6142732659705
653.0973174930757,192.10077912327827
857.2340346510532,236.0442279162398
1076.641111735285,370.9469803992132
1298.9415754879794,425.7130372245731
631.7302366816236,192.31243086153572
913.6555031834047,276.06640938248853
644.2888085295937,140.95327357962213
504.62031191271615,182.96163377940482
1188.6912538018366,350.7426901015315
775.1345745600147,242.76555666378474
1124.5522159197362,399.7031916026433
1339.83596466146,449.1343331088231
888.6661154153459,311.33449856172524
253.59497921411923,60.20439160668006
401.5759041548968,92.50981698536984
1102.2470919868092,314.8548147173059
966.9068088120166,305.5969108439237
303.1993997772775,64.43322506368118
910.958504036102,274.3077015456657
868.8260777379949,304.89913451694923
421.69654802624814,108.15180892059955
985.7638391002067,391.92769520076286
781.7529780275423,242.4349413597154
200.70064087079072,50.13103004219163
938.8511671627027,339.59337549065685
317.4785620351243,85.34558159237442
826.4510727479319,250.16445926167543
297.1628523131794,100.24350955604234
192.79960162271152,46.46767806282477
680.5368367912342,198.04138622744938
673.8617789513992,254.47110599556473
299.78506591233304,75.13199270751856
745.3344326265621,201.02513580370513
718.1592999781367,212.71328677046222
625.1756751379899,219.87469826656883
966.3352083733496,297.87541190674403
673.5877002031809,213.62579629085533
637.8138729222924,210.10948106483085
390.1568485609457,111.32187736134384
409.1628434929933,94.29284789733691
563.251220509279,115.42961788181996
382.69303832633534,123.08451513987548
605.697575338115,151.40837862085047
456.35560753868856,108.51630010557307
477.582682526982,117.08793231131055
840.7054161781502,259.01388981119186
582.9251189811212,155.61606053971855
1055.7501294998533,355.3833455601843
636.8667227218814,233.80144115989702
596.5238587028127,205.0770966915485
502.6669965886548,144.1058409729694
1035.4430731678901,336.681711546696
813.1474324876349,263.95763083240865
681.441899503036,171.52990272868627
30.38776353463593,9.317214732628885
419.80619171023284,94.73991729943542
322.3765764919649,105.3216257793883
388.85527922482504,115.20161700836888
849.0151668785397,298.1412798906513
728.2356166513189,257.19948082756775
493.4941768166853,114.64845447826427
968.0451990551362,320.6265670637153
823.0412281662714,345.2389613788849
991.5236540709968,274.8243433319101
1074.9057210262904,338.5494817053999
513.1808951477699,155.83082799950355
933.527276846351,321.4333288212432
587.5463326706519,225.99543813750864
654.4222235185111,162.78747944219776
241.06585488835782,39.03408003403712
755.2030459598336,192.7763605734614
586.3568247037936,141.20040662022987
733.0145515376379,185.49474389457788
774.4282219958545,276.4539198109378
719.543332469235,241.83521327112726
728.0158870528235,183.70121320906236
881.8492374073786,319.47660836356283
947.248516417475,278.9742954035283
538.3513691819592,205.17069535222402
649.5895423184097,200.51888484868502
609.1136144417417,174.63374896378036
504.33981375599456,125.99733254291736
430.14222693987983,134.80667487007094
1240.4124604913811,430.02063132859166
330.7779381004229,71.66614752081693
1016.9697391853592,330.4668351751769
117.92602593780512,20.644581154671904
824.4203209956713,265.8087212248578
494.7638616587342,137.06160642993322
538.7717311872563,104.38656826381155
786.7558150203804,222.1675534919243
318.1075534344683,103.17677675106196
133.4451000962604,29.162047532960038
520.6009610299733,123.77206141733632
798.202798255444,261.94231978754334
1229.4556411071626,363.9023637043074
874.0373921422951,343.2839147885399
1196.5688725696846,516.7654270591057
358.0457974077815,94.69652600875965
860.8384306150674,307.08498782414694
1450.8496367830417,444.5627578120865
714.7689648488489,341.9667524957816
963.7566732978303,328.2705195956885
981.2339432568294,279.6781510142383
1420.699710902035,467.19631003430726
901.1180230756502,257.08605068200893
682.5618065448523,195.6315442197578
700.1370135300018,261.1141929827064
627.7502330261584,334.0113984790807
667.6059263753815,226.9596054511376
1388.6434584682568,503.2188008683923
1319.7559956587966,384.940008702194
260.98995346629414,62.32001175025606
766.1176227036616,273.09078966794345
529.9414925582475,170.44553907534936
911.9600986156169,296.5621697648469
277.69820433712806,54.465270494059446
568.8120248592654,185.13527415421885
263.41741525329456,66.21391218700028
674.6610963356293,258.32010101146926
1556.5374655346802,482.4825480303241
739.6739831572586,266.8483770384336
253.61402443376443,48.01069757160832
1142.4948473480877,437.8621844417858
640.3590970177345,221.350438582272
760.2858085100298,262.67505584880826
944.063754987335,293.81213562469264
358.5345430391894,153.72974159471846
1102.5574655528465,324.7227762414711
721.3572343688506,212.55815387881313
653.0061188358712,194.411883479872
496.36337853719067,134.05603956081788
1238.3301199214477,368.96144907276926
1154.804705207418,346.61040135982347
618.537004059698,198.39193565673855
287.2928615291055,53.01482453826175
450.02246517673154,122.01302628246621
272.07314766098665,51.4098391815702
291.95709485084257,52.54929385633002
557.9403521320338,152.70572245750068
857.3124038121612,231.93633043558225
939.7685849520178,304.79324294305667
746.2778670187779,239.31264004005305
758.7403449465196,235.37522890004914
1112.0217165564686,517.3285115445174
743.6946487705941,213.92659732700298
425.14514435710004,78.19573069977632
621.5982085929508,184.00080950261219
318.9091881010279,64.2005958870934
421.1295674036955,61.222310973699344
602.9311217849205,177.01453995736003
166.71697547254382,51.43445278777565
474.43534800313125,126.02757908928322
432.9142639053712,113.43276676836263
543.400004391391,168.7966335647183
822.1593523883078,262.1647619968011
553.8872657314116,164.28327621452516
595.0568291748443,194.2564239604494
424.71634460303335,104.84493707433155
908.8660042813362,358.5226337616987
690.519313083365,258.4819595324628
846.2884801554335,293.58725583669866
946.0477563766378,287.22038926613476
433.86642052550485,98.2882961689004
882.5063146241098,271.220509844328
592.3955150676101,176.64172124420068
627.5690717826851,184.48901785869134
469.95584048544936,123.87369713078185
758.4895739282833,216.59750850862773
944.4572805233927,355.81528683593376
1034.8239016144184,380.7977450332814
392.04942409673066,117.33053051957808
1154.6254629677107,390.86622559618013
672.4433643090389,258.6276572343331
943.8544521107531,321.64033859574687
322.0951915050393,65.79972248604913
606.0640895907072,182.85751461051288
854.1927132275837,268.3847620378206
732.9568201558391,247.47954087997152
640.7753222405607,193.4480701027908
994.135573995796,287.6479035064619
343.7115730918722,130.32775739416329
226.17582529401326,42.767952329384066
942.2016552380436,268.7684364740118
449.37982175792047,150.10615428356556
420.51241035474277,127.71208002446846
868.4292076510133,304.7902758539479
531.4689138889437,151.5355565691033
280.5429322457054,56.68162665052515
719.9522592050154,202.46042205138423
332.7613399008659,108.74490954625108
766.3126305565588,223.78682809166494
568.9135479500212,169.61241898061925
999.3329709637469,304.80355783796887
793.0254228518145,257.8164949968197
186.17387289072187,36.78552054382768
1138.9058830696422,328.7329738889805
486.6191839821696,134.59359293412484
629.633241215227,196.0031656270444
590.277074017862,214.09822254392265
906.6984196923881,323.4699813281297
365.8122240887435,104.37355967359734
539.5889998466632,144.5468013272677
384.25689092341327,129.71645831209324
664.0406909569987,159.05230514581444
721.8008806054352,203.7935361249244
594.715593844727,149.6174541419142
745.1748105266063,217.94978575544647
556.471346644129,166.32310243608785
457.5164735704582,154.71181122846144
800.160821895023,235.1521808275178
502.73228249225724,184.2512133371229
917.0416507707951,279.46115958205866
811.9780918224492,269.83408369080894
1157.5371921074122,430.7377689770842
558.8495790134427,166.93664098648478
398.89942131144903,95.43305883154225
325.6743470966404,94.71254128311345
339.6932585382539,89.23722133768369
1088.9315962724258,325.46625140862307
616.3453859287167,213.6433265659608
1041.1484841433069,364.5966704840483
281.04647724765607,58.46882911178881
482.07933789088844,165.04753967048026
610.0868813566524,174.9157320592731
332.01319374544556,73.35721120989375
388.9816459875632,83.79024662907847
736.8218947918454,188.93067061425236
221.29216546007345,70.23048496732869
586.724962495652,140.43707912833696
658.1367725737477,206.9728664009813
292.5488489342523,101.51025656943946
305.9502247191892,44.36823175532949
586.1904028696737,152.82245546158043
937.5599242273383,260.155356804562
667.1562809050126,200.35169382868833
341.91172960808933,62.8976153667424
375.94689139080975,110.59079715667349
192.72662669196814,35.912199736812106
899.9633201089059,238.7774293074695
515.8112672867142,156.39717712160117
284.03821455792036,91.52192353901843
1418.7624521414564,469.1712944539795
668.2188534580721,200.02451842005226
649.5712954276718,143.51932208222905
683.5080482801652,189.83050735653282
546.1363514708204,198.87817444993505
746.1797175854406,194.97631209063476
504.71045116130813,125.83805238738829
942.0652845654233,286.90724418826505
659.0545156109903,222.18543895168193
1286.0654556905588,382.2450276247498
557.0426868224982,139.96913050110007
935.3459056435004,281.85813436850975
1171.2544140767097,403.78700578053963
1100.7125733778869,400.3783704461244
164.33687217973358,33.59631783273232
1178.6363469860205,388.0854663765837
674.4847194360267,182.7325744558697
913.06569804355,344.20676890984157
495.114550389133,151.11225939211337
880.1783453341309,317.3730151281782
388.5429946191133,82.84848088669432
1245.9109650610994,403.0636607778577
1266.3050979431393,411.3249331367514
561.3525688397212,142.03739580735729
131.01759564776782,29.816464811711572
1129.5409758562569,374.9102116067017
671.4028655638134,254.87856818334285
1142.7068623981124,358.1003730607893
499.5154597125662,125.29045419581321
872.7909526549714,328.1926569820733
818.3389483111159,242.90925390341323
1070.6723201484913,283.2736781102894
341.66601228160243,107.86772225174228
831.7020270102237,257.1717206004219
623.4848029988395,182.65174826565928
508.72831015643044,193.80490885161254
1285.420486566557,454.9290267593716
166.36411875516464,32.05562349491716
491.6814859245263,108.9786521455245
431.5245608375967,165.1419637064925
737.5599166947354,195.92944812046764
413.78601680215684,84.95824794334746
964.9788089244618,269.16370918869575
597.4387986898523,118.95808248831477
480.2803337212594,133.31128232008706
1190.3982461747974,401.7755772321636
989.4272689553657,346.41932656512495
1126.11918277395,324.51261341248374
513.3648706403175,150.10614814860784
207.0537068063029,48.20919260117838
684.8174836034589,251.15353220358972
862.0439559504134,316.6528308186573
143.3547837110574,26.042127583257265
917.5342232855998,264.30720020384376
817.559793076706,294.0713085351095
1318.3705417637875,448.78164129629255
463.51164540396894,127.46828277683123
630.4662122371574,187.29518064347528
753.0377708456125,248.26874020122654
673.8731739899711,202.0949887330197
672.3256678062385,196.52103511393042
598.0276137640082,118.19549531339675
903.8024285791804,268.57346099492855
942.9583702268047,361.46982318379213
894.48317598532,240.99571603343563
578.7927797554277,278.2832355627762
515.9464767458501,177.56956569207964
800.9303486392297,273.80867519700325
444.2564574976122,96.48929393062073
648.1972160941191,193.6378517334389
340.5480064452949,86.40904744382772
558.025590596459,147.05490271933806
499.2255946889831,117.41667747709695
929.258533928424,284.2724450995449
409.3594188535519,143.4805174127016
875.0451254122938,305.92944584710204
941.1084508957359,347.1528099836878
686.8478229436469,200.56467454907744
642.8496036652649,205.98471357483095
704.6349963611883,212.0134834788561
720.7693664981155,243.19742719450412
1347.9623973627968,398.3500251536249
114.97376900530624,20.84653840075626
520.0578040346119,159.61912323756238
667.5662381660115,247.2542136443324
438.35735859247546,125.28050632096108
1351.3837109855754,386.0839943548771
398.9888630672009,108.67746601138359
596.8659118196251,221.4095328561273
1039.936749288468,358.14576948017975
160.47631026226057,42.15042263270194
529.6305186381032,161.21355174387108
106.6990890056605,26.66831195272687
1055.1129997646435,339.87618160455423
498.9543965484736,122.44413799413427
810.9411295165523,236.02548818935153
698.8999606592749,234.48604943169366
523.8053252703787,150.30330432463902
803.7820776478413,408.1038226211481
523.0328607979982,129.12181997392673
1012.3235678833931,292.7666904696662
501.7521859445468,185.45342590396615
774.0119936003978,301.1142415063794
476.20393181197903,117.44295547151661
539.064251552517,149.49352221828298
653.5353849445315,218.08385633247767
925.7168800856857,278.5488229327952
515.467582332076,108.90768684292077
836.7476418886257,235.524541279032
181.6777084896897,42.07438494090635
616.8011838898681,227.80576445612593
979.0695295156829,291.0341415039819
709.8791003744889,213.5102123497296
922.1654317333108,319.8878795711623
417.9544397485601,151.5787233082409
820.7892982637203,291.1589333697046
474.31820927703563,127.5740619333981
362.7245364021982,84.90531454834914
1265.4885189709157,383.81346954516584
427.66769915575475,141.215662461637
717.5672644730132,230.8282751857457
910.0864946935529,326.79660242259047
747.760509435605,220.07387150939394
518.3654595512614,156.51814232243643
1092.783956813116,324.61694119572195
1465.6595216098613,533.9091251488776
447.2257110421873,121.30703174014498
785.5807862135218,252.44741195718206
1001.6700625775406,407.8162455715042
1010.4849557862635,319.9296839800603
946.7681496225914,269.94362678601595
458.2109298762098,155.58125377540495
485.36793336522015,122.00675952761824
745.3702640710876,267.66392739546603
654.2958767132448,228.1584359244406
639.1538423889865,192.76627064192982
1168.6501089115588,378.40043165034797
757.7727236670432,283.0943381006653
897.1376294942934,310.4196045335447
406.36874529495725,114.98877157466902
186.46686560061048,63.234678652013166
881.2078261311232,309.8093923514604
275.50462668100016,89.32305583852053
685.4534560717834,220.8513939379159
869.5686840907078,311.90074537804867
788.5486967868303,208.5594051258184
679.9765402669627,214.4752282561939
905.9556542289507,275.2487499704085
561.8484520738132,195.57232696181327
340.76417982046087,100.72613051025144
559.4031013778128,204.59799028870643
372.9678275024007,90.5579506979962
807.3784391853244,229.42266262419844
484.4492653647463,117.31382324065387
681.8904483390068,234.88335356929744
527.8295365696029,154.97899782816597
458.4782332908662,87.05626764242966
1351.2506848186172,403.8414858426145
429.7794404529378,142.62681168487933
916.8084543400732,244.8033666220627
861.4538905221358,220.08046617718693
908.9840958831512,236.73259532785795
802.2930247547299,280.53691596109303
627.1024032432149,180.0741476215594
826.2302871977795,259.28088515998473
237.28210378463183,62.09619794051371
715.9940922140815,248.03517695689393
779.1301596868166,263.86923572172384
413.23003290104504,93.57891324283597
473.59420101681434,118.50087509165309
278.3729796418526,54.02663923304177
592.5699245683363,192.36464148089152
655.6759539147668,183.0028214559553
362.89999144903106,90.08119336447216
699.5882128410084,264.99515103420487
525.9135833651106,141.5223907957993
843.5890568047557,321.709159564258
628.213581126475,240.77758603898312
489.0980757812599,117.26215930599894
600.4174234622017,177.9329130512045
714.2489585394494,251.4801311967689
431.17921114421,85.70002382510609
978.8082118862108,294.9315709884134
634.562078213576,167.87469145344812
704.4469139964549,238.15245346563384
1098.2527734476794,370.97028244300355
339.975088193628,100.21488626602411
751.6371217773296,234.5387025457333
562.3103443171917,192.88887368866898
1245.810281351773,471.7364614101044
558.602268822827,178.8981380415739
771.2406211577843,232.26312351238985
687.4578152262077,194.39252320660583
368.5638516438587,121.36940641833273
1232.5840676201435,422.6690599805102
246.01713498406392,46.99327308920001
572.9191660978659,196.36057313006918
471.65432061730456,139.43225726669624
813.492743303239,327.3715739381833
629.7832380861913,182.88196337121266
451.2540177556278,114.31680161410468
470.9525731057661,125.10450260540145
1312.5098827615338,389.1590664978941
763.6011342554747,280.62714709280925
623.749773055955,214.8288844552122
385.484050362537,181.77474011954646
1101.90988326251,430.6099381766524
820.9379429198879,298.47532889854006
209.38770867850593,58.203828274804444
1063.5931711261637,321.53991760200205
456.97698221025877,155.33427785280685
692.4709242336272,174.18956018984235
783.286867262617,265.95940095995843
792.088893379129,217.58917551224044
681.0780215543722,179.8309869859993
754.0982744071266,234.71005352174453
889.0449943968201,317.2081031334344
613.5501731921294,201.6414572591318
645.9738710430357,192.67638365110568
666.1828970015051,249.71320072214726
850.2019189019577,294.6845346989485
627.5962102794352,212.38905736897135
530.6908773558457,138.74778810378834
304.74239882870773,86.8288228841574
486.147769863536,111.67445046385974
118.0715083990528,22.70259984933846
830.6903989640288,276.80073677522586
242.59165705635291,48.209901118925465
308.5535723176125,111.43303581719934
328.27082092545487,85.58451779934346
218.13124533306217,62.60083918411264
1067.4690647040595,370.40121301400677
945.2473329931445,256.501941171678
1003.7040003412582,281.8332799281305
1532.6614834474653,460.2591914599464
895.0487071221769,263.5533321055532
217.57826568045002,58.35701434054822
376.7100231001449,124.48043624138329
326.5072575756128,75.73128028113304
828.3157320210307,297.15627768556425
864.5286195027195,229.040731999533
421.78724346235464,99.27676948441419
1160.5023069322037,358.21643230915555
574.258050996994,120.88548165257522
1052.575079330693,431.3926771310675
530.7562334838549,183.9720938299491
414.8997942619808,112.26694787981698
827.0301561837293,231.13028380954495
747.5714107319008,196.31364379454476
411.1397229656054,127.62282272310325
357.21967545978094,63.11621521888975
478.2704345137317,113.17848446806849
799.2513889495373,265.29585774183397
611.0432182272652,168.63816441832768
583.1346952551769,178.15923471459234
391.9531193421652,83.16005973060582
333.09432876880345,107.48661826899229
284.9707562970316,48.01702156992026
945.8267307031741,243.23448511651088
1073.0899763047146,336.33206904287977
1096.5465529358376,343.63182437424274
950.7712647112795,448.36548969005554
394.23563054640886,129.4717041133103
984.4364431035096,283.36043557147264
366.7725174372137,96.45184416937337
200.09894651751873,33.072038660329405
216.51527879427488,67.87182547536408
504.656189931512,105.07205692196153
769.9866563913895,260.53172154995
1288.6285400527938,431.91119742863
757.855968185323,247.28187001206808
645.8236980207338,170.10759226535868
578.2869908000848,168.4895896867667
553.87305037182,173.28846132962818
172.97427564298,73.02247493267485
368.7682662235093,96.20655286774989
412.47518929720263,106.75980541245889
288.06958493140723,44.88532684444156
520.3400883393653,135.73240140774078
593.9200621964067,168.64140502193024
490.77181356880794,186.88900646944685
1160.684214268234,373.53341247993706
1084.267829423744,378.6927361280745
600.7240917065254,208.8191501438116
977.6597736154356,328.0865394522588
665.231991482241,205.88129849643278
773.8241968806096,245.89959585888886
304.05606712316285,68.9019908410559
401.80716869503027,111.23782654861866
484.55260336905224,133.40940286479363
1010.2545665948223,309.8190962979476
845.0529750493376,309.3736715467102
732.3296114741479,260.4014674734457
630.3549009184112,179.883377672326
474.9250866048469,81.45507486646167
1079.868779485265,376.8935288972787
1195.3136570489037,436.1613855114038
580.5870729053373,182.28116910820577
363.7748543571561,76.15391096411133
660.7678304490989,197.75953707932484
742.7883368664543,239.8026226072645
628.4472607922032,177.18017986408262
482.9465046288958,129.8701907949292
669.8783125119813,180.24717256655083
768.518478894491,216.30911016022816
851.4366716134991,276.33810210434643
373.0758542563072,82.19958730028225
1092.5675201158324,305.96249836625407
141.94306729547387,34.43375399051413
752.064858473282,187.14231647503328
116.40591511183203,25.559566757975826
835.1225507894986,246.26069427958214
695.7890553630621,189.44679689038855
1017.7008864855619,294.34961536015294
744.3991653995736,218.96242778643912
521.6849605244379,128.0721539418019
218.35932588113778,68.5838424690958
601.4883084739657,226.5251372212532
444.8150176812621,103.20591363425311
1042.4785921821806,425.57821488928874
791.2936897348059,220.47252801793624
821.6278317760191,249.12716542728757
479.66265780427193,142.37448742201025
736.4387669012503,274.04051684221224
528.8288962958766,154.15188056432262
429.44538969801977,142.39183953487074
551.0319442413349,132.85259960096644
679.7423024021876,188.31603183592884
662.2794853416351,202.16401161530283
810.3739879437242,289.00668954109335
330.55044272998373,67.26591147699155
510.0923681904145,126.91364116307079
741.5752966337753,232.14131094745738
668.4160970144703,203.56102188891973
1054.6830137181055,409.64298364567
728.8733618094575,305.8380142542646
196.10225472375083,47.91474031074678
412.88979587916685,135.24126936774448
1153.2422062311716,524.9167204337602
538.3386666167717,131.0985536789943
1272.778116184768,379.7242899628906
1090.605028125939,334.97268710537276
456.1384988022339,118.4543423540784
818.4356015957248,310.65076127526936
748.6575798988353,244.25149567156674
401.7072108933787,115.35932356087835
290.34571702503365,83.50843502842527
631.5877127059825,199.5981237233079
512.5309328875172,139.43257908660334
1101.8858537821447,325.91121897160923
171.5308544705284,36.31233626800764
416.45151842504566,109.50152007469711
539.0658920026013,137.27730439466995
630.8572499839779,239.69872299411048
829.1953585605679,262.44032852561213
1030.164624368945,310.45822466236586
339.13260037611224,77.1052121395604
643.552325498038,228.5124588662693
575.3080496537673,159.7970695769776
228.06201888916206,60.73808587790672
730.1863925180768,201.87679329497624
898.101622695649,290.7642164633598
728.9276945956065,261.33668967217636
616.7140668586438,205.65235675273212
777.1702056836898,254.20122003936328
546.9183656342768,111.33152264314967
331.5474476141451,79.55300966357794
549.9696704433765,144.99123548451092
569.4030319083924,169.4207412809408
433.9381964981005,119.82346512525464
647.8819473315517,178.3917587369176
761.0440307438683,197.33189601269584
394.35658906513015,143.67657496260688
333.2223323810997,85.58915871392085
523.3043439273652,141.32928711086743
771.8883561824142,227.83520934104214
1377.4053046025983,451.75668105473613
903.2940801612503,287.74345594591165
342.36745100607607,86.39778722808684
702.6634539158533,191.79756310224315
1393.260096318189,401.0279414074327
317.33064135960797,82.95034646163046
591.7154213614862,149.4547992361079
733.6115759500539,233.11899018931226
320.9469330806492,65.98279354923434
320.57259925095417,109.68876176823997
840.669594390492,296.24263474824824
559.2228693644097,151.5757294991227
650.7461361859996,187.9788779245097
454.5571816532813,147.44080535042843
492.12867688829147,170.31953290650583
709.2479450494039,294.2356309994147
513.8368266622701,137.7080352803256
715.6485043538512,275.13969616570967
614.5268870420675,220.1258757438134
581.5397864403792,167.43175117804032
370.711928987187,115.4896283905662
527.0948345304521,142.62351556682492
586.5996915805194,166.52968507336118
168.25005491173977,28.644883812440135
234.58326029630106,54.58625787419145
755.7834691441348,187.72935641449922
816.1221199711554,275.89248582993844
469.5438394154061,152.8261054607078
835.5944728083336,281.9081152562711
823.8954971464857,275.66702150315666
731.3529636378541,226.32502901421978
436.55912987695535,99.1630154291441
837.8589223527408,274.58280554549873
825.410138121561,223.84495149508868
1201.3034560926656,358.1562829750935
810.7323696194665,260.61107048883554
392.8432307909347,88.32774713144511
1021.9331465534628,306.0555259970408
542.4707001261963,138.47357448855527
606.466790053473,200.47562633187397
825.5820894228102,217.59056043350247
386.05819607577325,89.54371842484113
566.2208118987239,177.56277708184473
127.03485678378027,39.375601801073216
968.0879137562749,387.84800848322965
638.3576611730649,188.18953195605962
998.9539765464199,310.3845027625195
896.965880614938,271.9121156467123
743.1295132289238,199.10067225004067
982.8057337141079,324.1150459664874
484.8650798678053,123.77080433472942
750.2836181942422,253.6771592826892
386.81807912837036,88.39499334430384
574.4754297462,193.4571696018791
270.22048262643466,89.21967556662563
638.3726047215614,233.50430538497065
438.96663190899744,144.58290041111607
474.1071841508727,166.44386842026077
1655.9301207313856,786.2837767558477
727.8290201199131,219.41128835301336
505.42884128361123,148.23119887406884
1470.2165805958468,459.6371447043143
925.6331191970423,301.40823274020096
569.5451089557497,188.02660723071253
1102.6614513447764,346.2030650282436
936.0211131151524,264.5542093346899
473.83872960030305,152.40236782138976
910.9148911579334,354.1769015745167
556.5037853579469,215.16394441930885
271.0746226571664,69.66562465443658
882.3093634218839,273.8694668136874
591.4276961541253,163.04440914494552
414.7349467431209,121.10675190086494
1486.689465465118,457.4180044610023
235.4022753480425,60.20030912667304
837.1727093471563,285.35424831003394
741.3073244201638,241.7081338149328
330.36941958914605,63.57210948433743
880.4970849633706,289.4270546667673
702.4977401315296,228.52162017236543
399.8141941747972,108.84622957240283
1130.2769673090165,337.96256653445937
413.9487486746395,91.72773389882833
507.09723425369805,181.56763222483545
701.7462368864894,263.736405609611
990.0407894030279,477.3247607664777
648.9809714938846,163.27429818416658
807.2220997781625,320.9035830485772
401.74311785237853,135.6123049126504
739.2907381685038,235.4591786167535
532.8309672361247,132.76287442899618
347.6788916139019,83.15010711063223
494.47391054559387,119.63908297982948
1003.1440704609423,317.7352891015423
703.6318434652903,295.6566133476123
1129.0390372159181,343.7563667191768
533.3119034666051,156.27923881767794
664.3902228347354,227.12792827804756
768.6176846995965,256.3975575644146
1039.915369998569,267.30888326983404
595.0574994940952,135.84776775711907
843.4872426182462,241.1614403345711
656.354828168185,179.5251644123221
847.7030363627048,252.85671014186337
562.792797682509,166.55688961110562
988.1252309076075,301.6497952360809
715.0860309208895,220.88835362078862
733.1800806312913,278.86508416750655
1011.3451475702087,279.912180704531
154.8243652335873,33.97557752641397
563.5271944007609,150.4070812659357
965.9235715116074,322.59315389845807
471.70968769479487,145.19910176298995
488.59948778535437,131.72569097577818
1014.095526748308,301.29923082130273
909.8584322641266,255.40522649798248
481.75581622214054,137.64569881980563
819.4175954676612,292.34983123064825
681.0754102466815,276.7224256730028
613.6721860795099,189.76531798863368
1313.4306347162164,498.97430449051166
586.2809156485539,163.62812537518272
451.2468513869663,98.4024344909009
325.1994149590848,76.56315322344898
189.63882309253736,45.65887225872941
649.8671920750554,250.69652568196037
846.0869224019409,305.5923939830603
936.6293690442839,350.90746811972724
703.177655099532,246.90943815091347
316.5293095001459,89.38965361789876
860.6048642335535,247.17018990423108
1389.674801440277,449.19270220014965
976.3982371650243,338.9743171305915
788.0176217648607,235.35567541110476
743.3593747498269,251.5307130131425
164.70603876390703,39.60709556730158
1159.0402632366258,346.3569615482507
383.7250232618584,75.58767096537382
847.8410023701341,261.19051567835356
894.788191507223,323.32770744187235
1025.6859958035207,386.64469133238657
1128.6625670280541,397.28267079905936
1269.7663906148769,383.0137049179367
631.2495684846695,213.3084545562329
587.5318747713873,163.30261614640077
1257.3254957690638,433.4030029405893
813.4285332159891,280.07099775853146
810.334392242557,315.1884257264899
615.2551306782224,185.88975198569142
706.8002464183012,190.0601926824879
501.6379469994563,146.6839518358121
725.013939681343,200.46490561685997
725.5385097831584,242.56193903252682
1109.0437180697015,345.7158701756717
891.8597692906949,263.34684021886727
495.8435611639511,144.0490080042121
112.3792149746904,17.494314017327905
749.5359850271188,219.47505251912145
896.0883933925471,311.83679580202204
700.0114307840004,219.93813495327612
779.9463288003402,212.52270558054752
1026.7337685031048,412.92534238441067
438.9858347563478,96.99084192568
786.0729861525288,215.36630763078955
545.3678524184835,189.47365772689028
349.8082491195671,119.90816496778709
469.2997951645486,129.0576844223971
481.9215654326641,138.900252348859
428.3921111525873,143.66894002950838
1068.6476684634818,367.8854881571762
773.2521525028234,210.8801717531707
448.36308772199163,129.17009068301266
354.99512165762263,75.99556151026313
259.3019857385734,66.97627274219872
250.20730191989077,58.613457446147024
416.88695412682716,109.73155919194083
836.7078795812745,404.0941410899153
831.414348146236,204.6133901601003
1219.5516761590484,440.392990261698
618.3962966750989,225.95472385183018
925.1774745302873,326.26439793932775
478.0062324477485,252.78344377948525
976.3605276103202,342.78794815456394
761.5916141760251,262.02813330521224
879.7865085994256,240.23451318388692
717.5603933092249,178.83513449573016
807.414027419325,270.2111737603985
578.6051019813685,195.61004985290896
388.47682829698937,107.14044941918694
675.4607581365008,148.06776411447947
477.1745005497504,168.8380491576096
292.15100664059946,56.71288154610797
835.6658118434912,251.33937535525257
221.7977007140226,66.3798744623041
795.864978710331,293.71290329556723
649.1182878805264,214.2969846913133
504.4029594185824,141.42352746359919
940.7935985273316,392.090544648691
741.7084918835178,224.9121338052073
538.3595869693257,177.84143357179158
790.3380758338708,320.9214918102099
343.5041005389884,88.03552520179811
805.1411358462806,220.17054272598224
828.8354708737121,253.50523500914892
508.28271315257797,128.89568156810992
823.0624060958872,293.55736089930053
856.1886651599248,275.93827521134574
933.7037024887616,323.5912327099361
797.1771219707878,226.52851246726632
841.4185864539114,307.31200572715437
426.56669958596206,118.6062709489053
568.6350681057017,172.91398260885128
230.1433905389341,46.88266515180452
278.30308655130307,76.01571405112527
408.57304041852956,94.21473278486621
335.55983312350565,116.00115701085596
210.73085605412604,39.681427278364204
379.8026560072109,101.446155086887
1462.2408671632747,417.26755960829234
880.1256408791278,311.0915054206074
697.8984749565493,263.06902494289386
954.1285392634519,270.20982425013136
628.1611958760142,144.0176231568667
490.87943111754237,124.56166478653026
633.0511105413393,167.4878978103479
857.6729846580511,291.32203461167563
604.7873547787281,164.44095651692876
370.9689456114623,96.7378166865562
660.2688575853538,197.94643933965108
650.1811883544518,150.9423271118599
297.28842326862167,61.092336061169966
563.0879426543486,178.54101621855062
1105.3679912803398,358.3927308003787
642.8097071647373,228.13311548563829
1126.685276972727,393.240882508783
774.4557130115905,172.58284628668804
676.3652040782389,191.89538011621528
576.7707598634591,161.2591172630744
1279.4399406441828,428.448022249835
531.0356893030032,147.52056643831503
688.790753767338,204.96154936984715
734.8008547765253,266.9147538337168
691.8523818050037,194.92153814109503
739.3291469800797,220.00635385386144
578.9655645444873,166.54376184449177
903.0072241258074,250.16850403365603
263.50108159249,69.34629404977939
829.9644616077526,264.1131896471311
652.2192944785237,192.32999787141733
566.696437933798,165.1855599923598
328.83294593902855,71.67676035343734
541.5021259583904,241.32559910528892
419.5093673872161,142.18910543792637
560.5091782627125,206.87840274454732
565.4518057120279,113.7933565325404
152.45893117148265,27.968087438546647
811.3545924114894,259.7454436149156
809.2573982634431,286.1516807757579
209.76974010565095,82.58963532174373
1067.2820736571555,356.7954810128461
679.9232344431726,235.14466861072168
725.46916670351,174.0425953119134
872.3407424274434,246.85741404321547
1405.1315949561315,440.0256405652802
948.9409823609119,305.5820629772855
1034.3406377449444,298.3088380841766
960.9625493783271,339.1164362934134
1207.0072652073702,370.2307002100558
1009.5253852018812,467.70574996116983
723.1805067148266,184.70184822114075
228.42436203498477,45.646040975620096
792.084996826989,246.64300229258862
991.0845528895227,328.0641270759371
748.079160276011,228.29867593825503
438.27592266139305,143.5951807097678
984.4648926523072,276.85984208316495
812.9115674860259,300.52159531910735
320.23603321388583,104.77772128335525
776.8594043668179,223.91655237715426
907.7783066831721,298.53896535091366
1500.3737177632825,462.51452270262274
439.4666226011231,127.5728985310809
741.0053488483702,216.15102440333192
745.3233743224108,187.59376134620842
699.382204048616,228.41132435765644
302.7980370774093,73.76662685748005
769.0350781739777,237.29573123728187
299.11327137144576,56.87575793473363
543.3297418963574,122.06653981367687
814.8876028362957,310.1414201151179
1059.0520390324625,320.8777679707958
726.9687113610073,235.8443435822157
566.7608698571871,144.8388490659417
897.3435687883546,308.1929778009821
1040.7998489507836,358.03847903079617
483.88092419686313,124.0156006814139
885.1170303559284,260.63602643594976
206.17432289415962,33.59834257558128
1019.928029506837,360.75995694720626
750.795459446081,249.86019151886006
538.619176035708,195.96024003520265
1320.8587034859293,487.89231287203285
653.4867865296053,317.9910260968594
844.5830629700647,320.5261540896938
736.2018211935385,240.46468287035876
823.2322778318114,316.34407974660115
521.5787830160541,143.7162213748281
509.0263566001677,185.00501905031746
884.586907707959,253.42250936673523
967.6008975988343,303.25578223973497
333.0912921792991,107.52088404148515
749.0927985712788,286.0910103083633
568.583306669605,173.06920894351686
1121.206160355191,345.4495313123855
1556.545899408517,494.4162118061873
959.150620822266,322.07216238883797
751.8318843601855,241.0315475914665
1339.063277070668,406.8258151382343
241.2376641630237,42.038857466831764
493.8148562772567,165.1589276145961
752.1052862985457,233.12572703850756
620.3977646816904,179.1103610796135
656.0857919617403,150.246066643823
398.3419410619909,116.73451491486531
912.3686653631383,308.7036749355823
1300.8071873693339,471.3147861788976
325.35862866903096,58.041491719232326
569.2263808086983,181.51816022754915
822.3356045851904,272.42160666560085
622.9167709279848,215.41476721893238
797.9066449204265,340.998863330174
617.008347374906,384.8422354905722
600.9552966906667,161.09955090079868
801.0956441153636,295.58861260990744
766.7347836711865,205.36159629399458
517.1496129429756,171.65155943807395
577.3936912969966,188.55804152428502
417.6180892646262,126.6131163924645
272.4019953421525,59.886843215545426
1411.1864146797466,428.1428170658901
771.804833223483,253.10075090531805
368.50147452836865,107.03534438790467
1238.3643824854298,425.6558801716305
390.93689258240056,93.98774523665837
446.6114765854867,148.10688243042964
611.8701961198326,185.1320024125461
439.7666923829067,99.7615516704811
940.5438233267721,260.31616450509114
219.19771946497198,55.26962607014067
434.73701722061526,106.6683215080334
1151.755816545947,554.4266685015651
447.99410783164984,96.64426146633843
244.51379084570632,42.744585024912624
921.1691322674781,313.19933702147665
759.5631556666192,226.9564536215093
504.83830851948255,167.45078715989226
661.6294195008214,209.3786403527947
860.1109168616774,362.283576691031
268.96083884616746,78.69893971389611
759.3580204675625,166.49151728149826
717.9353724036307,222.51397967795435
1148.2899662154414,335.03630341779007
616.6594182678552,185.11869062686876
965.4590240793391,298.8270690008667
832.1906113316167,256.9377672475506
872.1513810533172,287.2540011018308
947.0669365999746,311.60018146660155
793.6408464165213,306.76725243044604
724.1216630668657,253.33228761815982
240.6559421339399,50.42309258892846
435.52376605235986,127.8358574230343
366.2460614435224,74.25062453627973
647.5986833063466,174.46230503124758
986.1447734897306,318.2104647051998
474.2136948581843,151.58519657036877
512.2631720512163,178.6637264309549
819.4688328846585,261.7390329562015
1026.440110091456,407.46396452544565
1094.3431565749922,331.1971285495324
507.6266483507041,123.52199899372201
921.7586263211131,310.6528447310452
243.06756133236578,44.90012166894847
309.53162059515785,101.04359803932228
168.3225390449085,31.18351625959272
557.6431923049336,151.39771419752685
123.47822135186732,16.409952254661764
579.3180650373857,145.99204445447077
876.4961978729732,320.41783483343653
662.2925622553716,183.08660198950443
338.8592197429101,105.25443957607716
676.7382615963777,183.88466094043594
990.9929617707381,362.3492407270211
841.41439801475,286.13214289259696
510.11725202359605,113.26023113925486
693.6367847067053,205.5617973361805
612.2357075320089,153.94053987707494
761.6289615293535,293.47513082085237
780.1285922812688,255.8493592485552
1012.4979475096823,355.1841079428503
1064.520743179374,310.1430823645097
551.2913702352743,157.77783469262673
730.3993174295582,285.39767961923394
1344.5212087353584,451.2037708626137
458.759510986512,122.95772524466332
556.7716021379481,153.64111523124174
944.2945422769291,304.57310173618237
198.43266581940026,53.06448782461724
427.0081918809498,88.452431421444
1193.7088240074834,354.2277493434279
333.4985316663985,59.18334418512218
620.2340517146484,308.93847269160693
766.3619405549105,249.6757206915759
792.0191266841314,277.5231275044881
802.215436059248,264.64127809520625
1142.1095424071775,367.113996797698
515.159104586701,106.49544481493545
686.5833026404082,235.90205358955757
573.0052797582335,234.14676140478483
662.4058902060624,193.30001852628078
1064.869689859781,316.9689692922723
451.3609349280531,104.4031139531812
692.3713780142722,203.41704183754754
825.7879210466784,304.28597582071836
1341.2246978477754,444.1064789671592
578.2651105085276,171.06684477287035
1249.5938530257606,390.00091453683615
907.7063210221311,263.18191477292464
630.6159945393467,220.5154883088348
716.9461928820451,208.18057130452394
949.7182249497794,320.214750474259
562.8684460218194,147.37796361191758
492.2463859505178,185.08168188835327
879.8970594815303,263.04287574991537
296.3841406185259,82.64531341344085
753.4918107385045,252.00027837560683
1031.5365937916413,287.66519015368954
1206.6070048162421,391.86884471980466
765.0759785715113,255.36224557311698
377.25699763763464,80.43684564002334
952.8650389035773,328.79957585447517
430.1378905769593,106.79549450000968
375.28598464416996,85.1596143457029
857.6073507485963,227.18932787411944
770.2783327557561,219.56481932561724
913.4732472618523,306.57625659215967
1326.1860063272945,390.82571262236985
639.7656708250671,170.69313356359783
1186.4330771360883,347.47144410335966
716.3166774551623,222.04476415037115
603.0645851821224,138.74282058997517
224.2529694840025,45.461449648476915
733.184492356798,197.92839729814563
752.1802331398992,277.4047021409195
797.7840916170819,231.14354082521507
857.233589868854,306.81578899863587
1422.2232044647726,478.02150104907656
1049.8628682663514,345.80672833723804
346.97870041055376,101.70148964313964
740.6371894403151,192.8243050744469
626.1580259633561,150.42727921348768
409.8746419468573,108.25136824857509
713.778508499596,235.66101549562632
740.3909539320326,199.89214967492393
1028.9941638412527,336.40277571369546
750.8161055908053,278.3871567665103
1504.8296027683123,457.4083135710789
838.5734633645615,291.77428528784736
627.3028422533163,188.2074537140471
331.66123595300394,81.88903951790124
616.0577853342397,210.83174473697628
916.0848554080208,303.68457716734457
145.893043948626,31.868287072729263
108.55328248017277,20.95439290472661
603.293344150037,208.38695615856975
751.3584119103828,270.7438193601132
816.1503330813277,208.80080856749365
708.586460499293,202.88022286595546
666.5889121817657,231.0106843038877
713.3141436616357,252.78957141540724
428.61152232214226,98.95052239184143
437.2563613148497,119.27542283320128
643.6340304848252,137.1951958102443
922.6900196925866,522.8784507848674
533.7223294215343,203.00319814375172
715.4604729767537,189.67622999024474
771.2355233199756,201.06901101175106
925.5417649875438,299.9519249916222
416.23098450733374,137.23519324088525
822.7638405984281,309.8601230934499
524.4751961568453,125.6512868373944
804.9930968415686,232.357036929349
974.0025771296569,377.6821361694869
794.4609125751201,263.6405594613756
1326.6156434014429,423.37560634579893
698.9774082735163,212.31701989570468
676.3030824221835,194.40335523100592
875.6814411780888,264.9293644361177
384.67421435837923,112.91956235927252
342.7074775207849,86.55473814037067
956.9666814895867,270.52603002082424
472.75374516958345,147.41749868773454
379.51422929750436,113.23289833651667
406.373831701453,134.99120900938527
753.3949372926016,191.66593817120747
754.9289676518474,292.92817454114174
311.31544392421654,76.2161526326275
448.15839311038286,146.68470540803042
760.5262388923563,261.93907102992483
640.1502409984521,228.31494051783105
583.6565943555624,144.23132173597062
587.5588480824679,162.61160878748063
1288.0796455166796,361.39102868774415
851.3329593900548,287.99352060937946
416.7700036234537,110.17803516035852
646.3005084653564,198.6449989608318
680.426299195646,208.40020283931412
1753.0031645545919,515.9149353991617
577.6933763639324,165.45484330649464
1101.3330682350309,335.4783135198013
362.70591535888394,110.76397411836868
820.1261587888757,251.50824667999817
634.3344371442911,240.0337529482815
637.696015241223,200.08106990889254
388.783571036124,89.8304721782177
592.6499362474847,210.23084338303633
536.71360237669,146.23779502042308
1188.69957983296,351.5015878872541
1149.8805087926987,418.98951825472
364.00599610975405,75.63153088002613
559.1279514887748,148.16389506041202
627.0471554392946,260.22236026209754
855.393881562144,295.33979301287684
641.8171573908961,165.07862102952623
549.2292057802463,190.12398373618973
963.4364545580913,371.88281408895585
1210.9750781281602,379.38388904525135
489.80826816235725,124.29711268560996
973.536670523489,281.93042966941186
251.69927181588596,57.26039351297404
469.82501707700897,130.29780728102676
483.5062085716545,139.54580955047334
647.6790300464862,179.06209977256415
498.7810871268902,109.24874823443962
593.3772027162101,198.46709434707122
469.5793823456656,139.13364487098784
747.6786957006725,269.8826314084341
553.4121226538816,230.70444497880408
591.6028963368219,161.79257907860983
825.8500279537366,235.79315102780163
637.8483323137187,154.8943651929668
382.28923219923223,116.97058009228257
837.4605616358737,292.24173381978824
739.1392690792951,209.6306513016842
914.9409633927175,297.7847291245542
979.9807249820226,338.1784269189313
503.08740561793286,158.28924898408053
245.8392080758577,167.80812048228447
549.9746987558851,156.55112069863688
254.98273775118574,52.499297590701254
411.5235615754518,134.86129314328699
810.2661021961587,257.67101794760407
749.6994369796193,200.46888307091004
897.9760631548029,298.55879470902687
719.5844345782534,260.2614430186594
827.9180450024849,270.800097117037
403.5130670672217,127.93406121036737
364.9669421255908,119.03671416201125
888.5310714234165,313.8344145084827
460.7824607417232,131.45473004216507
473.8470413286738,92.1270693315255
418.4553769637425,109.8361187050072
834.5351524043808,251.03572955235447
1172.8683009730707,395.64104559452875
878.8154363931922,279.6789624144444
208.60103131338704,36.36834582310999
869.5724566433635,296.31282576953873
449.54394109576214,142.57155651697437
861.6916776812079,310.08008782114933
995.1352844908951,294.82729354003675
422.0619878088232,106.0303324390537
910.8226327521859,287.7446644947321
456.9423649660177,132.70434717715963
692.510619085324,176.7285942135685
693.9347096364513,203.32161048756177
978.9604083925906,334.7740306609502
587.0841140092933,228.11139060904125
1325.2382830394745,412.33454448822135
763.3284283681634,185.42777831442436
413.7072380114813,118.13233234665796
1298.9812493340683,382.1542411351846
1133.196401011528,352.9534665361447
278.6861389005514,61.45523255826814
602.4207304021253,175.3222085633328
801.2247419963506,286.28160239298313
611.529502355995,221.29928613845627
543.2166637796124,135.1055227283119
786.1320489242023,302.39029005323135
661.1819046162624,203.59117676762298
991.3432763615315,349.19459737688743
858.1139348460935,287.37030592950026
395.2637610106594,101.23683782995292
637.1710920293593,227.1671520950705
531.3463889649734,171.4090589062873
215.0678364832301,40.76136557800562
665.3470343403936,204.13371582661117
1025.1320809412653,299.94987113026446
710.9901593657016,271.61111189191655
1156.4848029260206,342.35867829259286
844.9158352104791,294.0782014395194
492.3825690124534,180.46095946734295
924.6710627809052,300.1098500813019
1016.5908999410209,347.69833031136733
614.9954520073582,181.37151550896846
636.1407056719504,173.04207335557385
461.7137004737788,134.40731751493288
478.0922327598133,133.525434591425
856.2429661687859,259.47128032678825
522.0553391710476,108.16909600913168
774.6465598045825,281.05310374394463
1059.1933693906844,379.6020354989075
149.59324685663714,25.78345988378317
487.6688667904585,164.25224361634662
562.7303882892928,165.56358146830098
919.0203510582126,311.10981661214896
754.7334908446048,233.55028284632513
646.6593468849118,157.90267812398662
426.12973272214015,121.41121370590972
660.469221510128,229.44074159172246
619.1840810208903,177.2939794237278
735.9185067671956,226.0097387427674
1564.5983587045039,622.7414145397772
1478.3741092198031,467.8755598739998
748.696537421169,171.17358550985134
623.8738115159515,207.01092387824716
1079.6830403591198,317.48496679901393
721.544206690513,217.51699934333124
675.584300810736,184.0142294806951
976.9881563730211,329.38222054847074
840.097907991875,301.8252143337731
739.6417393854995,213.19602767055335
835.3230890365041,254.81971945888213
594.7847329793015,174.065498649848
1218.7048610391944,384.74050453544345
973.6832987021584,279.2672739341782
983.5925187310181,444.0475310247368
1276.7744383873596,411.3205404224719
914.3376225161992,267.1845836283072
535.3432267399608,215.54913475408603
1148.5515334561487,338.2669955619419
895.7764052180571,313.68913313190177
770.2861153208358,274.0361959220435
1072.638311929939,389.9842685677124
533.9297889400643,141.81500730488753
651.2011779749491,238.04170655972234
949.5461565610237,292.7152142580269
129.26436772519543,29.452762717648763
879.609795979132,271.05371124854435
589.6124182626277,204.62515870892636
629.0658049172944,192.2335493283628
1160.9937987526432,339.90446040818665
723.2808171582104,290.39541479261635
919.038949360566,336.99786958147655
893.0291481494331,247.975851840919
1037.6568186472805,328.0769851852379
1137.9573945348434,393.65571893112633
574.5614823758317,165.5927740809686
638.603599611572,241.8465526007708
647.2162680708047,208.58346982592326
582.2631057962391,185.50020055336603
436.51760859337577,143.47932989781893
692.9211653892446,210.40578237615324
789.8602158693825,213.14778165822642
417.0145819420787,131.39349094250028
605.5139154267185,160.87510420753728
928.1265670468468,283.80083859277653
641.9432933640221,162.3442496492349
376.069385107569,125.81295411073795
106.47867032055785,23.798477080766553
836.7930642595587,273.09555326191594
383.7898880895176,110.07414580625908
380.8644782942002,125.28487674924433
701.6492119072789,231.41825949398634
955.8910599440126,417.8613154110779
520.1009315144275,152.97613749974317
758.541938395608,277.1665907680697
1159.4480643196578,388.0542438447775
1111.7986002659072,455.1541591949811
971.2741564830708,293.5437079560049
547.6936464709866,137.09998744012645
745.5854509250357,247.70054632918288
797.442100642543,257.93762036037594
574.7696078127012,256.48058320651063
954.2606230585536,348.96631342634646
996.938776737396,307.3938706269013
475.89893909226214,149.23271658123838
644.3630863061342,202.9369132912649
624.0910845200908,180.33048250290787
900.8240668095125,306.0444930906786
162.35885327677357,27.65745828550573
472.92642416023597,125.58839227804656
883.2473463997383,245.95274715567425
920.3071147819549,373.5803550876098
1044.4636722390933,379.1544897405878
977.1879824532664,288.1742760473056
119.68750012333696,28.621395534896116
520.193583171554,265.02575874637137
650.6918179925028,204.69694642740913
446.28185436206985,121.27993953748967
589.8305607740685,188.01283707992545
887.8128666460051,318.9507258120712
709.4636627422601,218.7076901153585
933.390307616007,353.5119104459625
101.72321056847218,31.44595378466376
732.8601704443547,240.1837061505217
749.0324773068734,214.41816930314653
648.9285415505162,194.58617776455688
987.8032495168579,311.778629421838
587.3501519666347,241.453670676837
1506.8355010743844,527.1078661268506
1139.12991647047,318.1699646780185
765.4620577349699,269.77362504049137
901.1709305511259,282.4851392405263
663.3436961984255,211.69960136371452
812.6975823040128,242.64014534063793
769.465964630454,258.97827594506515
341.84913613234403,105.6989640595804
309.0185086049931,76.60116675517943
607.6743400174025,182.62006016192086
954.2868884236605,286.84553281053496
1222.5004223521073,369.8157479009628
597.6658792962659,211.27695750323505
38.65747173476531,2.307143920413419
925.5438872597497,256.22075376054653
551.1363956259249,172.7632200118883
927.700100502319,344.17147815755976
658.0965949150575,224.79225899335225
543.7188446531447,122.93914051147573
665.9070407773397,196.05498504299632
272.0503158005723,53.857545390706036
444.24132212724953,152.05036281061194
744.2937880973152,221.67249715461296
345.58726524170675,105.88275733642845
1381.2036781246638,482.2809519701611
831.6648525782587,307.3193820038615
761.4347000923616,222.51706390086528
923.7363794327413,258.8897546299138
740.3296668624942,262.92600776882387
719.0656506165403,289.40888148784217
383.4387400790972,203.08060429334233
682.8277903644696,178.8308553391885
634.568402069286,216.3464889854991
885.6072436041788,280.367924170652
809.1749292032857,227.98135472694153
804.9545665031103,293.83649716551577
810.101017014673,240.18952058117378
905.1641577227165,277.0684200672957
357.4142044781988,73.01571558336082
793.8925284359348,253.94006430148386
970.3482681108266,359.888384493901
257.4051976754976,97.39911240991138
553.0188582015267,124.96215695776272
640.9964132026311,175.4282957851737
924.3257744824357,302.60418818552847
545.6537326363907,152.18567752917227
514.4711969781421,153.71843474181702
1189.4769689596546,471.866232482293
435.3539007700102,117.86652844428927
1050.0023209245114,348.18437313339865
426.56050753590426,101.52402180799855
483.16395708911745,172.19947980840442
517.5272371685502,143.74447303638368
1096.2553019833117,381.38181481063657
422.6978774599971,176.59310853478513
416.3921141251553,136.21320832200527
718.9213700037058,193.88155648563657
923.3416033400322,313.1175871478105
698.0226383529571,200.56101670873588
675.7463982690559,175.9976884607421
633.2725883038908,232.9231249425462
913.5422817053332,252.44119855962697
662.2832617451538,181.10039136809485
72.39585953668778,16.422414420180232
586.1604965032681,263.84164593513526
635.6516490770089,237.98197371406414
795.7077886840741,269.06888189796166
489.87966242581547,130.53802103040272
364.39002069640463,136.61560471904687
411.63254943670756,147.43619808949703
727.5468581439067,290.1031517008391
630.2262150811429,175.241829294928
785.0787612220074,253.47019251381423
891.2233700507911,299.9755109400068
292.03133443865096,64.95379329524539
838.0205202953189,233.82575433667998
336.1793603836991,66.6876118236979
541.4929914046728,167.2281910208804
853.1313995508608,307.0261781734542
708.3879464138206,238.67038865382864
385.31624552703903,92.72245609025309
530.2443915783815,177.6983768576194
828.3239149488238,221.93928321886295
264.0417198039229,42.08256488924988
743.6638743882588,260.90947208040853
989.7407874008865,320.28934789549174
887.0356764808589,323.5035900863996
335.6771611815052,64.50000240488906
493.9605197119961,168.68791883760832
842.6168102226226,256.21097262828783
1089.649859137653,391.61607803822506
462.38044146765884,113.80987875280972
847.5680647483658,267.51989364900004
771.8589061080651,213.5294873134338
244.54858810690607,40.11728942681989
576.1583316239589,198.6977550957534
164.22161360455473,27.24867148701716
844.9315282448566,253.4526500542111
899.2557507484681,300.899270905137
659.9113640105373,147.20497401577856
241.07438901838947,77.59940963858564
452.20897862791855,139.50096183559563
473.97105013545126,133.49923744957127
116.96599864268606,20.268391823687796
780.8734031905722,233.88306839354806
856.4127021701242,250.4671151242464
797.0146511787825,231.57020967412072
680.1083350102824,179.2941653169055
471.091536360329,164.7074035849977
585.5273338006903,158.1658197594086
1062.7317090105485,333.87559728044414
725.7303174385073,223.4469599069895
473.1365326638893,119.53177419484278
740.9342852155875,225.54961702966628
849.5309209734324,289.2650388697653
351.27441489381584,104.38782346035275
542.9283257462204,150.70802201196372
545.0132075734384,139.8389074540735
808.8043917053631,202.21245856106432
361.09433914381543,85.48365988159935
654.695007633675,202.40249422782753
949.4351498926821,240.75392267234764
568.1584620408892,145.51932625414327
330.771161478079,70.30304941499762
578.3807336489504,168.0444330456093
787.1507271062472,245.322291887203
963.8080874189043,298.36905180624643
917.1290984546627,258.24297190614385
1006.6503679113787,318.0155004734377
686.261489454886,224.84839120310977
427.6801994988099,104.20550022470434
481.5114115079775,131.5874395715019
317.27024270946373,95.78646816353061
835.8470437369913,271.99425177492157
717.3690585106337,194.65278577423004
951.0585411497034,412.7607637021948
468.7686850980981,129.90249095646985
479.4774173038802,115.49360264447687
382.069346096232,79.74850689978445
1086.6509329534947,320.28297041563513
588.6876081673275,214.95998289800448
272.8678563696823,81.0248685308092
592.9174554024235,187.94728548832828
587.1854904238113,299.361511206336
522.8205800485758,150.6370994833702
623.099108652518,147.5117519525073
777.839401449449,270.2872029597399
727.3890176836991,170.59100325959804
802.7149095992826,226.64333805328093
620.8273618909809,170.35698761401386
430.17419976417096,109.73876150713873
814.7464219013057,215.69360357111688
971.5748960689272,310.1109591911689
613.1866586430472,151.04637511228398
533.776390817301,146.75831508724733
593.9772611945768,214.0188161658325
592.2193122900254,148.13931794817103
128.30852398585225,32.44368462089846
672.1052906759506,221.6233519555507
745.2116376127994,196.3466834838438
243.8334383151158,60.65382168308823
562.0269919616591,199.2258257027324
744.7747333543025,247.4229702711692
497.90813230420963,131.02377134368515
309.7286217006682,82.25488215657593
489.6521539455271,115.73428558515593
599.5897096409266,253.53413060522308
479.9548856369364,161.80307529054588
459.3013648143213,124.92928809526956
767.0802359890054,224.15202010649094
790.1177745365226,198.75127947276582
431.42169208183424,123.59744218566411
1116.5090536241314,325.4289028546844
910.4030940133271,265.21520057146273
469.6310333301452,138.34213973797478
378.24740574755657,93.9470747579467
1049.4809242501383,326.71618058222873
648.8955903474647,155.14711536051396
529.1494346927218,189.205913010557
508.2955982238651,139.74311235153516
1141.2069219408327,330.0310115624681
1045.5853305051385,364.2273307106144
887.6131984598777,238.14420051973028
376.67728034005177,89.41600917479921
783.6157450095436,314.41448608061927
563.9254822117448,184.94813890283677
431.8552895762337,145.11578665394737
803.1164542994338,281.57875447924846
596.0641278576278,162.59453590165117
342.9953669803582,84.62829681862789
766.2672274200529,222.27196335883863
547.9414101780199,157.1884765945908
809.1824085796709,230.261745034097
1213.2409604793236,360.2589619514002
587.8176699179451,207.27102276048802
532.0282764396848,128.1008193748738
1012.2143730404076,302.9768833128481
873.0551746582621,234.6687815684541
622.4799288186197,155.30615505547038
676.4168575121718,198.64786321963467
647.0611742187916,156.89635113638562
740.8376618932665,199.61198329571377
595.4842106773688,135.52943369765393
1211.276742207702,345.28417435232734
724.394998252209,235.28640345877187
1238.0988260070953,374.4538062917589
722.4195614078732,194.91650443123044
601.7317873168136,161.3309338321459
444.6326663343237,94.06560732279921
616.959413287767,221.04650881812768
688.2095506883744,252.155939142814
785.088181934063,229.50715135804649
669.3422689475545,219.01475175700435
672.7427778220368,176.73385795084516
526.995897370458,122.154812076441
719.2425684855818,207.5667983775771
702.2976518365064,228.00447065664926
1489.79517012162,449.3183385271001
395.3475118715383,70.81506134919232
276.3545882108154,56.06903445516899
716.7636828789036,258.16999988240565
749.0983284892436,258.87250257848103
512.6070641440905,145.4457370893248
867.1110101474848,256.5220184716259
950.1524406560706,324.0515264325965
377.82036566126624,93.74174612989877
285.70520205068726,78.82072403973005
1010.5113003265717,453.6859449889965
572.1487612996444,216.87123087734392
340.4532518624268,100.22094885900928
370.38912434443614,119.4471480419195
516.1712537596331,139.3199876113975
258.02621825700516,65.08035304734925
1233.28266349866,403.73461490000756
209.57179675653856,31.92174455242137
721.8319654559679,225.6315127196416
488.0495327140808,172.00742778133812
606.3852145297358,208.1555790203122
1302.9020235824892,384.1684690740349
216.6906410992095,42.18992730359114
1214.0368619236683,366.6987711671607
340.9572254726005,98.56584645030884
858.488823510379,255.7628535546718
1282.4281522457945,561.4646272381502
1214.6697973527903,364.56360473750703
570.9179365260125,200.05825362819266
736.1935583203347,280.8171182088409
324.4231569205361,83.45255067096176
940.6791383468035,313.52410992783
322.7979500815943,55.373900433994535
694.354845505166,184.9812408874082
889.0048321053209,277.5334011686756
416.3406688889743,124.94428154426173
974.3396924107747,278.8885912366944
653.6366283034213,177.4756597153042
392.452519120525,81.50158620839673
270.22667425221186,53.76295656582304
170.77821064220151,30.777934728887125
487.57580463615193,126.4754709971892
769.5696977794898,289.15962522355636
756.5501974351827,267.36728787663367
195.6212994921485,64.15857578071555
1073.6104042482962,327.4192658144009
387.29574322737994,93.5108219545496
374.8885897479249,96.2890964742229
813.3300937780389,241.6182420978803
517.9272119554105,106.83982319559092
735.4599021465131,227.01955349734334
727.2993433723652,208.5570937372772
302.45128787126646,56.80068998692515
564.4809112935511,152.24931584012802
680.6295980275056,203.23722374895183
440.1511548326022,127.13497762622303
709.8086999042266,211.21114084384524
750.0697179744393,200.06873002619315
718.810957076176,343.68677375383123
318.8652170170102,103.0717724401422
423.01323092367994,130.4822837492422
1142.105289128063,366.27184180063995
1181.687205618523,390.08671254380386
690.6694684106438,231.8499104350301
333.23330754618985,92.30523185847152
997.2290660219794,358.9098586725747
1080.456118633619,356.4771725900557
670.9636170361903,236.93051237312142
872.6218935943797,323.3132936722764
589.9858606089007,125.55514121054223
1096.5504607071991,357.19853482205247
1118.7282246984455,325.38836248213613
330.9364079050894,105.82992215503421
691.0658509331353,369.37003713503316
1337.6844135639428,477.0327528861439
1038.289370390611,347.03363381122125
604.936700868338,158.07610297552003
716.4895886513056,214.2635089641765
556.2530255086848,128.26674819769627
568.2289392416385,219.70784099873654
640.2770397599656,189.26386903117628
1024.199711456066,327.4316401637277
647.1122051439218,226.7771138725708
851.7989608168365,256.02597681307196
201.89192288065368,53.03044634388162
233.56360393234218,41.417561120410724
623.7545859359043,197.0586767348852
403.53853847586606,149.64326704733037
1138.8178472811167,339.0589123822713
739.1218812208599,320.9153381208736
1117.1355213424654,319.33811185019323
885.4353977427304,280.7189734831604
920.3687379547484,267.9345231497046
303.0294921724851,69.984400195223
941.0187186851828,345.0453915747944
629.599771803825,196.29997030830492
1043.7178556828171,391.9628661349519
1351.5384125848823,485.41072628618554
664.2860336786141,239.62351718266265
455.04131159182566,151.27914538176702
907.8675080549756,323.09534809837106
989.6210363683823,376.3601543417088
687.9152850132162,183.46898207661005
669.1131189413634,199.15618380819697
352.331236160702,64.43773991060661
854.0278348275638,324.0789219188937
608.7657392907306,169.79898397730807
813.581554371603,280.02189565721665
859.1437993217571,319.20215041063307
296.01804110124755,59.15900016720556
871.5726588520727,278.0210008218539
871.1949246733452,299.6314123699934
419.1750901890049,92.96510659961785
781.3167438487573,234.45270277075
991.2473145569118,312.0612984438076
847.9190075794334,297.85855885252573
578.4485709899224,183.3837196928592
519.1164875674672,151.8414235939786
463.43467209246523,111.12389811258515
535.0053526351005,174.1741853166834
428.9140036154495,118.99710081332113
471.3146348220208,129.66663850846533
525.3167108750703,154.95302046864916
872.7590867763164,295.82835269426636
925.7595105842913,318.7538457761343
1008.3372329613592,354.93043404642935
464.2356363170069,127.21904293559082
1444.7033434759633,444.2949034698423
1515.89405574468,450.00639927466244
276.45464063693174,81.9341153359515
510.2751482644958,120.79164106660525
733.6100475301243,296.14462234312685
593.6796160390847,152.78423487567736
366.5488425101836,126.91427154124051
1004.6528435698622,331.57489779320883
443.0639360907239,121.0878532260338
544.2946769255883,108.4773850298076
794.751665566458,214.11788497106042
469.7959534748399,140.63466121398673
780.285821575395,327.98772948310545
513.6545148745356,142.9931254840016
278.25594259072267,68.46623326278714
690.6745356995987,230.44691918778875
278.4078362060418,60.2995704263119
1179.2805246493226,362.33006013654665
894.7717351258426,259.49867641338204
1323.978797385072,395.4708589896429
896.6217384219257,325.3423546509611
823.8423823645114,296.20291843958444
435.6177531022638,89.62109638054544
253.4960508572654,51.5369893372899
388.3967600480016,106.32292215653085
1498.9247968073823,450.4219275754558
597.6659870899238,226.30982957664204
477.6123119846183,165.93859586021583
463.56042695160863,122.92189697921849
767.6232719252241,282.12690956673214
767.3307658059543,249.4809082228718
748.2161822007146,249.80564212064547
1102.4190223647379,376.43418839744766
793.6980726456306,205.29666501383085
726.6286204035524,257.4490955189793
748.3295926203485,193.37641176828075
379.06591749314987,98.26088716932323
537.9658394914525,236.18512664541697
648.4803406264618,210.4678683321047
432.2646886288213,134.80636097246557
523.2727758071057,128.83953546647916
473.2057477387679,141.202892446235
310.044244344658,68.59521025212
1134.2739394272637,377.9688022973233
604.8920836095998,177.15753131066157
1110.8842822255353,393.5391577277853
347.26683296094177,83.9801885351594
1197.4289863566523,371.4336306478248
433.94096521365464,123.82890877058405
1004.8240937106945,323.49410565793283
745.3753169525473,226.1533803967606
298.44561945708,57.34248067883478
778.8294850720175,213.02896932794576
1053.064603404604,389.98381817396563
994.3645574719058,351.35980739778586
450.09306683146315,155.34676896359755
900.8441055165033,378.45428729328677
601.2451287506609,215.93370337848225
2218.1206855712853,575.649737975676
544.0112995231153,155.1119418351892
852.4187571325039,206.44447164153607
739.6541691590772,219.59238605993534
674.7658173598601,201.18977900287913
526.2132220051108,141.51638987514806
885.6246216016377,238.68114841806872
627.7757564463463,226.81136049606584
1105.670155901409,383.89863812925313
520.6244626379712,142.5878541376483
763.2679469595234,236.73196546037076
750.9641676577946,239.15718759621313
586.7793380909035,165.2380191321982
642.2417891555721,136.64179960925654
251.37988111567094,61.853627867336044
442.83109637613927,123.64521752901356
997.6274485125865,324.15731517864936
472.91843465431384,164.22681108765116
776.4368446249736,206.05588738161916
744.9867299621847,248.1749238167811
855.4457111700979,205.38753030590004
591.2665319467378,150.9416561868516
678.281427397171,224.764162199522
623.5128773578965,188.89808267688963
948.5151145198447,274.2045068274507
608.553233031564,147.0159867091135
472.91720968172103,137.09438998670865
579.0577775690422,169.67285161206556
832.1538015093947,275.08533662979414
266.266739061269,63.649735424000426
864.104439205451,292.00253151406866
1037.908014348514,329.2327008060351
469.8563625115409,241.00970775481534
1071.3354174227695,360.7086480613842
675.9017995665926,208.07584167159905
1155.1979618474102,465.18696789776953
545.4722372355681,154.03115796893096
704.4201480336792,220.5913172069009
282.2280986051787,69.93487305552999
622.9047283529595,178.67690196144244
342.5350240458315,97.0289000937773
665.2873585782814,162.29333470160742
794.4887387213873,301.97463140930756
463.15402244975564,114.12689224157745
1147.2930289202818,371.23425221350516
403.0645631805844,112.98048790068141
1091.0583543769117,330.91560459402336
367.7351515755275,106.5396721653454
360.6845726168925,107.03169120921072
290.89546923197037,71.54641797333218
624.5964955725257,163.42161073700436
813.6173021752039,257.56530856804255
1143.068370030885,353.82769245928165
416.4898442169259,73.30475621078416
729.222702164549,252.99538594510915
940.3687550708491,347.36333108585666
1048.761128588379,369.23455790590896
858.7913164954379,275.10654664254065
914.1791856132093,326.920584657978
771.5762504877246,259.9046727847793
1160.313611622501,434.4736618220308
569.0469638297574,150.58011029270284
260.2276837203814,64.09197244947678
1279.51806361733,379.83667953114167
358.95991265418274,102.3136180589408
1141.6221787000268,391.22135675094484
477.5193467757946,92.29888486642788
589.2655246349971,212.18846136715965
520.6107003009625,211.9722615122687
563.5405851950803,199.7485103476221
609.015040911279,184.63292451868978
753.6405010016263,249.52145843673242
990.2231687255157,324.97252117153175
422.7273730024757,110.35802534394446
487.16944917148146,124.81243287828069
990.5817464960048,391.9480304023406
632.2073906463796,183.39719216914995
336.5505759790006,91.87994270705495
1412.1811329710756,419.6086786733943
486.14859499133706,128.3808272746064
298.0629403363763,71.10074237955551
747.2010709749297,229.87975642056696
329.15193537919714,63.464579430846086
920.014011796701,269.9147893449339
1071.0971673306494,283.52292639745394
586.6539430159722,169.58135935326243
863.9613372390021,301.3746684693549
389.83737326464484,118.39406737974579
1127.00607668894,297.27887529368957
925.5026673608822,306.59189603390473
1418.343346652825,411.692337833816
865.5378608319618,226.66111317742804
490.49771352386847,126.96084093861782
455.66360450566737,122.79118811453628
888.4239456967714,226.1551668245756
1156.6837770139718,359.7564982165317
1007.8471392018397,301.6579694436628
147.84188847315514,29.25223708137668
783.3433980155746,241.7070384758202
470.17606416716853,188.63778650897694
413.9900871804148,137.9224511174829
542.2254720880271,183.9334654530645
671.4487503484378,192.44220901663323
701.3664628340752,210.8035433533827
474.12735212967533,93.9119873941547
666.4609752690078,197.54828166915362
225.581144633737,32.88628509443385
247.47448048314564,72.04173651459374
787.4763921837082,216.94777969105797
669.728639433529,173.77651311705756
775.1109256796051,390.7461819698849
700.1073016096568,195.8917751960231
785.7906142306467,271.424463982156
1399.4033097848721,439.32601435006103
1212.8806508681678,418.3096331613349
458.4184706804428,126.0388709899415
174.21611838208088,36.61467582208402
115.82915516979126,27.068133169221117
368.8120749303218,100.0921330975736
923.9059061205469,315.89622018605013
222.7097267376709,53.99521135671663
502.9651000508594,153.50868870642165
499.24511139991444,174.24137600483738
857.7664781395279,234.51803373199567
674.1576025610046,239.11158794611117
1356.9062423976566,441.7973645499008
573.1717588080039,168.52056451612037
280.5560392982629,73.45048884328145
313.1476542134941,82.54966960990774
372.67947977226356,68.53240337967337
1092.1721012672601,378.3071398528477
294.1846794240877,50.787917853504204
241.38193151836407,45.6285101445363
422.14765502822144,119.26478974870166
940.1031953873976,268.976500698363
1040.3421718099494,365.51599333912225
690.7629413560676,259.5031932125906
574.1968471975991,150.04462863075727
616.5133365753778,217.31196144234985
523.2244334046029,142.4473593317242
723.0198443557701,236.2327131955039
707.513931528578,246.40793307617307
745.6845915460178,210.09150464513914
283.18618067449364,83.7858782005989
777.6741585403545,209.94660633602913
434.39962231992115,93.31326251356631
542.5634725307318,157.51267053975496
701.1939631651751,260.79020079042425
914.3740506287038,410.72741277451235
451.81372992058056,74.43059550527632
596.1202793307436,183.93821664217882
108.60581847467584,34.217714212593165
237.5024037068016,72.79640229145623
622.0476888511662,242.1348626809158
223.12206362365154,75.02814550037716
235.67886331304948,81.63578395647784
1091.7627310690582,430.8795610299657
809.509164815915,209.88643864241052
465.62148302347134,122.78250751636483
379.05636339868283,100.60178008427998
742.9527543102624,248.238344504578
252.67155600848167,45.65582718831304
1192.8622875843166,335.74642397965573
411.6853335401009,78.47321291691502
766.6967427628736,230.11248780215803
534.2583775616351,135.06882009775165
638.3929808776445,191.53463676709617
689.4450481622,208.50194817299914
1060.9916260148684,397.20652630031384
532.2898736494016,129.98758948246032
972.9492997639777,326.7799915845588
695.0919060485164,191.19696785486354
1163.5280741478027,400.80428929775564
842.4242207686691,347.4846901533757
261.0516039192746,55.30327688371929
832.6832295916754,296.17605384396273
485.314505336936,174.5668853221064
620.6245748983958,190.4958711668328
244.93957606854536,52.07355579963456
691.001612669865,245.7829471205844
376.8660205703633,139.1188855588704
878.6814233809218,275.04266928612344
1583.7065926524297,464.84622434381845
176.0959309743154,37.88221048677204
430.9288360604873,115.69203273587821
485.2923819861963,104.11918077962238
1156.0128548056791,356.74552512637496
781.4006487422909,203.81706275979167
690.4358639244186,164.24165536211035
835.091949799369,225.43873582074602
283.5330819126244,54.94809964589174
926.3169879756667,341.1968748369063
496.45731117104174,169.30185097772573
876.249530616406,266.05757359567735
548.808633737936,166.57726734238167
680.9453525379087,216.6174848134448
1503.4674723879425,404.36621293779575
412.4772571053109,125.53556070319704
445.2553305571562,192.54455035193385
380.8246947373394,88.91208456032436
834.0818912740133,254.5720173988225
478.5675041894344,143.37978734925704
462.99506241494964,137.88518139344362
481.9651268715078,129.4246115023077
522.9722574931553,131.0474627683734
424.67890434365785,114.55832002859651
560.4103748810621,170.7544571322309
781.5941177474292,242.45752993332735
1084.9581200751682,412.2590161356324
781.3104774537419,304.00980999936775
847.2473478888041,351.9609911225062
674.0336940832163,253.171158449572
796.9311820483966,391.8501112855049
925.6363590320691,292.0255486036092
565.670820597342,144.9862401383291
269.44670139410795,64.29184043765484
837.0542839470995,279.0600838249213
861.2542203791486,257.8137115939953
722.5232248705887,216.6588583722764
813.3072949225743,232.20156503424468
728.8760744177747,212.73234737980096
471.27681345383473,109.59177877664979
718.7626650011264,212.912491817245
1161.4184114251093,361.7502649010791
299.9990921777974,66.49323970783159
620.4755717937413,196.7585253585753
856.1935712150812,262.92955711366335
587.1287358013708,167.94706355184934
487.97832175397946,130.65394254476692
766.4988969632722,249.49016910143024
657.4140340699753,190.50198654703024
448.30822111013913,113.32154466484752
423.41847433653624,101.94159850906115
715.4983392240849,244.80118555161056
533.813677786563,191.39251618215818
543.1628781779843,167.4978473972664
634.8559913829233,193.82234306336792
1020.5965602491424,284.30667004095307
504.29524385444716,180.6739255679277
1088.3318033413573,309.818269574592
811.8446814569915,254.093120626723
614.6304470380862,173.08221369893454
221.35863477012663,64.85840362208545
356.2684761292994,135.20324421632415
321.71055590869884,65.56119132813674
607.3054193217873,209.15583242960076
298.53557070449943,97.39120184135888
549.6651102873808,195.26720051365044
368.65781587482843,101.3489661205216
769.6230996870072,164.3415167050375
355.205816834258,82.51365615599822
552.6414421718782,120.03478669695976
759.6388500042337,283.01361064662234
1113.285564922624,332.11793242666954
1023.5840111674712,387.8120568216299
227.73997842528507,71.3957672676142
641.5015493884964,172.339000617159
519.0256234492894,123.26060333147319
688.2990661593392,246.31929191845543
863.5306691746047,243.84505856284207
385.7158475262233,79.80255828667048
337.93197921802755,109.26601825137116
1239.601880415055,405.3855971640579
766.2849017432998,194.5234955097732
1046.9195572495473,372.9101405789299
748.248695642643,251.59230476201628
319.4575679077849,77.94894196594502
1038.8991620769773,331.23819991510294
529.0546284572918,141.66957438774668
547.085338101415,161.0557003530877
461.668102722781,157.5776813164591
729.7471715265094,172.5539573553383
431.76837872199854,74.05852180524026
226.41611394148143,49.555591746417775
608.5561992065698,231.45915973556833
649.7599384975822,219.09995008589507
483.9274083793514,162.50429484360237
1336.1800127553856,492.27243646395215
794.7027472778461,221.54658239569326
534.2109510085437,113.56575264326364
249.90747930785795,40.452725406545525
429.60470293686325,103.14759644979418
750.6626670513153,233.94957011149
387.58365970065825,85.00244423107306
348.83133383492265,106.08170272211615
992.4488594524469,299.5091897977876
614.9149045944138,223.91374802853713
545.5782254370164,157.54316526999526
470.8721332401663,137.47324269704131
738.7535222588248,227.87804338150661
905.1600205739722,248.99336382536458
980.5143611458552,305.65451573844797
1075.9176145317408,451.6024434767949
814.4484543141518,238.22964263836707
711.0735768929034,197.48273986324546
615.2164803485512,178.06470187170584
1081.4817810576158,321.5342530817309
185.92921918487403,31.503889528462143
798.4753071989824,230.39144451217723
737.6499694991562,313.1074905853336
835.2601750883756,275.49053391900276
712.6687602728142,233.76819913373402
485.6590322206765,147.49348880337405
312.87631749860464,83.74506124286972
615.1611762087628,152.8322689482279
578.4034181557201,188.5098849642788
744.9462122587763,230.64360733737487
870.3343109847805,276.50508298084236
430.1573882592618,134.01561823295842
214.3325810422767,59.47287803262703
396.19757029919236,85.99592813634708
998.9820366317381,327.7076924642416
435.34533237510027,77.83245177154838
434.98018147695,101.44093122586219
1084.555785966479,344.78640945777255
919.8585526722552,301.71335050287024
929.0695654533469,245.57861970501116
322.29390283102487,94.68400120822042
536.4698515322814,150.9147892674287
1103.2605786461183,347.54678264352856
712.3297579138878,218.22405437662636
1046.289561461793,317.4991575119425
391.3603942374489,84.29747053494674
745.2900395874378,264.4147643084474
880.1195750010284,262.41462208480004
999.495520525903,289.7688908346161
401.0982306733979,114.8663412196982
698.8419666913733,221.785468254644
454.0602078891451,115.15612558638591
984.3662675411144,309.087713416924
1313.1494036260526,402.8041816255762
1272.1834498995,391.0124159376581
537.098800158434,151.93691972932825
440.72213186098855,130.14207866795286
467.0432580326928,135.182438583916
573.0374439806219,200.3594220847231
843.8785178680887,270.86685540891835
538.7201580317173,157.77640752147022
427.0768302844452,109.17335991123625
306.56024732018057,98.50723014317337
170.4727923479608,51.72190418878721
756.6867145842849,222.64459476418438
782.1508182081018,260.4474093974894
1128.7634510778767,367.6605045480547
1033.0621720283705,311.89279484756537
385.08051512482245,122.89550561414455
542.8158881743299,138.47099395838342
796.8354287280329,263.5550047278269
693.1166207547409,197.08449697960836
713.1827991633181,255.86795294352524
784.8210890884382,214.72749351350072
444.7443252694316,127.21554981201275
707.9521412847109,205.21508469380723
881.822601001073,271.3839918072778
733.6271454051159,216.16083119993297
1003.9644621942832,397.2930897483152
955.8229685981285,287.87501501897975
522.5594420039124,182.44788682982704
364.4215804642877,86.61941672453032
1151.3392609877046,373.98012754854176
705.3406954156487,174.53612157942896
616.6977124494514,144.55846533103858
440.79459563625426,117.26415518478292
642.2682643050788,215.80595285820797
720.8137329213248,238.7652847595166
930.451330398359,309.92690408509293
1115.6349045182842,415.8643549279423
665.3710395278144,194.4006639091314
519.3064787824019,166.76588212438108
612.3374839254031,202.67006311444936
594.0579039029914,146.7714753978751
961.6983973804008,338.90381175771097
328.3494026048372,106.85536154351804
723.3873687861816,226.60210684259314
893.4602309773666,241.101930017859
559.5305031836958,152.37690660914424
1390.5947536723713,486.857734802568
462.5108489878395,142.48250891760534
483.1296638413309,174.09274136044286
465.05469220534076,131.15758346706738
354.8698027986424,86.82805686314778
857.1702745083551,275.9726788878354
983.4675037092435,331.62351946256365
970.7450631316228,350.4737520255312
960.2476189926708,320.7816207517977
745.6075352507263,283.8261665387331
448.7443573162131,125.46559878723176
768.1562953546061,290.4531011807498
902.5675970014959,258.45596744669706
708.323928091844,209.8173843919658
820.4176843010108,281.568848702819
662.1704775281921,198.46702874638476
659.9511207748978,249.4256454815667
645.7424728645956,192.18593002522314
833.5746221870679,261.45933573738546
949.3769872058667,339.61727215063235
565.9084551433851,158.60005287976128
853.0790780449668,235.24057849988822
706.9983300314805,221.3551394772262
195.19137094088896,48.95921312085389
588.5786578522093,173.91470367561888
1025.897635629904,306.2005020644505
736.5602252502136,183.2516983190557
783.990497542118,210.93388832985266
446.0160325189962,122.55038617271238
673.736818204598,236.83232072976338
1021.8404509573264,335.06897984968606
955.8694616453163,446.1888323553985
1477.8447645156716,435.06762268312724
855.065224904032,257.462858389237
413.64769609731536,105.68764589480128
751.8856263429898,217.99710533833206
928.9755493679688,320.19434737098334
589.0762228257136,155.83562820042707
255.82105897276386,53.18397610436386
1010.1155797122422,284.24788483545166
910.4418464549126,308.9858420704275
780.9664238824503,240.49633719845397
803.6161794832358,227.3017930943996
416.4107734175306,94.37198315073508
924.5777095439339,359.46073704323646
613.9024344467655,181.45612015318562
584.3924142240521,160.28885090787543
505.8431603315344,135.05426479684115
537.6107584552461,140.24852891444976
614.9092221599014,234.72661942175682
628.1082574467922,187.51452970542488
591.1665043472505,141.77867096687743
827.0265761608598,238.83694240163243
105.48708767801945,20.546047143041072
702.7231052022727,183.31218289064398
651.2040790188961,236.9458603609843
367.89880155426283,114.4194783095073
395.2189705262758,125.4062216980699
660.2859839419086,209.3206259908929
654.5224399988529,191.5362550879417
826.9670167266115,291.144099998709
1222.4527668390215,501.9957000202373
584.8934149742919,159.64180475244422
949.2110987205433,281.0703814717151
224.22760975965622,34.428311468209856
790.5477958532992,258.6605268973219
697.5460179213742,206.67346715319152
1095.3457815874242,370.56191168289735
143.19757870635044,31.950331373716157
583.2615093233068,147.95820313111614
885.5980344588372,352.71330924700044
861.9856569549916,270.908965721093
791.98767801377,270.2530678474025
387.7845277746518,72.28609397567433
792.5879811551563,264.0025811409779
1076.4248686686017,353.0291922911301
388.8102748722903,100.72961021400909
1019.0049456896829,295.47636978175143
942.6912726765052,328.4766198134143
523.7721631312689,127.38175319122574
1092.7925091503432,332.56807799963116
472.0515633726086,121.49128488161509
766.3807548649531,279.85223828101323
574.5059863263339,168.29989626442654
637.2939707166217,258.03562231517856
1076.797627211014,340.63360901188247
425.7374117901627,114.27844729336951
226.61471939919824,64.54171474474131
830.0218201262358,231.5618520776956
550.2177501612341,156.65693169445515
839.0265475890062,235.04312747688934
488.8192408810619,126.01395119320568
434.0816933196553,114.31936203738003
677.3442524253193,217.24755745612455
498.4850185729748,135.44296909475688
814.1136525020569,256.16225974893786
591.6496482801186,159.52467156257967
782.0742534749072,309.757622949206
944.0397332175635,252.63868214567182
433.4080284846648,139.51667376000518
561.3551476751207,151.79137719227114
533.2493154795278,150.23137896672213
367.4758422903526,115.67887204936066
696.4259924550272,198.1401313037159
733.5524216209651,257.1719978320123
1292.862381107636,447.8705651324715
661.3237210509336,161.79613998966013
323.6089190858078,76.79783282551631
628.0578641754465,169.9578506596582
905.1024525835679,324.8292529199255
726.3776171561659,258.06923412864546
361.90128748782166,97.30930012822046
782.6045902136674,246.68218859462087
893.1293349201072,257.2461745455446
855.9955107440636,277.57423129260417
574.7433204493556,160.53906836487675
896.279064719309,278.54263826102
667.2518699928568,195.9001171513497
523.3841012568022,236.7152349629278
734.4264942044297,214.6441352692795
789.4615554699774,234.88012930897125
485.1271910944864,184.66891807580961
568.9210024905477,197.24997949757105
1151.889945498553,325.36164225183
360.62604036034895,87.40223301421925
763.5705414231215,238.2862378737135
1002.930829477019,358.99020836399103
605.2509136621061,205.8563501245874
834.0286822076112,220.44317349028302
960.1713184310944,281.2634962956745
481.7525756498058,134.7365085529067
755.869533892927,161.59134043707684
394.91806296842424,85.62183705594482
725.0130741413923,232.07063467869952
525.2105462085779,138.83278761330996
731.8058530994058,290.6773136087062
545.0428962497514,128.41140495762792
326.51655103349543,86.3887277684002
387.79895330037675,130.17883421902056
909.6658330434977,246.57773299010097
1202.7083931371722,336.92623049146647
857.8214442619153,264.8800825269143
466.500070792919,154.30080266200756
543.7498175110006,165.6305307677663
211.6610016645271,50.560697905656895
963.656393695075,302.05967516004443
441.3530685421774,145.0377045506372
377.4256399788974,97.1664492093975
732.382676353684,231.16278358621224
741.6631597037315,202.0075398932061
720.8982180082004,205.6240939836364
1117.042964850473,385.6487892731759
367.2353362625258,71.08484654118651
1032.490365244679,335.4819489826519
540.0399915566733,183.65371374666273
1132.10086844737,515.5962986170451
1142.0178013075542,352.63818405215125
561.8974061227575,163.62669102432218
1348.7892245133332,420.5865221654584
1042.2188442542615,367.3410004000842
573.6088023335014,164.71852442071162
711.0064230254116,239.61172934478597
539.5311792887904,227.32866954028793
1172.2679312073733,516.4059403084802
502.17321207771363,175.8320429967709
1131.3003126808553,368.4926729534628
984.045757452523,350.29307552984375
538.188961734313,142.59770107640938
422.82083910789413,76.1026098626329
528.1069975253363,151.24782857659173
767.422556015992,259.33946090377566
832.4592443328049,270.8947907032498
913.1855658084198,247.63392475172762
1506.8751149506359,388.3776438829063
571.6871037266387,174.09334611140613
1608.9557165899369,525.6495147775364
561.8190732964277,134.6241714264606
549.8516040159388,146.98176646205698
214.44160548285316,45.22641042464258
1255.6988514676978,376.68524822144593
467.2277980258904,154.7124061864298
842.0831998071549,271.3366587992252
298.7104223761247,67.81175080228721
658.9612408942157,240.0287830824833
513.4550692024927,121.91418381209887
595.9979544836525,152.26012423602734
304.4791848638853,67.51829910233566
965.2495953229417,322.27328611072886
438.68508619293186,145.39675609202794
932.5444014337777,277.12923180743866
161.7341325502798,31.9536481896908
651.7062456796647,179.25634016680283
896.621746831963,264.15035039008166
309.17038798932066,58.332335116638546
963.2712244186846,402.0198799372883
418.8959862059159,102.74427595497514
1687.7105848716528,525.4928465789259
783.5532000172112,254.08014818551084
523.114546071591,93.41615798402057
826.5208855079109,246.6988019948058
819.1103311846572,284.720761896616
1090.8877809241765,337.72452978712886
917.4034599423354,283.89597620812077
493.87728903476096,126.7648217641821
607.7010638915949,193.24169726060987
954.3517400590072,298.4394394466091
706.2194229116955,206.32954776680856
301.55001390428566,60.929025330537264
650.070490413795,247.6292844161214
315.51257258418,75.26037721465205
865.7836499073186,286.2819128990157
959.624594512491,282.96536211098197
818.3512924716064,227.72585079409538
749.8990749756879,246.52388195359183
343.26469766579936,85.70070855162089
1084.2659021296197,324.5299126751727
639.9344748184228,212.25560344033727
256.1719791433743,48.208530072195096
403.8864724457154,115.06007679652731
477.6532539758775,91.63899355588647
474.2327014368585,133.4245100001938
775.475146704377,208.6936011763026
1576.1601164395918,445.7775331374888
550.5940073409538,187.47867818063034
881.1183979374127,301.03177401053483
710.7631315779499,257.347264405748
770.6364681388285,317.3032123211126
948.218648673279,310.0282562213388
888.3799062082046,231.35067941596435
1123.2676309899684,361.1054048394154
526.9234481620147,164.7388134062086
1029.3392552245732,343.38503605532327
799.0345343916309,328.9487315886182
595.0423604221623,234.39748687889477
931.2072757867725,297.8117356899053
1131.283198953235,331.8137871858804
747.3543776435846,211.82935413443096
639.8202399896282,194.7178208874832
1355.6738329699788,412.264412062089
1045.5253556418588,355.36552078175396
152.139506780221,26.75338250492805
339.78486190411354,82.50433383179524
314.68097236407993,106.21180396828593
442.54492682102915,123.28221473446958
605.4291363067844,191.34664057219206
448.7282823474721,135.87066387509407
220.93912724197986,70.02656699807896
522.5665801525164,118.02327311974543
642.7784050075779,187.19121082485606
131.9837383445505,16.041812585993263
392.31950688891493,96.8482389593446
592.0319460122888,172.89132593408877
401.1270732523457,84.63420476666293
1094.2547700286286,338.0039117560962
820.0900045625204,246.55488514810034
208.37800733390893,41.33391258961423
873.3415173572843,361.67219113200014
716.3747234468602,195.07538407180095
625.6859595800074,223.18032469887143
697.5625490660066,177.98693564102916
1059.1783426004054,328.91984828598004
840.3914181773603,219.65749616861123
474.4497497545933,115.86257358498108
464.9051472547801,135.99059055666362
187.09544551544056,45.13967075340392
203.4276626222029,51.24685907963028
371.4234059305979,83.83381276903454
439.7614374028867,136.99856922427765
925.1359550610541,302.66924985883117
682.7206526829746,221.83184480536923
1083.4339109014006,390.29729412228437
1056.682446432489,320.2926311753301
303.10124667042027,88.592250136994
786.3799692632648,209.35982781739486
320.423461574037,108.68417599277971
714.8495384411503,277.93558235891675
657.8836789449686,232.84628350335905
682.6488927382462,166.00850780842896
904.9837230187366,294.2492583435264
918.4417260636469,319.17461557855785
975.2309968778372,384.51116649337825
770.824167845547,271.6503123372214
421.91598936989834,138.6578674040328
582.4579899195496,174.04130434316633
607.5140723116149,231.50098523119783
859.0642837452683,222.62390358742022
775.9839030968699,263.7274993400435
551.1462060060688,138.15448880843553
305.99043360419313,58.792425999632094
467.6638731388807,158.6583936166393
930.4778837487761,286.8911731963428
673.6152065124724,248.82475733434202
485.78520746226553,179.9658635329753
377.9039463431859,106.88976400077581
1250.7996379014498,403.48638449847186
680.4080824453443,187.03086715000234
837.0096235068104,290.0649887771377
237.9685594131862,54.29382513440119
1602.9755006882579,499.449969093744
336.4720840096389,75.93548735665095
179.28453684091707,35.502723403244175
831.911189645273,293.86783070772213
461.83432872352483,135.8242892100514
143.35685068046644,24.594842252355228
756.3306894801578,252.2398703822396
619.1575328949407,195.36510923124638
502.7272511252753,119.19195620173166
1063.9833863942063,348.0702987405475
491.14378019719754,179.4778571457927
320.8846369930243,99.07350217746124
683.0871612718524,193.78461957598125
1107.2214183659373,336.9175376235599
480.1640517169801,148.88877763736923
932.3823503029605,332.8769020020741
591.0795974965802,148.65567285207666
208.21562663870074,48.37507080178238
836.9329356072517,289.12995454512117
826.4518466448068,234.02129208592876
1158.23120076151,326.4141179377784
311.0396618638538,62.75859401370993
681.1764037079256,205.49969973500168
603.0588203883437,212.25724239416613
48.39676889499333,11.66046732224299
642.6869746247507,214.58830791738137
792.0366295549911,258.2053996093091
136.53846158410406,19.723956114538012
442.3920833400064,86.78170551863404
750.2435541961383,201.2693872928926
945.5855701166294,299.5630751082488
850.0630905273946,270.60205256767216
940.1940821824647,384.77968858374527
561.4047460417337,144.9511445064297
385.20300146733143,98.56827459418967
922.0718412487486,284.49917482336025
1048.0900924707546,328.22203223463663
1117.0262351605643,336.99589994677245
673.2836488694843,174.42377684712707
756.93789486638,203.2947528274143
390.69206906167807,88.69471002567265
733.7175530902217,214.07753535471969
1122.839340126484,362.11960353761515
756.1730550971514,242.89225550132792
1041.9650580900777,323.1611128766569
1568.374812471536,447.10595792623315
826.5920769496576,276.10034492825247
372.33209939520884,121.7016571955957
853.546239208697,367.88693477118403
786.6087581792221,280.74871620773155
755.6660359239177,239.74654702463002
1010.9060025305199,355.75615835814415
422.24534358341964,106.54238409870176
414.3291357658258,86.31242140086705
896.1463091851444,315.1436858115205
873.4699901530714,279.18290146447015
633.6035569377563,166.93823724512978
555.330429175501,175.66289303468244
522.4325961909897,136.97344592380338
172.59683698927148,53.85543810827263
1304.8566724642833,387.0103888120485
826.4318082754594,225.44427280751597
1010.9175428508626,307.57030901328096
596.0344013570781,171.73668516725346
666.233953477592,173.2730108490564
949.9490438777078,279.9161779099508
240.56242442120245,76.27984192088805
1193.392889774495,400.3198995543226
317.07095307325426,120.08125625661732
621.2289253676428,211.51847275354805
889.9098771386612,280.1171318996562
924.9393333311117,325.6012537676881
443.946584806048,191.87094889528993
821.713455904915,259.02366844676783
827.525501871926,239.3377320427614
817.7358141487678,242.6230631326484
1030.690396564496,313.1771659726374
1224.981091934233,362.79494997195894
459.727814991532,127.43842984848533
213.53982247432373,67.29671360350618
318.70247514821955,83.92262281835205
640.8362835375899,217.73204794780187
866.4685352510407,261.3612356654397
666.9536036599159,172.79135076748304
619.329152943915,171.8672577926317
329.358707983098,89.38627705386294
488.015955365481,131.5614202203497
238.52810704208468,68.72797530788365
560.6739006424359,151.7922487224858
375.6612404428449,78.06068807361923
679.4281097794728,249.0402466755419
405.0804679422004,110.89326266874924
481.33041499488314,138.52099458702608
440.92570558503587,106.46973150188813
1037.5149621678593,344.52389403917306
148.3436112910472,30.346224504154467
326.00253812367043,111.55440949661507
1148.8088728292546,403.8581395218727
623.8507221767292,196.41107433009878
459.9660965413791,118.07113570371025
868.0879665445682,281.84864736462896
542.0928508655409,165.66066880070835
658.8461804822002,200.94954880799145
796.3239863735371,267.0237612671058
190.52887969171022,48.78453024771425
578.3888377631771,219.96396635298396
692.4689606324795,199.597675889473
765.5696630899213,306.6424531847529
582.5900364680103,162.68403346095414
816.6621479723863,223.09174427739623
776.0350114447824,232.6021096578453
613.0563827269689,211.70742348792928
878.0962336373923,252.03498237926414
652.7331494258556,136.03145301507348
840.0241562230729,248.74244882165974
561.0718840659111,131.59768996391182
486.46040454691797,127.76942925001255
472.855421187741,113.37502527491937
609.0371872727791,157.8397843395885
1171.842669504519,345.34978854754553
1027.9710671665036,356.6009405724048
768.8795364683308,229.50383039482762
1720.2315921470702,540.5597301414829
752.349154341714,389.32542130338163
320.89328159201824,102.10191938304594
1161.1950653821943,355.3978846182197
856.8245068403489,257.6258615833884
477.5939199168345,157.95969108550253
612.3251698885358,169.93128447885704
442.33306104872133,127.43920148605746
831.0426095684675,298.0409169323947
570.9174991010527,167.87238150353892
1015.5562730388235,298.9701516585267
1014.4959600662321,317.81684919750074
933.985735409716,381.36473059732333
794.7649374699151,228.44026876819456
820.5946497085982,308.4029861458022
696.2730369446274,211.62243927173685
699.6207642060294,199.97727050172173
489.58715889062927,157.80001209997513
743.9556821158076,210.62124715576476
338.2451043805706,108.50407823143826
502.8469230638526,152.20873850186237
962.820476864036,307.89419275436626
478.78568901749753,130.33992879151336
972.9645970677986,283.54631803826555
859.0947281429935,290.0778006020441
351.9644178509707,154.00693867338225
179.23930862441026,28.668501867338158
361.79125063234244,91.27241777713311
844.4819851554518,255.00571263347484
731.1670031190872,228.54432174357092
493.86968082240475,335.5533088875495
433.53915059883695,112.54714707988441
1052.9237263505115,412.99718678282534
731.4844528248661,209.38386017607462
682.6140855932707,215.9237463931632
767.6229801893585,242.41006537068782
573.8467732085542,126.36180379766455
840.3362301655944,217.94298545092116
1192.0572867267938,343.6165989051716
776.0513596846728,267.3658227927222
616.2200334571467,180.47430039673438
311.607110232574,69.29048447287988
447.2064471076744,104.16559998076671
511.2409168895105,157.66939636291414
433.8119181347968,70.4070571107729
341.34625749618016,66.02350484452653
395.63526657384136,77.75515582982176
477.04530061835635,157.42320097110377
342.9454561226587,83.3394419888583
98.3682768603162,19.58291594328979
608.6754158720904,177.19427047969327
197.44399672752377,51.479972543591025
369.88675898177723,98.9465398788944
426.94345485538025,126.78854089765917
481.99814881455495,139.8237750559563
837.2068828592163,255.31914727296683
606.8059799102288,184.37999947763112
797.9865186879778,236.0756313002174
513.512073625223,142.2258776543244
415.80604994967143,106.23900448599214
965.5287990097434,283.9838283259529
540.1591234155285,185.05850849477488
931.4895464333193,343.1873951745518
857.7153138010287,290.5152770725511
582.2107877045348,120.00217207076936
850.4539049930204,269.42567725449663
935.0888246582141,287.71781144256573
197.11084440722468,42.34824901050218
414.26586864584056,128.33898802345863
782.422081451231,243.94017000740538
95.18865187710607,29.539483334771457
270.0987295943539,68.65970805145821
643.9134746439073,234.17152276779186
630.1535763002771,169.90497689234036
798.8004293477547,341.2504842905555
702.1211319713519,264.2884712413555
925.2490877668566,262.5443856049516
444.93709684807357,118.03969051371604
662.6752419935549,251.09343449400194
467.6400992859265,151.38619050017104
762.1968656011114,293.25998357614895
525.3240667000583,190.60229260280343
593.9114382127611,153.01379965200408
373.60694662956934,99.75449107451924
1152.4786896284004,369.27571452424314
695.7160184352028,148.2016339252448
1201.6933174729147,391.91671021322884
821.0045855602688,294.9786318565831
719.7500556724627,234.55118856662048
481.96585811846876,132.6186126086189
652.3511807095472,210.99917872466833
581.2005965946217,177.38837742683177
505.0820719526525,130.63713520342301
890.9959798603302,262.5673186358553
670.6779780800302,203.40892000271822
1365.0585159866287,404.33197405226855
556.4366498307913,177.26926341953492
266.7511707948168,91.31212714838551
1034.8227767404803,297.6892163715257
1250.4806317334292,376.10318469742197
648.5846179622579,158.7023826923961
238.22173504780412,74.75307813727215
412.17555263030806,191.4732213053072
672.1313900303002,210.05170944198136
703.7411204781231,244.75263613762883
1170.196552624786,419.17084852230784
601.0350381871048,157.58024839459213
771.7061339510933,262.3993850015252
829.3937511911912,293.7363500616005
212.245920319187,53.20949707285909
1223.7755319615815,435.59486007293407
828.0989193794483,248.01969306426403
1139.2561051237692,336.34890657349507
878.8704672153799,323.3909100238264
60.44245219927748,18.54187687403684
576.2723731373931,159.0212444893507
708.4399261790434,159.5135259786655
374.37390964828353,105.44186932115285
313.87228691044373,86.51943299206354
1004.2044539273024,314.5488449115468
475.74670699385604,141.78868818949493
728.7202058674206,189.29581428411166
823.9442925948294,275.10487368238915
608.6085142649633,158.16956765623257
1019.6506008124418,297.9520703241152
986.2264814208112,408.2362962360785
582.5515210321898,175.84862843028085
426.39960602207873,145.95189184537534
477.10455989015236,114.05752317688972
851.0595736207988,371.5125799400252
992.9375507580604,398.8906429702783
567.922746576905,176.67703696740276
1010.5974129971721,338.3946973952474
458.99711525673877,103.76065032027428
419.6664804047272,95.72375472081372
839.8598992983898,235.0760783891089
1280.7934441515392,396.7907921039761
649.603721055485,254.2363130368163
788.1426741038125,265.0522168263122
716.7738554987119,189.32210714211783
294.04979959216195,59.96671983034409
375.2158127198909,126.40766714092834
698.8714103689376,206.35494522295326
640.9950907728279,188.28418420619872
788.8218142266717,297.92537474368163
889.4425006977087,306.46708338132623
852.5397485364388,259.4670653799373
611.5386515739112,177.88636494050021
715.1213601395661,256.2235861893827
760.7444186424107,291.69126435836836
412.66529181785046,138.45900253748064
409.7909131495845,112.70169027102166
456.32055181065834,87.86594091591152
865.7881861264075,252.43345313955408
1203.7117012505246,429.9587306176554
568.2070946120111,138.16721666001877
557.9112018390108,177.6349678969808
838.8940633656349,237.84032910778555
1017.1460983760344,293.3832765538277
598.1207582273234,192.39614782607555
705.188476036674,250.87888787828646
775.5492212090602,213.62440530966583
379.5437921423311,98.46920068552454
461.09346008431623,95.81311929348294
356.47503413953655,91.4386651791166
398.42794041781787,131.75670797328323
425.184480481136,107.60754760447578
521.7069022355836,118.54510958343135
465.76545207872465,137.82074917061883
532.3036316610273,190.36162733045845
1346.06365707036,469.9008803468942
679.780162270758,168.50729528884457
714.5490816060338,215.30981105550728
626.9514445475552,176.41528666040338
303.06167377514294,60.95145236249584
1439.6128262793964,455.5019093360111
419.9387720053365,119.5195864884822
1256.5876908113914,392.857624836107
513.9439518947516,146.3589823928541
297.0190421887495,84.84798206955855
386.319828814237,112.7426963541302
484.4903498363532,131.82294839018957
1000.2746827066346,290.5127651360409
309.935153274529,87.85822049440321
695.4321170620713,231.56683097273714
1276.9586005462656,375.4273805918957
266.4522442492147,61.549052032150655
832.3541680960483,221.48836588705043
1362.2995194373718,447.8021510253748
154.6620203600028,24.455005217907516
335.227480372708,108.92807692600344
648.1360515938402,210.94817793867685
806.5068587451954,268.6488934472127
926.4189344177036,231.96920576056493
922.7245301392311,288.62180379665546
723.8779246564287,180.89947914878152
946.5920069525239,362.2908586388393
786.2408397946261,245.76546840596225
709.27286594362,202.709989494456
488.1910600199662,115.10487809630393
1311.4611928999232,453.51017452817877
681.2457451953651,200.35330123431436
1102.7692492762258,444.9909721493133
618.3927714594724,182.00719040094205
234.3780971444222,52.80505393147919
853.2462644079328,312.2516251170362
309.99077022106997,88.30559935832895
550.8411749280724,148.88979500561254
501.86875472235454,145.93076418324466
1066.957197578905,320.52298938256035
313.90222026576674,78.56006773049512
469.20236656152457,112.54207078369207
78.79058544454595,14.76235799545594
657.7284151023775,217.03033249491153
407.18165216983436,86.6072292565783
903.995745118586,259.4836130694418
273.5338966928589,62.43186499552215
689.4961809722158,177.2007857224651
692.9931091993476,253.18557957744932
972.6083850746485,270.15858388912864
636.4292136856712,207.54012618878627
835.1233611397855,342.26720080890135
191.80350733624383,48.383754599833644
800.509222556402,218.90580583566984
488.52932019564696,117.6139090843911
994.7931560245562,449.7306840546347
763.8555014530428,292.4868400531825
813.7135921463712,251.82130867330596
446.46471783813195,135.96658077814638
819.7182388393413,243.97526573925336
544.908297289895,149.05354202246917
504.8458354566254,115.5710954698305
1170.415421246925,378.02782538573945
598.0847754581073,190.28516772704313
464.7541119768695,129.1617719282717
528.1641204492952,160.6247380431881
749.0921038206911,213.56671531640117
1080.2115298549809,312.45161004619996
764.1392395761702,245.4740640923485
834.4959936215369,244.76072771245802
860.2618078651976,468.9098477778126
924.2011904359973,320.63951922303534
473.9133397724992,134.24727861085358
637.1565565832564,175.0470024844666
637.0324247754785,191.83090865638545
256.8508390989025,83.3946500166271
1057.3579647613956,327.9129118416278
213.54232144505784,57.58579622780659
1151.0656541027784,337.2683935046989
785.4485360589621,270.9985699918978
324.81268277152606,125.44958559891802
588.2641265167831,207.84139716853338
400.37462564877546,122.65546542294697
977.3340042783435,306.70052081119053
231.9896838184048,46.88000424297016
896.4730794014333,229.87563177493962
876.0251987846781,293.34072199065565
1058.9808065264754,301.49368285785414
866.8670180991833,239.58006793897803
443.9412296305899,149.5903944120277
636.9252944497323,188.75405454210153
1169.9976338592255,368.06212915929916
173.7960994378168,30.721873634130286
1341.2917993498495,416.8859061536187
1120.454542945614,327.7384507017709
328.3538645431225,85.00088214110878
1203.4143054407184,438.4791621355196
685.2198408147598,259.452477814487
416.7661235277794,105.59361295693998
823.4926690331696,282.3776857972918
1027.4524548964669,373.87742865250874
769.690545049428,239.95011890726857
669.8770962156416,258.45718895860995
758.574642660315,272.2153780259604
672.7533859795017,184.56771858585387
497.4337263839629,140.53764635638876
199.78961022284057,45.045768911404984
360.70062470703505,106.80341826225471
654.1012560274762,223.5203997037255
453.92392321139477,114.96943771830539
558.1901414103789,149.03748899083212
1048.3925381695958,293.84085057129687
999.3039670627129,307.7001443205987
583.7616890972598,181.67029178868216
727.248360859141,219.63986816331965
947.4144386596336,316.17264143061
881.2720305563495,237.3766374293118
321.27747655214233,82.62967615286378
882.1411443583064,295.9212738228453
587.7686476353507,131.400892938414
518.8907668514864,151.59920887331208
782.2733348951458,281.17138374203046
268.159869343164,59.855196190700006
867.4588508483442,308.291201602397
659.6826233554926,189.58647925933806
998.1108008543661,300.7165381724596
339.07235894132754,111.67958376922249
641.2959542799875,160.942548305056
497.0511032712906,118.38112193166768
274.1177716658846,67.3365567375433
460.2053822974267,113.32881281559331
476.9287399205935,125.10569361860695
430.71072965373315,133.77504720265196
542.7194675429116,138.9156462979213
1248.060138771547,375.0992554246759
894.749114841878,340.0569774874624
222.07131258962377,53.164749384526715
920.6898835400868,289.86926163428257
615.5036676002974,227.14147903683377
925.1562629118382,301.2615538351418
459.8716549544664,114.53394574434051
447.33189390653,148.16840910659676
954.786302083725,321.8838643443735
549.7193009964034,159.45019734570315
210.98909912398835,59.50772974678455
743.3793663267758,207.37891319758987
615.8340426417691,183.50702286004065
969.6358315610139,350.66433705926744
939.9430908188785,342.13163310071116
851.4115113693648,329.2310394224586
468.3948618625632,158.23354462043577
860.8544432274439,256.2974470703558
589.1294245637062,159.69825994419384
398.1183861824458,106.67041381430415
979.0230470337754,390.1678578965207
974.529087374571,282.6212570876823
929.4105812575012,294.7419082085684
670.7904006661462,177.37083124224662
560.7437962219738,167.0695718857888
698.3056059346864,217.45677407499167
1192.954076508813,394.0922556841927
587.5445703751425,142.60481356666162
544.5700092526806,159.87540439572
464.18373192684396,114.57891156007555
702.843520487756,201.02760746267367
528.2758141792343,108.96238941112868
527.6665966806387,145.74270545262232
1070.710855079766,341.0853919119731
1009.0331442960393,366.1045697325042
1048.1359666800172,297.8550610834142
354.52832017413783,78.21404564111488
854.6512523115064,231.72192355760455
832.1359376112888,271.73726857632414
1049.393343445144,306.94671419013724
1089.6737354086572,402.5684579482756
891.759604738214,290.93703408519036
489.50885864080647,154.0542523537799
431.8329842277934,119.1789217939967
672.2695336767274,210.37978776089486
1089.1495374193582,344.06961915691176
462.99836930329036,104.22686855383722
386.65927784448087,98.86955926586599
722.722748832033,212.29273875228546
335.3914427541995,56.35479551638012
809.4255585811836,215.08610175273358
635.7051912855216,194.34009967033734
963.6378455922254,285.48894232972697
619.5602725629165,183.727086061167
407.8298460997472,116.24400456652343
731.2161925437524,220.4916011821507
304.8721269148743,64.66851500542201
906.7071517966565,318.75226173968554
588.005039231103,199.84176820082274
775.667944353808,245.83096029545118
1001.7536210869025,335.1527304406132
816.064767280496,275.8743223151079
1024.5135011691282,366.5060964120533
560.2209423712497,144.9958708457112
540.369068534575,127.3803669301333
349.14568000550094,83.45478459495968
1029.9310129802257,338.1026295557079
1142.6865837097162,393.29802407129165
387.1824622737275,69.74038141384128
992.6297760185132,293.1287518286357
348.58728780601786,91.28084870314089
639.8576103558738,168.10507028039305
137.0304118895846,32.628333590408005
1142.7083835948265,375.60925545920645
390.52694358724693,91.53143560746689
922.4886918165639,283.24002828664624
117.7888786782763,28.03637322269193
450.5556253232545,116.42270114734154
322.656025340734,66.220774871313
421.21069741802853,101.0905184978626
806.9968540393846,227.05607347262787
241.36792308624615,62.817415288263405
465.6797375258205,176.81373935507523
390.32406761954604,77.21609505949164
592.0640932830263,178.17409935548918
654.9070051884936,219.8148776101241
891.7205388604486,279.4517419551077
858.315651039863,294.0981786885939
1091.669604746805,360.77629916621606
730.6008602362166,217.97802897032756
349.56268356202236,106.082186985846
509.21625307985187,176.1697706249299
1211.8761645735929,392.0186787204374
316.6546162199949,90.78358794488223
334.6300046619071,81.74462017745313
918.776738424132,330.4195215733417
527.7763975872784,119.8985478185336
1013.9300368166893,323.2336385410902
600.4733351773284,150.5797130897615
824.1434859765225,300.8282080321741
879.0383103563227,260.5176518548278
583.1703754905559,182.29441275358496
1038.2905413818166,318.70298141013336
652.0869359372755,222.0373892654905
1411.387113027472,524.1773492485975
396.38502013899387,100.38903526664915
710.4084227204467,262.8279057560502
329.77265420988243,79.10151530271732
1012.0508620825767,358.4452662763214
519.3032401444323,132.29755192962855
692.0418786140051,205.1772498511205
698.7635337248129,216.73261400233082
504.4394465734832,178.52974749940125
245.15558605106278,74.80831392390728
709.2752668943097,215.00890227487622
388.3598667350357,128.0104845483996
617.8457363199061,152.57240946692087
331.77479163345276,119.43276215160411
1029.9943130654624,403.23238006344485
1018.94446788732,468.4674919770866
441.8110295475035,104.35360494243258
802.7628555981177,278.4272960576136
372.8425408794701,124.31378555947845
389.07176456955585,98.65359252542244
538.1729374399558,134.66139306569178
730.2985134967303,222.34054119131483
674.0587120831336,196.30022431603763
272.5278659745731,47.419372723392534
573.9926604334821,149.3796530377281
871.001625026918,241.0709675272298
666.1405398276146,188.87443829176496
615.673104579018,189.6510509883673
458.06793557788126,112.3360000358711
1130.0066400654198,339.9925163603278
723.1605833103049,221.52332175395588
414.49688424305316,104.34718935919355
593.662746920281,181.5482884618249
455.07719406052576,150.0049176411638
454.0651686526925,127.16736801248912
813.5548459031704,261.34143624525143
1223.2058425132468,446.03087737789525
791.4391974738414,261.79344402387517
565.8786750290271,195.07674618580347
670.2813358342275,179.80347745973242
348.5462785751658,73.4846943097918
451.4063366300683,113.32115984707247
799.2715097710982,325.6335541513292
663.2234925185569,220.68964131468073
567.4983896300516,132.28048952835866
374.8971428538922,99.79277879940143
182.09599534745297,43.674579374536215
986.4029224018391,276.9023865300575
359.74708770030367,69.32919809039808
380.74364667104146,110.80565128856409
1119.890021165367,323.1187121211276
777.393522815849,194.1923424191909
1037.780317421808,288.4267452816926
573.891324498315,243.75001001658543
331.5520546224381,74.26621167502421
305.63260168818454,98.82949529284687
536.6456311843289,219.3864569765287
1153.5041720935226,385.15064158911724
248.16131004883786,66.46878414294794
855.2206584317312,303.3980082122075
717.8292665032279,253.17361950354524
327.1903505946639,75.00673254535386
718.4181957060451,236.7072194326649
694.3720827059126,195.7338216513049
201.9640871861849,63.459007183257796
553.495564558316,144.46998945695947
549.518806540892,206.09729669356986
402.1726602970281,183.49692243511763
562.4119457141936,164.25374680511536
889.3329688778298,287.33044466047454
1060.3223008440755,409.9994771585868
246.7473900374343,61.70279554368374
568.1587984010787,179.35732035820422
405.6701731723508,114.38041735321548
954.3564715669429,350.96554615753826
874.0228200309696,262.9858698709744
515.2117498845182,129.59296340548107
647.2807044345977,193.0316762193918
141.3938285711979,34.375370306902795
793.039897033239,267.19110923406447
560.0961998108678,155.80642541216014
560.9386082883193,160.99598595995445
774.1509391346385,266.78209250441535
549.0967010119577,134.04120635892986
345.63959766242635,112.34840636145023
799.6473547641533,215.838704579736
1142.9472111524642,385.15666138774066
542.760060710035,167.4082438522171
280.00631982861455,58.677294544443754
768.9882064509383,374.508236534225
178.4020579765541,39.15755621090998
762.0952046519125,229.8656465666198
872.2006159664675,260.4632152860105
961.4279111075793,266.0595970437807
405.1876702278301,125.03742059750518
882.3025209139442,305.93302796017906
523.2179613428189,183.68685920256354
606.6277389947916,183.55220739856054
615.2113851729006,214.47883091672006
454.41066044389186,115.46941803279961
610.0676873683403,222.3775406368464
868.8767754546514,256.45623971544535
842.2393856358312,212.91867919188567
714.4075169671548,217.1125930134278
491.18677056930443,150.64778431753152
717.1554492049133,226.886112998046
422.4569676009036,109.33211141538564
865.7852178480088,272.2158843465756
499.14809897996594,155.77463793770036
1038.417200998882,320.9163996002426
730.7394199929599,188.96460382895154
829.5540268055673,267.1848662008856
1040.1760218860393,304.4404972484831
748.214282678904,171.09505835861944
485.1455241233475,146.45783044741793
649.4344282724126,177.67963434919872
720.7082363610307,232.86305308826496
720.1656859441637,212.52153841635797
479.3194585623619,113.30362675292594
434.6426370195445,116.29608405598009
603.145817451958,185.66356939371445
761.4652007054328,223.64712148153575
384.80483156104106,127.33356211416435
868.1459325067843,299.54280871958923
619.0323437944961,233.5818934545469
781.7923314914225,245.6875436052554
558.9689501226972,153.366018806214
548.9398618909572,134.00592635903877
661.0537074928178,203.74125683696704
878.2449922672206,313.1116418533574
229.6810999006019,44.78429083489596
480.12675001398804,120.16154527687043
534.4843526626488,140.88564100675922
717.9194248297953,227.96412253476785
394.23105589697167,101.06818550310592
1056.0248894505014,374.38141443683986
1308.3860022636272,477.9887707826153
591.9442832947384,147.96185315866322
768.9833493142308,260.19482840240164
1268.514678207121,409.53086501664626
452.67177754216516,111.65908202849934
298.8738535659689,63.15911699421441
810.3450701220313,258.4097203863014
1014.7583039561644,304.9578258130975
904.7654387147393,256.7027726129455
545.5146457381517,178.94951649150667
737.0070487321261,183.4735633814661
1488.2979661811169,454.6514761078203
382.66974211741046,98.49542029443622
626.7816997731642,195.6020146943995
594.6566353454294,206.38294077593036
1320.333240278195,454.0026816499998
306.03207333603336,68.75960461288746
430.7498032300715,132.43971727101533
620.3503587914909,195.51146750006205
1137.347322105782,347.1583608919359
387.97187656866186,110.94437828683508
964.0921837067972,309.42845260345155
266.78605714852193,60.54522979660325
684.398617161313,261.9019561529539
935.0245087532329,336.26146419896685
836.7633763543714,273.6811704767489
399.7526256725663,101.61914000468506
322.92488384948183,123.2446513659696
641.4389473851446,173.3178657369327
1348.0993080555897,428.3243550424931
691.3139616494121,189.47840363876324
371.50263185184434,110.93828788980035
715.7773358326641,221.96304407765956
501.0086992227276,187.69175918573586
612.6862575471038,137.18529346090662
426.56520931451564,138.49719636292556
597.6503733787522,157.31273111119526
1447.2786624279684,503.45064831410184
545.0558937959872,162.15049198280946
1441.8888105373662,551.478199330558
1378.6666692869958,431.17338508534857
668.236022807206,183.82031681068267
658.2319870312999,241.69271850831262
422.7268059702618,112.0118603723355
1028.0050087798595,336.34985278812394
57.83808051014695,7.160461095224815
1042.835885123727,313.99842042660083
304.2556493978291,74.22492015967103
402.6097266158059,89.39552461228382
993.3552049279117,332.90175688025647
717.4410515799176,159.59181032597698
757.6287177298345,245.91265321691
478.6676160388151,159.77647337627997
330.1422284931356,85.07066599995856
647.8462197573659,200.33159462866683
297.4499783607574,65.23013263305337
618.6973852428712,176.71039444268925
923.7989035702108,381.2287726214233
349.5372933873974,80.90891179113794
608.1106425626974,143.02093029163393
329.882941523303,73.6118107946944
625.5545718808,135.77085609403827
1137.7017275969138,348.9425755897104
277.5651699637709,78.09632023773554
1045.3383744477942,315.6832076824213
249.16121525838946,71.93975225493337
791.6589908198879,269.01119069298863
894.456942022985,289.35887008409253
720.0639592512164,236.11636413059162
758.2147466761429,221.2601255304562
397.8107921609708,130.9356743484833
870.5479157544679,439.21629187256
1168.685181802133,341.06340227013106
817.7871935389481,228.7040235477942
999.6002642182777,287.6522405231397
424.5863571305682,137.61390098173248
277.8404437226094,59.00754185372544
867.9934718389678,315.3177212993629
514.2320755300184,160.16362927483652
145.29957699447152,45.30266988309231
298.5640216668261,66.87901375237568
700.9420609413063,151.0403297350627
396.52009947657666,124.94151475999952
1063.549236399369,298.68424441699494
508.10299881047365,163.39839257037843
974.6725330873278,325.95842434979915
778.9490588778064,263.28265859330696
725.8848446108364,263.2582592282385
1312.82781857784,390.7323246514449
1119.6098925185504,368.0068110532949
851.9499453631139,298.14085638756546
707.1407300392161,190.19489201710377
927.7343061559989,306.8890587979372
806.862942402184,226.41242765644574
1346.7791447171976,404.70740880438507
426.44142228201935,118.41820134842345
629.0714715701158,201.4728572879072
402.40321081536746,94.42811423015002
1429.095816152507,487.97650136941627
557.8509163002507,160.01347951009848
726.4071423307963,212.3269346025161
445.58732760393434,134.49814673968373
248.5489692867691,82.52143934022719
1269.8003030931502,429.548993146098
285.9112987820668,63.74049548629982
449.9810272414523,121.4479743721072
934.7897492866016,297.2651911773244
483.63802466033565,133.01499794304584
879.7490210471003,271.61374220206346
1153.5170051518412,449.7054027917836
614.2491863968646,166.81041504822542
1063.7258400929177,380.03341456341934
385.87502668634755,85.57669432742999
421.7483545123727,143.7920330597239
723.664909259993,208.58687129001117
409.80574122668446,141.58225573390638
874.498862726333,295.2559314675592
198.77382998464458,63.63624053865802
952.4539912670637,258.18706296203936
751.811903278969,195.4659363382661
45.63053235693057,13.975474138549714
688.1050290228898,180.36602863270048
708.987837801229,227.91058029548202
360.54235082947275,97.28489137907638
608.3364035924221,219.89562368526506
435.72788270833496,119.73452256794695
763.8523160107723,227.53318836674734
558.3462292134551,170.55665206547076
1678.6279334155197,594.4268647549504
553.4968124262784,160.70028087835757
629.2686780042832,156.71520129488522
476.1979658746334,150.7484958999189
652.1363189458197,195.7327073508188
527.128385786836,168.08128969970787
1586.941776841446,470.1789340790149
626.7667002754931,167.46646418048832
957.3813903386333,284.09574939578465
382.2580834363982,109.25905105515344
1441.9004396849596,458.7886897589218
472.290335151363,106.99967066378042
782.7383658348923,277.79920945171887
1196.403462658319,364.55016326422117
920.8491089199173,292.61650817813563
944.9917695272903,315.6944115060009
530.457207523295,137.18553647290818
540.6183980488337,200.2161717021748
1018.278499729159,297.0610512762954
356.67608678444685,72.94696476584862
713.5375352265654,217.39546483489696
795.1916956121474,226.3242653178633
812.7951133547269,338.4133090910965
944.5848697908403,275.5445052278693
681.560992374214,306.9239877905997
565.5594846590591,188.08904422503014
671.4979520090848,236.82455860900848
573.0510876300712,159.55919708714853
401.81123337138854,98.7547449099678
683.1100785579075,261.340879117077
876.8547401573787,296.37930651056274
1177.6863440034736,478.1851948681219
817.2859709292134,270.288804732191
1907.6812896217657,599.35682543184
841.6217257117324,285.4098945745972
341.5493508612294,95.56700273397668
490.1814902714799,133.62223752032983
278.95491525764095,89.57464910327568
1156.5674266159979,395.57497483110484
941.6534186140893,310.9570913574042
713.288221526274,182.43688067491453
749.8890690667856,279.634945100153
272.67473722056576,41.5722189090719
304.69341060346767,97.87619851402708
1223.6521538244506,441.58776451400774
920.4387540700354,313.23205590780407
695.0690560206798,215.68855606152124
1504.8382987908844,414.80766417028735
609.927886011457,129.51958435084217
1245.9427256756003,361.29557114833733
998.6928155777084,384.07410209578444
123.58601439311877,38.26503448317252
273.85520257065133,39.2459730416396
955.4226686043453,313.74229074639834
417.997279005471,148.58597804443139
926.7796751339782,372.01031229590023
414.00506057842426,140.4081981919794
1081.8719423350171,403.63835829322545
635.2944011743127,208.04709723055345
610.121769565181,160.7219929233164
339.9862261054853,104.470212220477
382.3019416680226,113.36081328386385
470.59914660158864,116.93799099682468
437.6943166498994,102.9561220860194
538.2869816925773,196.3931542323073
637.970848353054,206.85169510683411
162.7750738853654,30.237227156013603
612.6390692494246,156.27524603149618
1171.7164988047539,349.4451270809939
580.9986982635617,169.15293514114103
320.0644576138089,103.32784702728998
871.0023288253888,245.47580930428578
730.3072021318656,252.82466787203197
454.1355699624686,119.67824975206817
652.0245376686198,177.89133458035468
1142.706584625593,350.1733903605443
875.1579404433605,313.4612826326402
373.16878041004975,97.20992569318207
156.550781194724,48.79038739214607
932.3475046225307,326.41344701948856
1073.2255972629753,357.1045226839916
387.99195736262175,101.15943249121551
650.2137531885658,226.50015289525965
581.349804478295,152.5074324431112
561.1389427222649,170.91018887854247
201.26014067777524,49.621132258130515
931.8355246113333,299.8611278599353
706.0458918187812,234.0287202369063
728.0738690276102,182.37980457353586
505.3366310506712,163.0270390584699
367.0487333465331,69.2926206795261
693.9633870201907,190.16870717385282
995.800219183695,327.44324518192195
927.5982428719705,268.394246037767
778.8146374766307,236.40740060415447
621.4107097724287,162.6239502402076
747.8226315959226,222.22986578173825
286.163637250686,55.1896035488114
458.13553266324857,105.4618204183078
785.4446316423507,295.2901685572871
620.6393727261523,193.462897935311
805.5936849681924,216.1988124662547
503.81988760254137,166.42800666156685
532.161957450553,121.90805445138643
347.5712991454277,91.31274901446311
511.9674173708429,152.11096322483257
343.9286206231573,118.42721865951403
775.6122526465899,262.33457990548663
364.53417572475473,105.89600142749875
801.8958681445301,270.63390471145834
609.114747014661,213.8352789186818
417.47657170046335,117.5926318085007
704.2083658944098,202.60199115482467
650.7847094178557,202.10875898157136
410.21051718132054,107.29403837014037
384.70066580940124,112.71421503241137
926.0096518757186,378.97094561367385
1190.1656632640047,429.7139235115131
759.2248512100051,241.36932915615003
383.11099541363416,83.56078732907037
468.11027182930684,137.63213275014883
1267.596667812027,388.40934208282323
837.6276884281219,236.72183360048962
478.8731058547227,132.7525711878555
1018.0691737923476,338.44516254851777
760.6278373462683,281.18104566519656
388.84109448968496,60.76205756350415
952.1877596797965,319.715242420992
628.2157870754681,156.17251254788349
724.2502038084352,230.77250477210623
731.8420061126229,425.2879656120959
335.3744143339521,108.77023764573318
752.6889377375013,232.43967260745612
1273.2069915701031,410.8122147814812
336.7380059497313,73.62065389998207
315.9073226128005,102.11683213817925
330.68718757825525,78.81381815759018
734.2682683972112,265.2717279053056
1054.188078299085,358.60977406564115
632.5913053337333,180.3205819472255
542.4369237353017,153.83176893616346
679.4699978614087,252.94776623473956
1099.2962914375544,397.54125902179925
526.7635718031223,184.10162297969106
461.69884031067005,114.52495838729826
133.84652375129187,41.581540229656014
635.0659740424892,178.24634244737362
277.01924383800673,47.288943200972675
1185.0868083270389,371.0547019889285
749.8366017450928,264.88457450837893
669.9373829696738,160.87749877829253
627.9826079270154,203.62032117826368
432.888560077237,146.03351605528047
771.7518107276967,220.53926154811725
461.32521842229414,116.26262983360962
560.6571263732667,149.17573872717895
189.3892895768513,24.53693727392911
426.76629511819567,92.52905403110388
1455.630743379901,422.5518270231047
720.3115105953334,246.97613161378436
852.23840731923,273.37888941287054
1136.5696991030075,368.78477389282915
715.5374704389354,231.76703202839238
770.782541476834,261.215215882132
609.551978192693,194.45431712356154
258.56808762296987,56.88096288843728
482.76876569172254,167.1620270568928
891.1272604858789,322.0447774467814
714.801850338411,190.76633253937507
822.2586504658475,228.7182260768661
854.0816559513786,439.4743819819337
503.45599293234625,162.48040859360196
1144.1268568280348,341.0755870760926
569.977417322669,140.72255666910644
675.8746371971372,187.87268211345813
604.9336021136617,176.70919657800044
502.5240940681954,150.46544581723344
1031.6736408128743,378.7810166551867
1014.5198728797072,287.2078382061847
426.3744824470453,110.06560234403656
1179.4403449720392,409.75355987682264
633.4401682680956,160.18363308935287
990.5980822319669,284.11567510700456
882.0407807396548,245.4219212726812
914.3473842939686,282.3035306040619
1041.271467339631,343.584153631598
977.2816035692709,293.0001251224943
357.57611282896295,93.72312308708572
786.0021183613868,220.2527433993738
223.82786027346197,72.74179694973722
834.1882590408178,282.8532456304805
714.2314840213946,225.25478889099807
379.687220780638,103.62389839418961
219.85579741854252,69.51641815768014
416.72928077738055,110.47128771121682
677.4064671065162,209.83463138545585
651.2111693246053,216.80832065259835
653.2565695704951,185.15656715744987
391.15301195537313,110.1971074084249
670.254151185683,195.4407468148094
640.2003800015889,152.63615846640525
732.3789301298852,209.71384979871078
728.0147660378959,269.6818771328149
267.7561988706727,67.08516123103597
558.5092084327648,108.7396162666256
784.704056265688,222.84548592321255
898.5790003946938,301.80755563924777
1229.2262603873896,479.92810073079755
492.56548539594553,137.05539161966794
585.6277043021306,169.60190975032347
855.5346874366127,240.39230132819614
465.96976688566696,110.25804706450411
360.21850396372355,73.90003042618277
490.6089075712639,163.96559355103398
380.9587171962878,99.70913030415525
1036.14283940929,319.1962975919281
882.449886299499,291.3353468538968
822.6017785085285,231.06004421835058
450.5372442280501,110.72711672909081
769.5246870292204,246.21164489066436
562.5662410301757,138.84003056310334
813.760501070382,219.80902586798143
413.17611240996723,118.95978886367307
358.0815583104249,121.15791783067779
522.1213678886209,136.75428520094485
708.2777740055715,233.1244453714619
209.61093198799543,34.645605464250565
1155.506286356083,355.30679390326713
511.0416259444366,110.03271100202589
824.9702528909692,224.38171241820032
1050.497138011177,355.3425995320939
714.1576537751691,206.24268307379705
998.6782691422454,366.8428516579108
859.5825583570822,282.5331703076264
1020.2015017921912,354.6236675377951
351.9917864153715,101.75543882727519
139.7430475303141,9.053569363718568
631.6257191845731,214.15438126367346
976.6650495840752,257.6267386085113
901.9955241626643,286.44404847046764
621.7769883135325,158.36741473949232
422.67536847295634,87.82920193642155
599.74602249772,199.3545429260904
345.7004931003064,109.96516864545148
629.5320410445,164.32820309555464
942.3500302331956,391.4330019117272
565.1780873267446,175.53664246353762
559.8070875905529,193.38214875351608
644.6280446418707,205.65750457907447
773.4223524698114,278.68429993482823
935.1709099312814,349.4767170678496
670.7333987414336,279.2846290450195
1480.9993566205944,525.9967193990585
638.7367938746,205.0036601004426
500.5037647557743,173.03218879084974
656.9688777626574,148.61287884380553
608.287580801692,189.16902233866637
653.8029137750406,175.42917496600444
1249.7127480833692,374.57505737100314
434.6057671702338,130.1232235182751
141.58255932386723,30.501866041562522
1169.8346227117922,368.2838371983037
909.614078487876,329.0017996063858
870.1651112731593,371.3626564865477
637.99287304463,188.63467433407789
605.3724930801613,195.4441939576027
615.1738163618551,181.7346634992097
581.7826828331645,156.9713467356972
144.36551662962623,8.471261443537868
410.32024848808567,101.01061008222582
726.9077473880915,236.25751603212282
519.4651455970767,157.6133533893485
418.3312100508107,153.40667521426496
293.41822865888497,69.90236415418848
1100.642501666865,369.56112671319636
773.8143328059077,217.25359575803327
1191.7357247326527,347.63413115164184
705.637080220855,233.07403493889913
1591.1626968190965,471.8704338334877
586.5812259594006,172.6896436051814
900.4694325765479,313.9809626004064
691.6064867404705,302.0861284227709
280.7490987970437,61.868357696208626
692.578448667108,235.47620249387856
433.9475557590054,93.3716164639279
372.82514148322906,94.89332725506407
1414.5812897713763,429.5872029852142
907.737021092366,309.81839144009774
1316.5236235957918,373.68183037733894
279.3584861735653,73.91542509303905
527.6084845521658,196.20785486573155
459.7458021192007,131.63726164386307
938.7963920064,261.27842026071136
552.894299680117,305.5868786504399
147.01619032245551,41.39012851686226
1228.3687059115778,371.3781834202234
1042.8138599912863,301.66327790058284
761.8033090457778,275.20668451356005
687.7361116903257,187.80498004648084
526.7540097528081,186.78671689032754
832.8657220832661,318.3191656638584
1104.9616358704704,347.93010391647226
865.5052672814966,282.86927064003845
881.1491629711475,361.98899200817755
645.6363215595513,220.4557412653762
634.6841524341949,166.78240787001127
568.0798798250185,150.0284558785788
601.026222511827,148.50656856294907
420.0738845692281,116.79801111038229
723.959724642813,245.61121599161083
840.4972484771286,238.2417968837607
231.99534636039172,37.27607153509264
286.78738803355606,78.92574768679752
754.487782995233,248.563164624429
642.6454098515873,188.8051649419294
1355.02012845798,460.7478969732048
722.2780950658264,286.7189180307059
652.5368145538896,198.10108927210962
1096.4162301747024,382.04851762725303
580.5104727441288,188.64770697494058
816.9643858577872,233.3219159851965
542.7343237748184,137.50560237046736
1067.9485183014453,304.17592531063013
972.8428818051395,234.4691765191404
745.370197122719,300.31158935912526
857.1628338713194,310.5059304424149
1104.1080611104078,331.54994412265467
504.1081779213265,189.59368441751292
968.9370731299882,281.83226823681986
317.68898863094483,76.50343694070152
610.6108581557233,200.6562858446729
440.32411216427886,128.77092929559993
933.8880254030119,331.38517310445593
545.2495327654028,137.46343898039495
627.6921212835464,157.99415885278611
579.6111863296748,159.76684908187752
1014.3396901507678,383.66688664988055
900.7799730676452,283.37313430017286
972.1175097548039,278.4374343307724
361.5342208089459,72.63751696276218
471.9965836738341,117.62589146200234
1328.6174825997864,485.23165780651885
989.3094853799387,305.34602199097645
496.59400295888395,149.61190156797946
719.0487355292922,191.642934013641
546.4330738348685,193.6073291002064
846.664831626375,238.1599232991909
958.9238827734818,298.64094978503596
742.0546646866904,296.56714565734285
514.5595981877175,173.2418307678117
477.74048703742164,112.6810816699317
751.2562920084443,216.00512576462822
695.6128801410787,187.50908156832094
393.48629917617706,100.23608669017138
136.54079294374117,27.10971613745998
720.4826148198076,190.69799539578548
1127.2780234444654,328.3105378098144
450.9603991134223,109.15690805534868
512.6962627811283,149.59248135568103
610.4252291671016,199.81384401808887
824.7461276188249,269.9575082201476
586.8131092690592,205.85947503135134
750.4518649263468,295.53829360733477
926.2457611325163,269.8394940885534
1083.3765602569242,328.38489378765695
513.3684929003649,142.02403978155994
815.0697387390137,259.48132977597345
520.8870539861011,151.5667805461305
587.9938778392087,135.6512850289109
464.4554797338194,152.21211968709162
907.6113756887275,270.4425885477384
729.853821048644,245.96714000753983
1024.7936931986385,352.44004662103566
853.4889293289239,252.30302016862288
739.4395376624279,245.81741929518506
319.05025285166784,73.51632748868047
861.7471081450149,362.71793854921094
575.177009695349,182.2174552220476
641.9557641248964,152.0845144610289
537.1041094246281,160.26012868269513
443.7660910279509,148.8394124366626
582.6475464265255,200.0071583035734
944.5227397770675,304.1253836420301
577.2524197143518,169.72934447036116
405.5979313919305,94.18431806885897
880.2416807686698,270.57076971109115
654.5004776986782,189.69315678783352
490.2103918761598,141.66061696687214
942.9971727106372,257.2002390723405
308.7813949781503,81.23242686440096
528.2534664673063,129.06242135873862
960.3691159422829,336.63501374209955
711.9346923073741,204.32296529232266
832.7116412586057,307.5094431813123
439.25088051191256,92.32188226578457
877.0139824355324,408.5010033461531
861.9828463253288,309.63091694694964
1160.5422042202356,341.9186728543722
499.0812863286469,143.57012279420286
744.3338308622485,169.58218825349508
605.9023276789032,181.16999771340923
846.1891990548339,293.6660336458004
356.3710152622252,80.0405955812538
1020.6980823176815,336.64083792888664
417.6730211258467,95.01535654573149
385.8277419286974,115.60368316581044
610.9914677307438,191.35209175141168
1190.4737592420147,496.1197811898629
372.7121054983587,78.33869998959517
308.74774564838293,72.91673950613043
347.92924094351145,103.13729500962971
483.91182597275986,152.4543255048015
1009.1221460070412,327.0221347703016
257.4249048474353,39.641829482702846
1247.9555242449292,368.6674494837744
962.2847977725339,329.57953884413394
620.610292208009,184.78517648931862
944.4148886848193,348.9898893837323
896.030144939001,300.7279251726487
340.31298534035903,88.88930048319654
542.7624612865853,143.83309554388964
793.4658253712348,280.7863845121098
745.2617238348455,249.05846304633727
374.08008868227523,100.65374938968566
530.8178180931077,184.4513900568749
648.0115019402716,205.50175801373817
462.2168812803312,89.65052918365015
1165.866056703865,415.4592659579194
663.0826792286997,230.96962985613007
823.3825223643752,251.54630567129718
69.14808011682376,7.987040359434404
649.5776235789137,164.18453855665584
533.7652514369889,127.87609851960998
509.1731708236804,140.68168598111183
1265.611330069065,375.81663058874506
407.2917226657768,74.22087163223968
792.0129651611014,264.1037962083319
540.987053728446,168.3762340869907
491.5673219089183,91.9129500890383
165.92499227348145,27.248517503220324
1518.375629432995,457.48669023998735
788.3155630096518,258.062874125535
717.0594982391558,213.22999804433803
601.0850251244221,178.41057616909097
652.5458295683396,196.55502164420614
223.33651361195004,41.13110552605378
1050.4649285273124,352.9986283903533
645.0175307921261,245.90416271480197
236.62805202309448,54.52012323807845
262.12373000594187,44.244990794580275
206.73095425849053,46.298762832585226
949.5544558427434,362.84495232885513
553.9908692417034,208.5221728411396
580.4970200310079,234.3694820328782
714.3185519769524,273.65533071497424
420.36304685623395,97.19449964923166
829.4777122199354,278.9692995249528
804.5473798372367,213.26030691264828
500.01719181984816,156.32061867861137
894.4859401164618,273.889550038275
945.0599132211199,312.1705311975111
630.5144093030627,181.42820611513025
1351.2119730061,448.73644272294234
436.9805867061257,124.30012129529842
578.9809293378847,213.73791711843273
333.04559507157063,74.38127501432399
853.5740243635543,235.92997578481325
494.480499218289,127.19197735962153
1051.4692318023185,337.3725407176908
428.6360217907536,115.86808834099028
674.0750082575419,216.62898029006104
667.6716710441622,156.29838958735021
607.6971173564128,175.71931796097954
1590.06831284163,539.2773136260724
701.4718387342646,216.36036446467736
1160.597289799643,359.1796026008641
1165.7736877676152,359.672531569796
815.5030571840734,247.00343690130785
405.97428992333613,114.39000925659728
407.9394764263021,101.58194498292701
703.6430641846857,185.53642358544192
58.96570016716068,7.553305689231853
524.042087695709,99.2044664565162
533.1126204673137,145.6702938576275
1060.4858535765218,358.1968002733546
927.3245316289357,429.618273411655
1294.4712743804685,430.6761642496391
835.2696992130755,325.78336866652097
703.090283297193,192.86340886439257
325.0160673598002,64.93281878564463
904.6327569861375,318.8843535794925
273.1126561289461,60.28015148363584
375.9024064305432,83.73632865802436
1161.7149599541626,390.74340827117436
465.9077796624408,127.5894425366759
781.2180702568659,250.50131160271266
508.6384741431023,188.28868267857845
773.3634889521732,198.85871070166021
973.5554803764792,299.8366732546042
835.6067244030472,304.01899379895747
1131.4451742184426,320.5525666763244
507.45735533540216,126.99675251903282
753.3557737756507,353.8514082221805
397.18832419861343,73.85665078429082
233.39334353984353,49.24302835135475
707.7332999392122,173.19874545636267
461.62328618911357,155.58520952876918
1019.5190944553381,299.90511570241085
748.1082892258448,245.99346471379107
704.0907565747356,201.40101614058324
686.3326584788412,231.79082308542954
482.56735234413765,128.087082859438
253.9189580741185,88.33933780660735
866.9715840617289,271.0232057276615
559.7926287914087,196.97882049418507
435.1098497677717,108.07177122497451
711.547686551969,266.7324975496727
978.1533970940509,293.81354881717783
450.94541285373055,128.84122388872086
509.0397423077245,169.2983824837984
1111.0400518172023,348.7268263530706
944.6593104285524,261.2853001855788
427.61024640550886,219.83976050589789
691.7307930803888,207.56586671034916
927.2746925520171,332.1718545740506
372.48195780928586,111.28704413539383
518.7993870187903,150.5051402054137
391.76679577487744,141.8727746764106
674.7679302302138,196.84895561653005
745.8228310358281,237.59699172134995
795.9584519163121,268.65392414852823
551.4878235108711,121.87942137913174
519.4005476667814,178.4848777227354
976.1850674617172,326.5640975255875
988.746094133084,266.2605499028929
791.6203634883491,207.56849197247564
842.7879342212417,319.41489099591666
934.1194848093578,330.98128857415253
979.0989210831759,313.12392633224385
891.9005935276779,336.3651280333064
348.29400108443997,115.14781873123196
580.76943098354,163.54716894577433
1131.2931154029086,408.4737471610862
1386.9492290989053,413.57010747547696
474.100043755456,147.46916573534938
367.90383455886393,70.05566879601487
754.5288094746713,295.027960827008
528.7096890745884,119.00580000636282
499.24883088858365,165.0012563501669
342.1108197986651,77.31754675130252
860.0224231169686,296.15406247960567
391.43763359123125,94.17223955662452
927.5507937660124,296.86539493289956
263.5890013779913,63.054015807567176
643.415375421672,291.32327677799304
474.8685667208508,93.8293206886896
730.597274866857,208.95156398405572
361.898120324415,107.54254539512077
600.5495362480734,285.4569973279463
1327.9181393907027,423.82040490326335
964.774072327247,330.46843416872935
537.235419348021,136.113848839383
379.21043817676406,87.16698706746527
1484.693815887017,452.1076629583571
578.2275910066053,206.14945501669524
217.92744265219244,48.982560464369634
564.6108293193246,169.01030238004722
541.3637779694529,192.07858030125948
598.6251000810257,219.33371371668903
379.78118469466494,157.1692878653502
489.57547789744547,130.49711101347296
699.6740239255887,245.36992965480638
680.6986083078797,224.61537030404565
662.3903031922067,147.8304184802812
363.66965049509383,100.01359402500889
286.770239914227,93.43978724405177
299.2236387317325,98.1526539207523
785.0728248370572,265.7346174171244
439.42355024219734,108.1076617726541
626.729893846799,198.89403684694807
236.8036467027462,52.567867660857594
692.0671773828047,186.53023727138165
791.5448998221455,272.3520302383837
834.5217461544115,285.5798761469505
601.7213898236805,251.02485066484303
660.1890173602395,332.8742730276886
837.2025033045185,249.69290710274618
797.5703670386397,256.32124790072504
461.0041339791933,126.81439067979971
578.8194623908091,136.49797227884835
343.29123518684656,72.07384699760283
873.6973011808948,291.4042760435073
756.3116665322505,174.90118705856048
281.9919566276216,63.3654066910576
649.9729683690844,202.40905445458324
811.3054857191828,280.6383147809717
357.91470680789143,116.55169034928524
398.8188948014473,146.81788343890204
585.9091278540853,173.10896243288002
1240.5822258365865,412.1620732297289
802.4969024514372,227.3232567321892
1467.3447539563572,421.3698391800254
571.80914584862,195.92190743711973
793.639748176198,229.41445416810646
712.1476837597321,230.62395036675466
581.3764249776343,207.83764398844204
852.8245868297006,259.8487612590842
852.5970084567375,282.72186606568175
873.5672387289195,278.2831883723223
946.5818305470707,435.18399369387436
372.61941200518504,71.9911405519076
788.754333422174,186.59147781703106
698.1717485693036,245.21635002192681
741.19363347746,196.62234424526528
662.6458917661712,240.11135809712493
505.49559474384944,170.72161546316892
1093.025679166297,415.6570742559261
1149.057631849854,417.3435609379286
619.8705417803089,187.07797909201494
961.9983776565682,262.01003929229256
1013.6749745267634,338.8579296702863
343.0194132428955,104.30260455607495
331.1981154361131,66.80237698835964
990.7691573290685,420.70693271851445
728.3473568305392,224.7379981760041
679.1704869829234,241.54658121708067
444.4325045218417,101.30453904126641
173.85863082504906,30.566322247199437
162.98565211771276,38.252471115742054
698.4542016258348,230.2506389266655
527.7954977082327,132.3764573362202
1198.5559605574226,420.4228640464266
496.10552059933764,135.10064650149786
1125.7846857699988,320.60506132273207
582.5921554243419,173.32772165869886
196.11231819281053,38.48716233690873
725.367142902812,159.09768265052693
283.44676926294176,62.70139394406049
815.7212990040093,262.32353253707566
324.2074718192284,63.50726503294265
856.1967926470342,307.69499678936376
318.1014725820935,104.56043755755702
953.8209059073026,294.32786386470036
718.6094459044823,277.1690816874354
732.2984749842641,194.88474229163168
167.06944161008283,52.1917232446806
882.0592084615012,320.254837094535
439.54742782265987,107.61625792395755
235.815561096671,56.674934129758
719.4510825028128,216.74785084073056
543.5280166254954,129.63642569617633
323.49270602775607,104.34959839093582
669.1859528389149,220.22644294482572
965.4134032962688,363.29826378852664
978.3627729994436,273.8064684653368
607.9590088596617,200.5675328456467
844.3739432276093,296.4104000821064
990.4337353522444,331.5007060416226
497.58774109039825,152.59033541561277
838.3197611816518,242.59003972286104
664.8388595329296,191.98145509902005
597.6000507921722,200.35718761901092
623.8910968075154,177.01899274685368
648.468045049357,178.03874203800055
706.6851605134946,218.95019391183737
635.0564575059973,163.23296869521687
518.5099821420322,181.38344222079877
591.4140788647804,158.39698574664064
704.5783014114551,190.36840537330212
247.1094215919942,40.80830559650354
1083.076333308099,323.8902777893575
704.1739106978246,167.58288216964542
1012.3131622203834,303.3172486626581
407.43946156217817,112.06268265662926
756.3821887847979,278.9512782138729
1191.559615384704,444.78653794160147
930.6531105308736,311.3049194333695
388.36450174928405,77.98839111364572
423.0064459390245,97.84689479960902
670.117929960831,198.7148853619801
725.9341432962984,221.72903428220096
414.51158036561435,115.47256671860448
483.96956320752554,169.19265738373713
225.96550277951033,69.20072879468432
602.0702809463978,186.52575185476695
566.5808294210793,139.79916483599797
1042.2191860795624,371.84643318740854
83.80752249037097,14.580347036736752
668.9823524228971,219.07958263721613
476.9111516891687,150.5062537948252
280.06241938128244,67.8004266423344
499.5524354941175,172.2470303636512
490.45016541456687,122.21435128943712
365.6331426957322,99.60314368196191
598.007692028284,133.21781496083827
751.0965074433502,222.84072897947715
1413.5794208978505,477.4164579415976
499.9615353574439,139.33791310840024
461.2275773819707,107.32869144098824
338.0480732009123,71.70114586452434
262.00844493563795,55.650539206174656
754.6801955214805,265.5958691247212
842.4427624617076,261.10646266689025
322.10227585741075,72.35150268517572
380.81606690190125,75.74061583158633
1839.8455583459322,607.8532092974185
970.757936263667,417.19358211423923
751.1722681186047,274.83741616350335
652.5504811466565,196.30457731039294
323.68518635894986,105.26118529949657
321.8809065991133,67.94008084733147
410.0378079501653,106.59208421273391
721.9514343676045,201.51778200757343
818.9611504973511,217.62512854096818
805.1603495601457,324.59655674738383
943.9638016317683,367.20314568490977
161.29096542845576,41.355125208630795
622.4325984389496,178.14657423860706
909.7053320240358,297.07826136898206
454.20367790204705,128.3586857802029
472.5682928861127,131.74649934090786
747.9392810148829,256.4175067628092
1004.7173165006461,319.572698802816
609.3144310854293,146.31542356627784
554.0688048342317,158.58963940785716
862.023586119399,414.7939026921764
430.1837095887645,107.62286311439772
916.688804921864,308.84167416590674
622.8557546712198,181.99296443668757
645.286467373983,175.26508105576374
285.4639228615767,72.48593410503364
697.48739665814,181.865064612713
995.1446658475105,348.3097129513285
847.9908477371305,250.7465955626922
774.6954403600375,227.37307149049687
618.7683582620075,204.6676243080564
809.7417549258842,230.6375689781942
592.5254507629659,181.92065804171
960.2453916044847,293.7201775996815
1092.884910617337,305.3739393704061
1288.9231668463567,365.0328942160479
683.5902924015184,239.44414102408706
731.2926651319982,193.9141508169479
279.42100305546165,51.00645839907898
1043.4281334844618,346.4748319884188
440.14502803519036,103.49628786613772
900.7791058736681,344.7007564586828
619.2711640852297,206.9218001325591
305.3914563850647,52.07682139417304
440.9009236333244,133.66640272443578
864.8224587570362,296.0154259685565
549.050681331305,163.8055091394792
690.2654797041092,216.82928361841078
411.0382083181007,119.95411383472866
1250.266074174217,401.6286702440791
1273.7940767955815,398.5289076564921
926.7651786028428,238.81386156125703
441.960060700673,133.29450214083872
362.30213830650604,64.88851557310059
579.886062348284,171.9274961086845
841.8211764334704,397.7994550515777
933.8585446914648,320.49283407120726
498.4325989469654,107.44106026862892
887.7550083771778,259.8125746391419
432.9754648574234,116.31136705489163
256.92482910944864,60.92342963345299
353.63299733620744,72.14142268600231
618.5360004498638,163.88823102905468
278.766107657333,73.40926751326793
1031.9353234366476,410.7087838065133
939.3573356570271,370.7017030642027
1448.5739235333886,487.1455830591493
824.9680631384172,246.9867119164659
680.5203271254348,167.64735889872154
891.9008993439996,340.1307542331083
1130.8591433231327,323.2648318079305
683.1478724671583,188.8802438736379
563.0034204671908,222.71723087298108
737.1866420856966,303.7225584226628
506.19793081176925,244.73135327555332
663.3421282684845,197.37145467285995
253.99751546603292,59.735799988662464
454.964069968468,132.75520719808912
764.4415358346351,208.2276119509948
138.2048040410731,26.056343051603154
993.0007700310601,283.0108990665352
592.1699033759005,165.94958350991195
628.6460060867414,227.1038491809775
367.39671860469286,66.13968056616578
693.050099960215,326.8951895669551
361.06699332789645,68.40876059439513
528.7095338104859,134.0890138515656
523.5901553616081,127.15994607089058
742.3453366901783,230.93697111989619
792.1769711256707,321.852071368006
772.2948853852118,233.33599957451509
494.39328777490533,173.5048196364005
1240.0857374290554,416.36593875571623
521.1397955727158,156.66551145278726
566.2307905042425,236.2312312019078
548.0563718527501,181.34622125185217
883.0930859312427,239.3747281288738
630.3970071759534,229.21928912704308
643.5191500205755,146.34045990810617
694.3928614931558,248.78625842041052
208.10750279824498,39.028581120753906
486.6937398201726,127.1377595748081
1735.1554547390974,517.7055401449747
728.5795324808704,203.86374378967156
579.4677672287598,204.88496204904982
735.5707635177243,246.011564089622
534.9600421323552,155.27306307414108
949.5988219063385,337.0893630297698
651.803448814164,191.59582401429782
615.9932291810928,216.4455381583329
752.6900328074732,210.9956014450613
969.9944105188407,322.4810238623141
1137.6679756375977,334.31921597943864
1103.0766076654827,356.5633095159315
100.11692843119819,31.169582803109773
326.9674416447998,109.49867572910358
703.1901544549551,182.80098355983003
332.50099970951504,72.19540832601584
656.616067439347,238.440746801118
533.3881835161642,181.90296626671702
791.2148618286063,263.48218905066705
1199.8311751448705,425.0821512130289
855.4935864964966,245.20937530606776
361.92255740964856,116.83729262135832
867.5580387311746,287.3780973830867
1346.9460764885862,486.34515064323904
305.04534895063966,74.64747255390078
262.5254053519483,83.67793679870074
796.645655406373,258.31635689489707
208.74251770051248,50.57941488954125
196.0538922358262,86.4394071137581
699.2918903661987,203.63388345824808
897.2336605001522,282.0756491472729
586.4664686793593,202.71718175567676
641.2176080047691,175.86132717087207
1037.285708047656,346.34852763718635
343.9028419919133,109.74066578092106
998.4185094990626,325.70344647797174
1094.8151160743523,335.05005481675096
1128.392829557094,380.978599778966
713.4103298386163,199.00502139973221
608.7700918450157,194.14591926370372
1090.304036761287,361.56339045337376
867.4248997824868,254.1925900812083
533.8605077540119,134.26098417605994
1147.2524332047099,340.17744730609763
1004.3593851516553,437.58734078005915
860.6625507082567,245.62951668477143
762.7052572196556,250.28804966119938
649.133983172696,215.06235308971543
603.5835055751456,272.7557407872185
775.7222889600865,294.15567106047314
1040.0004894701667,335.2094800975595
478.8285174609067,161.35479500708786
759.7268516789869,274.24158593560435
1388.8659349908116,455.2593338399443
289.4165933611322,86.05964357952836
988.4156699733844,316.06104239123385
760.295342053432,249.06287688681036
1002.323619546105,262.66104739636467
781.6017239581195,291.7707194973676
969.6762150496556,341.31784571739365
567.5591018192986,143.00172874542852
301.60194394836236,63.392443557067445
516.0457568925573,200.45318025703463
570.2397848267277,126.57299471266396
945.6336369537796,317.1442010392114
512.0406297390196,130.53447580236872
707.5348122661342,257.4479553943523
801.281383396914,255.0896490282758
1439.8172900718346,399.62642053735567
683.3616153854981,175.90359318612016
406.47474641886924,150.97174415416916
669.3337905556657,219.3355381032337
421.9867428176541,107.4674930167565
1298.4561660290115,388.97189703594415
536.7391233138597,171.42792133998265
1035.2840491753277,340.42702001916234
1735.0462436633097,512.4889077298675
544.3963536915467,179.29353154355215
327.6222639960639,87.0970650289609
977.0871698372223,295.38443301292153
410.50295220708915,107.17074399541904
834.9847262899098,417.3375573858774
729.4734176056409,245.61125501182656
739.4191647776801,204.55259808966906
1031.3272467898075,309.94545005423134
620.18591041032,186.72189334089035
658.0446599076505,234.13343223312228
662.0556916877794,179.78333556983017
1643.1684547996674,474.3004641712271
549.5037359387557,190.84660993211935
1400.8206175247967,420.677126281039
454.48772130740883,116.2561269659145
940.1597071185245,277.60895040651053
269.66886300103755,87.94082853935397
498.2318229952642,135.96691172861023
730.217028023455,188.4858251184738
465.408828670095,158.57315951728728
572.6314556682715,154.9860631860214
724.1512047478466,269.29364268892493
379.5277541761253,107.3579264205076
491.0177861071976,117.3628651112303
835.1048576030769,250.97001222683312
1075.4107949948811,336.036793607874
1323.9600247337708,381.30675060649133
1034.448344781195,316.8324613055757
456.70038754116666,91.13030712502875
475.646106494655,161.46094678753897
652.7936689522194,220.02166715571363
216.07248719522838,49.93922118946873
640.5627573506073,173.16356177361456
787.4681850055505,263.0551511454941
641.1987763971276,159.6838817475738
894.4549952505192,312.2116946322251
731.0583357493389,190.0221737071601
1105.4441904079918,318.32061112129236
609.5923672243667,188.0391961773488
898.691192131902,272.18462951585116
78.22495897307661,15.28897452694381
925.582259399353,250.86906783210225
469.4641917698892,181.44693891044696
766.718237152211,285.2224682283483
794.7589138648448,222.3723248829846
469.583865728068,139.43548022225494
447.36135442758973,126.14428669916948
976.0215316241768,325.30129652100703
475.19410653414735,150.1901075398529
838.7308891807293,298.40976999181066
593.6729423647696,256.98829642867844
701.1388562459338,184.56299515428395
350.8368257109345,84.8967765645025
285.1231354330149,56.15031892178693
675.6009150686316,209.48535752784764
120.49520112585071,19.71036625522091
780.2360524698172,264.903174646099
1023.1658135169071,292.12872496231546
882.0689103457532,293.3099393933846
405.5590607816066,111.45632223765958
1150.3470377039648,368.6209581680977
273.91895453408256,64.68610830125706
706.5293022793902,285.15935502876863
731.3649801171238,225.9810217706104
470.5642793316608,160.50190533275247
611.3633824430606,140.90944516440388
559.2689857628568,141.10633792075743
693.0223567293847,211.66904477138382
569.4628629007981,152.48263760659935
1261.8784692890936,452.2551156057896
417.02639863701523,111.40027546454412
311.7059358732052,82.46454103439825
563.1906998050051,197.5587759436246
432.78081800795076,125.69938433537868
1038.3125672768513,377.3461640118721
795.3782659227224,298.83548850513836
707.6375374629733,226.64196268731024
594.7163376698522,142.17296349270353
314.0990507740871,83.40328789370214
494.5901593168294,140.3477188473752
338.31084376697436,86.93743809534035
755.9505115549075,253.39896975979784
631.1572827476745,213.29189278611554
784.211826565828,222.64108958414505
1575.9714664209055,442.21431312080495
458.8490485879431,136.2460366410276
460.0258138236219,281.4207253829591
512.2016325126591,162.55266528179828
479.9857941805365,183.2645853223913
1029.5139595109747,344.0501001508617
943.8624775320873,274.4379793569086
1072.7409871139528,396.3702861590146
885.7848997111766,254.3533899020852
1055.7237796898423,302.2218625628009
386.316800848029,80.15902125213879
781.812047383012,235.91800958585287
1077.0284812417572,378.8404842557445
759.0180206885514,180.99377068523057
628.4237922854915,155.20441448714718
962.6385892463302,351.12022091786537
1233.066490272699,361.34632511970204
958.4923743428747,317.88338336589703
470.50132757388144,154.51824348438493
700.4270727954968,194.39615566536276
1039.5554359042249,363.2149206322323
460.89721011472625,134.09609292590858
284.35865129312384,86.91190659534588
239.85494345649496,68.14840796543515
643.4243675699682,161.00027534211395
642.9626277430407,211.24166440438867
666.0878132869543,265.9800353528537
567.1393118675315,139.50047188432225
962.2062132239755,270.00320791352885
732.0697234017289,248.52916900365562
510.0864430354661,110.83101729331624
939.1796026038347,276.7166195174703
874.8103832651026,256.68519033359235
450.9517195569029,141.68706289896784
297.8934347240421,101.01979164787457
1179.2322477637063,450.8325396742645
840.169858750314,296.9661955821734
608.8896257878373,210.0287397486348
406.92000033640585,86.32288750994388
293.2006692859264,56.89401578932257
496.8652159472611,125.45993855141433
718.0692857369696,265.73811533733067
487.4442315413011,116.2080883189906
1078.1582403607529,363.7329657780042
923.2327332127082,247.7882108150246
951.5838526035359,336.51714023964615
982.7651442119584,271.90487658494646
1069.8742571651621,295.462813544546
1076.921306773257,357.5037626945288
430.66118838543355,124.65828556062665
502.8661012732483,172.98706089833382
1062.9569239059658,337.27907979977556
536.3741054790868,179.45884529575105
722.1494280176712,328.7677236111102
707.5575996650426,314.44371196161956
556.3367257172056,154.65650765704737
616.0716418591194,211.65198667809327
217.96831511960903,45.80577488572411
1639.6253193166433,484.78297298220326
578.3151405934237,111.95970457869329
616.5138728397678,205.51929160231248
1211.868146354771,358.78107244802686
818.0919931135968,236.11063036866082
546.948459862612,173.30223220458032
427.15734421624796,88.24991230479314
358.6002220999583,73.89008392882143
1117.466642005658,383.33190849064664
375.7533077974804,112.80197447112005
705.8874379831044,182.698021395922
1164.5217635613812,430.94125987704155
906.793295800454,272.4940869007484
765.039585964043,207.28910098670914
446.69368291417567,131.67109530570727
514.528946990179,186.05881314596604
880.1011847420095,366.8076908838861
1196.5518430382679,388.4727461553648
170.4226387117337,32.75107588308233
958.5857221388987,324.3297607242316
739.4400719806122,246.99174504589058
931.3200610158756,267.22426091475603
685.5522781871948,198.48306539103024
561.1702681610266,151.2881050734371
903.3429363525638,253.4967691867715
575.8427436096817,175.0023089476989
841.6375189699169,234.96254407126008
335.59017320238127,77.42370617201286
1009.5368398417987,323.5527474151917
1289.7174853187812,420.6437094741972
529.8133813944763,121.91405708250774
731.2729720311128,260.4759084389592
1210.2425061035524,373.493252621192
992.7951144469403,320.54196871024965
1045.6679114797785,310.78728619401653
216.1685953254651,54.975427636929005
1047.8196496016371,352.4009939161881
472.18817811788796,125.70516486913115
834.6733515057285,253.60956790873652
691.567324106462,222.6512690597538
762.6271717047,258.8982396464845
952.7409930867186,313.0594539962197
560.737482415813,153.2111682399491
470.2855991779506,90.10512431771065
449.83421285587417,97.07197176705603
180.51799058566496,46.119950017820706
818.4151787028372,241.81318486808624
499.2020388074552,182.37559089481852
866.366322425105,276.31873478402775
526.7276035135194,142.07454594788473
1154.7167245301866,388.40281181786344
585.9166314003893,160.44021092838724
564.2017780092783,179.30019848235133
131.10447738916767,17.494926945893607
141.71512460686282,22.124005696935736
439.16068848158034,120.05823733534068
875.0218530150339,289.1136908025325
597.1633857472582,198.08664974560176
1046.0013768806134,381.1804013909008
1165.9247702550708,369.54498240086986
412.21927544338405,105.89482272142422
603.627839364193,184.74182426160758
1013.7583571528542,288.3136284905424
414.260966810441,87.96874646758918
626.9763421772097,186.36009911726322
713.3403024563254,192.79144132547935
746.7930589397055,225.22799139967657
395.743779571471,134.0691684339484
757.8339801179316,289.31666312036566
274.45670107829875,67.13098365841289
828.2424474352471,295.99133518148705
489.6822569278374,114.24098932697312
880.8714955167311,264.78957351368626
792.5688116762574,253.2247911778523
1141.265842629643,377.48316015797786
98.39581121965912,30.341267652837484
319.91849338837335,95.09815612725954
324.28750904094716,108.22400109669306
708.1452814050331,168.38803676617823
454.55115504609336,139.17808308696505
674.1002766959868,189.8045190791766
235.24405765464084,38.68659323034182
869.1904368641933,252.59400138048915
542.5419429555769,110.9688882188841
847.788911080581,249.23327756259664
622.3441054866288,164.74586160869876
625.7206098734896,231.31802397065147
269.82221074934887,56.81265966816049
557.8708651857042,173.87128599910494
348.22606388105856,89.2194404893099
717.7234371855654,183.69165419267424
525.9558604014678,152.4398510072345
641.0683314828233,167.63245838078944
783.9298125148416,241.23677388662162
886.4809251083234,305.79832986603026
1150.8272830959745,438.1077662583235
491.2092775866165,138.64144278715085
333.24583187053577,118.48647322399356
964.6033236438676,334.43675590394065
367.18211460804065,95.20030656918384
1067.3698726148853,312.64537490805935
936.8815742509258,302.622080033574
1122.6681345653103,387.1576949823719
452.41233878374936,110.21325569924349
666.2728756830425,264.6369896701816
341.2284030186093,92.80370182872882
375.4529725991465,102.62612025328254
1086.9903510986694,358.0682973017004
469.8997115977771,141.0959264303369
1042.2298441593102,373.95881332897704
684.5282123612833,173.40192646763538
766.3336037589993,214.67808955062526
569.1262026485557,172.37677878105455
528.7980866605925,119.8921950935901
631.668448925293,180.1908782516688
790.3922790138613,249.61416937136823
444.4058568945692,116.04849336611782
877.5406057500096,272.19856455436144
859.7313221241832,269.6088430897517
425.3115698268562,97.71433842525337
829.3803786844951,239.48635642773579
412.37124276830855,121.30573774152677
1066.9578652659814,373.3646790231458
417.0412130027688,104.25667090615536
192.61618116775523,58.70300399969309
683.3635738971868,232.98710329000664
407.8020213714108,134.22700752849
893.7838850280681,279.5392721656732
789.5349250633927,211.9334199587143
930.780228768357,298.538497128945
612.845927243849,162.20791282146672
1098.4404926715258,544.1773222451651
386.2300385002208,94.43980442773784
1219.4574959388372,440.38897926632603
505.33123039069346,167.93240342443048
915.6999149266085,233.1698095257964
546.2966377212706,145.86180330312905
631.0755746765296,167.14076745319593
452.5950541589292,175.01437031400044
732.2448467357783,230.39550755908786
931.8035850421163,329.24554966186594
554.5540610922802,148.48511502975248
143.07810437456416,31.701411786131874
1056.6945306153389,336.64229694397136
717.1451179078422,200.94971585469247
338.715670902919,128.37233314513222
590.7473568155954,187.46605672812035
991.2623337879851,371.2348847873264
270.5370673423515,58.559162370663756
638.6845670788454,173.03623082119222
934.2825914970688,268.76039013139643
777.5138060873384,243.64086756192222
779.632332349024,285.0122905688358
501.2395481192724,153.6245701029532
626.7411036823427,150.0888174071385
538.9909523164703,207.3051297342625
274.2007764817506,98.62509243675396
721.8458780875061,180.09876347751418
814.5134376564419,263.85070065067697
319.88226912834165,59.38418777954792
671.2839490581872,196.26146843518765
359.7868570625636,117.6577581328722
1011.3658891849435,347.6227813854992
1340.4370504674257,408.65525677553904
490.5841403457532,172.5416176848006
635.4078060317737,187.16284473695805
475.0275436510966,149.37665561478687
623.6031769762133,169.4797713260782
1446.111940705618,452.9955720333678
265.1097015894149,47.98464809593586
1180.1274328265536,343.63155610244314
894.2400929489697,264.83597943124823
972.7384183264734,262.9241548618911
655.508576287832,190.11113960176672
742.3453548570407,262.1158139234356
1227.0774794148565,384.84343482142447
756.7078195372021,268.5739269633714
398.677460861558,82.48005647102012
735.3099422363708,270.26444105610267
344.1188647633749,100.02120341547051
523.2942742908447,177.00645294107028
1152.9476504717886,390.0516245728892
244.17455773353777,76.947705351042
637.8874947091354,159.32296990213845
905.4234069109118,310.70938686880976
759.1355871390906,250.0069769193319
333.62550129198854,79.67082253422336
1278.4467688785896,376.4698277845783
890.5705947213023,311.5916010549184
726.2005308626676,186.32535542126638
1197.7219044219585,357.5809046399404
990.8547103060438,290.18758596900915
1201.6047306710693,344.6209244546169
455.1818908103651,151.42900593930588
329.4993085466429,110.27939849203226
463.1450436588864,119.64244645858956
321.74354658830055,71.95391535603929
836.3486260806903,277.2744684318374
601.1519409224506,167.69917765835922
432.1907743356281,85.61336318060637
159.07369076397032,27.797030866601673
1210.8262899103067,367.73343625903095
325.72144920976245,106.43596611163169
382.24853962553266,130.11867794398077
1079.6609468301035,332.1674762735273
756.0502619609974,210.381353950921
527.3515035143541,171.56366621145466
467.7475945369608,136.33765834459462
523.8740977779024,161.4119057001599
475.2687592239177,145.6470644567267
687.4037632828357,196.67393240840667
629.7858753046262,206.4978611431193
923.7208987116724,313.0561356270547
285.3207931480979,85.804054674106
1030.4182969328895,364.41099953983723
863.596479447556,294.60103024717637
570.6051121735849,167.79738447370804
702.8318666504059,256.8808322625809
1336.6371318195302,492.29369613850463
567.3310700750956,173.1778059486649
618.8152917702247,164.4278627662361
928.1924410740314,256.43372778271913
246.20943445817105,78.69455124464172
737.366590695571,227.62628798225984
1301.215176419909,420.57447695274055
186.9074189159245,52.945247607543614
978.391876445781,321.1183458144096
742.9997266564113,229.02114476960878
437.5645612292613,108.5438422428327
462.80473297869435,121.95221405546931
1160.0793531120812,348.4845695875405
148.02253436282354,45.97512210959469
856.4872171196691,239.94131986522532
635.9664243573682,204.28428177738726
592.0384458927681,187.52405726361314
344.990231113182,67.93021993170065
1030.4602682824438,310.93823915629923
719.7987298904773,241.50604558665404
391.3901000607335,105.10446447293205
802.7078358033154,277.916885158436
647.6979200188687,166.42693747346854
794.3427800237696,264.9697353960809
1194.9509524977911,331.4004472642417
743.0452534639584,214.8554464778902
819.0074346748765,289.7869137310101
1202.7257114386205,431.29213403802356
580.4801342627596,154.629372047648
647.2074717334131,222.53879701143214
248.02525947889885,61.54395366992449
833.1824052517477,213.1090436366002
745.2188559553248,240.79587117923984
717.4820193405981,260.60705400849525
375.28143819595306,105.79475043361181
507.8245424518302,153.98776307043815
823.5474462720209,253.27606785170863
1082.3318700631385,330.487867154781
441.3209332885082,93.15919355548445
806.6043920316943,264.1000993003337
1246.5388628512546,409.8619282260523
493.29290993427446,128.21500017995766
273.50846527952837,53.922445868290644
680.9993069327572,178.79124431342402
707.907889592583,163.130986648618
453.27219026042275,125.15130478525819
886.1985914107056,247.09156148688655
1050.7343840152594,367.3847414317701
678.2341588888473,213.7892407833178
317.2650963872312,86.50957792212208
528.8518728033933,146.33407983619472
612.4534910437766,195.30488274170844
1003.2313829899886,265.34677356900283
926.6957256216724,315.22348021895044
1183.2378377760253,351.8940522804692
480.538137411276,163.4262791869355
895.3652806089199,266.80646573281336
635.461883763576,192.91287508098227
785.3950716385662,220.1543678341159
560.0549970016828,164.90447020994952
287.1033730629764,93.8289891651352
844.0507847942226,282.8656448471656
636.6404406746074,159.14836654456658
101.39894393909172,21.5219289534543
545.8787976681458,154.66200933620667
262.294822384306,49.15674862757437
558.7047101365159,158.01095069198703
585.5264004323054,178.2058569400753
292.12222807451354,79.93201566500743
661.5548001850793,157.8169262123593
689.0488348139629,201.67144500577464
1052.0225397765548,358.0941910430588
564.791071387302,148.45636953484777
656.1652745661931,259.92202472644544
843.4655411850238,269.5049897276916
883.2720365446671,308.50319537484546
468.28099960244464,143.36955764172507
693.6298611038204,193.0246152358303
874.8744546416324,247.34424800089823
385.632833999313,119.44741739054467
320.02667342613375,62.264447190459116
345.7626165506474,94.2277244098263
1344.8255852743418,389.92108123673836
687.8080869889487,262.31628759446846
518.9081328661352,149.69473537793206
525.9118030273173,160.9859348075608
475.0635465908306,109.72666993398224
730.60380165363,281.39668385672815
728.866441074272,197.63499510591615
536.3763431593361,158.2932467001852
598.0967985384798,166.14687463678152
548.46499196296,139.71544618718505
625.3506759457049,157.92134895506996
127.15390397869075,26.40953946479871
692.8199359970821,215.66503741671656
1719.5204139428342,479.8701442111358
956.595488966125,301.3480352469198
208.72715723102692,37.593355327030444
654.0882986564998,194.9660111247676
830.0905423653358,285.2644293706055
171.5576003711394,31.632941215730455
266.4699774950833,59.8952188426534
486.0954316589014,139.72598223595256
717.9777160718606,257.4737452876877
427.976198989327,104.56633714113434
671.3214257290125,235.78631818898097
587.1560772536646,127.51294156029508
520.2501991005633,149.36280031297073
781.5330377151946,232.26188109230884
726.6222172043545,236.79085850904966
891.8433462171611,288.627833505158
741.0232433753023,197.90974350440212
1423.2882966598568,496.4531651241112
891.4931632631277,294.0377857407751
285.51598011257687,79.33454441830132
535.875958386501,140.17061622841965
384.81454443176835,109.13210726312025
172.23427506861674,38.65860558259095
618.9402884693634,200.61629039848592
982.6186168555269,349.258624480885
536.2751080427837,155.45619359663527
1092.1409511070601,351.8080377971164
695.4499943795954,241.36354926098306
258.8255823282217,69.98267418573842
745.7165938435063,276.5491438207209
596.8128183447694,156.09219834920552
1020.8867651964797,301.8006143335299
1162.611966418819,393.49025568451566
1002.1911602750145,322.2408520600511
360.6503807351644,116.46183425805008
722.3525493025786,260.11522370470834
556.6684553854709,161.06329646894432
788.2195831318109,217.0256920287934
590.0801411460054,173.97032946604352
572.5777405114953,134.23014623114065
553.5284532161547,152.60774740600266
751.549445869208,286.5034110306126
809.8604811621032,208.45891282839648
425.44214535124775,106.7901549851397
582.5626380388354,153.42002790589214
602.9735543614861,164.8467737779594
640.6660997539539,235.9525397038386
1418.104542289544,418.91030663066374
395.7824495789789,128.21044348864285
284.0889822708203,67.09966427634046
896.6409962139485,244.20965043166706
792.871365185428,241.963966071069
761.8575044707595,171.42712061901858
1213.380381651782,349.3394913387986
521.4689367606687,177.07394639733067
630.716372808691,225.16039639441377
1322.078677080649,378.40191750177127
916.6898763257482,417.35831479205706
491.98242127727076,143.57951909695194
519.8714369611918,259.12628655349664
680.5315964803,190.46680634517872
616.3196605863156,147.66362045524878
152.16616770444637,26.970773407686572
1415.6047203456833,424.21193305351557
440.81169613524594,125.36424817851987
364.59563563327947,90.05981515835143
467.4807277998712,96.75223953645084
792.2335400950235,301.40855393418974
492.1447857912143,173.21885944143554
804.872292342173,287.88711012432276
741.9005327992891,214.16179187492307
813.2782586659839,284.17919877391995
617.456996913086,199.07030298053743
467.76781656367433,137.65633453686888
428.60074617480313,110.75625220942806
740.841328582067,231.0293805733302
826.889619193772,329.49969706687807
1023.9680714145602,361.1910609414145
1165.052583566479,412.6961649346332
474.15440383147273,124.30969742852537
613.7572953891938,217.22153197706203
301.1353615511807,96.82902573791067
895.6785975311341,380.45386373328176
793.8706073301119,226.91864221889944
733.3415219039913,186.93610908539839
1389.259649173251,420.2493207683505
525.2642543744072,127.23314089103876
535.2087471459031,194.49794350197953
316.0908416252405,73.98320496390136
653.2199786953374,181.34670000815137
775.4699729310037,274.2472880961443
1040.4566818591602,331.8649628863655
450.87593496909074,98.42609847800969
1162.2909166630893,373.6862238338045
1089.7538075915527,313.2184642294575
719.015071280708,239.97147526905462
575.9532171758527,195.9548128202539
573.7882123078953,134.4610581126582
698.4153556822038,177.14391200474358
833.4134336015952,231.82588520541924
836.7202081537221,230.23916209304645
1306.9362296832896,389.3493647181757
264.06832299198584,59.47992012698403
647.4694249880082,163.35899027487216
399.4270928001225,101.0092500151276
461.59096059097214,142.33891050759084
1298.8437497293432,396.5318105328953
570.3499779440455,155.36231221188777
533.1222623451215,170.71576894027257
1306.9520688355738,422.7995770327657
863.7898493607554,331.23365044122704
1502.0708476578066,457.827589392185
663.0153749682472,177.3516891553336
509.9544259004673,145.44932493406955
83.19281633837728,15.332867264243031
461.1801923212153,159.41699382655415
756.7808109436069,253.42327586053582
1032.2344947766637,349.5604622151746
511.1317528512096,191.97129037309682
674.0459637816832,191.8103749329108
518.5092998003202,157.35341774963004
722.7977365251788,270.5667277424288
577.3673101538757,171.7005228665022
326.7240118744313,78.8508587247907
590.6565431986737,210.00216912613996
941.7299310983358,293.6667466860125
299.56674952952943,91.46660041929746
555.8415697596549,188.8677726618248
703.429794825576,233.36691329647002
335.49715434430885,83.85419802991197
1082.5569411069441,416.75195077750715
790.0859934320936,297.00710122112054
508.5035148623648,140.42076196305737
719.1090850326777,232.71465885641402
779.8970715260249,261.3806501624474
491.6249062503186,137.83482388841742
617.4425653179612,192.1083561452599
366.2086761137853,120.94283579973896
462.6295584264069,113.91691496809553
910.8217934661928,310.54154983879283
1073.4519711131118,346.84543591125515
874.964593500672,305.7352167263234
904.6064418336257,327.8506484242438
127.66531452387166,39.654285128008304
783.6642512406088,281.34942427050004
387.24555460374245,92.77977864558345
798.5751700809196,243.6437938207521
668.8643113797923,215.83315995081105
803.0600128057866,226.41629948685025
788.1454199817745,251.9511334743721
871.5062540277979,250.82404465452777
723.5996020044965,228.4800546814996
663.1468111026518,182.67544365979037
581.5963657997404,174.47902202243242
620.0854529750555,177.7049484940018
940.4935293696747,259.39669849362923
556.029905157377,201.30462684723227
1516.3596087075957,461.73607680303115
947.0650631788511,369.92272978275145
676.2650992792419,207.03084124946534
289.5985912981904,104.32657409597898
1090.0885948856653,389.6068078973964
774.4335889424383,283.3758065031046
317.41741176422425,92.45678080422695
624.2289304022868,183.58264198470943
756.7200255997395,203.2381271883846
1306.4120723967376,501.27341296674996
397.82779151018235,80.05515811984517
344.45627795049836,85.48234722513425
778.608076607019,243.51703107309586
1149.7303139050077,353.8191529654785
766.4725397527138,201.17895151109192
543.2061377614519,160.93673269946297
981.7413003296642,327.92955443868686
791.1988826713575,263.5869138099093
696.4534378752453,226.46862916400454
1541.753175518406,455.3309880687797
568.6259416594871,188.3937043937879
286.6487395500882,70.60743727029443
1116.101544612367,356.59999956303096
616.2976531184673,196.29157149903432
171.53132251318962,29.45410043932378
456.63663388448697,100.4937074620746
732.3812421140965,181.56902130451
661.2208257834582,167.63120901908906
315.57305797368406,96.61953888942242
631.702434263533,241.5439873668513
1058.9171425965237,358.36802784436674
591.6003890431894,179.7447683765036
762.5225236080646,223.99998735149234
453.1173439050329,110.98473574933982
660.264588689053,175.35090785620812
973.22219951645,402.0818657167695
677.1858236602634,194.79866654574263
914.0087989734978,307.71644875862415
831.5596615065654,225.3897696484443
619.2326801644374,189.6435277577
1085.9515635043408,330.2620378478303
377.209869381764,112.38942958360877
1060.5981152930624,522.5384576340577
717.8558465542765,224.92080722857753
410.3935948509004,125.73267758723928
1420.9226636866647,440.0669295850713
500.2816868183126,141.96054642635227
506.55921781725783,136.68438654885716
711.3761690833153,243.68927718185444
186.48858051238645,33.18605632784914
1223.5402075529228,377.50157954121937
677.3933229530236,218.57128882900747
504.93937654100824,117.91394723936396
469.3219734156236,168.6437221715795
937.2921874069124,309.74152055943136
648.1007488747094,218.0446432877552
687.6879612005724,151.49152814980027
1193.5888314999504,370.253322454792
529.2582742441151,128.5971200262444
1047.9538524004295,309.41067136159404
277.2309756238253,58.56272604374143
1154.6597727110754,371.1503538877899
907.8653731346991,327.4212291073029
577.0029648321497,167.20390424357723
902.3302881755793,276.40136956270806
847.7131736251094,244.47826288120507
840.5096114607958,250.00058069373094
1048.0884760838426,289.73608384378156
968.047014925266,491.704499014411
537.239276557067,139.47360820815277
787.2574027162854,259.250614755165
869.8087418342475,233.7916830926433
1114.9188602893555,373.54935432476987
559.9729937395036,203.35319296235014
186.93825740487364,38.704408883244284
341.7250258941081,96.62990473471453
936.3477529571816,240.35006315367235
495.1624406153125,164.9268267653211
946.0956504653202,493.2416465658129
1016.3939262535225,346.49861630405735
860.0891197601245,268.8539066318169
563.19061847529,150.64737946943544
169.54953943876987,37.37250629812446
838.2846415847519,313.73059500755994
549.4176405508389,164.82921187658476
213.70162026500745,40.83918580050037
482.561594614019,181.8052951366145
623.056172332605,162.4696924294591
1008.3222878681489,319.0473637421882
1009.061558007995,305.92660792858584
1102.7392422256519,501.6517496780261
789.1919610031223,266.1909630513808
918.0477191491673,312.10358037916353
413.45768523569745,100.45124514412237
507.49514336872073,117.92194271574328
695.5836306793292,169.6507655197183
560.5346698849069,169.27576237558173
392.75364563192727,79.65289863279853
1028.9719880005212,310.10420722697063
580.8309818282746,186.0993005285614
360.7083515917921,113.23281370965977
780.2845113963298,165.92842102136166
1046.5515573545078,362.1970609111378
861.2134137567166,272.6779012714026
500.80358583736336,117.80819591212305
669.7727321415227,177.18054910110095
557.1746354337486,178.6150397705587
621.1302859245889,196.01109323163035
753.7411063532395,279.30479589827456
453.68848161632377,136.6164135688962
319.4423104082791,113.88728824277162
386.8527663155188,93.70163985850755
518.0829517587534,128.9905392737579
770.043121241569,252.29775915016282
524.5412355033848,140.12769055893202
395.9703205666706,93.84295644400302
420.1047946186844,140.6101594847011
829.7851302656948,248.4312547813733
730.4734898622385,393.4315576642734
510.8205742716184,95.53957169995938
379.3999693228355,98.64927823790565
371.6581880373873,127.6230876471
604.4820911496951,183.85687290292867
752.3483291072428,245.4098330268015
992.4992107139739,314.295389318291
547.7840267268382,155.0697406682371
880.2594472515266,261.32557268515575
285.4844358278535,56.85548444658426
544.155022297324,108.8140759484557
341.45849713366533,101.2967883881507
636.5516799526918,182.50306805501134
838.5910151622992,230.9665067074011
529.9571170723912,175.88984232619018
768.9242411948651,235.9128475609159
939.2759012726748,454.4431666326647
1182.803790596384,400.542706618564
968.1116213831017,264.37284757427784
612.1327298025543,175.48766683878415
894.3423751989058,307.2244831896014
1084.893074542389,318.68173379395296
918.7122185584494,274.48108334442475
945.812108346099,309.6945429475098
405.5482979339943,97.98459087007234
509.57513162255225,138.3505815989819
334.6622585100813,91.82410366606787
1100.701604023297,399.7062289482218
655.5768769197291,239.4828806547946
107.39862565380675,27.455129183960334
842.6727269347047,259.2676146508948
354.96695623988876,99.69766001142473
780.2192957624649,268.2458231529263
670.4133193395484,160.20981771737019
1230.3562193095354,367.99696544775037
898.9266810431905,241.12890070885268
1089.1665711249084,336.12056181729656
1136.5666070284528,394.0137209619125
562.974874791707,187.68043898599763
762.9405093607085,242.96307073998233
790.3115468074551,266.4804675627746
490.6769813878187,117.73646637705612
886.6875634586419,237.67046750773287
533.4935615727968,133.875255401917
746.7076427580987,253.46262058097196
779.3171720586801,262.05646667460155
651.1540516690743,205.09163364871978
1002.9934048989392,290.7926900356216
1101.6736180711846,331.3866210432664
841.2196437255623,256.88395262231353
781.9819263919012,225.13023330951506
730.6733917105628,244.2806782333052
895.1769343035937,258.94381433003605
702.4629386025531,251.90472652850127
230.62962870585346,51.80934891476877
466.7268231630477,105.77721064942791
327.68715169933733,84.4272175158111
550.0557320381507,148.5681603417041
1247.4177277177232,357.7021841251347
848.5757369005605,278.055443792526
492.8524734338691,137.81477979754274
1197.690252393767,335.89346272504747
626.8250865278717,245.44507293877973
1123.5529180482913,327.8409924603275
574.4108260571109,207.40519827058
529.5635351171541,186.2395870107046
894.5242032759656,298.47455784303014
268.22922479659815,59.931477059301
781.5220153071455,218.003850539668
645.0804280289469,161.59724993246536
834.0683030921637,301.1642531913774
1083.726645779381,337.29828447785866
252.18048582717708,50.9080751479293
255.61224113577396,51.717153370593124
728.0464826685261,268.5200384918817
801.1155201837728,259.7541612350019
347.7027902954115,81.25354160350726
1093.1791919365705,315.565745521787
759.8017695975915,268.7933055980776
1155.4805012267823,371.54841468905704
666.8288301719234,214.00713350645532
150.35087678258935,32.066988194328374
740.1250944913457,208.91150392862627
709.7792969402841,197.25140228987593
834.4287236442244,245.24099939628542
687.3618810637539,200.69799163627698
468.0078117858726,141.98489277251983
1330.1765490931173,383.68430437319824
243.7258144721756,61.27446916129616
852.8426191840929,325.9744064116044
285.48869064674955,84.88264351188678
297.62990286906745,79.74148821567341
653.9303044621549,127.17911574077051
647.7431457359967,184.61790674409852
754.8747038711722,260.21835756632964
775.0809960052325,258.0357533861628
501.1509446086122,100.33984276801829
300.9437238195498,42.636974379361995
407.30988348080393,140.1017757123289
698.5450821526556,220.4479499904293
526.5139355756172,125.36402244154777
989.5967901060119,384.46042229428997
763.0056158896214,207.07275078727778
576.9329400108536,202.91246836954872
739.5672147005739,244.95697907060762
796.7011031115023,284.09489791966564
789.0836744778666,230.72367127950588
638.1792645784722,222.3513378279887
607.2821270842146,168.52440147823944
1217.2125352658345,420.7804776948786
1467.580381585296,423.22753593376507
740.3038860566194,264.33113491179455
273.0698397047044,64.13962239738667
403.5687378290272,86.26378784876336
489.862868425476,145.5635603322581
518.8641593332477,135.1435472887433
474.98439098681104,108.14572360603063
983.4244968119693,329.05282982791874
532.0091561266092,293.5497014556205
1338.559260375377,564.8376150416956
782.3257201805627,231.9312077085
420.47556463273514,112.48428974321558
705.0483353278332,191.47845228550915
289.69598622788277,81.5184279797344
1180.4634694953693,371.2586209076243
601.016179927366,139.41492053087944
404.7634209301818,101.9033902087933
312.9200866535982,56.160591805487634
716.652793149801,157.59611713630696
231.2470929153404,55.14024415573496
745.165096050251,255.59084847873854
237.27741983799024,40.64832926196593
1134.482394454924,373.0771836053384
718.25385063147,197.95639110744366
716.8396737994274,261.54646458132675
306.8594131519412,95.62110846394478
441.74901615841964,143.54441364858022
640.7040504618059,172.63415954082333
398.4584737247915,104.84623462773946
277.733079344492,57.49364587608176
340.4222760264663,82.53981978351031
598.5502554419749,177.58153505498558
522.6578409712249,118.38688921153867
950.961094847198,295.2277728326813
439.0388201099098,122.73343430000389
1081.9085348707424,322.6542071978892
1003.9970053833975,272.6311358850236
626.5654004061423,164.15435758721745
257.4177858982634,53.81823184109513
1052.9531976834842,317.5125355542796
1081.8425630026416,370.18239270612474
588.9747617953592,199.19532357478238
841.443371058565,333.7193335031644
1143.171617627158,359.6636216088194
454.08543837935946,89.93683178719883
822.4660479378119,223.10390724157804
335.00656047137494,110.60975689694475
426.8093343993953,98.85589028943912
821.9890502855025,260.24076989858366
956.7485126767276,259.934367206181
506.4364056767026,158.38147021203739
570.6886618723996,162.70042467307945
1042.4074173636982,369.70711100806676
512.6086079706986,149.79540348884586
222.55875700158052,45.52227705725677
303.05536778425693,72.45236777008866
948.8203771827671,269.2713019623895
835.022503386178,346.3562922871254
543.7938308146241,153.41872342341148
651.045570209281,204.31670303095586
966.086257451824,347.68677249647965
1046.2479853669379,329.50285905538334
972.6757419969878,288.552484848036
555.7691285660553,200.40769514836103
850.2902695927761,398.67459526265293
1186.3816392124256,381.88940686609004
876.4462507158642,345.1166465418983
430.37115085807835,134.45077387544072
356.2462891012722,87.37080104098594
664.2649265886051,202.66323789061602
905.3931539053982,236.29451626476236
908.26281226632,286.3206599945547
790.762945434589,264.67987030724737
704.9936415203557,211.52786111677696
303.04972514586467,57.9531164345974
453.3603221090584,150.18349480798685
1471.5922739934927,463.8833507118502
773.7557921905719,249.2900728473494
666.6154193410451,217.94758505569618
679.7476501966593,224.10881531091582
584.9834179903457,141.28668168110605
828.8116763702969,282.99877368505634
1077.3524615357687,410.40849413239084
1065.7681914701302,306.00150599262525
718.6194504469705,221.02028200954888
893.511755469058,278.33370328882285
1042.0805228247914,357.48121485737437
368.22726130284036,94.62105111839892
477.4571697292212,117.40102423574605
612.286864151183,202.9761076016932
499.56116876190947,132.4548731463704
280.65482784632263,66.37760399104846
545.1739467210243,186.18138140865452
1002.8330427726894,296.320251489193
614.8110621629515,188.8875458897487
447.59537047405263,134.28652269777234
1419.955314566134,427.1112254134966
660.119620929677,196.48745218019172
756.2103583840133,258.42546090251994
492.13697526241333,140.42192135454164
695.3958541979478,172.17130819802006
583.8795545348311,153.94889778721642
740.7925371378644,228.01775642229435
362.2449532548612,96.60735281037417
712.6520355864167,217.09949416067562
1152.2416205386494,345.45689932748604
460.85527245595677,119.58918711793338
645.7062146450506,184.6237501236701
263.0929521932387,60.554695368243955
973.4354169245187,327.13010642771326
219.2082230629888,69.58545663184063
835.383816218641,299.14513838218795
491.49120426951004,112.09209021443048
852.3205244366214,415.08821194962525
893.8773006963581,303.43086538731364
1065.5089637723752,436.31931463604616
1026.5231880685958,377.0052464357289
982.8556730097201,394.97182887225614
412.7008606165524,99.71473250967493
680.23801231584,206.06879847919814
457.9954562416606,126.80666763349684
1240.656378055579,375.0862473576626
645.5489758974078,192.32504254941654
603.3840986562911,217.85746935941586
515.820720533164,165.75478734286457
772.4154914163822,279.3531772512647
772.7025651819888,255.29725968959485
547.2639752141995,138.05492401785423
660.6415748443987,217.07636245374064
565.0870496858697,141.15165353983045
877.4149226860158,290.4894718329112
1362.5357574625555,406.3440350230537
211.46567054230064,44.838490767369024
480.7344462898129,124.51622291441723
1067.369767331432,343.95326451432993
1059.3813383672768,386.27122356623534
696.3223540189188,299.0861392666233
707.5074056825687,250.86272246770736
518.3181307176493,133.4478399760961
950.6224744880797,255.84469017142592
1577.7123648929155,535.2909998462807
156.29018713169307,34.59377069170748
517.301720216723,176.92536937927852
962.1340377532654,491.58886322594145
563.0497098702464,172.28493052379395
1012.4726439769901,506.8774535319828
734.1213010694005,257.4788875051217
1155.0802959168911,304.9936655281158
1034.434228972228,352.0046993647946
1463.8164339196483,477.300811971259
850.6646010087974,304.97595855440323
95.81487589278314,25.968669909580996
425.37038750769227,142.55551335761402
450.17950883486384,99.62753885423139
1005.8600023588017,326.39194103619684
616.0094091356443,171.72322019259647
767.6461172828236,238.6721462823199
601.8117939949482,214.22173836079023
534.2946932113422,136.40795693095947
1084.9814835509123,344.4937795695725
477.1334975543225,124.7261876954512
821.688514988308,260.96458300382295
886.6680195316719,309.2440720364817
795.1810621312452,239.06173384048208
652.4670875398589,169.92240516740137
405.9612726461336,137.33567940713516
599.0354119664727,183.23460641784976
406.383585638607,81.95493149966876
830.3437565474742,226.56302199086326
308.5856700285543,81.91861358316196
671.8130571431683,197.00196712407188
677.8249821234525,206.77198846928314
713.423006111873,217.34303773275286
89.77836775371047,4.98658399612183
616.081724966002,196.57255584430476
729.284936492906,184.13019699587653
825.4821927413607,260.69601232164894
778.5278012887419,246.43553164517004
1018.68730253442,313.5628904259754
237.46891689457902,59.518662164789504
966.0616314646836,289.2635382493217
765.2650737950498,243.11272212950064
359.7972663451027,93.64951815473015
818.6659182047441,272.84943362695697
865.5056142446168,236.09080351458792
1361.0442900620687,516.9987643829961
1216.1348533782816,436.19160116714954
896.8975080149568,303.03473187504
736.939181985189,280.9857474264233
114.31747376362641,18.50871300554947
601.2196156402659,204.79038777841748
648.1591443017489,223.3071303968723
1029.6102808997957,335.34997878102155
197.69106245133355,37.91859606242861
112.18007369177735,34.61200324274771
634.829442056643,127.85939314625492
299.3252791974865,43.45060280283486
682.8447494270425,216.65259114979432
1072.1066345718643,471.49813965922567
276.6018129116345,60.367602666498655
273.3814462815544,54.12284001990927
546.4221739602621,112.39838639375124
251.8340928043541,53.14779922063263
465.2964682165758,121.24746249060476
294.11258058337745,73.78894989270152
560.3805715454904,142.919068014215
526.6490374260948,138.5456057375651
946.9207192772915,284.0192462163085
872.4529155906132,347.6425258423397
897.9947799577235,304.7955969630416
1188.8921017697703,388.28136736992707
672.2041753198663,206.8332805172948
676.831394902062,233.10135438316766
382.27888616701637,124.92908885751756
954.5442627412428,360.4384725508446
751.4091065879732,208.10970219978879
383.5275421905137,73.24736597450013
702.3551180894054,189.09404927007907
269.95071100685544,62.054437595285016
431.9626242725666,140.06906488221622
1027.513929668414,311.4243543823121
503.35920749279205,135.9099745034668
426.8196678727741,212.2441025604398
801.7480062264129,224.37018112031544
948.8037427944137,336.62442533032834
871.7702033819105,263.6701805175108
640.8979854662356,198.29979166019615
815.9354304727909,222.53842635144963
831.6759590812906,329.0036225977926
515.4534519843817,151.71937721509028
496.264440450327,157.97154904584366
174.77807048900712,34.61260131551542
658.0495057237406,204.60595423612224
429.6276417337728,115.20014862875627
602.9521417864842,168.2155109038895
624.8692440438842,205.92803664298847
768.2991003505892,228.7820718767943
742.6091962694356,223.21356943047732
1076.682440802991,293.76396236248814
207.38245626657385,43.650188858882636
681.3717241435597,224.68533606641245
1279.0603400139144,372.4909892305362
946.5572903123084,500.27712551012155
690.8016771976185,213.87951924281606
342.0420668248569,102.76394161960829
844.9073979288333,230.3304951371622
709.8614408821618,200.18422584799094
497.61007110490743,98.45478957502317
788.4437529206274,239.416896891189
537.5671586894767,139.02513889242175
548.4075941020164,166.49663256102946
970.6003288202317,252.30844394137128
899.426608913142,310.1452443038554
457.24896063653824,162.03799860599284
570.4424500162502,172.1672751896605
729.4709359372823,264.34908387248504
184.40254119524255,36.44117599703076
483.28745189595645,137.68263205408303
307.6773518781493,97.17882492871306
708.8686281651384,187.1088399614739
1057.5005943394815,448.0428563791771
478.03452458547065,111.90438009052052
991.2304481489348,277.57505789144847
700.1334436514055,244.84577921085747
481.49143362453816,101.4040553951146
472.5874154561574,117.24766195665387
535.6811264820075,188.64225026312062
829.7128224693256,234.2668268961815
779.1639699329955,278.0209278933236
731.3658004277681,341.861278898849
476.5248908637258,108.80036231961898
483.82540270458253,130.90304324778813
928.6455867743869,442.1649337883234
647.4680612324931,195.57562311725948
831.6520531958836,254.39067206274714
929.980968113854,291.3972308789998
738.0056637981977,235.33554751965963
722.6821305719183,208.05653779980167
941.5918245098403,276.49685840377515
995.6775233385936,355.3023880363788
403.9109934912832,104.48136489377148
800.1537870693276,296.60380091326607
1081.0302340161147,354.81463261318737
324.42057196240376,112.60622068304403
937.863423440836,396.85237500001114
314.0476428708108,97.68462782561136
1227.4491458273283,369.9077967008961
1144.2484975884954,370.34979353681763
1149.7563837029522,336.32053475331657
389.61351178548483,86.34569822572986
462.665300828388,140.7369282070901
1548.3382863892286,423.02604912311443
103.40308269716897,37.49266710833042
431.4624787639675,107.54855592607058
867.2024317232058,255.04626376376143
1056.4651210401348,401.6271112041725
527.7857693121691,162.09225413516484
874.0560910331359,288.21748220483494
517.8107318954166,114.68079170229107
815.69944484966,227.57645209861963
527.3771246072641,166.34244168575958
737.616912265985,243.05118590945682
326.97220229317224,101.77911660076215
765.7126152968508,247.34478797197082
628.5022740192716,182.21600316654892
710.9417167321487,205.87689344175448
1193.4273483300965,387.441568873313
667.9061274688205,265.5204594725588
647.8773519045583,188.14786674949502
604.1790471067407,222.0069916450657
687.3458277318308,170.08548152128324
792.4187756519964,247.46079690325473
937.9166829402229,272.29873114300386
622.7504230722824,151.88862553648156
827.4048675052736,254.53248968337223
378.5365897661376,105.37230141936676
1372.1159761482566,448.43402436976356
1134.421209988355,371.73143598435394
910.6615513241029,284.3110172624355
1334.2875161583327,407.83760896634016
855.0329768744223,250.37999356601918
544.2653094817647,128.22229662560002
516.3257071788034,171.1811916382977
619.8361595347995,179.7808204739589
945.38047455641,288.17540424401625
727.0449628105398,232.24107643893788
388.1934318669108,135.84136884672063
383.43737677129127,91.9214486689138
1124.536118651747,376.8783343198312
702.5542359848685,182.95280104199037
541.3738133654259,143.5612210499529
167.15168971657067,26.257823672983108
781.2075616763834,249.75630264309987
622.1115141927582,226.85911135314714
430.1075515839459,188.38811769668223
315.45458253079215,68.38085044082788
1272.8751454349317,429.9603093253776
330.94425992002573,108.23043463151213
962.3438772847039,346.49777926496336
388.2500850360671,73.14284138630066
1373.0113845377577,562.14739378262
689.1993150007181,233.40692973026043
526.9808727959238,158.66826973128883
690.6689646670361,208.52035856838225
752.5736959861421,214.72217907843628
671.3424872973467,213.14929657306132
730.5415662205775,254.2288481923374
581.9006106710168,157.88809466113025
1385.7303566979958,436.31876007167597
383.1472122288488,120.44920776085486
209.84488814220478,44.77652576513076
318.0231324201206,107.1565087878785
411.4281873768682,117.62577394139569
746.1860289917172,226.88343040547153
256.18396273271594,74.90709032620717
1090.872397360642,405.0575950746477
1278.7958264049075,435.43652094488004
474.9258917874362,163.94099702529147
510.8909476450934,106.84012627778488
1315.96522070526,444.8748884974523
502.8800311405007,165.53925205184498
1070.374547712841,405.2633318904491
453.8205180119078,131.1221035721051
467.67645625934136,131.82605508854934
986.1873192585474,349.21923431203305
921.10238224014,276.2938193723352
865.5263995269436,227.7684494500242
384.1963202551741,81.507110446263
916.3798297294943,316.47664557703575
147.23810996404583,19.17244873500767
841.7309889953342,266.2355951519805
815.3219126109356,276.90449016270867
938.2854501982526,264.0944192013309
799.3093683944182,263.10270748921005
726.3003699460039,219.4097756887235
478.4772982614704,161.5605177582238
322.4442029099327,75.85983236158215
647.7137986061801,187.01014918413762
433.2895954315552,93.20089592774566
168.59560679731032,53.37589183620554
878.5167663999327,274.9714220885689
1084.602103124662,368.91314593121297
359.8279407657945,94.32844700824371
190.8406999425871,32.0445108939083
322.7220953639549,96.43116028377966
267.52930727593434,59.22073465578222
802.9560499470034,202.8988423270518
569.7799693922997,163.64802908376092
255.47458870997224,38.54321349865406
1392.3310918234831,444.7291187622222
465.1784644129363,118.57570588557837
603.9024239791329,175.83365818670467
468.17710005295135,123.84731215761555
878.5908986251065,304.2544189637136
789.9709918411306,299.51429184556133
931.1722562454281,344.3792880217799
828.9041290614157,291.12144132306133
691.2422994549618,219.16844471429573
531.5655716649133,147.45088104644833
943.0430389308998,301.79753985956285
643.0224527931557,198.60047411922454
839.3706870154306,247.2432569307328
693.7184436619563,175.07714088836656
452.7196106331628,105.42651303021728
455.88585354814876,119.88986254886463
486.1630113988524,171.40058153151512
835.6197642435184,280.0401206621626
1138.529195378941,342.0117505622834
844.6864460936818,261.34977314860834
595.2558242132905,187.54188047720007
527.5633061772801,197.5737709571587
448.0387065342044,152.63502035068376
821.0312951589174,256.00791256330143
751.6158815671304,239.9636249813045
746.1038223947576,285.36717413949685
353.9470092214228,85.91912857512688
1336.3485012864767,403.36742059877093
377.9930653262531,78.89408290998038
485.63465861028993,160.35141278475749
454.0841201936179,158.51852235087495
999.6761023858833,350.7507874053281
302.2758478670305,104.14891689045356
359.0521060359011,83.25852838838634
844.4513949921891,317.1628718269535
1055.052833782183,438.9489358452911
1070.3992985848463,381.9203455364534
806.9670449107848,270.9618794435702
725.1076670284842,278.4049333582084
583.6283724142669,141.06625997559524
134.48955484650125,31.04162528185428
938.766246368742,298.5960214190892
1040.7163990429087,333.31809518374405
603.856447407242,154.6505200224281
791.7571021891364,271.25633013233045
759.6780794550821,346.98902138639875
1088.589123418928,337.9642241821861
849.8860120133747,316.21750471958876
658.761298111869,219.6606990148657
356.0315712936765,100.95042096208289
531.3917862499054,136.88493400882246
778.8757476839521,257.93474848698605
904.2206218492752,250.46243569676943
773.9124988666315,264.57912920478225
874.9806391388448,288.3676626820848
201.0071163135171,56.078472809471826
928.6805052550374,291.5160404711183
501.58464470131764,157.69407536720527
786.3306103130701,255.42184213746586
798.3017597684552,245.47883807558043
824.472127275641,258.38789131236405
937.6326982627736,283.1746065268366
956.3602328102628,378.2964575623814
613.091695556127,183.42947117021342
818.5333157392205,259.13625311382305
695.6516620304698,206.15563105947714
1135.06461417781,334.81890371412493
837.2178467494565,244.8469701802773
772.2374575755214,231.56631293135956
525.7603220362721,134.57019552439883
647.6281371125333,207.32852282665058
1108.1300281379172,324.68455512509377
447.14410931080647,119.72773366976959
825.3037712980665,316.0561588978315
716.7889947085766,232.16026821354603
1157.0694648062345,570.277385206099
669.5912738911273,214.04097818503737
721.8088943393794,211.31982905807106
520.271191510416,178.02528405730783
524.1703155567516,162.42594297339986
1260.4577187649213,527.2117389133097
665.1170774022695,161.84948606964613
1093.1628945114408,347.87069596813143
467.10910457927923,162.97549573747264
645.9275018946892,192.44287369069454
829.991111661575,222.77089167274974
426.8274285165327,90.80215087574769
683.3991297469382,227.17104223351524
543.8433456839205,143.41793032542654
719.5092439147122,250.65779362727685
1188.9890150068422,488.200316223232
826.8831170490453,239.84758697364268
1274.6538592074573,453.26363711827105
945.0996915314404,345.81437638675345
1046.6987815510688,315.8673283127793
657.1984510182801,197.94187596824372
892.6785411012402,283.9866669065173
1208.6701504568764,355.39670080694077
510.1364309433782,120.02868144582737
1046.8480585148563,382.55251888880383
1190.2641980702472,350.8523542757704
1062.3785906475505,337.30805250545666
639.3915915390737,237.88268106293012
955.2515655956489,314.98023098904014
578.0969873361671,174.13346650636237
211.33605944237513,39.186383351837996
820.1309483217309,233.28459086784153
1568.0861463393421,463.7216671697781
918.9362741254786,303.3090530390469
367.7037913657108,87.4064976997904
460.2244376749972,164.2243176644958
775.8487297527031,280.54094270037
811.9611295877867,275.4935704300151
835.3163883332263,298.24326039106575
1131.8405248454328,358.83401369459665
777.7751201551731,252.51781244902168
428.31597474684986,128.9811525534396
632.5003693847904,223.4020812883381
810.8203120182134,307.02504349314916
850.0632549559953,325.2730754544229
670.2944559421229,218.44156710193076
897.258598671998,231.59022266325832
957.5567807005344,334.8112238390087
544.6396834482995,146.04861267930093
812.9988546510276,267.8403052253201
543.422414975003,188.83765369202152
515.7961349264502,140.80283997957804
646.6175657224153,255.81138370234657
581.5375178236579,157.15229813917296
903.5952020215564,246.39351076254616
608.6393730290607,182.02671509779304
823.1380005950698,295.6460691880959
493.0508782396291,160.7108046798542
628.2218512199911,127.13873128305575
602.7693639292866,179.1247368397358
112.79053021974968,14.887212588952975
726.7224681938046,253.33568532084044
483.2528553214522,141.55201426513634
299.3401815691179,83.6343982760213
631.7951607194607,196.23387012056375
186.94929379364027,62.30411956495772
829.1887308331242,268.32484798072653
630.6463276850086,233.08343030652554
690.9236625813477,188.55217293969582
567.2697073893894,222.01869167026368
741.7995510543251,237.03960510571855
849.1014533957045,264.04503614957355
225.85842331016903,49.8588974641245
614.460330673292,185.83198553123532
211.5729661837571,60.17350478884887
431.83189069937714,133.58066817902096
431.88969098959984,109.58926432224663
1109.6547171222082,346.4676891918706
703.477837780433,233.8287719640403
310.74845423459874,90.87751398020873
344.8403245722364,103.6763581907092
489.5970770511411,183.3502738253849
578.439350447354,174.80125355143753
335.84688765447396,94.52661498432732
690.6007080533898,221.1018400590402
484.3960077337524,172.86680398658706
618.5149118189001,165.78215282327537
1129.8284358426686,342.2850646733656
520.1918754426209,133.79926857326637
970.8724869977859,326.8359814023059
640.7773582800432,200.61482661846836
755.6349320284061,277.6244483017529
403.48682078433774,160.19199247097558
393.4591065292222,92.54712969041633
470.5147429272046,139.32275648519675
853.8277744350537,267.011512891823
253.61270533373727,79.94602768295289
485.6394175115526,118.01821378345579
795.1077885706976,228.4551198389674
471.22542370254723,104.46398411058377
554.8698662741007,135.47322638580064
323.13878006254845,70.88880587769086
801.2977348099508,339.55159626593905
886.4590045425515,262.3291055254115
632.8503411927527,142.14603158337377
1014.4721356121828,304.3952298302365
497.34976307376246,157.68029501501286
555.0531505062813,213.7090252827687
930.838686643709,309.5273519582086
1250.5055423848587,387.1613054023084
624.6744425438969,225.65325898450064
1104.2502764932717,316.6737776246211
449.27240630381255,154.9356982671068
719.3098038592616,255.00945995707264
449.8884733820671,119.43881375456255
1185.3395947084266,377.95059358157835
201.43551893395943,42.701423288661566
873.5346374193261,284.5992790729459
1485.3471608560176,459.35851953836493
503.1702399040498,101.71534783861027
798.5078160527896,183.04682585590942
858.7790798335648,264.5560980222924
354.37227667473104,84.74711264891366
1054.9082576172245,338.7344149500651
270.6947923197688,49.62904478236083
706.097802944592,233.74111979947193
848.7200113627443,266.53495600438407
576.9915340461057,201.77868116990066
639.4009339127413,202.352148892027
484.70730000000447,133.59845388047674
578.7492956533467,146.86637529896402
403.37432932597346,143.26904368458153
1030.0544430495152,357.43014796295165
252.40354404075998,47.3602551888478
749.3699521403933,288.2660357328765
387.8164076099532,73.32773186976308
485.8541026475819,108.82974157588502
847.6579319408916,277.6640867234104
824.7681532584442,375.69647803442535
651.1147411994397,219.47427393716865
847.770505944653,272.53766785124725
823.5608704235327,290.4423838941648
982.4378051729126,318.0871753374676
492.5872351567819,172.64520271492586
1079.7212100839643,341.88001987260924
1048.8771883966606,334.04535487709376
211.6059393937154,38.31671357813255
1076.0672207632454,372.6252488444667
780.5968251205929,337.9934782142736
1174.0137117688696,357.70844506344486
803.8123115067876,215.48196198959258
1029.3400886864652,335.6869238332363
548.7288410561829,174.40351881997947
269.77828752591194,77.7493695781018
909.2646828624663,288.15669472277364
616.041747320543,190.10348375648846
936.4333887493148,241.7430376683344
873.1214379905258,226.581598887404
1015.3425796687313,345.1428813304498
769.0251413108786,247.21274958428933
602.2453274676601,190.26337762732388
1309.7978887747577,430.0938003102499
1426.1343565643372,525.8637612270966
951.6851134841595,382.7404209224839
367.62727297482354,97.59430386161212
1100.8128203890667,457.56556034377917
274.3091796562473,63.706143454257514
428.7110380579925,146.43996171192967
565.1794749210318,172.2946096851841
273.174367178604,54.98230549827746
607.3536546851586,138.96941630865146
1451.5998107960595,424.36963220273964
1050.630979848927,275.6642771660906
569.6627780880144,210.9844795704133
557.1419093116758,107.79546168816344
720.313655128012,259.2660752049796
426.5016342510718,118.67977821559674
755.4893609340172,228.89952290497155
829.823780436896,228.26052119220233
1200.471819056276,398.9198004374036
336.1345463836001,114.95731595013605
890.6723441817242,302.27061254240834
195.68802387275267,61.544950055019456
317.2869877253207,115.59700023327048
959.8004347449928,277.49971057455576
486.5059708077938,129.28187755202714
587.4851367498032,155.32309870778366
656.9563042615002,180.3225624044234
994.0118319923649,326.3225044329056
133.78601890044186,31.74781056477244
1299.947699331875,385.62051709078537
743.5543583856957,263.04641674706534
640.3848698743059,194.01864808418594
704.092334292684,233.5048689654318
1454.1229177657187,481.5175925958849
734.8876325175424,235.86061385037894
449.99284900564714,137.5398006710707
1010.3121993046683,425.2858907819776
580.2243056350768,157.8780372376028
1026.1977294182823,344.66665016972996
212.76884788576004,68.97647885936516
831.9512969540784,282.3112323264333
1331.1372192706403,381.44246602144665
896.9960937241055,339.6474597091779
653.4504057267804,243.00434071593284
433.719221296282,148.09787576851565
203.9699187792779,33.13280337526063
564.1124634938163,170.54754869603826
706.7798367271233,266.26139903397836
722.8754729639124,184.72413686414623
451.3219164155534,116.65121931439157
711.6832321121913,228.05676334419434
290.8364261496973,51.794865175366084
381.2334021096984,92.7293480859514
508.36423072790535,145.182709386915
497.4677263217562,171.26314739739175
1193.6659798737041,348.0260385557113
478.67654694851024,122.9935217792998
593.3466410879798,185.5699921170873
758.0618618518592,241.69472885438316
483.75134366797823,121.50311919353122
812.1069746173159,289.42882604244807
926.4449013677956,330.26610066899644
671.6705570857207,181.09953163746113
779.6905633529514,249.99792666973207
1154.6898912500935,398.50914375674466
198.60682273072183,67.37913971619443
601.5730967901081,140.7456490934867
696.6635450409808,259.37574856432843
409.33697435654335,115.52010925502289
816.5409242887779,214.5223698277671
1172.1506937875415,401.3281148796116
829.0757014361295,300.45368692985977
386.61667222311223,98.87343681281934
975.6141298472373,289.70484469323793
752.8377804871775,248.57795177985687
811.0751942808188,238.28870464588272
803.7894147699214,244.44604873866768
772.1326230948314,230.7633533503518
764.8224577814551,290.2929675030408
969.4131275029548,491.66751166906965
607.2281233051332,156.36705039707726
99.95964210522088,13.046283376559959
845.0361276439648,268.48298356939
559.855754492942,200.0820059541197
546.2192615651256,175.3782387753077
60.99240403565545,13.668824611378948
718.5532103063663,238.92011198173685
565.1855899347377,184.02242927122109
459.6675765581127,156.83323496008953
673.89444284496,229.50642413350968
915.9129506465248,301.4551149143647
586.7904927817013,215.04730466841585
610.5063784269289,190.24489990260116
382.10166746694705,125.08506763367521
652.6102469439944,174.21639007898213
519.05599956707,118.92998235570259
554.01841399664,206.57019828839174
1073.1433725712723,327.75436464938696
260.8583373198086,66.972970605928
35.199794552633406,7.104434997715908
207.04166936174056,48.599574894060446
293.22993705989296,76.12991342695035
545.030797791467,135.57289816244534
605.6079850220046,184.4635673041471
831.4196906205284,253.5995824042955
911.2126996962684,287.6122164592068
664.3486281772998,221.20906486249535
500.95677400896614,186.66768310101776
586.4600908738851,195.44999149406434
731.0116069797459,191.56471721891987
922.1980315472247,240.78908566593387
1012.6472303546373,442.63160152166654
722.4391381751024,247.0568514313029
886.6028940423896,227.48986821553854
769.5309019687371,246.4677366182482
986.2613427735394,265.4448010187647
1095.1447881823299,331.019031752475
269.48655136001855,54.639642566312205
141.40011352008855,17.051796030907248
745.165091174995,253.23151981082458
378.1562159348529,86.32108083305448
528.832814697507,176.56100356201182
295.54175191832604,63.79779159811257
943.2788968391857,234.205326157129
1117.8037489105716,351.16941448462046
1326.3834242034955,387.2847384154605
773.3062617803673,228.98776436534845
794.9214961293999,233.07133434738802
590.1450417888118,172.41048416636355
575.0642440637855,127.12658396536374
480.7319269854219,167.42761329318782
1335.370899211336,403.90279718924216
488.0652714000927,121.97469685372886
374.5423689716614,134.6430953366523
648.1319929378192,280.0054641158604
919.6409110362282,331.79341450888353
887.5840421192861,268.0717414965538
544.5910326800898,148.86336966078915
874.5039257909834,289.9826375808152
502.24868059216425,135.20792774802877
274.1132008369892,87.93922891973345
463.3203183189268,96.52093255812444
1187.331576670649,352.0027439219477
876.1874076063316,253.94001629929443
1057.2159876887417,378.34132037056816
692.3018463100525,221.2980890760265
203.51427857658868,51.21963177944773
679.0133447332747,179.75923844664092
738.8684930683454,194.42425004496678
606.2399501879529,186.8129793130763
781.0971969265426,246.5013079795804
825.4301906562218,249.62300390263155
476.70435701235635,114.3754921696743
582.0245765302036,172.9537879666131
312.67289342434634,77.83288371953579
972.8487617117983,326.1250216481376
485.484752550668,145.54412349809448
965.165241013221,280.72120049551665
534.3436134062689,120.6096344260487
635.5447105081389,282.10939575233783
875.6787721566936,310.3672689630087
938.6750853346132,305.7822220480005
833.7713666142241,237.28977260227268
693.9326076268354,179.0260060815597
160.31588166625153,50.018951310508534
421.0063710645755,86.96408128510413
794.2779349829975,227.1572293446221
381.2223574772043,84.37989321357144
1522.8420522451,461.63599743946025
802.0261344320389,234.721829070116
1232.1465979641218,425.86541112028027
960.0864650623112,317.5516988850837
999.1665155084785,321.22456489390504
808.6928169367565,255.75916432728633
1199.4929838472133,461.48390677130453
1025.7377692220714,321.43556888541315
164.70757234300797,28.562730703448945
629.449164750774,242.6678472443386
1204.0993114271753,419.44121368860846
874.513641474995,247.88327910456377
1015.9091755438053,366.7687278625756
567.5742386336747,164.09249006881353
965.3036934007237,313.0282162796744
770.0269454365008,269.08240501579724
671.0068350094658,201.00757970786748
441.04033097562706,82.51040677687637
682.166461539579,192.30144861883102
1152.220383901261,414.3537255914814
1045.509328764338,341.0455197647459
658.9305625515955,195.37586646155597
644.8013796248179,245.5652205579803
884.2182592838028,311.0310298047205
952.9998706451404,281.31743591948987
248.88998792713275,58.34018806244465
593.9251019425355,149.4787724678593
970.7455391482927,319.20639233851944
211.11094947309243,46.267841924014824
601.6447663405876,179.3234460674627
428.5837709956827,100.16646539221547
211.52423911452817,67.21509096740029
547.7469054750231,156.4989053524855
726.7283492894067,295.2125429833842
1074.2646044855128,334.0866517581738
661.2078738713609,186.33491185137217
562.5156577559536,129.26567926704055
965.3637822061069,298.6883056096906
743.0704072819535,193.87281412939492
245.14019522408017,52.317231421326184
759.420564786717,244.9624906572869
626.2283090099061,155.72391245307867
646.0994368593122,157.1166944170227
493.5951210326723,154.15823690256587
532.1979924033116,171.83142342992932
451.55817982456233,169.02312651900667
994.3645464794886,368.05051888030783
669.9388226107814,191.26105865926095
318.8652801950844,80.40779070642404
457.8844477101302,99.68395396704024
373.08300153046446,79.02306898769581
996.9163958483788,331.02586914020065
463.77121286718733,119.94373964255965
902.4429141930057,286.5891591277872
280.2277266119714,75.38481702569734
345.65258635734494,85.26001042816299
758.7293584552165,208.93521175925417
617.4842593484833,130.00101399337333
636.4304397356138,239.1355070012112
296.6133014902897,76.3272850863004
690.1047487938107,256.15295410526375
227.22950416380434,71.39813972248116
323.7554200568756,105.22915763540097
416.9067189388936,97.97229746019619
479.9854548878241,148.75200864791444
893.7093621562832,242.87267512756935
1193.525478289795,383.2842316160077
797.2886356040756,220.35224023052254
589.8857188499328,173.78970834782623
486.8036282513824,203.6610007207396
812.4000472827917,227.98136509210283
593.7168516150132,131.97389856382426
458.58179832568464,111.81617563530499
1205.9020873491818,331.1345588763596
898.2066912468936,224.84992294237554
1390.6937957198334,424.48188988034815
1071.4080431988914,350.5941668297991
1705.4810952088542,448.1880087309328
503.44769735198145,130.78443071979825
436.5143903771957,118.83459551135039
573.6722584584203,180.5995903309189
723.6529110597019,253.82857856624312
878.010406572134,209.54842651915692
658.159728195036,205.13237234603778
917.5527551055659,266.5985139914313
586.7514146208634,143.93124115340197
381.4659208371845,101.36164681835055
274.97824405530343,50.969901287920486
1224.2276626681269,411.32749158099386
382.7413676007251,89.68587431460818
1259.1080186338397,438.0207611873392
625.5828831572582,211.97320694333175
696.1533480549158,184.03687460883222
540.6989620898885,140.70333628756063
399.64624184906836,98.83621960053641
950.732045163071,372.6057678063872
1558.7349609550681,648.2675038610244
186.73171622473305,38.88499158209533
843.4585677115529,227.79078029382597
673.928168792493,243.20229387956533
496.39967620785757,134.65998675089648
461.95848330896933,152.97974814694402
922.6435263477072,324.6250286562254
237.59618399730283,57.10917372929098
380.73609018099694,126.5502684599008
415.99971550793083,104.31473287972025
755.3984412664238,252.37465538466606
939.9227153527237,337.3569824854708
280.394748722343,75.3318392691806
641.7959273482936,215.00152345278457
973.0607785679022,317.3981987257022
1535.7611594257578,448.64110314450016
738.8561241703209,195.76440287074178
643.3704984349745,186.43213586757463
654.3007797708469,196.0462882916315
469.065763982349,144.7688760853428
1038.432135954023,307.15415081579863
1213.1595706683715,361.16919563486493
476.33997899683385,136.6994440906362
781.3459832327574,241.12888159409795
597.8085176683087,192.75456678126395
1124.650383135875,347.5954729362896
1064.1072040701295,364.7053097414875
545.9306359148206,154.05815828886165
206.3868366156383,65.10917506453792
1133.1050450876273,400.5055253935344
532.242511375566,161.21129327944124
598.1997261242095,182.23132199774466
572.287386027315,196.58334966489002
767.0066052600198,263.7706688478212
714.4382713435633,241.7114189340529
776.5580131245684,236.5187290844061
528.4674500085943,126.71943346836201
275.87569408516316,68.29463271622528
748.4153079318588,222.68574800761152
1215.6904883446061,389.21786916350936
778.019185906981,216.1753560317294
637.873096305794,201.37551655901885
801.868367228074,276.7492294118226
595.1030372415737,211.40564309343426
662.579275898435,164.46107337934882
740.1813924061491,217.01057139328103
674.1830096830407,219.38784241715933
927.0687042063096,307.8072530774327
314.51367499811323,79.5593531425236
157.3765810649749,29.141313491028324
739.5293715408461,275.32593140699805
978.4218084109693,332.6053454796953
654.7117228733998,248.96555289363
276.2096629047719,68.85233142795985
739.0572081044857,287.3547974443112
652.7079669284867,176.60327203163175
101.01459905702461,22.02005410651291
526.7227557836474,189.04785892981778
652.9375995784683,150.0542947190441
807.5920286432497,210.69774787073487
635.859472271195,179.03878822102558
336.0504641251293,86.98258362039297
687.5602850352914,196.11416520847067
619.4819397679926,228.75069037046003
650.608788910615,190.71440128486785
478.0445174116912,129.82956697609137
172.10869106348636,26.06404802725999
747.085530537579,193.69984807665222
827.5669533648932,223.1642115006984
292.07556234924635,67.88834533650703
476.32259014959345,115.36466522593327
763.0316370602603,248.61583506334566
430.0727702223888,84.3736832731702
1012.9999985597999,348.9473553953599
924.3755862819899,287.29083088933265
858.1696321643029,216.7753502579126
1265.280656025952,422.5326803938546
1342.2249146840677,377.87962794434026
1196.8217415338695,374.7788189877776
671.6195354758689,187.6010457683136
367.00193436209076,121.7437224775483
994.9933825540277,321.5694978741552
263.7474173427061,78.10945712454027
692.453284682527,201.74681776714553
300.46628364771647,74.61717753441415
711.0315030842468,202.5515415985753
371.75991965423464,92.14099938680754
1089.5958759089422,330.8742736568981
1194.673567222749,429.19467763884035
670.3590128761873,168.47031743007608
959.0241672365171,332.90205236253104
520.9225624625185,161.3951106873609
335.76923510070634,99.47080341771276
828.5519407570328,272.60866934880664
267.50458017848445,59.289682911757566
552.7464168893985,152.3049484744775
1060.310050695222,372.9408270282214
678.2757581073257,265.13288891628105
1137.9793216700293,322.3472724743006
507.2476273140553,181.73087009327034
887.7166883831344,303.89672748496616
869.1235532992771,308.80685954916794
964.0820297165549,349.314264554849
1131.1495975074188,415.9509912189001
399.768746373913,71.67454873325572
390.932552816388,108.82445141787231
933.2735934998923,328.9777619603568
1050.8901986868855,405.77127508382085
677.776973346978,221.00723043004163
599.143621830558,170.59081157515988
253.34240412516345,59.04227090959525
892.7609361097376,258.6764689759441
530.1836404619958,155.8169529342544
776.1432483243605,259.13906922825964
387.95501512988056,99.3419097867283
334.1680074616389,68.99829512430584
626.2503191836372,146.79384476913978
637.3084879998086,208.93868716704463
868.1203500412541,258.9626211601047
827.0115690125022,251.76897242606117
1690.718879758774,537.3639576347547
737.8036180399693,264.5966374798001
696.7901903318187,212.937658479634
506.2997440814089,117.31279587645278
662.472336146472,219.82437043780087
629.6134798592511,218.94026563686913
616.6080501980892,193.0208494393713
699.9648189056023,243.9990973705972
694.9273267854697,219.91208146178786
1122.1215059019619,424.8817940353089
775.878597921798,259.62983114545546
745.5842724872498,310.84465038854523
140.526034892268,25.984680595525514
881.0354308166309,262.35843147968546
1109.7598030341223,376.6411887609252
385.1606412822682,109.08120419059013
754.223907500726,197.60520237620344
705.8542157263066,230.48726407939887
284.60078676364316,106.46117782660257
743.135981676439,185.64648736291426
530.94347968115,189.3594167439968
630.3058431808922,158.27021086720063
437.92277678712156,117.87218391631626
340.3951503252082,88.5450103385185
575.1553834590673,193.70346860531052
284.37654367322375,56.632393806366096
1059.8193920259887,354.4379258885749
542.0609456332495,147.9522339787897
1121.290652074228,329.6257907869839
1128.3350889349947,346.777545533566
797.9709185624621,208.73278366655674
946.6326285870668,321.71624012314805
430.976564130333,85.47664234453698
457.5852373708931,125.84031374897532
677.0759024144644,186.05312355517808
1266.3507167230873,382.1268845194774
585.435950475386,139.19666083351427
1195.9996348952818,438.02719782946247
297.5192558422319,87.28589303973028
929.1876334901872,270.25568368409495
1250.7874952240359,384.8018492024782
840.3304193518422,316.16044758866957
696.8978498802319,200.6520728879099
626.2761061020763,200.89623476074175
1113.1187003976474,371.36297895166547
942.7511262055293,493.8468046133552
856.6676295514449,313.4958163181908
223.57464335583373,37.06823390777131
575.6047777328541,176.5116053042436
398.4216149963902,82.89231616984881
291.21918652436415,93.68046859348118
809.8662736901679,328.94711880267783
613.5511294313571,224.17724621147968
725.4450831392836,211.76250838281703
744.1439760632165,169.05367413965573
1170.2233869561069,349.97148598773026
960.6646846812956,293.9635208587753
1021.1042773961778,315.4762771281488
1430.214176426036,427.50434479865197
1206.7447097170284,394.749852080728
588.9698179898737,279.03319594037276
648.3215007956491,188.5745753013722
265.1682715138184,57.78962475036727
469.51641154253804,95.30067917150056
841.7063578045602,290.7816463342133
284.41963618898745,91.14164995290878
1272.7450113694317,389.9985332130841
783.1448744105493,238.67483966353288
342.2394480622023,108.48646958045059
657.7517527008877,229.85587470354864
662.0064846619184,221.19042333325805
914.8973766982429,289.19079582114466
374.38540410810845,122.31935585203121
1128.9337407194575,332.1270768667604
601.9741270153345,230.41705179780254
329.3502145285472,85.2197739124065
695.9339565430598,226.98159145795321
956.1911531974736,304.7580327938887
678.2705725717987,182.1242752492154
674.9721454463028,260.5742401864059
894.5454108299481,309.14488958594166
559.2352805338081,200.60408031597558
458.28333625445384,143.19191500287818
369.12592856316945,112.7682917803273
1032.381580683487,342.4161322198344
630.9369161581446,137.904255821427
426.72984733145586,107.58513201485677
715.7206552494047,256.9643999899383
534.7846962355278,139.16778752341133
771.6665963121466,241.33325069385458
580.2484252146537,203.39433241796135
730.2679255483633,204.7426609333757
784.4851210470501,269.57894180534055
310.44712688175684,98.95230084807609
251.31088045356043,64.10497709337085
1099.636666616586,324.7316265532995
832.9190740234835,271.44800147595873
885.5750744876132,283.2558511440936
1121.741634031047,331.7967527796162
312.05484525114525,75.8863058004645
427.2403203972381,83.55360773745522
571.6487107530957,120.40969540116302
823.3821596753742,515.4887717945816
1438.893478264743,441.77095498558765
771.828114827808,214.10487587009197
1649.0499731945256,514.7720424084462
681.2067760318442,230.96067491820733
940.8832789643992,352.83418957900363
345.89191910386955,87.99288416519812
739.6246902555345,196.68695252272363
456.5382241612813,150.89126620103096
679.4487030842574,209.58837720191295
953.2917750879835,348.50328772960745
728.5894060527658,208.9851039918419
873.3725615230317,312.0931296577277
915.2124081351942,260.3075724303589
882.3310150720779,473.8023937890434
497.7427478699698,107.79660359437044
491.18283542486455,155.47131550604192
591.762853592544,193.96681931421892
777.0336821703738,428.0189868445139
503.6830852544348,128.99347232683218
876.3523057028324,297.48633965436295
724.1887143977337,196.6008827892005
799.4729659695181,265.7154609169878
975.123505738303,372.42527966437103
490.5796973429651,156.6402264966872
664.4571882885294,157.33618568430725
301.1571262673263,58.45290665473825
480.2098456748781,133.9114019176462
947.7629875706439,306.0235628954048
1018.7529567310698,299.1913441248413
487.8233643131048,165.21652365939738
1042.8471478202537,333.7153441588457
386.53237842499243,97.01337749659479
572.745301973678,253.60560836034293
814.0061064433294,234.99717757994821
423.89794138527225,127.12969361746086
547.9610241482038,168.8065576928345
939.9522063446593,305.540156753272
30.04656296552961,9.204450072760523
621.332626435055,156.53132198964977
400.565491081492,77.80021023907062
772.8800838619085,268.91457661198467
239.73607026447434,75.4723103546289
691.249725498662,202.8963813012742
901.7572025252398,317.5869656187841
841.2548021303378,314.9948959906666
367.55773256256685,96.65881251015351
402.51949204759137,124.57408821418748
607.4914555632961,183.9298344968017
765.1064314063242,207.36078279526288
1001.9417606055126,286.4797529888529
178.3922870117931,64.00293410522086
444.82298172520643,93.22480711616389
820.8760774030089,294.4908844011992
999.4371654786087,300.2487946734423
734.4763189571906,225.04685492748706
929.6997139058705,314.52892439242225
780.0804733314703,259.6454130236441
434.835894076486,110.80145137084651
482.6908717761995,163.24288641840778
156.53355812748418,51.04632081970522
600.7655651582538,187.67594224544797
559.3903083346904,157.48950561653837
1145.07807259994,355.1523962006996
667.5046428136673,229.74553643862646
492.20551670393377,170.67717453056687
1206.9778792611432,370.4888665853091
813.0880355360274,219.03867266002794
967.2802501220177,527.5145510680472
794.8493243858275,262.0004149046883
927.7401811189266,313.72453697779014
1086.0032262176424,420.3293708924285
881.3544517434218,279.3094323245875
600.1993575259759,219.44942265848508
737.933234506844,265.5356625734715
1315.363459294614,463.8527866377055
703.5705327431046,256.0792486353875
289.53675964783037,51.56737523847272
944.8709965102722,310.50521802541823
489.6196943447079,156.47897777379293
851.0614277103259,233.1075319095568
931.2293302319864,249.57234376474034
413.8376944586471,128.21139894806964
390.8868728675788,85.60322402346524
908.4665673602461,322.80061449775155
645.8336054439042,199.48746937902624
172.0683233654474,32.09637850542874
474.0112052662198,119.37553660606113
829.4086063950102,282.60934995706
694.3334267780876,163.4394149342986
866.2830023345225,263.9886652734859
1362.3538139925276,484.788934852672
792.0863057166383,328.8205042768745
416.29874557250173,89.11894077602507
488.1849093555901,153.47411534454545
276.5422570482787,70.86468894764698
716.9454470684993,236.25799334525934
1012.2279795872953,344.5167703602746
440.0432920278558,122.30308277265698
839.3023750585737,258.15246541193085
837.360301577083,287.5956954435211
811.1148026913976,230.09907475625187
555.9336601018076,129.51079000368452
538.0275474958337,188.28735334624184
864.0107760064983,270.9199484071002
783.7092931500965,364.20933439055267
691.840281503808,189.0829955008524
821.5391692906849,293.1507287830892
619.09806815851,122.25057482911596
1048.660260512917,324.7145377184338
994.1934842129169,468.2591614300277
564.3791663707232,188.5827002833204
973.6325478910858,312.353935675611
725.3365021615775,214.72819631864556
394.48824055067615,141.96101381071125
796.3036494797146,230.33286858102326
733.2726375190159,238.74428116292432
327.78002806468226,84.58637396133537
503.9050014964284,141.95127118431827
956.0614115891507,288.12629213821884
961.1463264359109,269.20934498630913
1193.664292587619,437.640123886651
598.9849674267081,144.80496204403278
267.2189733298849,68.83998068466897
685.9263455166731,228.3828267178541
954.079053709211,293.4707895865055
669.1891731718338,202.8521897252993
834.922907073862,233.79560677201965
1071.085975448171,386.29705693338144
540.4520494993832,213.21399030483013
595.7575768440499,178.08661055896968
170.74055771558574,27.68661733536575
686.6761421348883,206.8075970243864
743.2235100804774,235.8066224715396
283.4887337745993,124.22101037715136
98.84103524179801,22.147546401014605
1019.1373561643784,355.9540720787221
685.2399430666334,228.7916560584689
328.31036272530355,104.38501490115128
570.85633860685,144.2174054546262
498.6249994404742,172.42459639312486
1066.584827104205,303.6103740480333
873.8764926398259,276.0797773362691
242.27923264316135,77.46554602499494
683.6471369321325,206.1332819110529
610.7989108411884,149.68378203503076
1385.0016946676863,491.1518813338891
627.9600475644172,227.74336269119507
986.3408675897374,364.5489251600173
741.8823512733688,222.17003364938228
539.6486047885777,187.35361905256912
669.2328082614372,233.38324406587148
718.086441931828,368.35189367851774
476.74413739834034,117.12357385697484
603.8529700472203,144.03247308212195
694.0844425436669,231.85179557658344
228.71206548973475,58.4997346543635
538.7874703319304,152.46057838039118
484.1927949889911,169.33907013951213
770.2891835901876,263.59733467324804
1176.3118196283312,373.44922586352465
738.8927741807057,244.90000263759805
784.7949367636661,264.8547515450446
950.2307128486299,340.271915538001
767.7518189933912,253.84954150264477
728.0173790392812,247.70293337474172
467.98976396040894,118.10299675196367
446.6915333003718,237.5933036556818
348.4629574190316,66.41525438685909
576.2531857999894,199.49116497015157
739.2549071148827,250.09531790610464
345.9352515600355,117.69651681230606
413.4755936928368,94.2232416816467
741.3503599753359,192.83528737532978
296.23530217677956,63.57140800543307
824.4396817249637,241.19635205888252
751.5174692423138,247.85020071171448
674.8397554475008,150.30802186075687
414.20590840661606,108.93734812746135
811.8685875258034,273.3103804019449
686.6285218534665,212.99663480470502
840.1197203410779,259.54843401751504
431.5825256596272,156.54121878808408
759.726632259817,201.12359192893675
721.0788558760092,208.64501500961876
508.6660541758495,124.16946503302758
808.182214368183,269.5220504995517
346.6459235192958,106.92745599444932
1165.345648681318,359.9670330241983
678.802536812702,198.88473831536933
687.1213155603133,173.22588979026665
1296.2848391749446,370.66480737925895
742.4582924797835,245.54042601949743
427.2878544233191,146.745798871569
826.2951039390247,235.38787578160208
679.7803863668448,200.6105758434478
295.90582170330947,78.86235601812643
533.4849391193984,155.03050152735875
298.3175557588949,93.55511901288425
898.0364090521484,352.8789824589889
370.57628660745615,96.7523574902879
452.9157531334065,107.4739383172699
958.9545824780689,321.49319412061385
576.8942550442268,167.5566862547627
264.1874201031398,61.882777168136265
457.29485355844287,133.65074695105304
1060.8904132268212,340.3786739508973
212.37665353945982,120.35526719541903
990.0259871931102,273.51199025571907
616.5921580029926,195.21471929399831
403.2722005541927,80.13186735938295
551.1670745647697,232.11690148118683
1008.9334871076446,357.6251613539376
971.139461741983,361.57109737293536
1044.6245839510252,280.7075903262936
1001.659746554657,329.7419096104807
492.40867253302747,170.20094515761213
764.1597865535323,193.4377458600441
246.12990374724018,50.03600515259238
625.7171640787474,201.72753120020474
857.7253207847461,237.81745707199238
518.0258201333351,99.7419026739061
1099.7537494132034,305.8738549983786
325.308435357397,105.89060678770637
1187.8321404132337,361.5078482460848
621.1231370959806,203.0270471276717
130.10503095399727,37.31676585238894
744.0693864960706,215.83581845465648
637.0973964989465,193.1703269450628
462.073720285292,142.42472498292935
608.7916460174032,200.2579638588248
883.2898789905469,245.46541861477573
184.6881297824866,58.31254033844488
903.6838923156786,286.345483001512
467.9503484851384,165.39175652251285
274.10642528881885,66.72636827052192
363.412395497831,76.06901676110624
176.97373037880436,60.99965734212651
736.8842853303613,187.08544293040674
1003.0487158254948,369.4290657597119
1286.357417180419,412.0495548450933
452.8338906731374,127.42523217482804
597.826355715809,143.03385100197156
1246.9377949251893,373.34158865221787
811.1165781494321,272.6139216487878
82.4661366279517,16.384709245380314
423.43794006798424,146.3378973250991
999.5663355000733,314.77880419307974
612.9883790582925,217.2216583370663
468.70875316119077,109.25866713579371
454.15520413841,133.25295906216235
449.33160323484606,130.77861565261088
822.5560175067833,226.41365971041054
1326.713304557239,588.1272779066259
753.1728566540714,244.75035451638567
668.7726932090447,200.88368648655936
441.06126316322366,120.53501193322863
529.6839921179175,139.308478011594
729.3451789776364,312.2097394523343
221.08443401361816,54.39512368434461
1152.3339720519648,352.731797621697
391.20765708375257,123.62695752143455
1011.2006558417917,330.3133385657039
649.7738930251678,282.1540869905004
1049.5948742900905,316.8930347326159
165.94599779489906,31.399435591373248
752.2018434602022,241.80820548897037
590.8399838509969,135.45600507820498
504.7077380074814,119.55368150205746
1072.331923066269,397.7943224659177
299.92557542110126,97.5201075703343
1333.731407478927,526.8803992037317
688.8217425385994,249.18813645908187
361.52554417093097,90.41771350678813
731.2473723787206,228.8449562163455
770.1885730898207,232.90106338793578
524.2216598047985,160.40825981082514
265.02605560536875,96.90266106992837
462.2226589956631,81.94211513888665
892.1257034702924,316.30406387389894
586.9835291673236,180.52272584664004
621.8485942212614,172.7373074934258
464.9532477598765,127.68266679535071
423.844639838431,111.09159643645211
595.1971816644664,218.59130105178733
783.4347856437113,221.9478290882327
399.994432390304,78.51471641317251
515.4077836422471,173.76070764878202
404.9445544347023,103.34429177792616
755.9859229884628,274.71940336618906
764.7249017156416,287.2635936686982
666.866969467971,259.2184252682845
840.0125435244563,228.56741933642206
335.44312633712667,80.15839014434786
177.9340779310652,38.34905435677319
595.3988398874724,162.76932833595762
737.9581438681796,190.6095061014946
1020.4909126378703,361.3183501018504
770.4968305314754,252.23646379797603
191.88453150426812,46.992940792264655
686.6509080238684,194.3278187336701
784.6518243421062,212.39316665610195
922.8056996521207,294.0181086360831
527.718230741642,160.44272743762582
995.1939437340839,290.1586858888203
811.2406113179992,267.3170120488708
353.45825903246686,88.90694341138483
402.0977577268041,95.57763760334835
719.228408913935,213.09730267567826
460.781884221674,117.3152114128848
497.1500461616712,127.66152097429662
1503.680076034418,484.67650100465534
387.9375986005851,100.50914778140141
792.861461715604,223.14696606283616
525.525196590936,145.76161058647403
889.4954375699463,443.9298545102726
414.7754553238856,122.0162799880225
805.0382413887892,308.2530340860223
299.2352125459546,99.42168046758033
371.1395675398274,133.2139050891806
448.45112658640096,166.13747509374727
593.6621246781359,218.54113269432358
761.3866578801626,216.80425856708405
782.2883719908832,292.75011377931185
542.6364840541523,125.1273082972961
1050.0321433496604,293.57190643486496
617.6324954221261,144.5641750941139
781.4367160608344,252.38635147298666
192.13130956130794,36.28576194659872
748.510745985708,284.3143364250224
806.5567169743625,241.72471192928896
638.1305324127018,271.4708948579741
401.1066096854805,89.22410591023338
882.7233673439589,299.7636762257357
1069.5892254044247,358.3799242613445
561.6423686256245,211.62189522889764
798.7442426797281,258.49380984290303
482.9375464633043,110.83740705151102
395.62878360681805,96.03258229554545
900.1848387909506,359.02420477363836
766.656687908142,255.3115496633816
412.4246588250675,93.04740628359018
1287.9613430468778,401.9895942170196
168.43963667047439,57.6060286997854
818.5040229828787,263.6626425503771
578.9326172274972,163.90524822052555
517.7320967271625,168.56656767835634
804.212736208882,204.51346273526607
543.1391014020392,150.87176711956747
662.1526919925186,210.10439746313648
1066.7980261662885,305.2557829757329
822.426693580567,359.4953078086529
538.096758277105,189.19384289965103
762.4350527712994,279.57062226653875
629.4275568253252,203.1785802269038
777.5651568992371,234.03983377732138
268.38259487854197,84.99939273965032
1440.2279942807854,424.23813430901276
677.2216291661287,183.81836303700382
223.4048433306922,56.58759193547648
606.1647901466736,179.34265837995008
679.0999192797073,251.85031456561077
881.1489778395107,271.294384799973
1047.7543680843758,311.92905905385027
512.4648080424028,127.05487595201622
395.1491458116646,86.02733836643993
804.6724920867867,225.69292359295056
495.9428339542841,111.4976976655987
621.1017465397622,222.99419781869773
614.248742674879,146.24474215124093
662.8882842244258,175.29043483310136
599.2016249712818,197.07211294690117
747.4132798251294,272.23182210892253
1111.4804086006661,327.75073076334877
374.4755219730628,112.25256620330691
881.7692492584918,249.17514387233217
570.3039553759345,214.6599955499386
721.6435053714371,260.5123737487853
751.2674398631183,268.7708788801613
447.6431138845835,166.8045430001219
611.3835980107078,178.11571858918086
932.1599315079097,268.416192880895
1127.7677514500647,385.66741451197515
787.9747143670587,230.00662274251968
406.67050103993347,134.74350622034325
716.4136324480477,246.09916541547975
553.8568478234953,132.169365430979
728.6576760365018,253.25832723568985
778.7466264348355,261.66492652882505
433.38453976156177,117.5671598280996
340.59365865339515,67.29872332574236
554.9089768260835,159.2519431475656
549.052858705392,137.04020324671765
515.4060550865457,178.5474693778081
440.0403286965436,127.43268058924009
800.5049373109887,282.6890669182011
458.0520277838898,127.6429501707067
345.9824406722427,92.58285922285198
697.133387357302,255.08865980978513
461.8388507787804,105.41175291090042
759.2593903798943,271.2223589042901
1355.1853346179803,414.3008074311237
354.87113436330293,81.30553744331682
319.96965014715204,69.83850444512305
293.992518771632,64.0957771793492
316.17405435886576,108.34567413742111
595.1451115844868,186.80405539234715
530.7743972022843,147.35211068519104
488.81128941290933,155.47107972035775
563.9183812189808,169.47840914735943
873.053597650221,315.9576466614329
366.44402932833145,102.80817630568933
960.6262021146185,281.80687962121897
661.6295538653724,191.12722128159334
1292.808087130022,382.17512502062976
354.9166099150694,69.75920476796696
780.4612948488794,247.6239391540032
224.5475561755448,29.18241088356966
161.06551972257634,42.195329051713394
1027.426494350813,290.3820375537143
771.7117215111289,230.94081119780392
363.50134435949036,196.22010358589185
500.35277273545466,141.07431328366556
448.40336445844196,140.7050444368985
459.3713480651357,115.45396824748947
1645.8570174010042,510.5985081100048
1175.9943770558489,345.3084886982159
1345.8522721428417,421.55615822639834
463.7547041671151,158.29054121635394
428.0948982315954,127.10241177708738
521.1583632200436,149.69994452562747
1523.2785875956472,439.91468246593786
803.0237333942755,250.41426327703948
303.0666186952432,90.49705348924817
242.56300589321228,59.862133343879876
861.2592038813698,248.4773521845216
659.4732805690471,231.98127048473006
750.4435609452023,287.4436919087792
962.4483533816996,326.8486235247245
958.8244090516434,332.79209127389504
788.0048518635456,298.34019739631265
1074.7215108803487,352.9501235535287
1479.9765429008248,517.2929141769297
675.4744683588456,225.37201945216592
946.5149997164938,369.5249916400867
389.52248328600274,110.92595409138191
805.3315612515046,225.7165078418715
582.685372100508,296.6633807300456
1275.8533118391838,371.991124899113
728.9601162467336,198.99252045932792
637.4185167082483,175.85916835918866
310.0968738001112,75.5107545886737
201.10941425579364,30.816266773635526
503.48245146990007,107.2893235844395
1220.1504610491133,349.3093369956635
624.8373823717101,158.85428220154208
764.4721454230802,240.3705173725916
315.45676884308966,56.47117924637032
201.48419921722797,31.894288983540182
931.7787493229971,320.68017357825096
577.510728005903,183.63632260495655
845.2823157218801,294.1562066297148
402.3158957917816,122.58800896016128
834.754936878277,422.96446919874376
868.3915097025539,260.8980000015758
867.0309777703367,240.74744936147547
461.3823464608047,123.72261745456552
602.7935873460167,195.78947746410012
389.916985871089,80.5736756763512
670.1990644213539,223.62794237399422
660.889846705707,195.39213458290624
864.2364741277734,255.85368083242443
1039.9209653306336,432.8869966586416
865.7209283312377,280.37394314324115
791.1781752858585,214.8834985368641
841.1715577081302,264.20524997561836
1255.0295763269135,663.2164856561885
367.9985775997333,92.83336828817228
1013.4413239092166,290.3561895185213
256.43871098168006,40.676084375156286
692.8150939842907,216.51070743311772
225.46652289577497,57.09856971284009
253.74631093206636,54.8955560102492
644.1211384802612,180.57745224759125
173.6080203728099,30.26825911532603
209.9251650553249,48.69660042676096
345.07148114678864,97.83557942734507
858.0178004936001,298.0904497744105
349.39272887004563,52.92345120781028
798.2873412708288,303.4717280357105
623.6736903793143,193.35825425754095
927.6110169402953,447.1330805615559
901.0244199756971,284.99795706584223
778.497435299309,251.8298437953379
292.357318536351,71.81876472929169
461.59842129714394,142.55193828303976
356.37326946515066,81.45855672624685
1337.7568542051508,436.10088956323165
657.2441501217788,217.85346948122674
414.8283382972157,95.89703096208233
536.3897587190023,178.22657715044446
363.3258304089605,105.40511199544893
571.7990564266892,202.4242758235793
425.39715185228624,93.03412016015933
736.4117208286976,293.5536778721415
894.9056645123635,284.86720250327846
966.1490662220256,308.0273666292118
742.3923003828511,261.8658071384138
775.9578319011123,173.63500136297506
202.73951567169422,47.4317554988801
716.0252016344148,224.74405435913494
716.3339148545246,201.2400022488006
914.4004616719254,284.34003040297455
712.8495395284705,186.17918966906612
1190.2521045948488,351.1149255407395
228.9861042743352,53.47778437543015
925.4089899960402,264.07254131733237
555.3250318053874,150.9168936979495
985.1300387488923,275.7170054295201
254.96289739218957,94.77567959419977
617.5097441393559,202.82533814682668
613.5192699675523,176.98501017740696
1515.4891983736106,462.49874140552384
252.30372885737646,65.98108849272339
562.862564680061,151.4582369225604
737.2912190331294,210.1187947963364
1122.3496308738086,391.8586978803825
206.52986925109673,65.29689064868977
389.9735824129483,107.5829323752485
743.7705727241635,264.0913400300636
214.5480294956874,41.7892776587201
530.5332835156831,156.22513220541293
1239.4710005751172,395.9255332229821
305.5909099057368,98.03357336969954
609.7562103452082,183.83558839038386
749.14065162818,184.567997584576
807.3565524458459,264.9336559934175
740.3707156518988,197.3091559292352
845.2994660378422,226.60234445310124
999.1909714760475,296.9995066652983
679.3335697634205,245.85221517453417
878.1787361094168,303.39690969629146
920.4456972729683,372.9028252490372
95.96696756025507,35.5421052034561
711.5454694098876,224.85556882443777
328.25879604585754,92.255680315258
435.62254390940564,108.94650717754986
628.6046759208992,166.97331192544164
1018.5753997951934,337.06039633042747
571.9011250590715,150.44128661845875
621.0400035433051,231.4198870332594
1007.8019264773042,296.2872521802912
487.26640275479804,131.53549867117528
736.4488635412225,216.1997738110446
520.9155856499087,113.2585586022877
708.1092323928563,199.22548458610038
687.4462335920063,196.70909763420457
587.3883077580779,123.62426402672821
906.1351857436634,315.39336376439513
777.1665982571582,293.58507391238084
942.7724876214056,325.39105587789766
551.2737383739898,204.93311300092162
466.8995994328263,96.18069591384032
737.485558006646,231.4983075083003
346.8938382598242,118.99521581926325
660.5342822078418,188.58395892224374
575.3758082120152,196.2863476456675
861.524752459494,305.36833692270585
582.3444633902795,243.9676957118021
486.43761275266394,140.3607476259334
457.6076012772511,119.96575198509024
856.7451845259635,245.76636981459868
565.7125835290149,206.36491333869947
528.9048326342179,183.80834231918732
467.4907739882067,184.99331907850652
866.4867750769973,217.10268127906238
604.6683347704839,298.72122567373026
374.8781510033363,86.49397923526652
390.26816751017685,131.08277905798508
1163.1527805773833,351.4623394417275
1173.7235981863917,350.7150773156464
847.7785599074457,280.7183982565223
949.4965620806197,307.76904104164015
497.8578814642691,123.43412641070655
630.1810869209542,209.89022792802044
483.07460030058616,143.34869529889437
1183.1022126758546,376.11306575474345
571.2791775410576,195.13424341278505
712.1517501431217,197.49698311364364
460.7660988737831,130.0874682955481
1371.9239555139209,401.28088567069176
359.41050190430815,103.85477481380808
917.7051268159123,286.23314866910437
512.360601776633,177.39072348438992
399.2443638968257,136.37633505697136
753.0751460031518,203.20547688791166
855.2305831782137,312.3624076390767
638.7309634755389,168.59669152382156
863.5774160849439,289.6034246874247
664.434212003528,189.04256140361267
503.8414242734478,113.2451532318418
738.7585633500183,241.5016405050625
349.03866595568445,106.18942945775484
814.1032773154382,271.0094200200476
265.1702122279659,52.806745704335675
1004.9427595685271,298.5029607843973
1119.5343017398668,414.0718695392691
260.6270709894092,60.538156147841065
451.7977904574388,118.6237082834061
626.6250181395978,194.52502415183795
408.6453843382524,93.56476763434733
518.0158667171646,165.13447412802566
782.007367485385,234.46772591550172
581.6245718981705,144.7807199119473
559.8168839080654,140.03082342483737
934.3493059525732,261.8456678942913
438.8662004154937,104.55128527263727
657.9704669076395,210.30361204450418
626.3078398423787,220.18016422002412
272.53226118188127,72.18122933318548
991.1460621617114,286.3388020307655
786.9325938088963,204.71657432987524
713.181252026294,228.95326894221844
578.8122573206051,175.44763341977938
613.9375898064563,160.8153224950848
448.66384632222287,110.92855956450465
913.1865451260675,352.07470138864414
503.1330303447196,114.1796860208975
1082.0247324288932,378.3045991543823
656.5345648441471,203.401618909403
1106.9270156028267,347.3203818242396
486.4217683489707,117.77940766911449
1056.7813304415095,317.4293330590128
420.1155029790393,114.5653800523385
442.0249515353927,130.61950870224237
344.6586903013869,117.8820544475305
751.1193778062171,219.70505492490273
461.94924303311194,109.62421437949682
871.4949756007497,263.96194314839676
627.0325041904949,204.58512956735484
882.9150791524663,308.9722330949789
998.6655578243692,313.9876311687287
551.6413256522251,147.04096899597815
697.5111951168965,226.7035925590873
341.63738440691077,115.16200555706384
459.5798040979586,119.61922716675508
828.0087769011311,295.5147309485175
503.2847280190819,132.3169200697488
742.1758102788558,258.8158107545012
999.9128516339758,398.4113888791867
627.7429111774045,221.7049554303907
657.3210276523196,196.19763057256887
577.3379205119514,182.16531342191092
782.3992601007532,269.2743776952641
392.3641018829575,146.94003210607397
606.0784064564505,165.7595285210951
586.2928156312133,202.5865751304601
283.3944532119443,61.21529161592381
923.3915840797424,323.8025575618455
737.2214606118649,250.80663749260702
961.5778229079094,286.6549206726048
1061.3209673387387,306.63072947013427
1301.3098520672897,381.37656656315374
608.3252494366279,189.30055360912394
890.7148606225205,266.12194792390994
398.72034551060966,131.7877376265341
935.6692056244658,286.06264380077494
549.7163156153343,169.69658431339587
362.702983928054,93.07801126354923
1253.6160848054783,389.66569215396476
393.3772269058909,106.17574550233525
567.7812086712165,146.32751921001596
496.4355193263189,146.49851836459496
743.129221313309,238.57162401016885
756.6818025511509,255.29248234437077
703.4406764292438,247.353829146226
1185.76456625097,435.27126756848253
810.424990695305,260.87048231502934
517.1577467281174,148.65524963787496
493.3126905789689,119.10051335538252
485.1297936361875,107.04688474133965
1194.425884344283,383.6111198211977
208.71825972477455,41.8094872223307
564.0632780156144,214.18535823821225
607.4189780244579,203.95504479554057
1029.9671605953952,415.8033887572816
860.3021929058925,306.06253555303465
1099.0623881624554,320.60564335781487
552.9197822008258,151.8448929383407
685.7189242871327,189.2568393541687
393.1054210035708,78.68949055940816
998.8912871551638,346.30756443804995
98.82337329102228,31.100676819647504
477.4901867379674,154.43327127234724
894.3213898065233,291.21658729021044
313.2594295693314,78.59007189888243
567.6736574585645,164.15681421641202
1067.8951098241087,374.9054311760438
484.9367371852153,162.2641716454258
811.8895850137409,246.567336746945
697.1772933041716,173.00304142665462
1268.1893313263163,404.6936290290617
715.0148739947495,199.8971161526234
124.73391205967287,21.321960653875017
747.1368397530276,215.12688909324905
1014.8593737221557,325.1555965024603
597.2336295807621,163.200277674572
650.8410583585948,155.81009980927686
433.8944804359786,99.56299226329328
175.734104736749,45.517782198601175
649.9977514675917,158.59301295688832
1122.8338719286953,397.209590735602
716.3094597377694,162.47524625244034
536.4786313334117,157.61091772632497
309.95641148560543,73.72598477709148
454.3149774075772,115.66075012448245
354.6338559785955,90.4447356694697
916.5593358379658,214.2968645322048
486.70022196499133,166.58226596062022
108.96965015598374,24.64110669743768
579.3324424020431,183.6520285668427
818.8396686960467,260.95542021107224
731.1612828994882,242.59310638172965
983.6731809925234,277.51761755853295
522.8636811484174,121.7759250185186
998.9652474163744,299.7410967356795
328.20663792840656,71.82295058723557
713.2319337332826,217.35628067863493
632.6486796607173,218.4329287166235
875.7258004968887,258.8723994773933
392.6256735531182,102.99608741310652
561.8394946833314,164.86291399526817
890.5771513454133,252.36707412877502
722.7116783379763,236.11045318459418
303.045355001785,45.58159736296446
228.2492760604165,40.50043689349526
923.2223175754947,295.2240900793065
308.6515719234933,77.32673192329885
553.0242660214558,166.0114631923582
579.04975257417,147.17882693533383
1107.9712938470693,336.2148607434821
510.11669754805,120.37931920502086
1032.7296428374145,382.4112426058412
891.2681155827331,271.63724826570035
577.1836453948058,179.95672419004137
295.1339124673555,77.00193577553289
324.4553548694199,62.775892746955925
1015.1874403972074,313.86930986910505
569.4183571795754,163.972650270157
982.8765550894636,359.1986565722968
251.38644197589971,61.257177623865076
412.4155070157706,117.57797214815365
414.28604149175425,84.43780895138406
1061.4771760554672,346.1503187969347
698.6100684959742,243.90897184500696
645.5796529574059,198.030635194439
397.9715892666386,100.6446344426044
858.3979398649333,254.07099013163696
695.9550132151844,289.40974751067085
797.3456368850202,271.8684732267743
594.1733056491207,179.5573169328332
771.9102640707872,197.01723135966057
798.9864519278108,229.83808859223086
447.2076449793851,163.98043855799565
516.3600611054343,192.26352272056673
853.912184227129,279.2477514221652
299.8356778701135,64.5255284317223
447.71848655488793,153.91037084073716
796.5838487975202,215.7121019727983
949.0009683336218,238.62274474446284
877.9022401164098,295.0097093418863
1179.177339962158,379.5440302208626
333.58804391009903,94.07071397419303
1087.4616790087357,368.55576633803736
670.8650328402703,180.1443941957334
519.7526770263105,203.55864184228278
847.442902085736,296.66516309651774
94.26862060041515,9.692662914390525
709.8582979958812,171.2525531594072
921.9376459450298,375.57696215608087
480.16988868343816,184.2415975783603
329.58138620758143,104.38316686908972
254.3316477434687,53.14051713152681
858.2629956729859,264.233067029789
844.1451728890504,242.52896703538565
1034.6768071631495,294.8218433382908
502.3970937403385,81.66255446339265
417.55576793473483,117.75640308561042
494.69572458000584,150.76581233211203
727.5536439799874,233.75719179352006
510.41182857509995,161.00075619515172
735.7527268210658,207.91443876459465
793.6138609834045,238.1099950068774
340.6485474792704,55.71214603199479
645.9848139822897,173.119793571676
502.69208299468664,153.63291174184508
994.0135876180445,340.69533125452205
679.644731034346,224.11240889808593
310.6038305964871,66.92752571083209
544.1052628333163,164.1275901551465
675.933420734113,248.18234269432534
556.9443473169124,166.04790354236442
893.0357940037143,261.92478158614443
421.3746790388927,107.04810226433266
529.8287887835443,133.46857793954737
954.7188871096464,298.83561183953566
1055.7525970528284,361.8014737862246
546.5516747318559,188.37583634884228
1162.4748902126419,354.1477345037027
316.0331001147107,65.78755176272315
589.8122764865078,139.50739674126945
913.7942716272976,292.94565261378574
998.4606866077107,291.95494284493134
1134.3120674724669,373.63635950959167
1100.5983070774541,356.0311031428315
413.48658327722956,100.14337638365565
954.1476175141659,253.84691478928988
345.34305443568087,111.47096292795612
860.6302273875187,228.7963003565846
579.4893640847592,130.9028452300287
568.6921711135167,132.45639392691186
973.3604114794994,412.2184837050364
889.2093958195483,249.7795699461906
719.5396655029081,300.39090486371094
544.614193414117,122.79046293689515
802.9960916520909,255.32804134834188
611.8232471252368,190.83389534552174
577.9598921346183,210.95471637046077
552.8031552495604,184.36743538959752
137.37180390660657,29.969929644496414
979.0800589023136,298.4759176333577
814.1399367590282,290.11023113227327
835.5617755570729,223.16707745507193
170.20155868692925,29.1888520805465
943.7280288543074,415.2053513530879
519.6919913408135,160.67676126494268
600.8790065039325,212.67505023909274
582.5898231907696,142.17003405817633
574.0012324423722,216.57300687098905
402.8017497226944,133.2906590044658
526.6548070426504,129.50549025534093
838.6607491066065,291.11734571355805
713.0513475296908,191.2736258893828
277.8873547131874,88.55801712183923
300.7269267961307,99.60149565317859
1333.4080594166062,380.7074378046356
854.1955523345765,296.0068921051927
963.6929450489546,267.0213470268953
662.8985749389219,202.30248879737718
1015.0737805809704,318.2541983439196
1161.3955663092127,389.34760566432413
671.8024115375321,161.71391342531973
1095.124588651935,335.2939145077552
485.2831709744643,114.12662035401928
727.6292214675409,276.6364635911762
275.2458658520874,67.63408227360175
252.58218561743573,47.81075845238796
632.2614693955755,191.311639449645
591.8271255791591,185.91642803315474
989.4055272682863,290.9338203102169
468.3871394784329,122.63279119095567
896.7650031626148,368.91925175583566
647.9231465195559,206.22291051849703
803.3600909509546,250.0175249299626
622.1599433900692,187.79540351016067
336.0101010528887,140.8340965297759
799.3193169610436,256.32787569767186
604.8474348094232,213.25379183802676
1274.8320810462792,374.7899718520338
388.69794631753985,144.22011483848058
230.6494372621833,52.60583021572592
533.925487473414,201.53398595557422
433.03797101265764,94.88225273551097
503.51999928310204,175.1564903676032
474.45057521158856,145.0949484322821
781.4035466328035,341.8288862159453
788.8313307902538,226.442657652612
931.3929183248094,307.9487439852737
680.0210585315624,206.8530278804632
468.27850251714653,126.34545134355585
858.6258056741788,284.4009775588978
739.1493051013053,199.18189367926666
755.5203872586995,208.20580784227224
238.2214361780996,60.84197244126931
1317.4662531829947,416.771703398419
857.7959493069377,292.8363506165484
261.60633627290713,71.48899402888752
573.1384625312219,158.9768506772903
691.1911660048222,198.78777412119587
568.2602994681928,191.32788484700563
632.0606319143576,220.34328535445897
400.6909472312376,229.65620657943944
521.7041693593424,154.91486313177344
898.9443138533575,290.51552752251615
1023.6570796388457,297.4622341820093
544.8827172069268,192.31793399684489
754.8556908804554,286.0609210839446
991.9248816877489,343.7664772719003
411.1902285483659,106.3867503671385
663.507582484543,197.7943413442706
939.4983100075872,343.078843831729
244.71436141660212,50.61024686628333
695.6330068871396,190.18823432417895
864.6052501087963,273.83398111401993
901.6984396194839,249.4836926859801
1035.3402602906922,342.0302413846301
737.8529402698779,207.52239249759043
287.10965876229056,67.18657542685774
798.6483031932344,300.7364636107944
711.0798620350865,285.188795177505
895.4436387688056,234.91408679862786
858.871846432018,262.0847955422566
495.8175076135698,162.15344073911373
1049.377415447276,379.6818557071995
1067.5779524559616,334.74288496037383
799.1114025518237,267.564250560806
433.83474557452183,104.18107018844245
213.05262439396745,56.008078203321574
586.5487313587612,196.7897910375297
233.25626787419145,40.88196640840303
1148.6318048773683,383.07588886919547
585.6870763893494,198.35309526112138
740.5438679087896,249.0033779300387
871.4346757935052,310.309493279382
882.6424470174679,304.20775810283607
921.6214122477409,275.7206576611292
940.8660400744118,277.0093946259999
630.4840778387552,212.35564017438867
534.5467446615992,162.90122357280416
799.4109226695593,276.8937823054639
651.9375975585683,177.38435784593793
403.5120585166702,109.86202415892708
716.6486110534111,272.3304662304806
1393.5979474650107,406.3660624109587
628.4046314533027,172.0914568647251
385.5967151087329,104.30691601575029
1327.40104104001,393.3144748463193
379.94383786110996,128.36688173825024
570.8775740678092,150.49261476948547
824.8893279499038,280.59373263193334
99.07224568213778,12.973304022036645
192.8023093469967,76.16250887293158
379.0640167404028,85.42601856773527
1070.879386658985,342.21876134482665
519.3027412942757,169.57526344351484
466.0622376003302,134.3487293579397
628.1540634225911,166.26674046398736
825.5572132043524,263.9021128517724
975.667199785103,326.3976147530969
910.1056814122255,356.0501384972159
709.2181542788583,210.4133311930694
426.92749792775317,116.90295203050894
612.4459574800086,178.61296133808042
707.0481088605206,239.55071842969255
585.053723935077,195.94673459954217
1027.3900899223295,338.31438663261815
535.1229007666415,150.82546631928489
862.0745283111901,252.6013519791136
612.5683859014546,162.7210988021007
921.6478294433582,337.5099108042685
777.5689838170358,215.91361054810272
344.5504178303131,112.11047338433912
549.6815389912625,122.06309139405835
479.77265055848056,134.99159992522593
523.261023928463,159.4604491658053
195.79403159851336,37.91582606344862
648.580227250596,200.04032751191954
499.11926803673055,119.65452831438586
534.2190915119058,217.0715464822075
1051.6447529942666,322.20192129213206
763.0980344122497,215.762970915264
1039.5305704702425,393.08002340979334
468.673262677848,98.88813535233595
799.037174103777,219.63783056505721
491.9000715289768,155.34846865574386
474.764120118503,129.46076893510292
216.93476817306689,43.303029405321766
1144.5153142276192,340.53305165208695
638.5003235799416,210.05032767621256
688.6992421010025,275.40552387589645
932.3343250643283,338.3071084246735
546.5663914317659,150.52486769459568
1085.2374151698164,314.96665490043574
748.9468600967595,259.59019916392447
198.72270830340182,63.019269780427464
747.9507439086551,238.0865381036442
886.9847500827514,255.862410242448
499.9888424344408,193.204980582667
654.5885361583412,218.27351613971908
876.5217547496188,341.56810772745285
414.1485773686766,108.05217153105173
793.2164365959413,240.31008115501876
139.9343086945327,36.232475961481505
607.8000006717821,193.45721184797665
152.60317430738553,52.37894882648561
447.98379782983886,97.98845175027594
1084.0781717403404,343.7993637092729
744.9623106530239,278.0507680401945
1002.4448750839589,365.27567898307564
689.9645571239437,243.08824714504365
363.16723888963327,80.24497999545504
353.01480151684166,94.53805293866874
185.57525734397683,59.83151500930728
1049.8374990661437,314.87361521009973
1072.997989987486,349.9868844592524
1236.828341997778,624.0438385709576
212.31608965408287,43.32894695268114
1224.7142645874524,363.9352335193174
598.4346934276531,158.4169480135377
412.5020976052979,144.63938739475276
832.5576313879629,244.13692836639922
464.51708930435655,133.68375518189814
716.955691563217,249.24561875231606
1035.3535749743792,334.0517945114497
910.6560580575136,344.32508371666677
852.1871453628127,265.81897292646954
593.134767888922,152.72456915607214
299.7951404226649,67.34425389721437
632.9363480501406,208.61960883003155
427.0333124577513,147.8718250309709
702.3663551549729,191.87872802489713
259.83128891655076,71.13148509796524
622.0180595570172,356.8202237881546
657.4967789950261,193.72614435090262
422.19228406111387,116.6373549563008
101.6748561101247,18.89811107186272
526.655448051191,134.54177988592954
364.18074272665547,84.26169698552546
595.1282979565785,169.5571065832372
523.7832289995856,145.11064570019636
564.8609326752297,163.69339312160193
909.5972801469186,256.130589691045
1028.3393730930811,365.86760783157064
1007.7629477195961,292.19255784229006
597.1104470092808,127.32201841553197
704.8350382741147,215.3915729325252
641.782927844888,165.4195836227729
1128.3609985361227,320.94004829293704
580.590732527066,205.07586527326168
805.1100858005998,221.5374787270569
478.30462695339145,170.8051506980239
686.6880080261631,224.06351736711542
772.4036212852666,218.88876880332447
255.508454464643,63.30689308801966
742.863670780627,235.72912676414202
925.1638376392141,357.45293169965777
1374.1523213292642,405.3187788683638
818.0098648480903,273.65505377609367
521.5376720719446,137.7979161157311
319.9452034153852,71.77439423350268
421.7799418843365,149.2846934986767
943.6288348702412,269.07950236870823
559.2383841773055,189.81018445005935
808.5984751339797,252.7060308964435
323.1700653331587,93.88139112436487
988.2431768781782,328.1447251639599
1488.1696659084544,434.74315238504084
986.279918694877,322.3188705139874
481.3035366280913,93.99382983100416
669.5983866486516,183.32585027923534
420.86172487210837,123.5090069525578
744.5402877150821,209.4333572479194
1038.4244516712008,284.6094437123972
1029.5901578600399,306.4341465676328
726.0363243377038,198.05466512624847
417.8497885329126,104.53239911033519
1099.1175900315302,366.07883711718
676.9587617000252,224.02407765903425
1355.7007010831499,399.1760065092205
809.6651343677809,231.62142580893683
858.9256860248624,252.6222795702919
650.3678116307852,190.36755043905694
846.0524826163808,355.4977628067833
1065.101645579441,390.79759653099006
816.6293902077111,254.21919926476053
702.38011020073,170.21550060776335
594.6156352534839,170.184148964142
660.7218954768185,235.30639198956007
558.616460441971,159.03177284526396
485.94980456962173,188.8192719371598
917.5533259776662,305.95539040707166
986.5706798532519,266.7602017714599
902.7748093291948,405.6270026239666
347.93696488020623,98.90981270741649
536.1400514018677,150.0315970373368
637.372947447643,179.05871436448865
501.54631651737554,142.62601284910804
929.6040204974803,361.60447161655947
976.0152912076346,308.63659200037927
1354.8219454019095,398.78967162722546
854.5411182217557,307.3116926623246
1189.2986859471052,366.2217792759332
312.7046118595849,75.98481664745867
996.8315978533026,319.4916848903412
273.68856851088134,60.144536597053225
756.849558913812,273.6933424755595
515.9977436029185,173.43861767697223
765.0751876149477,257.5275193187887
821.1060328733208,308.06910057728373
395.44178812788675,92.89314043952325
1580.0649713043558,471.86366948483686
499.3121431581718,143.66829687180513
1146.5204207840388,365.3427823776023
756.2837782189622,236.11295246358816
621.1034781701233,188.1714857931515
539.3577422400753,183.27905153709267
663.7964758241426,322.8860480978305
666.6301294295203,157.06126981887388
746.3425047541934,204.9794782139597
1289.8315149472037,469.2401791827423
741.9495410626209,245.49301048420546
327.231045222714,92.59465313103539
723.06936868768,276.38355122473274
988.5382755103142,305.39830724675875
622.3346255849997,191.96640709957506
930.4475896943056,293.33292002309884
1119.7958505116255,483.9048789429495
1018.265093313525,314.47065526318755
1261.5172856613933,382.3002810793629
831.7647425434391,281.8686681737566
443.3559057508291,151.56944236760518
402.21128074583413,79.09299531591077
1192.1281782335311,366.53649808653677
845.3016737183922,299.83932295090665
829.5574765980812,263.00474747257795
452.816536806325,83.43887110579784
471.43145360598294,124.05539164139739
328.3988937149338,91.403092833684
512.1180403680584,161.77735808900988
586.5618460414701,193.73874002658852
1181.0002208644573,385.0199969431794
1214.294808008165,484.06543159837213
1058.1367469700697,420.60300473408756
689.5305806403655,173.94099434118252
557.3414922496995,138.66639390368596
476.14992896275277,135.55909740541935
834.7619452594711,378.12383017071033
545.0174301468263,130.6369757746964
1038.2485045547483,374.1069858941512
453.13619406656943,167.27622501485342
556.7758682396733,112.88631891035442
163.98758376977932,48.48002640012366
901.6335134427784,306.8306633234406
1375.0547465209565,441.41566932567576
834.4649655386245,291.68771828067304
460.16634597218933,142.21963799070227
690.9636967369205,230.6071137912088
1061.2013714369677,386.4242623705702
631.101416640495,204.66990647555733
483.07371429852606,128.47511504125032
783.76117341868,278.04129069190213
327.86553970988166,71.67010848511252
1158.6063594431523,337.5221993811361
1077.0162624568134,315.33409975966345
120.49947624252613,37.25537095784699
646.0039488929732,223.6295423462559
578.6527082105949,203.8948476320269
547.3994074426787,140.04153707997597
149.39921241695498,38.03748271724333
93.5685103365857,13.85029300891122
853.2805065867403,276.073343228852
768.1201706192439,251.2144807521485
692.2652612406469,227.48809108894474
1029.4547229536934,294.8464006412776
429.26124606741104,114.29455574232867
1226.0192302373523,377.38796920364763
262.9297538598974,46.17267625480535
759.0883680233296,233.9315171254092
723.4196713883077,215.1687035461555
747.503540631586,247.55866747482906
652.5534740858083,210.2185387572006
816.4853622309761,264.3411631037346
873.2516909607971,220.36818814258103
868.7752644012182,259.2762495494898
850.6499377079705,312.9476907092399
816.6904913738495,275.1130524002436
181.605154521065,56.59372548375053
866.2380841733575,230.99756770487332
743.0481350629664,253.26246046438652
951.6328481292138,298.5999603473827
535.7102652473031,129.20579547568934
925.2695292518545,317.82812889910826
546.6433128938324,160.28326520313217
879.6676864861191,281.30178883518954
744.1792496006569,183.07149304945509
723.753646796645,267.59172830337866
817.6108401426479,223.0482587550033
562.0711208631013,125.069447310487
333.0486067391009,84.86514005765025
783.8025399693774,232.2286106634249
596.6193524152591,134.49294204000202
616.5794826077049,139.86909035217815
853.0612778005602,239.80095928806776
951.1929089589987,319.94741129494344
786.4530310628569,225.72321118430304
391.6318907034732,112.79604374348209
271.6094142457567,69.06366785586862
352.43494586571893,100.05221497784876
778.578377119506,199.64358958658983
452.72557411135216,156.4094439574254
787.6630237410056,252.9453246618332
224.97534578796407,43.71217815415721
344.39599666932116,62.49942890657837
224.4655817462575,70.34208997408163
1028.2659907048783,359.88158601655437
631.677327814185,174.9292253036075
847.9696074033519,236.54986209548665
949.3254283946408,274.0988276626242
657.6015396070391,206.58760615933176
500.1476547137554,168.6287335570379
577.0738736257003,173.76847263523067
608.7920101529426,183.67699456319372
737.4764596676586,219.75143240059316
693.7200819534581,238.15478748508363
881.3211286946126,307.2213336191826
623.7772047854314,173.83658787552162
1166.2810522311627,365.6450387194061
576.3287784190663,149.617599339163
584.8281751274208,143.93307152850468
1456.4084466088143,443.8183706783136
454.8104298469674,107.54209436889644
689.8272331742302,252.7530389590888
341.9147953210452,65.28414720951972
609.7427814263236,309.00055341050023
379.6431698345398,130.86546500067985
959.0277641819172,321.8937142644937
1173.6198352794995,387.0788364205783
673.8247412199709,213.25682602952674
1084.845193936663,363.599814005513
311.34656713966024,97.84101248465703
374.68954176690283,98.69659528806241
690.1911136308776,190.40956982223253
317.06126629868544,79.79227725473528
587.5025650028878,156.7007709902957
398.7473354776174,91.27011230682893
1048.020942616277,300.76162612508574
499.73589775614005,144.5361893960045
725.7978062841025,357.9324227205268
1471.4258867051053,525.2981602675475
574.3116469631404,159.7580100875067
603.5863196573696,208.80201840230205
703.8849767395851,231.8850790745414
513.4773710289373,138.5785129334712
339.89926110179806,78.807992099045
567.6274224364838,204.1547052828583
1116.772747940477,353.9347464335431
491.8232542416535,113.65748320936478
709.4518408978366,215.06361250916024
567.9705802415172,180.07536057519238
763.1417033180269,251.78622831556703
637.6383035094489,183.59494125274557
720.2153138332112,218.45120987623434
693.39196455279,219.73123492715615
805.143214242951,277.47441688037145
431.7615877899638,119.09035408541521
535.56587094832,135.74518757442402
443.94122274032156,124.72100262804052
322.8148945434875,94.22978419311664
409.01271875651173,129.61040221916457
277.52018879466533,58.10351529307925
279.50581545454156,62.393147161231376
857.7847541770443,277.0483070526323
277.57045538486886,61.572509500170554
256.0570340582773,77.36152135207367
587.4635992585888,283.87120561063233
555.8379894394486,164.60181591751987
726.5423425727519,184.9124596662615
456.32516628157373,121.36097720015549
338.7714755788327,55.256668820861044
664.654781019646,223.622999487222
522.8318514392777,101.75653911242946
421.24527594475416,91.43524638173056
643.0691922724255,142.74357785097837
640.729522224804,182.24260171763765
565.6058531245071,167.19993978328202
881.557658023174,353.40495799718536
727.5625002906935,231.17491731922038
718.9308079148403,230.71835040931714
743.270608902315,282.75754065646316
919.409517544035,251.28135556423507
770.5314434231457,250.26292823588201
584.9811162172122,162.996361076338
387.6298359784072,78.44862045633181
1273.4184739489756,376.2003748692994
823.424171824271,249.44245070890213
1445.3074445363013,453.87201067583834
896.2206806282245,309.8258560083858
1030.7465950167677,323.33565743777257
648.7455382812857,174.44500743846086
394.0826356936896,132.81252407584012
663.992595981711,184.94227392786024
710.2301182351697,174.93910871552876
634.5529541430817,145.86004196938856
664.4923786190675,215.17292198945836
810.5947129287722,234.88892897691335
702.206547875911,173.50579294946132
1376.0203481337367,402.4399327840096
665.6572641650782,270.12956051068994
651.4735635948596,229.89099574535774
700.7571384948978,183.55039699207387
864.7754196968197,247.36091057960053
659.4225537150464,251.28004757733362
657.2347313382354,197.94392262288832
1059.5366673832013,332.36777780254323
789.599338571519,257.55635929428973
886.0254831231234,293.4108588475342
762.7708560596062,231.30279152541985
458.21872743729693,123.86337273016605
276.53510716110145,53.36261245494121
563.4773064974468,191.12319538965522
609.3960709035528,219.90194805829603
224.92442064804908,73.68081206381486
898.1113611530391,328.67480016133794
484.05657672749817,266.10860059396487
637.1194587574851,272.97229769428486
641.9142324867847,176.88266898357236
659.5968888129074,171.2295322797812
274.6182073419383,98.10029667260697
409.1149071783184,100.88593568632703
757.0650355162254,201.6020776166925
484.36851037315967,134.83840684735566
987.4968979200631,322.32280514289073
355.85435605397356,64.13860535853573
1046.112240227205,298.50490970542523
706.4115180405338,231.9459899337164
544.5906862715203,193.7643804925462
583.2276439445244,217.3178901983321
810.1239628878924,268.60097083562874
464.32452558791425,109.90501660816433
754.822965599381,208.82708607554343
1301.377438379323,414.14960215541396
494.1639151668101,252.44526091484613
1282.0795966380363,388.12817607143836
359.5369837216521,94.56543933544248
43.27633957989183,9.33846172726492
1052.0234190061178,328.2848009028098
401.1676696113982,106.55006924151223
329.6126400656225,89.24373337986643
441.0408900964243,120.94791419978262
922.4996468567482,277.15420220796733
874.6220688356141,230.2750004530788
901.9167740259284,332.5536198208745
1187.554803562687,496.7607988041596
1181.4252560252312,392.57742615458454
868.5539395163729,249.97910106578965
492.0257737502717,162.68628246350355
722.2651742297842,284.3879489572765
600.6492679676925,157.89744432338443
414.62967322807214,94.7304658480879
1156.7886693952019,406.16561615817426
533.8850873974054,157.42626325903333
702.826805485803,226.68391125693907
670.1199799756217,185.36962842513415
1120.9756156265748,346.42283893627393
983.09580333581,309.0747230037808
977.8869748824134,262.1004322682072
1271.6443334326946,386.3145835742779
1109.7932498660598,383.2080560086443
1431.175396704131,433.40968434594055
395.61581201427305,86.82110391856249
1318.0736179682417,446.86924722981666
527.1561915617881,117.90827408568485
738.0787241466869,254.89795334991175
476.39896335615606,136.72394909177393
875.0823011485584,232.42977164806814
524.4301570812715,112.04843892837205
431.254998820667,126.30371629776435
829.2374917333367,238.75803860674782
1275.7258801637927,383.39267000201465
762.2818441289232,249.4718339052655
164.02876798671363,38.194706137559734
271.1170475490383,66.20430059747906
261.87579428582137,47.78828530274581
764.2935826810592,201.18953753129168
250.5495746242511,52.9448380719315
358.8151326945032,58.88110251215257
844.4222716168366,219.91036331116482
997.5078850246118,365.5885923668088
861.5691462145267,259.50535279727904
1259.6220582345582,384.4973204903158
546.7487580285961,158.74992458680686
127.61236390719519,33.70412553894968
836.6493333634526,216.84211595379844
763.5711007304026,222.45827011723944
1028.3807069775908,301.0663608541535
785.3106566071541,223.81073037798694
937.379585827844,313.14769356795813
1167.6234264435325,333.84269062440853
299.7134773168375,80.89357876757656
597.5583792650816,192.15730784787283
377.89844595192204,88.7857397464467
1053.0090571495182,335.4314598755241
992.4488537408683,336.70193136768455
920.4013531659858,328.42281788997536
457.6493586590144,100.044079210108
134.2074418334545,37.31513015514261
1176.505962355981,368.21950368110305
421.5259350850518,115.65355707195285
352.14869458976364,105.91532323899638
840.583614039436,263.4205385168719
786.1586671673392,270.72410148899326
1033.795349623037,322.723038530402
815.1211994811906,199.9960696485713
710.5589434198648,239.54629475433214
269.4005988229169,63.26585097200814
519.3669519298194,177.53658394654218
445.7731169525573,134.14381736898738
389.4809914874038,106.92127046121183
568.5376336172004,143.97461772220677
1216.9526415810944,368.7935024857345
316.4413691658501,125.5491360279648
777.9390161855189,211.41853539353335
999.1233079784024,305.57183287641334
915.3167338566759,262.8228302974778
597.9460212641563,181.0930930721092
770.6439464263626,267.16139273250496
371.7687987343944,96.09785013547828
608.6889484201928,184.70432777701222
537.353253526317,128.8246066417875
258.6521735720241,60.66297568539894
854.2191186130531,283.0642885298965
488.1580727930496,102.55634069700298
1474.6501026324213,443.7798191784612
568.8397916925067,205.89884262007732
1175.564293777656,417.02160984802
511.03736142398463,203.12158673861515
747.8924746420687,236.04962926989577
560.4495572563865,146.6567510304455
207.39394081914585,65.8666657480976
644.8385547252092,146.5012969063037
906.3182791006892,334.257130885523
715.6569661985245,266.4660244098298
527.6089487059048,174.5811458265711
218.77702591933556,43.428944414102844
1050.8436450379124,302.3685756485798
782.0067481330527,240.3400224795626
1074.4689816423224,331.80827405116037
711.739420114531,223.12756272235367
770.1745066375747,286.04436322796823
786.3723280646257,250.94809308843728
888.2636418000848,292.8460339526274
782.0906418234424,245.35809480194467
404.84314402723834,102.69855872857332
405.7419816719266,94.17242215715338
350.74524555386546,81.57233542690605
647.4513385322116,207.7315825753838
459.09892640383447,128.59559403311718
168.42817703608165,39.526657446697975
261.5736931358954,85.0627418844943
1484.4023600176315,445.3506408863455
639.0075937205817,189.84023641666235
452.69334240967805,171.20859858542846
811.6271907129415,264.987532986046
658.1107468222065,276.7439501131536
663.1772677115355,212.76841666220028
457.8125871011105,133.770215984335
265.84656975565576,54.17691940677143
313.61194863324033,80.5447504886196
565.1841339448578,184.8788788207772
314.4572784164535,91.73252192764225
773.0310358820268,221.8402817979882
1286.634672619613,399.44025179320903
1018.9492016017161,299.6569199370804
789.6565606378808,273.6865617222371
874.8110600977508,247.83268455673291
1101.7109081100343,345.3992177034875
690.2803071826629,219.64194630675104
711.3843876366204,205.229304847201
445.7278642004519,112.76539625104716
198.8408679018734,55.96425441745413
970.8340122634166,317.5632230127022
391.5519740349665,121.94586449463945
1301.8143397764015,388.14604478609147
613.5736924857769,157.66583802118507
713.2444567473369,217.15275910322185
398.0424915392224,113.62412760498644
323.3347715288548,97.16965347535965
839.4738047626249,266.01182447465595
742.3566891255866,225.41458284965853
130.50080562891955,40.358367726016795
531.6297062076095,177.13994210362657
768.2080188176203,200.85648752077316
1425.578873559204,511.46742426573724
1255.4108141729364,371.22176672170565
1251.2668778722698,477.973745079718
1126.5660219569472,519.9947506761746
458.7304883476603,126.62846292104899
903.109613402193,261.0822182272321
467.8694547378217,141.38977573297078
658.0040523696923,177.15236456375828
420.1502402498398,111.98893850463011
1104.4656545431726,365.78469927334675
722.5825847932492,258.1434069607395
509.90831933674417,149.08591679976416
421.80116702399744,115.4868781253485
681.1537638081811,172.41818310364798
532.8854095029842,128.49403586589017
257.97350307859284,49.981248986446005
1025.8291453295396,380.2642288921033
261.6242041586222,47.45025043151578
437.7557789656163,120.35585636863438
747.6364245080078,281.3081367760231
651.7096867142342,160.57989158883439
637.0380415688381,199.53585005260928
256.586787587232,67.25912117641055
528.5007271764471,130.3824389208011
1085.9321554815342,317.61177367272177
659.0007599422871,354.0609897314109
476.52071266248447,129.93110637851674
713.6405816524848,208.76077377924864
593.4237583081997,167.15731971525392
590.313401557216,192.03403191977912
458.3478484880227,144.81494666067363
507.2999593428152,129.59894186601076
1125.3002222356401,350.3307424494945
1348.9890869338,408.82031778363665
675.8923716632835,218.95330785912566
538.1310390827525,148.68892231081676
796.8208697793968,249.98427744274923
625.4430591096108,167.91351828112093
357.1994878299547,76.63447241554655
497.3586060292571,171.55942749970345
255.5918838463126,68.8078587048445
643.5395294369496,202.10513197453542
450.5879437105621,122.46777904504434
576.4336918979694,136.45635989423246
757.6330438945702,229.9063744571921
1147.2349473055408,376.2039463410721
795.2006305000416,234.80703705821927
927.658323489371,388.0371455485157
654.6446838604635,215.2299698844418
997.499483897543,287.2086859155951
427.80154001018445,130.2373204236169
279.81911471557083,66.77111162115467
381.6612018062598,130.77566094674927
858.4703278344855,297.6488663303218
615.4358045274209,191.2387920256312
1211.0959893610902,359.85741166770015
443.1517330493201,121.29756703313053
484.0271851055239,129.20122596712704
659.2422831281484,162.76678940134255
1164.8319662537438,351.4419645589047
721.6860688763923,229.86500115022702
458.5476264684069,131.33496766294832
562.3884279087886,149.11876443102588
406.6332232401579,106.53713727152723
385.7598068748244,99.29215268792831
619.3672229222034,163.5224753361093
743.2107156835766,213.09268591559987
1245.198053417505,378.75588926903845
964.8873175452896,300.2694531270778
474.2647025538346,134.22673414454036
1291.6788115404843,399.9751938342317
676.6621310013703,167.10184709913244
765.515191623293,226.1143217803813
708.511360567565,222.8217747687427
182.11769375279545,47.09245332796242
682.4936070564846,233.2432185049814
662.6998444793045,213.35809770651775
595.6947487588654,169.76054805461024
888.218421698308,246.91295983364796
304.6855707489085,79.21631626935903
987.5552396682845,289.52586104154335
954.7752903378656,327.361782548552
825.9146206403295,301.56572208668626
1317.6624648612521,553.3361925474796
727.2356215640466,264.28267082822674
499.00121878522293,139.77470641040028
814.1701221626145,304.7105235810093
1224.054931594785,405.7189649957446
1035.0767798522695,344.87861211993567
699.7135139832038,244.78046996735017
690.6004414235575,183.69718487010667
998.0915268774552,320.72910053571485
1261.347948906931,394.2745658063
1001.5372949485543,323.41448582840195
701.4943674483471,239.78754108604622
843.7291323959616,223.68472665489568
729.4630649456992,186.16069324401204
704.0191996440066,202.99530624538747
240.00763543145126,62.033016722631835
689.3480026047248,203.31493074238202
818.103017540803,224.83130716325272
391.54139435958115,131.76083747482963
803.3967504209875,298.6899613981706
701.3180834183819,180.59898626110123
1000.1163064427717,345.853045893939
375.9165339078085,68.63122091757971
400.0105047773632,106.53765810925101
706.4725439456627,262.02042149420504
1208.193945661495,360.7092263631882
1109.4302736250424,392.7134154869923
455.51575649287486,129.5499959938111
328.21482914025364,105.60305184113862
946.9130559521052,411.69871584078635
518.6213447327974,129.53884730143602
835.4148942884158,243.83334874006115
695.8666378328435,240.9707457876048
332.0949265072806,108.90316818029997
969.5183011359172,296.905692090119
413.3961457575298,142.27803477550074
854.0400838482733,301.0738578535921
955.6063668881054,251.80118486438488
841.203821663109,234.5418268458457
904.7888672458945,272.1027963447035
466.679073022129,168.05942317856375
83.906373586809,12.125960266635548
576.3505717709154,126.00995132776227
693.1684017608318,215.87476345162526
1024.1815396437312,278.1071403752931
1142.2138082906813,357.5357049215975
658.8518741538397,180.9963692560406
1010.9628864063109,359.55267458529175
429.41162637862584,115.12542772766953
957.7888328997308,313.49715926595286
1251.0625205525016,386.83454806185813
614.7908856590172,219.30167274128704
771.8894803635433,234.70440013635084
775.0875118712935,254.71426886756134
791.6441923433413,269.65282159504375
695.3751770555396,241.96341624230584
751.6098302162188,210.87714519108468
460.79071414100224,121.46304256708608
161.1590417443899,30.00129923804129
540.5178659212152,171.2462460618052
556.7865968303424,141.50636411702544
1135.418835742888,390.65951157580946
997.664668984202,328.2849896505406
685.0685618319532,189.80467547860775
448.0127263387965,110.30957335388861
1417.9306741838213,456.1615068865247
308.9221899633128,99.44586003402995
885.0629773979705,265.81428172731495
904.5800018665209,287.25284017573176
1026.5998950447783,309.0898382834099
594.37031714057,170.68605667034555
1375.978932023274,407.35891314714246
1203.89169192528,383.9081755137041
748.843836042612,197.00904442563038
1000.4465731557314,284.82617471496303
398.79433074855143,93.29099086787838
891.571012399841,481.49227521691023
631.0536870223857,190.28359637618084
1068.0031312023862,333.3667681777215
703.1321683395807,210.3554833002248
389.0450475485576,122.26023612250692
272.978252077181,41.517689654501204
541.3930926939905,203.1616515529678
751.1466029467077,178.9895118829559
687.0206973001909,183.35759631838468
594.1627075619283,214.49013074504572
247.64655445516195,79.14175242546868
742.0028228826963,306.10198708649915
622.0598129786162,224.39732462129905
298.13654134143417,95.55050205593645
1219.6732355591814,389.70923661875617
505.1964280167263,174.89912505821266
385.0504082054217,121.70653474868118
417.79719061406195,137.56592462333546
545.593937500023,137.78674413471518
1040.795802120614,295.98571866166554
511.57998837181333,122.52824174085858
1429.7952819087163,407.96812032627304
448.9888289808267,124.75018653858568
812.8752635786034,263.6354134307293
859.6498398817705,279.0732091417651
514.2701361872951,126.60626425899898
346.19453094845625,131.6343578341348
744.8341320092363,223.6131567915315
539.7913822175917,184.1615589850898
467.7768749524604,133.25274424626318
855.2376706869061,287.5290791723438
402.9008399946379,109.7079674306162
768.972347507004,229.29333010952703
591.8930190093308,197.25561090299857
705.2078613169617,161.05041161947474
459.99012228816275,117.33564599097369
312.96825370927843,69.16170850511374
296.9115004390412,104.9818177052962
1205.4081966611334,358.0990508861813
511.10800768964526,109.97666335797041
135.53803490020672,27.297041031952173
826.135760405064,254.13311057125694
1103.0026119119793,313.89367150135826
335.9362528973224,78.98722893187488
648.4289097855084,186.678393961668
401.2330229521983,92.92651032849749
637.6556348559997,211.1715349931092
136.73175571722246,33.33387620986449
502.9989136051431,174.6423481246138
439.54995827606524,225.2899365867721
719.7960262176168,282.3486926881087
810.3996494513128,249.4106982181864
461.79147029294694,86.35437962172156
512.5743822731439,145.93771468849909
461.2192447035784,129.25108400072668
737.3402684340209,280.8188248754257
349.3275896628263,86.74803658673949
724.9515065407932,244.46735725488765
541.2600748329108,129.92157933771284
155.28604400890404,26.6296321619687
534.7855149484442,170.36112141021223
668.4395117537866,191.90100733463998
993.4493610269635,317.9333803397099
287.0817711995454,66.31210030880857
765.423166245753,266.90744947556016
621.5388176116786,188.37384736496395
1459.600123119088,561.0889954645531
740.2026247307147,187.2717088457457
520.4288187162139,133.62724875440298
711.8669743603024,231.4334924106292
741.9277169720456,232.98716725083474
1017.3031235740009,358.8314705680264
513.1039590027825,107.93981029308549
492.74087243674416,147.67009745631495
773.6116923177378,226.70444808731995
338.32488981439406,99.04090485960239
520.866429903795,176.13253395142854
842.3507743512889,292.46919932586303
439.24518615097656,112.59253641535268
621.2473069752473,165.3422458919107
811.9710641407991,230.99933741867838
770.0339614552283,243.45857292900152
259.15994641218134,64.69828113780223
475.0313226647188,136.41146318719504
691.1238430953147,170.58748785508044
663.1553316881127,223.02785713231853
653.2954033056283,233.71691025373218
881.1721508755522,317.55903344704035
713.2189660939889,277.65083136888717
729.9880287111098,250.06374530678866
869.3199761124711,329.21004380794585
729.4872816025376,197.83375667842202
1559.6187543986614,658.5678888445153
343.9469730774728,75.32816948115828
1132.92832413902,388.27386270648026
1258.5731129590192,383.1800072867767
586.6950661760034,181.31546361094635
403.4833732477932,83.19298718978929
319.5434737834006,79.84579561351462
460.5253746771957,151.0195225219138
511.7504037998089,181.6729956267577
587.2028325787305,158.5575135556249
1144.5880942509639,348.7031403253609
541.151565795316,185.79034514098112
665.1842554393259,211.64275227497689
579.4115540548064,162.04188252333216
864.3486209163625,275.7879603213101
1184.5253222929173,333.74431692930887
820.4932766461045,291.1009829637775
637.013226664392,220.45708902651052
796.971068695699,264.77054909963715
584.295541085527,159.6180803849404
439.87401535269134,98.92727140264125
635.3030995499378,225.95272446836316
688.2261842328746,183.23563634159976
633.9868896032582,164.50138754796694
967.7798621657844,302.02529597694877
1092.9050520706721,354.5932793565122
930.0110759753624,316.9209481348546
460.6526778427732,90.02194628166639
516.5051678541743,178.41171757169695
766.0783132855878,260.34855044354396
828.0412142282908,231.95158329809098
902.8847283086426,291.9988459965936
671.4929789345256,191.4785836946103
282.96023995153473,75.43923684642535
1126.7062150252546,403.821725939721
786.6631324013513,275.4714489255409
935.6856357330478,469.02768351231987
760.5831775246902,216.5009757300237
825.2150375108048,268.6390874958592
1169.0730011772614,357.32895103534776
398.92526830918865,124.15822857438243
226.96255227087426,47.79702444632771
290.16001235372244,102.00286848765758
459.62284060182924,123.55093119514049
543.4710168929545,184.14743176222996
89.98839492588479,14.20588472519708
1173.2554781258405,352.6241712416164
586.858799982909,136.20431524233365
1094.0289503531126,398.1994110977914
879.8227600384287,278.2429428606284
544.2750566338566,120.4165728562633
555.8120767725374,140.83376093782198
487.0654462802061,148.1907847818498
496.4750602374251,147.72599954776436
648.7878645903345,204.6518870499236
483.1030347375205,117.58267951344948
703.0779902635081,212.01241346146801
458.63756192281335,120.75882850353007
1090.0329807893106,364.5764051391663
457.09721224288,143.77472164899737
238.72453692688282,64.0309435772476
709.2454372780899,220.24759590423125
690.4212243553876,191.36391118315316
637.1054744209441,231.88095025011984
762.1676403916003,240.08775515304737
605.765049358628,200.14397868403248
1208.642892234084,356.62815238569374
272.7043256481649,79.06641616431942
662.2332882316832,187.9038586090353
522.9748256415585,183.07793369007078
1255.0834203501809,373.55452753635967
166.66561117510994,33.056419224978
203.3990135209043,67.01245124217891
491.1744069460384,165.50483383848243
957.8037128385026,280.5919087751999
292.7691841927767,75.6424507459501
764.912915312722,193.699179902811
283.66867991814036,74.9471138636234
217.56408186139686,68.40597682041204
461.46363193949344,156.12153201543072
708.8956116107042,251.41427504616084
603.446805102049,279.75349957099536
478.4085080929534,129.93842863886292
924.6178715920253,350.1623326251885
786.8267535136144,210.55825049353484
336.2581642837179,72.84992041148826
553.3206582203037,156.4406616589782
1231.2277847175505,372.4441646150479
391.5283065808162,111.65108388698496
567.5248994008894,143.54156626357678
250.86461723251256,60.455006358226036
489.590667254664,103.73018515863767
754.6823347487375,196.70409489720416
570.1225476106861,184.4446543018644
528.5125397972802,119.56185188451605
875.1345220978943,246.5025951733897
1027.1891360202712,312.4697700994866
1321.0802631963659,432.03431401206535
319.05073893315335,61.24570301232939
510.9857837061446,105.00419514208203
1069.85349187957,350.3738814995697
248.24254356332233,70.03613093903633
425.0312843039904,140.62002143786844
965.3384536360886,298.22669574421684
371.1078278740098,88.60566407969905
832.0764998322488,311.7251816673018
486.05027934182885,107.38540821157056
559.8418607547206,167.81275112660492
682.4944110577562,222.17985953327508
422.2602677640308,119.43742397212972
1205.3010305421926,534.5409731210075
1205.1704604131196,440.38922378219405
911.1965890882709,248.9752480293698
372.9040517174119,124.20917497607381
415.0105649141235,105.50858571739121
685.7189724546577,165.07187713420657
550.6977713921333,140.5298357301115
664.4659879024717,163.95483175990867
1212.5431198037468,357.15639876844426
794.437266697721,261.7627277873281
1103.6010883134973,349.661505707805
359.55531788885287,124.40110684357579
964.1266952618597,307.01934845488023
654.8230131303553,199.9949908881926
405.3689694161687,100.48969491381136
1027.6530672715317,305.6493253378198
1160.6643078520601,418.03743185467624
953.0999279303331,347.31149154315796
1138.7957499467375,384.3419124199128
998.3296163835172,327.602253157611
1163.7939166259234,454.7809848855739
701.7243379327728,185.06035746392362
1374.2676849343213,482.68434789349266
816.7344303471218,326.36332204492584
1177.2867190371703,407.96389216771274
927.8675528499866,323.8884520638637
878.3562302191824,311.957637100263
1179.731286310786,423.51982180677976
374.00087072504283,92.67832816781821
1068.0697972389044,300.95462583029627
599.872977212088,198.40722794367522
750.9881357940269,210.1602197995908
365.3152254569761,95.75234188656215
624.9566247077395,183.15754502176978
401.7485198586614,113.7228439830001
741.085120099328,186.0962846422528
933.9848117144089,348.7755287046012
609.5868924694157,193.44871859726666
976.8744168119274,324.80811961721804
463.50598317546235,147.81577853818035
621.6146746143127,159.04483075355267
636.7885059188261,160.46077548399873
725.7145957165112,260.3538111384872
600.2608530243165,186.12682743818263
615.4014447420441,180.25713394360233
546.6692302006277,166.72266338215414
447.79057486735246,133.90535761941607
821.9499993884856,248.56104212644496
409.20422258664996,136.7586007439244
393.0706177243908,144.98997964072655
750.0343945697352,254.81873178870032
982.243970195937,297.08067345256075
583.9985490827588,133.51439158791771
596.3306228334973,217.7790548358655
356.95316376183575,88.24154434911995
768.3554121920521,247.13465171767524
550.0197085441104,160.38659098149012
772.4133027319128,224.7416487451601
682.6334123962056,190.69021508770012
934.1033521582349,281.854678083267
834.8643088628951,288.14200577295946
662.1676249213937,193.05731656335132
1260.7158493581328,385.028373695071
559.7870661611004,173.67077598637698
905.9345047767275,289.94050037344545
448.4108769924483,129.46578462350467
692.9751084846635,200.5406191018762
828.8466351658298,222.4400502404803
532.9252620510858,156.54269115687907
1050.4968226823792,390.986491971743
460.372676936204,158.77470714274725
890.1113920401542,243.63663259654405
1103.3686915766655,370.0390820204643
1046.9176475192082,312.7446847949907
542.3449119721001,164.19795303535307
164.99036892021437,41.161540873609354
466.6098501915875,103.91023177860492
422.01001844590974,127.30487812770104
745.7665316205154,218.4289490473046
1002.2342276743398,294.188483576444
541.9012078974687,181.4473346797456
471.7896639922375,126.89445592426664
422.3765571443322,214.36501876729847
420.5418353988434,91.1477823962635
979.6471276335515,306.7842461711608
575.7232020426702,175.67743478765584
756.7317511063994,199.81266777825653
835.5197434380817,355.46021077288407
422.8434012737927,98.161994694636
732.4012941272067,226.7344487655828
492.31750977536,122.5013855384974
777.8645571573793,174.97191762693976
482.905442225242,131.58187977816706
555.0525488308849,143.26060430255316
746.6307890542328,249.2180754795642
959.3796438076895,265.19822514139236
853.7368890414109,250.57592902504993
854.9227276058215,242.29608702879648
125.73219231146608,39.668681133029345
801.0677712653219,274.9420210095694
476.56004912389926,167.61103705823027
916.9794334728119,327.51763510649926
499.8885691228893,113.93061487618448
579.9793813360142,204.41264687973256
537.3929144442922,190.6050131561641
870.6660199980469,312.8609896628098
469.88322133478687,159.7156884190094
1301.675262063473,489.4451025746205
564.726848862243,154.79057886631875
520.7095664291442,152.86221777313213
519.1889700979646,235.69061494027005
909.7873865199045,264.6473443943159
793.2868268343856,310.71657984690444
417.27152724930977,130.356948257227
542.9011059507194,158.46874898808395
981.4258627613964,281.2686136039188
657.3459590115388,237.7673892142396
420.3091805849183,95.03129392395658
557.4337615957259,151.05475136490236
666.3754067604555,174.9973385734626
703.81318830913,233.44668711689363
627.6904306703643,218.4928689442641
496.95031621189815,173.38545770346195
238.07835598559046,35.5755323343217
1391.3674991885305,416.9800141732384
426.15540200970855,137.15341101846025
707.018026372631,286.3911348780894
895.345570689354,305.73078154266295
766.638119299684,372.05862916490946
587.5995593447601,204.6397133686034
743.8485107343869,253.46208535287676
323.879581457497,98.88268437859004
1598.2766758262608,468.23308199484404
300.36266672793874,57.28719800676515
644.7138989788851,208.33697182014086
588.7428197938164,177.03527308360162
573.9080381541323,206.31303138585628
623.814718189259,178.58561459840467
509.5251153994455,118.9182668718082
594.8405819589887,234.6393241231857
363.16114991933347,100.46189296250829
234.1331208655399,42.781174858138634
453.47253994693943,103.01106792440466
652.6451409478367,225.78338762052073
1038.0276519949018,339.04976112908815
849.9704681501856,278.74039093637737
607.3103808452121,163.95989532299944
801.2565188854508,253.08050008758764
590.0063431073107,166.65686797519362
935.3107119397978,282.57751464723924
696.2686540896776,269.3344893341339
272.92176997696424,96.78467666231431
954.0208269654956,349.03305842979285
497.14996824751745,114.03433249861041
695.8446523242029,215.6333267825624
1210.9784301154118,369.99921007655763
317.7533220223929,71.64994169216804
690.0318574385328,216.4849677303393
1063.9586263588462,310.81233703216884
926.2622251230621,355.9467126063569
1553.8634251048995,461.5789429894065
982.9156897721513,337.3386943966176
1055.3698812786802,374.03958545287963
538.3979035797628,155.7043737625782
662.7793657466964,167.26055241853183
554.5576129187034,169.24403706576152
870.977772865621,277.8617644262375
759.7201373639313,267.26104280328207
407.39528064316136,70.21142376204827
937.6090944243211,251.8631281619367
1205.1025672264357,371.97020058567773
581.2934345185606,143.57451824924846
398.5111652053321,98.78936364930424
622.4781028645908,152.8228280571083
763.9375979545771,202.8768075052164
225.15568388823246,76.41728339634383
550.2586924188331,141.1887519292171
844.9928790054217,225.06953730993527
992.0121817320223,347.12625008055227
549.9065228107993,148.64723053392828
928.2002900167563,278.3102302758724
828.7510205463597,342.76329027657897
734.3184513939892,217.75834045864207
627.1028031209337,185.71463036319102
302.0189728308374,67.43265618965437
926.2892508305608,270.2094954267543
1135.0074381231889,325.93136781564004
538.8923526961511,161.15287617183358
895.2358281481314,272.12328380334935
675.2964628359932,204.9765587265521
1389.5415537685783,399.6582290832908
862.6298250563998,288.78864005209203
379.60170904550796,101.78777721394802
1280.37069618551,373.59681704751483
215.62220145643317,34.67324500501746
262.1756351797635,42.630274965524194
572.3622898319732,156.45974978067468
363.03149893062863,98.04711361587147
1048.2789513778182,307.11012270853456
131.49673143183915,41.365497246604555
1053.7636136529873,315.4244515582253
680.4857487527042,185.66282034062905
407.5532238641291,134.4349939216241
752.3577573180066,271.37760682092704
921.6382301720759,306.064417947709
477.59741409061076,134.6858844624031
481.9650189597655,116.40434246564492
718.4192525089096,244.0688533029353
868.2275804653425,312.90811095365643
889.0795593182545,257.5509076191032
532.3857635523533,184.0955545760304
1058.2944142294868,362.5493179630596
704.3201017600076,235.3178281724926
602.478360851317,173.87999881079162
434.4280791980208,147.94281646195563
1450.8257280940686,476.57620516359214
885.7368717330287,239.05532072651886
672.9604123005133,174.81467320391812
617.175308517256,133.69718678133333
45.78289943496673,7.855712695956958
557.9334149220509,143.04621577549142
761.5447772028116,271.1331855147201
914.4881959920862,302.4904560474283
542.4021537732792,161.4776729958445
642.6954539001708,231.59440702841263
1079.2746592618228,350.236992488867
1101.975558040533,367.03828092411305
1067.4850119060636,320.98514201241755
784.9833575899655,301.29390326094153
377.07878088784446,79.61083426590069
764.8979434416021,275.5513220480686
891.5902150761895,287.55364581973225
591.4778283927458,217.5770539297219
866.6813419930163,233.3054212062033
744.1162533952553,220.93786564095822
451.6249554415041,137.20108361096086
430.00612871349864,95.07889291917341
1099.609370649341,404.61281463154023
661.7339894116792,239.6446225848899
1037.552943099265,405.64083824616756
480.3927452270361,186.25394049071633
748.4472779875924,240.24897149629328
510.389376308765,223.52474411458752
1150.310608945578,417.19976675376694
669.6515870182097,200.20397859875007
730.9988651293199,215.10630850470028
1594.4686000333763,533.4008655952928
903.7030208251736,261.4231509876001
824.685201369397,274.8800880671877
1062.5703490143314,434.3590283274975
1010.0192270570788,283.5554843629043
1357.971879656558,464.9711592232341
325.87788465966815,79.28054646340351
960.5149383507464,337.0250950305227
572.9416198200677,178.2977596667987
574.7288255225452,143.70372378119671
664.1453102119777,179.97094514020205
896.5306567667812,345.8437655869977
767.1710942341549,259.4569287695056
349.22014372053695,64.81462701563423
552.272479426633,204.34812678256577
566.7951268823663,157.3290418130844
642.866200004436,177.0707137403095
489.4415884487699,149.10224537512076
450.59320314366875,100.86593575651264
587.7350437911643,227.97908864445094
903.621520660248,380.792141105919
747.6411430999442,219.4100917535226
272.8364430289206,86.67766936090277
1644.654419782527,526.3976915591504
833.9357757807747,311.43892086644985
558.8209910098504,245.9374483493208
647.5956326693339,229.31851736533392
599.4262651733841,181.11530292212282
549.9301565248147,155.84456886298187
1194.962054030259,454.2433124471572
795.6427802553401,260.4014787811462
1003.808567096378,300.0984001975169
342.5860722856927,78.83858202424706
563.1134208109098,157.7879456878806
999.0084543404143,301.775131689589
887.8508218735483,269.34436566070804
929.6324523753553,318.9030204461817
441.2646886998119,84.42119865276631
871.1162851571019,305.9685731245223
599.8718600180832,159.43442182041463
449.49885787744853,170.6604264167656
696.5448603652982,223.77956303923781
509.8769863647224,176.1539222437482
603.0531574198968,150.74190989261902
924.0355387003726,415.553175973968
567.1070387801299,155.70811387133816
419.4137948189274,141.18917478561949
571.8368310257688,216.68926568289638
346.0982507846342,86.90346359344191
453.14812494747366,112.56413843744225
133.02173589139966,27.29791322096776
1000.1088974259121,354.05803253799564
515.638083956549,191.70097310794313
962.6756649175519,332.4486036068363
366.8672563565287,68.71732431491027
769.8292380163527,247.85655204504135
861.4430435109936,355.2489258020256
445.7511004753143,114.33579913492196
714.2279588850004,270.20757873431165
482.2321390370719,147.305468441324
571.9197766644172,179.84227405940499
888.2348301885054,266.66700394791656
591.3088111746412,201.79572823696057
1388.6115016275862,430.9400671183419
1389.9458233625019,398.75369699887597
861.1354344874175,281.52355702135634
848.9662451278996,246.76423206245937
1201.2458137116932,437.21910932453335
711.5540077591238,249.42423165003035
1163.358488247166,375.9471180374015
394.76744741985124,128.35882082613136
794.0110949112117,207.84657559242095
805.8296843795943,244.44624697168183
1085.6219379808376,376.2687581864095
661.2338328616909,188.35033856908848
722.3165165092494,258.77033238604787
814.3143510464805,283.3251542658088
706.8441506495965,228.06475532667363
840.2669524095174,266.2644569109315
390.9183054467116,113.55863077315401
741.1199313316508,216.48633752282623
766.7295822270569,291.8993095477959
346.88299382285106,113.81571508827057
662.6771511006539,197.8389635598462
827.8825896390833,266.22306683603273
894.4719535425074,318.3951042857772
524.0695756932838,126.20436312532372
1505.5613836760294,456.07692344886317
414.210350046092,127.69134091492441
317.5566259958654,77.29263659456883
418.81720631288874,107.30892874359444
846.9505034203017,269.65833683753
1027.796567018237,299.9845023210999
883.379395413608,300.9192351501385
831.0688207241717,287.6228135667704
626.7746448045825,198.04522694579083
849.4533456874802,263.6522828560901
621.140726576084,157.6215005759779
1152.138469444744,391.5467436665283
947.0368412814066,248.69416767941965
740.4422791028811,273.5045550651433
893.2889396397476,279.5637612043792
1104.5552632923714,321.49689361057284
466.3142477388079,155.32934001855045
535.7726370244823,196.86530642250065
787.911078591917,250.53445330707484
591.1838384206587,224.23977641472703
1254.066065451446,429.8188127787511
187.5845739330668,44.7084883606502
491.7172157783997,142.29502467490911
342.1704315870436,67.27006205813726
752.1143199525477,219.1614417971017
518.680290865594,136.20094838700211
774.796737239511,270.4455556745391
603.4532669506845,242.7476660210604
996.8158070898493,306.5291437349852
424.9077584034526,128.33094560098004
375.1413910805611,132.51133244068706
686.1290020166792,179.88983699315372
293.0904190894316,80.28097661303396
679.5670600137329,186.40296753311227
557.5648677407794,141.046845517584
814.2633663558635,253.5709354189953
584.1479173863304,156.03260947295342
829.1440067625235,269.49490685885434
577.9680261453032,153.2609978450875
1099.8757315827247,347.40588337548917
763.4928105187361,341.67076153586936
766.8682931338938,238.60216572746577
493.3054129791666,119.45995095811286
587.7547318133986,156.6009314895664
723.4725901775796,202.54495285975446
642.884694312939,225.74031741232503
523.943066245159,171.80587343894874
568.7345430054816,264.3884938143435
414.36432223405524,139.91334522118547
853.9683305653452,288.9946838499602
1881.498609394577,486.58902763768225
951.1197496755954,315.4225584352904
515.5943988451999,153.02508797401822
1090.100841447973,386.75606744649934
1283.1934254598634,379.7888309213251
303.51361785405544,61.318652732711136
575.4767386898552,179.359739850367
608.2846911889732,162.92249181061152
1030.5349148804762,370.6024803608648
1686.9236342615961,490.371570266081
528.5392391331058,138.41866718532367
596.755952940235,169.9952929401876
825.7336214005056,247.04292976109252
603.5738198253176,184.68193822809053
809.7616589250728,306.0939161905523
743.1608528966528,186.87893822928862
572.6337614865922,211.49416296712644
351.4910432629237,115.1754896080135
626.7953258039896,178.9640831393733
1412.2358388199955,501.3852782375184
599.499286326958,199.54230755066317
311.1246843311736,45.58149984860139
408.2776018625221,120.07472423828001
425.06094526734626,106.66013793965853
1188.8564805764029,367.3249519422151
557.9408425236795,176.21700668829013
1224.876471263924,399.64420411148956
604.7587662530824,178.10056912358354
853.5803482258127,274.30950118774683
560.0901642720601,134.35196955464653
947.3321723065221,334.7973243869607
579.741512416622,164.07891063666054
489.43390351969094,150.0447126306627
727.1508365543098,223.4859678811118
546.1037571738415,168.82082071874262
1385.491904233919,438.62226125119435
553.9776988287144,187.84442622015092
853.9083116936033,245.65703471841067
1231.7459467373633,354.37921104518955
1175.6916461549647,357.5532699520129
684.4850684235677,181.90736223351195
361.2636978061586,75.73817567178666
538.9369677574902,150.07458003173616
556.4447576621926,178.17365729134838
775.4807008792768,242.80153083105597
330.45889848343757,106.6507282828499
746.4653744050389,215.10637196894356
608.1921155121207,145.15216931860334
934.4011289585925,262.949759947045
676.0582500296274,186.6833602598323
701.1900698587622,187.00092989145875
1173.8115918325614,465.16817769201293
540.6284802256155,189.0592276294671
671.2555934030959,319.7006071609843
337.8119224247442,81.87621319869015
340.7746555897855,75.34393397760059
929.4067405011768,254.7331810307385
708.9387363369506,178.8881273350568
1097.3765987209367,339.0021467450335
714.26344259101,257.2917658812706
311.60410986301,63.11090783597785
180.67016927474754,40.97207130250089
920.8274080516725,261.3403207962491
90.75405173467239,20.882740153322985
672.405315024756,202.11258340949132
866.9971923462635,343.61087556204296
1070.6356844167976,367.3799473431471
370.7999524157427,123.54490398538142
299.1995905890951,76.20121762509461
531.9826136027633,184.5019051079986
975.2813259052475,291.43317035693826
260.61104351135845,50.70634733590386
1033.8212310643003,438.1143326199423
441.6564430718382,116.85125158326427
444.28975712229055,118.38203256098492
745.6952567415265,207.97363450892658
651.1319152858493,223.067173424212
528.4410236699196,139.18769221883593
816.5946459564442,315.2882096219078
666.5204958702627,172.80385087457256
464.52629043623824,106.47937015968583
999.8308940310447,295.23285521672216
452.7559628998738,118.38735510420582
1296.4377868790946,399.7944935054419
506.7921987058684,112.94520989320715
1066.6712934716288,347.31958912936307
1088.0958366367872,359.41652177457684
753.6030401104572,276.0797128628098
695.1296444309168,211.3597072175824
677.4771075517326,217.21359646616105
958.5593449934132,315.6742321366417
200.42662896285037,34.07122945123841
1322.0253133118204,418.8362207977153
879.6958954163572,227.38031373726295
156.30860144448087,30.398012996140395
343.28188872759813,112.67138395946796
796.0439816304269,276.20563105868405
768.3238911384946,199.24601360701402
1442.2449878973155,429.0480730747569
514.6819626354447,123.8608962259328
950.443417905447,280.16779768593904
425.45444885969476,108.19622465449955
326.5483519675434,77.18546336626423
1278.2004158252923,409.66676172192206
229.48289734538272,46.17500572902451
893.6221093969739,298.4257714833202
1056.2836345568833,323.811539060372
975.4901649252138,346.14285730151374
405.6126595383857,95.88716510398372
294.52848243899405,83.42534525281192
711.2764339517705,245.2764294679531
564.3733904125186,186.81595738630386
571.7858767261695,197.17084469199986
643.672877572069,175.5459506161035
222.22349275008392,36.685602204586004
1398.3952632235287,504.81581836541324
595.6842543143385,130.4832927407177
755.6175554792221,243.06824972571619
668.1929051115585,208.73597471398196
955.584552465906,337.8485188219844
1350.9003161566359,404.70397782841604
509.46894650555936,128.34226766165776
232.9886034382228,56.01059275695311
370.52962693245763,76.0651350438997
334.18713033255904,84.26016503213202
832.7699835429846,248.71389564161575
826.0645525883388,218.7450171288277
681.6858102620895,179.97994668079593
493.7859544663138,170.72065288475508
478.29349371683116,153.85635082545056
428.67351053075515,140.65109222304315
251.63497353319278,49.43945363356673
327.8836901062486,105.47064778089329
722.4194111184561,226.9697470666678
885.502191981973,298.13464322764804
327.74958612802834,91.994413241954
695.6334514677841,287.8177409919225
939.483427920003,332.4612579139563
652.176898140752,193.15943546066416
1467.030999409369,500.0286582055759
680.7834611378179,192.8706782183111
1014.9721851917081,390.09001231530294
768.7416268404661,222.50606196959978
1285.1537649566014,469.17115834409697
956.7101322017746,284.9329290483452
429.16067318735656,165.85411907988149
417.91104506613294,107.665622435473
1076.3158234933185,369.68424819012154
615.5606711184139,166.1839747118702
1227.8900792238499,475.7114267046994
1281.911596915566,403.395952259125
817.5331163182693,288.8076463714528
535.4900852572786,94.41353014618609
674.704019164325,255.00388813383452
723.4257030986055,218.14346267448454
616.6639493233672,195.23127057299118
555.3019095774096,176.24585202049792
713.9758486307567,285.69801018397243
700.7702934050951,198.12455640682188
1192.7163013479758,340.3158905904619
763.0928248122327,204.53794232688864
446.37621725421684,134.29549185090863
1570.3968509632182,442.3090880353141
553.5047192910645,156.68730372396487
821.770099247712,245.55300569821927
898.9027287388017,278.9099930940221
756.2107482149638,216.9321024753116
238.84822297567285,55.56648802383372
453.2966427167248,140.71133379990047
568.8149465408856,163.53865133427436
491.63319177178505,134.83275004699732
980.6464097799573,311.60569881831987
609.8321147926666,183.06731082693642
829.9497699638425,234.2873584832991
560.0024732694252,208.75306271308614
883.5822171327186,303.917090295452
1157.0647667234587,370.33007637659864
1054.495187521903,383.6482290252102
551.5536304883319,143.34844973204335
771.8661575748483,233.73425228483265
839.5525554280028,197.50367368663223
491.0617221509416,124.13950695950463
528.0983689775302,205.36379730004046
565.5267211472905,131.44464732160176
278.08885320087126,67.41992518428702
384.49840417020283,98.66442463398027
890.5009735995297,336.9439430410401
663.7947591593309,190.9054591955918
1143.3713421988216,406.96371869454384
735.8838332588343,205.54517877053277
571.1573457851639,191.02791816019717
689.0598641687332,216.8338344105935
1041.9091243559799,402.2178487571606
728.9464722843036,241.9420875549486
552.1294373749206,178.79807080943732
800.8997044593129,289.46221814604297
738.9748972783909,221.32919828495423
540.0308047435547,150.52422006782862
714.7965952859652,242.58401061762152
410.32843214684476,112.85227386038007
936.7255790329025,271.42988731460446
517.416535739583,129.10699611970017
253.52289416012724,73.54414122448887
1188.7142034310068,408.520790410781
589.6798005439781,211.58044982551783
503.28752300388885,144.5044697675477
945.4360193899531,259.61403509311754
444.33861740834874,104.36351923481404
1361.4129555539482,426.5690806295471
1200.2045715948948,370.37152321218736
169.85527915844395,32.55917250300688
804.5718036006997,283.4035178860336
350.614818225125,68.12889426301086
795.8662784004993,240.30192347910295
483.00011161446105,142.48624303760727
521.1506655695006,182.3102034733807
366.9471384554149,107.68713759937684
989.3583992345121,300.2798470223317
671.5520773569542,432.0341524589225
575.1950135613796,209.20950790130522
1071.0963635289545,317.07328631333667
599.8236201610764,206.06079478399272
259.91631983591145,54.81771775083333
1095.3528648029546,381.196583580587
940.2248772588067,260.4892870776225
691.3150892028216,230.746851308167
1322.954714816744,433.7958924036529
653.1874864203842,181.96813625427254
518.3830320864557,158.02506921250477
509.6302595489845,145.3886422565892
761.0730952390632,266.6068954827646
686.4720432498565,220.2926836556825
796.7556761966215,247.19020501607983
514.1464875536357,191.3499211534494
677.2931440460777,275.6880984303054
154.87691019750272,48.27034705259096
599.4560138265168,143.75340762377618
809.2826707443473,207.4844158108455
855.4097324393852,290.09618501854743
571.5704438363487,181.20785705711896
636.155343801099,208.05824339919207
263.16890725951606,118.67088043791982
944.3140079083514,337.7758258227384
448.9959406414427,149.64745924853455
444.4458529946753,148.2189960439326
465.1481968277414,118.1097291870899
1179.018539748952,354.1944452597926
629.2009226346363,200.97936111022224
1054.9334801848381,315.4413703795846
722.0772782796441,164.68190659129533
804.3816433601796,300.7449550268816
605.5478063929145,180.87454356781802
257.965991576162,53.55836784300005
741.3591837834251,234.3405970500719
959.6166619949602,276.58511974868065
1177.6798511266538,350.2816348382853
1327.718610241192,441.69139807659445
702.2859873662429,215.20211801537596
284.9402682896566,63.09128046287296
595.7423850808525,137.28705354264963
623.0707952676584,163.32188794615843
599.35357399297,173.40460350427088
1052.720850541499,339.25023934294074
866.6375033523282,281.92807146625626
1384.218144587811,374.5765181304642
850.2181603850189,235.4153313515029
1062.8574353173233,309.1123550316151
636.5761414060631,231.7502719510018
459.7088760924445,166.13820993425006
515.3128645750664,146.41825944915033
256.60400606031504,59.665685217149296
838.5320840071827,278.18403021298695
713.4697845866567,219.3868853251116
355.98144089313763,120.03394025761858
1072.3416018283303,364.00143873902533
703.620866506075,205.56939899381382
624.2112605472362,192.6235078793673
171.20285450509047,31.055098309169473
497.5945416115024,126.77691373439372
987.9167131196448,318.2738880631747
148.38439941451978,34.431996318310865
1163.8560240424713,381.76742841747017
751.497496512714,202.51929168236532
798.786040665035,403.84942669770993
863.1167094965786,327.1625007679029
597.3897059933118,157.56663714177327
527.8488626135559,168.84315760303224
1418.0071301856515,423.17238895678526
897.8305372667897,249.09335949318046
271.4483722439571,72.25059430593721
1086.0587907761674,435.03302881987673
617.312950016053,181.4867994093176
671.1751227071829,159.9228902276747
238.93002692619382,44.51373411144923
1000.900568537164,369.67224652383385
356.1986693405853,86.00329869139372
242.83665963175991,62.353266138006646
955.4870418148118,350.1763055427357
1142.9957271056223,345.0249537449551
602.3131609426098,156.7967282491615
542.9668371476491,171.1658939328959
661.4170296675978,207.35766858508788
486.0190977413315,124.40327662734987
728.6794384698671,207.4074816321419
740.7856091562214,205.58224876755128
690.6079520060227,166.91396438622448
859.390467623467,270.1484527598927
653.9511077636687,181.56516113306793
907.2516342791794,308.7875004144562
371.73870202324247,95.06639032954894
407.16041996690143,112.47272183606073
644.3289735196026,199.36652830555607
914.1040966500522,279.25529966024186
594.3738067018985,161.32470641266679
844.1977725193773,252.41767430522043
310.5767346500552,61.13532132965046
1125.8742007639971,310.5171303342602
252.17281113701372,63.796446760369776
1010.0518140972667,300.40661982181825
619.7434959641406,144.99722275605274
798.4498671071932,249.59579078786211
768.1898321788076,322.5416830931774
179.5094720157535,42.700835540771486
316.9803441535645,88.385479254316
472.276822684825,111.28367568554417
684.2175051348063,206.60360108144474
1046.8354921487148,349.4138756775863
753.9460638157793,255.4475881672348
615.9804598205354,189.04708275006337
593.5648871785922,200.45891484129564
762.7554728860249,258.6246713738103
723.3612978640265,232.2718910095957
449.30117571206824,119.86953475736937
1364.430471207334,428.7806563697318
1291.6901296084527,396.7936968840572
713.6255689668113,252.56465027702137
947.7250989654867,342.42789251618063
653.8539305221881,151.40700098419805
593.6390411925216,151.45547154985638
576.833118896584,145.8331706718135
874.2196455791735,256.44709800010594
653.8754010128291,150.38013710044197
550.5468024562546,196.29278683900583
1138.6167868820532,377.4554619842484
779.9378521396292,256.50273360107616
582.6909362991374,186.24251133264224
616.3248449568014,177.37187043177946
680.8668047816864,157.1810877516315
763.8442902895096,229.97107632668266
863.2235787802329,306.9584321866983
1228.883211713508,364.5288630036412
895.7685677177395,252.00735004850628
768.1528824251111,237.39490329839268
271.2044428735868,77.28686202639805
801.5125599967157,309.57409183067176
736.0730841807356,211.81976657316466
746.4580274159738,210.06563484528286
738.7583062750812,196.5412448018122
786.604991423844,235.97296821042409
651.4528143749571,196.52122801233978
762.4785662157466,221.80479163339302
924.7231949437345,313.782503868035
637.8943422677296,152.00892929362277
722.6223254651171,255.47839045808038
478.5179835797166,130.99695453690433
491.32359549977787,119.92367723641118
637.2424452016418,313.90465321702504
626.058105247574,185.39233802754345
488.6043066846923,137.89883210031726
651.2742735283921,228.16782761264034
1507.9055423528007,515.456940807092
738.8821194423025,206.91485867908065
421.648311513918,142.88394320112408
617.5806069256198,236.04505290633696
660.5556090396651,193.50917239307083
1042.3736057980034,347.942177182105
318.5736465535755,65.4614695054252
459.4896681606712,113.35357675952106
804.2889315336686,259.2537304756903
371.55565588792683,103.81425505073423
558.9873159930931,208.0570622874872
701.4419465162518,271.87189470474726
548.5675322759191,135.4311706311218
790.310268786641,296.5101891596557
473.3313231265244,110.47937079684525
420.59150049155966,92.89652343266387
397.8625495847214,87.49822765771803
734.1456215307297,240.63392573241993
581.765324237815,162.7826314545369
596.7356089565604,205.4045288428661
1090.8447211556595,301.3072871086019
631.7802599962481,160.44790458826543
490.66458509065365,168.52890229307087
205.62719864644535,42.24841673459231
1002.364709225851,317.9901227221211
570.6266184341493,155.53821180277112
557.8037875575277,151.54901536235235
274.29215324611,66.40545979392724
789.8854004542653,245.05284146318917
442.7046749123078,100.51241794107383
413.5415209142701,119.87417622501526
1212.761917731043,420.91930569003597
475.79337061526655,124.69048209342333
426.4606158294796,104.36079942248104
594.5825423472872,221.47484260099515
909.8546886824948,256.665242283277
517.1759262694785,127.4748445044513
513.9876087699193,165.0529922255772
708.5073629434075,204.96992857871095
871.1805249541077,343.49982917102756
784.9917247873932,239.49911654949625
59.64410485212234,1.5141541236303933
976.95619332359,329.8961884896572
421.75784429781515,120.44307499241502
1324.2984336621312,411.0186544334293
578.5886345340747,148.43920279963325
808.7941433394374,290.83968128963954
311.0221662646394,77.84278323916219
215.65572451576529,52.24691447005683
747.5991071392918,259.0003755605159
1207.3281391947626,433.7700162088518
990.6108502580404,316.98871931184215
574.3902492453586,174.1518963574964
683.9592706673434,205.70781138835082
521.4062809369582,132.96615621679132
1074.0390286227,393.7754597230273
848.8124279827537,266.4438860239798
822.7538845389957,265.12629237805737
367.0874662483847,63.08233209047144
982.4298596610008,298.8516772836345
1141.4819129239097,370.9897133126338
573.1695129174941,138.33628123390042
899.0119097208758,407.34522810443093
769.6184739704737,289.81544615983825
374.6914560127977,81.61555253396023
792.4948395754951,208.89518689644984
672.2091642308106,208.123983321673
488.9242066177904,96.26223474315162
428.97268820200816,121.9801989873922
627.4149894419091,154.0723298613492
640.0832394263449,178.48280079155893
588.6452711437646,206.4645305767327
896.4698609683353,257.501416183649
1135.2150507825004,331.3246698185322
597.4721176859118,181.1518604694175
215.95164703209778,50.682732205388824
610.6193147422337,158.0041188980713
837.911970090533,302.2656637884698
1222.8576444073133,420.06813359773844
407.50643441419675,109.84977528461964
517.5653040326829,138.4675372523101
824.5773933809185,361.7891005827947
512.1046713912987,108.93009960544427
610.6412277997321,205.4514988772463
581.5581697161376,155.1474210036669
349.1416512681385,82.05766809993231
764.6694536848402,264.71138691720006
803.873884789132,234.99717810027474
360.6501780606777,112.01270652122763
692.8027802550126,205.45235890289942
1131.3694624681552,371.43427982572683
281.6916543005963,61.462218483940845
316.57574468226073,97.56981524866107
509.8037716624134,138.56429845671877
179.40780298386136,28.914416340081697
1043.8857499603469,367.53269232172914
570.3390647960634,207.53028191979757
860.4219992323392,285.13387866055876
861.6387168325372,328.15373193269033
815.211771630988,229.9034129171236
341.59047029373517,84.88873041738655
669.287708849758,206.73803992032433
787.6138042563418,205.3039711689976
364.2819563038128,85.17325231227889
625.0290105210595,211.94253126777807
843.5022425853549,315.0404662459125
941.7779317799229,300.89188473003793
1115.1138620890283,371.7523865140208
635.1247675973486,223.1691550532162
447.00947608079554,98.77677868733868
571.4308736947455,190.03660116958162
503.0118779766872,173.44363796097753
1094.1206993492872,328.0062654998547
856.8968191446413,291.67911470549154
767.7612992117652,208.42388664558723
746.8422358709788,198.36158988322924
1072.2672049437601,342.33707246791647
1022.128868884013,291.269794322203
841.1405344491923,267.70638578696315
240.03281849382444,59.856129040000546
916.356047821419,313.60070789824056
910.3936858160383,337.8783491475373
720.2097317808492,174.5597180907272
811.1175041899329,262.63643763115385
414.3014581222634,86.00727549330432
199.39604723764208,42.511073946543405
853.0711488366553,299.75813897844705
854.8140942829712,303.23364270665274
969.2042889216744,252.41744791540165
472.2117256926887,103.69439070691828
530.8081229892919,116.1234523119838
872.5804573162893,295.1140841565581
962.9985526210496,294.93597229358073
298.97700828344705,115.32581667135419
406.61755788414735,146.26864030545343
516.5829635696894,192.0664620290947
967.9441264655713,336.2103581152659
858.9782107438765,230.20200308426826
781.3556188594321,246.19370611004103
608.0506079055554,210.35355144490785
1065.3958024228778,421.4439519162367
642.3875924283384,220.80688536359358
723.5291171513218,270.214759627458
520.8501597510381,134.55224609447265
1079.4328011793646,377.00732651609934
460.1068347848247,108.07359798539537
858.9042955660551,270.84635017308244
729.450380466523,230.46081247011824
904.2836389546596,247.0062143829032
691.6965165360353,174.33184323089574
1312.7538367148331,431.05582003447824
360.4818287465504,73.64051394054864
598.977104625653,209.03676885123414
864.2832918898579,248.33229755096608
705.0154209838527,255.56962576387514
1112.7741427877029,336.021913692693
880.9314050825463,317.67502666758935
690.0021887302426,241.63259091613247
482.82443684172347,155.57759357812938
1198.8372575116869,392.01617270338767
592.4084406706803,152.48148354095972
516.8350928616601,156.2909414529797
587.1099740019057,159.9069971179371
653.9192510569226,143.27495651313512
598.581546791643,165.63391793220768
1045.4136685982976,314.43996061442084
1212.9882036904282,394.87035108541437
1005.9629185143111,344.57762203211536
728.249948125089,208.90580223015263
259.7806356190965,43.75903265370989
575.4007500900422,175.48654732666662
704.6776423575607,268.59949611415635
269.9390587615313,86.69645330437226
639.4078908327476,180.68273413870475
38.3287642232979,6.5971291285390565
723.9081682563558,217.77862555843024
907.1511087508632,304.7728217557575
523.9896098503777,180.59423839100862
665.3294580617928,191.85980279566266
575.7649675023969,192.7884172065193
581.7391785134787,182.45276144240717
920.4974453993801,268.1839511672089
613.1662171934092,165.89458151440203
628.9964822359054,198.25950163831286
453.95360829425863,117.93206542490759
730.6502586232461,256.69889229572306
877.3460278681875,281.0609310263079
675.2905472927414,200.71553148237578
880.7363588920459,241.0143371042839
1057.5738364398724,338.8121832842961
832.8052107828346,240.78682687637365
682.8580185032447,221.00562032360244
436.873089833495,143.00335459529688
977.5387147341871,283.2877101419157
663.1707127315077,198.25182947101274
760.9683089273136,244.11466059717625
437.63981766864146,148.71716633904407
574.1215320189528,174.0165607735379
177.5194190858084,43.616381513283464
630.9686362886002,178.22647505270956
801.3513200759365,244.60403740115393
534.351874525868,123.86561569174289
594.5353725022541,140.3117273813059
742.4857855695037,348.3299920793512
648.0903720972005,230.47608275155815
502.02358860427506,127.89058886897844
340.0565074300263,81.37389055372718
756.2701718178087,281.60146650600683
1011.2854225511215,355.76656273359544
732.3721501678465,225.46963203669665
204.97392824153997,64.94083316592024
383.13761299003573,76.87548436733353
809.6650711867225,335.64323962148995
874.5941791076473,312.08361625294367
706.6407464289462,222.90481262843187
381.6941387582734,116.0367841601173
1222.070689152824,417.5672730566854
248.9956052020291,47.964954362694904
160.0434548822896,50.936423775841966
861.1065541834739,298.23057837419344
613.3840328209362,178.95604583024294
870.6759275201848,277.44485909151194
453.1671256424662,138.97727864145835
794.6935790232753,268.31498880380633
934.4469575291926,359.22049987365995
489.0044266355876,128.70004021967415
992.7718951409864,481.90657950376146
503.60528530110383,128.25056944138225
325.0230598601051,80.02681142780233
536.803149926967,110.01502284439195
858.5835800313353,236.48663266699887
558.0986991379602,305.3504441218487
309.6614510611385,84.1818793170081
894.0779408696815,313.43098108910294
179.07834199641687,31.3698376926651
292.73385600993646,48.45763328145398
568.0201535290948,165.48908215295526
617.0658561788733,223.48845272932286
274.863256577403,67.53639187330066
1295.0684896125895,403.78750188745244
429.4994915923628,94.00696993714675
617.8986255022713,169.70728275161844
708.4742291673956,245.85405081328327
1469.6479112825173,428.7283883554396
517.6010615590038,109.73760711284224
346.52834148981214,73.1615390985688
845.2468335981973,267.43871354290434
696.3394598440219,221.15134841028092
382.12159198434085,90.61879389527854
912.8426841981458,268.47901205194665
614.7313482143558,189.46595841830285
330.2080134582589,51.45403207474557
840.4479884938955,232.3774826772509
703.6142886555606,193.01525236720778
868.6414723889984,306.9819104044906
892.0585071794355,262.9656093401944
789.6877825160782,202.50157334810177
776.1025276065517,244.54886112123683
618.5349446645798,176.93653040641163
604.0303512836424,203.97482761634126
693.0198354634014,211.1036612580464
976.1243785877055,306.99521624688043
652.4093275948887,222.2937795327154
394.1589357749368,135.47876577183538
925.6498145865386,245.78953272590542
447.0113634088518,106.16623138487789
839.4804793100952,201.8414448755471
495.3511271037851,181.061186742725
269.4028248161388,87.50457478130194
580.1896390249177,191.16222544929528
743.039653588118,240.52547575410557
732.5144101637858,228.27468729204384
489.9194007360134,107.61828251021568
1338.8942751215936,433.71147128796946
670.4975238091864,241.56130683151582
246.21499286895047,38.35177913802668
741.54349488832,318.83570552839797
695.7179202812379,206.4181264258841
316.5291338746358,60.20727139895709
538.0788829612418,179.27097895536477
564.0612130741267,165.03155870946082
192.80126918431765,68.30204605175054
877.0376060503827,384.6093654404528
260.2383889407212,57.35354649805994
554.2119840313658,169.6830004716353
670.535166973557,204.3248228686686
916.4510178346152,381.86624874078
1224.652936296594,367.86237754657185
930.9278349891512,285.7323706265187
966.1944165164966,262.4980237247712
692.356424185587,198.93045595475775
884.6997264105494,321.3813603364816
838.7152247201473,281.33929358998336
586.0964306516256,149.27439040585847
1044.411980348316,348.3802056987609
492.62321273562736,123.87301117927638
828.5912523680463,235.8893501184904
1043.1550946746956,327.9719034329725
1007.0329112646843,355.42625485662586
535.8121852517274,167.1437473661608
951.0778659205694,308.63849197862373
843.6796469112847,281.6258102748091
801.7695730333676,301.3757377190385
756.6892879440888,203.4852212772553
478.94398733613696,160.26971822003836
940.7624131705317,350.64708887908694
889.0260475595392,295.23142677001624
791.2633774695037,237.92843055272132
294.53351578119526,78.6214829486092
837.4026878648749,322.71057640361886
803.0284427598922,292.72659852291946
355.72756704535794,90.16296108144947
165.41212053158475,42.99131200473573
1158.5826606391247,315.2365997948907
482.40585075893,129.00717700792427
1076.9632171419585,366.50239909853326
764.9166902902834,251.66796361417911
709.1354351398822,236.10631212499064
541.5939519406757,183.94569189485728
647.9124765962141,267.2909529303351
363.2761919084694,80.76207263711393
593.4744928621236,146.9910188284861
813.6865175154023,241.36588803425894
368.54582992868524,92.40376575875815
731.8928500879288,225.60095879941173
465.48979384942305,160.22780101044168
706.6883448801276,228.2318725001314
324.0934341722965,96.5643401909123
648.1624058037805,235.28734533698358
794.5286108911764,235.55634022813385
926.0103169941813,330.73952759676325
545.8825530217923,179.14915126077813
738.9096835540183,215.1999974431385
347.7200229315212,90.17641857426091
468.6175191642294,120.00312380031613
987.546306336734,279.5885307946697
642.899884743448,191.70610205636171
905.7247738255901,281.03222109790374
269.1958023687002,88.27737908114254
1496.8492863417544,434.4790926755876
339.229061422295,69.7864479395873
103.20028473214607,31.791118164290705
780.6516591511648,281.0611596399746
441.68009086180706,107.12703664743592
778.4225742653532,224.42290172758874
1220.247328718688,407.98892225087184
466.1235867026526,112.26759146560654
410.0766596247391,92.18313291057476
438.7305802879625,131.49418792805497
1038.2290562168455,354.66660399187236
586.7809452157774,210.13806945470526
1387.931610614106,451.8061709069609
887.9987340635092,219.8370462466838
794.5854361358588,267.56998833107843
356.4875434158296,66.9153812999645
1482.1629734162846,471.1081483050052
1077.7858705687095,330.66731665482246
1559.8862684685678,480.92849163079984
622.7572522237738,294.89444158418394
288.3033934805988,49.05909115294841
889.9485084049861,295.01284739695103
610.3056194582572,162.71985494966532
573.6645394100724,177.6535744595638
343.66759775987043,99.00150855445933
919.3027143349643,286.10783508888045
1011.761876615835,349.79918606600006
664.238193810929,234.27943174556182
969.1045569480364,316.8710511526851
480.2970505525973,132.61404253052436
413.01099758363557,98.02004533057915
531.0041491946774,135.3068304265168
694.6377248814564,181.42191031752927
798.5785092048498,209.81758868655132
658.6956789908888,217.42455438997587
1067.716780357432,352.2124176747388
1108.347750930372,320.5914053153057
678.1995442586393,226.72619117156663
806.3269760410928,227.75272558925388
122.34280162363083,21.633013439476173
948.70894328847,265.11301160233694
734.4391630302541,227.95093589062432
552.9378552434571,189.84517815460967
1476.9910810993274,424.54244155435697
740.2574007372408,181.89310026016759
939.2106808731224,280.64766657377334
1228.0897747212525,384.60289029951815
262.39197091663675,50.28525038314368
713.6212243906962,292.11849432069454
684.4482838661041,205.1777993807547
613.0218612246885,204.99639309942617
254.91695989319385,55.5490438099472
642.5388981929673,173.6730587721202
733.5719287103815,182.83853073308111
499.1416916843328,157.2312374320523
294.95658035019756,96.76959661785499
988.497538783565,310.19303595539765
642.2510660053542,191.28246274067132
261.09516644044106,47.91321739255284
444.71580516956215,139.02157450281058
411.7071772047895,107.96682651181149
958.4494054776443,341.3432588687116
585.9404169916313,191.17534828243677
403.72129397217145,90.52976987402543
545.3803820591367,299.92172003375845
400.61429841377117,101.1474709062673
374.92805099836505,71.26610822191819
762.4342568873917,213.79451334388324
1291.865476707435,391.447515430981
828.7947529749905,272.7922629568826
636.8220821867317,194.69286195663418
1010.9362091418516,308.1453541465623
640.4013050786547,154.95145605910076
1030.0861921074443,356.7000545000215
452.4192322549738,112.61417577280518
771.6594851776601,214.2490717933235
507.27248974815666,168.301740127029
620.5050495390301,211.93165462886347
559.9063935413245,126.80638318868922
858.2230327043387,286.9684516784875
801.978360771227,231.03095662076686
1579.8158384254564,466.52029919992526
572.4316553155866,160.6641615792086
277.56753465387,58.84284625870374
815.5243252451455,247.03550674152223
774.748836812413,235.62312724212367
1470.2850710625942,458.403705937468
538.2674109798795,156.9240745583744
407.9421006310164,135.6330766705635
545.9533565341798,131.24828494433044
955.7063636410683,316.9920701365785
421.9587763160225,109.0861599567389
1196.334872212694,350.60155523612826
795.69742961935,452.436370209115
735.5420861784254,235.1191774315144
301.4129985822757,103.4560943284568
382.3256221606381,91.56182787093955
677.3633049525959,209.57236978377242
484.24545503928596,139.21627951965215
748.5952190038798,202.36905384404918
457.89212517636736,111.18710676428573
565.2109115034664,151.99255665150164
975.0716483309351,294.62670472172937
962.4939933850784,344.37474871239823
1107.1992833321967,380.7239058463096
1001.1881706876383,331.729044362544
559.7031762554853,195.00550629107127
1053.1188543806002,391.1264863258882
947.2613039171852,319.1671680045035
711.2075954464246,229.38252321179374
1224.991212570091,428.4938227911507
660.3376088730232,174.20025414006145
1077.266687683702,333.7538009660901
791.0967365900957,239.64347361983837
688.3275825468681,247.63139087409178
510.2051620105027,182.76079895875827
685.0035751461879,251.0744581381987
648.8651847554944,199.38672526792698
879.8204326952801,319.4008739429312
577.1390177392101,205.20101363375915
251.65974763743884,69.26150794353524
516.7878510861403,216.87642476705236
972.4614762782523,300.27905996978757
781.4028159593747,226.9589253946352
1447.565375085269,424.05936263741125
478.8159748802606,107.89557560557934
1000.3196608103158,329.69045527251245
545.8538064847723,141.74261816114347
736.6900638492764,251.58107992705467
479.9804156603519,130.09624533766353
985.5493259736297,306.12619721168716
682.6329963532404,210.39042710367036
767.1056917288722,240.85048698169186
902.0515680379543,259.81369489571125
1096.0957340963766,356.0254684949054
679.0663994514972,180.23032920435878
408.648195119142,138.98091146301613
822.9685824881376,234.05515017177567
1156.429149639468,363.4102600009015
392.4709830906652,130.37095260955314
327.42918593357706,144.92084334508715
649.9631127086423,235.61457515387485
1110.2362418203318,333.9060839548294
1192.011118602856,336.4145950716889
389.87946705623926,100.86253113960237
1206.071497863014,341.18111829482206
498.1267365547716,168.3348360581354
331.083899454757,82.85244948648065
578.6978684428983,157.2437026681137
452.99968980700413,123.65521053225632
731.5353079930373,222.40930344265385
642.1060733856259,164.5630629723752
809.695760922315,312.21276677606613
1484.913855254737,484.15783625667945
640.1586809566692,202.50076804735957
708.4841431249397,181.86326931472897
451.7362576367815,86.6641525248775
755.9218888133936,257.07427992041147
408.8757994311863,137.79415894682
380.1428807902158,97.23434343719371
459.5710628039752,125.96376734932046
678.2673920509718,153.43782892844544
1135.5162741204024,381.7277400376814
967.3849105760619,278.33806989273853
849.4773088467508,277.84938971942177
472.45485147893487,159.6302638966112
538.7470165608886,160.165652822567
602.7362283857874,285.64072635203394
680.5681652249243,205.79858022075356
1264.2115835367547,371.29963649672726
207.77379228542415,49.42818813777275
463.9874696586908,86.62592633809518
600.0447012897987,169.48513599563958
816.5119690380761,311.55700974579867
939.147220085756,266.6096047390786
613.6934793709505,347.4603230467546
575.8660833526077,164.34948836934223
683.5903458204789,214.46261786507887
431.3481136151963,156.9689069083499
393.3355489228975,75.62392916740194
785.9100288980376,197.22495046780642
710.1531653826066,213.51611001919247
314.2801044694028,103.62002278740538
858.6036270434487,291.7526564250664
1074.1484245252527,306.5620146678536
1032.4094806427884,309.7332507679328
615.0069926830697,216.64548238807836
368.45026774452015,109.58693346683827
826.0748005938071,208.39788639758893
722.7761497599578,223.5391863224269
733.4781328711022,222.1615938755393
782.464140235037,191.1850412460366
1301.6170315247723,372.37850775497935
788.3573691586429,193.94014741728975
648.9423689123159,340.15612370813847
1453.2710653489708,447.61152227030533
986.5762873724318,352.32536032427697
204.86105314609526,43.41160825930608
446.36905882055987,148.08589724223603
1023.5380437597073,296.2561810050005
704.8273930400699,205.266953964194
648.7602518573084,187.58722529652775
391.10469646129684,86.96003605604447
318.1997356951897,113.38892284946324
527.5088103867486,138.41301223498257
850.9513581236954,436.93902701539037
862.7030127303146,295.9253973555998
452.32727283984946,108.5174031625413
843.5634548170502,263.4486319132071
738.5536365257374,211.40344131960052
1583.5365637801574,476.4721156845749
1040.6256448301847,295.2002218793501
766.6054311856597,263.12409495496854
841.3009523807152,229.18623953743568
772.5495719036311,216.3030356785854
871.9766769278315,259.1015859604752
494.0031981000059,122.79546583291533
759.7159238511217,204.41527178406116
613.6027673122775,147.91135631002467
401.74178275491784,119.81662998810441
529.6914460531302,155.36848976245426
735.9473198592623,217.79998760454376
1087.9579509965743,434.30456572090907
1035.8160931289838,292.26479506370396
886.25790039456,322.60274992967345
297.2774764921903,76.09548129113547
505.4323614679526,140.545154671171
542.3904533176443,142.41548950279312
1024.5236396853575,363.871443567613
947.8249635138691,364.34749707874164
354.9035685809249,67.71797343083483
659.8699465650287,199.72324659418683
596.6336036802197,203.80782049580114
484.0842396928768,172.98952188273086
385.7908837246269,106.56474706233924
634.6323417324468,168.50422005675273
1013.755023537522,341.9843733210998
537.090375365128,198.7889979114631
997.5236017199244,307.42639082904236
488.36711648798223,123.0186909155533
580.4701739249837,225.33533862328704
436.52108358394025,121.85622227162557
806.0409083053873,213.3723164462985
395.37243307819085,134.45515386313454
215.9750275323227,68.1678912530498
149.22176203600662,46.311072037039324
306.5579337701563,73.4979498314155
667.4197508106007,211.85035594646064
443.0702668865518,151.03662045013658
759.6071359812224,246.46587540081447
336.26921143227327,108.84055380179029
411.17159058909573,94.98628562270315
815.366421063999,303.34620690895014
1484.4539229698985,435.94126017871235
856.8467963310493,220.1149649451124
1223.6610783340466,356.9923813743785
739.905156995003,184.348009191961
722.247001771488,274.5303859853976
616.7793892487252,145.49505976156556
829.2322520425986,249.7669852104748
715.8723714911059,195.4403465360021
1122.4726598680454,337.3202631857066
449.74888697069133,122.98176338047227
565.2092790708529,184.6417755683528
404.0047259709348,196.66814496327993
894.5335163290408,251.35021466273335
1317.7845485285713,427.7842695969916
839.4258570966529,300.47914356524495
1372.0906746855007,468.83854624281275
401.7973169662408,109.94314259249455
927.8091328869956,417.39136333104955
964.3886502411872,310.2522979045848
786.617054629099,319.88359023433065
727.1765779712707,222.23600028329673
214.99805614455548,49.964130941548255
143.18372445077395,44.51179145087299
228.7092293084401,57.83384644186749
374.1097492522615,105.47923591847409
691.8762374922316,202.92467057692147
511.7278890486041,237.00028299340659
1463.9121081065668,460.15325610045625
737.5383164078544,234.03254497663505
1028.9803719758902,284.5338508059078
566.7287046695702,166.42444253601707
617.4831249748073,181.59452155613963
1270.1226981960633,392.8612357882563
921.8707485873324,275.97235142938393
794.1984055868679,253.0335525427969
256.2187935205583,43.29703977399112
625.2748047776842,167.55766314867873
654.5720327322414,222.26012394100033
139.27901247519057,28.921883451497735
449.24257017602815,113.8226204576195
910.7470284821161,304.6129213861933
465.6761984704242,104.07330500113747
296.9543107194146,63.823869786486675
809.364431092891,297.95744833175274
893.7067472133203,268.9735473269573
599.6477089593824,138.4532902472996
553.462320410605,155.8341730872528
871.5575294522212,245.01082928789987
526.5384573578935,142.4805433339719
915.557144130067,330.08537511632943
563.4797601527769,140.4024445096582
377.40353597371086,108.1313989640283
719.282081980897,197.7453342975305
862.4635945517011,290.24890432554963
263.7251336339636,49.12887358398898
597.3081155892392,151.04690007949517
278.9083924957621,67.35165950251456
1061.7388914220307,355.36052571732705
832.7240598275642,281.60046339641667
814.1176944695028,258.65547661192494
881.9380309392628,316.642612347238
951.2487665619456,396.21818030493205
398.0329126300675,144.52965532797182
800.5907884805544,247.88116701114043
442.41082917006156,120.85937300222385
372.8822531986458,102.78308003790085
733.3000640925177,247.33461289682032
593.6952531498554,217.76587763908702
1182.1757196099747,340.8852781789409
334.3396544733188,77.77291695843762
524.3697772000971,144.69436043755658
571.3957560724199,136.0655121653574
712.1607418772512,286.1228002732373
344.85887788453886,120.41480180817892
599.98620176369,210.3852260496521
764.8899513080353,234.8547373794784
800.8420986164149,240.96930290490675
625.4847508568924,157.52502030207364
842.4395398249683,304.3335431566143
358.59175101222627,86.94761412041979
718.97312721035,208.65237621992816
663.6607746443053,173.48059175881608
909.9468205521774,263.8837019101901
881.4944342946625,320.364165488142
655.5417950193864,173.29879313916672
846.9094727960867,205.59501519748608
346.1217164410542,125.93947883772529
408.36296043379167,121.74258225667745
1082.002616677413,359.81437015557015
720.1362618501978,316.5339746398298
378.94644534381547,108.39122814380544
635.114621494955,190.11722038171692
834.8205653437158,265.22562544332595
335.0668753430278,69.25669437291685
645.5061063505339,180.73186758245626
784.8679094249068,286.5345055144379
353.26202222780927,80.07007689443012
910.4286063164404,263.7304447196174
825.8572314625563,243.9903934150286
801.7903224526619,226.93254779062502
950.1005426746789,238.34036794822515
509.63224333833176,177.6065745970932
802.9859045601771,253.39047213885272
538.142830276394,253.61692775897407
621.3952598782638,211.6853092013029
682.4998065485036,223.0077871728291
1404.2086907185976,412.0981577152209
1422.138315716605,582.1459589846187
1187.8477271121014,350.2397065807056
464.38164150253425,115.95557302659584
792.5210433030952,260.65208782842575
526.7315238467384,149.79725896270645
824.2905094490095,292.2105031227612
372.1308659260721,96.50926548428546
951.2823140465147,317.7930748306153
1191.2376618284181,336.8736171104136
493.0122957402947,166.09868425786064
287.24609309444,43.8133123951583
1099.882377178743,319.40872744065496
813.0446355981402,224.9124971541142
459.4047271306117,139.52537194901092
1015.5535338828448,335.8177878939458
473.4551591659741,119.62575942290631
934.2555205223173,342.15829033933835
519.4937353791229,209.05453024004115
446.5152505130319,163.2001183708026
1594.2153741256207,426.05878555598014
1524.4599852966903,455.47982427542786
454.34573317340045,126.16438951107571
486.65124582332095,112.28442809652286
684.8358001176903,231.0278457152343
458.70664600529807,119.18364732419712
499.7884443665308,125.55515990784228
859.3778012058156,292.766585602837
712.4681558211453,178.9005742725474
840.4723371955513,287.916039700529
798.3487597562203,235.48720181228845
866.3460954070003,243.04623620596243
883.5829973589075,334.91543201022876
977.266756626557,295.7433460095293
988.8068861383149,405.60037906304825
688.51033353669,250.00394083949817
603.7338976977353,197.1552666431973
375.081624475929,83.94893901305254
611.6952163285216,185.28344153056312
667.5195411230166,175.1215959930335
539.4564135882368,183.4571742906195
744.8048449662417,199.54380333965565
706.6332041570681,275.735539997388
959.8799479328516,357.90815000526436
727.4395658993988,194.37950518898606
578.8812436016066,164.53727924968737
309.2186694301049,60.01745907179853
808.6596028277966,223.81555596875515
612.5860944732515,183.64270784563425
503.2452592677123,155.57082308344903
28.622021061054536,1.7664640060156065
727.6909657551979,169.08147202575526
747.3222192585048,176.9246579176897
399.16634188750777,132.30790302705523
534.9048960717276,129.27898965884623
1361.03041485653,453.5256941910041
606.5345252048921,187.32452796699937
673.2938007439827,184.64740820268344
692.3595605102729,202.2655680897664
851.3560317052054,233.78031636997068
531.0424217893528,136.5052579374751
348.9920933579835,130.85118963562064
1082.553922469397,336.317318780229
805.6640252872198,269.21267072407545
592.3658544324996,149.18373498862968
715.9284576481949,254.22901139788132
904.466003919563,326.89477300230016
767.608640533496,230.06344300014788
1114.6877811725496,389.75490286351487
594.7802946481625,187.78474189061373
989.6460495742567,292.6559723576965
731.6106873767001,234.71129028393355
1095.7306283790103,358.84543003760655
656.6500589968302,194.6890093666416
400.1573019429282,108.99474215392986
424.14549807397105,154.06140415736894
718.7912277155294,200.09540457526006
687.291945374362,288.08440378714397
623.1972947495275,238.31834119424005
799.9406891727087,248.68756798900142
796.2000225600846,219.98124481518906
669.7035595133035,239.27074748780592
681.8407418032159,291.67270387664627
759.8197956245652,189.84614496072518
832.4751206390273,190.4674556622464
651.9601308343337,211.80916752205403
998.9008887846892,351.4277662798824
363.8028583024467,119.46725649270203
806.2972955518871,275.1018335706272
545.4340620021592,162.35002279531884
1104.0124444113935,401.6637821871155
847.8305730719915,339.30617602319455
191.78566143209332,38.25915497153545
484.19883375432414,132.84271950191516
570.4162481959645,168.17659984195208
363.8365397097926,90.17100957277955
667.2788000818146,192.84726150079783
661.1944787819855,164.6541020940251
1110.9293793785819,323.7920354201072
550.9877130194463,108.92192942248491
569.3071007500495,150.55434543416106
527.8541017091105,173.71576845272094
934.9080862936976,270.225479812879
294.17371901170594,65.98860394182425
1293.6846589212246,444.3868870152211
440.46055265152944,96.2947756210643
908.5633873467684,329.7525376460449
295.68767694380733,67.52110993803147
479.63961393436455,105.09685024616907
612.9481297263734,145.74324137934713
632.1110753683346,198.72641344886623
592.7384356688998,189.37625200625146
908.5286417825994,353.1360865560984
268.2830531568451,66.78516489543787
458.08841886124947,111.96057961798331
447.1930305394709,99.88234384195779
418.89678224371914,145.3674894515291
777.2548840101904,203.5965924277746
950.89298325083,297.5729693932461
814.3850434966903,222.2774012788495
466.4852402554351,123.6539759070153
517.8524969151686,154.64592220088076
484.8394395523297,125.3381195624351
387.4860848756994,75.18404177120725
1277.159694335854,386.2891899923227
504.8030881500044,125.60843321094252
693.9876451809725,239.60697460975695
752.722388389441,238.04766477854196
793.9984103584593,210.01177121458426
639.5108082910783,178.6517600160846
736.0620524564017,175.34512319927435
279.77883839585274,69.34643421925672
726.8538534073359,206.90245692252776
927.8805047520921,292.8539394413724
882.885786412009,405.2468254714216
818.016854854641,267.76478891432174
604.3822933927656,140.17755305330394
462.0445109944743,143.54477523533453
955.3651183729417,473.79681890547477
881.4027189196931,312.23996877499457
1285.8904199603771,388.5197342362615
279.13337970850085,73.5671892211562
736.3197661577617,284.6719488971268
881.1584257891215,276.74241363194864
238.4939648457722,64.36947999015216
495.8201147515483,154.53310557644855
404.37013550714136,123.30196096476027
379.61398617843133,73.97000376647651
756.116039865004,200.01339447596192
322.7814552575629,83.11438649926073
655.7492613094927,171.74378768423242
1090.1746329815485,323.04840461191776
955.6950454542484,334.62779274811436
625.9286914046694,251.13215680465953
716.1942323299539,227.12976457630998
692.2076943768366,197.2226799047464
515.6196452926227,143.49701708549165
542.3183375951703,170.94420852208728
1012.7457587545748,407.12406694919133
429.7095230734438,84.77533687039949
646.2266948144563,186.47753506575947
480.6539681861492,133.68741946119928
1261.5258168031394,445.61552168285886
726.1609686281457,267.9644234667931
816.4518419739854,282.974442108656
687.0836325109472,180.74541358595695
358.01399018811924,98.89668156916328
918.5179000476201,296.6208187814698
488.671911720035,143.47164734879044
821.1684284688602,275.881167129279
675.7407364161129,187.24841394670244
701.5592996260107,261.9316583109447
363.2437634493007,105.61920906919784
498.5952599714809,137.71699024418567
305.2946809756274,74.56831935477577
405.4772396137524,95.36260371070802
437.1190167536897,124.03493765931532
965.9662838793425,352.6556597875451
630.5008782265663,123.08343365905777
741.8916501718534,257.80220712787445
626.4684927205413,154.5828892627188
769.8427530028181,222.9448493316198
568.0880218552537,135.0078372335523
479.1953032650748,173.67328257456003
811.7611305225386,276.1366346387023
533.744993875306,120.4065511867211
430.05128589138087,97.21112323767326
698.5100213923429,206.38586117683045
586.0628678491071,182.05820524515235
478.74309863167696,109.40751154560489
741.1990855727795,274.34298996890783
290.94959479323023,61.31468411933295
482.6433801287517,134.80639147173144
481.06803599475955,131.63314697230922
392.95745546223236,115.36513077185235
357.2012736028896,96.49993368788212
760.3816174969251,265.9409886077099
941.1387016446022,283.34565978812356
963.8345046666732,282.5151364331812
1393.6255942853431,432.12213195727327
717.4824952253985,216.64720430518798
384.7937931439652,95.63489330668747
1085.9262136325735,360.10389609204105
543.7189743292633,195.7412600508351
283.60832135678436,61.129267699403165
1300.4643406007417,382.87029449879384
743.0667166446915,261.3098511031124
424.73122773832637,112.4524016917238
436.4778219550814,113.25008288525311
198.59414777008635,71.93945692044896
554.1327310124635,181.00252915299478
459.4794267658717,134.65113446558598
444.38980837492284,163.71303552735523
1126.205668974601,390.63331064785393
1222.3816228171581,354.90206880426877
647.771208003516,190.50979392977322
792.5162024675988,259.9409422014546
1085.898925658486,323.6699438605335
732.133155477705,183.4682771939586
755.7128999318049,203.40519269204893
1122.3467620276724,341.35963834634134
1009.7025976993436,379.6080966679989
768.3445173478373,204.86845212703238
549.1577967617884,243.62680117780988
768.3805313890571,242.80442992311126
912.9718231061881,257.81311273679654
517.7145222234873,171.20057749731717
283.13775765028157,79.084777196643
541.036767137463,169.67720391748566
1095.5208752543856,315.07208827393316
628.3117342672131,210.24817197664711
519.9552817048648,194.7496108955395
452.11965730579027,94.84344037069157
590.6942582518911,196.09186973212118
632.1787142523765,157.58023063859324
375.97913039384645,96.38169787777622
639.0163360234653,211.102483689163
469.08941596102386,149.68011189878533
1073.3961084129858,311.9957825916497
291.4582848595816,71.02194898414723
1265.5087212411102,449.6475157016497
921.5306906196245,312.07165821134294
461.60335179835306,186.80509888694075
1149.9080216954667,359.90416492431433
1011.2477477937714,400.91559808217465
262.9691823216583,74.77502340743256
923.1676109664324,342.176671807528
638.7334566746257,242.64838777517718
842.2903035136494,265.25160185956634
863.1297493562628,308.1332355259699
570.0674978581862,181.16061006294322
655.6461938137082,156.26804135196596
971.0061816139853,315.15015163765645
882.0847747258354,277.138648844105
289.5240611148306,65.53381533446556
569.3453863949812,143.255796973017
767.6539384443439,235.05222655411322
652.8838727746936,195.73068666568048
1133.3747130190168,368.59922876546096
610.804513962163,217.92819647588996
1001.7975849142852,242.64139535594867
765.676930215569,220.8092713971544
637.6144641823105,184.68034299366056
1146.5053886111855,417.65567908986316
1011.0011645804304,347.59273630269877
800.0445517422309,303.3578809013425
1034.396905406365,376.2260647642109
611.877211592694,171.00296440781102
377.82914436761854,66.24825374194074
547.6890476996558,211.7218831716114
1219.3236584129038,362.78702579146506
596.5788823485316,209.71311999775241
694.6480664647092,180.85439005555588
1179.2873100417235,375.26372282441713
535.6213428369018,124.63928756779634
743.0867000677863,164.83935977577104
600.3252978379128,163.2563366380238
613.9293896546667,203.92677885806492
527.2301108320914,166.95797594429794
435.00629174540745,114.25756701053122
738.8399840509376,215.7444229358955
712.5505284575793,185.85069413790848
370.5965673814392,96.40923122830625
928.5850469022286,321.2593814304304
785.6255545268167,269.3666437996922
692.4514419548902,211.5690239494376
1166.4729414549365,399.2291681055026
442.23198795934684,114.35679954682735
700.3167889094625,227.14984640005954
905.8361945508963,299.36980867467435
1216.6572429783882,401.3360405059902
610.4152731588936,203.67573639780682
449.9496255797103,131.63512930615497
823.9028977539093,271.2439972372111
948.7623031172247,315.5509045985952
836.5062893156296,314.7418969927416
743.3557292779944,220.64323800905737
520.2267292003713,179.5190740155608
390.8217047974346,85.11567031364815
708.7976799585088,208.73809954916595
480.2002339020897,98.38898830645738
688.1939015813398,257.75611886259435
890.4149709837095,273.90432505413196
918.7352021926208,343.12092496489635
481.50125797852604,129.54790616192716
604.5711573608029,203.3516284472393
1225.53952708482,355.4175776551522
441.9508410804667,134.18069661738807
501.74103308548615,142.61788935511564
751.237484971966,206.42355911784028
564.7197308408647,195.01146455882576
405.89397923260145,110.54144718858187
796.0273588005448,272.3423696201475
506.7907050460134,162.3244467744695
723.2134295181996,199.5196856825266
996.2966172244562,286.2861613179793
434.3922319520783,120.88219468931618
607.9550893117513,252.37096921687657
419.8944051870889,136.82886167282902
1342.696219331264,384.64586526020054
955.9393504613481,335.86477831752194
557.0510445008845,169.25150240834444
553.1817589794725,165.28598701816296
701.7415368097057,231.48131219452512
761.7928053539326,232.41689369083656
643.364112827204,212.8259935593455
440.3563673970563,111.80406015004266
598.9508012988999,162.51724918319545
1152.4331896124606,362.0608643657777
116.01025465297761,18.00937965862988
389.9484826003901,129.6935286812219
596.9983442781604,223.06816872144114
374.2266541340845,82.95431044165426
678.3163937623262,228.4855510901036
1066.0026406946722,340.21469951843443
382.4538754178304,113.90618964920485
599.1349946436695,212.3804795633524
263.9054951075632,48.80381542659342
909.9718022006373,328.05529236807894
466.6102064100246,85.85076644044614
690.2439078684154,218.7730299338395
706.6561608810192,172.3620029850134
682.3437650694266,219.07158237723274
567.785622276055,165.0354277644458
677.8863591908217,215.41131701421975
475.67201957410794,122.01566258626679
628.0149568697047,200.1501256438926
1195.000416597619,353.3193539385174
1113.1865923683981,329.81519199320894
879.9371219483581,285.13762979458295
656.779027835136,214.18600468654006
731.8434528900866,234.41590948962613
636.6261389063385,204.14567874506423
810.9231272705069,201.27247911402876
416.15958110738836,140.13953231214134
259.42254042495307,63.05334319882306
1032.5948871220596,375.55643842391055
593.4229416227251,156.79799622317603
564.1521384767998,114.65351883855314
656.9101171206644,169.53402804250044
383.97319127057494,118.71090466817824
783.4822551802679,354.5999689679909
378.37587446383844,106.85884458208324
327.780536626353,79.23709101315454
780.2076589405392,209.52756719670666
369.01432700343474,102.6278168875522
441.49564388821875,115.63896562172013
201.43369431715712,26.87545384317409
1064.7775924999714,345.5826553954307
758.2908444726976,250.1580857151097
504.07311492342444,141.3208676216799
936.9868733797545,297.0741512140314
658.7294843379843,222.65191310757635
481.5442588843157,131.97013380722782
673.2378094813389,194.68256143146374
308.17634354798207,64.55393505154025
296.46419474662514,52.721384007018024
703.6313801427361,232.55907143292393
715.4071267814718,268.69719538757937
866.3057252644871,239.78931358091
1031.6471435321096,297.8220870470123
271.5398093253999,50.40886043808341
519.757778820406,164.9299062304677
829.3586592951799,272.29575497176523
807.5123617447089,202.9135418283892
138.7379289629964,43.034041661215234
416.6743291556872,99.94047287369317
332.7868440522675,80.779656027541
391.60941863590324,100.91986772977869
238.87035641620355,44.32623662975789
250.78265263528192,64.35926401053969
217.38065332470322,52.16512333304377
577.0652256260872,266.3707118038674
867.1497586720725,317.9266069681718
602.346462885399,190.17173798055046
266.66110796337796,66.56786288195413
928.8457991933421,277.20901746503034
147.87460680233036,35.38318080166717
433.23368832861036,111.93481257591739
485.3560651345497,147.06225950892465
618.6639813752361,190.14533149257505
1162.1573565230965,334.85203831371695
1184.7229121655937,383.89759757335503
719.6157294600121,230.11128494373358
1075.4335460604186,407.1355045058891
1190.4556946432767,410.8924715913771
825.0017742122412,221.0396594266586
858.9529876496467,209.15492405279005
651.3040675737323,202.58654331804738
540.8368432172773,195.33645818426697
497.6769802699767,147.1947495728126
823.1158162233536,294.2431621442591
1034.9010168580908,361.8324732097853
268.9208449832644,54.86326654484851
766.3092534143682,224.43701490090564
280.5382604637618,53.59819984974661
690.1085048731113,185.94166069942221
358.1737242402544,68.98000387030343
593.7847100624973,221.04809742719797
794.5791708829869,273.0371784812728
722.0967201253579,249.51880994352106
548.5121248413154,173.04636418624355
992.6543862068488,507.9962788527735
614.495843032615,182.66825492581242
1034.7942711231026,319.58238975578496
430.0638484562418,95.33137964095262
856.6117178826873,303.9542781135652
574.9013501032898,203.9937726294773
403.32493136237207,108.01539748359981
823.0748324983228,245.64394337329588
574.8098577004266,164.10433452920736
949.343018134723,338.1545132776498
504.2565404913371,125.79560857454855
733.527162283407,182.27322942765582
405.2270908772668,99.18555807926164
658.0625495864765,205.42162907804047
335.24077361962185,65.89090367237395
1050.2289065868717,337.32052645659667
320.7595762367405,88.5099069916234
779.8816340173194,224.26160687075506
366.6851857142848,87.6315032653926
281.16546595190783,56.69195224252428
1310.5682972342204,467.84938266409034
768.7414785603869,241.86843963497793
1120.708681585496,433.7656356981305
430.5388480070548,96.2056314005946
171.621652012156,53.89674662371363
490.43277917793995,148.2715541328837
708.4518400105394,219.8505145516957
1412.3728579347164,506.99559007378645
332.01770453154484,109.53875811753296
1026.0156000476686,367.6723485545845
860.4332252577196,426.0624823338674
888.681144209019,306.57916019519087
576.7670508267358,149.7946163770777
608.4327033232253,217.97988632411992
1017.1020623032434,321.9911207963022
645.268144376364,199.81390136763176
823.5599884642343,205.42681912223784
324.5593820005645,108.33329823979356
1181.1675961877895,370.7932316625225
304.106204649164,72.01791322881698
672.782947094364,235.54374976453516
678.7116584883606,237.1682966675271
808.8431481879746,308.54355022085537
612.2553801939301,180.45815546700732
388.78137614624876,78.99360114286918
613.447686902872,195.24441766122968
669.7858611118205,228.20695500419595
240.33043167470265,50.92953646100837
570.3369207724684,165.58242415382247
783.1455083910403,247.55312820690767
605.8527367615135,182.63880787378537
565.7881842365472,190.68157763850502
725.3474411568731,311.68418437210977
413.7391190343352,98.14859477514382
668.2243082845523,242.32722687055883
988.102269979164,355.0629658789972
408.81822404338254,104.75737301219289
556.8012852553244,158.18423136540935
952.8262624218687,302.26836499598056
533.7942230241129,180.00095478550253
464.82693448871703,127.7522241205197
799.5202062338791,245.12696684348293
832.309299718483,271.3224560577816
1179.9199637673676,404.3985487277318
656.5192384494248,236.40534726357387
504.55689671340076,168.75357939717196
648.109785380269,167.2192492122646
740.3758929325011,274.5306759962217
607.224618760479,161.92622752582872
851.1352167394527,245.25990033202268
1076.3495481352552,346.9750963949994
900.1468757756238,318.9783146322716
954.921030046723,307.2078900257511
668.020707550668,168.82864608559854
743.3536277388412,225.7751450717142
813.5918639096599,224.0288699424066
170.18945222997604,45.66594245886451
576.3908349225667,123.02613077819505
424.75872688132483,111.2077701397722
877.4669542208921,283.5129618081813
661.2917430385478,232.96980457204043
637.3178823037193,182.6087515471878
537.1379152771995,116.72699983750053
480.78067385495797,132.48696418961987
575.4204502727023,195.47853398644773
1204.5978375602224,381.9579665729455
1428.3783734045614,418.16600379878224
588.4870165908521,151.4938564728351
532.8229103931799,102.71915572195348
868.2450553475446,299.53461328409696
653.6525529887053,156.96292590581263
789.1629642627947,282.8661938044427
887.726080135763,263.51117398382416
672.710921241184,184.88642793493983
430.1720549201115,127.13640425495983
1154.307558488076,371.74197290578974
847.0765963754186,298.5974598145825
367.33247261918075,72.8204809363381
569.8509552066739,272.43862348813667
714.5353675426967,298.519794123203
232.8714381104769,73.67501945788352
886.6699560031179,284.51739450853586
1379.288784815389,399.5436127004656
1462.8544117723125,471.5714054673504
807.451311369928,285.6110289739358
669.7688038261651,289.1309229326487
559.4205009565967,155.35714433489466
818.6678753163847,310.9761392485819
1113.8734232124643,494.7889259474164
631.173275494292,163.93336407941442
170.1504906381291,39.994119025221245
457.0507566563502,100.94468378490991
885.0499054214305,310.2159775391779
1343.970230057872,381.06598410977625
598.9280812010329,224.45110476462568
1131.9704405433952,325.9220948221412
701.8290537421022,181.21685533252716
564.2631586970779,160.41914017604793
798.3122394190879,193.1829711648124
1474.8629092377746,479.98975520204016
549.0771395540671,149.71599961793416
646.8596018968094,204.92481834620244
941.2376405400439,277.13237777828033
659.2063931514737,221.63904162880596
238.38420784308812,46.20842225122037
1009.0974136903833,362.3543330106695
760.2645285711257,256.548633211914
711.9584249355621,210.87292473380816
323.6713162412256,85.78797885565324
735.2941246869038,318.95569160576076
546.1462860757808,190.28866310475613
1550.4140572177885,480.24528736864846
738.4977141377441,214.84687056328193
451.3309698239258,94.33071060287322
453.48844694903084,173.600766960691
573.6131764216133,146.22059410147722
609.091857238796,169.5083792614295
455.9251940310022,98.45120867063308
865.6461826576156,295.1957291655509
523.4577633272023,122.99633208710688
38.086388093025235,11.651800736197497
1047.0664007667376,412.99928665142454
431.89054624468747,112.13303858177673
736.9916437307131,201.21813252914245
861.877442490105,248.77190066805116
359.2615997055009,99.72527082311004
494.61554394461507,178.06213234340066
233.8803014304719,41.342898664044995
411.95223886022285,137.05200345075502
717.3623243371026,186.44719501332295
656.3526656920174,222.88472971954877
762.918422644148,238.40758519024493
656.83995905861,175.7025430810547
956.9886081059707,332.7069639336559
594.1799924220984,201.84369675044343
703.910696128776,210.91161299228904
663.8996760141952,172.03281377688796
203.1655132423371,38.27180546681894
687.5257861208704,210.28002866595946
570.350128156079,133.4301748908936
781.8834601341514,268.89129422265216
301.62013208043385,79.3934522528802
457.6515695691725,94.00040743127562
1120.159752323503,500.0186238597274
613.9390547311907,222.0414854358872
1221.10123885646,447.92403158491896
742.6876915241902,220.6355917319302
826.5034220013686,249.0258856755553
278.6281558814879,62.936926682605964
631.1297612923196,196.4725513296286
693.1040053766967,193.31780501925758
700.1174416642708,221.99195352766645
1231.6379138561601,359.4695124547661
307.86510827363816,104.89575397922489
600.7230914207599,199.68343392545822
1227.0507358156751,347.43555300855735
542.9684426837193,140.53683980212853
425.49630300227085,124.09940745327658
765.8333353584682,269.1895670567504
1119.3619961163604,404.73366517497
370.0490852313668,96.0306867508564
961.7224301736821,324.81467495956207
855.7322600471963,352.3834434484279
1071.6599327903718,348.89372461850525
625.046867047859,222.8494166147455
739.8276781487299,221.18499185038146
1206.2947822662754,430.457331676907
856.7941916546002,338.07749296096137
519.8908035060798,123.75008181163481
673.4923417271201,190.06790557253882
147.5498351418354,24.875641582113953
425.320375213563,109.62459113338922
530.4478436470451,148.68493544805494
1218.2261010570787,346.74725170837297
587.8014346985916,150.973024048545
806.6765363052198,274.53351249916625
658.2668843789124,237.236101164647
902.3918737943006,276.2771373571307
951.495121925013,341.11032029668087
1164.4082055638878,318.4471379927672
342.8768289798007,87.40014722407533
148.99177207288375,33.158223346762
388.691917285717,126.89822131055563
1783.202318731397,571.5698012406823
814.6673866375774,260.4885253503728
339.44252969552963,107.59979355929457
1121.0246146864615,379.5970409027656
298.31634108718805,78.07046007315272
1014.2945838857574,316.3926730843394
812.9834708051512,312.5387790459891
730.7086490045601,254.89623898983254
602.7429299140525,184.2419379979407
298.0408767963327,50.817096320538965
498.31561616188753,157.27782054832755
525.8204841622867,128.00046551142898
1277.428585373708,404.2127747480508
1248.4698111559508,364.46358093730083
195.50768350765014,39.73370321484369
1190.6707120268707,363.49251467607803
610.082625282137,183.73661130746666
717.540164447179,241.86068312962743
887.1397106206881,285.70399726836933
1295.0858184811507,451.9061920673466
583.8118941930795,240.09476488535296
589.9880186769319,168.38765775865036
1428.4046980033768,443.7885799353346
649.7444700545598,215.2520892983942
598.8564427323972,311.73962357420857
613.6398140826097,181.07571374531662
635.6920116040388,144.02880955347266
961.5286456464426,450.89324542183516
274.50811615884015,70.9459833748142
531.6709458631444,177.91739999671574
1179.8916449920607,413.7942740253564
601.428584496114,176.14561506358848
489.57831698650057,163.09158944077285
362.50175403329416,109.31320000378574
409.90487933796015,132.96622639175447
388.16917349467246,122.93860765443273
709.2161869731085,204.3094406711662
823.6329363486363,288.576318456892
327.6876387239411,72.01275730712028
729.1934522453732,216.7046952175762
1228.9993723585667,367.3913142703054
764.3412879606832,355.06047894096184
382.935359390343,120.8089885642728
688.0759689108038,193.97153213910036
284.3637717070937,78.98950265736366
1011.9884311675,303.8981823829938
1222.8669026225402,353.8991664423102
1037.524695477387,331.62810495123665
656.1392494420531,246.29925715431955
688.3909387400643,214.29704450681442
1050.5631150188522,342.67583062338383
407.5709020119979,166.64406250678184
762.6395826737637,229.47756752295274
894.1284453281987,282.2944004535662
99.17658999697231,17.878283690726338
1050.8165430473232,390.63560864201526
625.7734632178492,210.57912905756083
363.5344973674161,84.7658908204908
703.3779155872487,215.37499965477892
280.50171220084695,62.171608667559425
248.52189688474323,40.24394647025723
997.3645679936478,289.13696938085536
701.98637641128,183.11441780788297
616.4039582786128,212.3833174051706
447.6767020806334,120.54672588690408
477.23257169992445,136.64355170032027
798.2869182092106,267.6775900390702
253.78223867791186,55.38336567910458
809.042131093326,250.98496610633285
558.475046546717,206.0768716772983
1039.108488295523,293.3845442374775
691.4945488162409,229.24358967904473
657.1924727226744,211.20968139055404
555.7883519011248,152.37897065846715
279.74912151628587,66.34620411686
1004.3853153425891,294.5828796460587
876.7911449774383,247.62269484256234
644.988523860022,189.47687908104237
532.2530403387036,162.28535777096639
740.7014715546125,204.8957293600114
746.3053289133679,200.88153053471
254.49886015503182,80.84468613119289
407.13118870799667,128.5917922056936
730.0825205127629,227.04967756020235
1006.7464506698227,321.9152322594761
932.671169775447,289.1024152259082
1005.998172849351,278.96486537320595
837.1698448521367,282.8964179184406
588.4374258123484,219.01431174299069
1026.0774219927232,440.96422694452303
229.48265501572416,39.26820402358086
875.459913841628,263.80140053605885
714.5524278851319,236.72523551583484
551.1790353199974,163.10771882769953
817.126880069527,240.79260344791626
738.8380359809441,241.7576352742182
621.731638316372,249.08685958850197
890.9738938749908,287.6847713269365
708.5684696928539,244.94327706271457
1153.0969821167919,334.7434928620413
442.4562063982761,97.60780792204994
798.5941860417236,251.53812650267477
1006.7120642132386,290.5941799083061
721.9359143371587,176.0298828862671
635.8135592668621,176.55354391486335
557.8063148071432,181.85235121195117
457.3623158331068,98.78197908945114
252.5282167367786,45.06545564753554
512.4632451110054,159.1664608165258
898.9773127672572,301.8003351366769
330.6356706958419,79.29217056074724
575.3296586920039,193.9581795516941
819.6154522566051,320.38691075571495
642.3436826343238,201.33923474700475
689.0995456781073,194.30360438975993
205.01163778970516,29.386054254251516
441.3395546013368,94.72636220791162
793.1854590613699,187.64779647989582
1052.4626704200386,366.29716951314725
675.3327850605,201.36308159950758
292.73837818656534,72.44826885233377
259.86673313217443,83.43763088118143
674.7983406445362,220.18383968428694
873.0362899186657,452.36926717620116
738.3647372505754,269.6504380918049
522.7421782589535,171.25385805019422
744.1594418713505,284.40216636888243
345.8846739768505,79.42135194948742
129.5686562324997,37.750302916296924
922.4727889560943,276.0105876508868
825.0306857518697,272.6435040589116
1169.5410743822395,455.9020769959208
780.314695550582,288.4406676677926
201.1249818431872,69.69372789202912
848.0977821547551,231.4986146059399
1290.72997029395,412.3585619342268
561.7383088408272,165.54408094837967
1313.6088103993238,397.05951098383656
355.3329824368568,75.38076462319249
671.8774045392213,210.0669296061742
719.1502477161062,248.03460000798034
866.1762991970885,263.4470505696276
366.16521988634656,77.64423745797428
814.9052883488348,247.93138855182727
439.4170697678968,99.025167246311
467.8819788697672,160.46075090567442
482.347217203153,157.89296185863364
1102.4309324331957,320.4476745554676
153.69607309877506,26.946042733453123
1562.1554571806296,453.808483006501
954.4491637975361,307.86652597419527
359.7071797589913,120.79502321251647
486.13903493908055,168.2988359084592
992.7611211978976,358.81297887116057
597.1184098526342,169.27258801156827
673.7760786918273,228.8229492270639
336.4086111274431,91.10528907960843
921.3354875039494,297.79045579157423
1250.026917863503,486.5011992511291
518.316501173969,181.0836905080145
856.0222300632176,271.8976665244632
426.28776212721016,113.23877992424933
1287.5270742319085,375.5802724752525
1041.9063325971115,364.6420350740149
720.8472191781809,235.24915967644648
1074.5085373279908,377.0647912840059
916.2558113217392,301.3071238682241
432.6571777166137,138.52276926811473
701.3209100574304,248.76456132450951
1025.1275797798617,331.9949029676366
562.0506694727669,150.05890612742064
501.48226851281277,160.5603553584741
718.5478449112034,253.33106849520954
991.431085495311,300.31736944834
1039.3860465560642,294.1963634141274
224.3890937015149,37.91146773474646
435.2568675206054,115.5655987115402
704.9016098231441,254.4280274825358
973.3422294030186,297.6829693957372
806.5932003114335,258.3405161849169
658.8096800162268,261.0118942403062
836.4272009226593,314.630081815634
397.79302827414733,131.8621855197061
1018.9694809241568,318.460197310328
632.3657635369191,148.35266826296711
984.1673282936806,333.7450396592113
1356.4528174544862,471.1043739718706
352.5694833687831,102.83748620112344
331.45740513038555,76.28924794479109
922.242403024225,306.2281021247467
573.8560830141976,143.98938860099486
775.5062283551863,283.6701843982477
451.4326726893039,136.15299312613863
753.4790433202074,222.44097808598326
767.0782329441297,219.39717985378292
628.6731764912137,177.3840819294836
829.5395902159423,298.2769125457323
965.1472579204586,269.21005007092737
969.4188426448343,372.61058088485953
246.0138524168034,58.392761060916236
500.9377113327573,120.31306981892986
748.2856284029829,202.9355513796851
686.9965799557657,211.35320392719626
696.61770775127,213.64626561697662
1115.2274620514106,385.33908780771253
738.0694362390777,251.47609899986983
429.3377020318205,123.20939812328284
469.6079893065332,138.346296525892
375.33033817031594,64.04848576075014
995.4240733332833,257.92993611266434
367.60726598430404,105.77670531319438
554.5633531673866,179.5392030134549
609.4538482623149,153.83894694616563
468.08390772728353,113.03782589404948
920.1610013657894,282.05641975423276
394.77427924826,131.8667379531723
863.4826727524496,272.6447995725161
850.7228525293236,217.5089265416577
525.6366725327482,99.8586123783126
1569.6349093785468,466.17506168311746
457.41169932955484,111.77679275167203
977.0655382277006,325.74919785686365
1283.1105935635546,375.3379294024661
899.7206741768487,266.9554504775976
551.386494713864,172.77935077880815
341.82178304392335,83.15944002388594
961.5591674436494,312.5551348753415
897.097598145391,311.27027029948425
1098.0605565668336,338.1446695793761
484.45805504490033,127.70238756111452
611.2655556914588,164.0824118989331
494.1351643024239,156.62200131105254
387.03922074484365,139.05300905394247
674.6865202557909,197.04336203974435
1211.625999730485,421.6516255149577
250.38318823710256,46.677600466077074
506.35303720034096,135.73642261589885
206.61737077231984,52.4674938173409
569.311534949831,179.53111023578728
106.20934057448409,15.62337834778902
322.4938768751562,78.57674654849998
306.79542389937353,80.03549995540334
513.1113622980224,117.66952388732001
695.933240122548,218.9518815335973
1240.1366210574392,366.78055681582447
463.33375417364346,116.30658224230311
1091.2036189059072,317.6209512701619
423.07180124066406,106.16566333207801
951.9377422830551,305.736941158081
1009.7485598513584,292.63024490923704
1345.805401063013,404.9617639879922
272.7200824634909,56.86068076998256
948.1583976276488,324.3726552343276
458.7077361716473,165.79265830441653
637.3433911472375,184.49965413699513
666.0054547890429,215.14441622147027
875.8014409245142,303.6206546849538
511.1566394203142,115.50419613966217
807.9760217499456,281.7448009047178
862.2579211714736,237.54830757674293
165.77841358158727,30.962051877628763
1224.090885033766,439.79231795470787
343.15962129570056,78.33449011993127
623.8647506210335,155.8988546185873
781.702230231417,226.09790374387228
716.7384956639233,239.45347417965826
124.23380722036099,14.963019636605217
1038.2982240331366,299.393955469219
713.2990250259145,320.9533725304494
752.6646345034342,226.12950046132607
606.6552708590535,198.7282161855369
697.9895345711325,239.52528646752913
732.3391819930011,229.9497136514018
434.8181251747564,106.57698760779415
599.587254040785,178.94127564506832
1228.981915894064,389.77800200293564
886.4985327808743,266.4165728125834
761.26650315554,256.48323137367555
133.1658289044503,20.264998563944435
906.6281088600183,336.41589539635197
720.1843374776008,228.9527678721283
618.1815188415711,161.4777202236025
568.0740313217982,182.0988830256152
1002.8627741909418,289.9123031480942
600.6309766243598,186.9329774608882
369.30869429272104,90.27059807883667
360.0247768425257,98.72402758261626
731.0574186111435,304.1842080355704
1021.6977628954256,335.2692513462848
644.6642474293033,172.08578385883558
531.5517141480484,125.43532747849669
783.9411554133915,290.3727389103777
184.81450903173504,31.79517735768176
523.7808719441005,175.46209952747546
913.663954478822,268.5422033018684
744.6869819024255,201.59811291991053
550.7413573583177,153.27001597708426
1351.805164681507,400.34694493556447
774.1506208758135,227.97178809090278
1288.0182366931454,495.75659642658655
674.6025993301528,292.2267636012713
799.7220964156447,265.32955372002635
558.6618765494247,200.71138775348246
422.8206069091703,142.16036624502357
764.6534266687925,235.89545761003112
942.1458632782867,322.89474964727617
297.09375360467664,77.11463998092792
124.68112416975401,28.930339410503244
647.1664735125269,189.2609009796183
627.988669769116,219.7869152933266
251.25485508067885,68.733239759327
810.3764547381529,244.88541969636483
539.9374108351309,153.20155161983143
1624.2802105733736,464.123392537015
417.28212158566674,125.94896739911084
296.0418764254542,73.35742003127268
338.82874437927853,77.64140104748894
158.95454243381903,28.522038554997977
281.52731502964014,97.99855730049265
251.23078737449393,49.225293809938876
463.32535733164895,129.0661657510968
903.4054139044546,264.9204331823563
644.8239696798175,189.68384622716567
785.9815243278056,275.4063227848659
906.7251668990468,302.3838291556031
1468.9571893194125,503.2089890857183
1182.7421476749923,345.38379680125485
497.59828065802697,170.51775851083752
656.7530467570969,187.6061404149272
675.1719831933974,185.65599039016317
791.5939668269147,208.2198792054204
1406.6892285144368,431.755236819687
578.2174338512525,163.4800968655733
750.840752398936,224.47339678617698
937.0612583487048,249.73701238803142
819.2541683927858,273.2343072308637
845.1311682676476,310.99082230632064
236.7763630848146,51.12328058218171
745.3686601284908,197.73304585939522
697.1448816284372,186.33805445579134
689.2787264649637,199.99893198873875
429.7478628648855,159.07019836218038
622.8416752850405,214.53249804309445
622.9559852991996,262.9061594307592
709.5010330048939,248.58243916550722
512.020030479412,172.3046306537479
319.8311862561851,78.8786462105306
777.4271011294144,320.89284529331354
210.9826260470458,52.292213561055235
335.8991757330382,102.29346505729946
943.829717506095,312.61806544013194
338.3210023961043,78.69597076343868
222.49852365981621,66.7005173206092
315.59400777996973,62.36035575207846
370.54485191486594,125.62671356851706
785.5239038954646,260.92550803755813
903.0119910101271,347.0809361640224
980.5155644287802,393.1488096648596
592.6395244746728,169.3577520648777
729.9989953581205,219.98431786176278
279.14349122993565,88.91232667955276
789.5429572913364,210.52041952079773
209.03797573623837,67.67070720115865
1175.4327356574788,419.97105947616575
934.7174945366917,307.87115888394953
1084.6312092898297,388.2580408708359
581.6037363393345,192.4286064117709
280.74128694809235,89.18903405098003
661.4530467314596,242.42879785659773
974.838968394326,323.8756394485282
944.0417417267511,251.2860884234953
1015.2549186670014,304.2313703229499
311.84496057209475,77.71114149234175
903.6800737647322,324.7116765567346
858.4837854295228,238.2341505556045
785.6700639211101,248.55634804195685
989.8489715536128,329.5424826253165
1030.9079561975266,359.45886120541195
970.5437323030894,303.28318171987644
671.1100589888968,255.40414383899787
738.1814886976501,168.63058036938273
396.35178683134666,122.6107263016817
139.58060674226576,28.137737609578135
860.5592030878936,267.93314252312416
582.7196821137024,163.80108460434414
485.39361894640604,167.51812508522372
1045.6585777196883,424.0625014075121
573.8189792360823,200.31187433744293
188.22707661887588,43.580252331975764
608.6445187483328,232.9373522644644
1036.4534186513615,401.74650657418414
591.7332599537855,179.55896006008754
805.972021107618,442.91949628017886
509.1416641511904,121.10639209596424
352.48662940202155,58.21345587924621
772.7408905246232,222.91385918884728
1131.157055466399,323.1451742566555
430.5978440604996,127.52727747908055
845.569205246572,272.74339931067937
335.9685867781965,78.07393845969932
440.7009873538226,125.73148820027505
875.3723560127025,319.7903775606148
1366.3670667698193,465.8625011381697
1124.6630233035298,368.51736126494114
729.2909696454327,223.78503609239246
1084.6923825887964,427.9885256029532
898.6066278773576,274.78422059609727
910.147627922165,268.24853497060093
250.16142378585994,60.252502866106965
866.965267203583,296.5423635191355
1049.7000997634361,317.46907012940704
943.3159045930254,323.2290447906999
726.8010181565235,201.1266846093996
531.7177077242787,154.46315240577727
669.0426431144681,188.01175536051994
578.3415798640292,200.43044934852048
407.8542787022043,109.23094208940898
277.8132069750442,70.07402881739633
847.6123026457575,260.9388032544155
495.6648601439875,186.62515353890103
950.7792036256844,317.73213649224937
810.5650784203291,263.16115652420876
1018.6046316345102,359.11781738752956
624.3894816974612,160.3137958986924
760.5353005938746,274.05851236234383
949.7112952657055,308.00420784512545
722.2213260924249,259.1289924553705
760.9985670478176,213.24756110610875
742.2269450806602,220.59209744314083
868.2596687764602,233.98178186018873
455.1582524741122,115.70846627973505
680.5667590008729,227.54227838687362
262.2079219368063,60.99913639466558
816.4715780483955,308.73249886631226
487.9011243779814,118.6450255298168
983.1850141516995,385.5591146845777
981.5363236981967,328.7701050666123
967.4616911005674,256.89645196608205
763.2109209681001,242.09965631763376
386.12776007444427,145.4149388527974
1233.9313116391188,408.9318296633696
349.1465924479107,117.56383146464223
520.5185476718907,193.7005340438956
699.5494716229991,232.0555708658617
793.3509809198865,253.1618251465124
804.1572236910675,232.23634320294445
838.5366344240952,280.4448430630537
891.488742811596,253.4213010034952
613.3626353822742,157.6238982719421
399.30665229056825,102.93654403338442
1147.8184117196713,353.19949952539235
383.5823027803597,126.47174439908639
733.5385884867242,243.9805008362184
960.748645229754,332.8276177338759
209.05727887461617,46.78237974399357
682.5758738398636,192.7275848468914
1002.3108765523478,317.9172854309064
1121.8035227154653,319.96445143467054
1229.5960395642055,356.3604921592242
683.6002078057304,223.3108637937745
566.7095221282984,167.7687837091127
567.6965440254734,152.4966704429526
574.9207891050685,150.01509732636393
654.218515422321,235.69053463395014
807.4581476719854,274.85511107146493
282.56192114694113,53.19512077694671
319.36581660074523,63.84571115170594
666.839876828122,200.91035177940165
854.2127444425894,287.0962046588593
649.5678724146366,194.79922159264282
1020.6016709370762,335.6689660684166
1212.6689024170514,434.3108468029319
469.2242375000952,129.639623329802
323.8262349457658,97.56517061336643
1051.7200821108224,343.5449387624561
598.0259313662294,195.83083490874066
398.07021268272763,101.07178436492869
277.0633402183252,56.66944277548402
86.02803776645997,17.125205560333303
553.7667950485411,135.02404153081568
455.8292503905325,101.27654448204306
206.57664542747125,38.30778186000805
784.5697406652316,217.8282308176525
754.5112554070791,222.884512337953
656.5244155761615,177.7527096896392
699.650142633686,203.56713778162938
749.1647155184296,233.23087248533346
1056.7556425900011,440.9879941612739
1132.3664957422106,383.06376519445786
445.49933741435365,116.83746879185063
322.19639350695365,90.20866377240928
860.7873618432245,252.1727590116547
1255.734208507913,507.11158476270145
412.64655691403607,102.16283787726805
512.5107173858459,137.21761122269524
721.9416293601462,185.18697551027861
727.4384524878301,275.0032604717379
799.3178557222343,272.57044276586385
312.8560422188925,85.2331366053291
310.0521777605523,77.7646305625766
364.52452979209875,93.82682869604069
523.6988562795526,183.86039171297776
321.8644671271733,77.36964822414257
355.97303284561093,114.20900747293469
223.48809590982643,70.85874124371689
950.0254689888988,240.93080660725659
247.16082953401056,57.26694894801362
431.2089535308245,144.59661771408818
681.3462120253727,216.43619828946143
898.2376733494054,245.37514461903527
326.99824132060326,78.97999379544966
1640.0026190523863,476.5076552084304
566.9579822360323,125.83236316013699
457.2865081676638,115.24162931063077
348.9189826558588,93.1573175309277
926.4903493597255,262.6806636667944
570.5305424773021,188.81670589524725
351.7368710015623,83.52324263040252
758.6745292615153,187.3915549439791
275.61191187214473,52.11481791088374
428.62581732144247,117.92394275771177
786.1009994210589,239.63730813354465
750.6190796339721,205.56033224065328
575.1349315641033,147.77807427303765
590.5328027126849,161.72214295289496
456.39100131473583,103.01366701528619
683.3491303049591,185.44601105186152
749.3538053092499,211.24786253649341
1446.2743966177334,410.36015853872385
669.0058422501037,216.02381133762879
599.1624743136015,142.70993303432851
743.1876894252986,223.08123448016545
879.6856317199724,305.6367831727599
536.682581659168,201.2688227245013
709.9727272249429,216.59213491705216
1213.7766587838528,393.04258078038174
772.0629706349541,260.2544086675335
513.6257218130545,156.7727686004785
863.6988312917897,253.10906331956582
958.8745587608821,275.54042082606304
152.7422290597247,31.980316238582564
1008.079190824802,299.5289276568875
668.3494948328728,217.26356950085076
479.31617639666405,114.11202920235242
574.8976848361962,201.61383762898845
769.8709676689764,245.29887236762673
398.90927291518426,89.80297757651654
1094.093018966887,321.0361439295975
499.2576045699085,119.72217930341118
751.7210614865743,208.0907322102233
967.325779814546,333.150127910968
456.2950148744555,167.81284089036578
743.5860518370346,188.46709464959983
680.7402395299341,235.82108913445353
798.6594864162159,209.96848220530796
616.6556638151253,165.98344029289453
559.3560769102437,149.96541220893187
804.4645386734285,293.94876372449494
708.7953217202758,158.94763549718283
549.9432332712684,160.0626990766987
1050.0295482140054,370.01117101468475
77.87651326261422,10.773055259472258
982.5623512581019,382.29229984775503
678.168309915904,235.2282132028081
1357.250501035108,423.2147346181059
417.57882598951267,119.8986461392401
908.2960464407785,410.9725768011729
641.4713206609624,201.4473315990555
580.0486605123097,157.76342156752915
783.3035590884733,259.3821234951675
621.3940237402529,202.70355636473417
1065.4512423373017,354.5420222197242
978.2279381693436,290.3482201213322
1490.5168902687653,480.3146379171583
588.3002736287068,184.32330924878346
191.64346093396694,27.97885490791635
666.7467933394057,216.79074456142084
910.2173555007527,299.7283701526295
403.1629308127653,115.67744616874009
782.479855378326,259.1331764243304
470.9690874942885,134.59920321729854
578.9439571342557,190.45509013054718
654.8335965542209,171.21874914925
1008.8226429344941,321.2085045119856
536.8835921105125,200.5654638634378
952.9910291879396,292.3402856053109
575.7551993476109,157.4926156309318
634.7521590648824,275.6397580657661
573.2178031191637,171.0669562613341
352.5731207870777,83.29008587710317
745.1226783600762,329.0618657549639
711.2417171002685,198.78546261071588
313.67410944224366,70.39981517978002
419.3931490171001,107.29289674436386
930.1327838216448,284.15585794740554
634.5916333405081,216.04811253684016
771.0878374164292,239.0662283716208
853.4808040701629,289.25495961434007
485.2216695603441,180.7759906709807
549.7103025232351,138.2006655627991
706.4390416023296,215.0717255218562
449.4096016784883,100.67835359134841
559.1098081559381,151.58855262042516
253.16832992461687,58.77485156812541
665.9445863239678,214.0434091277159
456.8150171533986,116.85825651897602
752.1301771987464,254.30368833158158
275.3682461984278,58.70870101283836
1076.4250775848398,304.4490312041561
312.2206959804202,100.22968737608007
587.9108034826304,266.35589089606367
475.2967135332748,108.84153719737554
971.9979071284306,322.5519424947166
559.1475008848224,160.66792794734656
204.5252608976249,40.418644133619345
451.3751336686446,85.42732161310306
625.8572336435956,171.67398758984393
990.5601845478161,330.71720991933427
555.3316258877231,126.55570681440453
622.1343092255601,170.3443303439097
281.83592791775277,76.29271780016322
339.97830373809904,61.13030055645802
325.4883481526492,92.83146040078061
284.00806245919347,60.59669035070647
739.5722160443225,184.51278954702468
615.2729239851024,170.63793791706124
154.45209370595978,40.292524327138494
650.0859522828945,148.89967857332186
237.3311317784444,73.88784783009145
1150.1037786805919,414.46052411426894
786.71936905192,233.95292718404775
1216.6448203614277,388.0889536069567
489.71170997701904,143.41687436816747
819.1911157084312,215.65431622203982
661.7957029320155,200.49114765368313
1294.8801573480039,379.57072072231364
715.1223021248073,324.1462853937403
1085.8378776509812,388.48248846476145
891.8739417179736,319.3039199328026
596.6133042107678,192.6600821673042
543.3892582727207,117.75221770868579
746.5225379894969,197.4735010965113
613.7830390438515,157.5045592369527
312.4870400933062,101.99611427387134
793.5781964254238,270.98851879446505
830.6427079730951,276.01876087482316
707.5457439881482,179.7169937511124
875.637442841736,282.124535473708
586.936281384883,213.4407298374823
777.8499734671891,216.8591777143928
893.6139867643944,318.97028068385185
782.6208472740764,277.5992750367177
461.9153618462168,101.01385846404018
959.2119668197081,336.502036766044
701.4106481301656,218.04853577532302
665.4385464172024,188.3923986858963
822.4403085620277,218.93176022095273
683.4013804625151,157.3908074818824
518.1921911029922,183.1390762210774
897.3504279230214,267.29286133680296
329.4483047597501,78.24571609851692
294.8239805850102,95.94860919674727
939.7190251411744,323.011258253009
1112.8821358538885,416.10724550765394
623.5421770630941,177.87039442894027
446.3904413978236,96.01565243734369
978.0622143143383,306.3448219987214
900.7455556625819,247.15573587117075
1292.7164155298465,425.49535290603274
706.9982582686944,179.69296700714207
946.0206512599835,265.9487999567102
824.1885066845266,262.819869304679
1030.5628681141686,289.4542143523054
345.7793517028566,81.87694107174437
821.7705404657447,347.81992019552604
600.4018562333838,210.11998705892947
362.3691958365996,98.75259231255971
539.0646625550935,166.13260367241548
673.2653676395512,219.72410031893318
576.2487417255404,188.5416671015258
454.1798138346783,96.9600676763319
578.3769106618712,164.84328188146605
820.6074706377542,269.9948024946138
935.6069013058415,286.7667303200714
784.8128648921846,264.7068762634672
767.7087942126533,253.99231582078392
608.8909567768743,286.6959984944614
990.9350522220464,512.8587209504324
559.0252461692114,206.99512926730608
1304.203268829569,384.97600308587477
957.9861424583862,320.62208288634355
482.43202960970376,163.3005742784435
412.37132558429636,120.43981938739655
408.63232125111824,96.87296713303755
528.4095196938265,170.26211708147028
1054.755085066446,356.09063235841677
1256.7611116602438,488.62908268650773
506.66863351789226,140.93407097446797
917.0289566670042,360.064031190119
1404.6470082226065,415.44654578571414
1021.5610747151086,315.029235909566
894.7873337410939,245.95452617253977
693.0323205264295,169.21186360977674
923.6862707534775,274.9342306414142
940.3186795340591,291.89471332062146
535.3350798596402,130.03201470352238
702.3106908853395,253.81679250371192
586.1542714308057,141.54279270414924
732.4751459296818,233.620395386621
760.4355284328335,274.3444229530902
381.7355971906517,84.52913873493819
777.8864943630922,254.27817385142777
997.3339890045894,387.3088513165896
779.2790832023513,215.226938407725
1113.572092992392,319.4389656064587
554.3949709958374,165.41804161159527
245.34099424630608,77.83411878298577
823.3610175465284,235.87515224160617
485.7121271483348,102.22013694281617
517.3558564221446,177.46995229965418
186.28998233620365,46.399999417350706
560.2517406456363,130.26806861095048
603.8329849550624,146.23066813467668
1117.0286849319418,558.4206556418687
501.83100535382493,133.20139853947958
830.6712001308287,293.23893365794027
1041.675443182112,375.64331994648165
1089.169211613366,525.318675808933
1151.5047209345648,429.3376841072635
824.0871287428981,222.98951849130708
555.468070102642,127.22149702115627
350.6655370891131,78.07834101467844
522.5600254608132,146.9708638145001
245.71010059647264,54.460787028761445
336.4053179085745,77.25035084040559
477.7263752466854,130.6799265909461
1249.7458214270728,371.72024947769467
1005.248762270759,313.4410567964997
171.12412937312675,21.677396489501966
479.6769887150437,123.54152517501473
1307.8748339370286,413.8287353313825
892.7408179818137,297.3389430181693
515.2354033644853,113.77033236186757
227.22426663637356,73.80461406270169
725.6021105335838,298.2211640816346
507.53357751695467,156.0262140693627
681.2902731533574,199.65695291569915
769.2336696465799,248.0667568132478
589.7865268881476,195.33426982185244
647.8956013442503,219.28437800684674
529.2185353778747,96.61870390009122
1113.7587335998955,369.65038461441316
1284.9175142092872,368.5921936093482
385.9334435877572,92.46904416683186
1005.966213879595,308.5754634097875
491.15421169524876,110.60127810541886
1002.1736101262945,331.28618326223386
794.7547730460885,248.47273735885827
742.0341534875628,216.66958616710815
381.16185441169466,88.67130129601264
454.5245995639844,109.09284710000978
753.5671586792839,316.654011536426
620.7037592780902,172.48305984413747
704.8797781349401,248.7789066611558
940.2267515788546,245.2055709331096
429.73774078175006,116.89057468232106
571.1190479774612,171.25931612495486
694.3107780559496,210.09913574660064
424.87708781996236,94.97864664352065
448.871081171239,113.48296943180696
919.3690401098328,259.63466605197016
326.98043104494104,63.65890978169107
1169.3614785586255,338.28068669145887
437.80033777243955,91.30104330452892
1200.8509335411054,363.2958585558269
340.6740954266621,87.19714249916271
644.2024017974798,227.81120604704202
409.97797357895934,138.8575289705285
344.29895166797127,118.47452683530551
501.45157373024256,131.1310182487927
1143.660528124678,358.3519891644437
1013.0404861740769,352.2080182756486
304.78506077825347,97.28248549946741
517.7684836201743,145.16130651036323
470.05158893928086,160.37943443640157
969.2320093696076,345.1951040393782
201.97536164732486,63.262118936394444
837.0568673558819,262.75664068581796
138.6412699748238,43.6324967574443
690.8774424461103,248.6876011261267
765.7214315028857,225.5380564601609
741.9926493033489,218.28932964130834
893.3449818153483,267.7033117763283
837.6650142102626,239.4025391959677
791.2066875386103,206.39577482224476
651.5888616529379,182.74967055067154
1053.9117387312194,341.5741961369242
1046.773748295043,364.28270287430564
483.55122141663276,166.41143930115618
428.24979979013045,146.77539278780898
511.50299181908736,149.48408511248505
351.224189628113,104.88054924370864
624.5658969819251,227.79837545117434
1121.873749036713,401.7882156419782
526.3438279294073,180.06277843113185
1050.6852230139677,296.40600159186624
939.2823883566052,273.7452323979076
1158.2593075084833,362.5697362422737
685.7987576760577,207.4391461905441
1347.824024784788,398.961740992276
362.2920097596282,118.21365024643016
730.8504159696577,214.74661217700663
727.0871369020988,236.73522758905096
903.5942559113281,306.8356175996903
690.6478977789012,200.0437318350947
851.6304903249027,306.39366638669526
885.7814540818235,281.7736702578261
1069.9936277964603,452.78136078020697
1091.9458539350728,374.5499063194722
914.9615767371531,420.27737662866195
1177.2123192733525,410.3618299413604
490.58419138421414,114.95798860826636
1120.3711289058435,341.20020779583314
1098.4244673074656,378.101445491649
1317.9490792416705,460.86868700030107
687.8449319787404,325.8718179904472
877.7746726111776,316.32252036859995
1104.68750893639,320.18428400276565
603.9058007932257,170.1845232777225
902.6922742907931,279.83428216074867
1045.910864242717,323.97684573971657
896.3442897977147,338.52434783253705
1136.7639727838177,345.04251218967033
1101.9312737167727,413.79818154528215
396.0094363228733,134.21549946305467
263.4095728337063,51.606488117321874
765.2622235632153,193.54873673073917
272.6687827586208,74.35409541547733
542.0226138464852,189.4882381333236
1000.4736284262334,333.08943636310414
207.4926932812019,35.915962419337454
571.302538538205,178.0417268181228
749.4408736536082,226.46960782793485
635.1096137804966,190.61582414692418
1012.155735665121,342.98990504836445
585.0843085498243,209.997534678713
225.57657162839124,53.80508523025222
1416.4987601013,428.07816645212756
461.3515781678564,129.52824542790043
634.5706864975949,188.56097988923455
848.9806209544511,372.6740799323313
519.0090386811439,144.05119629220167
391.97823393502773,100.56073680051834
847.6831042070132,205.78264573479476
1446.6946412944294,426.2405202363918
423.8433821067239,182.8656959226737
1271.0427228020487,395.5747052387358
692.8009463029939,260.4117457262284
748.3863042824019,263.13630778870436
678.6707653391198,224.93036364747746
321.15675694202434,74.46031017857608
491.7565508269437,164.18346971108207
419.54886359326974,106.08178550408394
582.2025754641446,179.8317741709686
589.5872986515906,180.04388565937634
242.9413963664032,50.039984433298365
647.7857897777446,208.94800390675115
459.82862503719366,121.09778641630909
836.7419527093082,220.44128265917067
1256.6035020696236,370.42357619177767
844.9839237852151,244.89879911297515
551.4308383946453,144.75693949302513
852.4348466744698,316.41895384165593
459.8544287518092,108.56139570930819
669.0571648628478,210.6023730910784
562.4904752409414,180.0301870884303
690.8005954244007,243.27288303385976
1253.2855051356905,390.78298322689676
587.2928763697622,163.37743979339672
564.056128085485,170.36474720210356
1121.3581768331862,322.8616710198755
663.1689321975012,231.34148961523323
1069.7040742126085,346.65176904376386
441.70203297360104,118.06674061536019
722.2494939366479,272.56126060241473
375.8869811844032,84.37305643418956
783.049200923462,255.02296005286442
914.147384915023,306.839640607128
1218.4457454927956,377.94332408711455
787.752115326578,263.51779824244386
739.7685341631518,253.4637211675834
432.8608817995932,148.62457440927744
280.9452541184521,57.84157441040473
855.938900567556,286.51333657813683
836.4494530517558,286.4605204337255
775.6574352829275,239.45220932592494
1159.0808761295689,388.5650161917214
1271.5465831173015,454.8994844626485
595.5803036908015,155.45825054286905
443.1919985244513,150.6570116188501
515.9262376332771,149.67353525041392
516.0194551453627,107.2681211577224
361.39704012495565,89.73324265625352
392.58364733399276,78.35670250221213
1666.299138325489,486.995745397366
137.11658830696985,21.76780023088051
159.2130415246034,60.276739889022465
592.8690706079086,166.26611496340564
379.7267704904806,93.61410476422941
751.5320082061169,222.50153073725207
426.6676494248817,123.20322466521812
867.0368492139384,313.03894228141996
865.2150848645335,334.2047276419097
405.22500392207155,105.07964324186003
691.9729498855827,180.704317018606
402.362748390121,103.73305652360382
977.4796186262535,291.46949598658534
756.6799488512287,222.21995223027074
762.0802246785677,230.3820644420459
791.1966400952399,208.86459520693987
959.8035860904968,344.8031093134086
936.3658965412101,291.6715501067833
862.5170106450175,231.8306452450918
1157.8338341566541,336.2434629963291
628.0471918842015,193.41026165313727
841.7160515658796,243.6389846636902
744.6003242889509,227.80608749102421
1136.5633077303032,323.12994419625704
405.3425780148328,127.0798564503642
461.99299960499536,137.34413027661793
1253.8254837538534,376.9114059223891
962.5626035432538,308.4993311371022
866.1403293451656,292.36021121121513
725.835353766878,222.03223479628167
599.1946226731459,155.37830611051817
545.0294288379757,158.35869576636816
1264.0892451058194,447.0114272855312
670.7848863066722,226.45361730389678
635.6172044466202,160.63061981674923
584.8151415735648,139.7202694928855
571.8846662377173,209.369072522622
747.0733953181199,256.12290382837494
1190.823121519602,284.0562307448263
1004.3177894548486,360.68152342659704
388.71788484372996,130.36987853052653
294.19381617077863,76.34266629078603
889.9206501281795,324.3775836930474
768.1596001161844,262.8579637290881
1421.1662561162834,465.64572972037297
375.9220578772079,113.53906942207568
668.0385370689572,171.57002768157102
162.60774443568033,28.895371407977404
270.00922666113655,79.6389997197862
556.6326486436352,147.14340251649145
561.4069487552405,151.74141618723573
383.45711071048487,100.37469576255634
288.09293099918585,54.92030254392626
797.8383412599734,267.22810605198663
1226.3370240130726,359.11577663883895
922.2591438728525,407.74575522984435
783.92451457946,360.7525914377379
136.53372143337828,21.428281941788104
668.9744736881113,197.61059334259892
1211.6393278557775,498.18474973970075
1119.094726118121,335.5636074702548
835.5074750694438,359.18614653270646
885.6260495641294,300.03811286139285
491.6338487022042,148.54802143041866
100.95770812980771,31.126365793966855
410.1517114083886,136.9570282655625
673.5765673410854,177.79661453868056
849.6472095283634,300.0328315347808
190.072574671826,44.802400941196446
1150.4192694499034,379.7378146605319
912.0062169269324,406.20823202816985
207.55195578769664,47.47179286735417
827.6252174078093,328.4813353260029
396.8423473468002,95.44468312620215
794.7404020827441,263.11804429311286
939.2989960137162,317.2340668131053
464.80475186792444,148.11550025903983
408.12414412599003,116.98479447034265
432.73872076530154,152.94560241917594
405.1656061094905,82.13809598133254
901.03128386057,264.2031349118067
836.3129778974699,269.9714325572139
560.0279028833332,169.95589230222606
414.93191059439613,110.6085308348967
708.4543897414572,227.81919002131662
554.389634555745,148.74405566828418
482.6078326662997,151.69824580629825
470.81983850832285,117.86485717259039
410.2932646694712,136.99858477176824
530.9730365397529,157.2742649798182
546.8601584038258,126.65667777585871
738.2206380028565,235.49575369687327
521.392434006914,193.38086930336723
166.44142799964845,37.318602880752195
397.6907934531187,135.52304707142576
399.40791042995477,124.82408587497295
634.83877495088,189.92065414032996
451.45592759015335,152.232736125857
771.9971581114153,214.86985552878008
267.25131636952045,86.96647012927174
833.7743525967438,242.08045373747848
1055.4300052210065,306.8032755625364
388.20560404660364,115.00217168017492
1207.6381161009779,410.56616229476623
807.8629517150476,266.21550707697327
849.5469196947546,313.50370224950865
837.5942379864242,278.02318365961605
1075.446926779902,281.21629520335546
793.9014604446322,211.35236028512452
471.0836602994413,158.11790707445277
297.9911976400824,53.97426088280508
803.200639300491,277.8385727631379
732.9381407266189,239.05693153269706
649.0101890162548,177.8146916416102
224.17099175572113,70.51081484832856
719.1617362947045,227.60399870811915
888.0739425974712,229.83293068824943
512.5792394461615,107.37764470586855
416.705965385942,73.67245599280244
685.1379994968347,205.20098456452084
262.08215379337787,49.510331532365015
969.4526247668756,305.5026656859676
570.7547209868046,324.88435690835206
579.632666537358,125.07711047138991
543.8078146250034,121.13849183397359
1087.0436487497204,326.3271490363993
1161.251297434098,352.620573031342
887.3634214676912,279.6565880184868
432.0038367228555,100.2233920380116
540.3770692438386,187.69104931582666
438.86937949751393,125.81648224597004
649.4514943083282,195.64651173167712
766.1191662461654,257.69155749338336
179.57688812365262,58.110709881332305
525.98659895095,137.1036213795531
506.8454315326991,147.07577487524364
467.3992428898521,120.75365344044721
1162.131197550941,467.899293767074
1216.172512691277,374.4616787834346
306.3524519065028,66.77239972630775
941.5975214777247,359.1439383463717
594.2420358855791,203.85466272729093
1093.9058309608924,347.9876374473249
172.92691261845985,37.939514158028906
558.1147958354635,176.44389604937894
810.8561678108181,279.38694838410635
1117.472926214728,336.48606891851887
576.4127525020492,163.50676559028986
516.3109824819863,154.46853912514607
919.3842217912052,307.00178143131643
552.1165972223566,171.77260054563894
471.07424336760334,110.6030836513772
268.36343437375854,54.32098010567888
1139.6128755533196,358.5557039150882
360.30155958922313,111.30908316773976
322.07459243711776,82.94049194300283
1007.8760263194367,298.2813113190625
928.635869039299,291.9051868650447
674.4485027029922,175.65425999329634
673.4711021170001,158.72565500110431
1167.288512222863,340.7836021983413
955.2472867500544,313.10929347978026
560.0908468741075,130.64725646954216
1245.8466039076068,368.75705247061
569.9481888010095,148.3231621838593
802.3477492860916,270.0773596125897
1205.858736096005,370.5869565031116
728.5312934003304,235.5460153385527
571.9219092420652,220.8331192538991
859.729962082984,283.49809608571167
797.3977336318015,280.9455677998316
1091.8158991883288,349.42811622600107
764.7451653663388,216.12746615466983
792.5758880583139,263.54552665297877
899.2831273735087,306.6108893175334
546.2858447433605,138.96053147045524
553.1453868798726,167.07372615155012
1128.1474617992344,376.02355029204364
730.7474398512373,209.05680636730474
915.6257664677729,267.1520137377261
1084.5465514503742,314.9242226870231
454.0668181318729,121.4813244254014
938.2670186298401,270.397007922266
650.2294941173432,191.66458494845276
1045.5778173746783,354.3129216349626
986.3602773907224,339.16384666956367
497.11830513046016,110.3000214668335
690.8895523530496,162.84657805675855
207.9508961158147,35.96470878402346
958.4556823243939,356.9431829783576
804.5591029724524,316.69693526934714
912.0406799370678,303.79662408075666
807.4379981598715,315.7296359691511
634.8230560909956,183.03336724200716
193.93064473248018,39.61485616393152
1224.5800147755308,355.72494957276496
554.6965982120178,153.5339560350686
1236.0755336194525,430.2439810682022
656.1075434946888,225.1370529969941
737.8789869036578,250.96126925965265
558.3405529216178,148.98972868508625
597.193277901217,185.46954547395677
705.4957872555779,180.52808323687105
625.9763677436396,193.45504079338335
535.7871910284456,128.68732113449383
610.2928404813383,153.46538096688198
1214.9150703722835,448.50068764893
607.7348911154279,160.0687825070738
547.1990212853398,169.5922744026423
489.8215084795286,138.7985616079758
489.34629661063786,129.17098002040956
1192.868895453566,350.9409952456964
1293.925009345056,391.78324363520187
646.2915436026177,179.45929664222814
622.2490732535625,163.9801129208785
371.6862496350574,115.97001205499238
985.796793312227,286.018460730202
309.92944090727,75.24173310582063
790.4015118285904,278.76307379714945
1017.4866175338616,290.054760301959
1091.2224887482066,352.9488119661859
168.77668362054933,32.59327475966606
419.2912964932898,193.18608669832446
861.8721288478216,309.5032872923652
1383.5107430955031,456.8287659121247
850.2163808694121,291.18575063027845
1519.4245823113233,459.4061575916787
669.8701561813598,213.22408173187293
1300.8366893421608,425.43804234767714
24.175695488251783,3.4185019236019523
336.69348988069873,97.81434889724953
754.8247497339365,188.3828901915393
1045.917645238898,286.75018644273194
462.68041138590877,110.56560193234228
929.1156098367007,308.4184482618463
655.00812957058,200.33713941106117
280.9615079627443,60.43038690395508
286.49018433225984,84.64348120735991
32.585550076308785,3.63535683494313
645.4776916658702,151.5084765670258
709.1575619242501,210.46855493878166
505.4889387692489,140.46563659603643
851.980329541934,254.2133923399232
714.0655992146097,226.70519831953715
143.64443294371904,27.425445607000775
1330.153544082707,413.0644621168206
265.25776295834106,55.75721017347759
650.1077936042607,220.7478080081388
547.9531802346112,174.4246272998833
925.119796846954,281.0062805271338
383.8381661417528,125.79518754673889
659.5881899368474,236.7128344414337
629.9681408914894,158.56277532702134
606.4783650294427,229.09786234361547
673.72145625996,210.4142602404639
356.35415962127774,110.15253739521057
488.97475136029027,148.2050178054403
301.5253436050994,80.16618385557474
486.81628340541215,164.76976662883285
1016.4021552118681,300.0482863823543
766.4400939087715,175.0610690102356
1352.4623835072491,415.83212127997916
750.1709374559426,161.89808589648143
1008.8402773178142,357.8191449876777
399.44692590692387,91.72350714962414
326.06574498701605,87.63087148722937
772.2371538099404,213.83012941155351
257.63539410470884,63.468813851108855
766.3825841250427,333.65011916534746
960.776315443002,285.31163470575905
946.1345353457127,338.3808987045615
974.3979936239712,329.76197551811066
747.3737281320999,268.2198688244485
459.5131650432959,134.07982272945037
834.8092190209663,242.39837292910565
513.4004650868899,140.27078546005876
725.5724527204967,270.217719990474
716.883709344304,231.09914987571992
1174.2736854154398,351.944446892783
793.3488870381652,313.04158910083834
498.2472961776152,151.98664336558159
1555.9377196903324,539.7814237319682
555.6954522355283,169.38623831846158
428.934644590651,99.1255979346537
249.30655992890536,62.585314554635964
410.70591301338294,96.35392462460348
636.454865790812,186.4477813537813
763.7309822436889,247.01715219422698
296.3557441146894,98.515241599092
1053.615785346039,362.2003500556842
708.392582160511,193.4527541137437
646.7740962943964,198.70374818813028
801.8615725228532,285.44865465852496
1252.928378617328,410.9342768775512
977.7272164634117,308.34014667655214
773.9757561354654,235.66506357160506
1120.1249314889228,397.1041779312038
934.449157663067,247.85878160486936
676.8766770794255,214.56147962949922
130.92871664774458,27.100253654411333
932.907565780496,305.7431114936208
1064.9057067531671,325.2446465390262
1005.1280405786482,351.04357465172285
433.3617376780705,100.35961774690118
860.242133370514,294.48653446021956
1167.0894802116086,339.97605239136817
1343.4024761332291,398.0653731938859
1277.2491626613028,516.2141837254134
755.8027908556037,227.19963183731957
419.39070829718764,119.05048807122502
1412.1251266959498,483.88837356972516
443.3717758815858,147.54074350076166
146.49964337274997,22.367335736049963
275.2774519156226,87.31740891812018
772.9349464320873,279.31573893867954
550.2686310932622,155.09111605056665
872.5342617074939,254.16369150248795
714.4976990534622,194.1800994787276
494.98782182732026,106.5159968716659
1068.3646418410226,319.066634964697
375.88146845068223,109.66260370162603
550.3333305288836,158.0602887571969
636.5129314705891,190.69637832179205
510.00224242573336,174.36084941242126
922.1480041163104,285.15942222510756
607.4244902399504,208.13336158147462
439.44539952627275,112.43727895028292
984.6190583591108,324.8831337085361
443.0394304451048,150.66869743511992
441.6893160593066,103.58903031788535
608.1640081909453,173.49010267435926
296.3989032024018,64.14124862247434
357.30494356063303,159.83531423644857
348.8283576980634,80.65263458667341
839.8643823569939,261.3596240497013
848.7104082524039,279.8201636723379
650.5058376383918,232.200319167894
759.0541753520768,297.15070878527246
916.3478869033196,250.99656057716408
616.4990058773789,127.08876215702422
1355.8979964029088,489.93551572852033
627.6979728668776,173.67558588566376
727.9417186908578,236.0650495479417
637.8294070863876,174.81441475547516
264.89589110817843,55.59997029479521
325.2516359504807,92.26542771101161
1343.9250141401503,405.55030056490403
776.1459848459741,385.63303711932144
524.6894468389838,118.59215576821505
926.0734999334412,289.9200368589207
737.294865107902,255.92685100602694
1040.171286646939,370.2672773057384
390.87840065817295,95.68766517056665
564.8832860088564,176.97271520967584
695.2589600922254,245.09654561861026
906.1909985125781,306.1560823933197
905.1844522483791,266.8855033784889
966.7898543561427,330.5030616510024
462.4636892091083,120.09674925749474
591.7846646941085,213.67615328245134
498.7728556496442,189.68024304495842
581.8430336772598,200.48425084398528
513.7872547794096,149.49085236640818
315.8673788742522,68.30318334371646
781.2928454678147,318.0454416392678
724.7422085276737,278.2360427228111
836.8088920320715,235.737583900624
117.1687777598583,32.29265558641401
1461.4406831415797,379.70579066283716
712.1384470594083,188.8088298991076
231.98008054583178,47.625197641185316
914.1230534363715,298.44878596574324
718.2387806303166,198.8182004095892
915.1946117914995,326.2788156675099
1053.9068395971562,334.80273891487496
718.3974659761616,291.81151027072536
465.630883116828,137.6408545141086
741.0872248865589,230.63761806013738
757.1661379208101,244.30881999418753
841.5478137119483,230.193262281977
313.853714505063,101.86475892641666
593.6636333779143,172.7483585149555
676.2671695625079,219.26292361895466
634.8735445747038,217.12339097576253
570.6422507484913,160.06495623572175
558.3860984117787,118.89322324576997
686.1726638716275,197.72581965369204
404.05577018840927,104.35440970245531
501.7466205728955,138.89102020588822
913.4868510897483,280.74426565272597
695.8809854615326,201.0495959897588
792.2518038254113,210.47544474829886
225.04848722669848,60.72691113800495
132.243996776848,44.32836319286225
900.5727312293143,244.64111268093674
1181.6806779396825,321.59523809123647
546.6258385357808,196.83211175174364
506.0893138878474,128.78791926394973
808.081507511983,214.19320590146233
287.1547131696412,74.07961309614441
656.5205407771482,241.90638370011405
355.9849825792307,64.84231269442084
549.8876139046032,170.17443742630522
391.9237272069477,106.3236974449899
652.3327920112855,132.0251460749213
1284.2385745653714,423.68635857428336
748.6461200133153,236.38420712694406
554.7441092999497,159.23983159562835
674.9459742657308,185.35109533763452
378.7261686301198,96.34295523955605
207.8885489700175,37.51299457305174
395.8403561478774,118.48410875863311
1224.4096168625867,403.2780869864647
660.5383516120804,213.21439804928198
1508.8784753712512,416.26780173525685
766.0168802488045,231.63620687825312
456.2241346157725,136.17728636904135
621.236981137794,215.61260934625724
913.4223182953967,407.68776463172867
574.3208770456015,156.78650267059118
514.9182723785736,109.8347872528211
762.7269442086952,178.99378651374323
278.04951209582396,54.10563685989291
1001.4590137477096,344.608136769514
364.6243961911161,74.88010723892418
113.33791162339028,20.726765443326748
349.5088854349399,93.96384182734184
637.9860066928156,174.90915783912536
547.8278881166888,164.12826305673568
1015.9100565028153,297.9214503190713
200.435582377342,38.315414179917276
913.887420259801,277.8657301549514
743.2528919783401,236.9461974959029
984.9230876597926,300.90947293608355
941.6398131679222,336.5681477054946
733.2555890842762,267.27581016681523
635.7868591693339,165.63214685887039
721.5616345887807,182.14375993206696
961.4738157107477,332.26481396354484
471.1230706510545,139.96534971690093
1011.8412908971245,399.37635105315513
879.6147056374302,305.4499125546145
821.6132231447816,229.45978610530406
1026.4369102178728,286.8979949323555
565.017526938753,148.67131421301858
675.501688186392,246.30248050177784
713.8641554093281,235.88313854353407
515.5434269549089,176.17989519690457
1008.9132266734002,300.0972572301523
325.64802110473124,65.82375907230845
546.9130355777615,180.00689400504845
248.9589585873149,46.05499955077407
1136.6511614359943,418.43061699402455
550.6897407018869,177.30578164225864
970.3445240964877,299.9994765371944
553.9339800493769,186.0404435713347
649.7852624402251,204.3014953920346
1046.2343707287182,293.2704970850404
602.2643219678387,141.03835568094598
622.410018626095,224.31480067688128
732.4768184140792,238.0530665893427
614.8858981985384,221.98360101580366
200.3651968567832,38.936218658345915
1023.556347851779,302.7171652908852
946.6302259621792,274.9811817580129
641.5071117440152,213.66842868383873
462.0343917948738,103.14712488161192
1043.2501240130778,344.5807182323418
207.3671775815407,37.57143959293977
781.5583899175401,274.20137045248487
1201.6779589430762,404.3399412094464
616.892097394273,213.92845290896327
373.5069180973603,84.5567112012395
415.55345428655244,103.00702747619847
982.9226625952128,350.8788690461603
497.7287918602569,173.87226227624035
689.0506457187324,244.8541416964647
453.22117331679465,123.58358555326954
780.2689606039472,207.5077100625264
1170.8267492050402,392.6179290251408
685.8079461759033,159.98212142377227
436.7191852259445,94.21116297347307
586.5514832200181,147.7377157980537
908.0333689952859,258.05105665897014
835.1467160962208,237.63648482022967
836.9885061664811,343.4665810710798
551.9302038063565,180.4593969726808
960.3858710220052,376.57973614849965
857.9088832339545,296.4558483175802
727.0200094565512,198.47119509717743
1107.333696187764,323.1002166225956
413.89249425998383,103.81135272494384
974.2779078460092,346.6213773933031
813.8036446180986,304.612950287168
689.2199439714332,212.06959565825323
863.9212054336851,369.3090877882877
897.015400292858,310.6291413377447
280.98050142491934,75.7076953753603
191.78365882113258,44.83807860013933
504.62906236871476,166.97819493435208
932.2555300701001,315.54407467248365
552.9799102076814,149.98681922613957
561.1211515590917,167.4161441908585
252.09420524796823,58.33682255049506
583.5828420228413,142.12587505958953
1058.2680514932388,328.07790928051867
790.7390510933894,260.9590143281669
709.6574498536917,214.126607838386
515.2372066794569,155.95768691059783
601.6301499479429,132.60431519700435
797.758478823065,324.6584560577869
421.5256022103107,150.89618151072122
592.4564791616117,150.64048977018084
388.01543977797644,149.4822389504423
306.59615102595853,59.39853267646292
684.0538115458047,185.00629271738433
497.0596807586851,153.92440841106622
583.0224808959367,193.9426481078708
989.6518416553484,328.7629203808511
415.5160692966212,135.16240057579736
706.1647275410137,228.21586471187553
574.7475045632565,170.12818492636347
753.3264059100667,188.3814212570283
457.27645270800315,173.55753558720545
687.5493969720699,194.65462929139912
876.8912339776939,269.74392621329247
633.9666644353688,161.65431284022182
432.7948049018437,138.19600686248708
445.7511965850624,109.54757645889188
748.9754415919637,267.6232995392259
437.83311905152306,143.54429399211025
1001.8608626360418,360.9932571576232
1340.765146778831,391.68649157072133
400.07898914510235,89.17480603152386
521.8575834831961,182.1123988682322
720.9180348782124,251.9788304244455
1318.0820313363365,418.7690418778892
461.56259672097116,102.12265297545814
712.6493723115212,206.77043868526377
845.0235460777521,282.50117704643134
462.1498643848321,160.69846293136604
583.3927005891942,158.7069666792179
623.8184972342813,128.1620792330716
664.0830724005398,201.4676451364104
1126.8115558525772,388.08453555471476
477.557394879806,146.67074328811404
471.929983044106,114.71456270714849
1018.322187297455,281.8668821493122
541.599716378718,135.8428099509507
919.9475982599232,259.7688404866606
478.67276157569074,118.98129419307283
564.8216491033479,137.29428419275575
865.518165432878,285.16627916333243
741.7231527486384,302.3161898833486
432.76859608855807,129.9908525263734
563.9486521426387,182.89511270488686
583.1776813179542,203.6953092660398
776.5063200817951,290.54053265254345
701.5965629858176,237.06002907356245
714.1121691985835,200.52207024031514
531.1842211114613,169.15877585306876
957.1300696922744,258.02514248391003
809.4331021247602,277.90079998323205
751.9983820503423,192.03926062386023
846.9714815676441,313.20475264880434
442.13334646960345,203.41726475680034
414.41476158965816,103.80177685032696
329.95577803060127,85.19047861294524
684.7100267216202,281.9526542169359
330.352885592138,58.900983941685055
727.3027974060884,225.37706304364022
859.7431201428349,264.9917567732116
323.6390403838169,100.50652993195455
895.7627174660067,249.6206028946212
1284.0361162804552,369.76028296712303
861.6053565973168,238.57392106542852
339.54569011196827,75.86370244438612
873.4017010238199,293.32303021588615
765.502492662912,224.79554069317965
684.3494071858229,139.1400144049978
661.0573392108727,230.3387530973513
617.6646079968061,157.63180228621115
589.6715653759866,176.5449931914279
789.2674974719164,219.67740907014436
895.8094289563974,287.63988580589375
666.7288702191186,242.0873281331621
746.3885357167676,236.31156653808682
1101.5010085992749,365.94073173617073
710.9423486782542,220.04432096079464
913.2121435131775,295.0827670770349
900.7879067350049,296.22949929497935
128.3456703827909,23.17747932845051
412.01556689679245,113.54678447556589
740.549917103863,255.58482023870783
805.9708245368467,236.3831126620916
457.0333332199058,156.55331128656906
297.4582260830353,67.06679282705957
654.7918907622557,163.6282445124325
610.0857346110688,132.68842575445345
738.5445465616083,210.7956177726548
1231.6295358902091,359.79422798357314
626.037022557199,203.0752587595879
702.5043485401158,233.66728891165917
195.0330743718642,34.144362570550385
1421.421990980294,442.86656713835936
1245.2451998703323,357.6951105268986
1171.5412590648775,340.30090287043294
275.69267914066074,42.97068080415602
835.8227150243493,235.0347631576554
823.1784578151519,305.75971040562484
650.1423629931984,197.67800512928832
661.1385465768326,212.12488091922287
897.4241417540424,315.14249110955797
894.5322465280972,291.15474700656495
548.6461592355487,103.89432862189585
680.421019689182,148.62241692226763
815.6593283181161,182.66817485246244
450.501784098469,107.9985421221224
1154.0408310734883,430.1466048050181
656.6862816113437,158.13633095023883
721.2374280611725,273.70352051180754
1079.2952113215715,430.41508126567686
823.7621564940761,333.8595587806942
384.5991972841796,99.73584101930022
505.8054308336315,131.91376961349866
589.4916994080933,172.29356748718325
882.2667506774856,283.8432309992497
688.7474122767898,253.05414710341958
1024.886280204311,340.54229772913857
585.1203957116983,179.9555000721201
681.714556351175,160.38773394329516
1609.899071637214,482.0376299635798
911.9196588463167,308.8253985449746
662.842897842371,196.51136425892264
816.5740878535732,266.34942736440604
415.10127323558385,134.41362351070293
568.6940223446547,178.21535745585916
1202.748306151378,388.6423486022924
710.6653782587956,221.51764607642525
649.5947525075196,233.63076045312374
586.2222861839241,111.35964231295316
838.4468764969562,210.36595246787223
590.0192345288397,158.0373234009493
471.65091532835453,108.85805055903381
674.9297049277786,256.01411373845553
761.1462340798275,242.3916488388357
588.4682200982459,190.79056048959325
473.86996000480076,119.78986507539427
1109.8379707309787,399.3431171884419
585.2753511319266,278.3892170162472
748.9455974926573,248.07084473705402
845.8898423692069,253.94179847598556
917.9664670086687,347.2945824947305
562.0050403340126,161.25319344854418
487.01647160355776,180.4749320825215
480.7359956479679,144.30075321681778
457.7121547035507,129.7645209126167
1407.7452142368265,449.75947196084695
765.3056581420101,229.15019871746574
874.6852564405995,303.2406374787207
1078.0006619840728,483.17438197961803
821.8405847688706,228.93885392809025
1340.389846681965,429.2811898158616
239.65590003176072,53.00884696329566
532.6019362265868,171.0440508511803
663.9163037160554,163.08793971746357
176.9978160976717,32.672951659107554
530.2017677553473,153.21168928185807
187.06906309977597,53.28998876545841
1135.7245577922163,332.91801679481256
919.7383832694417,340.47224115154205
421.4498577058781,116.74990814514781
747.3818545283272,234.69626180395923
1684.3899961934903,519.3886786174952
839.3458103012629,249.00682444603663
1305.6456410072965,411.98331293391743
1039.3714921784956,478.64581897758563
410.97625930758625,107.63454919657524
616.0029956712568,141.46696975670318
672.4786945559499,151.74922404052433
521.6950508494739,124.80214675687253
525.2377832140661,177.35675242538227
1123.9569626648158,390.720833616308
107.24366987398712,19.1579630585298
734.0308921789368,261.962894075641
299.7139516177203,96.1212815932975
621.9536784928537,162.85725146125984
743.3617681824089,300.1367337287107
772.9948787828127,273.88162286315827
865.2409527952844,247.23490179973746
1032.7959187285494,335.1613994717598
946.9078530446608,440.4317363127139
1224.565741755022,362.9078927151881
928.3384879647629,270.4576881326351
627.5037851107581,185.98002608381427
991.1180410598625,274.2149599719454
429.1550971414347,99.15532118986091
658.1470142809411,180.9167043226561
325.6962744200909,83.06553420572506
768.5007893687748,216.874785787121
546.9861819490029,125.94108308511943
561.3700527591545,200.4727344258395
502.71018782562356,149.00711047997345
1021.8469907450109,347.8457419271353
264.88688217084575,56.34945622203304
320.8826714901608,89.51805066310277
1146.9718670380862,351.63741252699964
1232.3801677685697,359.16782212218965
538.068214187176,178.75311562293408
821.8415931627558,279.04140567571966
371.3427548763382,84.97505169799588
705.1254396910589,233.9820267689014
251.6689056141419,43.688106353221784
1093.2087391113423,381.3507920928332
777.642636423492,242.57849479172143
575.8143274870107,153.87627485799808
534.2320148407434,118.71367130954349
1021.7312092925068,302.25721641915135
1078.3077652731868,317.04972124176584
879.7129352850604,424.4327966904276
860.4448585043527,282.6481354713098
775.9191847802632,281.8348150862177
165.46992929805802,31.469708320143887
768.975576181921,239.97101972981045
789.0240821993605,211.744647748324
527.2382426395436,181.5649992220273
555.547689620345,202.01875276610662
698.2148689378939,205.78096849203922
619.951160386733,151.6285124216676
479.69656553994685,141.26027772192322
1111.2956358499605,317.0564831196553
733.7391517972667,234.6481426906454
1227.8577468680762,399.5890831677457
284.775559548955,55.052584239823354
682.2776333925825,194.6020982034085
1281.0667925645757,390.64331313525884
1003.4965731595953,283.86483014209733
451.7607594960784,100.5338472611266
288.8585107623114,51.356106149195895
647.1978035124489,256.6220861383109
680.3340187413828,214.32443928837472
558.2341993561762,150.0884332166752
1165.1090334374521,380.34830494761917
1205.8797206556485,409.2697439427745
308.42023264105893,91.05653683411532
1047.3148613125109,344.6050566634164
650.2147928290503,206.3279014612308
1095.2419004535852,398.3333705789731
1243.5792802369624,400.74879366124543
707.2726360268512,265.66886905970443
656.5668602881449,246.42291383016774
851.7562588993924,256.56970401351344
1059.5688039077177,345.5926554814871
985.3099908665037,287.95720860839623
459.8013522367337,142.46704545322615
437.98786634495673,102.93024221702478
899.4343183819748,275.5106286578324
935.2300851670675,335.72290955111214
458.1607154846439,165.52072909997864
1116.0052955893636,412.2561274565644
562.3742439247923,143.40340761541063
222.6717252275251,55.29319644871744
689.1384571025653,258.96040591944984
787.3733849223642,221.87752497047134
899.901250997031,304.54466110871806
477.12432328060225,133.14710997453176
505.54284356182336,134.54485007245572
472.76060011851945,163.14410142225304
903.9449294377469,259.835311804102
692.9204574549422,221.4368246478872
650.2591844347123,183.71121059369457
743.5818304302227,273.5366876335402
526.8190517199778,151.62035372807915
422.55162509666764,154.81919686904115
394.6398247234474,110.14230333587399
851.9870680565768,261.0359180356852
184.4809079111831,32.533316568559464
648.6720455201081,166.49139078727603
839.3841484968596,242.13965762650807
1245.6874607636655,353.2594824772791
1195.6099021280352,419.7235334206632
172.01075279496476,50.48532719952584
1054.1271920312606,326.31167956419984
439.2178879055159,143.08061808366114
776.2658204066435,202.60299746073144
561.4537320317975,135.70657896637195
965.5788336268012,353.1013315813657
368.84415468024224,134.07568017735386
885.7109204527743,256.0936430959609
1119.0317481449651,360.8626207380875
613.6757133321314,197.31905695623868
211.31975073793456,35.00675890013447
1087.8253201842765,325.772938848442
651.8906801429785,153.23356011153356
927.7478096658264,294.31169974177214
1109.8228985480666,325.2118617260122
785.2468621003045,222.56465935961344
868.114807267928,236.73428893092918
1205.760883088445,379.14410992096606
1146.5727574021994,321.08482700947167
350.8809297945902,114.06148567136594
774.1650464556019,273.7278812186685
409.19883298477237,97.81406982659156
522.043537933684,164.43727882825368
498.05054987677306,158.73894931063572
989.2473355522462,320.7340712610259
685.2164159199115,181.96689951044306
769.6227449682607,229.85373594962246
525.2133010355898,125.80731536950684
749.1187333630012,220.6347635099677
593.2210690928986,176.52571392353906
660.4338888835181,168.5051793522388
325.5219538290623,68.84554359085587
903.3919753398432,385.581641852951
669.9384308004601,180.92927546646598
711.5887985374015,273.7921326727074
533.5272097559148,112.57920804679667
690.1881733084945,219.33204721833124
611.734247838694,167.67868231238418
673.2743593916719,203.24009115814758
1369.9825282482693,565.4928374544623
764.7388596595722,243.88907580880038
728.4033513385008,201.29238398514087
637.6133046282479,184.96439236625042
293.6005391740372,93.68030364955521
488.4493612155586,112.41732397814118
524.3404971553724,152.24304093479614
450.9792325209868,126.79625331693431
470.98576354353656,133.2342688397764
426.2146213940488,143.02289355378028
399.5571765854363,134.12389435566766
1256.9458485298364,470.0496201541254
1042.0416675713013,329.6814854145465
1023.1972387040303,301.57780245026584
479.775618678853,110.35475459234299
632.1662114075586,206.6841039137805
1019.9535198870758,374.2906813049158
426.08158320877396,117.98821520258943
499.71220699622194,125.17042478999812
419.8212044757954,110.96072984359508
867.9115723329004,294.27111059915103
800.7526540169993,205.53865816378675
794.2243313459662,267.20416570782305
880.5110214063106,275.2647898350027
295.40434187411324,107.61132117741741
859.110606459129,276.8325437965109
483.51937686842734,115.0121252545704
732.6313885986929,173.76173155902066
759.0873974145154,272.5151044506854
830.3143584105296,300.3529210997189
806.1905333650999,260.1207309147382
620.2131041732284,204.72320510700055
597.2314011246476,140.59039412507744
1025.2277139960174,310.70388141610715
709.0347305262213,236.86649830353872
297.3542479810628,60.03404445162366
523.2676242642299,166.979971013981
462.2187247405904,118.51241202738757
615.9552443783393,185.19243882413465
444.9924922248047,113.70672636093096
359.4417942456063,79.87708074395681
710.806861934572,321.71639465359584
978.0804267557967,347.75087549523124
717.4175849751272,218.83954425443977
782.3418407809525,241.58356950248748
642.2739107966114,180.9062054347733
833.6245142456137,277.0805760683728
704.9222075690773,178.02044082618698
621.3879866596734,184.05843218140566
495.7141460305295,177.55883115373123
822.4431586169089,270.54261470996846
471.1405989614986,114.83736563667742
410.51903347232206,81.93837997202826
749.8269416748853,249.60295421105474
532.40946100579,169.66394275398022
705.624766308149,234.7688235193249
609.8191218312847,172.63896073080744
1043.3689699325846,368.9651010196464
226.3944563871104,43.23442207482132
757.5555234363335,270.98387042243826
954.6459729904831,279.8704206504566
435.6863971675431,99.32208290932599
1031.9915659148242,302.18197707226983
164.16362623603627,44.72653886787274
603.409031032387,173.56585179437675
240.2984151843146,59.81655047791663
185.4981336620019,47.50477254117864
432.6364049405154,153.56437384906368
254.4800598355958,55.29158158009609
512.2017725958552,215.17697272358816
531.681246100493,186.5469853069294
866.1948712919263,224.65493244267535
732.7773956528983,210.32260188133938
395.48186784754785,101.10141673438828
521.2007101480478,135.72645677892197
528.3742896329403,216.5579230153692
313.5557795276719,72.36422591127653
1250.4283221204569,472.2947723323145
645.3197386487383,181.7834192193695
757.1870477917978,289.2680131108086
854.4592390779942,223.97943615586072
809.8605731422294,281.2437048280369
959.2136275430651,371.4233605886745
833.106421494146,258.465994409244
984.5261133408455,281.0943216534682
837.0663474804164,212.27833134619547
599.8244850449632,186.75201262554285
661.6908491618285,207.8620685794289
1105.3927934104174,327.66275064762084
1014.8200196925682,278.1641998161699
309.0583121660902,67.02142651035032
58.90651171055255,7.225293446976804
412.46249413801627,98.60744994708142
458.11927249516134,158.82263894194529
567.6832136942008,200.36395612257462
274.6822918825878,87.6497924855509
471.8015009295128,95.14466338810493
620.4353829520115,217.08743521428755
707.8284843186646,207.7892051813689
360.6908432234914,87.16683795767078
418.41746263008616,117.88029680666554
568.1962317485495,155.98467252836204
438.3792293560352,108.08294562929706
347.42255593578176,61.71332658155089
466.125428305464,97.29916749510711
509.8727785822753,173.71475642884684
543.6217527976012,181.82636031255464
999.1014174797233,332.50776535260235
266.66114336442405,47.400224538664865
868.3229732315649,234.24232589107567
403.10576408931325,98.82601820453078
965.822541432934,397.14772956570266
283.99691194806775,60.38435786458837
995.0070647535088,326.9614274167211
357.6907025926176,91.47405331493586
709.0233760902809,287.2283007126348
890.8800072615502,366.0051274304466
815.3074003074881,245.620530664815
404.16257888859445,101.08589025544784
426.7523384851431,110.2956296412083
404.32212593727144,97.03435526240852
600.812507419979,219.8569737199417
1275.4507054600033,461.7917382833888
779.7255713132472,276.3513839654167
601.6511971157942,142.3649917839917
317.68378690967927,70.09525185295891
639.1949118643615,164.045972185277
420.75265777238116,115.50938021202208
1272.996073450683,382.9620542306635
1315.647148153142,435.0799389805879
349.69669042482394,63.61776422016442
487.6935417810409,119.04110436770448
866.7371697783676,229.98950603607057
1007.5174752777657,333.80242454117183
663.5700331896797,205.79588953579042
454.8541878762096,107.86273372917958
773.3620996124307,253.56673941437398
822.5739543590561,281.4187378527178
1296.1845257898453,476.106343883597
914.1688099935625,242.6408640053545
318.26311148693776,73.44317412837073
345.96862161181343,91.2647830352326
986.721488960133,245.21078771801206
1418.9284149256814,484.2655054783134
457.08641679100174,128.4832608534637
518.5314508591249,135.7676113486119
497.8010327832369,177.0134325568793
180.4729466911064,35.54185713320048
1411.8471608658474,488.06389108197874
534.3526565924229,141.30030555121306
640.2137492967111,162.2106491547702
463.01740543838787,167.41240277513504
699.3660749781313,200.67734450673157
861.8841917335642,316.47822137477624
813.6876185335335,220.72410413100556
648.1325401125049,187.23642405889242
827.7156106755315,288.0391712985765
851.2356835648375,319.4614100488987
1253.3666213909753,475.6123249118077
979.1431951124949,229.11738863922182
508.4531363075182,159.6904917260188
516.8336178506901,112.20322061478862
1469.9313571004059,436.9554917260086
695.0131681850474,178.94151638128164
241.58066388653663,81.28832298879239
381.8031859274618,123.96160953966067
148.72035458643532,26.100811596971162
264.6382150370108,56.442097749929275
96.40746902009916,18.67505067898703
1338.1256368884117,421.4207508479355
1091.9584018793794,365.1131607809791
436.474335819665,109.98309913247141
1020.9754087292445,340.43947913473636
427.6921889090779,147.04168842426765
522.0392359924828,167.61745039211613
874.72673915562,258.51656040809087
436.070234991917,102.97277333894633
1007.1089269062368,308.838254141284
1074.157113727923,354.4200142764005
650.4114795028652,205.76525298745446
823.8413796779505,220.7624906640036
545.3502640708392,147.25844701622637
406.5235695873173,132.386273916459
957.3801798528865,348.58452068906604
714.9784190088997,252.31051706315262
382.7113138986205,121.30377662801914
305.8145781974324,78.35997402781021
457.3549423316614,149.5847693959248
972.730991695067,279.25144264524545
1379.9765166439242,396.5357803583809
812.485663337231,270.5047829138889
727.9952734508856,314.2405427729554
609.0304230376194,168.67298129043692
817.372514897208,262.7919150171208
589.6169231135316,166.45278559763662
131.51798298087385,30.353292133353452
583.2642344501648,207.00269083485057
506.4554959913353,152.9669360542193
1222.0836108011094,434.4999671339244
359.4017824433063,136.16521501818787
787.8932472552946,249.99437821573457
799.055100893968,291.88081730440734
234.29334193470578,60.99198684206195
620.8987050297599,227.95774441567463
358.86917465952,103.90936720337774
556.5559705262098,174.94992042212007
1184.2986869680801,342.533143799316
708.2479939329781,176.28168149428515
1086.6211275375458,344.09068585000495
1267.1403709103352,577.5643106249862
1412.071291538587,455.4156714737267
1239.858404869673,408.30592622539695
796.7946254967464,312.1391517971795
994.2751208505626,308.2124454591708
350.0387462834243,114.1546017837622
1158.5046198998937,376.4363567959115
892.8888079665685,314.4971332257144
551.5124773036073,201.63390807762963
575.8306445502534,194.84284494394637
688.0622014733092,230.66780725492833
858.0041599013475,262.99893569932055
671.6635012427555,180.46781315710615
716.0962509433509,201.19731658465776
1126.8509305666676,350.26829152992696
664.0299242520125,210.1851000072918
811.8386610367505,247.9767103703718
548.811856870209,196.05948986028343
305.7544776448684,78.06270526062922
886.5724883732997,297.4848823347747
999.1431175198442,313.1267772555352
1016.4247108932245,304.24036593556826
1386.740440911429,471.70580402360065
922.3472588256432,351.3960876439901
1250.820354464186,353.89638389733716
816.1815294739326,258.1276502627176
1586.676590538339,596.3408178035774
1018.1450042472331,351.7776330693137
558.0582562052948,163.52690352379557
546.5213783285864,121.53925322402316
1295.647722404577,382.220148426272
718.9066786575775,269.9481057560318
533.2224041860384,188.21713221548296
610.606660042594,211.22460356627315
382.32594037770724,131.44267778132664
715.5191869873008,242.61892531237723
460.2671786608561,153.5033296605862
730.8428585443794,248.87283437512437
719.5539556260958,206.98080811561388
703.6996349724841,225.72450568168463
532.2261322456998,132.63048582357865
421.8934023983732,108.24991799128057
1221.0252223727462,402.41886885077116
1063.134949602486,321.3749396119848
230.34874938384706,67.37527358660239
723.8129405938217,243.79758549544812
681.4445920064501,180.6744853837239
659.2128613232418,241.6557730988157
634.5319546874175,156.57018374327492
878.0513074614289,244.0235342402044
631.8332505244023,217.3677331717296
236.34658423318191,44.5542237925753
885.4996197949179,326.54163772005467
212.33932701164815,58.8385810490645
1034.036657138849,371.4769710132781
390.3260509758191,128.80215902688653
708.4997567969405,186.64950304992786
739.9180974374008,191.6838313009791
671.7555170864808,162.8838953906146
826.8437701730804,220.87452088186578
1031.381728537595,301.6772162175738
970.9625443156244,319.38423031627474
752.5905375828329,213.713044674919
795.4747282987287,217.63935670018034
589.2376522303407,167.72108872508187
543.731193920077,147.2890749145212
746.8730520395364,215.6229635631228
451.6205753296133,107.94105685003959
1368.3700334552575,408.7185257707386
1140.1646661160203,360.4364744270339
520.2967844510196,118.67102555449925
898.735468757837,301.58246037934407
205.7241978083561,40.43186862338926
636.6105975442428,185.4129837830258
328.6635988623964,105.25105278713804
1272.6849884483604,381.65505314503037
379.85952334857825,109.2648937964127
434.9816016773834,135.8015444338874
368.9991216081775,122.04838511155006
447.58656426242663,113.47853530104605
1105.920487796881,367.2163425342409
154.25656919149444,32.6796761064642
935.9374951755308,305.92821322272965
842.4441372107713,338.85723080096267
800.7474535058276,224.78780058222026
769.3747878074279,266.03423276473893
973.3392060057594,285.972312591076
515.9399123953722,159.1970437633756
480.50906971881363,130.94651270100854
203.41431272491454,41.41211398244416
491.51685818286165,172.9613757753983
692.0480544778662,193.8309955331426
787.996842598981,260.52492775789017
332.7646264794322,91.78113697975739
1121.690590569291,325.5175342866554
543.4654641968772,124.05588907843801
1026.0267191182108,360.9388585411193
875.6529106233072,245.48802977416554
224.36077213758227,49.77698995264132
763.8671485423049,210.16296793349304
314.86947939557274,78.75076099204504
433.80994200173825,92.49402326738729
160.13782333025665,49.79370856131152
733.8441771825793,207.66217740159874
624.1678233265714,198.19501312366802
637.4260016905507,218.7766384196718
161.43323574360147,36.37992387839893
1103.3557016771106,401.0346055068622
1321.5197855725069,446.41424227685536
162.99892987612716,41.43316907833665
859.6470846339971,358.8213823793723
795.7335544493258,212.24845810098657
991.4828148820668,272.8381024961595
465.9656506848804,102.76932221315796
563.5863265229053,162.5661588839648
793.990041594893,307.46083826999813
760.8590854033673,218.7206831139932
543.9401165428185,162.97541287714958
924.4082266750803,327.51086977541763
874.2951936376896,252.3054179629746
927.3687104186773,263.022265254138
189.83013760016786,39.37984604167112
423.73793860292915,129.80165382949698
1083.799936555367,365.2353942828015
964.7609588207301,283.89068228952925
376.8929186484751,126.16579174895664
525.7285816231155,129.6370643429719
548.8902611362395,184.22517512167389
548.6296706097298,165.00966316659276
498.2297648693932,122.45209590934279
547.1005368102698,191.6940918130909
570.9631608106968,217.09505455938307
571.7617719510856,217.42494124660683
1087.6361646775165,292.4930924554579
638.9975850883727,208.13439403792682
787.4943433402974,272.0177184285609
1113.2316867439079,428.61380067922886
564.2468436698292,154.1681370266219
619.553007279567,153.4248459812575
643.8254644396005,190.63742856942147
507.55089853542756,127.42162125124531
800.0999612214482,281.6379714208924
600.8327970990878,155.87414783014563
1259.8013547238568,417.5595397085342
857.3132098187489,333.13872033171606
589.617786035268,213.48347813037694
1196.8701107838071,368.76342390708766
378.77852477587294,123.86235949561963
619.541155073676,197.57844549260167
499.45586244518483,133.08702889223372
704.3523542558693,162.54229341928985
346.0382575454793,79.667001425798
528.1545535219412,161.2383072777802
323.1988925626086,90.45606241023081
358.7420817113515,116.56550799507781
469.6016398421658,130.01489698479008
675.0302740536579,185.3393778614685
691.4901525008304,222.8774219409578
556.8981743010372,140.46877950692698
913.4107149680816,289.1624418108832
798.1696963353768,244.0235949923174
684.570776323397,196.6321976192248
440.35394812355287,125.66941872372873
779.0058317928986,225.83055164877194
723.0908067790879,219.49328851153004
657.6654988242656,237.81291899031382
1068.314253092126,346.56024393532084
760.0515964612606,203.58163980313208
602.5886641534364,148.26252486345984
900.2462735064652,281.5382972433091
1184.592452137927,378.22454048982905
612.9626022375355,215.94428411708995
1172.4931741039052,369.07502505788955
276.9893758745039,54.5802890747087
560.7507375676059,155.45726091754744
1530.4775909043594,518.3681818296307
405.57195553700967,111.65815819208413
1178.1172571931438,451.91304459119993
928.9423125800455,273.28705214482244
349.7765953288207,113.49235829116743
619.3740853454563,226.04765359222407
1116.3763264503857,380.48336916622486
1202.3925139716048,411.3772709936759
481.43839144937095,129.15976227704786
734.3879294476754,179.25162852958422
707.1055043954688,234.7793634094631
1151.9475240121815,326.35386362249335
789.9677390128824,276.90319872455694
570.1354068324304,174.1650661223641
1047.4212127739256,381.64807146819595
529.4018677471234,183.2812021594502
493.827570815222,131.52669818560548
432.83089228904197,116.09615007005674
614.2817007975207,178.7294692505196
1126.2148447147501,431.09117189928776
330.4623862202724,101.57987817141436
754.5242520179379,255.1532147999688
544.5357349425515,168.01004215688184
463.12146137846815,116.16036127657323
479.27377626671506,135.04022114036954
398.61900367616323,119.18331910124034
587.7681386366214,176.07452172004642
944.2809836591575,357.1401088378479
920.146459850632,295.8317189195065
484.0380337209828,120.1280069788409
453.64470036419004,124.38852263401282
353.82019306221343,73.13724157700709
1024.6232234171498,299.34087771752456
682.8821024326726,189.18452583282004
740.8548578667022,236.44825593327383
907.3233416547215,277.88731991828297
544.1291212308735,128.85510811951613
499.75691235354503,118.29271709394423
741.9792397187716,213.61256948726745
430.8714037593609,115.41045168410905
772.1139534956696,289.24867742927194
508.9440454928273,185.21471182535012
384.7953853745357,85.81469232974024
843.9346397329431,322.43533929175794
926.4330261346245,360.1089515250539
1064.0365578082874,386.48988665484086
1204.498705452102,460.96788819635236
139.74153153239715,26.156286878705693
1173.4872567290379,363.1408946972044
163.7941145248454,35.64150092245423
191.4753353432688,36.45778649407786
381.3623625418693,109.21816860754866
532.6110990264044,124.58678681492695
378.5743103662333,107.23621558472438
286.9583461480989,60.219104244665346
465.47016104625465,137.26935091536484
587.3473549619382,187.45548313506237
694.5633703002103,202.5161074097878
574.6712408017036,156.43512460148384
333.82606050511697,85.47985937073473
834.7696681114749,245.29773784209738
708.2261842571234,271.628948328911
426.9121213790095,196.41487582292024
965.2805224061522,294.06182541414705
1190.4180539593908,386.0197374416628
1097.8545329734984,365.289291902396
704.4036973282515,233.0572933658942
344.379208136948,94.86796167043447
401.2300465363636,103.34254805750435
993.8776702480013,289.8071205706222
610.6097303288085,138.36028315680787
668.8716563831042,203.85592202145267
590.7134386212424,167.78038025274267
568.759198051867,165.62559152259558
950.248915176765,290.5844796373856
612.2639685428213,142.23771384957146
793.5421909078725,250.06336565074596
1257.9934474872548,510.7828570702152
1174.330747649305,403.6588502259318
790.674775045771,256.7996511452316
265.74884870054336,84.16506910051118
483.5590397557638,126.98399706139142
522.4195967327016,144.89038538924075
281.90465750893713,68.58455641239132
319.74653013634247,63.55495661773983
726.3498380679414,212.03778624120073
707.6415811220645,235.0218881559271
782.1894943289428,215.79371498359458
287.27719467611684,77.57014426924614
914.3788029755603,324.37919805826317
1179.759475581728,349.3923789837346
1050.7691314173258,293.23670598709697
792.4479192343214,203.8148288015086
693.3124473545356,233.00476245622144
373.31887274060546,87.5039694128704
528.5896896366211,167.7509476200751
1110.003451634638,321.6544629690441
1068.8622534841797,308.4772974926107
442.2894968367767,106.72457615922309
655.8076476929052,186.69363591674613
931.8491867541566,335.8690717534676
513.17433608681,174.2513606901206
298.11270811061866,72.75860340362426
1050.9202108048019,353.7127114941794
255.9364468065112,44.87927793175613
686.198923639739,172.43851855027089
345.4057485018734,85.36343128057756
502.30936820607525,161.69592394091538
664.120393410042,158.89314349975106
1142.8879651939849,365.29731501461873
251.11438365775146,59.63886748045498
774.8276527620155,225.73409075797122
885.9437901289618,301.16507643811696
646.1224795985107,163.3513448040673
656.806648822123,226.63633616016776
568.5548966476001,137.53674198275715
496.82884808923336,145.0235734721307
1196.3774453537617,350.64372475179533
656.5749090571362,175.0994734187321
358.2567694378279,112.48529549373383
707.881664381652,233.83787843811402
61.5866253888544,10.663777957404708
420.9452191293014,97.37213487863588
614.4837270888813,227.64124304956673
1117.0258719395106,325.37880228613363
830.9514443650874,314.846005550098
634.8084485085919,217.46864692157752
1076.1639645724129,295.3154891353163
785.6685495442922,226.95269068110693
656.2045006831856,249.5667130901881
1016.5621162706257,320.77658616348987
551.2372222220777,121.7088729310119
701.9687876843338,253.05141577789132
908.1104102588799,299.21153690734434
494.4845397989709,139.64091965181998
666.2208528734584,244.1158981069378
456.0588443309227,133.92824515198873
427.5092144434442,105.38249472301078
983.2528544397877,331.77092962934375
616.2026795175567,139.86975828814877
589.1664993749874,153.31408164533298
543.8698830246436,170.626339931325
461.05641720497727,131.5036266362165
739.688107099263,198.13019509311093
520.5099150153605,109.2892901928759
651.0048364324055,189.77549982810194
981.9835787021738,265.2288216958313
468.42797948892576,94.83217729640211
410.63264779086387,93.213981404361
420.0918406822166,104.3044682694242
767.6417535264909,268.45642559563976
283.73504218643143,64.7064911452479
1160.2012916038705,456.50092137998695
628.7379110791712,240.4124769547771
1574.1892774961088,510.59530012534947
816.109769636145,258.1382893029259
662.2339376278477,167.33928683169876
229.7951070432048,57.050024412424094
1082.532271108712,326.2797958198386
429.70887277258987,113.28045635168532
948.2329890994027,310.3230500809907
658.2736087442963,207.71083615863887
282.39295719778244,73.99388308909879
579.7908143424678,131.93754464151485
452.80706069125097,133.22758507650482
490.95354110166636,113.08648107626941
553.4286311388021,168.05631159564376
877.3249763076287,245.74076283034128
547.9080567226605,207.07268184206507
566.7331012848279,191.94759309588412
265.5292013115312,67.90151771444222
1108.4496582343845,340.4228177858123
623.8596913828674,221.04951328914817
1430.9715511794088,495.0195845387303
857.1398875137838,264.7738537020639
936.3823139542972,349.3976867809529
825.6551071221778,249.98287695396513
1104.5979976392302,322.54798438707866
302.4420965301857,57.34382824269051
517.603939324405,117.57763021778878
485.4919458505603,121.73892119513447
1056.3954096575908,356.1022894379134
285.5925890671522,65.91247991754678
424.73937951948307,133.21975194890103
220.88830480722157,43.66672499078713
839.6398694315396,255.993661844736
556.4519110990135,190.98173705718042
542.5867530553785,156.67093116775843
561.0683925678222,238.00032155544048
383.705983918006,95.02072767934904
1249.8967255554335,365.7442854844512
751.5863811308182,194.82314537792166
816.9133292840143,271.73176317472524
738.6473930798036,217.92275683291066
652.8820318751636,204.31481082340346
571.073335859336,176.60458335286503
875.4057998373066,304.9141035348351
844.55563063077,304.91654747982534
389.3541082726935,95.54571604335787
646.4193470032646,197.77951206442071
525.5498884247,170.11825578972997
389.30748953063517,98.13281106663783
257.37120403856466,80.21137463085165
619.3735388093834,196.49024194784573
690.4261470384042,204.72897870342027
540.6692041360375,160.9790311224213
184.881374040784,35.51270789318112
908.6763638113437,329.2479311653059
301.80423431755406,74.03671274984629
534.8746219148727,143.42112842105155
416.32955866481956,109.61766508012543
1058.1578673156548,334.7443108960749
433.2507968981474,118.71376221034764
747.4360021810263,219.9695620254806
886.2440394291618,294.4026066280036
452.7783813069732,175.23892829411392
913.1335803537409,267.0453376334116
670.1326363921917,156.0783418232119
893.8202729202641,258.1822820622936
846.8716603035045,311.86234460618164
723.4664323566514,256.9127027819615
486.2286448117326,136.35031091087555
563.9902912114422,124.51301963248594
823.1201420363836,240.14442504957108
244.2995727662282,44.569686346723664
704.8991231596567,226.4190602556821
191.72647055251167,55.84831754518023
802.2224780441695,287.4512762469582
234.4532789404039,73.77265853691594
717.7166151718712,228.62808631787553
1206.9640695871421,364.1554286002418
36.58321138081738,5.078261426536162
612.6497872842458,205.73124264069637
737.5733810419179,259.5539402303915
931.0956485286787,277.5422063707248
279.6858852555539,48.273918236272635
419.9626750127094,116.18087073033534
444.82260346387363,144.4806817626385
1263.1840879003307,421.2455414989252
1275.7367153278772,425.47752893921495
290.16791294332415,93.71991044195795
802.2684579046314,268.6209173325386
680.8090244743098,235.48103053971326
774.5136681385625,253.19733990012978
125.89836804045382,38.93279021099491
719.822586916534,226.38390778968733
909.5867320356214,303.92530782880976
652.8497711963336,194.54474898830642
527.7552136307456,165.7992910268093
576.9277588596367,146.3085624844793
337.2578970333937,97.68471466473741
789.18252037462,304.83010271537864
617.8504718506902,161.89556142158065
312.73820769676604,89.97088059586221
1065.7932551061137,640.7208688808861
846.3422939044368,257.7695610334974
379.6646706816993,117.62210172819437
657.0638825295762,257.0658609634913
1025.8164296058983,333.3727570035853
411.52978078370825,90.12193610378283
761.5972570864651,247.62310796888292
879.731480901909,274.3214215072757
241.96172272936434,44.07529320383434
441.4312454594062,117.62316478666723
529.6840105642373,192.6453653101746
434.5396064101601,101.02440280576862
724.4323237017583,198.86561405433687
482.55293717875463,145.7675397257729
990.1324224278246,297.26081328325716
519.2622830388989,150.5262594654495
343.5249786350132,107.88766005780532
540.3731975801988,107.64185302466232
399.1452209784961,82.21257244883806
395.85375530751816,109.94393787618178
643.8292460271849,162.58100833868758
395.09802251831684,121.11413428706297
864.7069988031438,298.06358588859285
626.827440547198,161.61169809367368
278.92759658604365,71.3188689995708
835.8172742327765,299.4813177936549
460.2277561109313,174.47005044358986
850.3032992080913,228.84849296979985
516.4907994214609,186.5144243884163
495.6913304528668,130.85119548357224
879.6327518045455,239.76660831852
344.94165097226806,125.81150878399094
970.5564091795827,287.6207755281798
414.0470466728598,124.9346063930185
464.6619787121607,109.68743314724647
395.2163806695037,130.29885783614168
611.2462372159116,223.23682310661187
1061.4492924500792,309.2731973878241
544.7210509366134,186.59406112634213
756.7931693865158,268.91834601434743
705.0034855482777,246.4805915493767
662.9926665508999,282.16419067612816
834.7921504859842,243.41363794133252
598.6473623581578,148.50514838053198
1229.7283111221564,557.1095200972396
417.2355761521059,93.33701702754612
589.9969782862041,235.9617202875656
957.7086004467169,307.4804668063992
820.2327182353189,273.5118061761058
981.9567810713964,292.5749680631218
696.4657127717718,210.28197351970806
997.9663683684671,316.70854235353926
591.6268854261887,166.48589374512744
435.0286475910992,156.2994586523411
591.3272441323982,160.46619549331584
776.3928653468544,255.03141885367074
794.1819435069524,258.1459779152449
591.5055704670143,190.2937542790502
870.4694110767882,287.48931124161703
830.7415929196625,305.46241355674
667.4708740749167,227.66176155915855
833.611953371593,286.44901201028495
496.7948094954973,148.43411868477074
894.4500250448352,323.3728717107806
525.3885641643403,157.51846709315868
707.5693621191131,204.22541764150867
519.0471118169597,166.7636914311681
275.09097149781394,53.12802150033318
435.98827753161345,110.42979237639169
1013.6839156282156,318.8132044050073
895.1643689910277,305.5514945981166
555.2438493717511,165.97498257305028
965.6968454084328,305.69784128740343
1031.1443174461651,416.1513827323235
693.7130386300097,245.97080259488874
922.2767046657068,291.041252269428
358.7608941036247,86.94565248058673
760.407702605823,280.46353178245334
877.396552341964,265.982134637974
438.4262504925362,212.80840149079688
718.6612678293627,190.10781659113022
395.90030450752454,130.04601455509584
792.6833980715639,212.1937808760227
784.2449375009924,250.0508462770549
99.99360976753269,30.818203249881215
660.4132221651594,172.46612751690952
665.9327025962793,201.3685100639003
887.4439793134649,360.90962320789606
873.8300947635487,294.4908679446577
326.1232387132901,78.66681309516191
1042.9860696375144,332.5240918793575
915.7851992559963,308.8756274302807
650.3019534943525,283.30378984513027
1148.6695710595093,341.298444733595
1281.3725500747887,380.09443766825973
864.2284843012883,283.8776757874355
787.4190522501918,212.5947097703943
779.1859645834584,289.8183204312744
872.4932357682285,256.93418507759117
679.1598822393719,202.56416921603068
859.7362214137426,304.8128943835974
609.7539536037283,176.10878515527114
487.0769841242536,109.89879118676016
903.9597216534625,293.8547858931522
528.860948204651,142.54085856013913
502.9398446495389,112.71769571404651
1064.0121984406144,446.9709860657862
1159.4656387917769,330.7890814792774
814.5770769597336,226.69323535193502
1116.1875938261987,369.75405210472735
455.1946289527994,94.59955975592891
877.482473112828,280.3122698385584
899.6543297934161,300.7965533741295
875.5320459754719,297.6474631567415
429.1223635764244,134.31627086350218
637.0076319373416,195.23017014667022
902.1433830251401,295.5429053284132
492.93324775114513,141.52754496478926
769.6232179961996,240.68895407778388
1151.5896186546138,452.76021584661163
581.1174761019329,156.03871047946936
917.8653543665323,285.80494522256816
746.6427232485524,256.04961307408036
1430.644299205309,413.64703316016244
1239.9485535700887,354.6957293578621
607.328578031296,144.89048478361653
637.1604999408548,167.80335711748924
785.0649346690891,243.97080736749365
607.5831767151242,195.76476039740086
317.7804009734501,75.9587042196723
571.6484516420269,162.09664295969614
881.4600897968958,306.9610090178114
1199.4927834597825,417.35915310966845
1266.981227080426,440.05292514430425
758.0069325587049,278.0975301206017
554.5237079036556,152.31248842635972
246.1369442053531,42.78290484720479
516.566209993499,143.54862597756286
1111.7518907707743,393.3069428627863
359.14661800992144,130.7113204186358
1070.581014366075,324.8792106899026
627.1319810967414,202.5443362459251
1477.172140462082,418.67822144290847
578.6535665791149,160.44909886079614
582.6231982211789,170.3307151573296
778.2083931050875,237.18193617583995
435.63069954119544,125.55674466389033
1430.7572092931737,450.41651766691155
672.8653593623632,236.95493245502385
1294.0883286064989,466.18950487016656
683.5727325259747,231.62348342844828
225.60322380368592,53.435141698051424
652.95394748583,155.29968193823967
862.8992422033597,308.19436739077037
589.4868468848543,177.29647612195438
1149.437346015602,350.1061047263791
1353.0679431718172,404.41764194918295
548.877263277181,166.08221986396052
459.18944488300184,108.44728555217638
543.6613502990401,185.5370518895752
752.0215832251207,220.22023464468168
242.62651287939363,54.319695901739316
512.5013599397863,143.1610252104467
585.1746206530347,179.06508722075912
678.7491237186065,181.85093371780462
638.3995543367755,238.52257851930474
555.738309224493,147.74705571507445
758.8736404146962,255.67142254356602
603.0131347179506,226.55413551196176
769.8966509615224,196.47520184435874
762.0245923276372,236.72378275269648
1066.9133276857942,346.81570694817094
457.95303825994887,146.95378606548684
600.3568258851557,178.54494049909263
890.1253145771707,341.1433244206229
644.0308666548497,175.54104034771365
802.9133299275436,306.67599948150195
1069.3838584068617,356.3521284932826
446.38443334466984,124.13714485470724
185.36232332876517,46.2867526838977
1543.8203187708323,553.6373167615666
627.9924768825447,158.40263006890646
683.0369871108077,204.23283817650793
876.296278338255,249.5271598629306
720.1665430168421,199.2920134387555
989.2459654142691,341.5219406953111
145.14034518084705,30.757664654430695
673.9307926502397,225.9587361323045
1206.4575079971737,432.6832983469701
650.4848073611151,268.6683861380255
651.799814617091,204.25682025419775
307.4197067435716,108.38043463451382
830.7196663464965,232.82738037066673
713.4197147606837,243.59196298716247
737.3300065887165,262.71014571504963
719.9830594463502,283.77403656481835
846.6703947758858,302.99822995280766
286.05506609464913,66.5537832263868
872.2630563167368,467.3250929907863
757.3735222699763,250.94157188318152
1478.844006435337,505.3764630158255
821.1276465813892,281.2100640362391
834.6185100305539,305.1451997311067
752.34894159028,194.3291451585654
351.1306598244417,109.8845617816588
481.2972552244475,134.15607689327868
125.21188548434164,27.813284588709994
413.4321731820537,115.1778573250183
560.180332509283,173.89143742981014
314.74907881795883,94.33629688659643
1061.3164008379695,346.79537800703434
503.233354488686,173.04040129412178
599.9695831704116,176.85063932537423
497.184481302673,168.96819941726412
793.2283463563406,360.4635701306384
970.4762005347808,445.064386561507
335.5604616245747,88.91838626584709
340.5575761632713,100.07897840740546
1150.6687668112352,370.51112446813215
94.16279647399148,18.414501361335503
869.9587256753896,233.16965490615124
675.7522355569331,159.17155692024207
343.8441085743144,81.69069573398494
1003.6458963737268,321.92254089056814
410.48767143811745,86.6153058772891
1279.110359272031,353.8382540925231
712.7105399794128,196.4632669544428
466.20674588788813,151.2274404022454
732.3045607506974,249.0056883762385
866.345373936548,265.11835363721264
978.0867934997718,355.0557681675138
270.24973944623986,63.39927895090146
1175.824225426717,383.8821655594916
765.6654554094142,199.59057869590458
732.6508990362233,213.66514912089147
1021.900756180985,374.7174222503463
542.7946318789453,118.8384997961556
884.8159262794755,251.32536748612884
632.7109232443526,178.5109883100117
1112.4761688045173,356.18488703501356
259.58090817907333,48.09134274164394
637.8384588305773,170.38277390006942
438.89814473828085,115.61619014840836
661.4656880140247,224.0956770103951
676.6071624237738,199.49777914076344
844.2920508268837,292.07931527314173
116.43105041571607,24.038245042163318
1036.9294403680874,296.7446304136311
897.3463684819227,268.17907713048027
429.79731296846546,126.83826042401867
492.0354436956975,144.32580937111194
451.0688695390538,155.0642695358884
795.7060928256219,364.14564198836797
579.3648056493174,160.84754534770806
131.2023869249788,25.542720182237673
435.67289528903666,135.51138532552574
1610.584089341531,531.6572038711155
130.56821242355545,19.048714452152932
1064.0305975877914,284.6397168377025
823.046140608588,299.53687149578127
735.9205355603626,263.82176862663044
563.1167325228691,175.80559438140298
936.5717259453105,260.58929736923926
481.218668964623,123.92252185126887
780.8289425753617,251.26659364961836
811.3088883841212,272.5376730105116
387.6130610080087,78.1509547466157
839.0166899463004,231.512326743572
701.0334596388486,258.551179452296
535.2566686151415,202.2705562069502
381.34784617740564,78.12653429255063
431.635589907301,120.82774690878176
797.1702957303892,221.8281663271728
771.733339172014,195.76794669131618
1052.625816711387,315.5585295121532
740.1270842916754,234.36368775242377
810.7604460563771,320.4295265276179
849.4593015660703,349.42729801902715
754.9811183281726,262.34601532481304
601.9589224943145,134.38620182711003
648.732008877584,158.3368701066314
283.54737319811693,71.54615568383157
223.16779365700603,78.9373099725914
1496.5049038551215,554.5710509390287
696.3626422651876,245.47996782258826
685.5375693661524,256.87736808798047
227.6954895509562,66.22921011377937
650.4435336765423,188.16805779507132
164.2814821699473,39.66966110920016
953.226458430287,318.22852175029533
1011.9033451176629,371.97487160833094
1207.1837135447938,431.5020236861406
365.29932207903005,86.10099592426468
1245.9040874505824,407.5404030606379
734.9616663600839,256.3146682786704
850.0836679126376,276.218201519639
711.007536212079,219.9892151401872
662.5197104781881,195.94339675762342
704.5981198073127,211.81606153427202
795.776024719422,295.3252610065902
899.0743686047149,270.4904997867937
687.1582622364465,212.07456430971234
107.25841209415069,24.015630286592707
1380.0841622301152,424.68327183395115
1071.4153693993585,300.70910705324144
558.2770544139294,160.97932586092094
417.6128840599755,167.74450345821126
276.4804667951416,52.187735341353374
302.51871374830125,76.17699338538765
654.6931613857837,228.17835240760377
611.9927737373646,212.6855372543257
394.4188253501364,126.35183763408023
514.3483096375527,183.70227117664305
17.8764797606837,1.2156037778149544
1115.9777515795336,340.3892200426095
751.1237932288458,222.7126173976355
894.4358750612447,295.0581224484045
228.23212832113003,33.84141572144991
281.6142079319216,71.12216568615591
676.0879062946233,221.51536792871246
833.9348402930658,291.6523605281903
1117.5401050720784,401.96587663300227
190.5706800059952,59.685165412084
1198.0056509383653,368.70157404108227
975.7782971374498,289.00277058813333
478.506097585605,111.96490588387233
936.0649517729595,303.3675048570891
439.7129237771249,124.9544496559765
751.8560132451737,257.79810334641417
574.3965597357463,175.99195954141481
137.6491461424036,29.952689383912528
802.5185172789724,341.33187133342636
148.2395218286148,23.9664352267021
601.6670996650732,249.61832317621707
1022.3272796820513,372.9134348727977
568.9418697288727,174.02839355611482
688.3200332648573,227.50196193872256
698.5503058356729,162.79324227013103
885.839910223487,316.5242891831892
783.732074397809,277.5322687575792
94.78504659501664,12.030749525323994
659.2503167833705,233.1457016193911
848.5729187132112,317.2327728045566
986.6827612966275,297.69255711532605
352.32730554906965,114.27689880599596
1276.1616055804748,387.660512817698
700.5805370511345,165.13047021619076
232.64711597694372,64.97383323260144
329.18271137557934,70.65359116994419
780.3751813394854,182.593503363423
542.0221365285962,162.77957365135143
1031.6993545609146,320.27514287247743
1041.5427542786201,468.21892518475744
397.5478146457703,100.76585059246791
654.296118507453,220.94272711289793
1109.8542465723253,322.12588099298347
942.554628271013,332.63893935752486
276.8339079453302,58.221064198279635
226.55076238223558,44.64815279995209
448.2594447294827,111.59973679723724
478.5361159721842,144.8520115947097
361.54854726552287,64.32124329331225
500.45401731374386,126.59336196736976
590.5322693953751,149.47633398803458
818.593810046654,298.68476925091124
1085.8036017932573,396.29002259024116
404.4887614107987,117.42042410346713
963.1328108281743,326.67603391579524
773.7618703884651,237.73718486042821
468.1776098762158,136.19613325887488
675.0758061025774,218.21463235500886
510.9427264471516,158.71557130806158
524.4183188407986,135.82078564807338
680.068256023603,209.35141540629732
457.7591717123109,150.7139146519721
525.8479440600744,127.83795663261228
637.7629280748249,205.98882674746096
846.8429213879276,284.42327184948385
299.58551575922786,73.99175238622095
440.226847664418,149.76218677879586
671.2529244051824,215.0222141862018
881.5332631409885,313.14635243049867
949.9995038568609,276.48256108864746
869.0122189687077,224.12919147072236
436.84095837522835,102.55403523442936
400.8604959223126,134.09233656228145
400.17480222671486,107.38607254401344
205.2116241116801,41.08112515012157
615.4678538456609,163.99484976643365
487.7547597551836,151.08184238232676
524.1325274799202,121.456629513402
1135.39352558336,345.1090979918187
190.22965944320052,28.936396995712364
1157.6624091905876,387.7157364611332
767.5671487406671,234.37137896420674
527.985980370174,142.36656975957268
533.5508978403982,148.57839915472437
763.8915673284565,276.8154511455052
923.717389625312,310.8734265176804
672.6591498731436,168.8788663497297
573.4875874959297,182.78941756009186
1175.85764499658,351.1551048556398
549.5534779909372,151.45433611081066
507.27004254781,160.5387147871692
324.08953807069196,71.32794650374098
504.3540451141887,142.49669528109723
742.9770352616554,240.79092514519266
292.3205661412819,85.19446957047099
778.8273116853564,241.02164020192353
555.1934624689487,254.36001026449753
588.9959433707384,228.5382385218752
712.4876628329782,248.94627804380136
913.5962928990291,235.43968556180363
1111.8584045095415,393.51497794195564
727.3839384831293,230.10999796309517
722.2619025376976,263.4755844463747
766.1487988379182,251.93618023517578
793.9892942418894,228.8313462174449
844.7928441752556,221.7551164437064
361.39853490978453,95.60595871364566
1121.5888156246615,316.66655673456853
1098.6273066566832,377.07318231770694
616.0361959732431,217.56476713745076
647.7414288520197,180.02282865998058
1095.7054238213736,324.41112395851883
1224.8047110202986,355.4914078315353
671.3789699603695,237.35315603529253
870.7912596699725,453.12462892697573
1028.8164789023992,344.6430966575393
632.1228179107685,219.27904790531628
509.36631090961794,141.4773612561376
964.0433764632755,279.8247709308976
1009.13221920571,304.2592175644924
723.1708057691055,209.62185285017634
368.8182884295344,89.85729500418385
329.0911264466404,77.26358315250039
589.1788082239505,148.28883446850307
820.0490227097844,262.1565312960741
1203.0395935907877,452.7484709850794
755.3155789114084,283.498996110284
648.8002243387651,198.9506387965759
638.7352644486858,192.81767247831277
844.3566045854857,269.2307876654428
472.20659929150145,122.35774082888477
751.8519930738566,285.96277150729156
319.13250278983867,102.8489584305184
451.59779160089704,124.47066044282067
493.97113642870477,184.1973731334276
668.5040078746251,203.0359698422264
548.3763242651731,168.12220706042862
448.59607242781135,139.58090129347798
1023.9781365978987,366.00884994492844
782.3523695796958,236.24074407965526
418.8266594868212,88.80487059071658
807.995137115235,263.6039431740625
704.0193968181318,131.35247473031194
447.0661221534078,146.17504225075822
788.5362408808087,243.13823091177508
821.9097988745198,281.83483710808315
1361.8566419678464,400.86073263350613
209.70648812025547,67.40973871105658
228.64176456909854,40.97061888264487
721.6141788362403,188.11610344744412
873.1470164295806,307.90857798349623
1082.5744675835595,313.74824132018335
1145.4481949256203,399.62917486297806
417.30901128516916,92.47934312842328
456.16608675189013,133.2093100555769
584.5821634175568,135.06453569214625
1144.5826670100573,356.3425514297541
502.49392431447507,147.49341338117796
200.36909355760412,67.93811317842219
440.8700083120049,125.40092542700228
766.3046216887878,272.47684355266165
753.9357501630617,243.71641783587143
760.9332470492964,225.85499426596968
704.8137840931761,188.40031865088665
684.6013395365563,221.55722274359292
589.8175973482123,157.13083151737197
519.2138374447592,120.32245735130425
442.36816230706563,146.07594773406865
512.3344778007055,183.8125447404986
748.969437173795,184.83532822231223
613.7691735762918,152.6218759099699
420.0478830805985,113.63544868733044
475.5322737664245,152.18455966304992
916.9916221082133,278.372837313448
1174.3356907808106,392.9472017616266
916.2328290658955,303.74905407311616
910.2225568160036,270.24395579387493
934.5591703590137,386.00006719327604
839.4302794905575,299.5910802838194
376.51965648703606,151.3142928559785
330.06911029862874,76.10188682309558
1068.3279300929416,441.2622766074539
868.1300116407601,317.4405800646778
373.84283481285,121.48093423183109
844.7070654206074,247.51855895056462
404.1888108853074,119.65698881672299
515.7658432537058,153.98193423371134
835.8333858775175,240.21903703957696
777.7255904439467,251.88548320516844
504.20174836665774,139.18379871616744
513.1390904826037,176.55941069797225
844.6902453594578,284.6753266792548
340.0069244410435,69.40236948794612
1110.5141851281116,309.3119890045623
710.2989806725203,241.47041411941657
205.3623150296912,46.009141102690734
1065.625394933287,351.74259741622706
669.1218256730783,225.82924525221603
586.3149892492745,159.46764415571315
225.95962909288076,56.963429470998356
776.6310452742257,202.39275987486536
274.18670030166226,78.50290498469107
842.0120112491622,253.36170991067422
976.3576284221518,518.310595277137
389.2587732151657,131.52386918150086
868.0575817101228,256.15084856010884
615.0240385083931,196.50056854624927
444.7116629570346,148.08736628636333
397.3848149785754,93.0160535634581
757.156423985848,219.8345784061742
694.7740627195357,131.2844199554135
962.8911527521077,290.25386695782817
793.6623794652807,378.6360572412916
1336.3188488013134,534.4409439991972
611.2478166293879,183.91121122921086
417.7031211893528,117.12282203547583
792.9746442279352,253.1936105787524
319.05452343471603,68.1889280332806
990.1634427966474,341.6615728630623
1088.227861945451,366.5807111937453
268.7258035322475,74.83852133052484
731.0191664497547,258.0734426276424
994.8561155517675,301.8390833615243
439.68741734130424,120.3816294829299
601.47586252642,157.01184903855636
940.6396481837909,260.21320913976797
500.31156619627495,125.63759146877325
443.62334743312795,115.48273739437244
496.626308639679,135.9195141374969
596.4416608908921,201.62583241460572
747.877849430979,251.81898197442644
429.24989090154446,133.85158103456666
728.2045316382508,197.27043747602764
321.53923281433276,60.80442739548618
684.915242975713,221.81476892328394
815.9944089930895,229.09850671513198
785.0424698003234,269.8339403462943
961.4991278438249,388.59113239615294
760.4820452635003,245.57756412819924
673.7902683474762,200.13409282805304
1000.365989621793,315.32483385562784
784.3995287050117,207.12440866211185
818.8777258630748,279.7425888394944
365.81967938004095,81.61460259783149
334.09244814734245,105.7600747335391
735.2416396684646,242.16270479024138
930.5440658333005,321.8354488418891
355.30720625672166,106.54808606859939
238.846354625425,78.90960785273576
316.26397899978474,55.57726018134339
406.34706301297257,111.19974252666536
445.42388994278247,99.88162735949646
939.3316150506987,360.1361618998258
937.6183266509854,348.03528103197215
729.0563516675545,233.449290034699
614.2529816051692,213.9253872261817
352.1667645330554,70.6810942668238
826.752797216049,252.1943928220483
829.75739452258,263.4548100543314
491.2373487106588,94.46197077231396
459.12890912786406,163.2997526546681
852.4621068348085,303.01082487249084
725.1086481417867,193.91883816349588
211.8461103673568,40.82223354085501
1156.8713928541215,390.6073643393374
627.7791527250889,218.1608364433291
645.7993267146437,170.92475287589426
928.86320942166,313.97857029286513
853.8129770973311,228.1311278470168
431.8871875932734,120.70087278674823
738.885826112655,191.76161221507022
801.990518533084,293.4122116669946
459.52036593838,125.67941137624867
290.4105944349649,81.60227429635658
623.8888791829133,164.59908095313935
472.23450076189897,121.36490493644457
1015.8747782839991,303.94435596045776
382.5765496714967,96.84048934815195
1232.0738584549158,410.4279865172831
468.0866725573088,157.13242095946393
648.2272588529793,195.76241977763152
1026.7922344738186,311.6155892729362
431.1457358008265,112.37981324024915
694.6830442224327,247.40984807762192
1207.4542689027437,408.0574828027874
1093.579118273829,350.807570439202
1198.5185256130408,423.0692634985301
637.7888847271756,199.64148496622428
919.1509001485412,267.8702839990001
950.177704451544,426.2414611715903
672.9786695006578,206.87882553347046
929.8044001468528,265.038409332146
710.0136471100266,249.7740802119013
394.82327112963424,150.38819617036359
393.86404174440656,130.69817672318308
427.2676649803592,86.76244535416635
578.0350403503523,165.86542747865175
662.0415933684932,173.91408520111534
1080.5051024151235,315.23027509700967
510.1234899898469,126.07793379693884
631.4314812085606,219.77307313135464
429.16760274610374,162.2149756361017
578.7106339230555,217.62740037853837
337.55830335082896,112.43355257282715
1063.7259049632903,279.77204559245155
292.7724635786569,58.139571655487515
1289.8556816559365,409.6747311683033
234.08993889499357,100.35439932120094
771.1341478453178,238.4024580386058
632.1377388968315,193.33737998978353
508.42725466108703,134.0816014850195
1041.125078555419,294.19551450700897
756.2530756286817,199.64808831556357
697.254979557317,199.65308041993478
497.9352744715554,125.53664625284105
696.2260319047389,287.5263558694512
846.7455465468014,231.2820219386827
805.1445608680176,299.716540694116
956.4478102552295,338.12350618804317
440.89426617441376,102.58953954250391
753.611624910253,258.6494747221842
875.4006761922712,321.8461656693446
539.7101980690611,152.91290199285666
942.5162749093782,301.3334498726003
784.7767358497872,269.59963358904895
573.9931484230381,160.00505516310042
220.40812627108824,50.214975569002284
895.6937629929755,312.0214577561339
706.4439842183078,243.9859917545571
490.8324038946314,154.4907756247876
1117.861236434016,334.6265641269688
672.521007378843,200.9884905904926
770.6106167015134,233.7329464044781
559.9760540822575,140.75245488677436
1149.5484059741113,326.36820109349196
891.9710278904143,262.4145718130225
516.8922326109564,132.063445878998
636.2021975727216,182.45733880887997
332.71162374545145,107.57714956289666
726.5281453308469,208.056298761804
1173.2409363220156,372.5726681337617
891.6305190476114,292.3608768460716
711.0177476473466,239.0616368965863
1660.8776187142037,523.5132608232569
558.8489603081322,166.70468878585308
795.2256041391812,255.7999378223982
356.9324406874827,120.92969186334221
763.3772951624494,225.40925270721806
712.9310127185263,189.36126719352146
1257.7131394156486,360.7613417988492
665.4110118007981,249.87598854766418
412.74214461094493,104.95385744071373
1342.3837767260636,404.8224786935821
602.9706525138023,182.38283145426982
871.1646260240709,251.6714254008768
751.9748282267167,245.11424233077454
915.9855863873122,306.73780289206985
533.7151940852282,326.3552027037058
282.57370142550553,68.23271372538977
652.9267110907764,220.46197656274575
556.7867951261383,135.40784509000562
1148.118326138394,350.51158137979706
782.8775997622535,269.46086786127796
353.4310679691181,93.40973983221897
699.8475197746818,241.18338599221488
754.9418933678177,238.7142955299529
622.1347254230529,177.33622774156572
1104.7467782615443,347.4105817656555
413.6701438447327,118.420615636587
979.9414033666208,404.2748655214313
1230.3945524785831,369.93757712633135
554.2969073417005,148.66551449684076
1048.585066114076,288.5790799027645
595.1820853801378,221.2548794190502
919.1305115025197,240.71402622014244
637.9397275531121,221.1405264064517
642.4132307682752,220.20321331689985
715.2856608008834,186.67009308560594
322.78486886733515,89.85297352366054
562.7501349626373,184.51786163747207
902.8148468833724,318.9085719590607
303.31387350432607,48.822180926344195
797.6906310155418,250.46929466949626
823.9564256367005,284.6092349544279
376.70546578290333,77.67453769351505
629.4313967528426,185.2276620540643
785.9353368530466,230.2964067841998
1079.069392203437,629.9290020914806
692.3444335546424,271.3892141562086
312.50444217653967,62.85496937825278
512.4877326994919,132.82204453755125
727.6014775278578,219.73535111686263
608.0295273165469,159.20645093062416
519.3012031484221,187.32746652360476
432.0971891260095,110.49655080942965
776.0614815821613,265.2164337529754
1117.312209282622,371.27299512372645
827.7838885474677,214.50199755389843
468.61834528484235,92.07065634160129
898.8672207510858,316.08146179635867
683.4315878559935,199.45653710050223
540.1517802285591,132.45141467651086
634.1305412088486,204.35572003345015
312.7310013746792,102.18935704813383
1224.0386756046346,412.3198743748969
752.3502824861471,214.8459535542825
428.215285266706,133.65667682221377
450.2183792275246,114.46998853637787
505.9979287338971,112.1181649910477
386.43892971376704,90.98618291236409
463.32121455234,126.45655956808667
381.160958903705,88.92605695277162
547.9390185774755,168.61279413291086
302.9901906574544,78.80446176996024
581.9159412249938,154.60785632350502
293.0471998124617,93.19960986817057
369.5581380067092,96.5780468876163
912.541672113404,258.0144545426406
778.2456770114,244.6264338312061
1005.7993074518384,296.58546326309545
570.4055803971116,173.1202795605321
353.8712076133619,67.70451565223503
558.4485068165026,161.9413834283571
828.1162937826452,297.2916735194863
886.7391020881787,256.8687489949957
961.2065449621423,271.57744352136433
482.0338642913755,118.75945281439124
444.6213981350092,129.48708621820688
682.4558451326284,232.44576844390338
862.4538121515918,374.30048823437875
1064.5376307570984,353.9697954348484
944.4009327715155,377.6929790815837
635.8598170450654,201.7320298282225
1140.1540723125822,367.4447415522193
916.2025794425163,286.9180423015375
788.7913832039212,291.2197346857512
661.3013771152674,245.91528690382754
523.981717439413,153.0558926456522
1029.0565877533013,342.6849384276183
756.4529780726157,289.2316244697214
701.9072304043179,239.49320861387167
476.57028832155294,114.54604645244069
463.3133286211178,112.09725703638563
337.0361953517987,67.76330483001826
419.22831144981626,120.52899311458043
1049.2279360580942,303.4829293296368
457.15794970432046,117.67891095019074
972.6720780220104,338.99919093402235
1053.9554203547582,356.8633003258522
418.3612866182231,106.08499170173958
649.6985647771866,195.33168583421676
795.1053119992107,276.2184908271425
401.59315679791797,77.3901475570037
634.8034358772229,155.5211767616028
547.357841925979,122.40344121791237
321.92363066056544,104.73964833127454
917.9063931605967,305.01831219012536
427.06223311084693,128.89322959876958
803.0238778601076,216.81174411872067
431.018634401903,97.23111596976096
215.018449803848,53.735549813784615
290.8126356969451,60.92185403841299
980.3169132869542,328.68668946230474
851.5426150573271,278.8604478254087
673.5792937357528,199.09823828791636
1203.3851139021522,361.43107454966906
1072.9949826851716,313.9380452110393
1258.0617865802828,405.0670373267412
641.5391174486026,227.38764057362502
619.1961578673951,155.34884990505174
322.6078042782067,56.02056341713353
1078.9529169951068,394.4378674866871
1140.2673367379884,386.6744416599342
630.7788679168036,186.79219146766764
480.9810998607812,120.11635983432181
717.613934053717,179.5086418941193
573.6552235659251,162.74920731955518
951.0164857378212,340.7311425799975
599.2370021894284,141.62589597926564
1085.498008229186,317.3533439904808
689.3608415648231,159.0189491549691
606.1255373844634,160.55810211296748
1047.3752996913327,349.10203905135955
591.9925765224243,183.4684933528985
1078.979494615081,314.99928644153346
542.5937699037613,168.80789907361134
703.8975073310619,201.8410388654917
680.5953108278552,213.00979768368856
295.4423809561528,95.01280679445962
659.2029751551338,212.73397375727023
720.119682317847,208.89249689768704
686.0941151803478,223.811911385794
715.5510221442421,214.29824422128954
635.2988414973132,197.97809341848097
610.435821386973,168.21778509427915
1218.112152122099,362.82979043913025
739.7597838379288,287.5828019628618
371.25434080548854,120.73428764999076
466.77930430294396,128.2411231121773
932.6538599799339,283.4068511378863
454.31139628658264,158.31389479365467
463.94306614157404,156.41476051794243
512.9724375331632,106.39190845169526
692.762624173102,201.84814530432925
452.51326041305185,134.6231631098391
823.9749543016028,247.21854566461283
808.4746054128067,277.20425432867194
360.60225694319377,123.59272298926668
932.6492109853384,348.16132330753936
1180.9038313461285,369.54318820379916
271.1618635748301,68.33593991887179
1231.0419659275099,414.58043173808886
559.9171962176473,170.86478126111345
449.97383528313014,132.6073988896247
728.8683553548581,234.60095578221734
429.47655606096424,90.49168011165153
466.0468889796614,131.08180657479363
1019.5809495661312,308.9147644370774
523.5563169294254,179.2324929248192
817.6287139898077,240.86959220023476
287.9997173806919,110.08932132245265
1042.1593311753186,350.5302836730745
376.02180580322124,81.75946225597463
820.2226871228863,373.6138554151234
750.1162038276582,195.3237341828237
642.8913420285653,174.46502017478525
741.6153584686149,238.28088351228936
254.2510975471927,49.93152355738993
1581.7776981238549,467.1338831218495
633.7162208868576,191.15278923486164
340.5113637138736,88.59763986208125
873.286944106582,245.82679162324914
1417.6398884986345,483.18201876754415
205.62077574146423,65.64909181644357
816.0406036007018,211.59889835003446
169.34548824601148,36.26563844097286
358.01434867629723,108.07891654405108
475.27619256005534,143.73357005710818
801.1496886968423,253.6598432427636
1320.602408379842,500.196327333137
440.64597012877175,137.29404208236846
784.7099954248218,262.9610487518735
244.7199622107547,65.93856020103246
697.5998946769386,227.27322878672754
1017.001938939471,320.4584413901476
585.736021977595,165.49431896380506
580.2625048067556,187.58133921378283
601.5222350736765,228.55931544556518
804.3957070724248,225.81366685508877
575.8771347351587,173.7464111652178
726.284424917473,356.75552136870664
208.19383515769897,71.05213809728068
500.87478778093924,100.48064476099415
521.8102876870953,140.49833349492994
538.7920896208651,138.30102444427772
712.1084491800873,216.89383028144138
398.9342757117505,80.57687736499135
392.39402669709943,128.061154510796
547.5448842279818,152.8381334414114
729.1916276202247,219.57719037537703
373.63526646149313,113.18033113739541
623.623111610076,251.8711709685301
1289.827613974643,430.0721236444609
768.5678259345983,210.31981394808795
912.0182326295461,264.16957155377276
706.711707655071,182.0957165269255
836.7772165874876,240.2170088521356
904.2531026240036,315.4737814738624
559.1323938819505,142.5381882276678
807.4306732325921,416.63061545275
980.7870576253537,337.13979256994827
689.1118721397893,219.50113697867732
964.0043345634665,314.70383491788954
811.5948685494866,232.22828790180785
595.3111331021304,208.45493235926472
1213.867156378888,341.5996682720154
1027.877385872755,337.9735990836833
883.6598099423704,316.81123704896675
856.6346978074986,372.3241363361894
510.45480513003054,145.5019728323196
653.1313021402441,234.45010200745972
516.2180134442337,161.54681842561567
674.4942715820488,217.12517796771596
1048.1983228764832,350.133961722362
727.6377731648441,260.50891258333644
1176.3985444063471,371.7320512573681
875.9388657826282,231.0058614192163
871.0594895782601,249.3661769974051
872.0697278955902,227.16411035460138
645.1351892471276,197.29869939613516
769.700853664249,197.23471701462017
113.80585171845064,25.324412440291045
120.23513249866174,19.859735038873165
753.2804485591503,310.5743223554068
782.4255989831286,293.6663629462074
832.9742663294337,306.8457808161766
1162.129155305507,338.32534102093666
512.4160521002179,156.47926648360394
586.0797231634867,264.7513609460871
496.4668533058996,165.8908974859644
467.41976270894213,129.58219879913827
1034.9857147365885,317.82494632846533
785.3999869849292,224.22426983142623
348.52494003904417,76.27151177459842
638.5266744341671,273.80028908467807
386.7130684904269,73.20674744206994
967.6659443340623,350.9166265800576
957.1367079163283,342.67193386773715
368.83462026836804,126.3759961573609
489.2970305320014,154.6945263634847
1024.7780593373873,301.10692148955303
444.13630808254334,109.15632641216747
197.88206684363166,61.93940165450303
681.5311349918919,160.08509913107343
666.3511639872486,208.86869135701886
1154.1569060413012,400.4112526603759
473.2743936949113,115.74171034662162
794.2517833929019,258.26513112841445
562.270388078939,162.5602337559935
539.0115555181491,180.1829938785619
753.9971053601934,254.37444406567988
664.3114761836879,175.1105497214577
299.0529640482448,74.36551549315583
444.64717148210775,152.39563619577206
403.21663653949366,133.89752737659356
1051.7643279254062,339.8726806404248
601.2527825510714,213.69109976716317
620.7897124110596,148.33839219791076
907.3215703904477,287.5918739983587
752.8087318447097,186.20302835010372
510.2928241679282,196.96209500294526
1044.0256928990252,335.60650806450474
630.816530985276,158.84475735245297
920.3454021990169,268.70428931685643
921.7717573047389,313.73152821361856
1013.1740745007645,442.37814216709074
922.7736843557968,380.8728917664796
1472.5442171470436,718.4327193234569
1152.399554503926,587.4770987530203
386.0508631574119,97.36821234603848
576.7644637827173,158.93102891549833
793.9044777938916,288.5957568688652
902.762703045737,251.7202446464154
774.4643990078782,256.73996709654244
213.97225941769298,58.4583896385601
1163.2640590234776,388.2430317389163
815.2299913412483,297.6860246434596
543.067406111599,192.33629966894995
578.1046668583663,143.65445500585363
847.6449931136572,217.05556161421725
763.2293177640914,261.66136117441516
282.64787050900725,62.64148592779008
1481.528878445546,420.1234401176618
479.20266238647395,164.14586587154628
847.4553037562544,235.06604861671272
599.9647441275049,144.84171398846902
409.6995795296941,123.21032702610749
572.2855929719386,142.08978419513556
645.6985072044064,202.29050314924316
796.7883659268543,267.6782697959419
1538.7740740518452,492.469597644399
811.777475262251,261.7376371194752
859.8511033754381,340.18126344927714
448.1273899903635,75.39867586092218
282.8745709334119,91.11527753976245
680.9031705563625,212.82532069819925
339.18312744212864,62.420918422517175
518.0621298070421,124.98807406933923
430.4965844898135,143.54549835122606
714.4146473956317,250.25111001941153
526.1489369164628,145.4911706398028
833.3380052370017,286.77411524195185
283.4061523087534,57.18860054927618
310.1173913582624,55.758681311823835
892.6312547452928,312.04349134064324
921.0599340677217,308.2097596505795
516.9122132172799,123.71896388025895
844.2161694134566,373.3483325605972
696.8752991843103,245.8397487610761
615.746957053098,225.58528445723863
739.0426206151758,278.62123413859234
90.5415368746647,27.880437686466514
332.3047624355015,66.72421935184254
709.5129049290354,211.7748942699479
189.54592094087042,29.67268312963493
488.2526020798128,164.36268926753752
1264.60073727406,401.29825402062244
880.5932786548475,303.37127264254923
463.60819295519843,130.04717178955363
552.3155921682999,193.11762092513877
756.0422526129578,246.26772840848298
841.358713284462,262.57049950995173
883.1032155390066,278.19881418569355
871.8959019146876,304.48912417255684
313.0329783021608,71.69724633982794
251.9339309984156,75.42941743088996
908.9595886647604,293.31638921570044
1268.6203427426715,412.96893952159974
1016.9054191056528,275.6234211480803
484.08095097126744,137.73344630164385
887.2781768664786,302.8655709235959
745.9903067082719,289.47990076850806
566.9773479927165,162.33544406772413
766.1168041718147,241.0072024833237
991.3679912763309,293.0778475481834
662.7561299888611,182.6835601803725
414.62947212916663,71.65187752979232
1041.6946076729723,453.3576517315448
644.0933411959,246.62545077158404
649.0657101119683,153.56252173594612
716.9206501023644,224.76144285847766
328.5081088702349,78.5810455068003
1074.9942673258158,314.86377915067476
975.5904632146725,248.25948074766703
1084.9014034806428,346.4446711151324
476.6977310811442,121.4159746727096
369.1645654046503,85.83323893997151
415.0152720032587,108.00706838172954
1005.8121955120336,347.8096905675775
1332.0747007782238,431.0506595791196
190.78475959470518,31.907197189986064
845.9754519939041,276.25634059313495
715.0155606504136,206.94636424402884
804.218836096054,253.41469964753298
479.5807673281088,97.76913992689137
818.0544803939126,238.4216614476878
1173.024325329459,640.106529329644
661.2864098576755,232.84857450178944
345.395947699513,82.84891952553588
1117.151305788529,336.27558291521075
998.7826246666486,292.1470728648146
527.1511399056046,132.21586705717453
949.2091535843331,344.10742914400544
915.2832361025885,288.0038017209113
500.3435772236961,168.66813484274144
465.6381082924877,126.78475879466495
337.440346185314,80.20109189541265
667.3040318692904,294.66331665451565
602.7651273534807,180.96325923393624
420.05222119710197,89.91377184024374
595.0113163419853,178.27828302137252
424.13599634801903,139.3318763691248
615.4185266758984,242.75787567451104
430.6493179415699,149.82051396604865
729.8502275891908,270.8855613250817
730.9027653360104,233.76794917810645
247.09044164780434,47.08649820802242
694.9571212842993,240.62383998705658
713.2430498693179,238.04559356242723
666.4866894073855,209.35553113224736
634.774671239553,236.80176480727033
769.3270546575059,279.4314259379311
934.8461844212943,274.6927523558289
437.18700700347756,110.71467444114985
1012.9311455844725,310.44513000666234
794.7253639638985,274.357726928598
773.6056825650144,190.43061028611518
342.24309142494434,67.65137278969688
1104.2912520540567,447.78631639189393
283.03418274342033,57.41916557325757
756.4850208196096,196.56220632227607
601.7660363716832,228.7598928573125
786.742168371441,253.07283660827434
354.26561933297097,116.52089190709076
1446.7764760982604,427.05051302813513
740.962474910658,229.35293571884665
701.6436031838597,163.0158841075693
709.6660021051651,217.64320405799737
432.07695569626156,115.15813188206444
401.17707432784323,112.25932628236669
1348.0353929899704,374.6278104144049
509.56207613002033,152.6477999279349
1296.937608184182,541.9623200500558
602.300412800735,206.33975528564525
832.6531293775201,271.2735393585588
472.02643092353975,119.04231015013873
551.6569537034605,214.5101386709338
545.30931550472,158.4548210574465
829.7294339034693,249.78102493753016
880.5641728116427,377.7661037696138
49.896275686252345,6.782065384819088
363.9156340610177,135.74796807197015
210.5963198257691,40.69345237726595
399.52675891211084,94.12814016518547
1151.1285262734002,324.1525165472708
703.0374651038202,229.2953702096575
1001.3735755260683,323.97885753551003
280.8443421875045,58.00553184798161
689.4472889088954,207.1204884404593
1113.526012038752,330.45768266875285
791.6477856174747,295.028932143799
479.7575099822923,126.86882185690695
381.520203556936,98.95381293671002
557.2071387140691,168.70558889824682
711.9968696412194,220.86639279246742
814.7500665702862,216.28489921123665
1021.0893295372059,328.5762340462297
630.0464547899356,230.47859390253322
455.0314973295675,118.2440678277273
763.3069403903305,220.3812609287447
376.61483734877487,108.2423959699782
413.0935844611356,113.72606388396679
526.4778641073409,147.32145147256136
323.89952082607294,106.96441996227333
681.2359826480811,234.9055079743884
415.75386693655906,106.65874801810101
605.3802825249782,222.7206546000124
867.7794611711525,280.0767297800156
425.22369813744933,90.67688085284945
355.35983552615915,89.3751335004134
740.0833746308572,206.27891166552806
184.359831105319,50.95583139161197
482.425062911307,104.61595624295217
1476.4916746724732,429.30250915927485
1101.14196080701,320.8477722159645
676.9317038854977,211.93796742673854
830.1768240656445,255.0366746372465
767.6537692420002,246.47506496124637
1062.2995963739945,388.9533247294628
770.3949936055988,199.5969081089724
785.2974678538955,278.70204255617745
795.6853882614184,278.8122691196041
664.0218254314584,234.93447893545473
867.9106881910142,218.93306303308972
1443.365219403454,436.2039782540399
148.44029103886038,39.628993769902976
374.80258097081,123.0570390305177
779.1584343160534,250.84423423624463
902.7013667427827,338.51363051657137
364.89732976522305,99.77634254751634
642.3090086075749,156.81864076186415
513.7769600371626,144.94823617464405
244.61214954354716,78.17229529701656
616.7956778183366,217.7881693339353
1068.7600767966323,346.6737330166871
686.9532523170233,231.78386943169522
1221.8633085382266,383.3494339145886
557.6942967419768,177.49266982931886
632.5166348409896,172.22873883144362
267.893545340721,72.55693379899944
818.6365192349674,245.18024918763106
881.0240052977272,255.33717058474642
328.0409411700169,71.92726208492854
305.9200871857022,75.81396493757701
753.1094547512582,207.0584021197142
90.91052492839971,23.089292865781392
713.957565737937,202.8703496689468
425.21193474324303,157.9310180158631
674.542170487534,212.80932447658333
905.6597257566254,334.42853197206085
1187.343881073482,363.07999621529217
671.1952161542536,222.53188086163013
774.1743272204229,285.2265084620383
567.641334905446,124.37321220599924
630.2226208229358,179.68112976580403
573.5689549193651,189.99133652092544
822.188519720102,240.93213731927594
1339.384540420163,426.7800802658777
516.5609321838077,154.5864392934452
646.3183292388137,204.85577833650228
690.924347831763,244.54337385395004
472.83694417327706,183.71507716847714
529.8429590422706,181.074114576669
528.1248129449937,154.95844553771238
497.79062711482857,167.51527030646196
816.0737866610741,243.31483649611494
449.4969989679874,119.15852726003723
615.8380456639908,200.3137517745479
598.2864592614659,147.33329419374016
871.6978684594351,227.23829804528378
709.2279467738515,202.4561985731075
792.8678370102687,215.29285093715805
198.36581542109062,50.86730860065232
1021.0990933578207,347.52415077165114
348.5607584242561,87.79906966567972
338.310408329987,93.41235486359658
1286.4919319002286,400.61482459905676
719.7547737751805,272.5873186896129
1058.4751733061403,336.40909820044817
837.617440545166,311.1096713501991
1162.245026734081,373.7492140805022
306.8093615695029,75.31205887397375
947.7779455809126,312.78190604710977
1483.7020317020101,492.467388627982
762.7172225512433,242.58703642439977
844.8396612321148,276.570913263924
1206.2404731825277,473.70659845115244
616.882408372749,225.1806701649976
682.1111115204206,238.84769387332005
164.30604719533093,32.19634798412811
1486.3426487182066,430.92499173753515
266.98214623760276,58.4891509204572
996.896182053191,289.9244706269243
301.2811352251542,68.73821947396992
416.80487019577834,106.51459795195622
201.49158639268558,64.1107639470202
993.9997620565008,321.3475658448885
899.310933142587,323.6737237970173
472.1791560232947,161.7191550960141
386.04125673449505,84.22912603265628
798.0418961459975,303.6917206226938
636.4738192485281,192.5141107810344
1419.6045665097224,408.24166445822027
1019.1916976539237,453.66173640209024
646.3228490833851,166.2189440392893
621.7863403717694,165.81037001431181
824.1106937301923,224.58190605117852
531.8273765718061,180.72741071974917
382.24885913179185,61.76577272597759
537.4447339490325,169.23102270257274
549.4083379119858,157.4832054660575
189.67733998494649,43.77609749692505
765.2133177106641,285.42818549223966
532.9422476012055,153.46731611516196
419.8212478174413,125.16482045237561
949.3706124646314,365.2964565413139
810.0281499922813,343.0612811089174
449.8656107317392,103.09424007449111
1130.5053920011164,357.3898119060499
486.67250809167797,141.0356200767567
352.13281549560327,92.54438042464832
1136.365801143308,332.6465392420861
851.5548846506697,277.68834535122113
1381.5028262211472,669.0787412146819
365.2483607651812,84.91272685070646
693.0216816611099,217.75115518494573
1214.424065900715,393.9965514361265
980.3892945546563,303.8211346068271
627.0006901303065,173.37885641326318
712.4778183469023,256.59639974881463
750.8517356436022,247.9326539263104
313.31911179727706,100.97868238824874
855.0550138733315,259.01714216618143
477.7364003443139,134.1931850516245
1270.4162319782517,442.5832493526952
728.0638598112785,278.1854152205987
563.1477795392229,163.01813547156092
1216.468338807523,351.83690567955307
120.073075521586,24.245245891618865
644.0139108806145,244.04188929764183
718.7584532001514,218.60301433304483
419.9034275873671,167.06587509127596
635.3690176661646,178.25610901441607
581.8388406630394,168.50954877749018
786.9008741923033,207.5720246042127
503.2403976784448,144.24301714175047
237.5299790389667,49.905398381465446
771.6215357406448,238.22188206727674
809.244919532286,234.73990753258332
953.6008454457716,285.0514292867102
548.3534013639446,206.49946929086227
893.8641428275172,314.3532617072131
370.7518957856552,106.53432351325395
351.06910038764954,94.75780420848113
440.14916055724245,98.42499045423735
740.0214770043767,235.55252771160312
654.0080295744774,202.99760378588257
493.99418701358957,183.63324906431987
198.12352745674497,52.438933215178196
1068.2105388217253,408.91123136552903
757.6246439427372,193.31499361266032
931.129972865963,279.4040543800575
1235.4340730103459,412.7701555313633
847.5891426105642,237.93893282433314
624.5951163740417,155.97196817902838
1156.4265159128975,412.1637039411348
869.164474607388,316.69969590748553
810.3600837167985,255.00393294886777
517.1049712516699,126.9403308399893
1071.4078909352866,332.56791204858104
963.6699788422293,278.3362394410899
724.4059787291939,314.1497524106676
687.1166453117672,215.90651073040587
552.5781137778954,208.42428487346018
714.4554142719539,228.99634736938165
776.8764103250941,199.64875868347855
712.4301601019131,223.96416100781164
298.78603930689655,46.24087187074012
355.71448544506995,91.86430083870279
816.6141410266886,225.73743478966097
894.5903931549668,262.0388918398348
536.5948990917541,142.61759965412048
857.7204409789497,245.3441000435189
983.7493448241248,288.96239146459857
733.3380763587643,190.1387038627669
334.81035955769346,82.78474016982268
878.9766682948136,262.1119858416206
547.3864103835026,116.39941429811469
1065.9020307076842,315.3156218420174
374.57680095477946,93.20809553595296
206.70500627777423,37.4370937968291
693.3474992741988,209.53152831718816
729.9550174187066,200.43926102918772
1170.488229184266,351.343984501683
706.4758344241118,206.34958834588508
266.47128164958536,75.24175650430418
982.3900890128525,311.57349317518714
678.4005762942893,239.59953766212917
545.3270660388664,162.15220988483782
928.4384282748823,284.1886834833481
1084.9213914241745,319.50225344068866
924.1400716685208,251.45698286884647
552.4701139551382,227.63261227528773
993.5762923585423,312.28173586366376
1007.0835643902798,376.2341597349914
581.4368226572897,197.6552146028781
382.11576041438656,62.97436502532489
819.7601205579372,259.64604912903644
821.2602183746587,252.7630443745188
1044.9873545180726,303.94097509085145
726.7917891197305,235.35270517760392
554.4176211908284,164.54387194287483
681.9081955729594,236.84630651490724
595.0033754500573,218.48596259511004
220.41734777607604,30.937005816085843
646.4663809162039,226.0373673153138
731.2737025179905,225.8918322266401
865.7156032429073,277.6001933061131
427.79417275785715,148.4843972790708
459.92423948270994,161.81585728479922
262.5092286795146,61.87621302115364
558.0542594882015,156.69941316968487
609.1811336467958,212.84764948649
447.4538462200357,150.5322071281406
869.94352304555,232.5715024331362
742.8096358742922,251.74174162594127
692.7662716740788,195.31940083168033
804.7938025921967,251.0384084966836
1023.2909569839463,386.37800367320557
679.457148282303,193.39244931659223
513.6429894625621,100.69819222644082
1090.030408385819,370.8024098670389
515.866507782194,127.72256221215464
444.6734408256326,103.9734668620998
825.3618609968704,301.21611911213273
375.2167134563818,96.08837104276526
793.5483394722248,292.8031698085874
902.2315740820828,246.4137664277225
438.24121229893444,112.34335529997504
713.5615110822914,227.960069316282
811.3950868375281,280.03017707803957
846.9913749173306,300.7254113466855
432.2269566773611,111.4229908879412
600.1502002469014,204.0373775188156
276.55261385633224,57.92895917719637
752.1891376556034,239.49071251542819
848.2458217082678,273.16648984622026
781.0608606085575,289.9159195999629
686.1233959574035,227.48954691637633
748.5101809919295,195.32540913828643
519.395727789168,141.79954552515443
861.0311814659283,325.1195652729978
430.35536910004646,91.47355931273668
786.5343816178641,262.4634221819113
400.97015830601805,113.31361449258908
596.6274689166685,168.59606505357905
611.3945912722997,144.84009012521267
1203.6736369426244,373.42607644954654
595.715652865291,189.10339242824404
373.0097677879887,83.07150826586367
808.9523619022028,262.82309126735265
555.9569317512463,135.86181671375465
1169.5724667371749,487.1641265178571
1006.452908071959,348.14847080804424
209.7577258731238,42.12164245413325
549.3336457353762,190.36065358652888
1077.967985676842,343.94129845047826
860.204298387423,259.8899689570673
848.2894804398984,225.12054285429537
601.620253481675,202.04161566107922
924.9860492188586,333.4009216578297
232.46910279406765,55.59622108141069
177.84864264561745,45.99803223817763
136.16831377525364,42.167871319578545
768.9623270574539,280.14230522130936
1208.6789834256042,369.197319784014
538.7260830637965,142.87737273209527
307.82314903340193,104.70154104733504
1300.1802760005123,419.7299450670242
501.6042701412135,165.47511652547036
815.4636782511857,306.6312787377868
407.40091647417603,107.3500437007002
830.3729976530517,306.9212827630812
889.3633098726959,267.0555206201967
755.5190879168059,266.3552611889031
795.1803816869016,281.75336376777176
620.3394789902237,141.60514078665307
598.6184191902033,133.12621698052217
759.8596857319486,200.1398840612846
1787.7472147511226,515.131007427441
493.03809452103576,156.1998444161652
526.4427352879987,134.18550511920807
824.0492993072006,255.80263545013892
351.1114954843046,89.31355606749008
367.3395037474264,150.14193100485002
853.8245151159706,261.4111832226167
190.18484756155422,39.756648109511204
590.7030856224324,167.3856848076891
604.4638209087602,295.7337947326853
324.7761559814902,106.1850965937836
1082.2454412847917,393.6864886928976
721.3998867173394,220.90836502052238
256.72425431828185,48.452300326472496
1174.4084646564534,340.96944525257504
716.22096959553,181.05036267832006
653.1993905678036,163.9744228437104
260.03008003597125,55.04471681229038
951.7575273702719,299.1928802230396
147.36002345171633,26.396497612213896
683.8436994811605,218.95814486338833
487.3620399527306,146.63206946864432
395.23467631438086,127.95755270636677
481.3306140010817,140.19081358269023
775.1629016871176,262.6664083474318
467.8677233543067,103.87691398988639
1179.2242288854047,379.16352119055585
572.182025521074,133.92809603342772
429.6761318996611,100.13964238672334
655.4736960998242,199.3944564580281
732.7283921505121,189.71730277715685
782.9438366326841,213.48355648972296
274.294900050989,68.29113596845647
395.8916835002784,138.91507508153074
523.3488383447855,113.74604196096308
418.4417469245917,94.09625796403441
688.5581811158186,228.10633627365954
579.5223055570965,262.26733679506503
599.0157865597062,168.88202906910558
790.5399116158098,244.48262443399548
610.6278347273017,192.20987863314923
882.0473002363451,315.33062334003336
672.9503868878103,200.91465437748673
533.6595254744967,144.81284063032902
493.8209150597358,141.7720175816653
467.9775422822719,108.9461857092585
779.7440689786988,237.91144938764603
592.4347999288884,216.67331046561665
590.7006003521757,114.23738852669948
1229.5721157931557,388.47468060626113
670.1693190632983,197.93125323861855
838.9909740165212,235.53446485714164
839.078651088669,314.16007643003906
559.7238529836648,153.27800385879792
452.1725456694119,132.11906609873677
171.11534813239712,30.43914315732739
522.3761562074195,176.77491815021125
817.2546991677198,224.68603561184148
1006.6225801377276,334.5032235987121
1014.9143658023089,314.16452310883165
547.1624365852904,192.83507912594013
839.274918231024,298.00165505169184
884.2678225852503,261.67947938462714
482.9979322423985,119.68130480270098
687.0330699140876,221.31591397355248
871.5139117066661,267.47323743369265
800.9407203757598,280.504001977049
1085.3729885615905,325.82380425883866
995.3029303859935,352.4725150871376
1044.784284437306,385.5009328739917
244.10765874360715,55.197670361449
605.0530613507733,193.40816752564982
585.79060853585,184.4249811640806
471.8690057279956,126.54587797106997
755.0249915338268,289.15281429164156
725.3451813368472,241.61327509246541
26.768300148576607,8.181617401913163
620.8076997489995,213.9164766804613
113.55484020232488,28.81662797843464
693.6397293158035,230.91864472331758
1364.5200301483592,453.0620950403816
1003.7846931434926,348.528839228894
688.446481625698,184.8035043058422
578.5279468527536,120.15698165275015
893.6991767801188,311.4757618607525
966.895699679889,338.6042602655946
551.3788282682463,153.80397117636153
765.8665768467599,253.70630732910962
1257.2418671490534,421.6168301669333
584.7528267012401,140.0141045458435
388.5147409898527,106.43651939580067
729.1327195835056,223.85164958327815
532.4856581535419,144.7267446107813
1298.8826736117267,461.16787569196117
948.932036337038,302.54897647841454
719.8154017763752,223.9853281655827
1030.5954422916088,359.49950002077577
803.648440486771,240.8126187578086
1085.0447696784984,383.18656173666454
114.13975668220148,24.993580348308427
743.4134524697582,188.81075798923712
656.8259047483441,245.1777541201173
745.5405215842051,206.74250929690305
99.57889925088745,19.03299620941451
581.9677576264064,175.8999890023941
604.4084701292322,188.43903088291034
1168.4470721653486,340.47004011419983
995.6595826188334,289.9613778535705
843.2847711432125,460.1217182155134
447.1267026919104,112.43612080507596
950.395922505348,383.2990971108206
384.31423405981093,78.23414127021006
602.4413613188265,176.36713159893014
264.4514066460376,58.48112422804601
1379.4445123134706,487.1868462559934
331.9438487952106,65.77032457291544
1821.1718705884011,681.099098212604
589.0362038593468,146.9462240781595
549.8409164472739,171.31564466331753
701.2661829274535,246.59383100863917
916.557773666649,275.97618179894494
885.4320073659123,300.5085153472151
757.784985109163,256.5083958385997
657.2794587421032,191.94163406668332
728.3551220122057,234.29125176638647
712.2540159202352,267.88365927081327
675.0908733701959,181.83381281090152
298.5363994522985,76.96949157113743
750.7262406070995,201.03456314737784
755.1737712122773,271.5377545633096
716.7139820979411,229.47726181336608
660.6010637366585,215.6433148735367
645.5875438038333,194.49938162763846
1408.941087475905,396.12261694886644
1049.1077133988747,318.33831189263435
960.8879965552267,279.12849770925595
1035.8522999849727,363.1935903403416
894.7312460119965,328.37983333235985
693.1160704367418,243.82006258425378
720.9789473352473,196.3173709968588
629.2618288363806,169.87019897034327
1075.0823051431837,324.8865111127361
500.50220624814153,127.65823930621025
965.028972284015,335.3806087180335
717.6055117334488,238.32065513381505
1153.7755465761502,344.85704080549664
976.3439214808185,356.0630254269719
577.695867048414,144.81888022585315
765.2178606428918,290.33124721923656
541.0051558200882,146.99300925262207
968.5865190732754,330.22017848211766
478.00355241489035,150.16309353821188
539.1049725407001,150.12310908984003
128.48393630425363,19.702753915247648
1052.9063289449325,316.85181948525855
767.8310990860175,253.88397163902877
867.9149821095599,256.9661077777197
542.1945225399922,143.16826801084852
922.2490801900094,345.33930100491153
893.0123575442244,322.82294793225594
669.1121866714232,208.6357510588428
735.0556621206912,205.27250774848602
964.4954763183114,338.9552999346476
1006.0848504394294,307.8458755506994
1008.0904229074611,291.41847024048906
663.3641862352117,200.6238785629676
690.9532492226516,182.26469241089538
547.7970694393507,191.92590329926247
1040.1543215803217,303.6740212939033
694.1595209743257,193.8972708287438
576.925763608683,155.4687304806375
877.6766032349741,309.83720201483663
770.9526190527525,248.55857420184003
573.7634605448873,170.74878419201826
1050.878235766369,319.25985732799865
691.2785691606932,228.79796781442818
782.6958755659348,227.1638098612356
833.3320955825775,310.3881031243098
1278.6305235339935,415.09392589442746
234.35359877322773,54.36102675828348
654.1305809316268,166.38675608096767
727.3705857888298,239.48382757765603
538.0359809238938,163.08434174002775
579.2946434761127,176.92466042611474
937.8470809401231,261.73193768640726
592.4901810628672,183.80836140040807
660.2251342823932,212.86516878031787
966.7136883955278,408.13314352706203
545.6101982493735,179.93801361206496
743.2661026298215,338.39320188301224
452.0755486827321,134.21245730377865
677.7847384995132,228.42566416717963
520.2424137719116,123.56702994693117
700.8937114673283,214.60890530183812
791.2570831930984,198.54826724834825
416.26205814452726,78.91696106345539
817.219025053939,279.624359274753
765.0276836024409,233.0497547347384
491.4344076547876,171.00033749597935
647.1542942630297,205.15844445654545
426.81086018763335,139.72942989624934
585.3866591162406,110.05245197091028
462.66650486375295,125.23206087724024
622.2337716318526,176.96502889010043
693.9032787642335,193.47918408859385
185.07673489375856,57.7331397101132
458.5078743391457,134.5154459300912
1248.6238873003422,529.7618194212532
467.5585502614672,124.83227412381288
791.9721347258403,210.50896319846183
924.930964239563,269.637488712826
548.63963424841,129.50982219070747
1099.688326520196,322.8374011309907
434.9732138084405,199.81045279320335
706.8107234812032,217.62542034650846
397.7790854741605,92.57218927180902
1246.1733038257225,375.10275978561674
1229.7480982433142,401.7993837491426
770.8975997727944,271.57035418129095
1111.1992200067464,384.31433666993576
570.5412812214843,178.52089535739876
388.6641228317991,89.1248442576866
671.4674440850993,222.93421558887133
1107.1790209289215,331.1891161284492
779.2307249390542,255.94371013005465
1274.962389140749,397.89906844203017
1368.4591534666292,500.12451797269983
598.8820098984407,215.81957263634146
499.02072948163914,184.77922292353742
1197.0502806956329,351.4023334831599
723.0999232166398,239.71084437680815
816.4031199516523,218.8146450983568
613.3899142875233,149.50499387733225
326.60313480485786,106.63094611822308
1035.55185911816,317.41602348888136
414.7367061794532,140.22073440720743
540.262876704991,141.73216960314164
1000.4911435647382,324.9376548347967
557.6902890752262,147.67706265710626
432.7056178141349,114.45680971751173
830.8293550149483,291.84662787786357
455.91776172368503,131.7194451283686
1295.4994696487909,399.9969555646812
530.736418544695,180.8881993550412
219.3890828850378,71.788378541139
212.0214470847448,38.65979570658148
628.9854152291514,200.9837353719706
686.3567670721278,229.38239895336764
1105.9220698372033,345.95419656638404
1127.6916676623518,369.9182741037818
1079.7795585554159,382.0428124922019
907.4475000007753,241.37801755363452
573.5251758316012,138.2476117040083
356.37429813955646,85.64490712891002
109.68555780975726,25.85044406517878
525.8570356168823,167.85418795282783
330.28305087402,78.40562670864156
391.0870717890853,96.06854331570864
364.8532347837676,88.29021505551043
521.1744294660739,142.37829205409062
708.1961204107103,198.03402984256527
1208.5592420187572,363.7965850021986
957.4497189947954,327.148724229474
242.40083179748888,77.33389607002617
244.18375087215864,83.39798235584821
848.8746847330071,238.72171007849565
572.5273051069937,177.2835274641928
415.4704167331896,151.8765833638637
682.5504081785241,185.25245342319795
785.5691131822881,263.0914385242442
851.3390109715364,263.1871038637281
278.8843123614628,37.79651466152531
626.135368707148,229.28795567331375
613.0839845502019,202.62413605702938
681.0659291944943,218.22278431446594
390.10738589400916,91.7964518109274
702.0594119994751,214.88587076763338
854.634353157163,320.713225016087
387.3243492424639,131.31884365451825
1140.3408753833155,401.05591338778584
481.99211253533724,135.31220722017855
741.0648284505177,200.50091320041733
680.3444037374904,183.52847514548478
821.1582419153096,238.16999666642832
550.3232122611258,108.26642813267941
663.4529195219295,215.62869930810356
806.3292620582328,265.54256257051617
505.89857388483705,134.0606491853898
601.2585907790125,194.82016578604248
755.1270388184032,302.0927215469523
656.4239526514117,191.61692087957428
552.1905299757968,174.64758718291296
464.2403488331333,162.49317217567685
280.35746416341146,72.47443492994933
861.7620541007069,240.40807416238385
784.600394444006,263.6403979721313
502.5318957980856,102.9904162430287
475.12980114804145,131.39814810654815
601.5295541160026,169.28080173711487
800.1384569112471,320.47695089222555
577.6513946936445,160.72478529548926
806.0450382781003,272.87761821685626
630.9304350712667,172.83883756399777
861.5693876268186,258.3431844178741
334.02054688554836,113.00143698326247
723.0204093493415,227.81545339042086
536.9607347521771,161.6347946423804
433.2626794224146,116.8220481271422
1017.4895433034371,375.30982544290896
910.16079213402,301.7629969790089
487.9046683906846,113.47517413768024
398.6798240784023,135.9731691906055
748.2080827671044,302.6075297964855
841.3134948811497,285.8649714601546
830.981984478459,260.4204807837913
840.8835844460102,259.1057390430158
747.2959401139935,211.61881750802846
634.7634557104861,159.60251481422065
116.48195700476192,24.76758840977765
757.0924685170265,232.79271338221827
653.4861852335576,217.76509542394191
1040.0092966892848,317.8998302400166
1269.7739645066952,415.42798425744974
1015.901040524408,294.10594721171384
261.21151391055633,53.84807783371767
220.78361307423873,73.36954394121112
502.24803273411925,124.47120944194754
464.0748517844581,98.66759527468821
554.6158350579051,197.24416547488687
1405.368839416226,434.9526174499434
584.7241162684896,124.63086570213012
674.7164303176619,227.05515566663772
465.25815910912286,118.1158016127781
915.4472369930653,311.02413212362217
908.7278691423854,243.49871422759892
739.4127537838423,198.45278240433083
1014.3502546233908,328.47543173350033
780.6104400414323,324.8673262464428
665.3144611936458,197.4876933605233
897.8810417837907,328.0970944173868
1062.6944141835982,379.8468207774073
609.5358113794076,184.60477498273036
604.6966331627486,240.1116244089581
894.996201452091,281.9712248566116
1122.5400381649997,410.01807525333453
654.5320364271828,183.39412313870773
622.4595895128145,226.12682503620817
1089.582888700858,303.49968945829744
894.72688331943,265.9299423306217
955.2845318852858,336.3911103323341
324.5380371493768,105.30354873407195
593.1679539451218,187.77434468381398
1116.9342904280504,380.77309438696005
772.1221555801935,219.00378475755733
504.5947123373207,162.78733255738783
730.6719480220912,260.1491459411553
626.7155034364199,176.72452570355435
560.6538293491285,198.13001729805595
518.0872434678547,116.77926783491658
869.3555672375236,276.13311768718614
512.3592547055978,184.98352018362294
773.590820596354,224.08886296681928
362.4913697700372,92.1244325054699
493.56601885318935,129.02867324426623
704.6610608803969,244.13757610184715
858.6456393091275,230.50005028816074
764.1199595015034,221.52490674976875
1323.5214786036086,378.96315812109407
236.89933353453267,56.655280703291474
358.4105396943791,80.98996578140834
1074.5193508451534,316.0526459986012
1096.9164097765656,326.44797341830446
244.49433679701838,58.965452970617214
893.978721089835,385.95048688406416
888.7401974855412,305.97528555323106
683.9074684871139,157.39632211522945
1045.6248112393928,424.35794636737177
1204.232043512695,348.2036024420397
364.5289720587389,119.38901603526553
505.330947119098,147.97591034738653
1465.252977740286,403.80949652540914
353.99675588328455,86.67192358516125
123.1458475522038,22.575580029311514
822.6493395164089,241.31978019588007
945.0213324065587,342.0401675608262
283.09433152153474,90.40615662536888
914.0094999847116,285.6431583549767
408.20936125071745,82.08509962196675
1362.7953924844933,402.88405408817636
754.6987749199574,240.57364084231793
598.9185144009732,200.81275441838773
97.596384518906,9.3965083892486
1408.1210908913204,480.1618574662688
676.3049627914121,229.99532785280624
465.3808103341417,133.43936837477582
1199.3086456868434,420.340992423914
447.98350946860944,136.05065410503536
366.37772768867273,50.18363065165518
700.0709343594085,167.39062767421143
510.91764947451367,147.21709099134054
682.4555878339565,256.1645437351872
380.4679847571608,89.70002635257042
537.6227827282175,134.03874867237545
637.3529515869452,202.6628970777996
819.2161853854745,235.29173292330216
870.0214819021598,269.6542882847921
189.8235885608141,34.9383832347622
988.7898522692907,311.1304007651023
560.2205605114073,174.91077712091914
977.5929476023201,282.63508547715367
752.6541912895798,421.45776728431304
764.6677090040442,238.16053540752557
775.2302388299976,232.41628633859838
440.46902284324244,101.13477528684687
818.4411534719586,244.44688450140353
353.0308009140693,98.72918422355757
671.3096807989955,221.18503079355006
343.0153723799134,66.26552783113753
330.68995074655453,81.67579467909556
681.1898613647525,366.52042128876883
767.010162758994,230.0631560054033
610.5899279624225,225.6984449111774
648.3642946119564,167.44490732927204
813.8596369128586,270.64531813984877
662.6113633859923,217.88299914016648
331.425656743413,93.07210844251765
399.42474748485597,121.57285575319037
1017.6899065098106,349.19693541631483
891.846762281229,310.63282476684543
1089.9718646859505,361.62646953738266
275.4430815678867,44.1781548926119
752.6215181405313,207.95943067038473
783.9763342858547,246.76123030886066
569.6879113290992,188.65992994224797
979.0449805777646,319.94246383053684
293.0883875986967,72.21610931732329
874.5536572557949,306.8337374627788
411.2750353886171,109.53402701290345
635.2646652329834,227.31908343137593
568.0599992243464,176.27093990363934
732.024656490378,223.4816429807451
918.1473420899845,298.99449190608715
571.3037330182846,146.94814468450824
974.2719976574856,332.3648405682753
287.36492219423644,68.13396160505387
1179.301247082613,346.27955304515217
205.89448817666974,44.51059912219228
1261.2113159475189,405.7723096142231
553.4211420895871,197.32565346798285
157.94824157023692,57.81089084553042
909.7133115263372,283.1049715283786
931.1897918182722,361.31892416756176
745.668227010556,239.77860626646037
1105.7858109403005,329.0080302753265
381.42453188805894,73.01034097444501
889.8740648840333,276.64081837593227
804.1365600758002,241.13605679024255
850.6354301419917,303.44351127911926
847.110349914595,322.43473115596305
994.8271238314768,294.2530232352888
754.6510974671403,209.95736333632127
200.74765467366566,37.29478913306574
469.1860396143811,159.39270507548855
953.4498566623313,294.5027797849768
541.5340294597522,147.2365227495418
262.8941067110883,69.60234012441455
431.66480619473936,111.6987130125588
761.3216929230621,260.8074183393583
1124.3205643427796,333.6465879275366
1416.756606489866,426.65959314879797
770.6961364197507,235.51395414993743
522.0417823875649,147.0695449755707
745.512255337151,178.66909186360076
289.07665162551456,66.91604811423534
273.1866417892137,74.29759741883606
563.7851140028783,124.66985438209139
613.7483329494526,154.41021335809373
1295.441388753007,398.88349824421255
789.3537876283356,247.5534810246176
594.8369520729088,183.26609131736737
409.48471110207595,117.86497740606295
1336.6338558130042,400.4859573191267
550.295942860944,176.33510789356785
739.4816341313406,254.33099027313548
367.8611775140541,124.73553915269608
240.49189925628596,40.606383381565834
688.188278012212,169.43112454257206
797.2076998911816,266.3054069164747
643.8841224683906,174.43460457530256
525.5924835760842,140.3739615377445
668.7728073596386,216.6498816572116
423.74966389724443,123.00745030723711
665.4262471130637,147.68392935760883
828.9619202363281,305.2535718515008
440.3455586679124,149.87350584002775
780.5712196079105,241.11455076066574
780.1509512391178,207.47328412791833
680.1297825895797,183.54901811618248
800.5094815211625,183.79300464550633
1167.0800661287049,350.15887731481695
932.8009769464393,313.25738205033804
709.7821648270412,258.99490944404414
681.9950742376311,181.06856781825275
837.4017149097967,273.3072813668667
887.8931458554853,287.0022879832589
802.296422143882,289.0927290941358
190.24080566486165,50.241776738807744
856.8019393970087,331.1287700152856
773.730208718082,199.7343608243123
976.8095386721775,307.0394954749096
684.5533918590379,220.23549801517242
267.3165804194587,59.72501991263401
455.89939092683255,124.00191730229844
812.3390361720682,241.38028776137287
162.998584320964,22.186948575519782
1210.3688248654194,442.9577864416933
306.7142768452454,59.349332214957904
874.9915115380311,228.89423924818223
785.5346340477279,218.46583884023332
326.88813267155376,74.01020278146844
1160.2516427864057,347.25989405973405
550.3356414408825,163.6900179915113
382.5729922036712,106.7491828251228
295.3659708485648,61.87849725146656
594.0400887565607,173.5125909195186
1203.8179150564274,377.0248785964051
1134.0927934786318,327.5202802056848
807.503053572291,285.9656215892051
915.9634019377183,296.5224593802444
611.8298957174093,149.57368693000691
366.11165389461036,86.3947182239148
593.6408180190114,146.2221273676054
875.0074808947767,289.2143766175553
634.5001958347858,243.4446547417869
1014.675629405052,373.674033071157
1184.2200524421912,348.459361024198
751.4873120780064,288.54729443964993
379.0159919839709,124.97984365366749
576.7974769649919,126.69144604596416
473.4986444342561,160.01418308689023
1252.135267455647,428.83874626429986
705.6190243098472,213.96571936421734
965.228286202637,286.4052720341113
258.324504440077,60.83835331850717
447.27288833993526,90.77781971547442
996.9050774587897,306.4846382806877
397.98384374606525,97.8314193336648
198.34402110712253,50.923579803711654
1279.8051556682597,460.5415136538698
711.7164924083812,185.05499281064277
805.3589222780877,280.25911522840755
490.40504041138246,142.17418935295265
410.4616238448215,145.76887901051646
1236.8185019345747,365.81483492904647
562.6379397250421,116.94857110587317
960.2117606208335,330.5871330364581
527.3769184014004,277.35367157687324
1256.7932049492879,433.2321772184051
464.0209247827464,107.42993532213234
904.7361412421419,257.2807472941156
670.4997532233199,227.96957668697794
294.50352708836925,52.042080670919106
749.2982205523075,273.2442229736398
216.31119038054592,32.195869891004705
613.1242060362176,180.93179555505594
621.1080819737584,203.10810128356098
741.719418166399,263.58418922560935
326.62242985812594,65.80209387599436
685.2770588070352,135.5970446510105
1243.8153567331437,620.9896021223934
604.7171730931433,165.05213978779543
989.6318768172105,355.8651668448852
678.0966945319894,176.7770717606696
350.6428473338226,114.43617770146854
734.6545049696971,243.25335395568302
825.1279307570703,218.73612319522968
1057.1768202789863,393.5912606122659
637.2545959388748,150.68432624918586
838.0668893018043,317.60009087867365
980.3783517508682,321.5909825886601
975.5471534056894,279.6750335466756
933.6990303316995,308.12317781329773
485.7334010628283,138.03356565763173
799.2675376418952,227.2754210765095
213.68023428683136,52.555771178653785
672.424216080183,215.13548754467195
1314.1854198217288,496.9920039806023
354.45527496038,64.42671288145227
707.9272715791408,252.762048031615
597.9291862617565,144.38220342861965
445.8839772919631,127.58148926757679
735.2379244689263,232.79910031455668
893.2282870270973,289.095087407404
614.2055785781656,217.82563757291777
1007.42123848183,305.03733061218094
124.01634314729891,15.819919245297553
624.0401051122099,203.65869293117103
574.9691665512272,192.43813546136445
484.9486588347065,153.77429872941872
216.78418134071302,42.428223204590964
779.5075265169021,292.1161983600344
343.56975490617197,117.4884219263502
670.8140645472088,217.98057095673718
658.0812786790518,204.86770546340685
594.2194268891802,180.38664513918286
377.14802293052526,116.1170931525594
650.4062067420087,184.13231929373066
359.30135931382483,78.11052902064066
328.3611204078624,65.20901233753915
697.0453586682622,251.77940179650443
430.92661252152857,119.40149398768953
507.0391998674878,173.39422706264276
1135.1414293292353,388.32354275837633
824.482819433444,213.76117039689314
992.9324772609489,297.00004516736385
759.2441295431877,232.3189183558271
561.8350447173052,168.03340383009265
698.5061839459878,197.69332565082982
889.5913115129484,218.39205476525106
498.40766591474403,157.1663383919306
623.6244538962509,186.00023159119814
680.4933563729937,234.71345486656054
832.1718101358945,252.01339950157393
334.2872357037169,86.16407628196048
775.0278308636764,251.36509328094203
710.7022295657983,196.36975653132117
742.9355140498606,273.3409500272024
521.4797511861157,190.01006304318622
1310.5918819223548,517.0333440157234
156.54840460687382,48.65116724537208
646.1337055738701,203.49872216170147
590.0823214145141,153.78893114600834
385.0058859278612,100.69293608736709
898.2908819078821,306.35663116502724
1054.9197047262755,397.2470301392508
830.2327992331476,230.4364592391521
210.6131254194598,44.20096417153643
1121.651034165874,366.7190123296844
297.3998318465342,94.91673505593938
459.0297253732891,159.53664306215074
999.2096887839193,273.7623283831514
998.0730463871658,316.70137771203645
401.66652243566955,76.54543447099076
1240.138814474082,510.6305382345149
553.424825503408,131.4634887441973
964.8884795439973,299.6742662254635
652.3803724753351,144.78076242149425
998.8268174743176,302.19573425850183
735.5180242486545,220.52422423518965
513.4865611342746,122.93139828662099
618.0753249762397,177.44697977237996
92.47849188247415,28.86313703065806
518.9811183627394,142.12020933079614
765.806630029304,287.05227584951865
366.480115916463,92.40494320132716
674.1769366163005,239.81759972398402
565.3787143008549,151.14771429302547
959.6358705705791,322.1821279197554
881.2476217410376,278.7843823348304
235.8632118956765,70.12565130126896
977.7322091255894,537.4800209563701
855.7684985574426,358.16744932044236
531.0702456941741,169.19131422001297
611.6202600143508,138.50989327906257
564.0737901539542,158.4029783811987
222.77337235921897,53.14986538465957
697.0959139458087,227.15109501814902
1279.6678990671871,437.4426266448091
729.6537764471309,275.20456579362445
443.38531261424345,116.05133358075331
949.3880515325022,315.90427167080736
309.16978295207167,72.17463454142091
594.3734646905405,169.19571549153983
305.16929199650576,79.27607109944854
657.3681841481172,174.81153688725476
413.3819286870963,124.46759613155206
787.1852450196757,220.58275600138163
486.4344772209055,141.6002420856921
693.9648885721506,231.82963928731604
610.3992657180513,163.80858421548774
568.2414023795972,155.9090047144541
920.7155842957648,313.3847818994579
1000.6820329974067,339.9903100533128
674.1129029396938,182.14304519518663
317.45747670864023,98.38962565037488
455.20188435761617,151.25672266434023
1072.107783733879,376.58439278925476
474.68564495556063,142.58652082260224
1132.3585133334432,409.85161707674945
968.4914279234681,274.40046267181737
800.9605073997411,249.69962569284903
553.7458853133182,280.0745662820439
1035.2645026753528,491.74739595292806
837.5580583429999,217.66827488671962
771.5793633655908,228.88735544227123
433.1749805307833,110.58016679598
1094.9568197983776,367.1599241320952
554.8649516469906,154.15086293627473
1049.948370420101,344.2682644047278
272.65118999212353,65.64605041509739
328.2588373651242,91.0136218100191
1058.6607328313305,308.70920570219755
746.4104319255821,272.86042389380896
452.21599635629804,123.23887549016513
1132.628016025904,341.28419045535986
1288.3361380764443,397.76740629565677
864.7043391436932,295.41829041415957
719.908269318659,229.16650528556605
364.4272367378072,99.52717938136425
899.129178222408,302.55761574769303
546.9899973202764,172.53282719829355
516.7128359539931,158.37470355658024
587.948875259952,199.59710321198588
558.4994815482114,199.6705308653734
627.4532475265776,236.12518424812177
841.687554658927,340.13529813796964
701.0368454642926,188.05398414254074
88.1245667168759,11.296285879871606
1240.7806554823937,437.75209009998605
661.4080663602372,158.57050069254188
228.85371712458897,72.9840407222331
946.130253542528,319.0477372696027
1310.1485999849826,394.2214998916813
1088.3117986503935,306.4830702442469
569.569428384621,197.8056418670767
885.5937139211114,259.1747294685675
1067.9194350224923,342.35810532358516
1137.3244836947079,417.3843347652332
816.3759323287048,227.44339956820662
562.9449461325098,168.13528951886977
755.0359037815949,261.5134306593002
508.00792221933705,129.67681018552892
410.2820495962818,99.43210684000039
1617.9508571074048,485.1779965272087
511.3464119714985,133.01613515850198
937.6990372561787,272.57105895804443
1121.3901626255306,308.12777230836093
1303.226485596751,433.28301518775004
779.023855421983,296.2111458883155
324.87072835128004,77.18296131105686
580.9761832061697,146.27799743916802
261.4601233041811,65.62828942282286
383.2498114710226,91.12046578970327
757.1565306351795,231.86509856213627
846.5897224154307,257.45630323891675
804.031881034745,247.22128137409018
754.7077843994264,220.52158334801692
376.58174000433763,69.24614450257401
721.3310252599678,212.20811525826602
307.74557381736724,92.30754369873544
333.64920959141966,110.11368874640829
1286.5958566626246,418.12954218060116
180.26251256582748,38.891517522017644
626.9737908101006,221.0874743996336
281.0768600429634,61.02553357784101
850.2795730363872,276.7399874731058
197.2852475627134,49.67379900138063
517.8762121285739,127.34319610283148
1308.5776662611256,399.8301711808776
541.5302951491526,146.54797260060184
533.5285385172759,169.88824709533498
187.65212847407045,59.64861479476221
981.9112624352915,351.94387812831803
797.7903600669495,275.4537308941787
815.4524572013793,257.8387436889116
609.3250645749512,194.0787785004866
340.2182580455572,284.32945264062516
617.9491423924246,231.259036490548
557.7634414922467,132.02389305741684
352.19446970114024,116.39456544808603
596.7648285504915,163.72282034312425
723.2307937562706,237.81592314156097
807.9448908154666,308.7675248914205
1313.8387778885726,396.1827182381572
399.8366137259269,114.8674324136017
601.6562502600028,140.22265938812694
777.5801099081241,200.00799502299895
890.9681446438531,295.93159344839864
835.6768335185566,218.087279701648
721.308871465685,177.57728293223553
505.30327206866065,196.34963632982752
625.560532715295,173.23940843865407
1033.501139280817,421.8473821955045
383.27798235348837,124.90052308767358
843.6509522096653,279.32071482465597
449.3071978285575,115.06802387369657
725.4400491775257,338.6147833713569
381.5645004543919,96.60624538766555
540.046431906089,148.20657365357582
513.6971776609091,153.61936593457423
203.5639668502015,48.6626996962521
922.0864542025784,320.7463220382284
859.7648016486824,303.2417757013489
285.1813937296381,72.99469494929907
1148.0446091598792,348.4218777735101
480.35220278476083,113.55395394980815
1005.8113924057789,373.9477181635797
705.7464459118464,185.6617633588293
407.9761298124865,132.81105758131855
809.2689123359874,229.65368780692256
572.4349618049836,186.13331508190745
1056.610294211798,316.6417942751227
438.4376201542311,133.84066495432927
531.3675202638042,152.7637444020195
642.4501827055269,233.95790714547917
246.93105851377757,47.791479687962834
1207.5164961662506,387.6114644157545
452.6444635482785,103.37328847714537
980.3557354205564,285.1697175387967
513.7597135171842,145.8233850177304
945.9245845116081,374.6884930584581
1184.8246326446501,372.6923460672331
435.21658690945156,144.48583883033234
421.808317672932,89.39309999449796
627.0494077648927,130.53206614896408
1016.1746679182168,332.76951811538993
422.21076223307386,113.84680070682448
578.6251671658833,212.26668561840714
543.4149412343959,171.96321258234514
878.7580859142902,283.9128461638787
493.6784021731772,172.37171313100663
873.2624027857753,270.10309630355084
569.9560516964813,196.2848651308599
650.9619744646274,233.7007644004046
407.904906395009,90.49026811133459
449.827957830273,134.45064818376957
771.5379921192452,285.35201414332187
1203.7154314774461,379.7343544575209
642.2801701748282,168.47608794662804
960.6959353972848,337.7878213993403
1553.9622707725428,478.67966565391515
628.859180374916,140.53532703050053
646.6377001004475,210.93915194739324
1179.7497832585768,347.23791162485355
620.2836057953243,180.0907724705343
1041.6426375073902,293.602281299151
359.5068163894234,93.1680181363647
915.3666823535312,288.0480386917142
234.66931307232198,53.60663890680695
667.4943553825171,250.41152751583675
386.8544706432125,67.22293611426088
250.44899716938693,58.222043471844636
401.4222817193836,86.97606241473238
270.92457002292093,61.22295145210673
1351.9729455791344,413.6937637694913
579.7578162944934,128.27192738214518
973.9812656292544,349.0519313587805
410.51596250753596,142.63108984484649
583.7586603288072,209.64739603104937
609.5797770943691,176.7335501918388
218.4790758994073,60.18361743098168
600.405392818983,215.46821238932486
617.7634895131384,281.4576077536315
633.4626221346055,158.25559297032137
425.3752792982671,107.24457489294039
1062.0574008594594,311.402219504227
672.695395731957,235.1116752705243
494.6838804755686,95.80818869509233
972.9985891914043,267.30038343476303
276.21537093674294,76.95013248646458
725.14472846897,262.6822643162524
1044.0067350521151,329.57571602426924
314.43597346138694,101.32892598259635
959.9160293840002,301.30030210544646
838.3227407410216,295.95575306757917
867.7701684843853,353.67960871544176
1124.6515986291502,386.5376867632171
518.6377650074046,126.92019079595144
734.2115046166609,228.39483778277673
842.7476636267396,244.84351890105367
856.9773806198311,243.2992018107586
394.1529048045347,80.46004026936089
774.548678172799,234.08353376069562
224.99587853917552,46.952662353170204
773.1217556421668,253.60338298567788
818.7405204395425,273.77244743915537
1442.7236361739574,405.49083111579864
867.3468662632208,278.4443141613775
338.6728440246811,85.979607583068
270.72902303857234,62.3231480499136
475.68679185452237,211.72645807952435
1009.0481672511283,320.7197447955156
408.04557063506786,118.1965956654389
781.4328075737316,201.75022868216556
264.50757078885255,67.39531427805977
637.5512513924342,226.95795251899366
769.8020701038872,202.30532950685924
856.3408396234563,264.46432414818867
588.0698977698961,160.8269539279713
447.14849253579206,104.32287746102323
1192.3675361453975,364.8188484571167
1376.4359418295421,397.6059968249212
1063.7722514085617,438.7545642648142
1087.6189302912676,383.78211450123325
757.913126063698,226.78130732650803
312.9317778915699,72.24165346658901
487.9335563969948,175.08585318711388
1097.5691369133365,355.74422701151036
631.5952447165288,182.6820112634989
284.05895221205117,92.258271971222
941.6898778109193,385.7109956700815
678.474790290602,172.95368807771797
1023.006521072999,305.49112336960206
788.8047422999056,272.1872100921846
919.4092700939548,299.6768066836367
721.4237819002917,252.62662724883282
448.4241098043203,114.78541323077924
456.61560438087577,136.5201769735638
1045.6416561771825,331.81544351608323
588.9996281155572,174.29745394757612
1155.3659172286648,329.2797504709797
330.2036967541204,78.57087081568183
412.6394914710857,100.03005418476097
1544.9723492753387,424.2742800276697
261.5561220011153,53.094995819888794
251.78968628917437,46.114171164857765
727.570355901211,239.94368150277788
521.9205575645769,145.04057610988121
627.6185542172283,200.64273361473437
385.18863442085916,97.58947411160148
957.5076202081973,297.1925040173685
1308.050030078989,378.94129711235564
822.3138409029768,195.16412619844075
688.6660686016686,195.54841962888898
352.9367201008557,120.61506808000212
858.5682505818017,243.11700172475244
1233.2273530622285,378.5364047331739
828.2860360348768,264.410160813103
469.619623762075,131.3466601273791
1218.6781529633215,364.64475111160573
492.0534326560055,118.34043574937368
902.6234880863201,311.04047763847524
465.9817342113141,139.62046093019347
1084.1320367387113,402.4763204667311
456.75863530133455,123.51836460566362
1123.4731732673185,327.5438137784078
507.52341145169055,154.4073844161655
823.7344315263623,321.7241913527273
670.3058748325593,294.8203182601568
728.4035833726329,299.4431101542195
275.1537587302654,78.52262784491957
656.7261040783147,166.3812335997952
550.6902202514775,172.2156088471002
485.2638174579163,145.59811114243175
228.54281543999485,74.94535033317968
409.094571279219,100.86544319257803
774.197540245774,254.99101148786892
642.1922439752982,193.27014325601186
733.8559452925738,281.02871355928016
368.68922876645837,88.21996634566608
359.07489627221855,119.76485849729458
629.0437984846558,162.64837689460006
549.9060011627266,139.50155049491374
438.7691844923232,84.41571824609446
531.6136773100554,169.79891730649445
442.2532545232288,105.96051812381766
756.7419213633416,246.32414322437816
804.1942924948153,241.75184010817838
500.13142053133527,134.5905940887484
952.6646132859324,297.93059855545687
623.6284365059164,223.64684631610623
721.4057753634918,248.86293576490462
1184.9049232465784,430.036754168458
1014.3750034206819,369.287695148893
855.048089660598,227.35509917231425
686.3761169299296,200.24390086336248
700.2465543094628,171.1186990789132
865.2256854595921,302.53280294184947
659.1792275379111,202.1550742977912
587.26274234207,250.74895587562628
1161.5236212447057,345.5891374427073
922.0460389038409,320.58047380848177
708.4019293659483,203.99775578706596
575.5002768708039,197.22554995401265
391.1462134831935,134.4036123143012
959.3460571610343,325.11117297926603
861.8335117500234,221.385120942076
1106.2922598711007,360.6500819051075
830.237341265112,238.4884679887321
331.7274664489148,81.71645484728964
776.6485899703803,441.9836525459478
788.3238244669641,274.3954962970617
644.6979449497708,182.80545933948645
687.7873334881571,193.66195607596433
744.6920950216529,195.3070530198029
481.14621032583716,148.0219572807888
261.18322470461055,82.79472127916665
1014.560162851476,293.3895444848983
493.239818165008,131.8929732396846
1354.0254211838494,590.3697306400164
955.6462110414868,336.9359306505256
675.8636710409992,237.3195747280185
761.7191409391561,225.9122971467799
879.4534567754154,332.31700969795554
956.9109771819046,253.0393253388864
369.8537088608763,73.17479011627704
256.47641987334106,49.40527497358994
739.1540099788259,325.07796049807155
694.4105143556237,196.94857058406723
787.2297703554043,273.8093904728127
481.84787181495705,135.93831861516756
548.5934368669941,152.5187160196842
513.0261653408231,132.6288016810465
266.82831385196755,55.28956354632768
841.427336184008,380.8135622233151
369.0233213783291,77.10418593665898
677.2755706435393,209.45084299786907
957.7762222665452,337.69557502375494
893.4322329879799,264.9547857677943
745.5894861415458,210.4140646585997
917.2029565547357,253.06360507546356
623.0729864331096,186.3618174960885
1436.3391654909747,586.5143470902256
726.3756258141455,227.14031760973634
1146.1722228458862,430.05690020179566
954.3636357816107,361.48890633339664
344.7118997805909,79.3847979487711
731.7767954055564,184.41868288262805
821.880425162763,264.6923874832683
277.6289330257796,89.14481258480703
433.19351868466765,110.67685289991994
742.9233406029211,189.36236642515178
686.8499645132817,207.70833002825378
1324.3428588744996,393.71169062675295
309.1301867558514,99.8376788282789
695.3820401411804,232.9008178994953
824.891101023314,281.7695701033352
1318.7137705168916,388.40044772009446
547.3832794882447,174.04257251385576
460.41974036228567,129.47716635329272
587.0906376897074,197.5630043109792
757.9372378415209,269.82136743249055
331.28649817600666,68.76880251108356
995.5617522628796,321.8227202251271
696.8558658202196,263.05196293096435
900.9348260116687,290.8032152404365
421.59615224010537,129.78709422020424
257.1311943466979,53.85777229162783
705.6937399915842,231.1413746977145
796.5999697215541,243.6384062123171
271.4875198931063,50.082853967733186
759.5319401319273,232.080367379542
940.7808408468338,279.390936167389
772.415345177634,239.35437588020775
555.6542934279893,153.631024239224
545.3150485849734,181.87855208595207
646.554898736558,196.29262899712583
637.1509557483344,197.8002512269767
813.1340963117952,249.59221417229983
245.1311632560541,52.297239647245995
707.669254720638,250.83891540041574
550.7470058323353,141.051327775401
281.64290013936045,92.10086131868655
994.1684699966656,276.45277714414044
994.2596533396786,288.8819513879045
1208.976003219992,364.5177064659075
1160.2451117657292,380.550265589244
1115.7914651465837,353.70270725149624
462.21822297456197,156.65898245067666
594.5235119408213,156.69106234529676
412.37699145580956,103.49481703568921
875.2723540255888,290.49209056798014
930.4291737725246,275.79401529407846
853.8761176025534,224.32008434953713
699.3219457664657,292.0755008349955
191.98544443172722,44.571456620188485
486.02827829960927,146.3381970579247
491.9455039301041,151.74832487201294
649.1182456204649,259.1889978810852
729.3306615562474,212.11979436200792
381.3722794775553,97.68300390598924
811.971213205054,281.81856012173625
1328.842436750616,414.5481956196854
456.5635690677984,200.1368441232193
277.49924846495554,98.01297275268203
1070.9131657852085,330.8646153531589
953.4395199072957,379.61380618529716
584.106203164963,151.81738930372063
1129.393641365829,374.87999125581456
1243.362610209072,370.5479780764277
121.48456002909892,25.681899109891184
638.6252814437116,187.6236882622582
859.2188077649355,207.42424833009485
720.1018738227275,233.74186671458315
965.9598691175568,309.0842550318147
512.9193946502622,158.5867311272315
558.020495877253,159.1999675177099
341.42765228800283,81.14915944992595
1072.3418173105474,369.0170428623528
123.58815757753942,38.50044476095202
440.28189643347355,128.0830558856484
577.1790913709185,174.29686417343493
408.52396304766944,86.44435161081546
649.1121976136546,180.49606792825958
347.64695241726764,71.87094948662242
760.3647641316062,238.15360035053806
616.3049054433181,185.85251428282228
1073.709123075499,381.3024073357268
497.0821651027569,148.09734215477488
647.1860597760249,252.68859368244827
745.0146575260505,247.51074413831927
616.1329585910406,209.6500324625324
525.2950273316253,151.93454304208262
1326.1991963509481,425.3254756042224
909.6884192699947,268.0330332804546
684.7949677293864,219.21777919701861
720.705438415552,213.12215522485002
1078.5857889111116,385.0106801499978
679.9299011320469,202.47149816187184
789.4288169587865,253.11662535796336
840.4602713078784,312.2257782629016
773.3525104415231,219.29567229302293
969.0874438595747,288.6655457560111
243.33272389054957,60.694756252925025
863.4870687052382,294.3111933810234
479.9009147003121,160.40947676244622
502.7361591603397,119.68367016030855
1183.5031105006283,381.6026513275483
778.2139418353192,211.40039519095353
729.9229217312322,342.4608824040978
628.8924852685811,225.8994738722023
694.4304885939629,216.32537880456434
602.7553779766235,159.67186539192502
345.58480546419025,87.42995005431824
585.4092351351458,187.46005221964086
1039.499512523131,311.27228740348505
651.2854030399533,214.84602092025878
105.23405781043991,23.542011275754618
564.779732625803,185.02791495050363
296.0418424323744,75.04717096450919
355.93190809922805,103.09407541494897
719.3141377172611,188.315363601673
1033.4093457479453,278.67771031846024
826.8959182999245,245.670653712759
599.022184977266,152.19742196711624
1293.1953517375005,383.25819237054196
405.46118913412806,131.21226268390126
614.5260594833985,192.4779675357449
343.7154394209862,113.05362509492076
524.3877249304923,120.90008307646887
1602.671874414903,542.85693545261
723.2708849875062,191.06957139579458
1130.8753986162724,353.4977111296291
737.4056612444381,254.45749902703085
356.0728806864718,84.61478402810963
657.439292710666,170.27765784581956
765.0348368373759,258.66927895976
327.80147846277384,87.86153548427555
919.7254870202864,374.430574664009
299.14300094378547,103.16015578700957
778.1613693076278,237.08250841701962
920.2116555820973,375.12009461685057
1027.3969774622587,348.7256916251408
548.255453004788,142.0655399091647
694.8255403255612,240.66517471078387
675.063671240013,202.81525107209808
337.54924748031056,63.991773806418344
521.4837131174681,145.4358014259076
1182.214857301272,394.2633753858969
145.9577268730265,20.122163942980755
531.2573014760246,177.64851100149565
806.4305512585578,230.64713316529392
312.60712345972905,82.75452632560422
283.26083804157946,53.08853882310988
1335.0469234065545,432.8194547082818
1059.2090969030276,330.508665301297
744.9512975679623,217.65964055010463
294.7018300046617,97.00746481482966
1090.0962203280455,321.8486324323782
550.5327319575908,155.45823132914035
574.6104813446134,178.37631182821445
190.16876533501485,25.872741890645024
303.7431351383418,59.765278590022746
1116.9125429880546,326.7910930428109
465.87909230446394,158.91166135078572
710.2879322377727,268.48295026577694
845.3741531474961,286.66601352096717
780.9322477173952,215.05208880633248
695.8455238379595,208.82245539301772
581.3355000288179,188.48430931653795
417.99893063532767,96.87209878892641
1149.4754864940605,380.86419252520005
707.4178057144893,249.4461725040763
216.35358217166691,46.231294263210785
997.8130930727998,331.71334836352673
796.9757869189599,261.061108167443
999.6377480614292,318.68377635677723
894.7406542736303,305.50345698941726
786.0177018731629,264.2500720748581
309.123921456941,64.5702872977015
376.36007477747637,95.22199004669639
739.2884294238919,218.4022569643588
647.6591215690066,178.1400269450338
635.703504673983,242.8748046709303
857.8280177171597,232.731903966003
851.1031980517666,300.170693726312
576.2717674790104,166.90898712203565
870.3531570847472,266.0146338326385
901.0173541356518,337.5305199241814
660.1657379065858,173.87227840938985
955.4542942747735,305.0928157869754
1020.4816438282323,308.7777284677485
1212.6379737528523,406.26008944178886
987.2350419885429,311.71305925877135
679.8373361530889,179.7513194965706
959.7943747418354,276.985465272384
954.8891504669755,319.06582796445014
1198.3728919609957,356.6804165561011
1275.995989715811,377.6057608210183
690.136162580773,181.9762628320118
309.61788944135594,87.80394472757361
877.6700195671563,257.0451248323907
1036.9080179023113,349.0725421253852
620.6689067785962,178.27276903602302
340.8253716220886,68.77563597828366
687.6970513779572,209.48134207766245
350.7227240831652,121.48222718856718
814.0282570481945,225.50753405661982
72.37682864315802,15.34770961785973
690.3251844451255,172.76798710849027
505.50904245970787,144.4446351036918
513.5121848919479,122.32051808246898
559.6348378553691,149.1611748129499
892.2030281113433,235.21343350943243
138.93335999864118,43.07623240381109
400.380261757151,94.8947836067959
276.80028677014184,56.94917140309051
418.68032312137825,120.06555011549378
768.484637173726,245.9832386703579
755.6266373844599,292.39645093229774
440.29701272478036,120.93751070229915
1324.5352691532494,391.8206520065339
893.4049704497545,299.2956166212856
643.9086188369563,184.3049824851692
887.3465747148449,256.6632467945113
747.1136728367588,214.87444399867857
685.5583840527424,181.05170908455503
650.7169060414965,187.57661030161094
241.04847905017036,65.8289815283352
673.9683677800028,212.62601545081722
738.7616969078736,251.42681966761353
722.0956445245426,245.73858375615123
395.7748808330769,93.84864355717826
878.9629172980636,354.9301395542882
311.19915567867355,81.2109101488565
891.2938455913309,301.7800888478048
1028.78265914564,320.69976398383085
629.6474755718893,218.3660267439447
929.9156963724172,292.5172116998699
602.3337602784071,186.09134368905615
974.3551678565327,322.04120059084113
1252.3185787378857,413.6551902902759
462.7200094582464,160.29877858757203
893.0722009291617,270.383381330109
646.9870822109158,155.86413796133638
849.0843385312116,236.7844531417284
937.9830015665752,344.26000621341336
253.78150603077802,59.529655944187546
453.28581221930517,132.551418761661
466.3238925633269,133.67661418194194
459.586094188894,123.23073561498852
590.264891684937,207.0420050249271
721.2536267967198,241.94284953068416
317.98989131141826,90.6374174210205
972.6556920711314,310.2222180057605
716.1481915784369,187.44552280693983
552.4319972932486,141.72076205018715
691.9093359450821,180.6927150418487
863.5000232497914,281.3467274141955
998.6795476540859,345.37053970108207
346.41134457783807,71.96212402668549
1011.0493552015806,283.3268409561826
866.3242345464521,224.1033494333734
314.0851697052186,56.08457919805231
652.7918279113861,202.46830367321323
467.4531726237072,126.3427615399279
522.414880083762,144.54359512151922
739.9897654101608,201.07723970638853
1222.6799787068217,389.5153331064721
439.0354240098161,124.17863549442171
774.1017586983586,260.2170724109287
573.4823282280327,168.58780537421768
182.20883086758934,33.050540347052475
305.3174058751083,73.15447944493278
747.8429893360844,229.62504483761552
689.4685200353431,213.55418185786945
182.3248411567398,54.23032873125464
567.9184099975653,184.09929965496406
862.8732464582476,255.71219506854388
1346.077741396989,571.1810960575493
606.4652213102618,183.3826686313346
549.6569114252086,172.38933372575767
942.1829090386024,340.27328214716596
688.4093955051683,230.9435732839448
582.9328296489227,176.9987148798186
1267.1676211869703,391.38214082240455
819.5870922235897,266.5847360664797
934.1112551142778,495.9375765095079
909.4412511358105,292.61860974951264
685.9061685539341,185.02397548913777
436.80177345897204,91.45073423768163
576.1640230119052,175.79130274723
790.5625918140652,241.67169918809267
882.061369523972,362.9820207551847
908.2512470183196,301.853582555547
603.0752673280851,206.60422672249572
948.2582711370735,274.41703121746
1092.0161941572624,325.0303509255938
670.4064075563608,185.91370927839438
763.9850048392698,260.04589102620815
932.6205572465566,288.8864904021818
1388.4358698282917,417.34427179202163
888.4036407326388,277.0130927208698
392.0268562222042,88.53865223426274
835.1436205206558,270.9072873950812
1111.1614239973555,323.59949821963716
583.0935853703943,190.01553554366862
1097.6412480263605,300.7075548000397
737.8840206412134,277.247301355988
653.9384537465114,184.9016804489388
1050.0240840508204,343.0573563390298
674.91099290417,179.89150847801406
1302.3650333729795,437.1061331560861
770.8993163956095,284.1429390725787
440.7931965412356,136.0315368683189
1062.4801362695193,354.3139603062692
815.7528883193678,511.891384097306
791.4088052215438,268.84167167810534
472.6169643154127,187.05770685241475
556.377488472848,156.70990743674378
716.5078970903978,199.1121337296358
608.0274052038519,203.09164704354308
489.5772309014833,140.80044447512915
454.5362898650552,135.0263824359728
719.1615040566477,254.41893859644645
419.1194227639297,96.3954582649067
547.0941004466704,169.40381073161603
230.62758826631918,53.49523606417978
1143.1092226428896,367.3601810182328
355.65345472057345,89.8156094576066
630.2929230471445,194.64084830497833
551.925165285892,144.81447590973383
681.7352158675732,178.45270372597
1068.4857891857537,405.3731974306263
524.0322513711428,156.75119590973418
408.38883227069823,135.0022033311477
885.0691588461949,314.46801468088114
275.5200373702169,77.5429008366569
1347.7664644146887,405.49407498541905
1113.4188378881813,402.2978536809999
704.6302792569272,229.65784427844088
379.55155379116866,100.71291349939428
929.9080410779413,306.42111709725594
1086.4512311853857,375.4530180079764
863.1060250679066,306.6512764610661
859.3640656231128,334.7935507981764
494.1030564570305,126.74060632117121
1034.2845449261963,358.75348634502086
260.7257546773915,82.75932070543276
274.6138939265311,43.56926807800396
565.9972277504369,165.67968519814966
368.2041061273665,95.78422427236265
199.1946558568136,52.51302205579674
156.8999185143058,55.498170726386824
1076.9833808001374,330.9398434395821
588.9678368520683,150.3255367358304
506.5819647779332,149.5209865108341
375.2170734565053,96.5635870172082
431.86813249417133,87.87441469834319
753.4965493412911,276.688503521972
1344.7059483455737,471.88373003691294
677.0190827127868,208.46848851639453
801.278827259498,269.5937900418364
1005.8232325913859,351.2727321587883
424.458330591322,117.3994212370728
621.1223422060199,202.58179968822836
916.571466656093,321.7679676866953
278.9146186975048,83.4277640910279
515.5702873534441,147.95451962292225
266.77485233476176,84.2108154235179
1294.5202175766694,426.6795054822382
847.284257141793,248.49952730982017
753.6511877677723,223.01547629139878
126.38889796397439,18.937285666291316
404.91884825792397,135.53899487334408
1076.416206451026,369.6499733133879
901.472174412299,310.25847662927396
888.6076376786204,258.8187916277445
892.5939812327072,280.53408038179197
546.219746697317,185.32781143462014
541.4059535433224,125.11896950423575
876.4277626376356,298.1573239707009
658.1285438718061,191.7588705775312
617.5641419134377,172.64263133345494
451.0350564272166,101.9206124228238
159.01071142870012,35.0441109844362
530.0825819408227,134.80812834264077
1130.218554762581,441.22442460198334
886.7826707522694,276.0074548351965
642.2983352894432,244.0024576466081
496.95022238929386,103.71629554169279
730.0738332106248,198.53922994656864
866.643345454316,232.11779266957979
576.4980301253794,173.8333666431611
1174.025926938537,458.85347288043323
521.5786331156551,147.3761414826223
722.1168928498288,274.34717299574515
364.79300407670456,74.48826313873701
264.72250606551194,54.63945502922595
620.0278354558009,137.9997504342025
759.8798183704175,242.327119446813
264.8319942535425,47.19181461448458
760.3773354786088,238.54169823570444
1198.0544719465738,373.9813411081705
908.2053144491465,269.94602096783154
799.1555503424476,229.98834588041493
540.5178569998355,145.07837561289261
818.7244168791052,232.34700107758238
634.6712090602214,189.30211987570556
878.3280905460914,261.67133310553174
522.6962232619137,194.97161163203316
918.3953859888328,270.11590272184026
74.40170811680511,17.59066819531915
516.211896280381,144.91185059747167
759.6749298607415,291.86857362072794
632.8006802109885,179.1614192418028
688.1988485026154,257.41807355526413
783.0391512711208,223.5480484514738
306.2197631994129,79.66059716979994
821.2182982614763,302.88328987785053
1287.0930681897757,488.18298216461693
817.53079089373,290.1347674982556
1207.2782740227044,380.3565226176576
475.0133749464284,102.04011209475694
191.76480561037206,31.57165229405678
1098.786832577678,316.0468744302658
1809.2195064924101,548.2686347886843
344.38655289620215,88.87044761428447
972.8457637648969,333.00047747655987
632.0161480923033,194.9679861717858
779.3056412488311,227.15900142069685
323.1725808575197,96.52119529483502
937.6902131610912,281.90203781645215
1596.3165384740778,455.7688725950874
683.9025733730224,182.5229533985579
950.6130708016638,277.01762181214497
951.8094014644273,303.79038800754876
908.7978332038216,286.747714590633
573.1653978568067,130.61934389161533
804.9084426626833,300.5359728443534
837.3572945424637,266.63158983663004
673.1082253248284,235.21143703038825
1016.0181701236813,359.3994189947594
1050.1950438593317,304.2889330408605
448.7845808624406,152.01672156613762
709.855410516009,206.66694749204564
741.128809634585,277.2990610525355
444.64947608939497,105.42874329754814
974.3335532705688,396.9552712286073
644.0498629831752,216.24430952299477
1146.3659527334767,329.0311163850395
854.8668566135011,289.0471089794453
648.4449812270866,228.3593001290104
908.2247074402384,227.37932210069116
995.4899192099372,372.54237860298343
812.0662424764441,247.27578731847086
304.48691935899404,83.50400984190331
454.53003657361756,125.46922408921199
629.8000203255204,172.0338153096903
610.1352658770509,155.80435932242338
438.29074348954407,132.49326910047705
884.0512704668687,244.9640379245017
492.77259092518534,138.1958105677334
139.01588222680925,26.26031487675733
959.8879760840116,327.6781315287459
832.3405629898285,267.0722117889015
499.9686857145375,148.9009345378941
924.971608765632,274.36369831785703
675.8055158138159,186.49793763361194
564.6752564611678,155.07726396826322
361.32494998783125,99.75183578054138
920.7124417574211,306.35251020834124
1081.795840265573,362.8836428158611
452.33644832443326,117.9946172903182
319.2970513091171,88.81762275968525
145.04896060518237,20.84025477359391
1425.2835180878042,526.5707418912829
736.9689899599672,241.512659023073
494.30846013523256,117.69874872927542
433.51406069125636,145.2847997626677
579.6732624613123,158.32754688282466
748.1578833011238,202.65211670721885
1175.3435991624049,356.37383717675397
788.0597375414875,226.5727338866546
1138.1087442608955,332.34328656759277
689.2999560177511,218.9067659995184
839.7072791199398,250.22345643933082
488.04793440104504,110.89327777389373
637.598104778205,144.50425908843275
937.2194744329003,360.2109644968902
354.8377974685409,83.8279206518696
735.7110539923342,244.6801611625923
420.6861889097918,129.36022965037867
508.15487850021316,170.09747436431613
575.2049415925485,186.65086951510912
624.7952434354697,215.3439076230966
755.0702952317291,233.70933135511117
1284.0243772677957,421.22775485229346
502.6989891913207,97.92934664976273
645.6314905597927,182.46994723820737
1113.4143186507952,380.21504388971994
607.3654603965069,152.7058716122872
741.8148336180606,296.7903020403611
216.10936384802864,36.78087621752766
948.7246069545187,340.1426910613747
393.65134681230205,94.60273352279228
306.02706028490445,98.66917790360645
571.5942077489613,192.24125962171473
1195.1697788915944,359.51338355361
791.9111224151886,243.63020788501856
187.135942859921,40.88264556553644
387.9304285000791,118.44753274570527
851.1652551941891,301.6498247310163
647.0543539987844,165.87246784703183
1103.9105028698086,342.6702217043505
424.7795524339235,103.41771995193365
709.0654707165437,184.06512099586263
695.9427091473842,201.0150265078019
484.74716994277765,152.62543191134495
646.4250198157358,233.21167775339674
1079.4539233158882,358.5095393469123
388.83349538833465,129.38398272266667
944.578245876341,378.9083217483238
617.6069451477556,147.95186000408972
301.9773988065815,81.19318839790881
608.8866020499253,152.15954679703873
687.5382787476016,212.44621778569703
822.139537716936,234.00083763011048
506.60776722229025,134.46898621452596
647.0969144769273,224.76110216836463
478.61904798375315,108.7420023696068
892.642982274363,313.94637961783076
702.5706404506291,190.95975257411033
724.8611025809082,242.76845487064162
358.91757090624145,79.14197497773723
763.8053446094236,311.260087116518
723.3866196103729,225.21819336486254
648.8991302748536,181.9307626262998
588.3151295272869,139.52710518179254
1181.6826571363888,340.8362264294703
374.9183899980034,122.99999174043509
588.0191237249747,148.07647848345746
417.25022711979784,109.34926981431265
663.2173427941323,175.7221313824631
945.286856518439,312.3510276501204
305.2450824380173,46.546471130639524
460.34297452084604,87.521652671001
886.6892201424853,277.26803616743643
388.4611260516009,107.61895229402093
757.803200528025,253.1133856095426
600.0202121718091,181.86270090965203
921.8425742372291,284.2092512598793
516.3504648024339,125.59419997342212
783.8045133334991,275.2004813996205
558.1409803052998,139.12071184390336
186.50925775963856,54.548698836684295
678.7272845456987,251.79229377121266
278.9173063945287,80.7922545996834
420.67434221793235,95.93944411605757
716.707347202421,212.80398418943113
594.5565354971366,151.57261025152948
390.82027411640206,98.2219179815044
476.13146375232117,110.67512403276125
383.3886907396454,117.29358017469819
628.9824090953061,222.29559790988398
957.4009020279879,328.1567018987012
705.7892087287476,207.4959418540068
627.4822044216564,172.40863855167825
362.284982362232,102.13991081686059
1164.1313781239478,445.6882912427116
577.4596793318663,124.97610691609317
461.56553062904675,117.73492964325199
528.4755537293879,270.76002108760076
638.0974569083862,184.86073424387234
460.2737154097259,141.30406865644892
421.93790818305905,102.20051144537877
793.1270601228113,278.3360869017029
559.8338206913027,180.72623279498487
1205.7360009979066,391.6475358951706
909.6667357716908,277.13413673898054
313.5385877631486,66.01956418191037
1001.21994631853,291.5750281153026
557.3702459492881,158.7071283111251
597.8856469149915,182.57683572095837
1027.3251651183377,334.66984201074115
579.7496680836501,174.91306332216084
964.8162308152665,285.90322899335774
738.3744881634843,200.19188484961077
911.4775739909182,327.8184206307591
597.6159089254223,187.86858241319706
64.3761868292763,8.762820542736947
748.6236963973416,259.2887517941066
1117.7116731396145,324.780240830548
608.8445182300244,159.80090748983076
350.11998295596294,94.85486669650011
1086.7002959885376,324.0566116684396
1149.5367181637866,349.4376091814037
795.7186022875976,220.47903364618801
1333.7560146986148,401.1312138452853
346.0570650387472,71.77367466900307
450.48397861757974,146.3918035709885
589.5207072061015,171.26683987781703
466.27870888298975,138.27988413346782
728.4427012675635,183.24113715434933
1352.4436837767607,605.3425474891326
285.58824376872246,93.74618581772502
381.9775960115593,98.78605068142016
742.2576477616781,260.1662808591863
237.7727440847641,74.8795000755171
381.4506336986615,89.57393959324223
476.9107782537729,125.17823050102918
200.98727226102412,56.033609996506236
831.5369566462091,224.8517105698314
788.60707299146,211.17829205629477
852.4579120400194,216.9785669693861
762.3580336594845,233.80458013381872
586.325581094712,174.70666336654116
552.5615099468494,165.88885625458477
825.2725667266754,260.1390752806478
1043.3951227182176,319.42369650989633
865.7102714399932,260.4954852735338
800.4404023338661,218.85072263890802
1073.899630921575,335.4777636607583
154.05857339678678,36.30221854579437
166.39372817336357,37.61456479302401
146.30351265678368,30.581525854707216
531.9218795253818,161.14062460911634
716.9454749748677,226.42464365619873
632.852520990956,321.98453342689356
716.5173096564574,212.43415112341924
791.2861908798475,215.9269990778091
402.00238513754505,131.5611113299978
991.0147724179993,428.5803555269183
593.6760733620208,197.1217053408303
1016.6495408192295,335.9024139185491
322.21067567619605,61.266190566217425
661.527698924281,168.0974079247945
837.1459534081196,228.60422700057677
958.0774768441095,337.56479981162875
296.6226303987543,56.13192997585006
802.0690821458717,222.42467737392127
971.0849517396164,330.82861591031804
198.2791275383651,37.34059458087862
413.6851098019469,81.37234013809577
744.298192850227,205.93442343144997
467.07034757662734,158.1379255415814
778.806215507584,250.30353035816904
671.2149010834853,296.4869541767215
676.3427260519837,221.01885541453169
398.3968048978247,86.33419805650522
399.46558213836875,84.85823123445314
422.40362644900836,103.66173802051837
1151.4259174614963,426.2072267115877
379.6343342771723,104.18925080768139
929.9901833931723,317.33678420087676
270.57839915038403,86.88075765587847
201.33913000205484,47.72240854230212
929.1350339134115,286.57165341322326
559.8606400126938,196.69518945169142
663.0400853744932,170.65085964016546
642.6923517269365,230.75208408804693
844.0023977839759,294.2008837810556
577.6248255438659,173.74152406514386
605.4890381233903,185.71461999816265
1087.9208611513575,318.7620019049294
373.78013556686153,121.76099561277226
468.4858643772895,145.2688065497404
751.1232837667997,205.26652839632015
549.4210444925482,202.8103042917103
1198.5144388687909,346.1822034833802
1082.4637099507788,375.0149560937246
880.5121855194554,257.8734194314081
828.4354065419351,340.48069679346304
856.3714087885031,210.2199883285424
978.8851743455214,281.561262282924
238.21844184874055,76.23640848166636
565.8931444652891,152.24887753496867
265.01458546173626,39.63330223505322
617.0289262417143,174.98766186022945
251.97346428385023,57.248897530277226
449.8008086636155,124.27829313898532
877.6740422214067,312.3677573138384
446.2669616355936,145.84463800263154
1181.1487270310681,390.1995916910972
789.7133294078016,287.97995269629075
531.4665950377084,166.3772143221527
667.3686763094306,238.53360212763434
574.1969921302345,149.31292483877658
682.5479775833352,216.44339123399104
812.2850741433639,262.57571131981797
1048.1119620865782,320.89202571021315
1177.3104496593417,342.76625254232295
719.8646006056988,206.701122680159
958.7750402938246,327.6425875960551
461.9698555315672,137.26913587536367
818.2702916042732,428.9642621994606
1353.9084088756722,400.9164358788856
929.8035475795697,343.1320120429993
193.47622202608187,60.44742581340939
1502.5419811768152,567.810866803069
767.0457756748617,226.53876680547194
1420.2246740909688,487.37635442202685
429.1422606861465,104.47167691792933
732.8557805566095,198.64473056048897
629.0046792293856,192.2571445589903
291.85619365502095,60.07369097148838
368.48280342732596,115.24090522332422
578.8344502837133,180.72673783078739
712.2012958673276,193.58573346852728
681.0560920540831,208.70528080591677
365.64574796988506,156.86811494820935
555.1161419935938,150.21924471204775
680.0627875073806,202.32989095888652
622.1883728039361,191.95500098378338
702.0269120291307,181.0904974800873
704.5903512059142,242.95712927503686
1235.7424749525412,390.16950098823736
337.2152526043278,110.90536937040619
1466.7182307208652,411.9162114943665
596.9256323993609,171.0980675737166
831.6189110030055,240.39958925671803
852.5782622069098,322.2371196189672
119.1874595520127,12.869919001635008
620.5606680310071,130.87899148915557
1241.0275358089316,407.3698262638782
267.1819217881486,53.840766472580746
696.2486643825521,235.16587310857238
926.4584227362766,296.4548532147909
414.46543741539006,98.46337834182886
766.6115447306486,217.84921513736043
427.53403634133616,90.45274860680568
184.7009753194547,34.34970530649446
580.6289417764934,180.5996897252307
419.4499110644597,149.1643968856465
717.8861176668972,277.5156297235486
191.08935649021006,44.62403674824453
613.0774025319736,167.34739526946788
650.7856297275314,186.40174442493162
1380.2175844295157,412.0116820170321
838.0369055959104,264.95167323220363
579.4400771640804,158.4945998685061
325.3208812173737,62.28000385364821
310.7207176827497,76.88875090836898
419.9575883830562,119.76358960700439
540.4660565326246,128.98388020306902
766.6944213745817,275.8646561999281
669.947264462432,245.62216076378377
578.3941315073428,170.64524993178503
633.3193451998563,162.70786184819283
920.8350176134642,308.49945840046
303.0309071462048,53.48499366769121
557.1212487526701,140.11508841765522
591.0843874506891,212.1170946093411
347.09784262564244,58.17904917924508
983.3718336356084,365.94712677873895
456.61750236560374,126.16734725864947
630.0143904234544,176.33191218265662
782.1036125259003,196.8295950620245
668.7347109814273,241.43170824268668
786.2626565388525,259.06609132856255
514.4927208515455,173.6325347178808
750.8227676763946,200.49420492676273
488.8686577192483,147.08919433058406
494.25257479808073,169.09780381663577
579.1889496403014,143.8177437756833
846.7300875544587,342.5340021718074
185.37812431155737,26.377730590742896
520.5390338722889,129.75760053849993
176.43659809502168,45.40464392587854
862.0372066213951,313.290248366841
875.2503621478058,307.20492407133287
705.9109660113255,188.5923717695367
852.8740523146206,265.47531681812677
879.3266956420192,241.88504034229226
682.4082531825583,245.09558954742238
697.7591667550257,291.1085092455864
862.9570439463162,334.21884493956185
679.1995529259196,188.22550003371938
944.4549175555284,300.4294916831002
252.27421538450523,39.78092138519062
717.0922861467993,244.44634085439498
317.3614338015338,99.10452468715975
1402.375099570199,470.7399568723371
547.3201939338641,149.49270645105327
682.1243375755017,185.1384166704437
447.00986083846135,118.22194235361277
621.6573676082488,259.76514790328906
465.4771957146012,115.83718211268432
1328.6074937167423,460.4528550433408
416.2718727241659,86.87292398832858
1151.0979704517617,364.3413805375658
581.2937681855233,201.74641028837203
328.19182942177633,70.49109843782065
465.42108958339173,81.5314995100557
976.9137500056779,328.7627813891381
854.9065402788891,295.61560800014627
641.7885506603058,190.46048589293903
480.14455458029323,115.27674070304778
689.7247136143667,186.56620387464096
1366.0682014796969,428.09800712125775
1158.3625559177613,382.52821193652636
752.0544626668618,241.06629956599934
696.7686378070042,200.43666641635895
287.45411907260257,95.2109471735275
791.0699020279557,277.64573065458586
552.0795069745072,166.16321498455716
902.100707681017,261.15853706219707
847.9740453318107,313.1156017617229
1155.9378103388458,341.80594201668004
650.4978679991349,192.02692440976918
601.0989030895498,184.21269390603962
669.6909335566935,183.0248681780246
690.2603284547894,236.6402386824287
232.15430208789414,50.59922832063723
338.1616671567599,71.72296686046465
603.8393649387579,159.68457998443603
902.4310853337602,419.8479033532098
916.3654793491423,273.2274552864164
555.2820878694712,141.12079356897047
1480.188709014519,448.38086882072287
1291.6162141345935,377.8469721328388
645.0671962453105,347.0560523815417
595.4880631279302,245.35543568963143
621.5972994961535,198.85996770475313
624.1963636116677,183.2136578115877
510.0772871598364,185.2957189364951
767.798031980065,243.91679384330348
1048.659135673884,366.6039687471588
750.9119781686193,197.22604406259313
995.0548844414868,266.78415852979975
312.6339193333703,118.65978658137436
484.45943347427135,126.21863719696736
468.16083437078066,134.67206933499259
741.8155343766629,206.77687643129542
737.8691401618754,280.39990817537057
451.59994998983933,167.3473991386691
843.330730801529,274.8828598979059
291.57480144178135,70.89060842810021
836.6923628490478,262.3904601948351
667.9392477704089,241.36435080274453
1116.5704924022896,338.82976078212056
452.604157705562,160.64580902144792
1151.4851895940178,369.10138703363504
1275.481114149833,412.41283380232534
767.1310344686524,230.53172228806972
629.8846052165966,153.55363413409714
749.5614222835553,237.07153331489565
596.9160398195443,171.12034529090937
830.6546066340397,297.58681733260255
1119.1329546326963,369.11861480934675
709.5092953824169,207.16540488417297
835.8202284297765,225.7406962407401
967.9176924015435,345.6689100713078
296.0637432653996,69.90219901247819
318.3908246875441,59.133184893644184
1209.1272467301421,506.97842577175754
619.5927027508693,220.48648009615255
586.9613155400505,145.16301873051958
1192.2143955205656,395.2958141619212
927.7136391672364,266.7425348246092
492.85659024670963,187.82323412198576
584.2078870227699,171.32298814770448
778.6727026800753,266.91789615534276
328.19250020244357,96.05950721747597
433.3144576565887,108.27557753038482
895.8139232631619,331.31489578412896
726.2004116457067,316.6960369155378
734.2850813174082,218.76937856680706
1594.4256057060747,461.2064047826585
233.60759751225655,56.681679242055424
669.0869949291705,226.28025028393796
957.7783000056723,270.4193907178281
1269.8373278117178,393.28419221711266
914.8665326362614,414.77635458331406
713.6305181563524,196.94867082039096
406.80391827302475,137.50749526803136
519.5852356396283,129.49782921060464
669.5298557004901,193.29592815321126
741.3418916058265,176.03448585610016
729.7877770366593,183.3461378924926
551.9514754746904,113.68299475752079
1207.71379990781,425.4907469189735
355.50095753744296,67.52930736880955
678.2545537768383,205.03026142299356
1366.3790123278632,403.8634104513806
1131.488580135578,375.9015327142833
816.8224603027269,337.6881341457067
692.1235859465252,262.4522662011617
870.6061067116918,324.86576666336236
727.6519958069389,265.319953798586
673.2245793343969,192.52051064668723
974.6041037931736,272.76991163032346
795.8222977648187,278.0717685901883
896.9334447211952,320.60420286692244
887.8484709715686,283.6242314516448
633.8955741673034,144.47770411301195
797.1119344796456,206.96536497200486
784.6744290816016,221.6779261549688
1065.1786705202394,333.69072897382387
1151.709995923739,382.5654627192587
808.9964279515018,267.43144571488557
483.2796700508346,109.88041169193409
1049.5712638367363,361.8381640981455
1119.0858579745905,329.09179543915434
1196.8086950544332,418.49770224220623
898.0610402439164,335.0962354123347
762.6986485340365,224.4443202589174
474.7451921092122,159.1124776336094
463.76007892060346,123.76774311842273
277.6194719909601,70.90529536169255
589.7513818519042,191.6473931285052
733.6867221609809,241.26748042518952
702.830910498217,241.57610730676038
689.5201501951806,235.83707691572303
99.20634010899188,22.957401067127012
905.6902344536385,302.8301523488551
1103.5651867294819,337.1101331794649
605.7951085766599,176.10115738772004
998.1832370489639,366.28630299327915
775.5365803348108,239.59161710850464
277.67019770028116,77.26708499508386
192.7871681252493,49.896812900627594
689.7593578458204,178.3426350316237
524.9252856645986,166.71319107622094
347.6124611613846,70.22145488310623
284.79531660807277,63.38467570895124
776.837947355892,248.54735950169407
336.8378206298086,121.2858630545404
562.6599379958357,172.86226718885405
375.044395124694,109.28153338129603
986.7756178994547,357.92265203071463
267.53476410605765,49.780584608515944
803.8403751041426,290.80179154981806
796.9054389692935,243.9030425475577
1233.654027015907,366.24418241689426
819.6782691229349,434.26319192679625
790.6391399249387,267.6322406427857
1056.0618027014957,327.4101522072289
156.28828841604124,37.60846063590746
879.0738026911533,296.1763456625426
722.6421283922865,219.3254359162208
589.4645218370115,115.62867126419904
401.918263978935,83.64907677959712
798.3401831797371,307.50015128712687
457.31757243061503,129.86114265189858
772.3433121148898,238.61583800504684
328.0737983636957,83.87123021725894
542.1276421140693,159.92610040926536
843.2054502873153,221.9299794655666
200.51119910940622,66.37209478842911
869.3797787876077,246.5492701108505
1185.0050989002814,387.8854987031446
865.7172054950222,333.1016235447336
1330.9679942019734,399.61808009102236
381.9493004860878,141.39950930597672
481.2351714037684,125.70066801462023
726.8957198894907,222.00661131072795
172.14033150751138,55.29063216019693
927.9451021015183,292.1408023728658
479.82810577092124,159.8825447016598
228.4996331712694,72.71517292407907
750.8201254202271,196.300400765978
1082.098905793407,427.2777956189328
539.6153453929566,207.28641534488744
405.8680977068557,103.73806195170033
740.972369199546,204.7200982711522
494.492032587367,99.43832115671442
978.9447824391048,287.3166744093433
889.5993199894065,255.3118185845133
939.4463599311607,303.10108988694907
602.3652966324476,173.28775214575876
1326.7108187355934,483.8565127770401
572.5959869673487,190.0177910225485
406.01345115038,146.0175136582322
391.74432480032044,89.54116669383984
525.4135482803949,214.5667221996728
931.3325816638351,267.817530362517
963.3448193973445,315.10741340919225
858.0638996347732,257.66385583840304
977.111419543484,329.1550088000976
977.1289762151098,291.549926601113
838.3904218274372,296.2306850272187
808.8358461983008,236.71474669365494
1426.303496990044,428.1926652117946
797.050232473086,273.2658078385902
325.63905489973376,89.65191487389454
301.4256744043797,75.1889971723245
571.2930524771815,214.25785072671871
820.7988220942027,271.7804722429738
673.5131857585104,207.16041430059008
557.6529718327747,209.4517585999571
645.629589607378,194.00042700544176
159.2149067150986,49.651028285282806
492.1208875728843,183.87920672502946
423.8811300833415,75.52893291640002
870.850653538369,290.8425281446483
258.9569072076294,54.95927173763948
460.8421341448196,154.48768445189063
633.7696718676071,171.99424175622576
317.5477323012997,83.8798868803521
417.73922137535124,136.27101135166032
237.25359397708021,44.599181189454804
578.1187134625858,173.07582476379517
702.0475555376463,261.65170000594264
696.5216717124331,181.140595797893
661.2407954044749,204.23502373025553
670.500367093048,171.1186724857414
810.9027530230459,266.43904000428535
630.7215575170931,161.78150371118238
507.79904962455066,176.0879475498146
445.92002930229626,158.34230416246098
705.4117651510714,227.09829183264387
615.9024066573437,234.37989109405285
1443.232507043005,480.0598261938683
405.34525980593867,103.20560328481942
868.7141761791777,229.57585149467397
1010.0902236200501,284.3203558408034
576.2293999957212,156.89907902938262
760.1560532215115,332.8878219481072
615.0210052681949,198.4859234869275
441.9463085097407,119.36806403746995
960.7501614968821,301.6846406384749
1234.08466993418,440.20155404771765
307.143587491999,72.77347620467302
475.8823945266688,129.09418841912736
706.972015104336,250.88640841759096
807.6384311670504,213.1947322472533
641.8641726139613,181.20207826009053
1144.3288816413258,402.32177342155273
750.4566448446002,228.16782083881603
1169.230348910296,353.2167338030884
748.7443591125476,236.11292960658284
649.494068940115,210.08993318894892
685.0099316766259,280.92459130163263
955.4002307608906,311.64730382088703
684.8216514127653,244.79987939573803
653.7775330697959,196.90864528443862
480.10628168551045,146.9597266685378
378.31927044976055,108.85341135907811
483.02439601831423,124.84645853896839
781.0150531926485,235.79111091292629
463.2938144888814,130.17706521593962
827.3618489511753,285.27367050046416
485.4964147776353,144.8047889081856
458.6113394633304,172.1584713420394
669.3883567774651,193.51996614011614
947.3921027256683,341.65142761482053
659.5974080535098,229.2200332309373
82.94444348297881,11.601783028683414
1103.5830403761042,326.59301777461127
742.7882513922983,271.67445373620944
731.4081343981372,241.24305029838436
966.3742791975542,301.88902097280186
740.8393551855115,226.1298401119714
565.3436323788854,184.76118069285326
1020.0388702429512,343.8839187306139
803.3485354923826,283.83118607854556
1139.283733964589,409.52080948223943
636.6981154071126,185.43241122919508
501.8974352432517,138.9429575782891
622.7896191520315,187.26567050087
463.6597062699443,138.8540233492109
367.6290736834432,73.47850370021655
533.8765883432037,134.7824685942249
118.44692996790036,25.517218090042856
296.91324145541085,73.16547540953796
1215.4536495626612,361.9338345793494
979.6957713583192,272.8662902259066
535.605866244852,152.62551492014074
713.0062564674438,198.21879728092307
720.2829590343358,258.23227237998714
535.6025369116855,134.05704735289362
435.2289991653758,165.99219998209725
760.074034364921,234.59031890568556
927.0819291230971,242.44585500305016
980.9925844670706,317.7031762005178
993.5770174274041,276.78653993801527
777.8027697865948,215.95635787333947
1260.3684681422951,399.60469394304954
594.425562308515,208.5769846023061
486.97396507507096,166.16299115022187
539.8518364761416,164.69115028100853
1151.7028881418328,341.73429327077093
342.5044447006155,79.74553619191205
328.26222403816894,98.62448508817944
882.2691916823462,255.9981644022607
560.6123807726592,159.5793114289632
576.6293808843675,174.32288459952971
845.63778877945,280.0946523388267
925.3448389930329,358.7554350997178
1141.5217151075672,494.0339137543183
1043.1091448657548,401.104621945088
426.51001819168073,96.65721429984082
1157.5018372693226,361.29546191037485
418.99274433625095,102.63000917775037
815.2680534294628,257.6643165887049
855.579462027443,221.25177442029113
494.5071771278874,143.48192060713572
1127.608678747609,432.0625689975893
666.9728455468734,179.0764620334315
1284.2898695068548,380.72256681407646
571.8764152594817,132.58324936417094
391.264140137662,104.94053825155983
528.3289133718348,140.47773274407032
561.1431870433687,166.6536787061279
745.6726423767255,241.26596990395427
606.7368131297856,229.3381105816867
341.78797639313393,70.79197298936568
953.3803012220462,307.4694228847738
788.2563447326886,242.38031685811487
455.73290652057335,132.10980797162546
843.2169114322118,313.77256736319407
379.1926011592431,124.12273971281328
814.6783823357529,229.76070967929493
766.7619275009324,255.8261669408766
633.440121492446,195.31051536614572
776.4624988676763,289.1479344907689
684.9806387473473,210.44445850296086
286.0035635994779,74.78773312277178
1009.5786248324393,309.81317843798746
1250.6119655793152,374.73724575967475
397.423629628336,67.70007378387669
952.916945001369,326.7561457226147
805.7256807342445,254.10271706700266
687.5032786590482,254.2684111830378
901.8567035999246,374.36929656177006
593.238605003139,157.26404570023493
1044.971888908418,369.73311536253823
660.901869226051,229.24861020706956
418.3432058740946,103.33333503122626
1211.5721321265555,344.51603045667156
904.960764570558,290.7504830971252
863.7819932286379,256.4771322197825
657.213300882214,169.3247126421811
1069.4851372749313,408.8985214384724
504.67394288002674,124.57952431552438
523.9384016079797,181.72530030466967
288.14761764771083,69.841939380711
847.882503666513,288.5123041203777
373.5016669122525,131.39095042206333
735.8544369370474,264.9924290267883
483.9994768303065,137.75706546057177
415.8601793001261,141.93017391712633
226.06748624929844,35.5721602292716
525.5423725212577,128.32968497273666
573.7734034355176,168.06923952719615
319.8227860306068,88.47771809556174
669.1744247941756,182.1275393282405
795.0448888909573,251.68621744416276
566.7995592627726,146.0931076208107
445.44875181918036,111.44496008684555
891.123359163385,246.5638097053664
823.6605630051552,224.84581202320612
763.0145976042093,239.04935550117284
524.9515722581968,115.217767897291
686.820545660062,247.76642961475267
925.1709343477105,301.70637371738127
1031.1267844027714,299.07519919383003
347.02343023822095,66.8420848507772
656.5184681432454,176.289989607021
1114.6312116717622,343.0612585094379
675.5498986484852,254.53475172179805
553.215470866536,147.62094159784684
734.7414439909545,252.57479546588615
639.4240571338717,217.15896078785886
745.4896089891254,215.24974295338785
1081.3919161180913,295.4537899707546
602.6588769914667,164.05378174320208
296.738835970575,74.09216223627942
625.7502209269098,149.98569583223502
407.4250352807911,94.97437171078552
554.6518573164429,183.6442896761878
766.4897418082733,188.41295510199632
985.4622753229296,325.7219769942288
328.3767735909341,115.86526885429724
781.7441947587756,212.3998560684483
551.0992601798447,193.30507709246578
129.67145853113806,23.35043349689002
606.5074165511959,182.17271292846902
860.2938819083288,229.21093066517668
548.7946015028276,124.78890688321023
452.98184577488297,106.68456132845921
779.4369084576947,275.8489733071697
1044.625947446047,394.656758790123
615.6433772857482,154.68593182814843
932.4915248604841,307.6628878196443
733.874908083171,276.5396140614318
415.9415696660648,90.8610742106298
861.5123576870944,301.022712960752
1044.597935202828,306.07124436949266
353.8628817784242,62.09633063099292
892.6154048965009,238.73196616009633
553.4968130928596,209.447204261803
384.10727844318643,112.99211228290565
597.611615286826,223.3197083682761
687.6889724822839,243.42450067898125
571.2307228108538,154.6023381816585
691.1556473039527,178.98314434921508
661.214414829895,185.65907719879476
670.8517056871578,242.85762150514256
802.4453211824869,287.48806346689616
442.93585572431306,76.42957266732392
291.25466930749735,64.04300378053892
1016.2160146904974,321.77284451947105
520.3772256849255,108.0829562177931
710.2701729270661,210.40513657997633
544.5258370233277,134.1099346153087
1169.1618336447395,368.6682946064366
757.0442743249521,235.12118262017856
1080.9904558592611,343.8347258264831
958.5751885574409,319.3372954028582
814.712513975968,269.7902049430218
881.7407751373261,266.21081494986396
448.99087742364827,154.59350501894673
431.3536993869335,141.714413594529
418.85294784370797,112.42808040827842
631.6791503184631,191.7855253197277
727.3755518915558,228.46053309540522
686.2769353171157,226.727338182178
682.574692168499,249.52565790691253
387.19121973502325,90.5284282562718
693.920145592234,172.07760958499568
817.5721029296535,260.0865129075412
717.9101944390223,236.6209042646506
982.584311840469,357.8073245484031
914.6700053381367,313.3069229662888
949.5643443945887,391.90423851368945
664.0672190849361,212.87336891404962
696.4110265940789,165.26076428092128
620.8595909901435,174.5313575494183
951.4174182532727,293.65547503331635
458.18083304293276,99.34092209159992
983.9490711435661,323.2055951998753
873.4976038803759,297.03038780109074
766.2398135510807,209.23491230331763
697.7592937435871,187.58615007697162
144.48377414508587,27.551623497882346
839.6930968852037,269.4712761523316
304.16641606438475,119.10633576048241
922.3084531100906,253.31175399122665
382.6408654110877,112.82034585843543
1029.8752807858987,297.02578316937246
988.1158496341699,304.6164863064297
1098.114876659625,333.7356022260755
937.4827959430213,469.340035364819
170.25782762587815,40.10544491013517
1067.811334972274,354.4779976937698
472.9796319591351,149.00901174807493
195.25520332758742,60.62508097521422
604.2276780040958,176.0149280618571
593.2768239690691,176.84267830534117
1576.748531949024,543.007314742349
837.1232819497586,335.50969983250474
486.66683338023984,89.19905517515004
472.54229159474767,148.44218124936006
515.6177884247109,123.31590324181145
935.1075242529311,266.18792775741593
541.9247081260228,188.88841945394302
687.0084054927604,183.23345429973708
952.1550900456541,308.1891739521071
825.3789082946114,199.83836460565007
936.3989627704013,330.0546017724158
237.18482905936446,76.14646064077627
1095.8387775009157,328.5582902743133
715.3765871975693,201.90325956699527
283.5913893354288,68.16459935366458
905.6596750769331,305.5789806582742
490.7075312537079,182.5752237976852
855.435758904795,265.2932792962296
293.69586794052157,79.98318371502802
739.0305530554097,245.07363058013266
776.9745320123318,221.44626311175784
880.5311445239411,304.18860902440684
969.1517760528834,337.7135951169195
745.7930971491232,278.26670785781516
629.7190165592009,300.24970460304144
723.3320628337326,210.54006657481554
1056.9662828780874,362.3264163084375
264.982382516784,81.89675470459758
781.0720797494092,290.34956158190283
1278.013994506265,346.3276195372821
880.6505255987242,269.7795109139364
1138.8336143818224,326.6797721925709
377.0026112975728,139.7967461648788
590.363611079506,151.86760061395177
625.9437854608848,202.16668248710997
1142.6423760333055,327.48838622599396
899.9677810346731,301.0624186270914
695.4803439043294,251.10856253221587
940.8259000799254,298.3528402886941
956.0041926900398,317.56404148792075
518.7387952251073,153.2416382148905
1091.2519889007172,342.82481994852355
652.3875605571932,247.5721268283336
247.9388655396762,58.641934287262565
757.4259880415347,190.53043567267196
829.0123040314801,240.95157217332024
532.93145134469,180.4578836618295
737.2118704736974,243.24140182186798
323.1584906785556,86.8870442971571
617.0238440653721,153.65024258055266
838.3442932955681,300.36109341717867
822.1038923928704,263.8437080344155
1328.7862864626302,385.3076128321861
763.4033975283284,316.41443513024416
222.83128722398249,57.85144419422228
597.7756098528334,156.3083141350329
482.9596756072258,121.18993343891344
389.4964334923691,91.99226976256628
705.0254143445586,224.55096034816674
785.3808515614123,252.35387315459008
785.7195204516693,234.41746205960146
418.35970717051885,112.4753302140167
598.7904191706068,118.14946310424612
667.0523586273055,170.1598142866231
452.5764133171879,119.01298591044275
862.734746023596,233.9896774727702
1128.2940211576406,427.59053095526093
549.1482225402422,189.88693318791795
939.8143392943441,362.34624545040424
658.9131811317511,223.84497835559912
563.8815558578357,201.63242075771632
283.74730985966784,91.57402545776398
820.7855821620702,230.99424202542463
1251.3219545961715,370.1173965825277
1122.279417096546,375.0128013267811
619.406367434769,156.51346790646897
1029.6576448929973,329.8574056812759
303.03575722387325,82.15230553593746
196.76190964564213,46.734593297401155
1047.5642440140462,278.3677409535398
774.0052177345387,208.0750624823406
576.1267655566178,144.37907212138188
1004.5540270857239,356.261648360279
829.8900692361481,238.98019578684432
844.0158763569614,304.5712461586834
645.8527380885071,191.51819694758765
770.8464711143404,278.3659372114456
378.1859807671974,101.49969893694565
1072.8576302814683,381.2423554113438
1047.8593153324114,309.2030477915596
456.81469672066436,95.50687977708114
1523.4184141356832,415.78995679075825
733.9303692822219,239.8969157470769
834.0598359534787,293.8158125708953
1257.4926634720223,385.22066528866816
816.2534300819376,296.1067608487077
179.63649190431786,34.53990605619997
820.885163113593,288.82625253237865
256.36689622904925,63.33323581339105
395.6271363847425,87.30120763682271
719.021065870561,203.2685113268021
861.2214274639518,309.2949397419753
1099.5885765401279,323.63861965823133
712.3547524097959,194.16393896722496
753.0415099581576,287.95251290860074
899.9691720993524,236.70863426796424
593.6705651725321,121.01206119635391
769.4191882110396,184.67879378997753
396.78165136312924,105.92351408249993
342.09386944474716,87.03087443612498
829.4165918550141,300.04203495488616
797.3388741565747,231.1507450724701
456.7793019509845,89.9336846318841
577.8030536821295,237.39431888243317
619.5845528028449,172.82003515212995
882.044848998773,279.9634716732309
158.03747428457714,32.093817239244004
772.8295737102424,222.4700170801998
1000.0480478532282,282.0906486501794
852.4606330863272,281.78636647780985
643.0073394636094,207.23575583192226
1064.8723342993273,335.77335241893434
953.6172094780545,311.3957114924328
510.11994499360975,122.69192893958443
651.4981951846886,215.00110839220727
1421.4711527665622,456.11083595160505
947.6286114532295,325.3842510926116
456.19342412456064,142.69401349800742
585.8429445572067,151.55436840776088
337.1735822312804,86.61391400138835
698.5367554620432,225.83466074881028
754.7663399077153,216.375069954414
949.1425204688317,336.9370437040993
1089.173019725638,402.8570989244469
281.56317864467815,90.33504359553497
237.10377255466963,51.27089021466962
1021.4586802527655,331.4726191358062
495.76150620797785,127.84607390256738
994.5475569510672,273.15726153732226
677.1399550882334,180.56775063654752
326.6781356300048,84.00295345748437
734.5277596414345,228.06719110237253
1219.0431154321147,443.76080623878744
833.7264903286281,289.3700295002176
681.4934958549755,240.52819900680953
754.869274496463,231.48514877563412
1476.363754578571,473.8553446269586
912.6137722178563,284.79771028241584
261.81259389351527,35.19396946091436
1245.4431400378398,385.1526202234274
120.93555082539056,16.16423442974951
480.63173629416656,144.88250625722918
469.7540955230617,120.92788491576702
295.05244561981124,60.93995197135218
714.8716522716059,228.20230019990618
983.4711017160383,330.75870139493145
656.3280829018058,197.7038679755162
695.2430337833108,241.06199663893884
491.38470344362435,114.89848807935508
649.378705667398,196.55137024636255
999.6836310138876,334.6039736871813
470.47601807304954,78.95289354258168
404.06118564857593,106.26839223164346
475.44666582161153,162.09200198958246
618.0362996351591,172.36062746084684
882.8429152927432,283.4065869029125
1530.481024920252,434.48773873874126
778.0480895031849,306.67762119954864
787.7147515377375,218.14752274749668
168.28274037128762,43.72489904514155
743.6101035758845,288.7640412210757
861.3884311196291,290.3792219847444
393.64975101907635,129.49249267100862
1251.0084921642865,405.70991759873345
796.1649234115312,241.0186953152009
574.8056816543846,144.32357275274327
864.4933187888603,301.0736426313885
598.3539797415124,221.5452784431868
1099.1153812620882,332.2620874596618
333.42234280546154,90.32150224870604
567.6288871740933,129.00462110623857
717.8219534687832,204.3802472501842
449.0656377011407,105.4925908154234
644.4767316962766,167.13894055430418
839.9254566258038,299.0289681983307
763.0160323162288,328.35911887104965
340.78434904267664,109.03356912874186
818.9197793568302,277.48604027329185
1038.0241462983874,359.0951032809274
167.76343139967716,32.83204567548344
406.1271707614632,106.19222976352026
188.8425307593556,52.17817638323415
776.1974421338182,246.12121181282728
954.2861041470612,325.8416941624808
954.066583562769,312.7139243477077
877.3458989913781,245.8566193723596
1225.1784051450434,363.4635966363014
752.8101755862831,212.24429791716304
622.2044935692434,206.9613131288983
962.0884197028618,286.47470363278165
325.54607881153765,58.81978490561051
1129.826345251181,399.59716623216514
643.8603185513207,206.91510485973245
839.1990633095397,298.65355019007507
599.4356551350922,180.29615528625132
332.5224313131584,137.11491344824745
1211.1139143176931,352.85686986669174
405.56719419366755,138.26055931529953
1519.9059198246705,455.32296885930333
819.7396662699723,279.81586658594
1028.9506545464233,345.5143920834193
253.57417012980287,77.5402104186255
757.7920411961786,281.22995566873936
787.0664034796318,280.1367096658786
221.374928359823,70.11148637817506
682.4614183968906,283.2034456284157
778.4301668945456,256.704642240117
693.3183684640021,207.47558890055782
768.2065908016293,230.7629629474456
640.6151671511928,237.32396577201314
1347.6724909381496,434.65211060464964
470.90179871135234,164.61429025033564
934.5684702144895,306.26676717051834
965.2493387590403,294.0985518621331
1453.6136944973584,563.9825851106755
1482.1920556927898,482.0777037088527
696.1917465964119,229.613179987688
390.12695434304726,103.79274116802013
831.863766095201,273.78336180332855
78.42237200761159,13.544813379597452
650.9813725785413,236.9759694996075
1071.0810898863958,297.86998841662944
495.90416650109705,172.38412508133365
986.4612844013719,349.636258870014
179.47996752567022,42.030125627948095
620.966562814072,235.38705027809013
480.41753086327833,167.37669943890293
526.9799733792097,113.6975227462904
559.9150336139728,133.6714130896068
484.7694808469208,135.4969640585535
981.7291073187992,266.71694476538306
983.939993168977,271.9143567401494
786.1998567410669,296.9557856826643
671.4513648964671,251.51447953964734
906.7334835041808,303.8663608804373
547.8913746851268,125.90160019986949
712.4534559492255,223.56505917034482
538.6506354056987,187.18798231815597
168.78579508667647,39.193804196400755
764.0815171207732,267.11217297764836
870.141722839069,282.2837659151903
445.425270612736,136.17211277851004
800.2400960137139,221.63311759819908
539.8895435217426,143.82560958695663
140.83269262312496,21.94551532927789
660.6196677393494,207.66600586557237
937.7941244999806,271.5862471972912
774.0587105737847,226.79369641849303
615.169629226929,216.0702950412203
1773.702872949859,525.7766898276701
349.3082038339038,112.10873581467794
485.36360127991856,104.00386893664631
767.0899303816352,206.55832411590276
711.4463292830338,239.44672799307526
1038.6470447615916,355.0353476527652
1160.7350250168975,343.2315491477038
1161.5493494470095,340.2230774830597
489.8152834422641,115.12565430041079
126.5367377000216,27.026174681898652
1037.616755428247,302.8991486421301
725.2101144629834,191.66514360794667
1229.7523629411698,450.0438275941109
844.0217143785824,307.84100981614284
925.7267359013484,298.3699092074846
443.17955955632095,115.19297526197806
749.2712389505073,237.29372188153167
690.9906288133529,160.1774210746176
392.2205991236323,103.88889995899007
513.7111886412986,126.49467858621941
205.33393604599166,44.327207353736384
1015.4249012004017,421.38377106527497
853.4164583046907,329.00153569616094
467.39784808053577,139.59460604478872
220.49647856334735,50.17337157867074
257.4984090917989,63.5832316242391
119.60668167502031,20.710833161101025
625.274370077317,203.0863432333601
656.693551071608,211.53748770919202
730.9343395525964,156.50182284159428
790.034061487814,225.89865612208433
762.3137164047405,252.1676613206771
1516.2500493787106,526.4513786769327
500.27499376027663,113.3624129960653
488.0290245517992,155.5939735089649
636.5729248009582,348.10931133208095
996.2031642388985,324.05046163720755
1077.552824262377,366.12231625755396
520.0319882489387,122.70429941402891
564.5711022767512,197.32766117646324
679.7574216483494,174.68325041521175
777.1343452906336,228.34397036455053
434.15067537898153,106.9682328751549
1013.1397653717784,429.7088398056327
520.0904729941283,142.75024780472367
715.152044618836,225.98862372146021
270.2929909273754,46.71498858459374
330.6463937846466,88.91383241437444
1264.4527452388445,449.27572131506815
737.4872038250669,211.59918212490186
1061.4208179686534,326.4494995731159
710.4732289354031,218.25796770652303
512.225867090277,160.43365338431337
243.75304300704158,104.41845107995998
525.2758097122714,119.04554341742627
929.0939205981931,321.6834033045654
884.1751459673221,256.64204273295036
734.3418660101395,226.49719635577358
1198.038397192171,368.99343864699955
979.2577379751596,282.9233472389877
834.1139679454589,314.89582923777743
674.0711495905655,211.59054294882654
559.4982516142779,139.24028678312925
666.0742098844705,175.2581801168086
592.8767478915695,155.68718639944453
906.002207626588,237.30421499897528
708.696851097438,250.93629754304297
958.757277895039,556.1737908224736
282.29265962642194,61.84140131261019
890.7898422636123,234.32114545062691
701.6851105757985,221.84380899124366
548.3798088286829,173.44933123624182
636.3214283610274,190.05884083388796
805.056705355029,255.22418363923484
1366.251050694926,450.26815135436505
1053.8280249332865,369.67450787719815
599.6184706221607,158.92525536568746
1107.3263181463183,383.87495813968303
843.2713808555844,267.2150270658284
717.9115450267136,228.50611708356908
558.5523263336748,160.6387559145874
881.0334974133582,267.80069536332684
419.9370141670891,124.22469986245406
1094.2623171644334,295.3230506485754
869.5758216697877,283.28225198826584
375.56208733832585,82.8650796864137
879.8497506178908,338.4382091690233
903.5420244340996,287.25800364483246
1178.0621411980865,371.4871515348555
517.5031873177455,209.43473698370627
993.2414083955057,355.4703871018258
401.2383344527167,110.87283778946642
1307.2728093350179,395.86947131380106
985.0485800254817,340.0808935462029
1357.5892434834598,409.9367609245657
620.0807099670519,197.21094895952479
1015.9955408349813,298.70534763707843
674.6585719661412,258.3407341004182
715.5459314580992,200.86533143980103
1106.0646125458588,330.37318692999094
956.3341526371985,329.75911900072185
230.32237318577327,53.87944176636642
535.6156302614348,135.5283240514228
651.1599864042915,163.74978861425873
1060.7904389382093,367.42498532475474
589.5986539027299,206.35831677306712
374.41788602341467,103.93566517597706
952.7636124287775,270.10612233774503
438.39348483012145,126.7225949215918
808.6966768547163,282.9773040442435
622.6689912855928,167.93129185783036
1047.7618581498875,354.8351977712039
704.0625377391959,251.01140138153215
77.80140984021203,23.90845193718455
881.1469965730745,280.25280586635057
629.6320058972667,191.37378475128918
763.1144885906673,254.60482642553404
1123.0953366478866,427.00392214345857
732.5215276576953,239.28192775427306
737.8379501605882,238.82213057620137
784.1788047323478,213.16655058493436
819.7798192813444,232.97630017977093
741.5450795487787,185.27988088717908
383.698508885789,106.75060175579225
535.071837007589,133.58703167678988
763.1230490637853,186.0023021782656
872.9734149635937,296.3762818723948
643.1723446691872,192.67025833740217
863.4421392772281,311.54115775700126
1000.7895149339233,311.7581320244273
154.49274682038813,21.987758860178097
747.9911643013569,218.11056063027527
424.0512567543565,141.5373949469842
416.6501067326265,118.75350097323107
1449.9229423919642,482.1865680314532
878.3010419369404,247.3392212131923
464.253478856552,126.70517875763417
531.0641698595954,135.26530992172098
848.2237489096249,279.32830061015636
1056.0148244217874,307.64082900933
350.13338198432746,87.52493269767635
1028.0136029151226,360.5719504414998
728.4884434068208,191.68069600018595
583.6457404634396,185.0076618872956
339.2225016562586,94.11820189964862
1040.8252810136494,299.7228376407349
543.3663047008337,136.55052855431236
1122.7595596120923,352.9421607221557
684.7181414282758,214.56595033384207
830.6372479320112,290.01146646021255
784.550631265267,292.5250041166511
755.8374419768168,206.22142558044084
1220.2248553473805,475.85892289450555
1380.5979338495395,407.78408638318507
250.32077202433473,50.502405215505945
528.0779341103116,142.67215766197288
702.9240747363694,202.7859096568078
442.3613326703648,104.27825563417099
459.79326527989156,164.1149256592445
645.1170365454309,189.12545452911095
596.0212499860845,190.706155132896
187.5352560849392,46.59800476058413
917.7445801123541,274.0733292366226
629.362858294262,216.51266959137703
573.4272661900961,182.32719344434148
117.53597209217415,22.347790862725827
916.1302230150507,278.74885805987014
515.9489760590886,160.70383083249686
699.1244097278072,245.91201800404974
546.2524802425447,217.82432926388975
687.2268584395596,210.25369293725512
1046.7528229909165,311.8472149643237
864.1148559147625,267.5479903064443
828.6819437881035,267.3285986587938
740.8979199026023,235.95323647943016
389.77984266585895,91.67110899194977
1046.46308541918,303.78423842422575
819.3773387656964,301.9866856178374
391.67932128360883,109.40370238412396
1037.0190639756156,365.50539623160967
564.8424035759616,197.06368230083223
688.9312779936472,249.7922534587669
385.810377338084,80.8478811302529
1223.3598328495693,368.35306780366386
491.94706118870477,153.8234270041126
463.1261472215674,111.08657993931797
633.4219116589965,164.44147291624736
478.6856403197475,115.33597746888263
529.1893885951862,152.46888884362406
438.4980168400833,107.48340740213787
751.7554315116137,220.7991987418754
621.1665407361065,156.0316978576542
653.7718588094697,287.54626187107294
1197.8465642949275,394.31543508657256
1049.4377522290563,359.44688585649027
898.2730340905811,342.7762033442065
813.9391835361437,236.2190514278959
532.3109842330477,131.88894596597842
532.3406102780955,142.1568977958904
489.545947954295,130.3444867284991
525.1831864822964,161.5746733030117
676.5049753987284,181.22095274089676
697.132827488143,180.25192610432723
732.6775257860156,203.35557346043075
210.9144360731662,42.89279862675178
155.20427611459013,36.301778291160296
396.84918558240327,113.90296636832987
852.4203573367714,297.024459728901
214.82117406576074,43.62586461150338
689.0025894423225,240.5232865019276
586.3196409770239,260.87745023463333
786.8313633077248,274.745458275709
486.0168260044696,126.07001911939689
444.1428964802287,146.97784757269298
771.5652724370063,244.11325578568417
286.9335212309175,76.00207728236508
376.44618561307004,66.8599480619558
553.2018907615216,160.72577831527755
662.0097013618006,204.50383737393082
1044.073751357868,358.78474518553946
382.4916236376875,74.29630730189021
908.1812342155363,252.5083247591487
870.2652415075921,318.94478743417596
640.2698083581913,220.9145283657155
545.4511507919948,155.18053565108988
636.739884626304,206.4810472922725
360.9422084802517,100.33782774240935
751.6523349120897,213.535896998553
378.2498652525069,118.09941327937932
381.533501273084,91.08961119523356
275.17584561868506,52.05313060698256
612.3432619647053,218.15324524075479
369.085216860856,86.95566799132926
976.9072867387151,275.42720409317036
221.6547421884467,74.61329332975146
826.8116846520102,265.3065730892496
670.9445808151272,203.18753468215465
946.4589392548928,314.1264416565772
776.9550737446857,200.33640214032258
1317.5610136838543,395.37665570622625
647.6999129984404,162.04811972251514
809.2211560518642,281.05298394212133
687.6377670989899,217.63337933052475
1259.008689588256,472.6223746558533
1384.3682205573584,505.1883439621279
761.5588304119988,234.80252476337378
1341.7301906923626,499.92396792175754
811.085972478126,267.77600657195705
1240.5515298044588,483.036732941809
583.2559794743199,222.23170669097925
739.7630445663385,210.81397649372005
961.348827121574,310.88181036636735
547.4440630215446,121.15497906840034
705.0686574430389,231.29220816656925
543.0084153234545,159.68991433514174
957.2990411923779,291.8262947813224
831.2538230968044,240.09114892031596
1156.5972027948947,439.46820891903513
901.3511635958788,246.9738523336023
476.27051482309855,125.8378033121178
374.3705332446378,122.06945887233147
430.52112269272226,95.17658405017959
688.1036408872111,168.66022402336233
1080.3178916422507,337.89419898942015
167.02952062174342,38.2372389160206
853.5206549169773,326.9546360406693
1037.4243677616814,347.5728005052908
360.5165602830388,82.9290757421146
303.7082070459522,58.17855802646819
610.6591143170878,140.6495922756053
334.2314346847296,83.11981653838939
890.4933978078861,278.27311873673665
719.7346492618555,202.07426179980382
490.9339701107034,140.66270134732943
1072.3265327482295,303.46956928775074
118.17782093103824,35.43077534825258
674.2557149874749,356.3969499766535
887.7788755505617,288.40019041791106
1313.9436097658954,560.4764346596048
722.7932957198004,193.29545065593638
1015.7501850421706,280.39737915348553
626.5692442019781,176.28332093958062
445.7137933693483,150.17226580255905
819.9029935448362,250.27793604152853
349.7338943860568,100.20876502245662
827.0725863093796,283.1069860087179
984.0600414778979,273.2002891911807
401.7998952836501,98.00241759874527
440.1570006852108,133.60107211075558
351.12559562889584,86.32428563747037
1041.9479331249129,459.3404726831507
446.8289078053833,91.75189134129059
712.7775015543278,228.6037908488687
417.7157667457315,103.45445181893844
478.3787659815417,140.15550936849414
468.72683114299434,139.66799335992985
419.9125544569459,98.64379619217434
241.59755262301059,47.18352394134578
651.8039815134398,164.2962372568333
619.0193170076678,147.75089048649548
732.9720825163354,226.08809361977285
157.85361212844649,39.77363790995133
958.5886435400663,247.76192216499157
699.3612437069366,233.5396035880033
363.43970357664693,74.48462095610843
393.69314153776924,95.57844910932735
319.8551261418966,84.64594427882221
521.4756488756941,122.08541726426573
645.362670438315,227.32140042487072
183.27401194208474,57.71984751610291
534.9463195316715,152.02164189279048
912.357354754603,213.78311805730806
1248.40949601363,438.50089515707236
883.7837397904043,333.2712090700324
675.557036955982,195.99898540666632
324.3433007440986,116.73358965170344
913.4277748770228,353.1689258985149
250.105716076045,45.17274224536956
1390.991436231122,459.2074692957405
1288.8878706672908,384.34093579547215
631.7176198435884,297.94605920786853
680.2912077082126,250.40502104335937
889.1038242752406,310.39160878303437
1177.5341947163915,338.49244054968284
617.9658955699247,204.0923354759715
871.269927916066,238.08287144022788
585.1813525016173,169.94650809132816
692.5344283040271,229.7673985391371
305.5066294526924,51.56359951105834
929.4738023612468,276.5504311792729
838.388725068411,272.87160121212406
1065.8244401606944,332.1344826761036
1065.8452952317439,340.3163478117758
950.9264333806857,281.61449854585624
272.5879313271069,70.04681830552586
603.5420628402484,190.24379270325062
1087.8794250964013,374.5496272516636
413.7932118572701,114.18043180022123
1512.1975506595008,503.88498074196264
645.7007772932525,207.37090795153154
771.9232695265592,271.85095377726435
1825.691064924334,605.5773185759251
1038.97459083611,405.0913680774918
698.2613620303479,183.12877801378488
409.01471261001313,137.85096842873628
475.0591549903254,111.30628216604235
580.360631633355,319.10035889445123
757.6549834208087,178.09255931732292
482.1336557653174,160.53481991668406
1259.319877338603,418.07351977962105
944.8255946583173,262.66152684905813
501.67720399889146,127.11734857335435
162.11256544008825,74.03726070415823
579.1634464517729,157.03636193630106
938.9059136071432,265.5351730183397
705.4793264883403,232.21139476742502
842.654904913679,253.12237186168454
1324.0674733254057,433.3582758680758
922.2741337890659,300.96925474675567
404.6656004487935,110.93252492418212
816.1817318287765,241.90209497221733
582.6128983453552,304.3216420519418
819.6887985737301,219.7658017255744
300.73288730317716,83.76983839093488
669.3423867508798,156.30455920583384
720.3455278837719,206.99549258777057
1178.574374711966,436.9659268991578
653.4579803947297,180.85574562764643
294.4565060098102,65.5994018659177
1164.4880269895825,435.2951232753235
448.74938953789416,157.7640181523781
907.4080917485603,252.01776267325758
590.7757042991618,175.92722425541453
1116.8743060682364,345.49455633507733
542.6341900658775,113.51322222171191
705.811957644973,222.64743877706394
557.3367494139767,176.89819373513512
831.603565579985,223.3871994132896
1041.9689984579184,394.21647900742937
692.1648835970668,210.0400688794761
320.0434418336076,77.55981053336025
466.04973373353874,103.58160822915004
654.1807422026745,234.31558565415688
332.91945004645214,83.96748337395547
702.6206565188374,203.45096543738438
1190.4521086984523,355.7918752666791
585.050161379449,184.96779702060817
526.3851346719842,123.0157451372325
953.2082287933849,249.39880082157703
204.64567382024313,34.69641007628459
1024.314264970711,343.09889199620267
327.5063706195274,108.7641071116102
153.1616625599433,30.77067237851511
684.7854927750479,181.80847692930956
854.3597304213721,360.63294297898454
784.7353403556651,275.85906050286223
418.65667580780655,110.38814560384576
487.0248173970583,138.02622623284998
786.5515478480341,264.829744563284
754.8852537351875,235.3779273836933
1020.0322675314222,329.8724059581565
422.7460504324865,97.69158149160107
666.8478488937271,210.61415257553392
725.5991510581202,235.77277340541318
848.3804205077428,305.7444395580754
388.4308835872873,200.99545069510654
585.0535998095354,179.25119602990864
830.8672906109531,245.6005682300912
946.4535445398365,326.19426027765763
515.1448063362424,153.04429599322688
288.79127340433894,72.2878922429956
251.13688113718447,58.07182705509777
399.75443290870635,123.9831895389997
358.78080392964125,83.24725978865382
232.51533090963045,69.89490930924677
868.2325647146411,282.250816436264
510.51108936755685,154.11293476681757
566.773819422883,156.8674917038894
330.6664195135048,54.512291550789264
648.7013526166988,200.85824060745898
268.10728277514926,46.5091362740054
438.90830562313823,94.77796429149386
328.2990013234552,93.06105541338806
1137.7493735896287,364.14822584102905
538.8067585221228,208.37952739924174
1140.8584353666365,583.6232590972719
596.0875172345978,243.92284965735584
885.9791114890861,295.79497089229164
399.6505203256048,104.08093628471775
568.9961951345838,191.35206346658737
876.6521172342138,265.5428648893226
599.4732205769492,184.66760057231255
662.3629081771471,206.97129808345596
760.4976233343585,197.6378790769255
724.0268218862961,271.7919796032623
528.6627737864546,138.04913761778252
1165.0385511946065,370.92246928328433
875.1762221900865,292.0156914246453
521.4463089766369,156.42089450897763
542.0498434625398,149.32315333814978
771.9477196608661,260.50604999929664
557.350928382087,175.18815723963777
761.0850577772824,203.0825424748398
436.0689816217734,143.2295681931567
1081.333348751528,352.32121017022234
595.1567691181776,157.33233553534637
686.5141722638912,189.49320980219028
594.2104212126175,172.81972040786567
1126.7543261352619,364.33260717129383
354.24996341790506,69.34845711038712
592.4848548249536,191.55742409660485
563.9512469794054,182.25579828065042
525.4873181750413,158.00574757048153
740.7861593150939,185.54502165274948
273.3721138697779,76.42018639803388
957.1639580086173,321.178751834091
686.6831538610755,229.34646760444383
734.3538817992359,205.01093336329305
780.7570717338783,220.6030267325447
705.5166170976745,213.6968791424174
518.3973631985882,183.2894758352675
433.38203707613127,149.29755313817395
396.03787168730184,115.69019147862119
759.6401314104551,183.07004693223718
445.3344302685812,116.12552550014787
1175.8096628453716,360.50820765349414
301.0281225314444,98.35758565239983
683.4385500909145,238.81585284652522
734.2281319826373,270.6783084384809
695.8081017140646,191.4804300579414
942.5291566911687,320.6189830784972
686.8540065117106,266.3816811837922
706.7365551915797,265.4900239932154
293.2434121456596,64.68640794915231
899.0895709436825,340.8859762011529
849.7644909783446,328.38204263567826
413.86072018378866,103.46431729534842
729.024940203903,218.68875921888025
618.3965158111033,162.28756392354992
399.94146738783496,152.14921982736837
525.5792530695827,135.5371488959407
995.5902261454606,343.4711719275742
783.5557279167351,305.52560178252173
902.7927914932977,260.55749416715923
551.2785623052372,176.32768572513814
769.0148815753118,268.7156834783552
653.6223821951503,199.9319607283215
627.8258876632084,157.17683086219273
583.3948557875808,191.8605698709013
575.7542807201228,139.00478229583217
456.1911728449311,169.17560435070195
601.5201983933673,151.47574434921546
566.3576129604307,115.29842920365986
1107.8578034901702,318.0264452136912
936.3833592868511,269.5582271172606
1332.8115365417873,392.81215967511065
558.4160622464453,147.0173308904635
753.1979874778488,351.1770906130174
952.5885732515023,292.49844143839823
898.227911584747,286.3337044584642
897.8117894476234,250.33695008495354
681.9779930097134,182.21856447660522
678.0618285650447,255.6887086294819
752.233763102186,253.29401481183626
579.2339956901519,205.8338950356534
569.3846872794926,174.09591846414725
436.5713293872095,142.67030073027894
697.0269677508417,172.16503343555107
497.12095589688136,135.7654770714993
572.990929643645,158.17436013114977
711.4030123220816,160.59391943448932
593.0960226500043,178.2748314296727
708.4794258194215,168.64897368231416
1527.5139725282697,460.53692647180566
529.2426552076373,185.40488405059182
534.4422694659017,139.9765003045647
735.6624575729861,244.81179435380565
862.5546015903747,291.7055406326638
798.6997112736266,267.17206945261654
352.2715938658249,76.1532536642874
586.552436253668,136.751186305582
581.6380277199743,151.02135898665273
450.38760845373946,132.850493514889
585.6908384489544,157.97547267924892
735.4380969818411,195.41010454035504
431.469489925999,178.57997314214143
1200.921976336678,443.8181693351567
1055.0062410909864,533.4427177841609
1040.5689732283631,357.71562691862965
382.62497609334093,126.0011408515909
340.8473771513938,76.28957324428163
640.7574673267436,180.7595681636609
822.7840602805082,288.26152773957307
605.7443173817273,181.7903727407605
1102.8077037708363,396.9749995640374
578.0707656805566,176.29056513541536
524.7974691277906,177.08874983673758
737.8406393079515,216.27571537316805
524.1645269258426,135.9502987748637
769.6260561299124,220.815970415431
589.24544442843,236.74138106138207
873.8071784698739,273.2134042240896
728.3319725805322,249.97021114734406
655.3507484568509,238.78900426156252
543.3370050348022,145.53085789451197
1011.784434952756,274.66329081995235
707.6731466380458,212.49398632661092
318.9432732791323,70.93764041563392
637.0844816943379,216.01313456509968
569.6027689676346,169.1244516123336
1088.161688403444,323.8898015515556
312.655718996145,96.78334466868384
604.2277183334488,163.11274130317594
920.5230405847149,317.1785836918174
852.7650045875547,229.76169031186464
324.43484351032345,67.36336789959046
887.9614884177722,275.871448739372
858.2013033521241,227.66669373179386
721.9366243042776,199.9832794479358
679.4115352378628,206.07138473513027
1063.3663081171335,469.58065545784837
420.58766696994286,130.39273212826546
1200.9777738251864,359.0265370040894
850.6807226435008,250.80489745050534
845.7561476449894,296.0563269604231
415.67913514949544,131.13708902362188
513.7204392126114,149.16155250525844
671.97975663483,229.47219947378713
761.5404827053833,236.23714024381164
694.5106897933937,244.45074296477728
878.2222158835916,271.69314592338833
782.3311006280807,223.4924481779582
511.3826112281895,144.20502207951242
740.0062494862332,190.27091866304
736.66199079155,232.46645528980807
755.6811541308288,276.60806082659354
610.7573315884422,192.94179899224835
936.690455701465,375.5583329655495
614.2320081872956,220.176376438771
504.56961517904676,210.76068455152122
667.9160214775364,197.3190427611151
491.28704404951225,161.21626793816498
238.73758230798614,61.45061478329588
914.871560938708,307.226565811969
794.6747900862841,213.2469706769944
463.46959536573024,137.18570684767442
1329.5653597382375,410.86223540096387
853.4485510935405,248.1136892260842
795.8414284950031,272.5786184949013
930.5173375705454,353.75125050051673
648.3032160116459,243.92179464131124
685.0269180185652,260.58395540094364
777.5592200430502,252.1790356996506
183.0651384246353,33.95738251463644
678.6619083309818,180.23025288886444
1155.9251374106746,341.7794215994065
350.1670948420686,133.0265654713764
1130.4069607147435,359.59645313889456
1193.5181211007648,355.2402299034325
541.5570458630427,156.90015482892042
351.6367269238229,91.98412913020495
1201.4340615716371,426.8031720965105
807.1245306850916,307.29025969624513
430.9127953926878,104.51476620247038
766.3719738373388,247.91973467789344
854.1882149395383,289.5013063109012
675.7039504686519,246.40180524678217
638.2640242490626,172.27505346449837
1053.0863296549924,344.292605316924
540.0437782975004,164.942531245303
550.7183070672778,146.32049278063826
855.7271132964112,224.1993806857048
536.7295306459953,175.55248870812645
608.1641158432466,137.95371242441058
634.748820662341,185.48715392525955
260.51160105738825,83.79320527228457
378.4765070247106,118.48552336587721
908.2947859706053,353.58445769856746
929.8401607382415,497.6356960386629
434.1974495127589,158.82387721553673
1034.92082255401,374.08955963580235
669.9421323521212,378.14173601875
787.0653729466006,229.35781228305083
795.453481784242,237.1534961552998
508.87735553072184,142.70811243404523
674.789445353286,211.23688916543114
902.2446736723363,348.81590386513574
866.7606233385682,271.48886858694465
832.5120676198981,268.8579354661668
493.3041669149037,121.94266999966652
555.217211949117,184.58754060567446
445.48430140265623,147.70929983581658
1019.5064976655444,308.2797607719527
636.5329842405606,243.5307326851641
1003.0203349157352,340.97198277305796
1229.3627603413179,430.8741262117368
912.5150121799786,262.59894072469893
712.9352978477316,338.0020128652779
720.4995137468197,206.6856757086215
606.389187594235,224.59108710778838
241.6860855710333,52.57656370344827
661.5418502298285,238.1926575235871
851.4104889604848,230.3689381276624
860.2478811411404,300.36596582569666
623.1909047664122,191.9030920916252
716.3791776603371,190.99094198897618
1110.6337099113066,322.4031444002054
569.8702294450719,197.82943651777822
516.6717108828494,104.37358990087544
1108.367009314883,416.58276136659083
529.4429217544092,134.87936738061077
1076.142254592205,371.7820394950186
759.2994288044223,182.20809500266503
747.0317331668004,268.36592690850784
70.25279512803459,8.97703520455038
944.8447120613918,357.4551385047002
442.4180421510314,136.57883983834097
1491.1369590299078,448.3761868644692
1297.3980101500879,385.67805190832246
454.702022000281,118.25074739538434
527.8182974727955,224.1531780874912
655.2113204694581,221.6714062456462
942.2691465009798,282.74281238061235
759.1488016888766,196.4464703938118
884.9818803107494,314.84846060278585
362.7852770313784,120.4645365111846
533.6480533403663,117.48763144513033
315.1326633756576,63.390420436189316
852.1898975835658,356.24711100809685
1031.0534930802723,314.10753202451843
634.0013587880148,144.53652660352952
460.41586008327306,169.72390669257015
393.2700516644484,111.06395597578279
527.3280250203672,155.3615117136431
588.3005173202382,189.39277691302206
914.4356497843658,316.1897102400399
535.691853831802,129.19528363147583
500.0448101130476,152.15614425072405
312.9839882690695,54.522988255694855
458.4487006308909,124.06018378765549
784.5280056802792,252.9436391901878
599.3299441377818,179.14070868611776
751.3209491447983,244.15534607862637
490.69312063234406,167.7828669053716
840.8503258730964,274.77238047191537
1103.28338692031,375.6430584753944
467.579755653887,100.38516556637018
298.5680232044474,75.49529840932694
1033.5921537157103,305.5094758807864
984.0230463554124,414.55410337626694
894.8305788724765,243.5909779718722
363.92592752848805,92.37273002572114
721.4962389796138,249.6821664906221
968.9469976808111,293.5245301924698
236.4773207601188,55.3870798284651
811.1016352831459,290.9853584611285
477.3105739542044,140.2632763774439
223.16491593634188,49.11729928968801
802.6441128589481,233.63508906673414
966.023097254623,304.3411525108507
641.3795039130647,228.12945258494904
751.8777488503199,257.62278691240385
395.1206403320718,127.76665020043065
602.7279341259407,229.64688589791393
842.6797814916697,256.71410649705217
410.60375925217465,95.39371795510608
414.86574181640555,77.87822903090098
932.7471374431441,337.494945148658
874.8806882042358,274.7951780245371
234.5781686086439,53.725637600167964
756.9084091462629,203.19641388893777
602.1660143821249,141.34303786180075
623.031200850635,236.44364653606323
298.4893603512612,53.5218836115328
302.59684517458834,83.83432044486128
590.020860320241,159.79795980220052
497.78932478323935,195.8159151891869
603.9579810933769,183.59723535532473
1045.7140676664892,316.51831485167924
545.6279265361895,207.0252117493622
621.658655813898,164.3935138283592
363.1079693566874,98.582062718862
933.0282539555343,311.73249414652867
1159.207358241043,421.48304713366815
477.5076594176884,142.19559048108664
954.1913322295209,419.9383587471045
558.8396192427289,190.14325304332493
335.10420052347416,93.72122800997052
759.8056710766066,252.14873645596506
453.88355859050444,166.28077218460928
630.0938069646523,154.88726473352762
1175.146993090014,384.7349619069145
700.73704805748,284.15405956090297
715.3985234598415,235.62274253917587
291.438539110988,92.09360788197756
1208.8533084645323,349.9920521609784
250.7228817818022,61.792456921418534
231.65154035683526,41.052370762961914
1022.1071890405578,344.5643736612506
371.7601806266832,106.07689404001577
589.5724634997672,145.60687609978385
1090.793938028678,317.8416839019104
917.5676124528472,314.2809650481196
918.5464776781371,323.2744056237251
1088.1933368497105,409.84780341720403
576.5212533474971,164.39706449033298
1167.8238206300625,366.60724948611613
776.2483886661698,234.26900922876706
931.3702922504688,262.9547735553818
802.6657418603259,258.1546636063084
93.62719982763342,15.514336451279316
636.1420104028094,163.38102036286776
299.3923076283449,45.07030178964948
793.3976075581844,274.3557494836625
874.819143622148,286.2815326196867
961.7064593978951,282.68251620378726
325.5671849317383,77.62534360994839
793.0400517006087,303.4223881230053
538.7291694606176,160.0433407224225
474.5632362593933,161.13485601227424
396.0213270445127,103.95905989337973
898.9109050453044,296.10781313987343
905.268543534777,247.3003357204093
598.8295262858987,223.4358371944792
38.69291532378626,2.222658734573181
629.4077504110496,173.48765672401086
1206.707072149496,415.53340942682524
344.1571826825657,81.07198947511715
822.1284943578369,231.59889499930048
589.0269728675094,120.68956271870661
1813.0828169955607,639.1882882192989
841.3952010692635,284.13047031358127
686.0735935594516,182.08750371628858
742.7345991891382,211.2592358321603
891.4902307746507,300.53103867239423
423.7494660863059,150.38525308603766
905.0478108242089,295.3961369235607
999.9586681840207,349.0860434977788
812.3521482127248,226.81123233622228
822.0841485004714,218.08044104729353
691.071406218461,216.11648809987943
667.3405772397778,193.5594445263969
110.44380914950665,14.086381750248282
1069.4089303776514,331.05192609528007
497.219170347541,142.5292062575112
490.96160092068857,198.71765737879247
427.8217519570932,81.38777001624753
753.0914403934185,281.334195135379
537.8034032895183,187.546016137354
965.2574207121781,277.7644366075369
827.01204191279,280.209716138371
465.1235993287628,122.02022670193436
585.0846895940999,221.36853892577486
1266.1395220912668,430.52253447166186
552.4444754187924,151.33278808488583
509.05377039371626,159.67221942831654
310.20739407330757,100.98509292697908
812.9165455607176,211.58173084225024
733.802344421065,209.90762444031174
816.5921717447428,288.3909124389534
377.1638077074386,73.27890911158212
461.61846512203465,105.18583185926602
469.03599663630075,158.24785117650288
859.6333952791406,337.02633774694596
620.0213946095434,161.0180489460834
1071.5334360287652,384.4135492005339
1539.394320678012,434.23578167362507
607.4472071383865,210.10066199351857
584.8598897277261,158.03356112171153
834.3221769770186,261.2257437420062
504.26662310461495,133.18769854664293
516.4695009616134,183.72574361130475
566.2871342330344,158.62583232072112
989.8822366475463,289.22940073341897
293.79121631980223,68.27480478815498
179.856860824554,40.24512297980179
1006.7890009526044,291.54781711815036
486.30273534290075,121.50707742294765
1297.6320753202474,392.717826954313
654.1537651617116,235.59845223230988
973.2107837471771,292.4207736936167
979.525966224689,320.6649807547707
391.2078300842724,84.72425428110724
467.89086644832184,102.75849481285866
388.9105931113116,70.76897489481773
660.8753622593165,197.59649905380093
741.85083005452,245.364840258003
540.2724101191233,145.87343217999629
589.1870795919824,165.36890983992063
1715.025626642643,525.1848947730703
469.68417563729025,109.79333314253654
543.4753258030897,229.00083475633076
602.5379441582917,217.64038871719836
474.4005503540467,148.73214832188856
861.8343150078247,224.48525490385387
433.7661564148784,138.84828440839252
549.252312285095,165.49137191142907
1524.4560136904136,580.5368805307393
124.40926982903812,38.530823120650254
690.7024315900796,190.95795930980543
769.7260174288856,293.0396048698146
819.6877072361583,286.73740452926455
926.1860981391885,263.8026588274311
430.9694339303413,128.09051704812708
877.5536616156385,253.7430820063815
846.3365663845873,298.613723092736
934.6104000830492,312.4954922537452
348.8752158889078,102.05171968219553
788.7454475738012,302.31047662505927
615.8639494826773,148.83271690106278
248.40755832016535,34.47416923861568
1110.0602715640603,379.19764215132
590.2700149968208,176.9086964656442
600.2818623565413,176.56871630140662
780.7822046550552,200.1625255250009
1191.093917895455,371.863062848085
789.5933685248381,205.60999200293764
305.4085148844725,67.92684205580503
716.7993288904638,194.90852560742306
484.1261244590493,122.69051870113934
432.14724875791023,123.69786121083462
547.5402104009065,157.85792522184727
284.26166530228284,48.85918440253637
612.6414968768574,161.24452833270738
900.6016304519791,306.81842743335676
84.4150975151985,11.860673071449428
810.7336449944819,200.24377191644103
1027.5490922697193,331.2979512891249
326.7919292486253,91.47576836866054
256.425665842706,58.71681995287035
309.9061747134457,68.7464090025963
422.76568770320426,141.0645806295133
1415.2829411811726,478.77846274696697
838.1540346890197,270.4610425903212
632.2296989797147,192.0390082447879
791.6505445202154,209.9908424826749
652.4454338139833,199.72947382154385
773.1932410600862,243.9228385870498
756.2782184239277,222.0047776685047
871.5749131443611,259.9208936000885
782.7071647822333,276.2096359817859
361.4677975525381,107.4069956674576
242.82082042076473,71.40150200735077
881.2198034012099,239.7625971110133
563.2949820169787,148.40465923052082
1037.2709917628972,336.8907329016221
207.62731415926245,28.3725045373543
431.36140891785465,114.60963226036112
1059.9297419782117,365.0920790446055
699.4460390191139,246.88942005190705
782.6359320482418,226.6597146982859
651.0292191739017,171.9001327748358
820.5602745026138,264.22076558458537
1084.0158246701953,363.9070234899565
819.5736710848482,272.0245047654701
354.11939726763694,98.3296211326523
100.44835630259112,31.00034856249861
364.20922197864775,104.63065093335874
207.25130801858987,44.69749898852126
467.18681085527385,130.983261142842
300.9298183983177,96.77118341390067
254.82622843620499,53.01056343154017
611.4922067875322,203.77675705942806
1074.8121247568565,342.30007224432006
952.1375832653366,288.9895088410526
617.9514406461819,160.98490898469225
535.8366469979687,148.78604795866943
901.5346688998529,291.0264579739606
871.6177712345166,299.79952788757134
960.8894577962776,280.4121850679491
1029.7247638877864,381.1542077466659
327.94827251596934,89.99778162638499
427.07637756136,106.56750186774465
730.1661729596756,226.72476331412028
458.3925466566238,174.82801310019204
764.4539003609818,279.5031382267575
431.0568804834101,111.0533306409379
887.640079956466,251.00287697498484
633.6899493622806,196.54050164298144
1573.710392306253,554.959494848418
1034.169816466708,378.681361208161
551.2368813549235,141.5806145374154
1087.4175705347245,335.86581037638456
331.7902873560388,72.00388728552123
1031.1710518423713,311.1088329770162
793.4712147516199,238.74164524420445
742.1584378228354,250.31452063022923
547.46595622556,157.1473328220998
963.2293796490351,273.8591711948547
738.8905675968663,203.43519709917592
1315.4175172460436,398.2722231977847
260.01811291541003,77.97903142458325
1052.7356484194502,327.55458376469676
485.11484551184765,95.2399435579585
1029.0505792221043,311.5276188856785
1010.2377543038046,363.1049281525562
574.5012293832561,154.5046463225955
624.8841353374073,223.01031504228447
736.2736557443575,211.195737178935
204.4181513712214,51.89287753397566
838.7144955202151,286.131191782865
638.8684209071996,194.90861040172115
930.3157412353582,259.24709066743543
268.36644016941915,85.04796742718796
696.0962506320107,188.83147303678993
364.21614059074705,80.74121560490585
608.5901529801157,184.609080373847
951.5584576636224,295.56797448104277
711.016544480487,240.35656489312805
732.4489748346436,288.3415846146909
913.4153703030869,256.90202519171675
445.06897632659593,123.27638026243434
709.9106627502845,286.67808670570645
470.996948939686,113.05127180645995
647.0631472138421,235.62698871438954
933.218618530005,310.8037548876379
933.3648200981186,330.30266937637765
337.820500350517,125.65732103476341
505.74382003426877,173.87953133469418
440.4922560012275,137.5168349801165
434.42959523335537,120.35331382646051
394.9785337511099,134.65774058615133
655.1599476297685,180.2097237039193
1064.2738929309794,337.55855136142185
703.1449472395152,174.4376834379951
861.5483056679731,259.4150736887898
1686.4817977744356,498.5155216027467
1207.2833815109852,368.40963632202653
897.1300156665884,253.10842634164945
554.7048907605307,165.2732816299479
562.975614893663,153.07645764813603
653.903017557989,248.15429334905215
734.9582102359807,202.51009966699843
207.16003260798158,42.352915906895255
391.66276127670244,104.88635284128544
817.7486818959828,304.1561415659494
266.59423905194365,51.61194120293968
482.2388897354625,131.21446975899195
592.4335847463868,207.53391592778323
734.436225656333,435.8604934510722
977.8506726127664,336.57594923266345
675.467605319036,185.3510648886181
871.9474638223674,259.164706943597
1185.9519693783495,379.4455722806027
627.7080458772425,134.24600189785363
317.9450188254393,72.41266699815473
716.3292388127855,214.9378434170447
584.1876018511324,211.13540429036067
523.5376839547382,177.12023719955843
748.3099343562757,248.5974746500163
638.5063254087438,210.1957600136054
505.908849869955,146.46891331963297
300.1009341475467,60.34433119679341
482.9403304717141,144.3373936244665
485.20243384615645,164.0007430741662
691.1268508264496,188.1972703267653
989.7276385240448,426.54525473818967
886.2059087903527,252.0617928663395
768.6307312702936,294.6191647929016
778.9364672286836,273.6197008232523
943.3548295596465,328.1694203021104
219.4660253676144,48.69779749296324
291.2381086254727,92.61492540167528
881.4803615372963,213.9420438268427
525.5600532486238,122.35155073351434
872.0136691008513,315.23245958617247
756.0928146777412,209.57618409246786
1062.3978634733185,350.69648837345653
1513.9260088593956,510.4306410656292
1461.840846901523,469.66205395115725
822.02120157502,218.5817658628391
416.8741068304898,93.51089710185886
275.07881853801894,99.81162010860332
420.3298144085233,75.27751819189265
560.3866788065022,136.05520601382685
413.35188730272364,118.77765329514844
716.8325193716755,196.97982567646554
532.8725515536,140.16414578179086
625.0821049445447,176.861282110111
401.1131791431131,80.76145761246114
640.9197273568916,207.4479427592411
760.676881021255,226.6482007019717
1037.4052302638192,319.6786635997498
309.1937187041771,99.57891182416593
592.5442881389879,164.54001537824112
845.2054304353067,292.4179926094507
646.8972841071297,235.5317525482521
272.3784387797199,63.623366834536604
729.6575677012186,221.3968073310424
1173.3955227772112,363.50897686523086
114.26205517860997,15.794907100918099
1152.3331256652946,314.53943185338557
940.8665434533955,356.7698416962732
349.57872658947093,77.88330883529558
802.8114776899132,195.05480718305031
592.4509784180827,189.10266528461537
991.3276033448333,297.40027304302214
366.7955602238721,91.42581258223174
533.648850367727,135.33492210804766
322.0384993138702,88.91367033115093
1063.8394561944901,306.14733368766485
386.0913311566271,91.8476551340394
511.0859406377798,147.14665683982741
900.473860606766,290.2184734260476
285.54148548520067,76.72324561364333
605.0912650422242,143.8812728004474
456.92975757935847,108.16401157744897
560.3856919828619,169.02935162923382
727.7637079206745,310.8658585235169
683.5875692673253,199.47569897840484
653.9300836203497,256.3437788679549
1151.2931351570485,416.0765007370099
1151.7603806695447,414.1201325139
350.8595707889878,70.05112712203253
1101.3295220074579,340.2825696165906
711.0890171510546,197.4792040923582
1045.6884056764811,338.0592544393191
602.1844306317648,203.27494819670665
460.3453949640177,163.09065917298798
566.9200724693901,169.97250290111216
1145.6355366510534,399.6088080700103
601.5478831775799,172.65335554676062
784.0700304290931,273.5515295802428
483.11049257723954,151.33960131561292
670.5167665039322,202.20300035348592
662.3374277169347,282.71110260533027
382.6482778930275,138.49856213565357
926.4101626184438,285.1603447899904
89.86889278200569,13.584139023485974
1538.562319250284,449.6336366763061
600.2072482000843,191.0406763369295
416.8307500480094,173.27388264659336
647.7798059058807,243.2500854588196
1344.5364603529765,519.7026220611928
720.6954949709823,226.88387184469886
813.2993253796585,255.39462142820673
498.85366773186024,152.4008345996861
341.20196808917126,76.27310042068228
867.3432667125971,232.429737147458
598.9860944804147,168.72753939496536
847.2044306185261,344.30024575128795
1004.0575770643909,363.41281329204156
413.99425804454364,120.7267484253402
457.6684914102166,130.85644578685205
685.5658192950419,245.66968284254565
865.9682578529673,295.4844232664475
485.31976202531837,163.47179665619169
665.3882157940083,256.6639882583585
940.6970055933232,276.6402504003677
908.2639765199986,286.50287701712296
685.1364918491876,242.69663464077283
467.83988782332455,100.86017670299164
716.0932892296883,207.77239038618572
643.631070375505,197.41992752314061
444.357598785745,142.19180750867042
883.8463836088376,300.7177450594332
574.7805419538258,191.95997822180766
221.8749893929801,39.55857742075182
1289.9920803828788,444.5769642819004
704.8411174721559,191.08156580453846
1133.793690588537,358.5753612313478
474.15573355507496,110.87953116841479
561.2316049801736,151.96423021981641
1193.4013354151984,358.4718524780453
775.6282013463475,200.91896398317775
421.6533126548106,94.9970447208146
416.8272833190486,96.90011506345816
747.7571069894065,204.45385294112918
436.47437831730485,108.06322858072107
470.82629332496373,152.55963180269515
554.9678987018,196.74459548488366
354.0667100257949,88.13602430633571
980.6406010724453,387.49444616599845
932.9757112730381,281.10842793511335
217.27065914220472,52.96840186554739
1140.2847327104923,412.7878886768016
1169.6022128045374,355.0096659616196
683.1692674882213,191.3139123467411
265.5172330234554,49.406476345205476
940.1175104720847,301.09385171978545
663.3385204716856,215.97607684843896
451.9048600888875,115.37923924317913
701.5841678847628,243.12993788589404
695.0234368199317,227.51772993296453
240.8655564940615,80.85134770029286
422.6454259808313,111.4025947541237
728.4591144427866,261.5853653856263
424.8451582252533,101.39104308251358
743.4635444782448,241.17845669056877
934.4460869534088,291.66195107844294
556.2672355232921,127.23798361187484
1014.8350158361193,358.88220956478216
561.4591717419518,172.54557141686334
1070.4318517232969,382.3519337793592
744.0594101700683,236.95047153092696
608.2291687547864,190.07915969496736
654.3007050042926,233.80355751964214
933.1826796354951,301.60602936423066
572.1904563479466,166.21658138884402
155.59865143046784,31.131768017511977
583.0060885350325,171.53801226516666
857.930435296224,268.81530689205334
834.1769842846412,288.21654904274266
278.0400622810938,81.53189190077002
983.7474440866781,341.0228729775933
731.865771322835,249.02431655058425
792.2171256328021,271.62999715390447
666.372600305695,204.49731076907403
742.463192970018,243.66105049005827
567.1977288924465,189.71315564480574
390.5312952223685,195.87127581993485
780.6276468260583,228.10419860009114
255.757369275546,65.26351203997042
524.0045150195015,167.72411396915712
698.9677776049476,297.10455970499197
859.4958319822408,308.54766303249465
340.7996764694691,95.78764825430072
927.8914692134238,319.6459122685795
301.2163730442838,67.01513525318153
835.600227595949,429.3512763125086
548.15871654404,144.21802926519973
642.86298537912,178.1552533739003
711.1206801675486,205.66769248008205
630.2962063905686,191.76422218647338
831.1105527811413,303.2621124515798
343.1198796103039,95.6950126776708
383.64825624696,109.6876543512445
1105.1692281405408,344.93753315128356
1272.595079972834,398.52133791405834
664.4403445508318,233.94748565848374
646.7759573100388,186.3587639305826
475.5418213179613,182.17046343819788
1200.844105022488,398.51502086329333
490.89201820502547,221.52524144635277
693.7388023217978,235.51850848319728
526.5313272756542,164.3075152881852
890.208970466999,285.853767130069
785.6195566753242,264.4422311801418
720.1049739145972,261.156017779952
1072.1866817862174,347.4124070098001
115.87390031448298,18.866241859195153
332.26642154362264,97.25566916646086
670.7731220419323,206.18464251273824
464.7676332955833,146.5472928523156
793.1790228000145,274.95705066368953
630.6462740116222,184.12941919821782
415.321383662703,93.76245815030894
838.7844776409781,308.96527054730313
588.448929973754,178.0286007649271
209.62653047214127,44.679115293099244
841.9293360526617,269.04318726109784
640.9684044922664,166.46229013533824
767.204267857574,224.98462958589226
1022.8882040903239,319.6367150903826
985.5271349116482,277.300509836113
135.17564191252507,27.03634803440995
534.281345632495,166.65105978241706
749.1361680540272,261.6410080148232
708.4119151095808,207.75892166540135
1009.3432028999844,344.7443385431397
589.9034984520604,171.5015004538634
1250.0978032939393,446.19623683799034
700.6420247836161,252.69207140602597
693.424811430292,165.5003179109416
577.0638604117695,146.98808034875674
1137.345649436861,399.72835413182435
395.1305074033799,85.30942129340515
557.2974654993359,149.4307575329776
664.5125782734119,187.24894828579872
559.5033983206401,209.82136986980663
396.149061525631,111.90940149670449
1029.8740756322454,320.7135308357452
559.766471382726,166.25894890110476
730.7110319820382,194.90105259324827
869.1332587126775,283.3471235922032
537.5600811940549,111.4232042250822
688.938472380453,213.1708691804542
578.7984280702476,168.626816282682
129.68857246339473,32.07204942632792
731.1253478002453,206.41677459662205
461.56702327875286,164.5771127797321
685.8578186329872,178.8524658650045
1097.3267193961224,359.819766117144
958.7995039268799,295.02172956178134
602.1659899075537,186.06703364161496
854.7810859598753,267.4332557381012
1604.2607377998397,490.16525115187505
632.7661544342359,232.04439735618084
420.07072132436275,105.23458856996795
514.2381154675195,184.47148116512022
574.8738304010136,188.83491407701075
801.4432819694483,271.20397154497294
301.78795993649504,83.31316027249208
1001.3074063258232,284.8792832518781
692.6654056383795,237.43918334847677
945.4682760298715,275.20989325188003
595.1437433970523,184.3602559750556
1287.4572015325853,364.9703157409136
675.5102618455885,212.487068132604
1078.1677222936705,371.58787687002297
848.8650221177465,261.4042548163484
722.2329208711805,185.64295845845174
807.9584679235454,204.01916107980665
692.9602205166555,195.66390850762593
344.01794645426605,61.98276890073934
836.3410308036225,283.8815198871164
122.73522064797298,18.122936054321638
319.45182014166835,99.64050191373505
410.2275898921373,68.48961542446631
980.3396852292785,298.2354346616928
1050.1512719663453,354.8070913632317
590.9147341754481,158.33428902116674
625.7164643421908,224.58648332675298
669.5464640539484,139.5347976697283
576.8634142443025,160.8208909922779
956.8455634546176,292.1737647557544
436.0049011939269,120.28510510280124
699.188156645882,239.65473231523498
1080.0517624552285,343.84332553980727
318.1557913144774,87.67790438858488
555.4489334341928,171.88187657857665
714.9444372624189,234.8314800101586
732.494681308843,270.9741088163632
662.321242564343,240.14148979411564
791.8435778573333,231.21096632298676
659.1972177718878,181.9951317354362
893.0041119781544,351.4106551502406
445.97715227816434,132.2763037136897
676.5563482556665,243.91090482067096
772.7478467781378,216.19853307266015
408.30224547005133,134.54416259580788
770.3866536839035,279.0858084821551
473.80599828009053,136.91897396271045
770.8641149340227,295.41951675966425
602.1917329952419,173.97285825631747
596.1538493356799,139.41972864369686
282.2299373964547,58.36450661945011
966.7294165107693,321.5100625524288
189.87625252583854,59.9716523197891
795.3956989977132,259.7739352906949
593.6272692621309,192.91858365785075
648.3063931863497,192.80967164739437
809.5140746504536,266.8572297855675
605.4829913620374,180.04311308764554
483.00616718745454,115.67323424765468
1094.8489748703273,330.9667096504043
591.999396658849,166.31789945648845
1094.3685056450456,379.3531731668976
917.3022722323159,253.32195288437524
466.0992694949489,114.34982163406683
984.1827535064649,295.66477455799725
1015.442088206689,290.4312386070434
681.1892488303909,210.17474158357408
540.0166942638535,194.20340856905355
627.0465919327843,176.3556624877153
758.8361987886267,268.72558360199884
609.5892801944374,177.90965595723102
563.1586024629939,169.6711699613774
758.5860829074296,191.1770507588385
201.58649804680476,44.59754691851411
66.94826388458821,11.984780045665314
662.3226367806111,259.4313198331792
348.36633921283135,88.46092969437657
774.2421986048222,302.379682315708
790.8121189991592,316.5830299203919
741.0398312903187,214.33831540446732
111.39130536347008,22.129978831640464
559.7593785655929,171.28198556285744
744.5687406797931,236.10162753544097
679.694617812826,230.88733823896314
747.2547660004321,208.0331409853248
449.6461236572158,159.9528324157185
453.178622024688,123.09848268948775
234.03615661958528,41.01226344996054
1267.0325378493203,456.25276238254975
682.5978005884458,237.17614216467163
557.6670717539778,195.59740228385513
421.6942392391541,94.71725906145915
644.3205316891512,187.4816993665188
696.4089305836496,222.75777694908763
358.94023879422633,76.10818082076351
686.3058583017848,374.27452770236323
1399.1352032950333,410.85981145675817
813.9122577894518,275.77220324824066
462.72937656931174,127.79742117830727
1296.5050781793848,462.4802578202368
651.0008719396412,168.36951215097585
379.5412068694756,89.33810674989796
629.4703240248192,190.1962816310336
562.0792351442886,161.08466212593135
679.0816023594801,181.79925800186618
504.79250390462903,137.46474314457046
1303.4032598999797,378.18516525282894
260.27383704946544,91.07994102777276
1137.514797577189,370.2516476850623
722.5689959528931,209.6799053165363
950.8535906958077,291.69357797115634
501.2432144586483,122.499463860361
269.5493011154867,81.19439407503256
639.0763186992607,126.1733527531388
610.5531451140378,147.5373490960075
509.62357842852293,152.8829364896408
642.3209296409067,148.8390952337459
491.415938359675,136.8180807802385
881.1924662708894,295.1710321869782
485.8155195610583,138.61441105674942
407.56014613355524,111.77060298672843
599.2439950763257,194.5262242449542
728.2377003181517,226.37610110852688
1397.1787284576421,480.09449451949575
668.7999746428187,163.38168999334496
765.717454328564,248.06780760991683
947.0087038749339,302.21550979106
646.6456865468393,248.7943217784937
928.1187304166845,283.3250294820082
731.1477800345936,222.45797522697242
505.30163116176584,149.23689451207343
710.89250930274,187.8212970159455
714.6638445946778,233.44067967493805
398.8618170188772,203.6598745049086
256.8221420762957,53.743405648205155
787.2862233961607,294.69868719534173
168.09527770857616,45.78783367560616
694.789526071333,188.50256382516312
315.3883424197102,72.86084180133939
856.7032482713053,390.40066146329445
544.807367121001,365.93961761105726
217.57832964264577,69.14926232955794
931.7574079448785,319.80221492292225
724.6944651204001,244.90502261185688
564.6660747771014,137.8317616554575
300.20832539878734,73.41732091774846
989.1089500808209,341.56418508677183
551.3908123444917,176.94054261919095
753.4615030706077,200.0261989129898
356.36972175758683,84.62186444519511
894.9427691080722,228.825929783982
1007.4659582997849,274.7854276270317
718.5033292019837,220.46637028855457
938.2884830847756,271.63118809398054
430.47774369233645,108.03235769146892
506.40685897146085,168.23960234881238
675.7185423372099,199.82258209757708
631.463959027098,156.3396889864653
514.0615464590159,124.04594974630675
519.9282604312724,126.11471852924193
885.8415068682122,290.3537100997305
321.7328333017496,80.4936291117991
493.9563856246785,173.98648979974294
1349.6843212644233,472.31312857592195
1074.605068061764,350.50657968394955
770.4781583010374,371.58346912399173
550.4677901663099,162.52863223509223
1102.6845933745294,367.95980960543096
352.0732560961585,77.49841442468637
768.6167812221811,199.39141605334984
433.4675989257463,115.61165702345004
883.5752729658316,256.41186530969685
955.7721100300993,344.4903754596345
578.4001955692798,129.89856209042543
323.13043077168084,111.67957008746869
630.2272921080894,170.2136372879672
827.3729932427593,270.02061267221904
617.3335502124335,193.22537547278174
705.2130334819155,175.97870401213635
901.542772892279,341.48402252364497
324.7908554939549,82.89825113678326
649.1614869174133,183.92642355360175
676.4049674115736,205.205627816038
215.12031797827356,68.21618994698338
1117.5003676136905,335.8897700271676
612.8791417916177,216.87976764002235
421.1200288230975,151.03269425723127
646.9339897583096,215.1552202448773
240.24518506855912,58.7433284366399
591.1439222788524,144.98267260046782
831.6994853989132,317.1555049494734
1234.0404821795319,417.7163208506834
895.95333474902,271.95771434071776
887.9058963109676,325.37195268093416
733.0659917357523,234.99239418284802
313.7164247483575,89.98884425023743
494.80920046543554,137.3019638273709
1470.8731166754321,474.91955048540933
950.7945877787429,312.41364366503086
269.7885050757001,67.5563667246114
1122.0414260652283,487.8340401822641
833.2994440228028,268.5426989280684
898.7911380501697,292.47891232353425
880.2850479902213,322.3651651584511
512.6811555801049,138.06189260045008
232.98396562001264,54.207882949686244
670.865548312816,243.14050116758563
169.54060780223733,57.311350316614416
514.6144450057673,261.07292409231917
1305.0168970547002,568.8703730619704
539.8559487254815,155.0098919475729
481.7838003839328,129.0861286195469
1150.120300657211,333.369754750342
1097.702035583753,369.5945887178802
583.990279937265,186.37539259379352
253.10811929495674,63.16142481864676
853.7496789273408,281.571535841735
368.30144550165346,105.98636706253258
323.3109909107076,68.10974175667656
516.1595924256634,283.1625772958803
930.6193611934195,295.31840479370743
381.556337492006,124.83070243106339
956.5331413136321,334.8257871033595
586.6336664390685,184.9832533294489
477.5789545424792,153.49305894482757
603.9075386364143,269.67060928874434
597.5049798613943,181.4416756585201
907.2496104952156,292.09006144106945
548.5963424301298,152.94591434796735
302.9014286625932,75.89888672518804
895.6584865412442,295.9291021092616
990.5875865125377,344.3936567852554
971.4891536448426,305.64157241601606
858.0853403966678,232.28222562631612
672.7852979719123,206.80679454482956
808.0519107502296,264.86519785490776
987.3380358319381,312.3867988007274
705.8806802590946,262.70831391348304
286.4337505284664,62.854995000561395
845.727621227973,279.5680930080407
718.6729748769831,213.2256543375778
759.8431558535651,235.17603640247935
712.5307740728846,278.838938000865
635.6088213545161,188.28181538195042
940.5497603873921,312.3994562562076
714.4825692767487,229.06082467883573
14.32904811549315,0.720659187149296
396.8476495354152,128.25817947725602
598.5581562995324,212.80567504237823
950.0573517464591,320.91864185166406
714.5884658519178,227.21599741940244
680.3185767298946,235.47740343063666
791.9533842850001,274.8333859635313
579.5482071589993,181.60095087570224
190.29470146992008,47.421533523197304
418.4138317520735,110.93125383528782
1023.0143324129368,315.02394029652544
680.3477753867184,218.3820797611716
657.2816021448305,205.2110168042872
1137.8359740543242,356.51993274779875
1089.464502004883,426.2291896508042
1154.1402675974437,391.0036246449324
637.2117132218798,223.5201468309435
812.944311842115,271.19368877904253
899.5309332615888,230.59621342789825
660.5346341110273,238.20071009913235
559.169656288026,128.79677766716594
740.1752805406188,220.22788615104255
752.7679232312978,219.15491480432388
815.3923150832816,279.98354500277776
712.2145821321924,172.40570567047362
996.3818374517067,292.2171469370292
670.7738474706612,198.50808938621583
1191.4504001409477,348.94050586613315
769.9450130935086,223.16362398413227
391.98666742712976,84.66061612583024
538.65755618376,218.98421840282234
656.4373763330327,171.34698512675902
442.03821648432194,103.0099025541477
1198.3700346526716,370.20002045778034
1171.9002231160762,350.24087638763774
752.1511301383799,219.49993457628213
762.6140089336456,215.7393914298075
741.1388251757577,247.58541750390566
890.6481840967388,278.0842660956511
234.4702765643665,64.42826978856044
839.753956123184,314.43473067774687
433.58623601045326,99.07801170738837
638.3868198114407,196.43098594655885
372.0965908378055,110.5606820022693
987.8845913717386,336.36611052118144
860.0025809733115,318.0831535087567
705.3208308098369,181.32405246969498
45.128063791225365,6.904089440212709
281.038136015445,61.82036230058303
678.4594374456229,167.8709159566577
478.14564609853085,254.47080183420167
768.8870397068034,195.8044902100951
847.1712094167906,320.18951227167827
784.2519747432209,298.00889670361
945.7717722743367,280.1871702850392
291.5556258338934,65.60612467886942
307.8873949964406,76.75470831267504
682.7876093216742,179.27382062687946
1612.7970980417174,460.81366737509643
342.44333032532825,90.37430624400145
859.9905910818849,240.33750894450594
1168.5553881841747,342.77619457231356
512.9352747649116,173.99769845730572
422.1227333495346,104.55431671418877
527.005036884847,130.8011720044554
755.1113664180363,198.4178208575332
621.3214446572008,198.21311716311482
361.84205939401517,95.36496830540908
652.6734572100211,239.1900982964134
383.3206845378573,93.5617557387708
822.9269037075671,284.1858811161157
635.05285913541,204.7316117818724
221.83091558440697,37.220135763073344
803.6758415831837,305.23302103542846
620.7757161930297,219.34536685834328
470.88333262228775,132.73506159917522
185.22632677349324,58.34535756916025
1059.1320818106942,350.5990121001736
209.90991993485733,27.560825575713277
416.90190752559573,107.33160336720718
259.66122471781443,84.0430381239607
747.2494924934833,235.11305974055088
474.4538241859567,123.40603522668367
444.9282495242456,151.4654353564608
957.1925510886749,279.7466311023678
342.30467620019243,85.23863971797579
1293.1937767119248,388.60981919318976
655.8331353199407,243.35998197669605
497.44932338587444,123.69739934339155
536.6741080917964,149.95175808869584
841.3732796428994,240.6199828590844
316.2458049680164,55.673328507756366
454.20898526343234,219.25604103953003
682.3396851752691,256.8852407022055
967.4952852300057,340.921779427455
1205.957867413817,342.4707719712271
653.436439008492,164.04796082039925
800.418430181242,243.79727381324872
426.3499097830313,155.79263217859986
1062.4513501221882,312.8521086264247
761.3324111647854,245.82603579824192
499.38627461886597,173.04437272627445
431.96641313342957,112.21293438925618
1081.7752549835673,375.4644934738901
728.5862179890177,249.0357384015626
477.39775173468615,122.35300192742807
466.8961109122761,113.23049131244238
558.2254706814065,128.7833989908284
505.6801030262636,134.83279388202976
497.2306328252745,134.17726583319268
480.2455662908242,136.06142222450978
771.2960068862799,220.81485176587614
665.5969662827843,248.9611739796085
802.1686279987871,250.40337981141852
1081.2052615043872,351.7626279733765
1006.0412907711777,415.8987851791094
642.4207809188902,232.25075410152826
1078.22266026362,492.47099989155475
561.1832098061936,127.21113547193089
829.3472928785002,285.9624383833651
338.53059659880654,74.34431237834738
1056.3523050786284,374.900619346597
635.4570582843335,237.34494912803794
691.8196561780899,219.38773301280787
335.2003884128592,73.60834304186737
264.8513012446442,89.18924634802241
534.9493067824596,125.20478348602789
951.5121819033046,278.6479232870749
809.1882902679685,225.91424433488103
587.1433567982912,241.9827671762083
244.2722476118322,34.274196305310376
228.38338391425762,78.63841033645231
444.66433992645096,111.05294421371396
972.4359843251489,385.0584939105049
624.5509851006732,214.622434089488
1461.2446311284953,401.99062970302464
866.733876553626,359.1159978701772
541.1135629533046,169.287690233365
667.2240215961103,225.66610002442843
435.210894165507,132.9193994209015
651.5800628456068,217.61055101562832
672.4064787016133,212.1096632475489
298.4297371720813,53.5324542573711
188.29384659372198,61.941003782675175
654.8627395969374,164.7532353076632
480.32312765709776,139.3863874602456
936.6989758640023,280.2650489113106
995.2679646482683,337.8188650421249
339.13964827604747,72.27162040805213
850.659042210901,271.3085882433216
775.9218032475189,258.36082181429117
846.8707073469052,276.6024837538336
1076.6439068163832,308.3982142003402
289.39441225342523,84.46772964491437
814.5352536853877,269.1771601949376
309.66996910077194,77.22123439231382
551.152193742158,201.76011318730738
884.8424873246079,392.9828326416681
258.5918031468444,60.56099389821803
558.0220234713186,162.26743206572428
603.6633632009973,209.58135660032642
924.2101786281247,320.56896201635305
506.88750279848796,156.35439408703402
666.229048193994,185.77882105072965
529.6028998156623,196.71215112861273
676.7193901969415,174.58558605609707
425.16266683714775,127.30494533396647
781.5435961736196,250.67585542658622
808.7804790518122,294.1369792436925
816.7631847433745,291.02783788144166
642.7717568192785,302.6706541378773
1002.4078333115348,321.5054058519361
952.828242622939,408.61880200949054
371.147828636845,86.74830516217696
182.2258189274882,38.75058395041209
656.9458850779062,214.25536167556146
556.9932307538758,135.35123962434403
999.8033639403643,353.34292865540374
759.2029869359659,194.79237625227856
219.8011510911403,39.69233674501156
887.623497435831,260.2674628727019
449.6186717663329,116.53155504773797
483.74969558190367,140.55651497077244
1342.116967311727,416.3176486737294
837.158338955328,284.510455534133
1159.55349169102,394.36044635201034
391.34301924375666,97.39011919477622
510.08295180824285,152.37724359957517
631.2925586795374,169.94511619458595
326.25887286469555,77.247805077019
512.7649131670886,181.18376870431754
807.902158611755,244.7380864770864
461.33073251111347,127.15862231067887
758.1096075289282,256.8604497739084
428.94104396883205,95.0584763023057
832.277869055973,355.23282795555787
899.2582827550796,316.4502178262813
988.5580070174624,284.22544941260946
71.7698886355177,16.21515709542404
275.75171961331625,73.88767261784348
1053.0557575228465,279.7654046179705
824.1896969073163,287.6114707638877
688.2190979967004,255.08185847867585
458.5433877040347,120.28992704570759
610.0864526943835,196.90244324504073
636.2109367976183,142.40431420585506
741.3424365840649,271.1315866070438
565.2037613995054,177.80676577167495
232.1063441489108,58.09139949856425
620.1809023336741,182.41948207705857
291.16445192833555,69.09712027718422
925.586548666565,279.4148432320054
787.1287695152566,248.44032817377393
521.241272027494,131.09778946949532
849.9063581873897,286.07176588484094
694.6697572638882,199.15162106884839
704.3083973823486,206.28534451859824
192.62383931553293,52.347900895693726
160.97936289508544,35.10027501080359
660.6906369710136,194.42426317360182
447.7485680034339,91.00912009921055
794.9593434786811,246.55412513295062
651.0508503327853,157.33927616988274
597.1469446325102,165.51879232462596
1047.9072360196292,281.0120622057868
361.23483815765525,79.29851508586688
574.4154212493736,143.27017668802083
201.94016377286343,30.499808899794882
890.1815928710929,261.7166662509111
740.1556393330217,235.4915907278175
569.4123872467372,183.4522669819909
365.92708067358967,100.70496618401467
790.5221291887915,251.31150662616923
464.1230411286854,107.29741890897095
894.1769367051891,336.1361280282087
360.0045985523137,99.20819521020061
881.4605108396518,298.9038652347071
848.0344632589348,293.5710917702791
341.86032969001957,101.29917711207403
906.1579874334326,320.03070909330194
134.6686037462002,26.787154543420602
840.936286212529,301.0080312688693
808.2055772783215,268.4715209751239
568.2390559431806,167.56287307631086
749.5799781241776,230.03178730228132
730.9559105426923,238.30436758851255
128.4331395675969,16.233966437815095
1291.0071669673416,470.6609074498888
257.3196030027687,71.41707887089822
830.9081646216249,266.59968277710277
650.3514106827382,200.75674122583817
705.2298644214079,229.5623813117573
938.2409452913025,288.30481512107946
646.3018099529712,173.68642607433827
438.37872057760757,107.39583307505465
1147.8015648726823,324.21183408604736
832.4063870359608,268.81886613994806
692.5350480308048,209.0305571228862
1342.827106226912,404.63382899437795
449.82282102912217,101.9145951776765
930.0400795555568,363.1420383802572
709.5187322653021,257.1977263758137
614.8763403766139,215.96285854114808
383.17739286250657,128.70586635333214
483.34606179240836,104.56560933163742
315.87697260480735,75.49354158970745
778.7869017278176,239.4668761292053
527.2848092933938,152.2074649400824
694.9047555217809,248.190709407668
701.5534183608236,185.670940566023
558.8196664059885,135.7336811945323
971.8528294113269,286.8012938609064
485.6435187335496,162.9323908208083
783.6930968313787,256.66758450616527
773.8000694481843,265.1453503038826
1420.3304230520707,415.0444496674258
230.40839335156943,51.39232177561107
348.0139714689659,114.26576759370474
673.4235881233228,248.52254290444304
1121.0815373326564,419.0322903630083
590.0041244294373,227.22210554524105
826.7090867232657,239.6473230123672
728.8856267562725,273.29127117016327
388.96826671119425,88.96814850830116
506.3256424232935,174.0232223973471
1182.2074640509209,386.6416196006619
377.50903672237416,121.72848683258992
842.5117926031612,302.5283329460889
1293.0973384228078,354.85096370879023
682.4814144840007,225.80398154244008
639.9997577623892,227.56674296329308
505.38265809443374,169.07745963572034
638.7627035336841,234.6950519739657
794.9303782817931,269.0406612480994
767.9232172202886,246.5204942120829
134.36313328528863,28.106406080537738
665.8726333035703,215.7880474662258
1030.1039604211219,354.3969842006078
699.8434289295517,210.377419788488
458.28097262199657,131.17327462952588
576.8350636827174,157.4775153589424
1303.5102100571157,420.874827110378
194.2314037506828,41.539261245479935
622.3213911506532,237.44848151822674
427.8720119998118,139.54883341997098
747.1941390486174,346.89970216782206
699.7210329281866,230.13542337052985
756.3730239447636,195.78489523143338
256.3491240511712,53.87271538875587
510.9350390159899,124.43158207307847
720.1988585150983,227.20272325863877
555.0343925201335,162.2993737284551
1366.6148454446911,503.8964540502483
667.3160714929612,174.63123664892876
434.0839094693587,136.74314157403302
982.8145020006205,315.8899206032287
907.8489670290919,341.6478391020345
474.1347435616213,175.23603082760158
667.0842691903442,229.12103875102713
497.21545888220066,180.27301122027322
712.1165504769926,144.39292732710442
665.812892179046,268.89648185903394
944.9985149901053,290.0877843312502
698.8690345395098,219.3297208523081
499.0183641718851,159.5024444681735
656.8991171551227,181.36210607181008
557.9477110717107,128.88374186852545
539.6540195258276,147.51008465388847
416.5046612016648,104.95816602622456
534.7946775810119,155.17925945424872
291.60122824403265,44.401413891457196
847.1232593649968,339.0770239380299
598.4138469988953,157.80084377361797
652.9092578271984,197.895540982251
837.8682321639311,302.6028009576639
843.0432715093536,304.4391684350862
681.02080032296,238.0470206246539
288.78060303925406,80.16431391737613
677.7315837665549,211.22547383304334
834.6713342237399,295.18464238648806
715.1496636779024,149.04112418784808
391.77268835045305,83.1681506743286
504.0006380877751,127.1982035856642
518.5892048331574,131.42008410456484
529.5516819319995,118.09455804555631
738.3276357081004,224.84394122855792
455.856662834152,100.52507051988323
346.53184367485653,84.61181487840693
812.4649325705809,287.7179602446585
613.3973651636901,130.8230217988709
549.1797320982441,154.4982855673999
266.44877972339657,49.85524196540671
470.5965578600016,138.8590076543391
499.57271391754205,145.92390361171337
525.8478827656415,176.64045392103293
1227.0316339846288,362.95345200619755
590.2127719372249,124.40876255843902
1011.6133801074939,309.0347228750482
773.9052683315584,424.8337482951488
305.28282378035914,60.48143859782558
638.85985922582,228.395421689537
1497.1248602855271,599.7961390539066
878.8188747391159,259.42657692110146
480.11514337489064,168.85253383732157
918.5135441943867,245.2922773265901
648.5913629316794,194.37076321867926
778.0827439054193,263.51352276426366
271.4425363519095,71.31103211230139
540.7386390512628,160.0747231171129
1032.3322406558032,431.25545910393714
716.1386339766265,201.26998643716254
865.6401206240221,243.72364403089261
288.71562248338574,69.74813650729959
433.6124450617699,113.72293550202907
260.49695751656225,67.9205617345682
642.5651289259736,161.14335783909988
331.5638584683854,66.91949031284308
435.1644232191113,97.74667274566846
593.085936287936,133.0066655581582
830.8383136568425,250.86094411987946
530.6560262008111,203.25601115802203
136.9270910339949,37.622591670174735
514.245516972119,160.47327106067073
420.3088548675548,115.09029210767964
1261.442344097234,393.95145125876275
1246.6150842489562,370.0833237867175
509.04234211408186,130.24351274911928
232.19779166685763,44.39184694664589
314.36623320458096,81.81659402995606
549.4705659930767,168.2812481395274
801.839955487321,207.6687531041311
365.5772610231626,103.8775191184359
1319.0034962011396,445.26446201037743
633.2628390502807,176.5883711614685
380.56058215460615,88.38543490036521
1310.2082803551245,447.79868827279927
749.6236864581874,287.3534402510565
997.9158460343782,348.36008665155424
414.2333271365685,115.3999569198594
957.6412305349136,295.9699423488433
407.34433819887903,117.33336759192206
155.99290748273873,22.704397713024083
854.978750246006,221.9238453079572
335.6890010710092,92.54718694049365
389.91959603415233,115.18408493759273
473.28878332143023,176.36924910027145
522.2987473040239,108.54895119256604
606.329253317615,129.49242749183054
916.383760408133,274.06627703164025
394.9755945608216,87.68236215177568
646.4806934676468,227.96136351966675
270.5818260415247,61.355606786491975
462.1060563915283,84.57282028564542
1064.815369781132,357.9148003092938
577.0034509551058,165.8094732754343
835.3806687846339,249.5571171921425
378.14447554145556,88.51399066371984
737.7903678429902,262.23186227747556
804.7194150219232,285.1465914829874
937.9415127616599,329.13949236078156
564.3242591001815,176.84502546941198
677.6988607464691,248.19093488661426
575.1700543976776,138.98408336091495
1122.6340019911206,362.92477422675876
881.972789178769,243.12364819226448
709.1762977724577,187.34774535448838
437.54926798840614,112.97386209163086
330.1933680285017,61.055978709276424
1270.4571891842666,431.7190247073559
574.651349562485,194.6316371046516
799.9502071041259,288.77098571283983
514.9395183056147,139.21064512949124
406.8796196166183,114.82166763608875
746.3919509942846,208.95729094168934
268.74522769364836,92.64250081210398
435.58933677143915,113.06385328727242
415.41769529021616,114.63333635033561
1499.3177699725684,523.6942091083415
1033.1217964259363,328.8903112460159
887.3097992562489,288.28285126796743
270.1536979355533,68.94782572152134
344.408353470251,73.96974157229778
289.7780101784318,56.662204690999324
1037.5612237810678,387.3598060614651
769.5272711253289,244.1329130935315
661.0075290398632,204.57225282735055
624.6528472765458,191.24926626273808
439.4151383848317,111.4521100049649
325.31723391677235,94.98114408605775
701.0807509411657,227.23112336718248
448.01371966648145,124.08120636591427
583.173743565419,148.95866671202737
800.2830412922408,243.25368076265548
944.2422352682755,321.35787214832845
311.85874606586947,69.12086570550314
1051.713073567986,343.30667041041426
217.34709962256431,56.39233098212418
1155.1275138091555,352.95473447857455
366.57266168155,98.08560912534624
700.6200216505752,185.69361121178872
298.15800957027716,77.81919942169498
720.4997908186209,207.16473158008495
591.913145005648,159.50152350576556
608.564824429088,202.86336729745798
297.6917824176381,54.48546226535444
573.1265534338039,149.76246931400607
857.0250572356566,253.69788100115036
955.1644599953433,302.5719454939425
341.06581580329527,88.30819162650106
758.1243466965216,225.18267523644514
503.77758408297944,153.05987759865425
1239.7850158670954,365.8874297120905
491.1113956488706,124.26944147607858
663.6755941122842,216.31737888295757
301.19615403056537,75.62925529220223
528.3962696123602,145.24819000693358
592.8270928628453,198.81771461850136
890.5144805380814,301.8574609004671
379.4949804843569,97.09535499376577
244.7016446594119,54.09321743615307
430.0200786579128,95.21341705044932
315.9825680728451,69.29893943685276
682.133109308738,326.40972875389
139.9409804591127,26.447720964411733
303.4683623561941,98.56705173359076
542.847568790323,141.46975545339154
823.1502291868194,280.7113448561891
617.2669392638015,189.26551777890768
754.6618981267587,303.4185993473964
642.1379975017453,198.87484171014978
747.3956516204803,171.34042989632925
942.8390822783886,373.4116476801485
812.8956882611649,271.4486298192344
100.05888225071553,21.29044642874951
260.03705552221084,83.49401177554907
599.2395336956176,159.35150520765163
986.9801945159418,269.0004808458821
197.10887471890607,63.6611908231024
571.636945805311,144.28044656810204
400.28144709095244,95.43733866729819
639.474103310442,179.2144379841093
890.0730443970087,281.23677284254876
799.6580148114421,293.13167111109425
526.0458151158767,117.01895861502355
767.29754478892,281.87228824518695
706.4615562025532,179.83165430302978
466.6979620754559,110.24354611429739
630.6251785791133,200.85366843095338
574.9616847688529,147.32700708932538
675.282328302279,178.58077778772028
710.007776815365,257.20393225159575
799.7903753920377,223.52097758605254
838.7341072623435,293.77995465097905
378.932261735764,119.91563345672853
995.9200343510627,323.39250838181226
585.7829482850713,177.53538076042986
788.1141677098701,268.0435205757309
269.8828786830299,87.81193334880975
647.945627698927,189.764222285814
347.5664595578347,79.66766491707962
931.0936231516323,268.9089846382138
669.7713694693332,174.4231354852817
972.7889554954315,351.2042005726002
1043.9601080708217,350.8008782801207
751.1743383382333,268.80386712625835
939.0638832519592,277.3922763891313
402.3904986621314,97.39097193474953
118.93310023857329,22.901990464291426
424.27053029607134,94.0125132596677
530.1308610002824,135.10700446503787
578.2951762234944,140.23952928401292
535.080924853211,149.11634129787336
968.1373949632406,320.3847622513633
749.557079806136,248.54278473050533
329.7614055636276,81.8197811805316
593.9799074475347,169.70693418602033
1022.9755755369426,468.27828100512534
813.9338262407427,243.60782534443257
495.4900443703141,164.89407553061872
626.183312753345,176.13858311851837
831.3134860916635,310.8981129284306
648.1377291609138,168.25085407914855
603.071372069822,216.01036909439935
614.9275550492564,171.33516212384882
288.35218626264304,73.61558612007859
547.1898407793681,187.40401547153573
354.28204002483426,89.4846575226635
889.8500938913146,319.7264471259323
879.9884673803734,276.6866687844313
1021.9028422222679,343.53485425860333
765.9548869274016,243.7897987833583
862.8503886428557,318.2816965977067
516.4964160906683,176.7110943512337
209.1775987929701,50.151646197019474
918.3225760550963,323.16428387469847
1018.5443843576265,367.37978294081057
654.0344757546038,215.66348948091488
792.3869617704329,205.89327595459733
629.4658406527041,174.16417431796455
197.54778699734592,62.13868868692255
530.9064199596108,128.1041282480535
904.0556809430425,297.69385651314616
723.6103472673611,234.0949963506049
950.0684368902882,314.6340111554368
894.3079189142851,275.7532805842899
1010.0725028429148,339.01822027474645
1148.8046369841004,358.4089196411418
370.6028722764155,124.29061725270743
836.2773402605181,265.00558178186856
509.31581587268346,173.31114515034017
934.7267467019494,271.6860609919747
930.5569270662049,349.6974968846609
1110.4796868896779,355.317472701334
984.0680912258058,297.53555820707896
575.5767017492865,226.9631784328864
696.6566253503239,191.41156138166764
750.4436859802606,289.40234036349625
779.1332790756959,223.39492288646258
747.5071428612489,234.71657570792848
221.64588959940824,43.80533996862162
651.0051900341896,224.806020879601
756.4470085379635,217.63084053224782
370.03082398157744,125.96626915930378
703.4486999669944,167.90659139464242
600.7974160401916,190.47834997071095
541.590688202524,148.56642608607396
769.439409892429,306.7999318411496
401.7687222129275,151.25983696468913
929.6785637239336,290.004054463111
743.6522517427636,202.05117986700483
413.663201011174,113.04623288986339
1110.2941923096455,348.1661077465802
434.09881590894565,106.34551462320418
1139.3073652990752,352.6838290041196
168.48392978352558,34.3084558990448
188.18337036291302,36.16169568742333
633.0261996059953,212.59475644269713
537.5928446330846,190.52436853284917
589.3093842680041,155.91198917074752
508.05811158357557,129.6103147134191
470.5236265635384,138.96334392566067
219.9826840960209,58.537604231314944
449.6572272537709,145.43795325230272
1608.2656508379496,491.8265464756392
893.2531956645003,267.28659136809927
435.7802728783209,86.45899936342849
830.506734711688,305.18284950127514
720.3875818332784,197.10347516878883
1230.5240529012526,305.56207146262386
1118.2102277886745,333.0552077815097
904.0677250794366,348.40977131879316
463.7808918440501,139.58354199195287
850.7652329261707,310.3268496210093
1004.9356303246678,336.9513290458867
317.68694824145155,103.50586752193752
639.1738693734901,245.9148421883718
693.6394053968272,221.6055991168523
988.4892865004638,379.83549955393227
837.2487029763928,239.17590549580547
264.20854520292943,75.062998530585
181.60128409076574,29.944901926420485
793.2145256842919,246.36835498768366
1099.1878728496094,349.9162475027621
374.1244701744771,101.48562547658211
750.5705010913626,273.52500783781403
955.5628275783849,300.42771956705144
278.5009026908477,49.64229487021433
724.5724897960658,178.57765198766865
695.9628517865923,251.66984157179667
745.9867577595248,248.3675151091532
693.348656313262,210.0129240750827
610.8456335266358,245.51486983635291
859.5826377453293,251.20457956457568
308.34809841027226,101.56645674733726
447.48064673946124,111.93199168214046
957.5506432835449,290.9567818937387
875.2101254631566,287.8929167488465
676.0646744275608,230.71320818408324
457.86073626516105,134.89248538539655
546.0117643235048,169.97350594898214
812.0221649064471,268.8563115789079
867.1842658399457,280.3632293974532
1100.1823038095545,317.78254987559575
885.1172408324394,299.35055132981154
355.160991276624,83.56436055963684
886.4593976558385,435.35303278175394
573.5325612034501,161.5979823789473
820.8583263467458,268.7768067177073
1247.6088136751816,373.9646023166875
467.10306601647943,145.27783735954043
724.3002670870878,229.5723640858308
276.88868635952986,96.81530515886973
481.81955599423134,140.84848335842997
767.5272134394259,304.54472837582773
339.5513125776027,60.573589443450004
1183.0471844327271,325.9173915094274
352.88455489505793,123.3529002509723
1034.8349187238912,381.15316275687667
980.6164649941948,304.10713282999785
428.7390598296787,113.69967684248505
1002.3887927926417,377.0579670047194
518.0234542751327,133.41066607274558
1127.2962680631385,409.3033687903243
628.7112270724413,201.96798500477385
491.1255062708051,134.267239931416
612.1944251728896,193.35206647124213
576.6385635717014,216.70341050648332
377.6984975869402,95.63495918245921
990.4980643704865,329.60489047203504
502.3094955261531,154.12302137793012
345.11326032428474,87.84124528790852
1227.1082787962252,432.5183761488006
420.1027031258666,85.27070673725977
1332.0467180601613,413.01285846219855
711.6725017619862,188.2497254540381
946.3258231104983,285.913342840913
962.6126536749014,285.0296096637622
846.7518431753631,215.6738573223728
729.9467902033607,281.2219481151242
1138.7623465404217,395.43890216858335
217.39634701006554,50.605658030910796
1267.2327747419345,422.3887059777883
984.446316811986,335.8655529541537
366.280458550159,100.65203641022129
731.1839861822851,207.87221270048153
752.4874664215273,218.89947396415573
842.4046660148487,253.46895767256538
755.9249109388921,222.92816193293694
677.1599693115274,215.78613482100388
388.9394404346095,127.03363316661866
776.1507611082321,222.1013394018293
280.1117812136434,52.5416595378103
992.9403742137155,362.3415659350099
258.5531338686518,50.080417787000265
1034.8325640585458,340.1508510005546
475.4100041885916,89.28039542801382
842.0053785644222,239.26594221983103
235.91543892254228,53.767159919874665
736.9306570203103,292.5315663988771
632.96614036747,246.31560568737464
1095.457263171627,402.1952643664848
354.675532354383,77.05196627158902
801.5421581718621,226.26306042289335
1066.7971951423308,301.64122876515984
275.4121401439335,62.5019601554615
694.4955273530506,229.65469033939908
159.69788213323076,24.152168323351457
644.8600413770147,203.98160196033257
1320.091287110834,369.6507571184144
574.8187978719365,167.32805334562525
880.3808958383707,277.6745283530448
532.7201746278645,191.9719354018666
640.4914653771491,244.06477644818
251.0972581278653,62.81413391961541
376.70922119072156,104.91468835101237
462.992729896146,166.46927909295084
851.9608019349985,250.47864252064664
551.7447329787885,158.11123681469894
548.0124514209726,176.33354124465487
437.7169014252739,104.74730718869036
1008.1213736325287,354.5413423213605
448.35527078384257,154.5992252636146
555.6047640159179,173.9348829288949
945.0367782108898,278.42620925451627
516.6101335948026,195.4943384339804
880.5665762617696,306.08136338620915
419.2004655373148,89.11976293335016
852.9585563384642,238.6723169266554
896.8346086420453,291.4972239497829
1145.862176109306,388.1313313377807
585.140155466723,152.9802690785788
756.0584907279406,265.9192174824052
521.5924599516717,186.68241219154223
370.8668128532944,100.91407359144243
483.8799717186307,145.22372103624986
968.2035649941295,357.0503611154756
281.4458278440709,69.35290830542102
333.0964653947798,102.09677669083136
928.3501853398981,326.3472795792197
969.1155314143018,315.2776365117126
958.7263355871053,285.0177247586518
520.9132361516073,147.21756455416494
273.5119891716413,81.00827368279884
572.5909517607969,157.55321916944854
540.1514098901714,169.71472648244503
562.3766712437196,206.48934207833224
822.6655162737443,272.90986141932217
1232.8677773845952,582.9190631026985
597.5823975534886,238.87682352346135
309.95686142251935,74.11263034204266
560.4535784015812,158.3523954279325
249.223474552643,57.63480516848431
591.5509894883372,197.44745278449247
257.4646748951098,55.74445207089478
811.5053792156307,306.0243343668351
938.6424404871598,270.1309626438855
588.4511582176078,157.31749692243545
602.4606804383882,207.68947764639816
607.6169915048131,228.6575404335223
457.9635389204826,158.96416061151004
702.5670764285001,264.33646137728766
1532.6964109067262,502.01659576299545
569.7694802785684,312.37764326082356
684.3661917918506,235.56290940668043
934.52220581855,471.8946439067581
783.4289842311886,335.4132074502785
689.8412025376797,256.79369673036183
1027.5415320633406,340.5637409420529
775.2966944442969,275.78891439472415
356.0032608501862,80.21096281657196
461.35407032927964,125.26855840169246
898.5696553056433,290.8062329650772
845.2516490099435,288.3554363546075
1268.9151761363248,375.2815093795387
460.91578145229755,139.04248154292404
797.6525570476908,348.31875846399225
599.6280892799892,177.24596807811898
795.9838702266343,277.3720211405986
726.7412840332286,205.65995916291067
361.7786009173723,107.98693470501776
994.5661084623392,403.71313476406436
909.9358802331095,311.40062739928715
1201.5367620413213,403.6441801280451
1002.8797665215401,342.82749040462784
1209.6213984941419,432.43660428197813
766.4305453129875,311.7817744877361
564.5983910734373,166.18981626813823
330.8658889986022,114.58232065975366
636.0420311921584,177.40498707599957
336.98049852578816,85.45478967023267
507.6119843432955,104.38770624942661
497.9895634549877,173.87054349648432
1131.2402855202472,349.9501620773394
897.0458920941816,296.313245525681
155.90794545334433,27.679310623849045
704.3649802264081,204.15974314733467
777.487435953229,252.43805621957702
348.6850782486098,76.04816191126541
510.3138186900616,179.49762336199694
409.0905218339325,105.72521357793045
1296.4278818346547,369.47584624375355
258.9823008198811,48.33060570894038
1669.0274502840757,489.1728150498374
812.2737962312489,249.22492410757607
819.6198257953246,243.1499345392607
1088.683931370294,333.36105651576304
430.23706226501145,119.4615033057103
395.82738839413935,110.63426346655727
486.66926509379425,148.09934592875263
768.0107253311289,203.92307843127983
591.1988662178742,171.05388271754518
842.2490748398732,293.49600181325724
1154.8977773347517,400.797686446487
290.27448755630013,87.10427275141275
1302.4467329662366,387.656893214105
850.6613830504934,412.5590292189185
553.8269423616413,187.8917915673556
1378.1936821853658,527.6381701262903
945.6903630107544,319.35429808719886
201.65544223938653,28.476010486202863
407.53501916872796,92.08246254020582
528.3938699280811,188.1941370382108
670.3415880317989,175.91074582993843
640.8135954157725,221.91100499230004
256.08836809884315,51.42912626918911
649.6660616445733,179.6423464444649
1304.6085770184668,452.78228256413746
623.7911523777166,198.40062326676738
634.0979463194433,235.63670200025126
919.4545811405449,238.8622604813906
799.4706135942342,208.83495941226752
1066.389951180684,309.9750126945677
297.82532000654135,49.308045021243515
407.72031695928257,94.5061722539002
925.6879742572579,261.6332950450569
459.2755487482578,82.5464822570188
598.145483501432,158.68826894574826
1094.8510422749105,379.73386791921087
513.0271090914637,134.66261080502008
840.8013046043634,272.16213171618784
1000.4678318704384,357.5097477339622
1012.5387098179348,344.2316816444965
353.3917477815006,72.21043473529092
592.7794305424826,151.06937411452253
498.90804610790894,168.28972950629526
791.7415483523014,260.6790828904225
673.1738598321208,275.3615352058846
992.0045890347174,315.65413192441554
671.8433326754954,227.0955078009103
590.8107143194526,158.53091782282053
672.878137812988,190.90307089731647
425.9630528087866,111.96751298647922
781.6503570220932,251.62321436557212
705.094963518487,206.8718923333883
738.9572368992399,253.41685927554485
272.6856078917546,50.78992089227676
1084.4106078473928,336.3642866480868
167.45914884626768,39.87040325582592
896.9299231027536,288.3162061633304
511.9036861472629,188.924165040864
882.424017881925,358.8726394173606
1300.4627352289626,381.02699675644493
687.4130348969925,225.78704187299047
1163.935016664694,399.51201089903344
679.7000505726699,230.82596948511213
485.50375203272586,112.26497007695717
631.4415314843955,180.50252982971926
734.0556581542837,250.86251544823278
686.3057461237274,206.0274935810641
448.03767471693266,102.00766818095444
953.5912791610642,316.8156604255201
529.4479434474159,163.00192565521652
464.4594926002883,138.3109403274253
629.033355458871,192.60002425759873
872.0937044446454,263.9383660891802
554.9744867744517,132.33253260528474
661.9450455163748,194.21122847815195
381.7458097256375,144.99812861830014
578.0691383961705,159.14241223693327
443.88480588606376,151.92229517329554
671.6964546743243,209.57725383080998
746.4506164559643,260.945154757104
444.7982751505474,90.07167656632322
694.1025206589185,229.19142820660244
664.1032264595854,213.68098480894636
976.8423442317295,327.5106543945529
965.7868430869655,334.36191201185187
528.9749570578296,145.9664437056597
455.8905490489313,167.79760053915902
1012.1871690166953,300.50803257209435
192.21878375072743,32.85465684383321
320.946568274228,56.26790321137462
958.1748286400482,279.4653722245249
697.1192267838749,265.73615216607493
361.6560860444171,90.1601886589028
623.4204817545838,177.3754429838195
1234.730909427102,412.4414127754779
1213.5841406131935,361.0083943314088
464.8766525416496,80.38524751601409
735.4826054363521,261.157073349047
762.9197614415564,201.86855034098383
1302.9088679487852,445.484207672493
303.15660833358857,50.744227021749936
825.5754683266945,313.6900670873589
1245.3682593112844,420.82798624042135
188.14483933914948,39.110526373381404
640.4735422201333,210.14289858222665
986.6773906024653,229.01459203222166
316.7682050232297,90.87019241154721
466.3284077634132,100.37293666139159
683.1924438720457,172.08755373280977
451.3178941751635,115.5964072593236
938.3043979567311,255.48077878571613
916.398678031884,320.4965857418049
435.06362661379364,146.50041197934584
341.4335172212065,73.91264348556814
639.5783045146632,163.13558951792663
502.16455198831295,138.5394560602225
587.6788372899773,181.79687947200637
886.0990864547404,257.8348131896607
790.9920261452669,228.15757818632443
291.61175778197503,83.14316888225648
953.4992163474349,334.5059058370446
839.8017412760022,284.2298866188457
1237.3920205046302,373.6086548273978
1063.5700394597436,356.2752809423828
482.93746474860643,135.97022171890353
378.2314361521111,103.28853800528624
567.7093419843447,140.82091477156993
715.5621399481329,225.469752213533
497.2134054580251,138.71936499748304
632.344071913482,236.6332546975
667.1706230933988,319.05381674178125
815.0710720777547,271.69639647121517
817.5199527616844,231.22775313816814
1151.5072238489408,379.8411431826144
604.5329341716906,196.5629708296281
761.8916371569153,215.54558794924435
414.87961396756873,145.25517425270286
468.5236940950041,159.33026648857637
1128.9420112921168,438.8358499699364
582.6764540994727,178.90243377509688
612.2596517227917,184.63675576664664
491.7898641608621,129.2860456081351
789.5213326908532,212.22398116381098
335.2736730185769,88.32287995402419
532.2331264053735,159.7004984108248
512.5405330526934,148.57652363963658
400.26440326552023,93.34866073028532
1016.4378521491949,358.089955200389
686.3935144934779,163.8042664094482
212.38456248672335,41.54570138418231
661.039289286744,231.29887789756035
945.078679536713,299.86438225909495
693.6331362284116,253.17060272819094
901.8557646183863,272.68524966456874
781.823738908063,273.8437158407946
299.6309901920256,79.74905933255522
327.9857967723905,69.28247408382322
527.1267013767992,183.95111260888157
958.6438297707159,353.39288045440503
275.55811943692635,50.001225975035865
914.2733424859325,350.01124521888147
458.5033726333654,117.76679796696574
263.6300652657717,41.70432079716665
1195.0095877988265,451.09254996245824
813.2910771286029,236.60090153036745
655.0942906574676,189.89152705004776
596.9514384771394,189.26970679956707
1109.251093911572,356.38786909175883
1144.0622813781124,390.3258851372432
1368.602970479231,400.4152954788671
1158.5420126881604,349.97609425499576
807.4000536165919,350.602360566531
952.791685582513,255.1475121795015
755.4932097663991,159.54124342540302
751.6447741737463,205.885645398282
206.0918601188213,48.47813809148559
920.003083724287,280.05642069623315
786.8000301260965,267.99352027044563
336.5870187424077,104.00066202005048
608.792690310998,154.22586043521542
450.71301384899743,125.08574220222073
371.705170896352,129.06812874798024
716.0692457870712,213.8434038295373
796.9998265726801,256.0986623497085
1032.4523748905729,367.03787968243745
907.2798508348831,275.59723629651637
881.9442282181906,256.60240245080524
325.59034768423146,101.3470931481026
1031.4303635107901,340.5658281461646
309.91438817612124,98.8981975009583
427.19387133753105,75.5176695202189
1266.243087304775,413.79304748113765
481.48203365046777,177.8492896795599
824.6455576509006,281.36575285463795
625.0330599930439,203.12890593413528
685.9550410109639,237.67281475871133
1279.8228587130989,411.6601386767269
861.9393875141373,432.35186592528726
832.3727431772916,282.1476700634422
904.4660443514906,329.6410126388056
1210.3949001724668,391.27272191081136
1069.596779623999,323.5973714974076
517.9818338079622,104.08136889982357
348.07987133252215,87.3201684253809
645.0803130714335,215.61139354557037
1049.783192806035,329.9464999143826
692.1282175998467,163.73919358278468
444.33138508875214,94.01781860691072
519.9607238439312,182.41806937532004
653.7735604784881,213.6574476851698
529.3564980851597,191.59284872040703
680.6297606730313,228.90424006168777
480.1250256195525,134.96583267910674
908.8262430576353,289.69801982618753
656.4438930856481,204.4528755471123
789.7137730454484,230.05196511865583
308.7904591886713,82.2559171072853
829.7817978044179,260.1936387225587
646.4536500892373,198.74692206426246
569.0232498643237,196.50889379237532
1208.5264903182174,433.9360266664124
412.96933618573064,88.04316817587802
970.3559157371063,322.399878996058
101.95963617685703,6.761584023525274
378.77819704075984,105.27754470703366
404.19083225918877,97.11086434631734
331.13233505273837,81.45250491209462
1108.3463356350442,392.70567295892397
924.701159782356,317.7224152379011
771.773594227555,209.29003654079156
881.5003766957021,276.2316306128379
735.3022969589321,263.63307745823647
992.6335086650871,347.97800987238037
854.634466879231,238.17078543576324
688.3468652030945,250.1436957529003
666.9718036581316,197.79465108546918
1194.8702271328611,346.8351480702612
535.4426630867334,137.620654662258
369.45995731193943,121.391458360837
811.1411963846385,312.61773430942816
307.77806060834047,77.22648170152688
1328.387645134609,608.7163962771278
409.776110233173,117.86895194007117
573.0304351169945,194.69562537339777
376.75738163621077,88.29490984347261
397.9457342799682,106.17968044571498
861.1665834337903,296.5921132759077
613.0098370803414,185.05791823371945
611.7483145082826,173.17447682054504
339.73884469882466,70.401070438607
433.70689566354645,90.25042800220446
402.7951334351438,113.01616734594793
789.7455265734634,204.2601079249822
821.6074482657272,254.21186484383978
303.01611009451545,69.01876047603992
750.2540967824161,189.58874991940988
1154.4646287322992,397.2103982871887
610.2652603608483,264.15314417476395
786.4810786826407,228.05684473912672
796.1834864279815,273.1009970482519
939.4490657409963,285.9100703499688
641.6523614368649,152.77095338438048
672.6158411141824,313.9310608094042
433.0213699279443,145.13144040337122
426.07332540345254,129.0262863227087
1195.7240696604003,426.8848505884337
140.20353678484443,30.197363517805044
599.678599332881,168.02638799704675
204.37025975166335,46.359143016993336
488.3012924923965,128.84161631124235
614.9743489132313,176.04191800002647
510.13497211825694,154.99835899466112
584.8579215216296,173.53553310197162
519.5788856314964,139.21233740638132
334.27419655053177,76.2297895964871
613.5675286911078,218.9895583711026
814.8745848767153,291.3917756932882
231.63894488199355,36.57361772608248
372.7994248692377,106.60508791252289
765.8583542850942,156.391806328639
522.4781950211475,130.83161821030288
759.3925046741683,224.69142593907148
682.9336147607698,200.91141098943194
757.7463883175049,268.76140226205814
426.3963192569942,135.47601433045986
476.89328260712455,136.57892229809642
687.120737034144,190.24023209509878
946.4097619005489,307.9588350164466
477.16321226706754,116.00536658084745
608.3136840647558,197.31314870936427
882.570053019054,320.0942901067735
919.6018173351348,291.7005206737544
774.132672287039,232.91093768205124
1041.856759272946,375.1524144825821
847.025593811409,276.025246081628
802.7565846747491,305.8466540673285
785.938891495866,255.19930620769756
675.5233719768731,215.1464015638214
691.7829482526486,201.61313014316704
920.0874542310374,302.4839941090091
688.7783193389778,216.82492316641384
365.09659480396925,102.99519232728329
483.3226468177919,169.05788029436502
848.3175166970044,235.43818504637227
841.4228289511221,304.2280582044257
483.1482180621603,139.56348226928844
482.33244067692203,140.43146566709456
409.4767034476803,138.82790610883308
591.041959739702,211.77452640555944
629.3661847399376,217.02418515681137
386.39665966918335,73.99776344140027
313.72322423593994,78.62467391706367
846.7578511071422,305.97840807470357
175.98910561053586,24.609861042592716
594.6415536544619,181.98964497128546
686.8318159606334,247.54131357003723
989.6043888656166,313.7571471740813
416.2731399356504,98.52952857555161
692.0121563298899,173.79440614757488
561.2536183597401,162.56775082306967
504.87657562620177,154.8235227682697
858.4542780051611,275.8474144837341
99.42573666929802,30.69580299580789
609.5628465181405,161.1222568483561
617.8120303846264,181.05334237778047
611.8683265339134,164.96418795447858
788.6685367540579,215.51370252272326
476.53201116639536,177.20488290730432
973.0261656564608,283.35358096443235
749.7655004552187,240.60301046020393
377.893251913471,130.02837307754015
375.4629148991669,86.17390611684652
825.0430807118466,281.38710480865427
861.4849707233848,251.27979168599012
826.1972980691792,285.05034941506295
1122.5817897308655,373.8784365691031
718.4151180760639,224.27956022798932
851.3700661240911,242.35984877765586
523.0477059146381,190.65669210913194
1024.9668774308168,292.57774276119505
551.2295762283534,157.9980747900808
784.9492420774858,291.4837860627885
221.9815288341811,44.10633235659685
1004.1594356662473,356.28943726143103
191.11356382797769,50.13783787030266
647.2788751377147,159.81305079509883
968.1286237659771,301.8693266952027
919.156830727815,303.6069278947013
628.5682255895413,198.5326391458593
921.252585781302,265.9044281956792
1034.8592998795693,360.6060474574064
815.4251867578326,192.38439020283403
754.6823318256598,216.77781196936434
814.3528511144672,252.13193349801315
289.77318658385457,92.33281865040323
664.6217137891731,146.64572226965106
287.1849802772032,65.19989654587457
477.06566465547917,129.7027503979285
586.1661242069872,199.818740731181
830.8422274749893,278.66444049739687
538.7135234625409,163.8307750797437
744.5676478543105,235.36526615308088
1561.436456895187,468.48231431146706
264.437035423712,44.73684180465914
1685.7811454839175,518.6854204088071
583.1085982729741,175.90182318171455
784.5234160147429,273.0324575816703
1107.2388397192883,341.2014617318246
388.0988984464552,102.07266093177755
1203.403513157822,380.1344548992467
586.7894222845978,174.11018311702924
944.6138429526436,311.6745215123752
657.2249969942299,195.40452429574682
489.7104280576185,125.56842033537258
233.31291990019864,74.69885896766195
666.5550423311836,152.78209002865896
683.5390784572838,250.12685961972875
874.936027863682,313.00996748591945
595.8081987500054,152.3378064852177
683.688512071164,200.863948221089
1015.1645244744909,355.38742093725216
1103.4585828698262,389.0444845203167
693.36867642276,302.8410036200044
1401.5745531387722,405.3290831205551
559.7874420642295,157.03297498885019
439.98253723240646,143.26225457464037
686.2306864762032,254.74268425086237
1001.8312548498392,321.29187289546906
607.5636062332393,161.92443372541433
1058.6122801113002,316.0254328867164
875.0410755971873,274.4291124446133
317.8573573798508,87.54433324005434
673.6105819916553,189.54317439941696
375.1912113541093,129.65606799111865
753.2767712789129,211.73964898690153
780.9333015948768,242.67792276496206
985.7340437813876,348.5829127623539
630.2656968101894,189.24218966652967
629.0276698453716,196.5051868289422
290.1591568438881,79.31525900361484
328.58372226669115,106.50462401148575
465.6468640213127,101.93128716344498
1114.2843427171824,333.82775247443163
902.8252201531069,355.00286077338455
676.0060079313859,227.2426104342008
920.264744330185,284.8990362530382
1254.413113084924,400.57149201343384
1195.3714589007159,331.5754350466521
514.7995577468333,130.62071667939406
715.7245461712446,235.43207788746048
485.8217894334342,144.17743501228122
1031.339658208256,303.515915564606
1050.9015708274464,379.30960352720246
1057.8521067119596,351.1724876222628
371.81756788505726,84.4819448154523
891.2240438576316,280.7245715356113
507.11228523946323,134.25438767922827
602.2323974529063,146.73750176693986
1035.812720638909,313.0610309277762
490.7905942412719,113.64911788863498
882.0423126476501,257.855440952947
398.46920825565115,121.85707946719994
387.95694396946794,119.49500384368827
1026.9400092939554,329.67505486782017
914.345092660705,268.0874855656677
1236.3173890016692,416.14161743534464
1074.2784531394602,350.71584392858165
568.95484388359,206.72615661727377
396.6221784610846,64.68631977057082
818.035122600525,231.03015272232258
459.44602740921346,147.97627491639233
400.78215351554593,98.00897664455576
1080.4421116259866,329.8575139603034
852.0395763980102,303.0613389588774
707.0204491426448,283.7617679193455
839.6288816865133,287.06089531967706
647.6760813673193,256.0113546221299
422.79958407882964,140.90524715669474
886.5695166072368,224.14583303400858
656.6174167832426,180.72044358201802
532.3188307326302,155.07971718933834
1035.0691810957042,332.94634380311476
215.91493020593197,31.193821304881034
1833.1033735830579,492.15134397177184
622.3576078786481,197.61519786536556
1092.5090202052631,322.712427021553
611.3048672400594,178.3504797418934
600.8504709617982,199.26375739753362
462.0334477077379,142.5331556283754
1036.3478948715842,406.00464229620985
824.3689644741014,257.0042419467292
807.7046790858845,291.62265611560656
288.2583503117545,59.83030254689
385.38777865777996,129.1233614456661
797.8899141752379,247.97313087831296
453.7197084378996,165.80682530514636
487.01528384854356,120.34322138308123
509.88490122733555,131.7475886625891
993.1533906787365,397.2325986600066
997.8444687050174,306.96295409928615
1170.0708778571095,345.72278834907905
631.4698024526211,190.02168233436572
439.4392945882612,109.9142336836484
1195.68129444838,346.10742507463493
425.0247598491792,133.7834245224505
790.0502268042553,340.55933545583724
362.26369819817023,80.6920740559207
617.8787443220598,188.26367008010226
396.422108537888,81.90076124045635
87.9805657539975,16.451040340171257
729.6234981329608,235.72570067837216
238.66995492767828,59.503154005091154
668.1393423662424,216.21254398362672
722.9583236540432,265.74109640101534
438.0219588986696,119.35998884681429
816.89651892638,303.60265311626114
1145.2556868709557,346.1758553067586
577.0575119490354,173.99308481861237
405.3828103448342,133.0608043430967
893.1447358058872,335.8804379720907
998.1881490239257,379.90128541739574
620.8595634094547,186.0153291240009
911.862516810017,347.5328558630479
255.9105336126383,68.1124907823107
812.4773498332904,247.21159078669692
874.0287404912127,314.69996422890125
354.66490214848943,76.93534473550042
240.8855434116348,47.70356630145559
1094.1509940746575,328.55082215394765
487.5247196591183,193.83542098870606
809.6932948173123,241.78590795115494
1139.7240068615783,412.53163678097957
501.98342622993994,125.63068637189787
491.41151303042767,143.82499592848512
897.2169739347978,283.81993461511456
754.3800061281653,190.84287317174073
442.62835164298673,116.71486923984106
924.5043113120792,313.82633310569855
360.9488024558963,69.55744108393786
618.8490702804029,176.21930882790625
573.5960816477974,208.06906401741708
1047.8951321745483,342.92959803530977
768.0230434790218,188.54883362846613
890.602789474729,321.55330354598556
1503.5791330164332,507.62746036878275
967.0364127465383,330.97750730809577
205.76209246959283,40.77971159484344
898.3521756826617,283.59148745929883
931.906948598805,324.55957619984355
527.4190579900032,130.6722477285178
854.2288464583896,305.3187572754172
718.5354146339099,241.9519480937076
738.4047283621179,174.66102724663017
448.44355530485416,140.51102378762798
708.7512502222417,164.29920811854996
929.7681606588058,269.510628273085
588.8440353794238,195.7987863282288
679.2290356047536,222.18474885187305
660.8013553695113,160.22848860476446
953.2490404793917,278.55110199806103
410.1037698411172,83.86588380106792
999.7356901628275,332.14343577219273
864.1304409752079,279.2095388091644
695.3360686037236,270.96440751552643
432.6046379041445,91.3713294629962
959.1673640679617,333.31236750545423
680.0952832134641,217.7747866836612
855.8724296559179,290.45857584624974
479.685577886732,142.27745111980119
995.7371817114526,297.75268404201654
384.89640309524935,89.05183101773602
160.01610334890663,26.556215337122815
1192.7471864676313,378.7255485358692
812.5467401977642,271.9179993444763
561.2019997013979,212.83235701647448
565.6027668909112,161.0768705186325
412.4367089680932,136.68299558391422
554.3965613871883,142.85804696926203
580.8283522956776,138.37756902384362
699.6136382452098,238.51747689572346
1186.5553900705258,365.08765681409994
750.8021307945171,231.2867507777173
762.908037611257,225.36073165135141
879.99912067381,307.62345996297546
588.8811894682872,151.9225448916824
262.6755898967389,64.1978860432142
442.4862974509021,158.56973018521722
1043.4161340167639,364.25294539372203
410.16143092894885,93.38234690231415
503.67475566745964,143.7893780514307
1101.202397177825,385.8036461761644
742.4073612647651,197.77698639717522
1403.8574146740007,445.99349001278193
748.4737569154563,268.0604683820617
699.1206445145875,176.46539190750326
499.45016046616723,169.5837892543868
724.4663373673045,217.53908793696192
776.0009945600639,251.24403244892454
617.0386662646764,187.45731167583313
725.5268537353252,215.36756527110697
581.7362007730135,171.52892451580806
851.6924328850921,204.31687926370944
833.3042319920012,274.93427188106983
941.9805854670891,296.477529630572
466.48118749163086,94.58862557776402
945.6473903058168,309.03676144514407
981.9303561435261,320.69095333364663
723.1519574229367,214.5522593970168
570.0727767233586,208.37228880625838
642.0756674883588,148.89155207546756
735.1758185578233,253.85277587683476
1034.6262874978652,319.35708353198896
861.8058412262828,231.19691385180192
715.6920521578304,227.82761307286592
697.49194990065,167.55088602210265
708.996344536721,188.4847340588948
632.8906010005572,122.31362235914517
753.3900118216252,267.12125850698425
548.2991220745914,187.01586643086296
157.27542474349272,10.136983572632916
1307.7657742073886,455.50187329457674
963.0131144427711,333.117389287423
366.4020760540409,94.6345193030573
843.2272063546886,355.6957278894153
1066.0657511067707,314.6524949664121
496.67919974396233,152.63483826214286
679.0682391043202,206.65136651093667
937.2232449210295,350.7795146335941
57.95283838356389,17.62254712224863
692.8817308442619,252.37992769986403
857.3317301228589,250.85535266087058
1085.986142061326,356.41980904904085
815.5511895794151,310.35865328708246
373.9209620054714,111.54327011702793
561.3810133054193,136.8253916357019
1217.8755066287208,381.6826950890674
1084.8594408875629,316.49300924968355
966.2377766377529,367.61162953362197
146.12647015236834,42.22420535850992
663.6156710942156,194.47885984416163
765.0210776605927,266.6377129765234
317.36476865294304,82.77422094106416
348.52738492084035,70.56317638101055
626.2367445343305,179.1945396609693
956.971287727388,276.32691529314724
942.0815765259413,314.96184408556513
890.1468107812678,290.5035746143588
722.6142361098912,265.11111071546975
568.2480786726264,215.97330289870894
844.0616669516692,418.7078007882935
374.7388145335214,128.1894470927362
465.7964571775168,161.7613589058209
770.0500427463585,299.7019586668155
776.68240570674,276.6326978262748
855.9258179031315,302.9885868490789
826.1607796283037,214.8593308992883
488.24074370973653,119.83345861513276
203.59797783967602,67.75384471347898
1253.0150289272237,362.0029287106743
658.6787429177577,181.58388403546596
518.0925210921685,116.37422521479922
1071.6708786140146,337.92671385185054
633.9558151047339,222.75184757916793
1177.3995716690172,376.73310259185155
769.0062422329687,205.56520946632392
624.5393904376482,185.96602812433065
738.8517096551288,184.7877281652817
949.0527530849589,279.3870021869409
463.4723467980512,123.71623529904218
1235.4955766167473,374.6249809307938
192.1543785261501,40.449576306820646
1018.4250698930508,303.2130586829456
518.5307698823566,123.98952794222173
625.8501931534964,305.34767790174226
268.94263221851,58.61810007356738
576.6838120116429,145.87497951820666
474.4211096914375,136.7220200925796
539.8660161809775,156.41137079350048
660.6002690391423,236.6203078866218
649.0332971018797,196.28578573759972
493.01415943092024,116.22552128651878
416.9301742503807,140.1188320926499
1063.6426340500996,333.3024540226623
781.0423173626504,243.44600075565717
768.8028531250754,226.6494494575751
643.3037141017052,176.17088274881482
375.0079561347232,83.622753511999
872.2761734990108,322.3625268839103
1074.705138782413,354.0560853231818
484.8127723609298,159.69083067013713
312.9436592717843,73.98426690450638
361.00327389301015,102.4590339961702
466.3925982351396,129.045271538743
897.9330153730766,315.9820188644997
899.767781039186,403.4563103369781
841.3825504341053,241.1852137922258
878.2026774513407,299.39347667716567
360.61680687533516,65.8875787727718
391.54862620736185,101.2809448945657
459.8947155979522,125.02917681507316
811.7066085847343,210.8756189542582
1074.8501647428575,313.0013798896116
521.770346639182,111.23107753095104
758.671131540181,255.22946529826754
830.0474725043157,229.7190388950819
887.0011018791377,274.7576735415688
919.2468195120531,334.7442309892887
709.4036530404278,203.58037668749452
333.4695725931981,102.32307346798164
1305.0795526148454,466.1498390060622
773.6478183902368,220.62387311794785
1244.5297321834387,351.3222421735639
760.1806585475633,281.74142342602863
357.2303289942601,75.9944619358406
517.5103856224226,123.35488605035296
561.1538264296642,200.6960633725554
719.6313546700226,242.53496684113387
244.04659169596928,63.713836719798294
944.5991585779034,327.8910031036487
1039.241902150683,308.5144653246282
473.5724592192285,120.49842290577888
828.6512168464626,267.7760936705756
643.9097839038091,139.29912293564308
979.4161537132279,290.8786315988213
1005.4335349032606,335.56026565435883
818.5081784469464,266.25144699320356
725.6862073040886,279.85164130491114
870.2949891226226,247.02190026928565
1196.4029043073833,372.54732101848595
612.0250937712083,174.37458930785462
485.10666776752174,146.15899414291616
860.8768594378234,270.8736698520999
514.8153890424353,141.34419933632424
881.128972205299,224.2812773818371
704.6135666161854,234.83812548411848
549.0597534378193,161.19670652455892
822.2694192874008,276.3553624940689
1159.0252962331301,395.7052518010397
879.2963080474027,252.4586886912687
608.0407408418528,189.6260968495413
1182.7440967114717,395.1644596531896
560.8125260879887,113.4193506639324
551.0173904912369,182.50714428224654
349.9896901235723,107.47854513461758
761.2550620937842,252.43046094741533
1246.7285004840833,410.15548506373307
1082.206285772674,358.0072734614272
763.725893275086,252.71177678849827
157.67707469554634,30.767484548566586
901.604129736133,300.83646664605715
557.5788169271497,170.46894840222842
453.6879551251312,118.98297762378736
770.8384124211217,205.82572814353247
464.00427336868586,157.7974969477726
553.5251033317222,192.9569874275495
495.1799929099059,160.79152519979286
588.0662099567526,157.97836985260076
818.5598716108752,302.76278404546866
783.7542378708712,299.41025952351225
400.281292156966,90.70239426423002
586.7743138297243,184.58179417201208
693.8725601738585,195.11710265033034
890.7761307078899,232.25283890320338
644.8879980169926,206.81329481651437
1053.3238596503868,463.9147824696204
1032.251848897187,338.5112569794508
765.398228192241,253.20857185099288
683.8244387969801,193.1177169013544
979.8180461251793,336.4082831478325
700.4141557924634,188.22913380781682
627.3527489844794,195.84271767845817
677.8744788287831,259.33794197499867
961.8844728437336,429.86755814181294
415.2026603256369,113.50154259871904
961.6464301658084,310.84576909406246
546.9678240699764,147.4295940769506
989.1599890241148,366.01021544565566
726.0130987389358,236.182568178787
297.8649638932669,74.36901645152122
637.9376813369199,295.2533376461617
385.0872722731025,95.9374824567779
972.1969572165987,299.7863574409449
509.64564990670584,180.80328947283905
1036.7545118709158,313.51516901406114
748.6380218500411,250.59635137422262
596.0090088637203,211.85975720650475
379.7541632467534,120.64679562181605
626.5076862612442,188.13549527604266
727.2506280612108,313.0978990828801
474.69450331763085,118.41940015357746
377.85776455545675,110.50842070033035
880.656057475183,313.1515422355363
811.3233668102625,243.199914089391
330.6594627907322,125.82315164807163
921.6018289001736,283.13044373542226
692.6505005301551,179.22993246620283
300.2278989309375,97.35825940310941
1056.319705248306,311.2361175177726
760.7797161805637,203.95630148155806
873.2856395196457,406.5962264788073
512.5576324485842,156.29629782828857
800.6147914645112,301.4622824533626
334.0833047845563,78.84027929455885
730.1723554916585,217.26350735170016
1055.0185762743708,354.560936534122
677.8243492856847,156.6446821937194
779.021677736222,283.67276066972045
711.138880481722,211.93001607148753
565.0417689594531,169.11056570362655
608.641325508086,214.0156492239705
972.7275997089802,311.0730886144058
582.8475838981241,164.53951140305927
800.1077493260939,318.793238998132
1408.9224592355358,433.8540889659756
1061.7809002205072,398.5537886749144
616.8169763617046,217.1712940819652
756.8396704694612,241.61114955334975
446.2535796671533,114.51256337091877
455.14156223115526,103.68369747048116
975.8267967664428,402.0694316690891
490.1210062241227,121.43548009463302
343.12805819799735,115.46410617479802
1144.7949366651728,467.6350336195449
624.6402146022773,210.1321383543334
312.35408878766003,67.92089711613104
754.7842972152034,257.9660706754227
379.81946716025624,95.57700040080807
778.017117440493,196.97923243210354
567.4645872226454,171.79624368868727
710.3194807688966,255.3218827261588
797.3197805242047,257.84822839752417
706.1612105870554,181.8147102635995
351.0438364511848,71.64700334095548
846.5881952734783,259.25925018119676
369.98161888477733,80.01452153111472
1297.9208461717146,384.969422085362
126.8318537671977,8.797784269695937
375.5362642330013,71.5895705103848
984.4606935097347,328.64943621479927
514.2262450189999,146.64896439620068
969.041172052338,391.0745990226113
851.5902338327419,285.09079694649745
1635.4674544970583,746.0278184869114
1335.7543738577294,451.860508176264
109.49200922946898,17.16559575076244
814.8642524723738,234.83087968959276
448.7614125280829,133.90710976703417
700.2314214449443,254.23119868086778
806.0887274566267,293.8507460964163
890.9842516212242,226.8988703446492
324.66649428972676,89.16525645345415
441.6293581911822,143.6318447500292
930.6269958939179,296.14459776228364
308.4009489992821,85.44880422522246
287.7435915603998,50.870064093469836
1488.5515606938475,508.95555211543734
913.3148574839056,282.28425209665284
495.0791096188342,173.7753585147042
48.60974970852064,3.465807221174772
360.92725669845447,95.51552392459415
564.3697188480974,165.30504428680027
346.2583754576484,82.32703001714223
946.8370486035906,293.5129724475174
538.0955655807556,271.7764163984291
645.2525140939256,174.0097056646177
1150.5759020473615,376.86384169032226
730.9204547337508,284.14491127442096
826.2373033254817,285.8718513010766
673.2624215249563,169.52881025491965
493.3573789893616,168.04063446943974
379.44094343312247,106.30598253475
602.1194459652653,222.82037563240908
1147.8297888122943,340.94188472767075
938.9726630517623,305.72969285474426
568.5255975285971,160.4622319736985
439.0393382722127,155.20879451586956
364.4607828017441,83.4521074039509
590.8154894589194,282.81860211513447
754.2297633614282,205.7783699290413
743.9599795422632,275.5908633220382
1150.3495697402582,411.86501665972855
472.33977576597465,114.92698472226091
685.4128019482047,206.297531114998
881.8892615828611,250.35689860967113
1101.373744359019,437.4916389096297
858.8863628380292,292.7268754279871
700.5946058396428,138.32114052715121
546.762516130664,159.9659283500422
1066.4899480166996,352.214377932535
693.647059313423,214.2815048148843
1070.948037676228,378.19653580369567
970.8003409727421,283.6337503329498
1532.4333098562088,519.2642129735337
705.6110671474269,189.31063691863628
579.5260765122661,194.98268689175694
610.7688612156799,178.19975976229796
1200.4675639911056,367.99217816686735
636.3004061364306,162.13063153618236
373.1174287571109,99.81609154823408
471.59700488617193,131.40590901713637
542.0867835468326,159.11821897566423
505.1452379347724,169.86836711046115
478.3008382467938,147.1647416517624
247.09872018213244,45.33817005617283
565.8942198449329,199.0133888059432
465.9961880997341,145.1349664822129
715.8278513620642,398.1821958636113
380.03488530325296,79.90028083121285
554.2252296033954,165.73787034561897
813.9141411687494,228.46640370808703
625.6979802925061,173.69212718509445
814.1993545742789,262.72632043755164
865.815625931076,343.6239041237063
331.1678732027879,86.21988098051474
950.5943057957777,247.78711285810985
861.209482804609,251.96180037137862
906.3093658884297,306.4291380643985
1306.721337099228,366.23282405071546
779.8079064978685,219.58689619386192
771.6059793764292,253.54020855635918
362.09584223961656,107.86036016069848
1252.2400964658402,404.52206266717934
525.0425820112548,132.06845310118618
833.0004790795056,277.5130823726241
623.0495735365772,161.27833293940745
138.71975117097804,34.59642929716184
1000.3392526315743,380.3301306577975
297.29720457713995,140.25461635952624
475.7627661718856,178.07329199244492
990.0572704579537,340.5044453679349
522.9286636638249,142.86372270333868
690.0615812486034,192.6215247056569
904.7330015599763,317.93299827305265
586.8298784440931,173.99976956260375
286.5035627778951,71.61925447976725
84.54060335285708,16.965628966460883
634.3969642501622,171.69066312446725
568.19866602466,163.6767644324491
1126.5348284105612,371.5945555339769
718.8564097585361,212.16597320437901
241.09874517388351,61.343050728301364
,
